t,rpm,Mx,My,Mz,Fx,Fy,Fz
-1.37845e-12,5.78991,44940.1,1221.26,21890.0,2257.26,-108.153,-5152.47
0.1,5.75741,44993.9,1757.4,24066.7,2308.15,-145.514,-5145.15
0.2,5.74426,45046.1,3630.38,23242.8,2330.93,-110.572,-5014.98
0.3,5.75045,45117.5,4954.75,20456.6,2402.31,-54.3587,-4853.68
0.4,5.78001,45167.1,3834.08,18423.6,2475.91,-10.9196,-4878.39
0.5,5.80237,45098.9,513.449,18900.7,2510.73,-23.2991,-5062.02
0.6,5.79994,45034.6,-2837.61,19626.7,2499.12,-128.639,-5152.7
0.7,5.80713,45127.9,-3861.44,18755.9,2447.06,-136.832,-5125.68
0.8,5.84533,45186.5,-4219.79,16609.4,2375.84,12.3953,-5076.95
0.9,5.90326,45255.6,-5855.75,15168.2,2367.87,140.155,-5070.56
1.0,5.96557,45216.0,-8991.14,17033.7,2380.62,101.507,-5048.47
1.1,5.98145,45017.6,-12374.7,23005.5,2416.51,-45.0231,-4980.33
1.2,5.93389,44872.4,-15468.5,28690.8,2431.76,-239.502,-4927.75
1.3,5.87904,44943.1,-16539.8,30794.4,2421.56,-301.409,-4976.59
1.4,5.86208,45070.3,-16593.9,29791.7,2431.41,-164.982,-5013.51
1.5,5.88103,45158.7,-16640.6,28568.1,2415.53,10.8514,-5001.83
1.6,5.91036,45144.4,-17983.6,30037.9,2424.61,24.8495,-5050.85
1.7,5.9069,44995.1,-20153.6,34362.6,2443.62,-107.953,-5163.08
1.8,5.87008,44944.4,-21187.4,37606.8,2432.29,-258.169,-5210.84
1.9,5.85402,45071.2,-21780.1,37790.1,2419.64,-233.163,-5111.06
2.0,5.88287,45192.6,-22374.8,35436.9,2442.82,-129.133,-5051.53
2.1,5.93712,45251.2,-24432.8,32985.3,2481.33,-72.4975,-5100.23
2.2,5.98921,45167.0,-24474.7,32535.1,2506.98,-143.392,-5200.61
2.3,5.99148,44860.4,-22133.5,32946.3,2514.78,-268.815,-5138.56
2.4,5.9742,44658.8,-16456.7,31846.7,2498.04,-298.229,-5052.07
2.5,5.9754,44689.5,-12914.3,27637.5,2468.59,-247.019,-4997.31
2.6,6.00708,44869.8,-13003.2,22412.6,2450.83,-103.52,-4989.5
2.7,6.05512,44897.4,-13763.8,18161.3,2504.57,-58.1499,-5023.16
2.8,6.07442,44637.1,-13743.8,16324.5,2533.29,-126.336,-4996.65
2.9,6.04156,44309.9,-12939.4,15769.5,2536.84,-235.253,-4980.75
3.0,5.98933,44233.3,-11545.7,15335.8,2494.7,-243.798,-5066.8
3.1,5.96316,44446.7,-9729.25,14257.4,2477.44,-188.764,-5160.54
3.2,5.98412,44719.5,-7092.95,13484.0,2447.41,-132.178,-5129.42
3.3,6.02011,44745.5,-4587.78,14837.8,2411.19,-99.1193,-5015.23
3.4,6.03049,44473.8,-3785.3,18255.2,2397.74,-136.809,-4941.94
3.5,6.01359,44213.6,-4454.89,22084.8,2379.61,-223.219,-4938.79
3.6,6.00112,44170.7,-4152.28,24060.8,2330.44,-289.944,-4920.1
3.7,6.0298,44350.5,-2825.12,23342.3,2341.87,-285.495,-4852.11
3.8,6.08155,44429.6,-1831.27,19675.9,2334.68,-253.697,-4846.11
3.9,6.13525,44301.7,-2759.15,15432.0,2365.19,-162.582,-4970.27
4.0,6.1474,43934.8,-3251.04,11816.8,2332.43,-111.659,-5105.43
4.1,6.12694,43696.7,-1156.67,9180.26,2265.85,-108.204,-5110.33
4.2,6.1228,43740.0,2100.05,8089.31,2222.55,-86.5117,-5011.36
4.3,6.15188,43885.2,3024.38,9076.81,2210.17,-33.851,-4956.29
4.4,6.18126,43837.9,1490.38,10740.3,2209.28,-93.27,-4988.86
4.5,6.18544,43615.8,-2184.7,13447.8,2260.31,-163.335,-4970.45
4.6,6.13607,43293.7,-5079.83,15746.5,2250.49,-229.419,-4922.49
4.7,6.0721,43291.5,-6314.16,16648.5,2210.43,-233.742,-4951.66
4.8,6.05705,43610.9,-7463.67,17852.7,2178.09,-135.462,-5043.23
4.9,6.08596,43879.4,-9224.22,21157.7,2159.8,-16.938,-5156.3
5.0,6.12866,43892.6,-11145.4,26315.4,2197.9,-25.8035,-5262.93
5.1,6.14342,43616.9,-12679.1,32430.7,2232.15,-85.0261,-5303.75
5.2,6.10897,43285.8,-12466.4,35577.0,2238.33,-180.775,-5277.7
5.3,6.07206,43315.5,-10920.1,33732.3,2212.06,-188.161,-5181.63
5.4,6.08552,43623.1,-9755.31,28415.4,2174.69,-106.909,-5050.34
5.5,6.14126,43879.3,-7586.86,23194.2,2158.53,-15.6004,-5027.4
5.6,6.21015,43828.2,-6184.8,20347.0,2173.16,-36.2052,-5028.25
5.7,6.23717,43443.2,-3306.61,20411.5,2178.71,-103.629,-5060.38
5.8,6.19999,43032.9,373.604,20628.2,2161.2,-128.464,-5080.23
5.9,6.14481,42982.3,4212.11,18250.4,2110.22,-72.1009,-5076.84
6.0,6.1236,43260.1,5684.85,13663.9,2064.01,48.2293,-5006.36
6.1,6.14076,43551.5,5956.49,9253.9,2067.05,129.812,-4976.21
6.2,6.16551,43592.2,4515.37,8284.76,2094.82,129.935,-4959.24
6.3,6.15528,43338.6,2073.95,11162.1,2172.94,-22.8824,-4966.32
6.4,6.1097,43140.9,-844.158,15453.0,2249.89,-205.096,-5009.23
6.5,6.06592,43188.6,-2804.96,17753.7,2267.41,-270.024,-5075.31
6.6,6.05479,43453.3,-3537.11,16557.8,2224.54,-173.954,-5062.28
6.7,6.09047,43777.0,-1964.44,13828.5,2192.31,24.684,-5011.03
6.8,6.1456,43798.3,-1373.62,12841.3,2161.76,130.925,-4934.61
6.9,6.17043,43546.3,-1779.81,15330.1,2136.27,78.756,-4969.05
7.0,6.1547,43257.8,-2049.05,19034.8,2081.56,-72.9958,-5041.39
7.1,6.13154,43216.9,-466.166,20752.5,2073.89,-166.269,-5041.72
7.2,6.12927,43387.6,2513.12,18607.2,2059.95,-136.407,-4980.99
7.3,6.16004,43608.6,4861.41,14385.7,2104.83,-26.9435,-4970.9
7.4,6.19881,43617.9,4558.18,12123.2,2155.94,45.5235,-5003.12
7.5,6.20188,43374.7,3012.26,14544.7,2132.79,26.6938,-5047.14
7.6,6.16696,43162.5,1373.68,20288.6,2102.03,-110.738,-5036.13
7.7,6.12631,43163.0,-677.699,25807.8,2047.62,-225.484,-4986.58
7.8,6.10813,43379.2,-3332.2,28141.3,2028.51,-194.208,-5011.38
7.9,6.10613,43534.4,-6929.15,26189.3,2001.11,-116.074,-5069.14
8.0,6.10153,43559.9,-10064.0,23082.4,2007.44,-22.2803,-5106.65
8.1,6.07749,43472.5,-11932.2,22074.0,2038.27,13.1299,-5098.94
8.2,6.0525,43480.4,-12778.3,24067.1,2072.8,-61.1315,-5131.8
8.3,6.04781,43629.1,-13483.7,27401.3,2087.7,-171.057,-5179.89
8.4,6.07436,43799.0,-12939.0,29874.9,2090.13,-199.411,-5178.73
8.5,6.10052,43799.1,-11140.2,28523.9,2084.28,-212.615,-5075.48
8.6,6.12106,43748.2,-9773.55,24887.3,2084.44,-123.766,-4934.72
8.7,6.12551,43610.1,-10804.4,21264.7,2090.87,-61.2007,-4898.12
8.8,6.1199,43579.9,-11189.5,19733.2,2071.52,-83.914,-5042.76
8.9,6.13049,43663.8,-9802.88,20614.7,2058.32,-180.613,-5146.41
9.0,6.14465,43676.3,-6160.4,22473.7,2041.02,-255.946,-5146.5
9.1,6.14893,43621.8,-1988.72,22593.0,2067.9,-270.063,-5182.07
9.2,6.14075,43522.5,-44.2202,20489.9,2142.37,-202.916,-5215.37
9.3,6.11513,43428.3,80.2032,17535.6,2221.74,-116.593,-5154.59
9.4,6.09108,43502.7,311.569,16183.6,2274.95,-67.8382,-5024.55
9.5,6.08949,43639.6,137.306,17375.4,2293.8,-151.837,-4901.29
9.6,6.10314,43732.6,-1438.37,20239.0,2327.78,-272.974,-4906.3
9.7,6.1129,43672.3,-3188.46,21816.6,2317.38,-350.205,-5019.4
9.8,6.09466,43499.4,-3984.25,20179.1,2251.34,-314.264,-5100.49
9.9,6.06429,43463.8,-1388.24,17071.0,2156.09,-130.998,-5150.17
10.0,6.05067,43592.1,828.56,14784.2,2061.21,-4.14787,-5109.2
10.1,6.06918,43813.4,1870.37,15689.4,1977.94,-1.861,-5097.7
10.2,6.10619,43906.6,-3.00736,19133.0,1972.41,-107.442,-5061.43
10.3,6.12787,43785.1,-2535.84,21798.4,2015.11,-223.432,-4997.67
10.4,6.12999,43635.8,-3318.03,21422.1,2050.85,-243.396,-4923.43
10.5,6.1176,43573.4,-2559.34,18710.2,2076.9,-175.442,-4868.19
10.6,6.1169,43674.6,-3299.72,16385.0,2084.52,-111.327,-4869.16
10.7,6.13862,43823.9,-5610.21,16292.4,2061.91,-117.571,-4978.06
10.8,6.16816,43813.5,-6981.43,17652.1,2012.12,-169.643,-5130.34
10.9,6.17456,43636.9,-6124.29,18569.6,1962.11,-137.651,-5163.85
11.0,6.15415,43413.1,-3292.3,17567.3,1929.92,-49.9632,-5079.57
11.1,6.11733,43311.4,-1090.06,15012.1,1899.12,0.0035,-4986.34
11.2,6.08746,43402.6,-523.164,12496.6,1892.59,-4.37962,-4958.76
11.3,6.07795,43548.1,-1039.54,12156.1,1904.18,-18.3814,-4931.12
11.4,6.07227,43629.9,-889.512,13970.6,1964.35,-73.2769,-4904.56
11.5,6.06511,43642.7,-1364.54,17209.7,2014.3,-126.822,-4895.76
11.6,6.04517,43589.3,-1566.17,20551.4,2018.15,-133.008,-4997.43
11.7,6.02025,43641.5,-3671.48,22512.6,2006.31,-86.9183,-5051.94
11.8,6.01463,43843.5,-4770.45,22754.3,1950.53,-9.1345,-5077.8
11.9,6.03943,44047.4,-6323.03,22260.3,1940.34,56.0412,-5025.33
12.0,6.07214,44105.5,-8840.72,21564.3,1940.73,50.1565,-4989.79
12.1,6.09195,43999.0,-12093.0,20358.4,1961.5,-22.2113,-5027.85
12.2,6.08142,43813.1,-14988.5,18052.7,1987.28,-57.08,-5065.85
12.3,6.05932,43778.2,-16063.6,14100.3,2021.88,-18.5842,-5054.71
12.4,6.04687,43886.4,-15700.1,8876.04,2026.04,41.1213,-4999.8
12.5,6.0463,44009.5,-14574.9,4116.36,1979.11,109.888,-4969.02
12.6,6.04285,44042.8,-12881.6,1142.77,1952.01,152.576,-4964.55
12.7,6.03168,44012.6,-10337.7,422.916,1924.37,146.835,-4932.02
12.8,6.00918,43982.5,-7754.89,1478.09,1907.03,90.1451,-4871.85
12.9,5.97796,43998.1,-6012.21,2303.68,1907.2,-12.988,-4876.76
13.0,5.95883,44158.5,-4767.9,1990.28,1949.83,-56.8794,-4955.1
13.1,5.953,44298.6,-2570.34,1004.22,1961.18,-27.0502,-5021.0
13.2,5.94236,44360.8,-272.912,292.476,1936.27,6.14864,-4994.42
13.3,5.93749,44450.5,1368.88,1626.75,1935.38,39.3942,-4993.49
13.4,5.93925,44496.2,30.643,4832.6,1923.97,11.5389,-5000.52
13.5,5.93424,44536.6,-3229.95,7653.99,1894.1,-47.2625,-5002.0
13.6,5.93814,44614.1,-6488.84,8570.63,1843.01,-50.0994,-4963.58
13.7,5.93631,44651.9,-10529.1,7441.72,1812.06,1.215,-4889.56
13.8,5.94171,44777.3,-13862.4,6103.45,1844.29,68.3854,-4966.41
13.9,5.95275,44823.8,-16266.2,5994.55,1869.07,17.319,-5105.53
14.0,5.94779,44806.4,-15652.7,7203.28,1877.54,-68.7838,-5205.22
14.1,5.93687,44821.1,-11368.7,8503.01,1889.82,-78.9733,-5213.08
14.2,5.91925,44834.8,-6424.31,8908.33,1896.59,-25.5018,-5143.03
14.3,5.90411,44922.4,-1583.52,8951.13,1902.66,47.5592,-5084.87
14.4,5.89732,45015.0,656.443,10445.4,1909.14,80.9195,-4959.21
14.5,5.88237,45010.2,2670.13,13615.0,1889.22,-15.1608,-4860.5
14.6,5.85683,44985.8,4832.46,16765.4,1854.06,-188.141,-4826.19
14.7,5.83211,44991.4,5441.51,18211.7,1834.83,-296.913,-4829.31
14.8,5.80648,44996.7,3014.74,16767.2,1826.1,-278.97,-4876.92
14.9,5.7986,45078.4,-787.952,13257.0,1855.34,-166.332,-5021.72
15.0,5.81806,45139.5,-5451.08,11044.3,1910.37,-8.70875,-5119.14
15.1,5.83714,45096.2,-9558.55,11086.0,1952.86,18.8601,-5131.78
15.2,5.84349,45070.7,-11658.3,12662.8,1973.18,-34.7503,-5120.19
15.3,5.84638,45056.4,-14051.7,14639.1,2021.54,-58.4524,-5029.46
15.4,5.83812,45036.8,-16260.8,15318.2,2060.3,-62.0961,-4945.72
15.5,5.84067,45092.9,-16968.7,14261.6,2065.01,-114.486,-4940.79
15.6,5.84473,45053.6,-16484.6,12734.3,2033.85,-193.648,-4925.93
15.7,5.83396,45023.1,-15787.3,11704.1,1990.98,-209.6,-4904.17
15.8,5.81641,45006.2,-15700.5,10785.3,1932.18,-214.936,-4951.22
15.9,5.80169,45029.0,-16647.2,9489.6,1908.39,-206.079,-5038.59
16.0,5.79245,45046.3,-17455.8,6927.22,1874.95,-136.833,-5043.75
16.1,5.78506,45039.1,-16444.8,2885.66,1889.99,-51.98,-4995.9
16.2,5.76776,44994.1,-15821.6,-1178.13,1907.29,27.1791,-4915.59
16.3,5.73955,44982.7,-16836.1,-3988.78,1927.64,29.4002,-4882.25
16.4,5.71739,45003.8,-17433.6,-4962.15,1953.35,-56.558,-4960.15
16.5,5.70708,45058.3,-16282.1,-4706.17,1955.69,-154.97,-4980.08
16.6,5.71252,45099.1,-13326.5,-4194.69,1928.78,-186.675,-4918.87
16.7,5.72425,45089.2,-11399.5,-4006.38,1901.73,-172.883,-4868.69
16.8,5.73324,45091.5,-11711.0,-4302.06,1895.07,-142.023,-4899.88
16.9,5.75058,45118.2,-11483.0,-4199.68,1909.65,-80.166,-4960.42
17.0,5.76792,45098.7,-8169.75,-2737.6,1901.56,-23.523,-4924.38
17.1,5.77311,45068.1,-6062.02,-571.508,1926.91,-47.9383,-4777.42
17.2,5.77717,45070.2,-6307.31,2902.36,1997.08,-53.5308,-4851.94
17.3,5.76256,44990.7,-8748.17,7008.21,2068.22,-68.0693,-5074.48
17.4,5.72313,44935.7,-10482.0,9458.41,2079.9,-160.345,-5130.36
17.5,5.69034,44995.4,-8489.85,10414.7,2069.85,-191.297,-5045.73
17.6,5.66914,45018.6,-5077.96,10531.8,2042.61,-133.664,-4974.43
17.7,5.6658,45080.8,-3886.6,10066.7,2031.8,-108.104,-4958.73
17.8,5.68413,45134.2,-3886.52,11253.9,2035.45,-83.4309,-4972.19
17.9,5.69055,45046.1,-2354.17,13902.8,2072.2,-102.987,-4958.01
18.0,5.67662,45010.8,309.489,15974.6,2103.03,-136.856,-4900.5
18.1,5.65697,44998.5,2053.33,15903.4,2119.67,-144.508,-4920.61
18.2,5.63645,45016.8,2297.07,14041.2,2169.62,-39.9042,-5029.9
18.3,5.63894,45111.7,3082.71,11902.1,2205.89,84.5539,-5104.43
18.4,5.66297,45145.0,4676.42,12043.7,2239.01,98.7488,-5044.01
18.5,5.67565,45069.5,4707.5,15093.9,2213.08,-1.60056,-4947.95
18.6,5.67626,45062.4,830.322,18999.9,2211.65,-120.136,-4968.23
18.7,5.68173,45080.1,-3692.43,21022.7,2218.03,-190.802,-5084.15
18.8,5.69296,45107.4,-6982.0,20107.0,2237.31,-140.31,-5068.58
18.9,5.70903,45103.0,-8285.44,18071.5,2250.65,-4.03263,-4986.32
19.0,5.70594,45026.5,-12184.7,17093.0,2289.03,87.55,-5001.9
19.1,5.68658,44993.9,-18889.1,18000.1,2348.08,94.088,-5185.21
19.2,5.65843,44984.6,-23493.6,18889.8,2384.04,37.9405,-5312.64
19.3,5.63369,45010.3,-22796.0,17259.2,2387.78,33.7812,-5208.1
19.4,5.62676,45066.2,-20061.4,12748.5,2367.29,120.193,-4969.24
19.5,5.6297,45083.5,-19413.2,7383.22,2362.95,182.953,-4871.73
19.6,5.6446,45122.2,-21111.0,4634.62,2419.42,175.055,-4948.41
19.7,5.66516,45113.0,-21903.8,5693.94,2474.31,60.2002,-4979.08
19.8,5.67597,45081.6,-19075.2,8674.52,2491.46,-80.8128,-4941.48
19.9,5.68268,45077.2,-16398.9,10725.9,2507.98,-105.748,-4919.88
20.0,5.68632,45077.0,-15475.4,10367.4,2533.52,6.99275,-5037.56
20.1,5.6943,45089.4,-15854.4,8549.87,2555.35,158.252,-5116.25
20.2,5.71056,45124.5,-15604.4,8076.78,2585.68,228.127,-5035.08
20.3,5.7194,45071.8,-15425.0,9761.1,2558.92,142.902,-4893.69
20.4,5.72067,45061.0,-15587.4,12172.0,2545.1,-27.7738,-4913.19
20.5,5.72664,45091.9,-15811.0,13583.6,2575.79,-128.341,-4990.45
20.6,5.73332,45077.9,-14988.2,12683.6,2630.35,-137.644,-4961.93
20.7,5.73139,45050.6,-12869.7,10463.3,2666.22,-84.6341,-4906.15
20.8,5.71694,45008.7,-12414.1,8714.96,2683.94,-22.9586,-4920.82
20.9,5.70027,45023.8,-13563.0,8209.24,2711.59,20.7208,-4998.41
21.0,5.70117,45104.3,-12843.5,8833.36,2705.71,57.176,-5038.55
21.1,5.71635,45109.8,-11069.5,9787.87,2644.88,78.1939,-4908.24
21.2,5.72347,45076.0,-7758.8,10243.3,2588.4,45.5551,-4826.51
21.3,5.72521,45063.6,-7494.88,10296.1,2568.34,-0.666937,-4823.64
21.4,5.72948,45073.9,-8508.33,10825.0,2575.34,-49.8841,-4906.58
21.5,5.73737,45093.0,-9268.93,11476.1,2554.41,-143.944,-4924.37
21.6,5.76578,45183.9,-6968.49,12576.0,2571.05,-196.977,-4944.0
21.7,5.80593,45166.8,-3655.45,13681.6,2601.3,-209.929,-4942.84
21.8,5.8315,45118.8,-2296.59,13864.1,2637.42,-175.783,-4889.09
21.9,5.84617,45089.0,-1839.97,13122.5,2684.77,-110.839,-4896.02
22.0,5.84618,45042.5,-709.935,12231.7,2698.19,-44.9225,-4899.05
22.1,5.84409,45081.9,739.716,11587.5,2700.22,-21.5485,-4828.66
22.2,5.86232,45131.6,1073.34,12100.6,2717.79,-64.1048,-4783.06
22.3,5.87928,45105.7,-1091.07,13585.0,2788.88,-144.522,-4874.96
22.4,5.88254,45046.7,-5134.51,14604.5,2830.5,-227.137,-5002.61
22.5,5.86182,44976.5,-8795.34,14600.0,2821.61,-253.902,-5062.46
22.6,5.83105,44987.5,-11135.0,13388.6,2801.75,-232.06,-5041.49
22.7,5.82109,45070.0,-15244.6,10716.2,2737.42,-210.154,-4972.92
22.8,5.84387,45163.4,-21137.0,7778.41,2708.01,-147.034,-4986.67
22.9,5.87199,45133.5,-24360.9,4823.71,2683.21,-87.1116,-5068.52
23.0,5.88709,45083.7,-23715.2,1998.22,2694.74,-54.2239,-5022.67
23.1,5.88564,45037.4,-20279.0,174.626,2699.8,-29.2255,-4914.38
23.2,5.87305,45020.0,-18222.9,-1279.58,2696.67,-51.0251,-4914.99
23.3,5.88603,45157.2,-16335.8,-2238.12,2694.53,-49.8502,-5063.0
23.4,5.94085,45255.6,-12820.2,-1307.27,2724.36,0.872844,-5084.39
23.5,5.99622,45195.2,-7379.2,1534.86,2738.36,-39.5104,-4918.54
23.6,6.02472,45117.6,-2375.9,5667.05,2728.87,-148.547,-4826.34
23.7,6.02885,44842.7,-1961.33,10389.9,2733.32,-226.325,-4858.25
23.8,6.00668,44648.2,-3123.39,12970.5,2672.73,-277.083,-4905.72
23.9,6.00967,44731.6,-2932.57,12174.6,2636.84,-260.259,-4850.56
24.0,6.04088,44776.8,-2239.04,9446.0,2620.92,-170.331,-4754.83
24.1,6.05849,44627.6,-4218.64,6927.96,2661.29,-33.1673,-4816.63
24.2,6.04758,44350.9,-7941.44,5232.17,2722.96,3.01575,-5020.02
24.3,6.01605,44148.5,-9348.76,5892.67,2764.08,42.0822,-5139.12
24.4,5.98071,44152.4,-6486.25,6830.79,2770.7,21.111,-5036.54
24.5,5.98257,44374.7,-3195.79,6790.16,2722.51,-6.2285,-4876.87
24.6,6.02295,44550.1,-2871.72,7032.66,2698.83,16.8083,-4872.28
24.7,6.06037,44462.2,-5703.51,8966.47,2682.3,37.213,-4919.31
24.8,6.07551,44241.3,-5025.91,12410.7,2671.25,-90.2367,-4940.1
24.9,6.08089,44060.2,-1939.01,16746.0,2655.04,-241.245,-4825.45
25.0,6.08914,44045.6,134.699,20057.6,2655.74,-250.67,-4792.2
25.1,6.12285,44121.1,-1059.31,20075.7,2687.67,-183.72,-4951.96
25.2,6.17521,44105.5,-1995.66,17934.0,2697.51,-50.5532,-5118.94
25.3,6.2161,43898.7,-695.182,15903.1,2732.18,80.2749,-5052.46
25.4,6.22999,43584.9,1770.59,15025.7,2730.17,81.2549,-4910.23
25.5,6.22063,43338.0,1677.97,15115.1,2721.85,-16.2997,-4923.41
25.6,6.21112,43260.9,-616.099,15226.9,2699.91,-73.5351,-5049.45
25.7,6.20921,43268.0,-1421.08,14042.1,2693.71,-87.3592,-5066.97
25.8,6.21441,43257.9,-145.814,11660.2,2685.03,-79.2967,-4953.98
25.9,6.21589,43165.9,1242.46,9603.96,2681.27,-60.3433,-4925.61
26.0,6.19866,43005.3,257.014,8427.86,2638.52,-61.1448,-5003.67
26.1,6.17239,42934.9,-369.804,8182.23,2567.45,-52.0667,-5064.82
26.2,6.15696,42989.0,342.368,7604.05,2502.04,-45.6329,-4979.23
26.3,6.16615,43128.3,594.119,5795.11,2451.92,-15.3315,-4855.44
26.4,6.19179,43192.6,483.984,3106.02,2409.48,52.3903,-4919.19
26.5,6.20732,43085.1,121.887,1217.97,2372.41,116.771,-5009.2
26.6,6.20929,42996.3,2258.04,1625.67,2379.87,103.374,-5017.33
26.7,6.21832,42990.7,6647.96,4379.36,2368.42,-16.6737,-4979.92
26.8,6.23666,43028.8,11968.7,7484.88,2316.31,-159.795,-4986.8
26.9,6.27167,43071.1,15927.3,9367.8,2297.52,-183.484,-4977.6
27.0,6.3054,42968.6,18526.3,10390.7,2276.04,-116.406,-4902.92
27.1,6.31241,42753.1,19948.9,11241.4,2263.28,-81.9003,-4832.5
27.2,6.30981,42612.7,21569.1,12411.2,2286.14,-137.37,-4837.63
27.3,6.30183,42524.9,22646.4,12849.7,2313.45,-207.165,-4831.64
27.4,6.29498,42520.9,23139.1,11882.3,2351.45,-163.433,-4851.78
27.5,6.29024,42487.4,22227.9,10084.0,2436.26,-62.9502,-4940.15
27.6,6.27497,42402.8,18434.5,9556.71,2486.73,17.119,-5011.89
27.7,6.25081,42360.3,13990.9,11656.5,2513.98,-17.8769,-5081.83
27.8,6.22941,42382.5,9684.33,15793.2,2538.48,-140.55,-5093.38
27.9,6.21942,42467.2,6129.14,19645.6,2535.69,-279.925,-5067.89
28.0,6.22401,42590.1,5347.26,21413.4,2512.98,-347.949,-5065.44
28.1,6.23847,42647.3,4313.22,21277.6,2493.85,-314.251,-4986.42
28.2,6.25147,42623.2,3449.63,20549.4,2446.22,-265.28,-4944.87
28.3,6.25969,42608.3,3823.94,20206.8,2397.67,-271.491,-5022.13
28.4,6.27727,42640.1,5938.24,20190.8,2360.39,-283.572,-5061.06
28.5,6.29586,42636.4,9947.21,19534.8,2334.09,-237.049,-5021.76
28.6,6.31618,42614.7,11260.5,17398.0,2337.44,-152.327,-4942.04
28.7,6.3307,42547.9,9087.73,14803.0,2358.55,-80.7327,-4968.8
28.8,6.32943,42426.1,3977.06,13334.0,2364.33,-79.879,-5022.22
28.9,6.32526,42392.1,711.982,12966.3,2382.02,-208.863,-5029.58
29.0,6.33408,42428.4,211.411,13611.3,2352.02,-329.923,-4978.18
29.1,6.34819,42390.9,-1145.26,13363.1,2366.76,-411.879,-4937.45
29.2,6.3491,42277.6,-2947.88,10516.5,2331.2,-411.806,-5030.56
29.3,6.34184,42164.7,-3079.88,6028.52,2285.9,-287.678,-5121.59
29.4,6.32495,42072.6,231.013,1560.01,2247.78,-146.081,-5022.09
29.5,6.31138,42094.6,4975.95,-1957.71,2177.34,-94.493,-4811.82
29.6,6.31191,42140.2,8603.19,-3168.33,2117.31,-82.936,-4781.93
29.7,6.30588,42107.6,9382.66,-3346.88,2104.81,-124.664,-4853.96
29.8,6.29381,42104.9,11972.6,-3817.4,2099.65,-175.423,-4901.25
29.9,6.28905,42130.2,16129.7,-3655.89,2077.58,-202.777,-4816.93
30.0,6.27592,42163.0,19437.0,-2411.49,2033.28,-250.877,-4777.38
30.1,6.28108,42323.2,19907.5,-371.255,1987.0,-336.275,-4914.79
30.2,6.3165,42484.0,20465.9,3030.73,1960.06,-349.973,-5071.36
30.3,6.35723,42482.1,24425.4,6701.47,1949.29,-320.448,-5037.77
30.4,6.38514,42353.6,30616.6,8909.37,1945.37,-311.865,-4854.12
30.5,6.39115,42137.5,33144.0,10034.0,1952.44,-262.054,-4734.59
30.6,6.36884,41964.0,32154.5,9654.08,1988.89,-210.616,-4818.2
30.7,6.35513,42028.5,31895.9,8848.58,2047.74,-163.196,-4934.45
30.8,6.36231,42087.2,31837.2,9327.69,2080.04,-155.431,-4838.47
30.9,6.35839,42022.5,31764.4,10694.4,2069.59,-239.171,-4815.86
31.0,6.35008,41970.1,26696.6,12941.5,2096.49,-275.928,-4971.66
31.1,6.32404,41818.4,18289.4,15320.6,2076.33,-278.598,-5138.81
31.2,6.28166,41820.9,10617.0,17294.1,2022.97,-241.661,-5157.97
31.3,6.26093,42008.2,6390.69,18585.5,1959.53,-224.75,-5083.14
31.4,6.25738,42175.1,2423.85,19365.9,1940.68,-223.355,-5034.38
31.5,6.25974,42298.7,-1984.21,19710.7,1995.64,-165.427,-5088.09
31.6,6.26106,42297.2,-6640.93,19658.7,2062.05,-109.103,-5111.98
31.7,6.23791,42243.7,-8070.25,18926.3,2110.25,-96.1537,-5109.09
31.8,6.22043,42339.3,-8391.75,17533.8,2094.51,-61.884,-5054.79
31.9,6.23078,42547.5,-8545.92,15922.2,2077.87,-33.142,-5047.02
32.0,6.2593,42700.8,-9643.93,14117.4,2028.98,-26.4185,-5059.27
32.1,6.29684,42729.5,-11282.8,12784.6,2008.42,-28.2213,-5048.03
32.2,6.31475,42568.7,-13552.0,12895.3,1988.47,-21.013,-5026.85
32.3,6.2984,42384.1,-17886.8,13095.8,1990.09,-78.9668,-5013.67
32.4,6.27831,42387.0,-22787.8,12754.4,2017.05,-108.396,-5064.35
32.5,6.26444,42459.2,-25948.9,11084.3,2036.03,-74.3528,-5094.23
32.6,6.24943,42528.7,-25900.9,7153.11,2030.93,-13.1036,-5041.33
32.7,6.24048,42580.3,-22030.0,2691.83,2031.33,95.8903,-4988.35
32.8,6.2212,42532.4,-17657.4,2.97114,2065.65,182.719,-4926.4
32.9,6.18836,42518.0,-13862.2,-903.747,2070.95,135.471,-4901.61
33.0,6.16449,42621.6,-8562.01,-65.176,2046.89,34.5852,-4924.2
33.1,6.14377,42733.6,-2639.97,1199.85,1985.01,-39.1238,-4862.51
33.2,6.12894,42903.3,3808.63,872.948,1930.07,-99.8419,-4813.08
33.3,6.13407,43079.0,8645.91,-559.793,1901.08,-116.361,-4837.55
33.4,6.1345,43122.6,10024.1,-2289.25,1899.31,-117.671,-4858.43
33.5,6.12998,43176.2,11728.2,-4100.19,1892.36,-109.016,-4925.14
33.6,6.14417,43289.3,13001.6,-4198.68,1892.57,-38.7875,-4922.65
33.7,6.15803,43321.6,13093.2,-3319.66,1906.09,-32.9465,-4877.8
33.8,6.17529,43369.5,11898.8,-2823.53,1921.52,-73.436,-4904.95
33.9,6.19086,43327.1,10480.1,-3060.35,1932.86,-70.2081,-4964.56
34.0,6.1891,43246.0,8948.84,-4026.27,1981.31,-25.056,-4939.99
34.1,6.17981,43240.3,6323.33,-4839.07,2043.15,4.876,-4894.77
34.2,6.17307,43228.2,3310.54,-3675.88,2062.62,-26.2035,-4992.23
34.3,6.15546,43238.4,434.352,-367.154,2090.43,-89.7262,-5105.41
34.4,6.1447,43279.9,-1440.36,3422.37,2070.73,-157.525,-5062.92
34.5,6.12642,43247.2,-1879.44,6404.07,2029.5,-187.608,-4987.61
34.6,6.09158,43228.8,-3366.61,7536.28,1987.34,-152.742,-4964.3
34.7,6.0681,43338.4,-5524.87,7813.44,1997.96,-78.33,-4988.44
34.8,6.05318,43457.7,-6387.48,9645.36,2020.32,-29.4096,-5004.07
34.9,6.03957,43566.1,-6547.02,12189.7,2058.23,-127.893,-4952.01
35.0,6.03376,43670.3,-8639.06,14097.1,2071.47,-245.241,-4910.05
35.1,6.02488,43745.6,-10818.6,13937.8,2100.22,-239.28,-5032.07
35.2,6.02543,43881.1,-11759.8,10862.6,2134.61,-144.493,-5125.26
35.3,6.04729,44024.5,-10874.3,7292.98,2100.5,-51.8926,-5024.71
35.4,6.07899,44099.0,-8970.61,6278.09,2104.45,-26.5028,-4947.87
35.5,6.10807,44061.1,-8267.02,7942.75,2109.7,-104.546,-4997.31
35.6,6.12583,43937.4,-8499.61,10655.3,2113.16,-225.674,-5057.17
35.7,6.11577,43770.7,-7523.21,11743.8,2112.38,-287.334,-5002.52
35.8,6.09429,43738.6,-5246.48,9750.96,2141.71,-254.256,-4888.71
35.9,6.08238,43810.5,-3991.83,5820.94,2185.48,-180.742,-4846.26
36.0,6.08246,43898.8,-3377.21,2206.29,2252.31,-142.004,-4908.28
36.1,6.08278,43887.2,-2112.14,289.394,2287.37,-163.295,-4925.35
36.2,6.06886,43786.4,-34.5397,-556.06,2305.31,-239.165,-4851.82
36.3,6.03999,43729.6,1970.09,-1595.7,2319.42,-252.033,-4836.74
36.4,6.01733,43785.3,3483.83,-3697.28,2320.83,-206.0,-4907.04
36.5,6.00512,43922.8,4733.3,-6241.32,2299.83,-156.243,-4898.04
36.6,6.00853,44064.8,5544.94,-8078.44,2296.5,-149.467,-4811.79
36.7,6.02289,44144.3,6734.72,-7626.29,2317.52,-166.923,-4829.44
36.8,6.028,44098.3,6831.34,-5408.89,2304.21,-232.295,-4882.67
36.9,6.02753,44081.8,7857.14,-2516.21,2321.82,-285.366,-4921.75
37.0,6.03798,44119.9,9271.23,51.1459,2324.31,-290.638,-4865.26
37.1,6.05164,44183.0,10750.9,1732.06,2325.67,-251.04,-4826.81
37.2,6.07937,44242.2,9432.21,2274.48,2358.56,-248.939,-4812.88
37.3,6.10912,44214.6,7992.33,3297.82,2397.03,-227.272,-4865.88
37.4,6.11831,44049.4,6082.64,4370.37,2402.46,-245.327,-4853.18
37.5,6.11187,43940.0,5603.41,5010.92,2420.15,-282.785,-4864.05
37.6,6.10802,43902.8,4737.55,4985.33,2462.39,-275.484,-4911.75
37.7,6.10109,43873.4,3541.4,4343.95,2478.39,-214.25,-4989.36
37.8,6.09101,43844.2,2766.57,3932.53,2456.21,-131.361,-5009.85
37.9,6.08092,43804.5,1843.72,5820.9,2456.44,-59.0193,-4959.97
38.0,6.067,43771.3,40.2557,9791.41,2495.59,-109.674,-4919.6
38.1,6.05825,43790.2,-2511.38,14330.1,2517.37,-230.385,-4938.39
38.2,6.04539,43753.4,-3852.3,16832.7,2512.58,-337.32,-4974.05
38.3,6.02534,43782.0,-3364.92,15624.2,2473.84,-337.38,-4936.8
38.4,6.02058,43908.3,-1741.24,12100.2,2435.97,-223.018,-4906.29
38.5,6.03134,44017.5,-851.503,9020.48,2416.22,-139.234,-4962.62
38.6,6.05443,44116.1,-729.406,7983.46,2425.31,-120.445,-5054.3
38.7,6.08629,44116.5,381.82,8363.92,2472.11,-146.894,-5085.15
38.8,6.11056,44014.7,2119.68,9514.39,2517.02,-86.1407,-4998.13
38.9,6.11511,43869.2,1691.89,9295.7,2562.39,-50.5815,-4895.22
39.0,6.12053,43848.8,445.319,8434.85,2605.54,-43.583,-4937.6
39.1,6.13493,43859.1,-1168.57,7986.47,2641.14,-81.7455,-4977.86
39.2,6.15339,43852.1,-1041.75,7500.41,2669.57,-184.133,-4942.61
39.3,6.17842,43782.6,438.827,6704.79,2688.16,-252.781,-4948.39
39.4,6.18231,43559.9,1404.54,5299.27,2671.64,-233.538,-5035.35
39.5,6.16012,43384.3,2952.04,2734.48,2653.04,-149.361,-5121.8
39.6,6.1537,43390.5,6044.92,1035.91,2657.19,-9.7745,-5074.6
39.7,6.14603,43353.3,8596.09,1381.79,2601.0,62.1878,-4899.86
39.8,6.1287,43355.5,8186.82,2879.6,2599.13,36.9492,-4812.84
39.9,6.12668,43382.4,5180.79,5352.99,2636.34,4.60162,-4882.91
40.0,6.11159,43326.1,2876.11,7306.52,2663.88,-66.7264,-4951.66
40.1,6.10351,43413.1,2784.47,8277.25,2704.05,-141.534,-4928.35
40.2,6.11467,43485.6,3118.69,8489.18,2685.01,-221.869,-4929.23
40.3,6.13208,43544.1,1812.53,8555.95,2621.02,-217.702,-5044.03
40.4,6.16914,43622.2,551.252,8211.13,2537.08,-183.795,-5151.64
40.5,6.22017,43589.6,1324.57,8568.02,2478.44,-119.048,-5094.72
40.6,6.2638,43443.4,2696.91,9911.21,2480.94,-54.9468,-4924.34
40.7,6.2868,43201.5,2181.53,11146.1,2501.48,-56.9066,-4848.95
40.8,6.29018,42991.1,-652.077,12363.0,2556.04,-51.8481,-4913.12
40.9,6.27115,42823.9,-3372.12,12226.2,2586.25,-80.0301,-4937.59
41.0,6.25531,42834.9,-2993.69,10935.7,2623.9,-104.207,-4943.11
41.1,6.2587,42873.6,-4803.86,10128.4,2609.11,-98.7878,-4907.54
41.2,6.25913,42827.7,-10730.2,10104.4,2621.65,-124.995,-5017.62
41.3,6.26294,42780.1,-19187.8,10826.2,2635.74,-138.98,-5200.93
41.4,6.25896,42644.0,-24936.7,12367.6,2593.59,-96.7435,-5232.23
41.5,6.23128,42516.4,-27304.6,12341.4,2527.02,-122.751,-5044.39
41.6,6.21229,42621.6,-29261.5,10318.8,2523.18,-88.705,-4905.65
41.7,6.21904,42717.1,-31945.8,7946.08,2531.6,30.604,-4974.44
41.8,6.21394,42729.9,-32733.5,5843.07,2517.11,63.3828,-5059.87
41.9,6.2233,42785.6,-28631.9,5058.37,2532.98,-23.36,-5006.75
42.0,6.2353,42734.5,-22508.6,6461.65,2523.23,-105.431,-4881.36
42.1,6.24072,42713.3,-17449.2,7495.02,2505.94,-180.325,-4922.85
42.2,6.2726,42792.9,-14674.3,7174.27,2444.8,-227.553,-5030.5
42.3,6.31369,42786.6,-10515.3,6308.93,2402.28,-226.31,-5029.92
42.4,6.34458,42688.5,-5161.41,4345.03,2363.24,-243.709,-4880.02
42.5,6.37602,42578.1,-1620.98,2365.99,2360.33,-251.036,-4808.13
42.6,6.38079,42341.7,-888.948,1050.86,2382.21,-246.197,-4924.08
42.7,6.35959,42186.4,-374.81,-438.098,2385.58,-233.494,-5050.82
42.8,6.34502,42170.8,3334.5,-2336.31,2420.41,-227.613,-5040.92
42.9,6.33987,42181.2,8420.79,-3652.66,2465.85,-163.418,-4946.31
43.0,6.34076,42181.8,10026.0,-4767.3,2502.96,-141.721,-4907.23
43.1,6.34589,42113.7,7927.55,-4311.42,2543.8,-153.187,-5002.09
43.2,6.33404,41970.4,5087.9,-2457.79,2554.64,-220.347,-5048.56
43.3,6.32372,41978.1,4155.61,291.364,2563.7,-269.098,-4978.47
43.4,6.32591,42026.4,3269.35,2645.35,2521.17,-328.488,-4911.39
43.5,6.32675,42056.1,444.073,3627.75,2440.1,-318.255,-5003.76
43.6,6.33992,42118.3,-1168.71,3613.67,2352.79,-215.191,-5178.44
43.7,6.34838,42073.9,455.173,3607.5,2258.21,-118.406,-5156.68
43.8,6.34829,42030.0,4150.04,4764.91,2174.9,-76.5297,-4986.46
43.9,6.35763,42060.5,3987.34,7787.91,2178.04,-69.097,-4898.89
44.0,6.3766,42092.6,-86.2238,12037.3,2217.44,-104.093,-4997.77
44.1,6.40249,42098.6,-4787.81,15952.5,2250.26,-162.441,-5040.37
44.2,6.41928,42000.4,-7159.13,18038.5,2281.5,-249.08,-4939.11
44.3,6.41553,41867.1,-9180.52,17295.5,2297.08,-300.186,-4860.86
44.4,6.40502,41828.3,-14026.8,14582.9,2295.78,-227.262,-4965.41
44.5,6.40488,41848.3,-22057.5,11373.9,2298.6,-118.119,-5102.28
44.6,6.40847,41845.0,-28228.9,8622.84,2253.84,-69.2952,-5152.46
44.7,6.414,41786.9,-31382.1,6526.98,2218.04,-57.5854,-5064.52
44.8,6.40483,41632.1,-33523.1,4617.24,2212.3,-38.8787,-4965.93
44.9,6.37574,41514.0,-36310.5,1540.7,2232.74,-33.664,-4946.88
45.0,6.3481,41528.6,-36974.9,-2597.14,2260.31,-44.5713,-4987.37
45.1,6.33265,41633.0,-34600.6,-6571.37,2292.67,-65.7128,-4908.35
45.2,6.33214,41789.9,-30698.0,-9157.96,2314.18,-86.0745,-4783.7
45.3,6.34743,41877.7,-27887.6,-9402.23,2270.42,-103.117,-4825.69
45.4,6.34761,41827.9,-25756.8,-8612.38,2184.48,-158.258,-4985.81
45.5,6.33863,41816.0,-21571.0,-8458.73,2101.57,-163.562,-5011.66
45.6,6.34389,41908.9,-14290.2,-8749.67,2021.7,-59.9689,-4887.54
45.7,6.34875,41950.4,-8674.38,-9685.72,1949.71,-7.82538,-4759.12
45.8,6.36083,42037.3,-7225.65,-10133.8,1987.84,-24.2014,-4820.91
45.9,6.375,42007.6,-7405.07,-9440.46,2023.71,-70.4508,-4927.52
46.0,6.36565,41915.8,-4173.53,-8814.07,2084.79,-126.924,-4939.44
46.1,6.35592,41910.5,1582.23,-9543.06,2112.23,-158.75,-4856.15
46.2,6.35794,41958.1,4912.53,-11852.4,2139.41,-151.158,-4812.88
46.3,6.37141,42037.7,5550.18,-14031.5,2173.99,-21.7658,-4927.11
46.4,6.40438,42053.1,4722.49,-13716.4,2238.37,109.378,-4996.32
46.5,6.41816,41861.0,4395.45,-9775.83,2233.15,72.4003,-4905.38
46.6,6.38865,41624.9,4422.34,-4193.67,2183.55,-81.4548,-4849.54
46.7,6.35201,41572.3,4147.93,872.931,2157.45,-157.865,-4939.5
46.8,6.3156,41668.7,3920.2,2908.09,2151.97,-144.362,-5021.33
46.9,6.31196,41926.8,4547.73,2855.42,2169.6,-47.5096,-4988.1
47.0,6.33072,42046.1,3613.65,4327.19,2214.99,38.6082,-4902.0
47.1,6.32928,41987.3,1909.33,8636.52,2267.48,17.4972,-5008.33
47.2,6.32678,41972.6,-1189.64,14214.7,2302.62,-95.3381,-5116.54
47.3,6.3282,42008.9,-2321.34,18670.3,2339.62,-162.049,-5104.84
47.4,6.3356,42117.4,-1145.06,18960.9,2364.83,-129.564,-5048.82
47.5,6.36359,42219.5,-3210.36,15399.5,2334.69,-28.7108,-4979.16
47.6,6.38542,42170.4,-9930.5,11116.7,2324.65,48.4297,-5008.77
47.7,6.38685,42050.6,-16875.4,7845.65,2319.27,20.4443,-5122.68
47.8,6.38697,41974.2,-19859.7,5762.2,2286.49,-81.9944,-5128.0
47.9,6.38174,41910.1,-21188.1,3642.29,2265.75,-127.367,-4982.35
48.0,6.38468,41939.3,-22209.7,398.966,2271.52,-41.8816,-4970.65
48.1,6.39782,41926.5,-23490.1,-3072.2,2284.52,68.1215,-5072.62
48.2,6.39951,41846.5,-25009.8,-3453.45,2349.82,176.793,-5029.64
48.3,6.387,41733.8,-23743.0,-125.42,2380.27,119.991,-4938.62
48.4,6.35449,41645.6,-23874.2,4651.19,2337.36,-81.5411,-4867.56
48.5,6.3159,41696.1,-24772.0,6847.8,2255.98,-249.799,-4932.89
48.6,6.29566,41879.2,-23149.1,4211.09,2173.55,-219.713,-5029.22
48.7,6.30573,42075.4,-19616.9,-1249.48,2093.51,-56.3635,-4915.84
48.8,6.32455,42134.1,-16597.7,-5696.7,2072.56,27.241,-4758.85
48.9,6.34077,42075.8,-16973.4,-6841.5,2085.45,-32.8225,-4799.58
49.0,6.34164,41957.3,-18803.8,-5310.0,2089.91,-111.687,-4942.63
49.1,6.32917,41914.8,-17474.5,-4916.02,2070.63,-148.367,-4944.55
49.2,6.33101,42029.0,-11906.9,-7118.6,2063.29,-92.2383,-4812.9
49.3,6.34598,42131.5,-8029.25,-10507.4,2078.98,-5.8965,-4696.59
49.4,6.36232,42152.7,-7821.76,-12779.7,2154.26,2.42563,-4804.06
49.5,6.37631,42103.2,-6966.33,-12129.1,2236.08,-98.4629,-4993.67
49.6,6.37621,41984.6,-3540.16,-8710.58,2295.17,-216.076,-4940.25
49.7,6.37195,41931.7,3037.04,-5250.03,2340.23,-335.645,-4810.03
49.8,6.3736,41953.8,7826.35,-3737.11,2350.25,-369.195,-4803.95
49.9,6.38685,41980.3,9409.47,-3577.08,2384.39,-263.433,-4901.24
50.0,6.38668,41889.6,10055.5,-3382.12,2394.29,-147.736,-4919.39
50.1,6.37328,41800.6,10317.2,-1128.84,2408.17,-106.61,-4852.73
50.2,6.34152,41717.2,10729.0,2303.0,2411.51,-211.14,-4904.49
50.3,6.31275,41791.7,9896.89,5286.78,2420.35,-273.595,-5033.5
50.4,6.30199,41928.6,8490.07,5907.42,2410.62,-258.238,-5074.61
50.5,6.30092,42039.3,6970.99,4546.64,2411.01,-192.692,-5049.81
50.6,6.31017,42118.6,4311.19,3035.41,2397.28,-146.823,-5041.28
50.7,6.32405,42141.7,-1209.93,3604.36,2376.11,-133.057,-5035.77
50.8,6.33324,42123.8,-7011.5,5065.97,2346.54,-210.455,-5050.84
50.9,6.35364,42183.7,-10039.8,5438.43,2335.2,-267.281,-5057.99
51.0,6.38817,42217.7,-11168.2,3777.35,2339.26,-189.637,-4981.67
51.1,6.41093,42108.3,-11644.4,175.393,2341.17,-66.3867,-4942.8
51.2,6.41629,41971.1,-11652.2,-2863.0,2305.49,29.9657,-5022.7
51.3,6.40614,41822.3,-12214.9,-2795.04,2246.66,38.379,-5059.34
51.4,6.39714,41833.8,-13307.2,285.697,2250.78,-33.9455,-5023.6
51.5,6.41254,41903.3,-13242.9,3531.02,2249.5,-164.934,-5040.19
51.6,6.42825,41835.2,-12898.4,4945.63,2207.5,-223.496,-5016.1
51.7,6.41568,41656.6,-13293.5,2889.15,2184.98,-211.369,-4912.27
51.8,6.38807,41566.2,-13469.6,-1504.8,2145.55,-152.357,-4843.52
51.9,6.36682,41616.7,-11875.9,-5464.38,2120.72,-93.2576,-4901.88
52.0,6.36076,41730.3,-10317.8,-8303.86,2081.35,-113.111,-4894.42
52.1,6.36686,41827.6,-8187.14,-10926.0,2069.32,-154.494,-4870.3
52.2,6.36802,41766.5,-6720.81,-14419.7,2063.17,-104.892,-4897.59
52.3,6.34788,41678.6,-5058.95,-19423.0,2079.73,9.13778,-4957.32
52.4,6.33167,41717.4,-3574.17,-25354.8,2106.76,52.7347,-4902.14
52.5,6.34152,41875.3,-1213.91,-29576.9,2121.77,26.9769,-4787.84
52.6,6.37589,42026.7,1209.33,-30883.1,2169.5,-30.8864,-4761.67
52.7,6.42092,42028.8,2485.36,-30938.4,2226.55,-176.532,-4786.87
52.8,6.45182,41876.0,4062.39,-30929.5,2266.06,-265.454,-4825.54
52.9,6.45441,41659.6,7014.65,-32225.8,2289.89,-235.11,-4842.92
53.0,6.44515,41569.6,11875.3,-34483.7,2276.53,-128.061,-4860.75
53.1,6.44746,41624.9,16386.6,-35121.8,2248.46,11.8086,-4854.71
53.2,6.46008,41636.0,19185.9,-32674.2,2238.41,52.6507,-4845.17
53.3,6.4677,41555.7,17999.5,-27390.5,2248.25,-5.53675,-4831.5
53.4,6.45235,41383.9,15027.8,-21056.9,2247.3,-89.132,-4874.7
53.5,6.41061,41222.4,11121.1,-15897.1,2261.56,-151.155,-4913.74
53.6,6.37113,41300.6,8028.45,-12894.7,2291.82,-182.2,-4933.16
53.7,6.36409,41531.5,6996.25,-10933.8,2295.26,-195.103,-4994.92
53.8,6.3812,41697.7,6722.01,-8521.09,2313.03,-201.344,-5076.89
53.9,6.40299,41712.5,5203.0,-5957.62,2332.43,-222.55,-5106.8
54.0,6.41289,41625.6,5294.97,-3992.01,2350.7,-193.626,-5152.56
54.1,6.4106,41511.3,6407.8,-3710.04,2333.11,-106.59,-5076.01
54.2,6.40652,41537.9,8467.47,-5350.35,2287.45,-5.42875,-4910.29
54.3,6.43398,41678.0,7922.81,-7168.35,2257.93,81.9769,-4759.59
54.4,6.46998,41684.6,4864.33,-7865.73,2231.63,73.6937,-4777.55
54.5,6.48675,41539.9,1322.09,-8027.38,2202.14,-50.7583,-4892.34
54.6,6.48692,41392.4,366.352,-7278.86,2206.77,-127.816,-4984.33
54.7,6.46921,41278.8,825.005,-7217.06,2197.82,-189.639,-4986.86
54.8,6.4511,41319.0,-1975.3,-8906.7,2134.48,-223.885,-4970.79
54.9,6.44801,41430.6,-6490.85,-12109.2,2095.35,-189.241,-5071.51
55.0,6.45199,41462.4,-7491.22,-15802.0,2062.37,-75.4459,-5119.94
55.1,6.45757,41457.3,-2824.8,-18448.1,2052.02,13.4602,-4907.19
55.2,6.4484,41327.4,2898.15,-19158.5,2056.01,-10.5694,-4600.63
55.3,6.41549,41209.6,5289.02,-18508.3,2104.67,-85.0031,-4584.62
55.4,6.38679,41260.8,3684.14,-18766.3,2183.61,-149.907,-4741.81
55.5,6.3784,41413.4,3750.93,-20706.2,2234.56,-151.965,-4799.49
55.6,6.39315,41564.7,7685.65,-24499.4,2271.3,-170.619,-4713.65
55.7,6.42584,41620.1,10624.6,-28206.3,2257.02,-182.029,-4652.72
55.8,6.45446,41543.3,8903.86,-30556.8,2262.91,-213.309,-4776.9
55.9,6.47046,41427.4,6330.12,-31614.9,2265.75,-247.012,-4966.82
56.0,6.4888,41371.2,8068.52,-32448.4,2256.34,-277.375,-4951.55
56.1,6.49718,41305.8,12360.8,-33880.1,2207.61,-271.397,-4696.73
56.2,6.49738,41270.3,14979.1,-36208.4,2212.38,-223.915,-4575.99
56.3,6.48876,41236.8,14239.8,-38168.6,2245.51,-137.458,-4709.08
56.4,6.47443,41220.9,14152.5,-37825.1,2311.91,-70.8952,-4828.33
56.5,6.46279,41225.6,15409.1,-34647.3,2342.77,-143.4,-4703.01
56.6,6.45329,41260.6,16431.5,-29163.4,2322.6,-281.944,-4654.22
56.7,6.44359,41250.9,12574.0,-24056.5,2256.98,-416.843,-4802.53
56.8,6.43469,41294.4,7611.29,-21116.1,2239.09,-427.051,-5052.18
56.9,6.45117,41397.3,5385.5,-19608.5,2256.95,-319.01,-5076.79
57.0,6.47317,41388.4,3836.25,-17868.5,2280.84,-238.85,-4894.57
57.1,6.49076,41310.5,495.991,-15050.8,2307.79,-226.653,-4876.11
57.2,6.50212,41210.5,-2331.85,-11517.3,2335.83,-225.43,-5076.79
57.3,6.50624,41104.4,-776.775,-9144.53,2338.99,-216.91,-5084.23
57.4,6.52044,41129.1,3257.15,-8969.12,2355.05,-167.515,-4771.37
57.5,6.54637,41100.4,3983.9,-10041.3,2345.71,-123.835,-4592.6
57.6,6.56016,41002.6,-1035.32,-10913.6,2326.19,-116.528,-4806.69
57.7,6.56901,40924.0,-5778.36,-11184.7,2282.91,-182.304,-5053.48
57.8,6.57332,40861.6,-4882.4,-11219.8,2209.38,-289.531,-4979.42
57.9,6.56487,40802.3,-2229.3,-13025.6,2126.24,-343.459,-4777.78
58.0,6.56068,40834.6,-2578.01,-16474.7,2073.79,-225.271,-4864.28
58.1,6.55416,40822.8,-4587.06,-19246.3,2050.05,-19.2515,-5098.58
58.2,6.54338,40815.8,-2839.74,-18207.7,2035.12,116.876,-5039.83
58.3,6.52871,40767.8,2286.48,-13442.5,2004.69,-13.6993,-4703.38
58.4,6.50983,40768.2,3129.86,-6650.35,2032.87,-176.809,-4526.66
58.5,6.49863,40782.9,-1438.96,-2853.39,2071.77,-306.296,-4713.76
58.6,6.49963,40871.0,-5071.31,-3837.89,2124.5,-297.853,-4919.29
58.7,6.52398,40938.7,-3270.81,-7969.69,2142.78,-216.074,-4813.93
58.8,6.558,40937.2,-1662.51,-11573.7,2165.28,-163.206,-4644.04
58.9,6.5902,40893.9,-4388.85,-12726.3,2142.01,-154.83,-4851.54
59.0,6.62307,40890.5,-9332.81,-11539.4,2142.65,-136.454,-5189.88
59.1,6.63355,40804.1,-10031.6,-10419.2,2099.59,-94.0121,-5140.79
59.2,6.62767,40779.8,-5857.86,-11381.2,2064.67,-25.8283,-4803.28
59.3,6.61203,40745.0,-4446.37,-13851.1,2072.0,43.9432,-4602.34
59.4,6.58261,40721.0,-6904.91,-16558.4,2093.84,58.3209,-4749.65
59.5,6.56555,40790.0,-9933.01,-17758.1,2131.94,8.18762,-4845.31
59.6,6.55234,40758.8,-7838.48,-17970.5,2093.68,-164.428,-4755.39
59.7,6.5468,40824.7,-5472.22,-17220.8,2090.84,-214.807,-4683.47
59.8,6.55463,40831.3,-7608.46,-16516.2,2085.76,-151.554,-4855.15
59.9,6.55368,40784.9,-12692.0,-15646.2,2091.86,-53.8189,-5120.81
60.0,6.55241,40828.9,-13874.7,-14043.9,2122.72,28.3645,-5192.29
60.1,6.55927,40813.9,-10820.0,-10877.4,2085.91,56.8223,-4966.85
60.2,6.55248,40785.5,-9784.91,-6993.23,2070.14,14.0328,-4780.51
60.3,6.55676,40848.7,-11360.5,-3570.66,2055.86,-60.01,-4922.78
60.4,6.57101,40845.2,-12272.7,-1324.62,2064.31,-130.686,-5058.28
60.5,6.58439,40854.0,-8283.45,-877.775,2084.46,-185.644,-4919.92
60.6,6.60338,40860.6,-3999.64,-2075.74,2077.84,-212.827,-4721.58
60.7,6.61728,40830.1,-3385.88,-3242.37,2052.8,-160.969,-4856.87
60.8,6.61453,40781.2,-6643.7,-4654.79,2022.18,-107.465,-5112.83
60.9,6.61469,40827.6,-5969.35,-6148.28,1977.64,-51.0768,-5184.17
61.0,6.61546,40794.4,-2724.18,-7342.82,1926.21,16.1262,-4964.3
61.1,6.59429,40722.7,-469.644,-8982.71,1894.53,28.9905,-4859.71
61.2,6.56234,40716.4,-3212.4,-11269.2,1918.02,-2.62687,-4960.46
61.3,6.52558,40698.9,-5568.15,-13724.2,1927.6,-37.9502,-5053.23
61.4,6.50413,40798.1,-3681.63,-15434.2,1972.65,-41.6373,-4943.62
61.5,6.51651,40874.3,-687.207,-15905.7,1971.98,-97.0688,-4737.32
61.6,6.54018,40876.0,-2267.17,-14291.0,1973.53,-135.108,-4740.39
61.7,6.56305,40875.1,-7012.81,-11068.5,2014.77,-108.797,-4961.54
61.8,6.57634,40819.4,-10327.7,-8628.0,2042.2,-113.971,-5037.41
61.9,6.58031,40820.0,-10907.1,-7007.36,2049.06,-53.6452,-4887.4
62.0,6.58233,40802.4,-12106.7,-6653.04,2047.51,-17.779,-4814.0
62.1,6.57754,40807.6,-16493.6,-7770.55,2059.2,-37.3841,-4969.38
62.2,6.59251,40875.1,-19015.4,-8834.16,2096.61,-24.737,-5153.67
62.3,6.60544,40824.7,-16922.0,-9017.61,2111.12,-45.2393,-5045.6
62.4,6.59624,40768.5,-11891.3,-8515.97,2054.75,-120.476,-4821.3
62.5,6.58801,40774.9,-10326.6,-7751.16,2020.8,-227.414,-4777.4
62.6,6.57598,40781.4,-11535.2,-7312.68,2018.6,-245.924,-4918.21
62.7,6.5759,40829.4,-11469.0,-8120.15,2036.02,-190.358,-4924.62
62.8,6.58828,40844.4,-7892.5,-8900.01,2078.09,-128.263,-4774.21
62.9,6.58128,40755.9,-5036.73,-10008.2,2105.19,-192.746,-4716.84
63.0,6.55352,40720.4,-5035.31,-12439.7,2129.22,-281.077,-4892.33
63.1,6.53426,40769.7,-5293.22,-15600.5,2148.82,-229.392,-5050.05
63.2,6.53047,40835.5,-1019.96,-19223.0,2138.16,-135.916,-4999.81
63.3,6.56496,40959.6,3574.21,-21212.2,2128.53,-99.5423,-4793.4
63.4,6.60902,40905.5,3799.47,-19878.2,2093.76,-153.523,-4719.53
63.5,6.61549,40769.4,-813.786,-17268.9,2045.63,-273.851,-4809.63
63.6,6.59313,40729.2,-3995.3,-16542.1,1980.39,-345.86,-4855.9
63.7,6.5733,40762.1,-4130.55,-18162.4,1934.29,-258.35,-4694.08
63.8,6.57358,40837.7,-3144.42,-20991.8,1898.2,-129.212,-4612.1
63.9,6.59413,40894.9,-6597.09,-23207.4,1890.33,-95.164,-4733.77
64.0,6.6177,40857.7,-11392.4,-22190.3,1964.33,-76.5543,-4973.94
64.1,6.60092,40701.3,-11305.3,-20449.2,1989.52,-156.294,-5059.01
64.2,6.5681,40729.9,-7533.03,-20375.4,1962.38,-225.92,-4851.92
64.3,6.5606,40823.0,-3416.61,-22637.7,1978.66,-231.536,-4684.16
64.4,6.58476,40927.7,-2167.5,-26123.0,2020.58,-151.48,-4715.31
64.5,6.63231,40953.3,-1690.02,-28540.2,2060.97,-116.312,-4769.76
64.6,6.65643,40821.8,774.66,-28111.4,2118.71,-189.135,-4690.68
64.7,6.63592,40704.9,4921.5,-25874.3,2124.01,-275.03,-4619.34
64.8,6.60078,40712.4,9517.39,-23848.4,2084.97,-279.039,-4770.76
64.9,6.58221,40794.2,12258.2,-23217.9,2072.5,-194.241,-4922.85
65.0,6.60143,40916.2,15865.4,-22961.6,2052.98,-73.7845,-4947.8
65.1,6.63693,40896.1,19373.3,-21857.3,2045.94,-90.5348,-4853.65
65.2,6.64823,40808.3,19507.2,-18448.3,2077.01,-156.436,-4790.19
65.3,6.63279,40725.1,16311.4,-14822.3,2119.2,-296.141,-4841.08
65.4,6.60894,40748.5,13698.3,-12986.2,2119.88,-383.772,-4913.22
65.5,6.60328,40822.0,12265.4,-12490.5,2043.53,-269.887,-4832.62
65.6,6.61788,40867.0,9232.7,-12478.3,2013.25,-150.065,-4734.88
65.7,6.63724,40869.1,4960.25,-12188.9,1998.21,-131.355,-4876.59
65.8,6.64776,40809.6,1678.43,-11165.1,2002.29,-142.769,-5081.51
65.9,6.62409,40689.2,2269.98,-10967.9,1973.68,-158.604,-5069.11
66.0,6.58792,40738.1,4339.2,-12461.3,1943.71,-109.053,-4900.29
66.1,6.59011,40854.8,4910.69,-13501.1,1921.26,-35.6391,-4892.77
66.2,6.61448,40909.9,3150.65,-12731.1,1968.16,-60.231,-4980.03
66.3,6.65403,40924.7,3469.2,-10525.8,1990.25,-190.614,-4967.46
66.4,6.66197,40761.8,5449.13,-7566.36,1962.89,-270.702,-4779.58
66.5,6.62083,40647.9,7459.79,-6515.31,1942.21,-270.179,-4707.47
66.6,6.58401,40742.1,6140.53,-8228.03,1865.78,-187.752,-4767.8
66.7,6.58736,40869.9,2426.03,-10545.4,1798.19,-55.1085,-4783.41
66.8,6.61007,40883.3,260.191,-12423.1,1720.5,0.284625,-4756.25
66.9,6.62897,40851.1,-1524.24,-13539.8,1699.9,-54.5939,-4732.14
67.0,6.61598,40708.4,-4138.77,-14938.0,1721.13,-154.52,-4803.13
67.1,6.56825,40656.7,-5295.52,-18819.2,1770.92,-184.316,-4945.05
67.2,6.54242,40781.6,-4317.54,-24812.5,1811.68,-90.2558,-4907.72
67.3,6.55807,40906.6,-1040.1,-29890.4,1852.12,32.5628,-4721.07
67.4,6.59768,40940.3,2154.8,-32136.9,1874.96,27.8225,-4611.32
67.5,6.63305,40883.0,4858.22,-30854.0,1892.1,-79.817,-4649.56
67.6,6.62845,40737.7,9734.08,-27704.8,1868.37,-189.977,-4669.4
67.7,6.5939,40696.3,15075.8,-25877.5,1840.73,-267.36,-4537.87
67.8,6.57713,40804.2,20174.9,-25814.9,1794.08,-267.442,-4517.46
67.9,6.58697,40868.5,21852.1,-26591.0,1756.07,-242.179,-4652.42
68.0,6.61624,40904.3,22131.4,-26371.2,1750.54,-215.913,-4796.86
68.1,6.62832,40803.9,23207.8,-24700.4,1755.72,-248.923,-4801.22
68.2,6.60802,40707.1,24103.5,-21774.7,1780.65,-264.232,-4745.78
68.3,6.57002,40701.0,21909.9,-18885.6,1783.05,-221.929,-4736.68
68.4,6.54922,40775.3,18914.4,-17308.7,1747.44,-218.304,-4814.42
68.5,6.55421,40864.3,17228.9,-16454.8,1702.46,-205.229,-4805.95
68.6,6.57491,40870.8,16534.8,-14610.3,1664.22,-165.173,-4688.3
68.7,6.58034,40793.7,15543.5,-11702.5,1685.88,-242.089,-4716.55
68.8,6.56646,40755.3,12277.4,-8441.34,1692.32,-356.743,-4901.42
68.9,6.55399,40777.1,10075.2,-5971.28,1704.01,-397.971,-5054.39
69.0,6.5519,40834.0,10261.1,-5833.28,1725.37,-339.982,-5000.65
69.1,6.58632,40956.8,11006.3,-7062.89,1755.85,-190.797,-4879.22
69.2,6.63276,40930.4,10913.1,-8132.0,1829.52,-125.029,-4889.22
69.3,6.65038,40807.0,9308.9,-7862.69,1834.51,-125.533,-4902.06
69.4,6.63541,40728.5,9158.79,-6168.71,1834.68,-172.825,-4858.41
69.5,6.59996,40697.2,9687.08,-4840.04,1839.21,-285.509,-4772.32
69.6,6.57247,40756.0,9815.91,-5993.37,1764.34,-375.504,-4781.48
69.7,6.5724,40836.7,7600.34,-8080.93,1729.95,-303.055,-4855.42
69.8,6.57156,40792.8,4435.87,-9523.52,1734.76,-205.404,-4912.48
69.9,6.5623,40790.4,3309.51,-9588.81,1731.37,-208.832,-4932.58
70.0,6.54749,40731.2,1885.05,-8270.18,1710.37,-267.683,-4855.27
70.1,6.51016,40689.6,828.533,-8256.97,1660.1,-298.341,-4807.59
70.2,6.48955,40793.7,-384.589,-11597.5,1617.41,-239.37,-4780.25
70.3,6.49956,40860.8,-1434.72,-16077.7,1598.73,-105.779,-4734.99
70.4,6.51228,40848.4,260.814,-19222.7,1564.43,-49.873,-4733.02
70.5,6.5111,40804.0,1857.0,-20511.3,1548.91,-179.479,-4718.73
70.6,6.50207,40760.3,5084.53,-19946.2,1570.59,-327.111,-4796.35
70.7,6.48983,40790.2,9936.14,-20119.0,1568.12,-387.494,-4848.93
70.8,6.50686,40965.6,15881.7,-22486.2,1555.61,-351.718,-4772.66
70.9,6.54946,41048.3,19928.7,-24916.7,1573.66,-251.084,-4620.03
71.0,6.57789,40942.6,21069.6,-25327.6,1572.88,-169.222,-4579.2
71.1,6.58426,40776.5,20318.2,-23543.8,1604.73,-223.624,-4622.32
71.2,6.55663,40688.4,20504.6,-20346.4,1589.51,-309.266,-4647.06
71.3,6.51349,40689.3,22654.4,-17527.6,1573.21,-298.13,-4666.1
71.4,6.48817,40769.8,24320.2,-16080.8,1591.97,-233.998,-4732.72
71.5,6.48049,40900.1,23624.8,-14214.0,1611.59,-160.049,-4871.32
71.6,6.46346,40898.2,23046.2,-10857.3,1616.95,-176.847,-5011.83
71.7,6.43376,40904.0,24205.1,-5578.06,1636.69,-257.466,-5002.08
71.8,6.40174,40954.0,26331.7,278.598,1628.36,-348.945,-4878.72
71.9,6.38061,41119.6,27075.6,4234.84,1578.77,-414.513,-4788.12
72.0,6.38115,41339.2,23531.5,5471.85,1556.18,-364.147,-4746.49
72.1,6.39542,41472.0,18867.9,4638.0,1600.08,-248.939,-4782.93
72.2,6.40857,41528.7,15855.9,2582.13,1689.59,-176.092,-4843.81
72.3,6.41649,41495.8,14457.0,393.05,1725.63,-151.083,-4868.86
72.4,6.40678,41428.9,12300.7,-1061.59,1734.87,-113.313,-4930.74
72.5,6.39511,41486.4,10172.6,-1954.42,1689.09,-60.343,-5087.23
72.6,6.40673,41625.3,8181.3,-3090.87,1643.91,-97.3698,-5139.18
72.7,6.43093,41713.5,7444.14,-4121.04,1588.64,-138.624,-5010.04
72.8,6.4499,41651.7,7800.9,-5756.92,1565.93,-188.599,-4856.1
72.9,6.44152,41504.6,7599.95,-7717.21,1558.93,-199.707,-4769.85
73.0,6.40659,41370.2,8390.56,-10222.4,1579.78,-218.079,-4762.85
73.1,6.36014,41409.2,9539.46,-13192.7,1589.01,-201.196,-4715.89
73.2,6.3263,41593.2,13163.0,-16701.5,1569.07,-148.245,-4748.09
73.3,6.30951,41778.4,14841.4,-19097.0,1531.2,-4.51444,-4782.17
73.4,6.29462,41866.1,14908.8,-19307.4,1495.21,90.2859,-4883.77
73.5,6.27128,41869.2,13890.8,-17473.6,1452.99,30.6175,-4987.03
73.6,6.24346,41928.5,13806.5,-14554.2,1435.58,-105.764,-5011.66
73.7,6.22203,42055.8,15085.0,-12877.4,1399.9,-232.116,-4945.52
73.8,6.22262,42302.5,15600.5,-12977.0,1429.36,-248.198,-4851.38
73.9,6.24935,42505.2,16218.7,-13829.0,1452.82,-219.347,-4836.32
74.0,6.28195,42585.7,17333.7,-13414.6,1486.58,-189.945,-4814.56
74.1,6.31146,42529.9,20787.8,-10363.9,1497.98,-164.618,-4776.8
74.2,6.31237,42351.2,25574.9,-5886.52,1448.09,-185.505,-4726.81
74.3,6.30094,42317.3,29439.5,-983.615,1439.21,-145.386,-4751.65
74.4,6.29621,42368.7,30368.9,3264.82,1461.27,-98.024,-4808.86
74.5,6.28856,42401.4,29119.5,6547.62,1491.43,-122.04,-4890.0
74.6,6.26913,42399.5,27563.5,7656.61,1528.22,-290.892,-4938.2
74.7,6.24031,42408.7,26339.1,7312.85,1592.27,-385.569,-4935.37
74.8,6.20761,42452.5,23291.4,6617.67,1657.94,-346.223,-4910.06
74.9,6.17275,42551.8,18133.5,5899.35,1664.44,-327.002,-4954.28
75.0,6.14947,42720.2,13115.2,6120.32,1641.97,-313.805,-5021.84
75.1,6.13161,42843.4,10050.3,7212.32,1627.04,-265.846,-4988.38
75.2,6.09991,42903.9,7606.17,7040.26,1601.62,-209.251,-4880.02
75.3,6.06833,43012.7,3892.09,4524.24,1594.24,-162.644,-4870.33
75.4,6.04373,43162.1,255.144,915.303,1618.09,-72.281,-5005.1
75.5,6.0397,43206.8,-1661.03,-3039.14,1615.76,-51.4595,-5046.31
75.6,6.05919,43222.3,-182.022,-5620.54,1594.24,-104.498,-5000.94
75.7,6.08931,43209.3,1923.04,-6223.8,1549.7,-194.253,-4963.24
75.8,6.10546,43291.9,3369.5,-6282.16,1493.7,-269.094,-4998.98
75.9,6.11885,43539.3,5401.43,-6291.3,1443.06,-232.686,-4996.91
76.0,6.12663,43735.2,8411.82,-6158.84,1417.86,-147.822,-4846.65
76.1,6.12281,43685.5,11242.4,-6626.36,1399.2,-149.148,-4680.78
76.2,6.11316,43674.6,12014.2,-6964.67,1376.58,-166.736,-4650.76
76.3,6.08071,43604.1,10607.9,-8542.27,1409.29,-217.335,-4708.98
76.4,6.04173,43658.6,11752.8,-12005.0,1447.82,-216.505,-4784.21
76.5,6.01446,43764.6,14640.5,-16067.9,1451.34,-153.523,-4743.34
76.6,5.9916,43887.7,15999.6,-17600.8,1474.66,-48.4917,-4690.46
76.7,5.9794,44015.0,14709.6,-15874.7,1516.53,-85.427,-4786.58
76.8,5.97164,44080.2,12611.9,-11211.3,1541.81,-222.514,-4896.15
76.9,5.94767,44083.6,13144.2,-6063.85,1556.11,-331.017,-4844.99
77.0,5.91297,44158.4,14838.8,-3242.31,1551.11,-359.559,-4653.07
77.1,5.89331,44337.0,15063.2,-2864.22,1542.6,-343.582,-4589.68
77.2,5.89002,44372.0,13219.8,-3508.91,1536.68,-332.788,-4700.02
77.3,5.90555,44379.4,12786.6,-3319.83,1540.55,-315.147,-4807.84
77.4,5.92955,44337.7,15805.3,-1596.66,1530.63,-309.035,-4814.92
77.5,5.93857,44350.8,18767.4,421.224,1532.68,-327.995,-4787.38
77.6,5.93817,44487.5,19805.3,971.449,1535.97,-319.682,-4881.74
77.7,5.93438,44668.3,18925.5,-97.0241,1547.43,-233.092,-4976.48
77.8,5.92304,44873.4,17799.4,-2344.6,1541.68,-160.018,-4917.6
77.9,5.91159,45049.0,17144.0,-3832.35,1561.16,-147.281,-4836.45
78.0,5.9032,45028.1,14096.7,-2705.76,1591.95,-175.08,-4845.49
78.1,5.87343,44952.1,9765.94,-29.2191,1598.59,-253.14,-4964.43
78.2,5.839,44984.9,6765.32,2699.46,1637.42,-285.831,-5051.8
78.3,5.81658,45006.2,5427.16,4940.35,1653.06,-207.383,-4984.59
78.4,5.79601,45015.7,3030.01,6180.54,1654.29,-108.786,-4901.27
78.5,5.78654,45057.4,-1174.97,6721.47,1682.89,-65.0485,-4957.85
78.6,5.78652,45056.8,-6203.81,7422.96,1714.23,-59.0633,-5012.41
78.7,5.77061,44998.6,-8637.75,6485.37,1708.27,-129.512,-4964.32
78.8,5.75996,45051.7,-9706.6,3363.28,1708.46,-151.415,-4870.75
78.9,5.75223,45026.1,-10334.3,-1101.33,1689.55,-93.633,-4910.38
79.0,5.7481,45071.8,-9571.53,-5111.76,1672.9,-2.305,-5032.12
79.1,5.76475,45130.1,-6026.22,-6312.72,1665.32,41.839,-5043.84
79.2,5.78151,45088.8,-10.8259,-3237.41,1661.37,25.3638,-4947.85
79.3,5.77751,45021.9,5283.66,870.595,1668.28,-117.64,-4886.49
79.4,5.76775,45037.4,7596.26,3014.22,1705.22,-219.539,-4876.26
79.5,5.75861,45037.7,8547.27,2261.66,1770.75,-157.388,-4829.3
79.6,5.74523,45017.5,7482.83,-1342.52,1793.57,-71.5156,-4683.19
79.7,5.73679,45061.7,6773.21,-5007.74,1790.24,-44.5822,-4706.2
79.8,5.72622,45010.3,4780.08,-6367.7,1764.72,-70.7544,-4852.28
79.9,5.69765,44972.1,3671.79,-6439.16,1709.89,-129.956,-5010.92
80.0,5.67642,45028.1,4479.77,-6555.92,1689.51,-127.928,-5082.79
80.1,5.65921,45000.0,6057.07,-7024.66,1665.42,-52.8729,-5075.37
80.2,5.639,45022.1,7212.59,-7646.33,1681.69,21.3398,-5063.78
80.3,5.63365,45058.8,7820.24,-7806.56,1728.74,-16.8088,-5008.3
80.4,5.63484,45071.1,10444.1,-6253.68,1796.12,-82.158,-4921.71
80.5,5.63941,45081.8,13267.7,-4033.69,1840.89,-140.98,-4764.46
80.6,5.65112,45096.7,15746.3,-2553.22,1875.18,-208.714,-4712.25
80.7,5.65937,45072.4,17055.0,-2157.4,1861.76,-199.04,-4785.57
80.8,5.66026,45057.3,18920.1,-3021.82,1825.64,-126.314,-4876.38
80.9,5.65924,45057.4,20271.9,-3681.7,1777.87,-29.5504,-4854.92
81.0,5.65925,45070.7,20372.1,-2623.69,1772.3,22.8591,-4873.65
81.1,5.65721,45039.9,17331.1,-104.386,1759.71,-34.3391,-4951.86
81.2,5.64644,45027.4,12406.6,3333.05,1802.06,-98.0791,-5006.14
81.3,5.62312,44979.6,7924.67,5617.09,1853.92,-169.825,-4935.79
81.4,5.59906,45012.0,4672.68,5783.05,1925.58,-209.174,-4826.21
81.5,5.58985,45059.0,2602.49,4586.29,1996.64,-195.346,-4803.13
81.6,5.5964,45096.4,187.012,4573.87,2067.41,-113.598,-4830.93
81.7,5.6065,45091.0,-2444.29,7642.3,2102.43,-48.382,-4872.36
81.8,5.60488,45036.7,-4920.02,12819.1,2093.15,-120.294,-4923.25
81.9,5.5883,45003.0,-7638.22,17602.4,2069.5,-214.332,-4980.7
82.0,5.57256,45028.3,-11862.8,19719.3,2056.62,-193.66,-4996.97
82.1,5.56612,45062.1,-17442.0,18250.8,2068.86,-137.143,-5013.02
82.2,5.57879,45131.0,-21457.0,15208.2,2108.75,-104.918,-5087.34
82.3,5.59715,45098.9,-22691.3,12546.4,2115.76,-161.584,-5091.14
82.4,5.59838,45040.2,-21946.9,10684.1,2116.24,-241.311,-4998.11
82.5,5.59105,45041.4,-20000.4,8539.76,2120.61,-263.353,-4959.78
82.6,5.59216,45082.2,-18041.3,5458.33,2152.62,-175.376,-4996.3
82.7,5.61391,45148.7,-13826.1,2108.98,2221.98,-38.1261,-5018.9
82.8,5.63732,45120.5,-8873.26,-58.601,2263.79,49.7728,-4906.98
82.9,5.6376,45025.6,-5533.08,-628.06,2282.73,7.26319,-4808.04
83.0,5.61149,44978.4,-4196.47,-918.144,2301.7,-107.02,-4891.06
83.1,5.59406,45038.2,-3968.52,-2441.03,2314.25,-180.134,-4973.64
83.2,5.59897,45114.4,-1629.64,-5383.8,2302.59,-171.126,-4934.38
83.3,5.62565,45157.0,1261.5,-8435.79,2274.13,-126.735,-4838.58
83.4,5.65132,45119.6,2560.85,-9596.77,2254.44,-115.946,-4865.92
83.5,5.65103,45018.5,2909.74,-8738.53,2208.9,-152.184,-4963.2
83.6,5.63509,45018.0,5044.02,-7079.7,2193.36,-169.145,-4948.25
83.7,5.62709,45056.8,9498.92,-6144.04,2174.75,-143.644,-4813.25
83.8,5.63394,45100.1,13079.0,-6189.17,2185.62,-92.3601,-4723.35
83.9,5.64904,45114.9,13529.4,-5987.38,2221.0,-61.5741,-4770.69
84.0,5.66071,45085.8,13434.5,-3639.11,2283.68,-76.6236,-4889.81
84.1,5.6569,45032.7,13960.9,-313.647,2328.06,-217.613,-4879.71
84.2,5.65717,45088.1,14952.7,3527.11,2318.75,-292.673,-4823.42
84.3,5.67619,45128.8,13505.6,7240.12,2295.98,-264.592,-4867.78
84.4,5.70364,45159.6,10128.6,10778.8,2254.25,-195.003,-4992.82
84.5,5.73,45118.3,7130.31,14399.6,2194.67,-183.72,-5026.38
84.6,5.73498,45043.0,6066.22,19166.8,2171.03,-175.07,-4978.65
84.7,5.71318,44975.5,4084.08,23019.0,2137.99,-214.014,-4927.15
84.8,5.68099,44987.5,370.756,24589.2,2124.43,-231.708,-5000.31
84.9,5.66026,45020.0,-3685.33,23677.0,2138.16,-174.88,-5100.22
85.0,5.66076,45111.2,-6244.14,21325.1,2190.46,-66.6178,-5073.03
85.1,5.68546,45137.0,-8944.83,19446.5,2233.04,-11.7799,-4949.6
85.2,5.69798,45074.7,-13209.2,19774.2,2291.28,-8.11263,-4970.71
85.3,5.69664,45056.3,-18257.3,22045.3,2349.82,5.0655,-5112.15
85.4,5.70204,45086.7,-22609.6,25392.5,2406.68,26.3752,-5148.78
85.5,5.71321,45098.8,-23960.7,28081.1,2429.89,1.33169,-5101.98
85.6,5.73207,45136.9,-25503.8,29038.2,2463.69,-14.4948,-5075.21
85.7,5.74514,45071.4,-27494.3,27885.5,2438.25,-15.1298,-5128.45
85.8,5.73749,45029.7,-27609.0,25444.8,2409.33,13.8006,-5183.14
85.9,5.73798,45087.3,-26582.3,23726.7,2418.43,63.8482,-5063.33
86.0,5.74932,45097.0,-25617.9,23266.2,2441.4,19.3088,-4917.06
86.1,5.75754,45085.6,-25421.7,23100.8,2428.88,-51.1653,-4938.63
86.2,5.75851,45046.4,-25375.0,21518.7,2410.56,-66.3378,-4991.98
86.3,5.7405,44990.5,-22080.3,17915.6,2375.99,-11.2102,-4972.53
86.4,5.71845,45012.3,-18034.3,12976.7,2351.35,58.5207,-4860.67
86.5,5.71281,45069.7,-16535.7,9231.91,2323.61,96.1619,-4864.03
86.6,5.71269,45068.1,-16989.7,7620.14,2303.31,59.1414,-5041.4
86.7,5.7215,45109.5,-16194.7,7643.34,2312.78,-3.9725,-5150.78
86.8,5.73453,45086.7,-12088.3,7907.17,2311.79,-68.693,-5067.0
86.9,5.73791,45067.9,-7186.75,7694.45,2300.67,-62.3765,-4939.7
87.0,5.74677,45104.3,-4223.53,7053.63,2293.7,-27.3403,-4943.57
87.1,5.76414,45116.3,-4244.73,7055.64,2284.98,-21.3853,-4967.65
87.2,5.78657,45132.3,-3937.09,7831.22,2268.92,-59.1507,-4957.49
87.3,5.80963,45123.8,-2679.5,9182.32,2246.2,-85.3903,-4920.37
87.4,5.81252,45037.5,-3592.11,10033.7,2217.49,-91.175,-4929.56
87.5,5.7967,45003.6,-6784.71,9375.1,2211.92,-69.9877,-5056.49
87.6,5.77926,45023.8,-9535.82,8113.21,2188.0,19.7083,-5205.68
87.7,5.76568,45027.0,-10089.0,7299.02,2141.75,91.1429,-5188.69
87.8,5.76253,45080.6,-8300.52,7855.96,2108.22,93.8514,-5100.85
87.9,5.77473,45106.9,-7117.69,9909.6,2125.89,42.4683,-5052.3
88.0,5.77385,45036.2,-7703.33,13249.7,2130.71,33.2998,-5038.69
88.1,5.75746,44997.1,-8505.67,16782.7,2151.79,15.9312,-5008.01
88.2,5.73799,45022.2,-8434.21,20623.8,2170.55,-5.56094,-4947.32
88.3,5.73496,45078.2,-8790.64,25012.3,2192.81,-24.5658,-4896.29
88.4,5.75166,45139.2,-11452.7,30048.9,2228.48,-22.263,-4941.98
88.5,5.77763,45139.9,-14839.1,34794.2,2236.03,-46.3849,-5079.97
88.6,5.79473,45086.1,-18155.8,38687.3,2218.15,-73.0107,-5124.46
88.7,5.79195,45035.8,-21335.7,40664.2,2193.25,-99.2532,-5059.35
88.8,5.79403,45094.8,-24669.4,40543.4,2211.93,-89.6348,-5057.47
88.9,5.81782,45149.7,-30046.7,39369.0,2256.66,-38.047,-5093.87
89.0,5.84831,45144.1,-35287.7,37988.0,2313.28,-31.4221,-5125.61
89.1,5.85249,45029.6,-36562.1,35518.3,2302.69,-120.306,-5130.05
89.2,5.82208,44933.5,-35844.0,31644.0,2276.35,-148.865,-5036.15
89.3,5.77307,44924.7,-36028.2,25795.6,2264.11,-86.2738,-4958.24
89.4,5.74779,45044.1,-38073.6,19636.2,2252.49,49.2075,-4999.01
89.5,5.75709,45117.7,-38646.6,15830.1,2219.6,111.303,-5099.84
89.6,5.76737,45083.9,-35886.2,14861.0,2184.49,24.4653,-5074.1
89.7,5.76581,45045.1,-30436.5,15480.4,2177.08,-101.945,-5002.4
89.8,5.74793,44983.4,-27654.7,15191.1,2169.21,-184.594,-4984.31
89.9,5.72466,45020.9,-27024.7,13214.4,2176.73,-129.18,-5107.21
90.0,5.73986,45154.5,-26858.8,11024.1,2199.86,-27.8525,-5149.51
90.1,5.7762,45177.8,-24062.7,10742.5,2197.17,-13.5253,-5048.03
90.2,5.81343,45162.2,-19642.4,12694.3,2190.32,-88.7176,-4955.97
90.3,5.83237,45079.6,-16150.9,15420.0,2170.08,-164.764,-4967.65
90.4,5.82371,45006.5,-13133.6,16754.0,2137.9,-174.115,-5030.74
90.5,5.81106,45044.0,-10212.3,15930.3,2109.16,-105.938,-4982.3
90.6,5.81707,45100.5,-6762.84,13862.9,2089.55,-61.4207,-4899.8
90.7,5.83041,45114.4,-4851.23,12929.0,2087.72,-12.2093,-4891.56
90.8,5.83587,45048.4,-5480.92,13879.8,2097.91,-24.1817,-4942.38
90.9,5.8155,44975.6,-6545.14,15818.8,2123.04,-101.979,-4991.71
91.0,5.78394,44974.0,-5772.1,17304.8,2154.3,-148.471,-4996.06
91.1,5.75427,44993.7,-4588.29,16709.8,2146.86,-143.312,-4938.57
91.2,5.73979,45045.1,-5460.82,14956.4,2102.96,-56.7528,-4892.15
91.3,5.73847,45077.3,-7570.04,13730.1,2069.19,-4.36287,-4945.51
91.4,5.74863,45105.8,-9092.44,14435.6,2085.78,-29.9867,-4998.45
91.5,5.76689,45119.3,-9447.27,17173.7,2141.29,-97.1953,-4971.65
91.6,5.77501,45069.7,-10300.6,20325.1,2207.88,-148.08,-4966.13
91.7,5.78315,45087.6,-12779.4,22411.0,2288.66,-140.139,-5054.16
91.8,5.79438,45102.8,-15415.8,23211.2,2319.49,-69.1116,-5127.81
91.9,5.82048,45151.5,-18094.0,23994.9,2355.67,3.51075,-5073.74
92.0,5.84894,45142.4,-19829.7,25237.2,2356.1,-16.3498,-5027.16
92.1,5.87057,45115.5,-23160.9,26979.2,2365.9,-59.997,-5052.1
92.2,5.87245,45030.9,-27039.4,27897.0,2371.33,-103.911,-5134.71
92.3,5.85131,44987.8,-28738.1,26781.9,2372.38,-112.242,-5187.78
92.4,5.83064,45011.9,-30411.6,24228.0,2323.87,-47.7907,-5101.69
92.5,5.80464,44984.4,-30019.4,20778.6,2287.63,-4.8265,-5115.07
92.6,5.78664,45036.3,-29030.9,16778.0,2299.3,5.2735,-5163.6
92.7,5.77642,45035.0,-25588.7,12545.7,2283.92,19.238,-5133.92
92.8,5.75727,44996.8,-22164.8,8568.4,2278.09,87.9624,-4953.46
92.9,5.73369,44999.3,-20505.3,5074.11,2265.84,136.555,-4837.84
93.0,5.72559,45072.3,-21215.2,3131.33,2280.07,136.258,-4857.39
93.1,5.74025,45127.2,-21877.7,2383.42,2302.55,63.5192,-4875.09
93.2,5.77332,45173.4,-19274.5,2133.1,2309.12,-16.536,-4841.82
93.3,5.806,45144.8,-14655.3,1806.79,2296.66,-50.2335,-4809.93
93.4,5.82499,45093.1,-12978.3,1458.84,2305.94,-53.9165,-4818.02
93.5,5.83731,45103.3,-12706.4,1197.1,2305.84,-59.4732,-4921.37
93.6,5.86011,45139.5,-11461.3,1277.93,2313.82,-67.3587,-4962.84
93.7,5.8892,45143.3,-8123.43,1787.17,2311.98,-47.9981,-4841.05
93.8,5.90038,45070.2,-3663.31,1318.94,2293.35,-69.4535,-4723.87
93.9,5.89283,45014.7,-364.892,724.691,2321.26,-41.168,-4760.52
94.0,5.86231,44948.3,1490.3,968.904,2358.45,-3.09675,-4834.46
94.1,5.81231,44916.0,3657.81,2296.19,2341.94,-34.4627,-4861.02
94.2,5.77275,44977.0,6781.91,4682.17,2317.87,-120.962,-4894.48
94.3,5.74981,45023.1,8582.59,7596.66,2279.63,-176.304,-4930.98
94.4,5.74093,45060.5,8653.96,9580.5,2285.21,-186.419,-5008.58
94.5,5.74776,45083.1,7383.33,11475.1,2302.5,-132.777,-5041.87
94.6,5.74363,45043.7,5921.41,13978.6,2322.03,-85.8575,-5021.29
94.7,5.74355,45067.4,3554.42,17368.2,2313.28,-73.9143,-4969.91
94.8,5.75969,45137.4,1381.62,20938.9,2318.55,-121.432,-4998.31
94.9,5.78809,45148.7,-746.27,22912.1,2289.74,-161.663,-5015.17
95.0,5.82295,45171.5,-1372.14,23303.1,2286.91,-97.3593,-5034.83
95.1,5.85266,45124.5,-1616.17,23235.9,2328.28,-15.7332,-5045.22
95.2,5.86899,45098.5,-2381.25,24661.5,2389.9,16.327,-5086.95
95.3,5.88201,45098.8,-4885.31,28540.5,2448.41,-37.4777,-5111.93
95.4,5.88578,45052.5,-8353.63,32689.5,2485.22,-182.96,-5090.33
95.5,5.88525,45078.1,-10521.5,34988.0,2514.62,-244.672,-5066.88
95.6,5.88882,45065.9,-12539.9,34513.5,2572.89,-207.253,-4982.58
95.7,5.87621,45003.5,-14547.4,32161.9,2619.97,-149.574,-4918.41
95.8,5.84795,44976.0,-17126.3,29474.4,2643.76,-150.517,-4941.78
95.9,5.81429,44966.9,-19919.9,28345.0,2654.62,-145.273,-5003.99
96.0,5.78019,44973.8,-21540.5,27170.8,2626.94,-197.571,-5048.94
96.1,5.76487,45061.9,-20793.7,24698.6,2580.14,-219.951,-5070.64
96.2,5.76996,45083.1,-18413.6,20858.1,2527.78,-164.253,-5048.11
96.3,5.77268,45063.7,-16132.0,16237.9,2473.6,-107.219,-4991.85
96.4,5.78435,45116.8,-13996.0,12546.9,2458.7,-104.688,-4982.97
96.5,5.80392,45109.3,-10686.8,10640.3,2424.01,-192.657,-4981.3
96.6,5.82552,45134.1,-8116.4,9177.22,2418.64,-294.113,-4869.38
96.7,5.86303,45188.8,-6206.17,6543.11,2420.39,-313.666,-4807.64
96.8,5.90729,45182.5,-5247.15,3455.57,2466.93,-198.749,-4875.18
96.9,5.93906,45137.7,-5926.58,1631.02,2497.27,-52.7212,-4917.01
97.0,5.95725,45095.6,-6826.53,2758.41,2502.06,-28.3972,-4904.25
97.1,5.96435,45077.2,-8199.51,7095.36,2519.53,-115.884,-4936.83
97.2,5.9659,45069.3,-9406.8,11618.3,2527.67,-252.328,-5040.36
97.3,5.96235,45050.3,-10397.1,12662.8,2524.69,-349.3,-5069.77
97.4,5.94867,45013.3,-11283.5,9289.34,2557.78,-316.569,-4990.96
97.5,5.92672,44987.3,-11172.9,3292.28,2584.75,-195.777,-4954.51
97.6,5.90633,44951.1,-10614.7,-1456.96,2549.86,-81.0795,-4956.25
97.7,5.89075,44964.5,-8186.4,-1715.74,2486.71,-48.7118,-4938.85
97.8,5.87403,44975.4,-2315.51,1241.81,2407.85,-129.122,-4922.7
97.9,5.8655,45025.3,3588.69,5094.82,2336.96,-162.136,-4852.4
98.0,5.84976,45009.9,8402.07,6968.57,2283.37,-129.186,-4858.33
98.1,5.83455,45032.0,10552.9,7209.22,2253.87,-40.3158,-4888.98
98.2,5.84563,45132.6,10873.9,8545.42,2265.46,-5.43288,-4880.36
98.3,5.88123,45189.8,9609.8,13319.8,2291.68,-91.4785,-4852.79
98.4,5.93402,45215.9,7244.66,20629.5,2335.24,-282.389,-4912.45
98.5,5.98379,45184.7,3823.31,28018.1,2366.16,-407.905,-5011.25
98.6,6.00345,45070.1,1846.34,31015.7,2370.15,-459.002,-5063.75
98.7,6.0038,44949.8,350.967,29112.7,2353.5,-302.12,-5015.43
98.8,6.00956,44894.7,-1717.48,24814.2,2349.33,-80.8784,-4971.62
98.9,6.01796,44875.1,-3592.21,21867.3,2373.2,57.9871,-5042.14
99.0,6.021,44752.7,-3693.49,21185.0,2358.18,-0.921875,-5092.7
99.1,5.9968,44532.8,-1832.85,22303.5,2377.71,-93.6156,-5032.7
99.2,5.94058,44371.0,-858.914,22464.4,2422.17,-103.571,-4953.51
99.3,5.88657,44421.9,-1162.26,20153.1,2444.21,-82.0624,-5018.91
99.4,5.85476,44643.9,-3366.89,17163.6,2431.96,-33.3329,-5061.87
99.5,5.84812,44892.5,-5900.36,15442.3,2444.45,6.11587,-4998.54
99.6,5.86004,45043.3,-8558.74,15958.5,2445.67,-4.7355,-4950.56
99.7,5.86684,45035.4,-12969.4,17829.3,2442.7,-40.9173,-4996.01
99.8,5.86135,44981.4,-17756.9,18756.8,2405.82,-60.204,-5092.16
99.9,5.85841,45056.7,-20627.9,17798.3,2408.4,4.101,-5124.16
100.0,5.87981,45152.3,-22957.5,14699.2,2409.18,78.6065,-5007.58
100.1,5.92083,45203.2,-26497.2,10748.5,2420.9,141.793,-4930.71
100.2,5.9672,45188.0,-31670.9,7115.93,2498.64,158.51,-4996.5
100.3,6.00501,45151.2,-34130.8,4800.39,2568.99,157.441,-5076.94
100.4,6.01954,44949.7,-32889.8,2893.96,2565.8,88.8988,-4965.99
100.5,6.015,44793.0,-29659.8,1128.45,2544.95,41.8413,-4830.36
100.6,6.00035,44709.9,-27919.8,-1297.17,2465.63,43.9232,-4863.76
100.7,5.9856,44723.5,-27762.5,-4103.69,2409.44,90.7946,-4986.39
100.8,5.96951,44722.8,-24968.1,-5855.24,2377.64,144.103,-5039.71
100.9,5.93753,44641.7,-19780.8,-5744.33,2344.87,139.011,-4949.14
101.0,5.88638,44579.5,-16023.3,-4754.85,2322.67,54.7574,-4869.16
101.1,5.83456,44654.9,-15192.5,-3999.75,2301.17,0.231688,-4920.85
101.2,5.80119,44878.6,-15174.0,-5080.23,2300.33,-6.92959,-4985.26
101.3,5.80672,45160.1,-12808.9,-7258.72,2284.47,37.644,-4920.17
101.4,5.83952,45160.4,-10106.5,-8764.44,2271.15,62.7376,-4798.69
101.5,5.87008,45128.7,-9016.3,-8365.22,2220.66,48.9779,-4852.65
101.6,5.89059,45106.5,-10076.4,-5889.11,2193.34,23.99,-5027.88
101.7,5.90984,45117.4,-8995.79,-1777.43,2171.65,37.133,-5119.52
101.8,5.92932,45113.7,-7416.6,1789.77,2121.95,14.7036,-4976.13
101.9,5.94861,45120.5,-5791.22,3312.33,2105.7,-29.888,-4913.1
102.0,5.96882,45122.1,-5560.98,2962.66,2138.22,8.91875,-4962.12
102.1,5.97817,45069.1,-5220.39,2077.86,2160.28,82.5131,-4931.67
102.2,5.97265,45011.5,-4605.59,2852.29,2187.25,109.498,-4779.93
102.3,5.95887,44915.3,-5564.93,5862.23,2197.58,20.2852,-4726.16
102.4,5.93479,44870.1,-8579.75,10150.9,2202.51,-69.8285,-4883.31
102.5,5.90066,44862.5,-10986.3,12862.4,2218.38,-109.527,-5053.84
102.6,5.85724,44884.0,-11691.7,12743.7,2220.47,-69.8327,-5040.76
102.7,5.81052,44946.1,-12356.3,10194.2,2218.95,-6.098,-4976.41
102.8,5.78456,45027.9,-15120.1,8026.79,2232.0,71.2617,-5038.29
102.9,5.78893,45109.8,-19289.8,8871.97,2306.21,109.577,-5136.58
103.0,5.81359,45152.2,-21382.0,13265.7,2385.27,56.9823,-5101.09
103.1,5.84606,45144.1,-21459.3,19034.3,2474.09,-84.598,-4960.7
103.2,5.86548,45090.8,-22188.3,23029.2,2529.9,-184.747,-4899.27
103.3,5.87556,45082.3,-24837.8,23003.8,2540.58,-175.053,-4960.11
103.4,5.88591,45093.9,-28977.5,19146.8,2469.07,-92.7961,-4983.29
103.5,5.9113,45163.7,-30402.7,13887.0,2411.81,-10.3976,-5000.75
103.6,5.95419,45197.5,-31381.3,9950.65,2395.24,32.3299,-5003.74
103.7,5.9836,45103.7,-33151.3,7403.24,2381.75,-21.3632,-5085.86
103.8,5.9703,44981.2,-36077.5,4580.14,2386.98,-71.972,-5169.77
103.9,5.92673,44915.3,-37959.3,-367.535,2408.56,-28.1025,-5153.73
104.0,5.88278,44968.8,-38265.4,-7493.37,2476.24,90.5029,-5031.62
104.1,5.87239,45084.4,-37433.2,-14347.9,2519.26,213.77,-4920.81
104.2,5.88334,45109.5,-35611.4,-17336.0,2532.94,250.919,-4896.18
104.3,5.88295,45037.2,-32466.5,-15540.8,2530.28,157.54,-4888.81
104.4,5.86018,44978.1,-27492.8,-11512.7,2501.39,-28.8965,-4857.75
104.5,5.83181,44984.3,-22752.5,-8494.8,2434.33,-134.413,-4835.59
104.6,5.82015,45064.7,-18049.8,-8235.98,2329.85,-83.4294,-4894.71
104.7,5.84608,45186.7,-14288.8,-8856.17,2238.59,68.8095,-4912.95
104.8,5.89615,45207.4,-10591.3,-7504.62,2194.42,121.707,-4866.56
104.9,5.93949,45166.5,-7564.62,-3220.84,2219.12,35.8428,-4833.33
105.0,5.96204,45087.9,-6737.06,2755.45,2273.76,-52.2588,-4825.8
105.1,5.95536,44987.2,-6960.56,7371.31,2323.4,-87.4003,-4859.69
105.2,5.9445,44982.0,-7671.61,9096.58,2363.84,-39.2347,-4871.36
105.3,5.95596,45119.9,-8940.97,9429.17,2425.22,35.9565,-4863.25
105.4,5.97594,45129.0,-10270.9,10520.0,2485.72,52.7993,-4931.32
105.5,5.99093,45084.5,-12727.1,13531.4,2492.92,-2.31425,-5012.69
105.6,5.97379,44867.4,-14160.4,17804.6,2480.57,-80.0472,-5109.51
105.7,5.92906,44703.3,-14966.4,21210.4,2453.48,-105.146,-5098.08
105.8,5.88417,44740.1,-15021.7,21414.5,2429.96,-104.252,-5036.75
105.9,5.86259,44931.6,-15041.1,19744.5,2394.24,12.3105,-4997.66
106.0,5.858,45075.1,-17071.6,17904.2,2407.56,127.146,-4947.06
106.1,5.855,45051.1,-20960.4,17588.1,2446.78,158.818,-4914.74
106.2,5.84933,45035.5,-25039.4,19205.7,2490.37,118.718,-4981.55
106.3,5.83614,45016.7,-28910.7,20515.2,2552.03,38.1315,-5078.7
106.4,5.83942,45115.4,-31640.7,19387.9,2609.74,29.648,-5123.35
106.5,5.8758,45188.8,-34125.8,15928.6,2644.03,117.943,-5109.34
106.6,5.92233,45204.4,-36645.6,11826.8,2682.81,217.76,-5124.44
106.7,5.9793,45226.3,-39672.9,9813.58,2752.13,273.254,-5124.84
106.8,6.02054,45136.5,-42434.1,10544.5,2782.8,211.161,-5041.91
106.9,6.02884,44886.5,-44538.6,11885.7,2790.16,123.817,-4937.97
107.0,6.02087,44735.0,-45015.7,10802.3,2789.35,88.105,-4893.24
107.1,6.00789,44672.8,-46115.0,6751.4,2780.32,186.774,-4814.52
107.2,5.99849,44688.2,-45154.1,1408.71,2753.26,310.895,-4823.2
107.3,5.98394,44652.5,-42985.1,-2812.45,2681.47,306.389,-4846.71
107.4,5.956,44586.1,-40312.7,-4671.42,2639.23,212.301,-4868.72
107.5,5.92304,44556.2,-36319.1,-5567.44,2551.01,103.154,-4914.32
107.6,5.88978,44629.8,-30353.8,-7376.05,2459.48,60.289,-4951.6
107.7,5.8811,44814.3,-23364.1,-10082.1,2442.47,115.165,-4891.49
107.8,5.89972,44987.8,-16863.5,-12021.0,2483.16,179.043,-4779.87
107.9,5.92099,44986.4,-13242.2,-12353.1,2489.17,153.914,-4702.94
108.0,5.93774,44934.3,-10101.3,-10483.0,2546.98,107.993,-4749.9
108.1,5.95459,44864.5,-7466.12,-7495.0,2549.66,87.6335,-4724.35
108.2,5.98051,44882.4,-3028.34,-4299.92,2514.67,89.8531,-4721.38
108.3,6.02844,44912.4,-1189.58,-700.991,2483.94,85.5723,-4772.86
108.4,6.07718,44798.4,-2462.77,3244.69,2464.79,39.565,-4942.91
108.5,6.10672,44589.8,-5810.49,7355.69,2450.02,-4.9665,-5102.02
108.6,6.10403,44294.7,-7748.14,9890.62,2414.1,-68.8968,-5142.35
108.7,6.08054,44166.6,-9494.08,10480.2,2408.23,-54.0919,-5058.25
108.8,6.06289,44189.1,-11148.7,9335.79,2415.27,20.1328,-5010.7
108.9,6.05292,44239.4,-13660.5,8520.08,2450.81,139.511,-4997.51
109.0,6.03597,44191.6,-13877.3,9513.01,2463.37,200.28,-4988.87
109.1,5.99688,44067.7,-12273.1,12681.1,2450.95,160.599,-4897.32
109.2,5.94328,44042.4,-10786.6,16689.9,2461.84,76.9778,-4846.6
109.3,5.905,44187.3,-11168.3,19788.7,2490.62,33.564,-4943.62
109.4,5.90441,44463.0,-14570.3,21506.4,2532.89,51.8946,-5049.77
109.5,5.93139,44644.0,-18304.3,22379.0,2516.32,60.789,-5074.74
109.6,5.96972,44658.4,-23389.0,24067.8,2516.47,54.503,-5015.7
109.7,6.00141,44564.3,-28865.5,26075.7,2561.88,-15.4405,-5025.65
109.8,6.03514,44484.4,-34106.4,26978.8,2620.9,-69.87,-5083.19
109.9,6.07503,44418.0,-37758.9,25289.4,2658.22,-68.1302,-5042.21
110.0,6.10692,44335.1,-39733.9,20584.7,2648.75,5.53875,-4923.11
110.1,6.13438,44212.6,-41644.7,14405.5,2619.43,103.066,-4844.84
110.2,6.13435,44004.5,-43482.5,9218.64,2537.94,156.489,-4894.88
110.3,6.11312,43876.7,-44628.8,5288.68,2514.7,90.179,-4956.34
110.4,6.09519,43887.9,-42992.0,2154.55,2498.41,4.37325,-4960.66
110.5,6.07883,43897.4,-39676.0,-961.231,2484.45,2.65125,-4945.65
110.6,6.05253,43890.5,-34778.3,-4839.11,2463.28,30.1751,-4987.09
110.7,6.02466,43909.9,-30555.8,-7540.96,2454.46,93.1276,-4957.94
110.8,5.99603,43932.4,-27317.1,-7220.94,2442.12,96.7784,-4863.39
110.9,5.96765,44019.6,-24849.4,-4956.69,2425.5,-21.176,-4818.25
111.0,5.9686,44199.7,-23663.1,-1566.79,2446.18,-97.4597,-4855.8
111.1,5.9835,44257.4,-21936.4,831.417,2451.45,-121.482,-4889.47
111.2,5.99955,44284.9,-19622.6,986.509,2449.77,-85.6039,-4875.81
111.3,6.02903,44264.1,-17203.7,176.437,2410.14,-30.3289,-4872.51
111.4,6.05254,44204.8,-14833.2,409.964,2360.36,19.0272,-4946.43
111.5,6.08335,44214.0,-11886.8,2309.93,2276.93,29.9698,-5011.55
111.6,6.12495,44186.4,-9198.43,4854.74,2224.69,-57.642,-4962.1
111.7,6.15057,44089.5,-6231.82,6534.46,2218.99,-86.7773,-4901.39
111.8,6.15933,43934.2,-4973.78,6536.1,2233.38,-3.6785,-4866.95
111.9,6.1386,43750.4,-4161.07,5341.69,2264.72,20.6814,-4876.21
112.0,6.0971,43709.5,-2797.18,4654.38,2249.23,10.789,-4852.13
112.1,6.07054,43810.8,-1260.68,6454.68,2244.58,26.4382,-4808.44
112.2,6.04691,43879.0,-1164.5,10754.2,2221.94,10.4757,-4841.35
112.3,6.03141,43960.8,-1498.91,15782.9,2268.18,-58.1012,-5012.2
112.4,6.02407,43961.5,-113.718,20616.6,2330.0,-97.318,-5126.41
112.5,5.99699,43854.2,988.586,23707.6,2344.62,-85.9173,-5024.53
112.6,5.96649,43909.8,-452.774,24793.5,2349.46,-31.258,-4947.13
112.7,5.96643,44079.9,-5529.06,25349.8,2379.67,14.1868,-5019.75
112.8,5.99479,44287.6,-12392.8,26916.2,2451.81,67.7742,-5090.64
112.9,6.04641,44334.8,-16337.7,28764.7,2451.43,18.7908,-5081.69
113.0,6.08106,44179.1,-18444.6,30740.4,2468.91,-18.4408,-5049.54
113.1,6.082,43928.1,-20468.8,29671.8,2444.33,-76.6374,-5104.5
113.2,6.07079,43875.5,-22998.3,25205.2,2390.29,-25.9772,-5198.31
113.3,6.07604,43993.2,-23493.0,18817.0,2346.31,90.9465,-5223.59
113.4,6.09246,44123.6,-21048.1,12624.2,2304.96,175.726,-5137.21
113.5,6.11787,44158.3,-18757.7,8892.08,2322.22,198.966,-5024.47
113.6,6.11333,43959.3,-18090.2,7951.06,2369.62,157.092,-5010.76
113.7,6.07095,43782.8,-18381.4,7800.34,2434.91,121.878,-5039.27
113.8,6.02735,43802.0,-16753.6,6936.54,2495.95,123.483,-5009.92
113.9,5.99734,43963.7,-14406.1,5785.3,2539.93,182.506,-4879.07
114.0,5.99573,44185.1,-14995.0,5109.94,2593.84,204.901,-4824.44
114.1,6.0177,44272.5,-18096.9,6078.84,2622.84,145.937,-4977.83
114.2,6.03293,44180.0,-20620.0,8119.23,2646.17,39.8619,-5120.83
114.3,6.04719,44069.9,-18058.9,10153.5,2654.03,-2.27975,-5100.04
114.4,6.05952,43971.6,-12584.5,11221.8,2613.17,0.022625,-4986.16
114.5,6.07367,43965.7,-9717.72,10950.3,2590.94,12.597,-4940.14
114.6,6.10429,44012.6,-8424.85,10467.0,2589.75,60.2609,-5026.75
114.7,6.12602,43932.9,-6041.15,11050.9,2583.18,113.247,-5003.06
114.8,6.12115,43793.8,-1792.43,12661.0,2569.46,102.385,-4832.77
114.9,6.1054,43734.0,924.833,14917.0,2545.02,28.7822,-4731.3
115.0,6.08552,43781.8,1331.23,17873.1,2511.15,10.3083,-4853.55
115.1,6.07032,43865.0,526.872,20365.8,2438.75,-14.7948,-4973.46
115.2,6.06668,43997.3,752.635,22871.1,2417.89,-48.5233,-4973.77
115.3,6.07103,44063.8,188.853,25788.3,2461.86,-72.8008,-4955.77
115.4,6.06975,44020.7,-4032.41,28565.2,2554.38,-102.998,-5051.39
115.5,6.06751,43991.2,-9135.66,31068.1,2684.67,-77.3372,-5226.06
115.6,6.06988,43961.6,-10681.1,32885.6,2804.99,-38.1691,-5253.99
115.7,6.08155,43948.1,-8778.13,33187.4,2867.42,-45.8307,-5068.59
115.8,6.10909,43943.5,-7367.63,32380.8,2945.82,-22.9912,-4935.28
115.9,6.14129,43809.8,-8993.95,31159.2,2972.44,23.1249,-4991.06
116.0,6.15866,43627.9,-9834.17,30154.8,2991.04,38.3632,-5106.23
116.1,6.17649,43490.2,-6638.99,30072.9,2972.56,-3.47425,-5081.93
116.2,6.18201,43358.9,-2973.83,30709.0,2945.18,-89.3525,-4952.61
116.3,6.17147,43283.8,-1772.94,30171.4,2894.28,-165.319,-5003.93
116.4,6.16376,43315.7,-2731.27,28257.2,2844.67,-120.979,-5181.72
116.5,6.15138,43337.1,-1260.46,25772.7,2789.36,-22.351,-5198.12
116.6,6.13651,43397.4,2750.08,24048.1,2741.61,31.0925,-4982.89
116.7,6.13043,43470.1,3831.37,24757.1,2734.74,14.4641,-4799.84
116.8,6.10943,43430.4,-607.06,26043.3,2707.91,-97.9874,-4855.36
116.9,6.09506,43530.6,-5245.31,25772.6,2747.64,-170.791,-5009.98
117.0,6.10568,43633.7,-7246.93,23667.0,2773.6,-137.059,-4922.17
117.1,6.13105,43692.6,-7463.84,20712.2,2840.43,-86.8101,-4797.17
117.2,6.17713,43703.4,-10524.6,18677.5,2898.94,-82.5807,-4901.68
117.3,6.23167,43558.8,-15014.6,19316.8,2974.49,-86.6842,-5167.9
117.4,6.27163,43302.4,-15760.9,22105.8,2988.17,-61.8672,-5266.18
117.5,6.29744,43052.8,-10231.9,24980.1,2928.1,-89.3118,-5126.06
117.6,6.31595,42853.6,-5406.63,27514.5,2891.51,-106.176,-4935.79
117.7,6.32183,42703.9,-5249.53,29103.5,2867.14,-115.262,-4924.86
117.8,6.31429,42567.9,-6433.06,28868.0,2816.42,-176.179,-5029.78
117.9,6.30177,42522.1,-5945.77,29081.6,2809.99,-168.117,-4978.45
118.0,6.27436,42441.5,-5770.49,29001.7,2793.86,-220.495,-4820.14
118.1,6.24169,42491.0,-7520.04,27615.4,2748.08,-290.613,-4938.1
118.2,6.22028,42585.7,-10928.7,24523.0,2728.77,-265.67,-5237.43
118.3,6.20704,42731.9,-12215.2,20691.9,2751.77,-80.16,-5353.56
118.4,6.21483,42860.9,-10915.6,17442.5,2743.84,90.4538,-5219.31
118.5,6.23047,42886.0,-10584.5,17280.6,2759.81,141.326,-5139.55
118.6,6.23936,42818.4,-12406.9,19488.3,2770.8,73.06,-5218.65
118.7,6.26304,42811.3,-12705.4,22953.9,2763.58,-4.89822,-5207.09
118.8,6.29881,42768.8,-9208.9,26711.2,2755.96,-67.6097,-4991.02
118.9,6.33956,42677.7,-6492.16,29228.0,2763.82,-177.608,-4766.08
119.0,6.39212,42554.5,-7346.12,30953.9,2754.61,-243.795,-4829.7
119.1,6.43261,42321.3,-9572.41,31774.8,2737.51,-252.053,-5041.79
119.2,6.45651,42091.5,-8154.77,31191.9,2686.19,-203.92,-5088.48
119.3,6.48024,41956.9,-4345.27,30229.5,2695.05,-94.6575,-4976.25
119.4,6.49605,41799.6,-3940.94,29500.0,2758.16,10.8895,-4966.31
119.5,6.49212,41618.5,-7735.33,28870.9,2816.17,50.6908,-5153.62
119.6,6.46123,41438.3,-11127.7,28604.6,2851.92,39.3908,-5249.16
119.7,6.40706,41339.5,-10960.8,28151.4,2899.01,-14.5575,-5096.92
119.8,6.36264,41450.1,-7769.88,27584.9,2861.77,-71.1475,-4948.9
119.9,6.34866,41640.2,-7021.96,27078.4,2802.59,-150.147,-4969.71
120.0,6.3581,41780.3,-7434.06,26857.8,2738.56,-198.277,-5098.72
120.1,6.38927,41832.1,-6411.65,26284.5,2708.17,-217.676,-5113.11
120.2,6.42625,41756.1,-2053.15,26013.5,2679.18,-144.309,-5045.95
120.3,6.45036,41580.8,-1503.14,26188.0,2661.81,-20.7259,-4948.46
120.4,6.46434,41479.3,-5653.0,26639.6,2655.81,69.2651,-5049.96
120.5,6.49056,41483.5,-11390.9,26997.8,2697.65,109.101,-5246.95
120.6,6.53063,41478.6,-12965.1,26498.0,2701.23,102.335,-5257.98
120.7,6.56721,41354.5,-11520.2,24706.8,2678.37,68.3879,-5089.54
120.8,6.58328,41146.2,-11132.3,22628.3,2622.8,26.1733,-5039.39
120.9,6.57978,40969.5,-14154.8,20481.0,2591.07,-39.5508,-5170.24
121.0,6.58824,40959.6,-16411.9,19096.9,2556.61,-76.5229,-5222.19
121.1,6.61341,40971.1,-15833.3,18841.7,2531.81,-75.0024,-5058.24
121.2,6.62304,40836.4,-12951.3,18299.5,2514.69,-80.3684,-4913.94
121.3,6.60771,40728.5,-11178.3,17099.3,2538.91,-12.0331,-4954.44
121.4,6.55781,40621.3,-10195.6,15149.4,2514.71,100.107,-5016.31
121.5,6.48855,40621.8,-7872.25,12259.0,2426.59,157.815,-4940.87
121.6,6.45162,40773.8,-5258.58,10128.1,2377.4,176.622,-4818.21
121.7,6.46682,40911.0,-4309.3,11738.5,2358.88,208.927,-4844.32
121.8,6.49495,40957.6,-3616.73,16084.1,2330.15,51.8085,-5007.31
121.9,6.52273,40883.4,-1575.14,22555.7,2313.74,-157.67,-5055.16
122.0,6.533,40795.8,410.03,28958.9,2305.47,-304.866,-4917.89
122.1,6.52851,40799.5,2626.07,31849.3,2275.74,-362.582,-4916.08
122.2,6.56346,40966.3,3119.66,31177.0,2278.92,-303.186,-4992.13
122.3,6.62028,40968.0,4833.05,28991.7,2298.05,-181.821,-4973.52
122.4,6.66293,40916.5,6292.54,27452.0,2339.32,-41.6105,-4827.79
122.5,6.67547,40774.6,6788.17,27378.4,2356.95,-34.5793,-4805.1
122.6,6.63558,40651.5,4953.59,27931.0,2434.4,-102.466,-4943.67
122.7,6.59151,40705.9,3470.07,26824.6,2483.57,-154.052,-5036.2
122.8,6.57309,40795.4,5325.71,23298.0,2485.26,-165.992,-5024.08
122.9,6.57793,40847.7,6334.09,19564.8,2504.54,-128.277,-4973.01
123.0,6.58325,40825.0,4650.53,18284.9,2494.91,-126.316,-5039.84
123.1,6.57262,40735.4,248.568,20891.5,2473.65,-213.351,-5152.08
123.2,6.54381,40731.3,-2846.21,26057.6,2513.3,-298.418,-5191.46
123.3,6.52648,40773.9,-5696.28,30525.2,2519.41,-299.547,-5059.19
123.4,6.52024,40803.5,-9624.65,32070.1,2507.12,-208.587,-4970.47
123.5,6.52749,40847.3,-13524.4,30548.3,2481.67,-84.5637,-5051.05
123.6,6.54514,40863.7,-16551.3,28382.3,2441.41,1.023,-5068.55
123.7,6.56022,40842.8,-17231.2,27052.5,2385.9,-44.2072,-5000.06
123.8,6.58095,40875.7,-18052.9,26952.0,2336.39,-150.419,-4997.69
123.9,6.60824,40885.8,-19584.4,26310.0,2272.16,-278.767,-5128.91
124.0,6.63528,40891.0,-19015.4,24073.2,2207.0,-292.205,-5250.97
124.1,6.66347,40881.0,-14232.5,20665.5,2173.63,-195.102,-5162.34
124.2,6.6764,40806.5,-8118.68,17641.7,2128.61,-131.332,-4915.24
124.3,6.65993,40748.7,-3397.79,15779.4,2091.06,-130.562,-4817.31
124.4,6.63731,40728.4,-1093.42,14710.4,2061.21,-168.025,-4827.86
124.5,6.615,40766.6,2700.48,14511.5,2044.79,-132.762,-4806.44
124.6,6.606,40794.4,8038.59,15023.9,1985.78,-97.4303,-4698.7
124.7,6.59457,40769.0,9770.37,17627.3,1960.22,-132.379,-4678.33
124.8,6.56568,40705.4,6524.65,21792.1,1939.12,-246.581,-4897.82
124.9,6.53701,40743.9,3270.27,26622.3,1937.4,-316.072,-5196.72
125.0,6.52248,40789.5,4056.71,30326.7,1933.88,-339.842,-5231.29
125.1,6.52529,40837.2,6626.32,31759.5,1878.8,-337.299,-5022.57
125.2,6.54982,40903.4,6928.66,32028.6,1875.23,-269.398,-4944.18
125.3,6.57305,40855.3,4203.39,32573.8,1916.24,-184.296,-5031.61
125.4,6.58746,40842.6,2689.79,34501.7,1951.06,-131.163,-5035.73
125.5,6.59615,40818.7,3844.33,37220.7,1977.01,-194.881,-4857.02
125.6,6.59384,40795.6,4237.27,39560.6,2007.68,-245.798,-4775.45
125.7,6.59162,40806.2,1771.85,39515.6,2032.22,-236.487,-4961.14
125.8,6.5938,40815.9,-2212.21,36944.1,2048.37,-168.136,-5157.35
125.9,6.59745,40824.5,-4281.97,34411.4,2053.96,-50.0119,-5171.02
126.0,6.59189,40769.6,-7498.82,33563.8,2065.14,-31.3634,-5046.06
126.1,6.57411,40752.0,-14691.5,34726.6,2079.83,-108.259,-5094.38
126.2,6.5483,40724.9,-22777.4,36078.7,2053.0,-179.193,-5273.89
126.3,6.51137,40693.4,-25603.8,35017.7,2014.78,-183.132,-5264.91
126.4,6.4801,40738.3,-24327.0,30646.4,1992.29,-102.585,-4971.69
126.5,6.46266,40772.1,-24950.1,25153.0,1970.3,31.3725,-4789.12
126.6,6.44676,40768.8,-29993.8,20527.4,1956.21,103.437,-4929.87
126.7,6.44575,40893.9,-33197.2,18260.8,1926.79,119.06,-5115.91
126.8,6.45788,40953.8,-29314.4,18432.5,1845.97,88.6072,-5029.27
126.9,6.46841,40988.8,-24379.9,18706.9,1785.2,15.7823,-4791.05
127.0,6.48353,41032.6,-23088.4,17082.8,1735.97,-29.8253,-4896.64
127.1,6.49368,41018.0,-24943.5,13522.0,1703.37,10.6535,-5158.54
127.2,6.49537,41041.6,-23774.2,10121.1,1670.95,117.736,-5113.52
127.3,6.49761,41082.6,-18285.8,8711.05,1641.82,119.761,-4815.61
127.4,6.50509,41137.8,-14248.8,10838.5,1637.71,44.084,-4708.87
127.5,6.50276,41114.3,-13598.5,14510.7,1661.58,-49.7113,-4914.7
127.6,6.48587,41070.9,-11010.6,16974.2,1690.47,-58.5702,-5061.25
127.7,6.4528,41021.2,-5529.81,16213.6,1710.54,-31.8386,-4845.98
127.8,6.41575,41114.2,-892.893,14340.1,1751.22,91.9202,-4647.24
127.9,6.3887,41239.2,-2419.28,13024.0,1800.77,119.299,-4770.67
128.0,6.36469,41365.7,-6905.31,13252.4,1827.09,30.2758,-5035.11
128.1,6.34729,41476.0,-7206.98,14655.6,1791.1,-32.3061,-5079.09
128.2,6.32321,41505.0,-3903.32,16044.4,1747.29,-41.1507,-4900.42
128.3,6.29515,41600.2,-2424.99,16834.4,1741.78,-23.6606,-4859.87
128.4,6.28528,41765.1,-6652.06,18001.8,1763.27,9.69888,-5017.4
128.5,6.28097,41885.9,-10649.1,20569.3,1765.0,25.4755,-5138.73
128.6,6.27941,42012.0,-9956.14,23462.6,1771.49,-37.7129,-5031.09
128.7,6.29415,42144.3,-7066.96,26151.8,1795.61,-89.8966,-4849.29
128.8,6.3009,42150.9,-8240.46,27296.6,1809.26,-103.978,-4846.87
128.9,6.29911,42191.1,-10978.2,26593.9,1822.11,-39.7448,-5099.21
129.0,6.3003,42235.2,-11534.1,25339.5,1841.28,29.764,-5207.67
129.1,6.28981,42258.1,-9764.3,24263.5,1838.19,32.4842,-5046.75
129.2,6.27656,42326.1,-9954.7,23281.1,1836.11,13.8308,-4962.18
129.3,6.26726,42378.8,-14852.3,22218.8,1860.98,14.1663,-5122.47
129.4,6.24357,42393.9,-18751.7,20438.2,1873.12,41.4427,-5274.1
129.5,6.21203,42403.7,-18799.7,17550.0,1829.45,21.17,-5108.17
129.6,6.17935,42487.0,-16462.8,14884.8,1814.83,5.14375,-4889.22
129.7,6.15786,42644.4,-17654.0,12891.3,1813.24,7.85663,-4869.95
129.8,6.15299,42807.2,-21255.4,11979.3,1815.51,26.0279,-5033.27
129.9,6.14741,42855.1,-24075.3,11618.1,1823.06,-2.50113,-5031.36
130.0,6.13342,42905.3,-22789.9,11646.1,1847.89,17.1386,-4922.27
130.1,6.12173,42973.6,-22299.5,10941.3,1884.44,23.2482,-4851.22
130.2,6.11152,43084.9,-24257.4,9563.41,1895.93,7.79522,-4955.49
130.3,6.11098,43252.4,-26080.6,8060.47,1885.49,8.01492,-5061.95
130.4,6.1303,43411.3,-23799.7,7643.31,1880.33,5.53159,-5028.67
130.5,6.14875,43448.3,-19459.5,8851.83,1840.77,-46.8274,-4886.76
130.6,6.15886,43426.8,-16448.5,10907.3,1841.62,-146.046,-4885.89
130.7,6.15822,43387.8,-15441.4,12862.3,1888.87,-193.557,-4994.58
130.8,6.14454,43361.4,-12157.6,12482.0,1939.6,-202.155,-5035.61
130.9,6.13335,43451.5,-5839.53,9917.35,1953.94,-124.749,-4876.45
131.0,6.13417,43531.6,-1779.7,8198.3,1999.71,12.0351,-4709.79
131.1,6.12054,43500.2,-2175.93,8655.81,2017.92,20.044,-4816.7
131.2,6.09876,43493.7,-6062.75,11156.5,2031.9,-104.709,-5028.58
131.3,6.07175,43475.4,-7882.87,14379.1,2053.89,-196.04,-5098.95
131.4,6.03402,43511.7,-6801.41,15249.1,2066.61,-223.269,-5014.45
131.5,6.01602,43706.1,-8000.02,14392.7,2088.04,-140.216,-4969.65
131.6,6.01786,43862.9,-13676.1,14501.6,2134.64,-51.7067,-5072.29
131.7,6.02505,43976.0,-19245.0,17300.6,2188.33,-43.3698,-5189.02
131.8,6.04244,44014.0,-21702.9,22109.7,2203.58,-136.819,-5096.85
131.9,6.04772,43954.7,-22426.4,26774.1,2194.88,-208.226,-4937.53
132.0,6.03,43893.7,-25118.6,27344.7,2149.66,-201.296,-4923.97
132.1,6.02278,43994.1,-28762.4,23321.3,2117.71,-104.776,-5058.59
132.2,6.02597,44136.4,-28632.2,17042.0,2088.49,18.7464,-5118.17
132.3,6.04745,44261.5,-24576.6,11659.7,2075.36,78.1244,-5017.63
132.4,6.06552,44224.3,-19921.9,9349.89,2067.01,19.1127,-4983.04
132.5,6.05603,44071.1,-19366.8,9132.25,2114.47,-91.4824,-5080.0
132.6,6.03758,44037.0,-19802.0,8759.58,2230.11,-122.465,-5187.08
132.7,6.02583,44078.4,-17959.2,7289.39,2301.94,-45.5152,-5068.08
132.8,6.01914,44192.0,-16615.6,5622.19,2400.46,64.1248,-4819.73
132.9,6.02689,44252.8,-17759.6,5394.85,2436.66,89.5164,-4775.14
133.0,6.02763,44212.6,-19563.0,7909.2,2457.88,42.9111,-4981.51
133.1,6.01515,44113.4,-21600.6,11493.1,2420.8,-31.5299,-5020.52
133.2,5.99518,44065.4,-19628.9,13563.9,2327.09,-105.796,-4990.63
133.3,5.97632,44119.4,-18597.2,12493.3,2259.75,-93.4571,-4990.66
133.4,5.9778,44271.4,-18652.4,9446.68,2219.72,47.3511,-5114.47
133.5,5.99512,44384.4,-19133.8,7254.23,2224.78,181.422,-5157.01
133.6,6.00739,44375.8,-18173.6,8181.6,2252.03,191.306,-5039.84
133.7,6.01022,44322.4,-15872.2,12552.1,2313.83,111.402,-4920.06
133.8,5.99836,44276.7,-13562.6,17434.6,2357.37,-15.4205,-4898.1
133.9,5.97987,44334.3,-10125.5,18697.6,2365.35,-100.155,-4908.12
134.0,5.98197,44504.9,-6864.28,16342.9,2372.81,-11.9132,-4826.81
134.1,5.99581,44605.8,-4930.02,12838.9,2357.38,125.743,-4766.8
134.2,6.01343,44637.6,-4858.36,11176.9,2315.48,159.036,-4871.46
134.3,6.03436,44570.2,-6442.83,13554.1,2268.74,103.583,-5016.9
134.4,6.0323,44386.7,-7626.63,17430.7,2249.83,-8.68275,-5065.61
134.5,6.0229,44335.9,-7813.23,18952.5,2286.02,-45.9795,-5044.2
134.6,6.02744,44340.4,-9209.65,17476.6,2355.07,70.5786,-4998.23
134.7,6.01691,44278.8,-12922.1,14561.3,2424.59,212.507,-4955.94
134.8,6.00967,44300.4,-16929.4,13578.7,2513.24,261.497,-4940.73
134.9,6.00883,44296.5,-21841.8,17491.5,2588.66,203.478,-4876.96
135.0,5.99783,44248.4,-25236.0,24184.6,2612.41,36.6691,-4916.55
135.1,5.99493,44298.2,-28214.0,29299.8,2621.24,-120.802,-5015.29
135.2,6.00159,44319.2,-29263.9,30385.8,2621.28,-114.17,-5104.57
135.3,5.99164,44287.3,-28052.0,26802.5,2571.68,10.1188,-5123.61
135.4,5.98503,44349.8,-26905.4,21864.3,2521.64,164.327,-5055.24
135.5,5.98526,44406.1,-27130.9,18738.8,2486.66,185.202,-5013.06
135.6,5.9921,44504.7,-27299.5,17927.0,2498.11,114.121,-5055.95
135.7,6.01186,44535.9,-25535.9,17204.8,2490.12,10.1476,-5025.29
135.8,6.00673,44401.8,-22008.9,14257.7,2474.37,-23.1143,-4885.77
135.9,5.98171,44328.1,-19722.8,8205.78,2486.93,40.1849,-4786.02
136.0,5.97579,44437.2,-20722.1,2224.64,2509.31,156.246,-4835.6
136.1,5.98832,44560.7,-22804.6,-1099.86,2503.9,166.147,-4928.3
136.2,6.02176,44650.2,-23205.9,-649.23,2486.15,77.1332,-4938.5
136.3,6.05416,44547.7,-22047.4,2042.92,2460.45,-36.475,-4909.59
136.4,6.06009,44313.0,-21220.8,4286.27,2430.53,-56.4673,-4967.55
136.5,6.04812,44149.1,-21478.0,4421.86,2411.48,4.29275,-5062.22
136.6,6.03689,44132.0,-20405.8,3607.99,2409.64,93.6748,-5071.87
136.7,6.04007,44209.9,-17983.5,4111.57,2426.64,162.94,-4976.43
136.8,6.0574,44253.9,-15637.5,7413.28,2451.26,138.443,-4896.11
136.9,6.06612,44155.4,-13603.4,13006.6,2474.51,22.2925,-4948.43
137.0,6.05446,44006.1,-11542.9,18607.8,2475.7,-106.685,-4990.12
137.1,6.02582,43907.0,-8963.75,21298.8,2414.83,-197.685,-4943.8
137.2,6.0036,44020.2,-6914.13,21107.7,2359.85,-157.444,-4904.4
137.3,6.00349,44204.6,-8063.66,18897.0,2312.16,-89.6715,-4926.7
137.4,6.02149,44364.2,-10979.2,16400.9,2299.15,-56.2668,-5023.98
137.5,6.03985,44342.9,-12349.0,14675.2,2261.24,-38.2541,-5092.35
137.6,6.03633,44218.3,-11151.0,13330.6,2246.85,-20.1563,-5046.98
137.7,6.02268,44151.6,-8808.33,11894.3,2234.28,31.0997,-4984.2
137.8,6.02175,44215.7,-8465.46,10670.9,2251.39,72.1968,-4971.95
137.9,6.0305,44288.4,-11648.5,9587.48,2276.85,49.4992,-4939.04
138.0,6.05422,44347.7,-14391.2,10010.7,2307.42,56.8786,-4940.62
138.1,6.07828,44263.0,-17464.1,12808.2,2363.39,33.72,-4897.45
138.2,6.08815,44125.4,-21441.6,17164.1,2402.22,-72.4833,-4878.33
138.3,6.09885,44031.7,-25529.8,21495.7,2429.61,-184.99,-5015.27
138.4,6.10955,43953.9,-29362.9,24314.5,2469.76,-204.118,-5151.03
138.5,6.11016,43882.5,-28704.8,23654.8,2497.9,-165.929,-5210.44
138.6,6.11894,43855.3,-25170.8,20827.4,2527.05,-67.871,-5143.97
138.7,6.11221,43734.2,-23070.7,18644.6,2520.1,60.7875,-5032.37
138.8,6.08979,43644.0,-23804.3,17430.1,2523.48,69.4242,-5026.33
138.9,6.08234,43710.1,-25575.5,17766.4,2574.49,24.5225,-5053.91
139.0,6.07755,43713.4,-24877.1,18084.4,2568.79,-25.6978,-4992.49
139.1,6.06662,43716.9,-24787.7,16410.6,2531.44,-43.2518,-4842.35
139.2,6.05827,43763.2,-25985.9,13268.3,2506.05,1.91575,-4899.4
139.3,6.05871,43821.9,-28505.4,10949.9,2476.58,97.6848,-5102.48
139.4,6.07645,43944.7,-29505.8,11132.2,2477.89,130.458,-5198.05
139.5,6.11065,43983.5,-26929.1,14080.3,2477.36,50.979,-5170.24
139.6,6.13264,43869.0,-24087.3,17432.4,2493.34,-63.0616,-5153.46
139.7,6.14397,43745.1,-22183.3,18198.6,2522.07,-88.3181,-5201.41
139.8,6.15525,43668.5,-19285.0,16154.5,2543.03,-8.43525,-5166.1
139.9,6.16991,43632.5,-14060.1,13270.2,2558.22,90.5056,-4980.32
140.0,6.2002,43626.4,-8555.16,11814.9,2567.71,81.6363,-4808.71
140.1,6.22627,43496.8,-5177.81,12101.2,2546.9,-28.2244,-4832.33
140.2,6.23106,43289.8,-2555.26,12966.2,2511.32,-72.3731,-4980.98
140.3,6.21485,43096.0,-692.286,12471.9,2460.06,-40.1802,-4979.97
140.4,6.18591,43032.9,787.409,10789.0,2386.83,62.4981,-4931.35
140.5,6.16662,43103.7,-1442.62,10479.6,2343.34,196.37,-4988.28
140.6,6.14992,43147.3,-7911.48,12469.7,2291.97,196.198,-5091.3
140.7,6.12846,43183.3,-12441.3,15373.2,2240.77,66.9822,-5162.89
140.8,6.10308,43197.2,-14595.3,17588.7,2214.33,-6.78475,-5033.17
140.9,6.0821,43282.1,-13756.3,18427.8,2225.31,57.6268,-4926.27
141.0,6.07787,43428.9,-14120.2,18206.0,2241.31,120.488,-4927.57
141.1,6.09832,43582.8,-15658.2,18903.5,2287.65,110.566,-4975.24
141.2,6.12705,43634.0,-16424.7,20185.5,2328.85,37.339,-4956.86
141.3,6.15562,43592.4,-14498.0,20559.2,2329.29,11.7275,-4920.37
141.4,6.17873,43488.5,-13217.7,19001.1,2349.62,48.259,-4883.37
141.5,6.1905,43397.8,-13979.0,15545.4,2413.29,106.764,-4927.4
141.6,6.20977,43367.8,-15611.3,11991.2,2494.02,154.028,-5011.59
141.7,6.22393,43275.4,-15833.0,9721.89,2550.4,128.123,-5034.17
141.8,6.22016,43147.8,-15354.6,8344.88,2570.52,60.2865,-4946.92
141.9,6.20741,43051.3,-13793.5,7435.0,2553.96,8.794,-4942.39
142.0,6.17946,42976.7,-13414.6,6736.32,2523.74,17.8775,-4970.97
142.1,6.15327,43040.4,-13583.7,6135.0,2505.21,35.0089,-4956.41
142.2,6.14238,43141.4,-13306.5,6843.29,2511.54,46.5277,-4930.35
142.3,6.12763,43175.0,-13465.3,8843.81,2545.03,26.0252,-4944.81
142.4,6.11228,43223.8,-12166.1,11356.4,2580.93,-16.6443,-5064.77
142.5,6.09632,43232.3,-9981.97,13644.3,2562.09,-54.4446,-5130.18
142.6,6.07663,43307.5,-6782.23,14542.7,2567.88,-78.222,-5119.95
142.7,6.09171,43517.4,-3946.59,14266.9,2630.65,-70.0492,-5129.42
142.8,6.13776,43651.4,-2989.9,13533.7,2692.19,-75.4186,-5143.49
142.9,6.19141,43629.0,-1723.5,13293.1,2740.73,-92.3466,-5149.05
143.0,6.23847,43458.4,520.686,13936.1,2753.13,-137.663,-5089.02
143.1,6.26128,43216.9,4099.17,15121.8,2706.75,-172.656,-5018.42
143.2,6.27546,43091.5,7171.76,15970.6,2639.5,-189.86,-4996.54
143.3,6.28743,43031.1,9167.86,15412.5,2524.45,-201.652,-5011.57
143.4,6.2975,42979.6,10306.2,13532.5,2446.89,-189.084,-5018.4
143.5,6.29354,42864.4,10627.6,10591.4,2402.0,-162.264,-4993.41
143.6,6.27198,42727.3,9512.11,8432.59,2382.81,-105.483,-5003.2
143.7,6.22327,42593.2,7992.98,7201.92,2349.81,-128.129,-5083.3
143.8,6.17413,42657.2,6243.71,6978.84,2290.4,-159.242,-5091.1
143.9,6.14845,42858.5,5703.96,7404.62,2242.61,-190.981,-5033.83
144.0,6.13999,43035.6,4575.52,7323.85,2231.1,-213.6,-4945.77
144.1,6.15961,43186.8,2415.37,7956.58,2295.04,-166.656,-4940.01
144.2,6.17363,43111.1,-1147.55,9840.73,2347.0,-170.438,-4952.66
144.3,6.16997,43025.5,-4290.05,11956.9,2365.39,-251.117,-4958.41
144.4,6.18026,43038.7,-4926.27,12488.9,2338.06,-348.748,-4961.97
144.5,6.21011,43127.6,-2426.53,10677.4,2298.26,-323.888,-4981.42
144.6,6.26629,43205.7,562.051,6891.31,2277.2,-210.294,-4957.39
144.7,6.32936,43073.7,2514.23,3887.17,2296.45,-133.714,-4952.82
144.8,6.35156,42729.9,4326.0,3558.0,2327.37,-150.96,-5015.82
144.9,6.33295,42422.7,5820.95,5318.17,2334.59,-232.499,-5013.05
145.0,6.29726,42336.0,7763.38,7667.43,2344.2,-301.778,-4963.83
145.1,6.26731,42446.1,9264.65,8743.85,2349.46,-312.116,-4935.07
145.2,6.26238,42638.4,8979.97,8565.21,2390.31,-286.103,-4927.6
145.3,6.25868,42648.7,7630.67,8295.22,2440.07,-279.103,-4924.68
145.4,6.23207,42545.5,5799.9,9045.65,2501.42,-304.568,-4925.68
145.5,6.19632,42484.6,2887.14,10897.7,2542.42,-339.62,-4961.11
145.6,6.16965,42576.4,1326.35,12745.9,2545.95,-355.269,-5085.23
145.7,6.18095,42805.9,-1059.32,13352.5,2578.05,-306.682,-5091.6
145.8,6.2209,42933.0,-2879.35,12872.9,2590.01,-196.655,-5078.94
145.9,6.2575,42842.3,-3605.91,12160.6,2599.24,-102.453,-5146.35
146.0,6.27708,42657.0,-3574.72,13051.2,2607.82,-50.9885,-5153.9
146.1,6.2822,42503.0,-1504.31,15776.7,2570.52,-120.866,-5091.85
146.2,6.28797,42515.3,499.695,19280.4,2549.44,-231.334,-4994.56
146.3,6.31973,42625.4,2685.82,21355.7,2544.01,-319.198,-5017.44
146.4,6.36186,42650.4,5957.91,21467.5,2520.01,-313.083,-5087.28
146.5,6.38531,42487.9,10013.1,19943.4,2464.88,-268.799,-5026.87
146.6,6.36853,42228.6,13589.5,17269.6,2374.7,-268.368,-4923.46
146.7,6.33201,42146.2,13359.5,15131.7,2302.28,-194.145,-4927.29
146.8,6.30653,42252.3,10969.8,13364.5,2257.4,-106.648,-5040.84
146.9,6.30734,42416.1,8590.05,12068.3,2267.21,-50.8454,-5058.29
147.0,6.31037,42418.9,5703.99,10785.5,2300.22,-54.8729,-4917.59
147.1,6.28548,42232.6,2018.45,9484.85,2297.7,-64.0538,-4883.52
147.2,6.23659,42124.4,-2386.52,8406.54,2304.26,-57.5042,-5002.85
147.3,6.21242,42279.9,-3755.22,7855.42,2320.64,-102.994,-5081.7
147.4,6.23454,42553.8,-474.621,7495.26,2338.57,-201.412,-5005.5
147.5,6.29037,42685.3,3455.38,7058.08,2313.59,-224.396,-4879.81
147.6,6.3424,42569.6,3733.89,7056.83,2355.63,-132.421,-4897.16
147.7,6.36059,42273.8,1780.26,7205.99,2362.45,-64.0502,-4998.27
147.8,6.35799,42101.7,3398.05,8094.21,2368.58,-51.7687,-5018.03
147.9,6.35579,42096.0,7771.41,9570.48,2347.38,-82.3665,-4839.6
148.0,6.35594,42161.8,11492.5,10075.2,2303.23,-146.17,-4765.71
148.1,6.3618,42206.3,10744.6,9649.15,2291.14,-147.44,-4931.68
148.2,6.34546,42081.1,8640.49,8097.84,2249.88,-177.839,-5119.51
148.3,6.2978,41993.1,8817.33,5248.83,2218.5,-228.267,-5086.28
148.4,6.25991,42090.0,9812.78,2283.97,2175.09,-206.016,-4918.74
148.5,6.24305,42292.0,10009.5,282.509,2173.74,-120.822,-4934.59
148.6,6.25316,42499.9,7616.7,-386.709,2220.47,-46.7007,-5027.95
148.7,6.27019,42497.1,5926.41,1025.0,2267.67,-20.993,-5028.87
148.8,6.25208,42319.4,6245.27,3058.55,2329.61,-59.1725,-4955.99
148.9,6.21694,42255.3,7347.65,3478.43,2369.44,-99.7065,-4946.4
149.0,6.21028,42415.2,5979.59,3106.27,2416.77,-44.4613,-4992.71
149.1,6.23545,42615.5,3845.06,2594.74,2452.86,-24.5825,-5060.82
149.2,6.29365,42746.2,4046.35,3272.6,2431.86,-85.8009,-5092.19
149.3,6.3529,42605.3,7242.68,5541.28,2416.65,-216.971,-5067.1
149.4,6.37596,42316.2,9296.16,7918.32,2420.09,-282.931,-4988.16
149.5,6.3764,42124.4,10702.1,8072.51,2407.62,-288.21,-5000.36
149.6,6.36314,42066.7,11919.9,6461.21,2354.48,-193.354,-5024.92
149.7,6.3466,42127.3,14619.6,3956.64,2265.2,-91.3449,-4942.46
149.8,6.33693,42237.8,17144.9,2346.63,2215.67,-37.6416,-4803.21
149.9,6.32051,42226.9,16428.5,3931.03,2174.79,-8.46286,-4786.72
150.0,6.27716,42149.4,12701.9,6756.17,2184.58,-131.467,-4917.6
150.1,6.23519,42206.5,9391.22,8523.29,2190.69,-296.345,-5004.21
150.2,6.20855,42342.9,8377.46,8466.71,2163.33,-335.447,-4952.01
150.3,6.20531,42567.3,9127.03,5963.08,2192.13,-314.486,-4920.39
150.4,6.24409,42790.6,8437.58,3487.68,2205.52,-253.008,-4962.19
150.5,6.29377,42758.0,7046.73,3704.95,2247.85,-212.729,-5031.76
150.6,6.3196,42555.6,7533.25,5634.77,2314.51,-261.692,-5042.53
150.7,6.33842,42406.5,10994.8,7205.23,2345.17,-309.487,-4966.96
150.8,6.34956,42266.3,14329.5,7394.85,2337.37,-262.323,-4850.0
150.9,6.35309,42229.4,14924.0,5488.79,2335.0,-205.07,-4808.58
151.0,6.374,42267.9,12973.2,2692.3,2318.27,-228.92,-4858.59
151.1,6.39377,42185.1,11834.7,693.988,2303.12,-335.121,-4935.6
151.2,6.39255,42062.3,11347.5,-826.513,2267.94,-437.299,-4930.43
151.3,6.38047,41966.0,11364.5,-2622.2,2244.86,-478.689,-4973.13
151.4,6.35144,41904.3,12176.3,-4822.25,2229.04,-429.482,-5119.19
151.5,6.32189,41990.5,12544.1,-7605.72,2263.98,-317.711,-5152.09
151.6,6.30442,42110.7,13440.6,-9669.32,2310.35,-186.464,-5032.95
151.7,6.28269,42139.6,14214.9,-10139.9,2350.43,-105.438,-4929.59
151.8,6.26363,42198.0,13891.2,-8942.44,2403.53,-102.671,-4915.51
151.9,6.25805,42235.9,13789.5,-6174.57,2414.53,-169.317,-4909.85
152.0,6.26016,42264.4,13811.8,-2377.28,2436.36,-262.253,-4872.08
152.1,6.2799,42325.4,13975.6,483.807,2434.23,-391.513,-4904.17
152.2,6.32888,42405.1,13455.7,2310.47,2483.91,-442.722,-5047.91
152.3,6.38406,42322.3,13831.2,2791.78,2493.67,-413.494,-5179.92
152.4,6.43268,42188.2,15782.2,2726.52,2528.16,-316.953,-5192.75
152.5,6.47336,41995.2,18476.7,3323.21,2557.73,-221.358,-5124.36
152.6,6.49562,41811.2,20626.6,5519.87,2605.19,-131.569,-5065.93
152.7,6.50281,41660.2,21790.2,8403.98,2644.33,-117.736,-4997.69
152.8,6.49334,41509.2,23078.9,10804.3,2655.88,-151.838,-4901.54
152.9,6.46212,41396.4,23067.2,11657.2,2641.36,-194.774,-4785.66
153.0,6.43026,41411.1,20389.3,11178.8,2627.72,-232.556,-4770.83
153.1,6.40842,41484.7,15789.1,10464.5,2603.26,-277.956,-4909.73
153.2,6.40022,41584.0,12021.8,10456.3,2570.96,-308.916,-5082.78
153.3,6.4064,41622.7,8238.47,11202.4,2530.94,-309.376,-5099.55
153.4,6.41,41612.4,7349.77,12662.2,2550.82,-246.085,-5183.36
153.5,6.41547,41548.4,8105.42,13343.5,2572.37,-190.006,-5255.02
153.6,6.42028,41532.0,9558.68,13028.8,2617.03,-119.018,-5141.12
153.7,6.43251,41524.3,10722.8,11865.9,2668.08,-19.8897,-4917.09
153.8,6.45672,41525.0,10548.5,10172.9,2707.82,-5.48675,-4777.03
153.9,6.49583,41528.9,8170.95,8863.61,2738.67,-42.4012,-4744.89
154.0,6.54316,41430.6,8466.64,8503.24,2705.45,-111.417,-4814.49
154.1,6.57449,41229.7,10169.1,8075.37,2619.25,-206.288,-4833.18
154.2,6.59512,41089.5,12430.7,6769.84,2533.62,-253.256,-4911.42
154.3,6.60494,40955.8,12035.6,4020.07,2461.13,-207.515,-5058.08
154.4,6.60256,40877.9,10749.5,108.256,2457.52,-97.4337,-5205.73
154.5,6.59567,40837.5,11072.0,-4101.99,2474.51,-3.82159,-5176.7
154.6,6.57561,40738.6,14838.3,-7382.41,2527.69,21.1084,-5014.9
154.7,6.53696,40696.0,17566.7,-8970.28,2590.93,43.4453,-4807.34
154.8,6.50452,40733.3,18639.7,-8790.73,2677.37,38.3778,-4731.87
154.9,6.48635,40779.7,19178.1,-7258.23,2710.19,-29.7005,-4748.37
155.0,6.48588,40835.5,21167.0,-5090.18,2674.63,-117.812,-4762.92
155.1,6.49454,40829.2,24348.1,-3834.91,2590.78,-208.634,-4789.65
155.2,6.51083,40871.4,24137.8,-3539.17,2555.08,-181.077,-4866.45
155.3,6.54512,40930.3,20108.0,-3499.07,2532.79,-72.7178,-5034.37
155.4,6.58962,40932.2,15570.2,-1986.81,2530.5,16.2383,-5214.35
155.5,6.62501,40886.5,13064.4,1527.77,2521.68,12.5352,-5223.03
155.6,6.65188,40881.1,12415.1,6143.58,2590.46,-36.2422,-5112.81
155.7,6.66479,40810.5,13115.0,9367.95,2594.58,-88.1357,-5040.25
155.8,6.65816,40783.5,14269.3,10247.2,2575.99,-79.3757,-4976.92
155.9,6.65463,40809.1,17086.6,9935.18,2550.65,-48.6107,-4861.98
156.0,6.66149,40844.5,19363.1,10188.2,2521.08,-83.7865,-4721.72
156.1,6.67526,40853.0,19221.0,11467.6,2495.11,-188.998,-4747.92
156.2,6.68323,40829.0,16776.7,13677.4,2487.12,-212.262,-4951.21
156.3,6.67409,40755.8,13593.8,15062.9,2490.14,-167.568,-5103.81
156.4,6.646,40713.4,12535.9,15102.8,2450.21,-93.0351,-5151.05
156.5,6.61789,40739.8,12851.9,14632.5,2417.59,-31.3754,-5164.92
156.6,6.60309,40800.8,11894.6,13764.4,2420.07,-40.736,-5145.29
156.7,6.6048,40837.3,8936.28,12429.4,2383.71,-89.7562,-5033.91
156.8,6.61785,40850.4,7226.08,10420.7,2340.14,-148.7,-4938.79
156.9,6.64193,40893.7,7345.43,8980.69,2330.48,-143.72,-4846.38
157.0,6.66749,40869.0,8346.01,8322.83,2268.2,-179.942,-4756.43
157.1,6.6977,40900.9,9350.25,9231.58,2247.58,-235.44,-4798.94
157.2,6.72546,40867.1,9283.47,10737.6,2190.76,-271.846,-4914.27
157.3,6.73947,40837.7,9944.63,10184.0,2184.62,-312.065,-5047.36
157.4,6.7476,40825.8,12565.2,6074.13,2155.18,-284.455,-5103.36
157.5,6.75468,40824.9,13548.3,104.591,2182.12,-134.325,-5002.65
157.6,6.7497,40782.8,12449.0,-5736.92,2174.03,-43.131,-4940.42
157.7,6.74226,40795.7,9628.06,-8553.03,2131.33,-67.8467,-4957.21
157.8,6.73585,40791.8,9408.39,-8294.52,2120.69,-230.953,-4937.9
157.9,6.73122,40802.9,9880.44,-7534.24,2134.78,-390.707,-4788.9
158.0,6.73024,40812.4,9643.02,-7785.89,2146.83,-376.812,-4772.17
158.1,6.71609,40733.3,6615.32,-9634.9,2149.95,-283.091,-4913.64
158.2,6.6909,40744.3,4627.57,-11311.6,2085.44,-169.677,-5057.94
158.3,6.68562,40826.4,7075.19,-10255.5,2033.03,-112.567,-5070.31
158.4,6.69313,40835.4,9777.21,-5905.4,1982.59,-134.482,-4966.39
158.5,6.71549,40897.8,10028.0,-28.5415,2026.3,-208.758,-5018.3
158.6,6.74325,40870.4,9147.55,5875.52,2072.56,-253.538,-5163.37
158.7,6.74672,40787.2,9554.67,10233.8,2117.16,-286.293,-5113.24
158.8,6.74527,40812.5,13224.6,12596.0,2118.49,-337.257,-4924.54
158.9,6.75721,40848.2,14488.6,14513.6,2052.94,-346.175,-4773.82
159.0,6.78034,40895.1,12341.6,17178.9,2011.88,-310.712,-4887.64
159.1,6.806,40876.1,8609.76,19703.7,1922.78,-311.753,-5068.63
159.2,6.81585,40792.3,7939.36,22887.6,1806.79,-244.811,-5109.12
159.3,6.77604,40625.0,6937.26,24260.8,1708.75,-224.795,-4972.78
159.4,6.71845,40675.2,5014.95,23037.3,1684.93,-165.833,-5039.53
159.5,6.69045,40750.9,2268.9,20586.1,1691.12,-79.2517,-5205.96
159.6,6.67364,40788.8,871.0,18554.2,1759.26,-64.5645,-5165.84
159.7,6.67359,40832.1,2303.68,16712.5,1813.32,-200.084,-4986.27
159.8,6.67073,40767.8,4228.15,15442.7,1814.55,-319.58,-4924.89
159.9,6.64575,40731.1,5866.42,12987.7,1842.34,-325.158,-4991.81
160.0,6.64889,40864.7,7599.8,9606.53,1829.09,-223.99,-4929.71
160.1,6.67305,40876.3,10627.2,6535.71,1767.55,-164.612,-4787.06
160.2,6.6933,40865.8,13183.5,4037.43,1699.02,-158.003,-4765.92
160.3,6.70223,40806.6,13885.4,913.055,1621.19,-167.007,-4878.74
160.4,6.68263,40711.0,14854.2,-3082.12,1549.35,-102.033,-4981.29
160.5,6.64686,40710.7,16347.6,-7922.08,1490.67,-2.4435,-4934.77
160.6,6.63024,40781.7,16835.7,-12085.7,1467.86,19.7519,-4860.45
160.7,6.62697,40815.4,15419.7,-14277.7,1507.58,-37.121,-4882.83
160.8,6.62931,40811.0,13731.1,-14845.2,1540.95,-97.963,-4924.56
160.9,6.62127,40757.6,14822.3,-14099.8,1585.37,-126.645,-4881.5
161.0,6.58881,40693.8,16208.9,-13299.4,1615.21,-144.249,-4727.97
161.1,6.55593,40732.0,16658.3,-13478.0,1648.69,-159.122,-4700.29
161.2,6.54154,40790.3,16336.9,-13876.4,1604.92,-91.9904,-4832.12
161.3,6.54616,40851.3,18275.1,-12991.3,1610.49,19.3331,-4941.57
161.4,6.55878,40842.2,19753.0,-9966.08,1625.63,45.4408,-4839.64
161.5,6.55597,40766.8,19503.3,-4583.88,1625.5,-23.0389,-4847.96
161.6,6.52809,40706.0,16618.3,1800.95,1643.95,-88.7142,-5051.03
161.7,6.49753,40728.3,13695.2,6449.18,1650.49,-165.775,-5140.18
161.8,6.48725,40815.6,12793.8,8994.09,1638.15,-168.628,-4993.7
161.9,6.49757,40841.3,11407.7,11423.5,1590.31,-84.9499,-4866.51
162.0,6.50624,40829.3,6694.89,15618.0,1594.03,-42.746,-4973.33
162.1,6.50244,40830.2,1024.63,21494.2,1593.13,-113.321,-5145.28
162.2,6.475,40786.3,-1293.59,26610.7,1584.87,-220.749,-5166.7
162.3,6.4347,40859.2,-730.088,27949.4,1582.54,-210.857,-5043.37
162.4,6.40562,41065.4,-989.937,24914.0,1586.96,-61.1833,-5004.26
162.5,6.39542,41294.6,-1528.9,20347.9,1609.24,107.91,-5136.33
162.6,6.39546,41425.0,-383.748,17332.4,1618.6,124.945,-5152.54
162.7,6.38985,41441.8,2365.64,16968.3,1602.69,-13.3757,-4975.75
162.8,6.37281,41429.6,5768.22,17508.9,1596.81,-157.934,-4887.69
162.9,6.354,41463.9,6892.0,16171.0,1575.01,-197.02,-4939.53
163.0,6.33805,41573.6,7998.77,11862.0,1548.71,-152.725,-4981.08
163.1,6.33315,41714.1,9149.92,6660.87,1521.1,-46.6434,-4830.57
163.2,6.33972,41833.6,10865.0,3747.83,1521.98,43.7639,-4734.91
163.3,6.33893,41832.6,9738.83,3784.81,1518.66,-9.78388,-4766.49
163.4,6.32686,41832.8,6893.72,5772.35,1563.77,-116.008,-4870.33
163.5,6.30654,41827.8,6230.52,6559.39,1588.69,-192.605,-4912.92
163.6,6.28546,41940.3,7151.17,4612.3,1603.5,-160.079,-4832.48
163.7,6.27961,42116.7,9530.22,410.183,1629.86,-111.052,-4822.62
163.8,6.28638,42257.4,11589.0,-2413.82,1643.56,-68.3929,-4888.99
163.9,6.28599,42280.2,14003.8,-2702.04,1665.46,-158.063,-4918.01
164.0,6.27488,42281.3,15504.1,-1523.53,1711.2,-311.993,-4831.56
164.1,6.26116,42313.6,17192.4,-1799.88,1803.89,-399.604,-4831.85
164.2,6.25404,42408.7,17883.5,-4914.6,1865.54,-303.671,-4854.63
164.3,6.25643,42500.9,18638.3,-9496.75,1894.56,-138.781,-4832.67
164.4,6.2655,42549.5,19964.2,-11884.6,1924.05,-62.6351,-4813.99
164.5,6.2668,42510.9,21782.2,-10363.5,1901.26,-136.646,-4902.75
164.6,6.2695,42496.6,22607.6,-5069.83,1885.59,-237.751,-5037.92
164.7,6.25844,42431.7,23287.9,1468.41,1833.91,-308.936,-5135.04
164.8,6.24264,42473.9,21653.7,6313.19,1886.14,-353.308,-5110.24
164.9,6.2483,42607.5,18142.8,10331.3,1960.1,-291.425,-5092.2
165.0,6.24657,42600.2,12609.9,14101.9,1994.97,-260.281,-5073.87
165.1,6.23538,42640.1,7707.41,18995.7,2036.0,-264.454,-5048.42
165.2,6.23324,42679.5,3981.25,24605.8,2063.55,-325.7,-5005.76
165.3,6.22426,42702.5,1317.97,29003.7,2047.47,-339.961,-4995.3
165.4,6.23026,42803.3,-2182.6,30894.5,2068.56,-259.757,-5042.22
165.5,6.23229,42788.5,-6082.52,29811.1,2081.94,-179.911,-5113.29
165.6,6.22133,42762.4,-10037.2,26432.5,2098.97,-131.086,-5132.44
165.7,6.21382,42794.6,-10885.1,22694.5,2109.05,-89.1504,-5139.43
165.8,6.21298,42848.7,-10731.0,19846.8,2099.73,-61.7112,-5052.78
165.9,6.23097,42945.4,-10600.2,19296.7,2099.38,-42.3149,-4960.23
166.0,6.24736,42889.9,-11620.0,20591.5,2092.64,-115.432,-4910.61
166.1,6.24453,42762.8,-10467.0,22671.5,2061.45,-195.228,-4912.65
166.2,6.22411,42659.9,-7474.27,23902.8,2000.0,-217.286,-4802.08
166.3,6.20365,42693.7,-4260.9,24417.2,1973.6,-171.092,-4673.88
166.4,6.19163,42807.6,-3970.04,24272.2,1959.52,-155.909,-4673.39
166.5,6.1932,42922.5,-5524.69,23781.6,1945.97,-184.245,-4800.16
166.6,6.19228,42925.7,-7837.39,23445.5,1932.52,-175.298,-4854.6
166.7,6.17249,42878.8,-9184.38,21924.9,1957.82,-166.712,-4839.59
166.8,6.16098,42950.0,-11000.9,19596.4,2018.74,-115.578,-4872.56
166.9,6.16062,43051.4,-12160.9,17759.4,2078.63,-52.97,-5021.51
167.0,6.16953,43143.1,-10856.6,16188.8,2154.26,-85.341,-5101.27
167.1,6.18652,43182.4,-6322.25,14920.2,2199.79,-152.274,-5036.22
167.2,6.19014,43090.9,-1116.24,13017.3,2210.63,-206.632,-4922.64
167.3,6.18057,43049.6,2059.33,9207.11,2261.34,-206.064,-4905.53
167.4,6.18747,43099.9,3729.79,4390.06,2286.65,-122.396,-4918.98
167.5,6.2031,43129.0,5995.0,805.286,2282.21,-13.1395,-4889.34
167.6,6.21909,43121.1,8735.52,-334.282,2275.87,37.5115,-4849.6
167.7,6.23482,43046.8,10004.5,1675.56,2271.84,25.8559,-4918.11
167.8,6.21923,42866.5,8764.17,4753.23,2297.51,-38.7309,-5074.91
167.9,6.19328,42851.4,6352.96,6844.38,2326.14,-40.7279,-5167.09
168.0,6.1725,42911.4,5178.23,7989.52,2305.16,27.7591,-5163.83
168.1,6.15519,43040.1,4570.85,9308.06,2269.35,54.2355,-5109.71
168.2,6.15931,43198.0,4704.39,11006.1,2246.21,-64.6619,-5104.34
168.3,6.17571,43256.2,4817.67,13125.7,2226.04,-168.761,-5081.02
168.4,6.19107,43220.5,4499.25,14493.0,2250.7,-149.638,-5011.23
168.5,6.19452,43117.3,4399.63,14680.4,2208.18,-34.7431,-4977.09
168.6,6.18683,43038.3,3163.37,13830.1,2162.3,18.5809,-4976.19
168.7,6.18683,43113.9,1575.78,12917.7,2147.21,60.8307,-5012.91
168.8,6.20884,43202.0,-908.11,11431.3,2126.94,86.3284,-5001.89
168.9,6.23547,43191.6,-3218.98,9551.88,2140.12,91.6697,-5041.6
169.0,6.25009,43053.0,-5918.97,7455.13,2147.18,70.2875,-5083.63
169.1,6.24866,42885.8,-8498.72,5249.39,2130.67,-30.077,-5072.83
169.2,6.23546,42838.7,-8777.9,4141.89,2101.53,-38.1403,-5070.33
169.3,6.24598,42893.7,-9747.65,4924.27,2087.36,-1.6065,-4992.64
169.4,6.26404,42939.7,-9719.41,7148.17,2078.67,-43.0872,-4948.35
169.5,6.2814,42882.7,-11224.4,9875.97,2078.35,-89.238,-4858.25
169.6,6.26639,42642.1,-13407.5,11982.7,2059.14,-50.496,-4801.86
169.7,6.21535,42498.8,-16154.0,13485.0,2027.14,94.0912,-4846.65
169.8,6.17004,42585.4,-19269.7,14944.0,1979.69,146.462,-4929.26
169.9,6.14608,42795.3,-22055.1,17002.6,1929.79,41.5775,-5004.36
170.0,6.1404,43001.1,-23163.3,18404.0,1884.52,-95.8835,-5116.91
170.1,6.15198,43111.9,-22152.0,17849.1,1912.12,-143.192,-5211.34
170.2,6.15919,43085.7,-17325.9,14907.5,1957.41,-127.191,-5228.53
170.3,6.16225,43077.4,-10125.1,11461.6,1990.72,-67.0798,-5099.22
170.4,6.16915,43099.2,-4781.38,9777.18,2013.26,-21.0759,-4873.82
170.5,6.18368,43154.4,-1817.17,10078.2,2028.28,-51.6198,-4774.9
170.6,6.21153,43237.8,1148.59,10526.7,2049.92,-125.499,-4786.96
170.7,6.23773,43157.7,4577.1,8958.3,2085.95,-178.029,-4708.28
170.8,6.23572,42972.4,7868.11,4162.25,2108.01,-171.234,-4636.76
170.9,6.22005,42861.2,7676.75,-2341.35,2100.25,-119.786,-4753.76
171.0,6.20185,42851.1,4025.29,-7398.54,2103.57,-95.0992,-5015.33
171.1,6.20668,42993.6,1453.21,-8848.36,2107.41,-120.597,-5208.11
171.2,6.22867,43065.6,1554.89,-7116.68,2100.27,-204.694,-5198.37
171.3,6.23356,42938.8,2734.65,-3721.62,2074.12,-247.389,-5104.81
171.4,6.20693,42783.9,2083.79,-514.674,2134.22,-204.258,-5054.83
171.5,6.17205,42762.8,1071.71,2085.62,2201.44,-129.434,-5018.01
171.6,6.14115,42878.0,1497.53,4269.0,2243.92,-131.734,-4886.48
171.7,6.13782,43113.0,4366.14,6837.07,2257.18,-165.559,-4790.35
171.8,6.15602,43221.9,5722.85,9116.22,2234.5,-251.215,-4802.56
171.9,6.17023,43221.0,4088.1,9494.12,2225.48,-336.396,-4960.85
172.0,6.18904,43193.1,2200.35,7607.55,2218.37,-269.501,-5159.53
172.1,6.21212,43135.2,2062.31,4550.22,2192.32,-137.93,-5225.98
172.2,6.23647,43140.9,3931.99,1738.89,2179.69,-59.7052,-5173.54
172.3,6.28437,43184.9,4217.92,1944.58,2164.65,-8.6385,-5061.9
172.4,6.3133,43004.0,2823.86,5180.07,2145.62,-21.3808,-5003.2
172.5,6.31464,42805.7,1636.08,9073.36,2161.19,-113.827,-4933.63
172.6,6.30547,42676.6,2230.05,12287.8,2190.25,-199.572,-4805.9
172.7,6.28152,42567.6,4288.98,13848.7,2206.03,-242.191,-4704.52
172.8,6.26104,42614.1,4289.68,13932.0,2205.78,-235.515,-4722.37
172.9,6.26275,42693.9,2244.91,14555.7,2166.91,-203.778,-4878.9
173.0,6.26299,42673.9,-1197.96,16644.6,2155.02,-189.072,-5008.88
173.1,6.25967,42621.9,-3359.42,19762.9,2115.55,-166.745,-5064.58
173.2,6.24613,42528.9,-4542.11,22414.9,2093.93,-183.619,-5088.49
173.3,6.21159,42470.4,-6077.11,23010.8,2047.49,-174.579,-5087.1
173.4,6.18007,42555.9,-7041.48,20594.0,2038.32,-158.723,-5073.33
173.5,6.1736,42754.2,-6198.29,17299.1,2083.33,-114.993,-5022.4
173.6,6.18654,42910.6,-4808.71,14732.2,2118.25,-125.993,-4908.06
173.7,6.21712,42974.9,-4719.66,14611.3,2164.53,-171.152,-4840.03
173.8,6.2417,42864.8,-3851.54,15244.2,2189.2,-304.18,-4955.99
173.9,6.25858,42792.5,-1158.31,14402.6,2176.09,-335.246,-5031.3
174.0,6.28724,42778.3,2577.71,10948.8,2171.68,-228.008,-4931.07
174.1,6.31726,42749.0,5874.03,6352.08,2176.2,-44.6655,-4897.25
174.2,6.34036,42673.9,5798.1,3096.91,2179.65,74.508,-4997.87
174.3,6.34513,42490.9,4732.96,3817.99,2197.48,88.551,-5129.74
174.4,6.31677,42295.3,4776.25,7689.52,2240.14,-21.0395,-5114.4
174.5,6.27603,42242.2,5669.26,11571.5,2282.88,-150.682,-5021.12
174.6,6.24308,42299.2,5382.5,13779.6,2290.82,-174.773,-5003.45
174.7,6.21473,42407.3,5373.07,13987.6,2276.65,-127.828,-5046.86
174.8,6.20871,42571.4,6959.89,14144.0,2257.68,-88.6622,-4972.75
174.9,6.21789,42635.5,8067.47,16386.0,2230.42,-109.723,-4812.57
175.0,6.21494,42611.1,7051.94,19567.0,2196.28,-184.883,-4825.8
175.1,6.20509,42597.8,4448.98,20616.2,2154.61,-221.758,-5001.82
175.2,6.2052,42679.5,3713.82,18969.9,2151.28,-104.412,-5096.22
175.3,6.20592,42759.4,6311.41,14594.2,2128.69,35.1125,-5006.11
175.4,6.22756,42892.0,7699.94,10726.1,2130.67,131.348,-4900.59
175.5,6.26035,42904.1,4396.14,11115.6,2128.16,148.201,-4941.08
175.6,6.29301,42858.3,572.974,15376.7,2178.54,-4.31781,-5087.65
175.7,6.33218,42790.9,126.754,20962.2,2194.95,-225.335,-5036.74
175.8,6.36819,42647.2,1434.24,25837.5,2233.89,-316.963,-4828.81
175.9,6.3716,42428.7,695.808,27363.7,2230.61,-312.464,-4795.22
176.0,6.36268,42328.3,-1998.13,26370.8,2210.16,-246.041,-5009.1
176.1,6.34377,42259.8,-4812.88,25533.4,2173.83,-147.586,-5106.94
176.2,6.31605,42267.7,-4224.05,24664.3,2167.38,-122.728,-5054.78
176.3,6.2983,42298.3,-3100.69,23470.8,2111.24,-93.9017,-5038.27
176.4,6.27075,42230.3,-3834.21,22210.4,2076.01,-8.55425,-5171.22
176.5,6.22364,42195.2,-5256.06,20496.5,2101.94,45.1317,-5232.76
176.6,6.19487,42323.2,-4704.96,20221.2,2109.83,53.361,-5151.1
176.7,6.18094,42467.2,-3311.32,21449.4,2146.58,-96.6442,-5042.79
176.8,6.19423,42705.6,-3394.44,22265.9,2200.74,-296.826,-5035.24
176.9,6.24403,42871.5,-3384.57,22129.8,2240.62,-349.116,-5131.43
177.0,6.28573,42774.0,-1057.28,20584.8,2266.97,-285.441,-5153.67
177.1,6.31966,42660.9,1401.85,18498.4,2300.0,-171.68,-5045.86
177.2,6.35128,42524.5,2551.2,17775.8,2259.4,-107.248,-5027.7
177.3,6.3605,42352.2,1355.9,17896.0,2174.35,-121.932,-5102.8
177.4,6.369,42323.8,530.322,17681.9,2092.37,-116.482,-5131.57
177.5,6.38644,42273.0,-771.72,16889.1,2072.85,-119.858,-4996.12
177.6,6.38082,42140.9,-3744.57,15305.9,2096.58,-159.267,-4932.67
177.7,6.36444,42050.2,-8144.86,13484.5,2130.79,-236.535,-5081.79
177.8,6.33909,41995.0,-11514.0,13591.2,2204.79,-260.448,-5230.09
177.9,6.3073,42015.0,-12033.4,14381.7,2241.68,-318.18,-5165.03
178.0,6.29985,42178.7,-10199.4,15002.2,2263.32,-356.986,-5068.53
178.1,6.31185,42258.6,-10657.7,15644.5,2304.74,-265.92,-5040.56
178.2,6.31388,42190.9,-11381.4,15092.5,2305.86,-156.137,-5081.92
178.3,6.31212,42100.5,-9867.16,13947.9,2273.52,-113.86,-5030.61
178.4,6.30396,42027.7,-5810.62,13295.6,2243.77,-143.258,-4904.51
178.5,6.30708,42082.9,-3252.44,12940.1,2230.58,-199.419,-4867.28
178.6,6.33731,42193.1,-3270.22,12013.6,2211.46,-279.827,-5016.58
178.7,6.37418,42173.3,-4320.96,10966.4,2221.14,-287.506,-5164.95
178.8,6.40466,42090.2,-2496.69,10812.7,2213.6,-212.699,-5186.37
178.9,6.42294,41957.4,714.638,11950.7,2175.75,-214.53,-5063.82
179.0,6.4278,41875.0,910.432,14632.8,2154.0,-247.232,-4953.52
179.1,6.4286,41852.6,108.041,17425.0,2097.61,-255.427,-4981.66
179.2,6.42661,41852.3,1317.34,19094.6,2043.26,-219.347,-4959.13
179.3,6.4196,41834.1,3836.31,20556.1,1997.63,-142.117,-4769.18
179.4,6.38764,41704.9,5998.74,21818.0,1933.13,-172.326,-4705.07
179.5,6.34032,41670.5,5416.62,23328.5,1912.71,-237.984,-4893.61
179.6,6.30764,41778.6,5395.52,25144.3,1894.68,-226.128,-5098.99
179.7,6.29829,41952.4,8469.49,25758.6,1944.06,-245.615,-5072.87
179.8,6.32177,42115.4,11552.9,25054.8,2009.48,-256.867,-4918.49
179.9,6.35407,42082.9,10680.8,24828.7,2074.96,-196.238,-4919.4
180.0,6.35979,41884.1,7136.33,25124.0,2145.37,-186.9,-5056.0
180.1,6.36083,41827.3,6232.71,25260.2,2201.33,-265.562,-5055.3
180.2,6.37549,41842.3,7771.75,24752.1,2186.3,-334.186,-4837.41
180.3,6.39132,41863.2,6510.95,22184.4,2149.35,-306.114,-4715.36
180.4,6.41686,41882.5,1138.72,17651.6,2125.99,-192.464,-4904.97
180.5,6.43246,41763.9,-4136.74,13853.5,2086.7,-42.0695,-5120.63
180.6,6.4175,41596.0,-5927.81,12092.7,2042.61,1.46431,-5056.41
180.7,6.38656,41551.5,-6391.88,11898.0,1992.39,-80.0441,-4934.16
180.8,6.35431,41617.9,-9769.78,11749.1,1970.14,-147.672,-5038.9
180.9,6.32402,41763.2,-13748.8,9555.66,1954.84,-126.98,-5242.42
181.0,6.30936,41964.8,-13180.0,6038.44,1970.72,-38.3579,-5208.03
181.1,6.30257,42061.9,-8709.08,3375.05,2017.68,0.643,-4962.5
181.2,6.29619,42107.3,-3813.87,3049.31,2050.76,-26.971,-4877.55
181.3,6.30301,42149.8,-2657.09,5037.2,2070.85,-71.5425,-4945.2
181.4,6.31734,42161.9,-1285.23,7964.16,2076.97,-88.3668,-4962.24
181.5,6.34536,42169.8,2866.37,9267.04,2070.49,-96.804,-4831.37
181.6,6.38683,42134.9,6764.18,9096.67,2057.72,-56.8235,-4701.17
181.7,6.41259,41932.6,5110.35,8791.32,2006.47,9.2655,-4726.54
181.8,6.41145,41754.1,-702.016,9145.05,1958.99,-3.6235,-4934.71
181.9,6.40388,41686.1,-4586.6,10357.2,1912.98,-104.422,-5098.01
182.0,6.38367,41664.6,-4887.02,10725.2,1848.24,-208.016,-5027.23
182.1,6.36645,41761.8,-4068.55,9032.39,1817.38,-200.58,-4919.19
182.2,6.34547,41819.5,-4866.2,5819.38,1788.32,-107.191,-4963.62
182.3,6.31822,41902.5,-3782.54,3186.05,1789.65,-33.2094,-5051.55
182.4,6.29777,42031.0,892.248,3723.85,1786.04,-18.262,-4880.3
182.5,6.28255,42130.8,7098.28,7673.26,1774.01,-115.827,-4651.91
182.6,6.26328,42211.1,10253.5,12092.8,1771.16,-266.228,-4693.22
182.7,6.25211,42308.4,11737.0,14204.6,1784.91,-317.18,-4968.62
182.8,6.24618,42366.0,13451.4,13542.2,1780.99,-222.002,-5055.12
182.9,6.24331,42412.1,16855.2,11021.3,1754.88,-140.63,-4981.65
183.0,6.25807,42495.3,18202.3,10158.6,1732.65,-93.5817,-5009.82
183.1,6.28335,42484.5,17076.3,12055.9,1719.33,-155.724,-5210.61
183.2,6.30518,42435.8,15739.6,14963.3,1723.58,-276.318,-5275.61
183.3,6.32702,42353.0,15372.6,16108.3,1749.38,-365.575,-5070.44
183.4,6.33296,42247.4,14303.2,14740.2,1785.39,-303.028,-4893.07
183.5,6.32542,42195.8,9165.41,11708.8,1846.41,-151.724,-4897.98
183.6,6.31179,42200.9,2704.3,9201.3,1887.63,-76.1413,-4982.9
183.7,6.29545,42262.3,-473.002,9461.34,1912.46,-64.503,-4986.83
183.8,6.28003,42322.3,-1689.4,11535.2,1917.56,-107.359,-4911.23
183.9,6.2592,42334.8,-3876.73,12636.3,1892.56,-194.977,-4960.09
184.0,6.22462,42352.6,-7461.49,11640.1,1864.76,-169.296,-5120.4
184.1,6.19185,42417.2,-10324.9,9395.19,1849.7,-83.2958,-5144.85
184.2,6.17063,42591.7,-11015.9,8169.02,1853.87,-69.091,-5000.95
184.3,6.17505,42790.7,-11695.8,10206.5,1873.92,-143.905,-4890.12
184.4,6.19705,42889.3,-14031.2,15757.5,1923.66,-255.865,-4943.5
184.5,6.20856,42857.6,-16670.6,21443.3,1978.26,-360.433,-5011.23
184.6,6.21547,42794.7,-16033.9,23623.5,2010.76,-395.263,-4972.39
184.7,6.224,42797.0,-13925.5,23038.7,2003.13,-231.443,-4838.56
184.8,6.22818,42798.8,-13415.0,19904.2,1933.16,-129.518,-4796.59
184.9,6.2497,42901.0,-15607.8,16526.6,1873.96,-140.47,-4907.75
185.0,6.28587,42923.3,-18625.2,15056.2,1873.74,-173.917,-5020.32
185.1,6.29849,42768.9,-19956.6,13746.2,1894.21,-259.381,-5032.22
185.2,6.28455,42609.5,-18470.8,11005.3,1912.32,-325.519,-5045.81
185.3,6.24643,42495.9,-16083.2,6972.98,1947.97,-309.317,-5060.72
185.4,6.19528,42575.6,-13297.7,1915.34,1972.89,-232.533,-5034.16
185.5,6.18418,42880.2,-10267.1,-1271.87,1982.34,-117.801,-4928.27
185.6,6.19277,43025.3,-7307.73,-390.113,1993.31,-100.077,-4824.32
185.7,6.19541,43029.1,-3707.17,2963.69,2053.66,-213.372,-4812.1
185.8,6.1958,42932.7,-1935.88,7410.97,2066.17,-286.292,-4776.99
185.9,6.16179,42756.7,-926.274,10145.2,2038.71,-312.757,-4817.7
186.0,6.12967,42852.8,-172.856,9440.83,1984.57,-294.44,-4949.24
186.1,6.14763,43146.3,1317.2,8041.1,1950.83,-202.444,-5071.57
186.2,6.18845,43269.7,3328.9,8693.32,1935.15,-121.164,-5099.29
186.3,6.22217,43210.7,5682.78,11154.7,1920.0,-192.168,-5114.25
186.4,6.23787,43000.8,6767.95,15199.1,1902.02,-282.717,-5118.27
186.5,6.21151,42781.6,6883.84,18343.1,1905.22,-312.132,-5051.17
186.6,6.19468,42890.7,5485.54,18920.5,1959.44,-242.691,-4896.65
186.7,6.21515,43096.8,2179.43,18652.6,2005.06,-150.245,-4803.96
186.8,6.2315,43139.2,-1571.82,18712.0,2071.56,-141.312,-4874.5
186.9,6.23619,43059.4,-4355.69,19088.9,2117.7,-200.997,-4986.83
187.0,6.21613,42884.8,-6071.19,20091.7,2121.19,-214.293,-5073.88
187.1,6.17131,42800.0,-9119.26,19840.3,2109.45,-177.719,-5151.05
187.2,6.14883,42970.0,-13929.5,17788.2,2068.29,-106.367,-5269.31
187.3,6.15477,43140.2,-19213.2,15566.8,2047.86,-13.6358,-5324.01
187.4,6.15929,43167.5,-22913.5,13959.0,2045.46,36.1389,-5206.75
187.5,6.15603,43103.9,-25136.3,12881.0,2057.39,-10.9693,-5030.56
187.6,6.13328,42997.2,-25968.2,13053.6,2064.05,-36.0614,-4979.44
187.7,6.10249,43017.9,-25748.7,13192.6,2042.91,-46.9006,-5005.92
187.8,6.09876,43258.6,-23552.9,12418.8,2019.08,-54.1903,-4993.64
187.9,6.12843,43463.1,-20430.6,11888.2,1994.16,15.9653,-4951.07
188.0,6.1562,43482.2,-18695.1,11759.3,1974.14,90.0892,-4985.29
188.1,6.17162,43407.4,-19342.6,12049.4,2003.97,101.562,-5079.39
188.2,6.17271,43295.4,-20382.2,13367.1,2016.72,98.091,-5120.86
188.3,6.15647,43242.5,-20293.9,14435.0,1998.31,68.3467,-5042.58
188.4,6.15484,43378.7,-20889.0,14867.6,2017.4,42.0498,-4934.02
188.5,6.17265,43482.9,-21891.2,15397.2,2044.73,23.0395,-4951.58
188.6,6.17945,43432.5,-22385.0,15485.4,2057.36,-41.5978,-5000.35
188.7,6.16595,43292.2,-20527.0,14913.9,2029.77,-90.3958,-4947.91
188.8,6.13481,43189.0,-17176.1,14270.8,2011.66,-43.168,-4861.37
188.9,6.10758,43245.9,-14646.1,13068.0,1993.74,16.4853,-4862.07
189.0,6.10642,43438.8,-13285.6,11787.8,2028.91,60.1297,-4950.15
189.1,6.12357,43511.2,-12379.8,11361.3,2061.37,104.86,-4962.61
189.2,6.10824,43383.5,-10552.0,9824.87,2041.38,44.9222,-4911.13
189.3,6.08262,43364.5,-8220.27,7571.33,2059.07,36.4502,-4944.87
189.4,6.0547,43377.3,-6305.37,5255.7,2023.7,29.3471,-5027.91
189.5,6.03902,43603.1,-5198.36,4371.01,2002.55,46.9624,-5073.65
189.6,6.06237,43848.4,-5090.33,5820.92,1957.51,-2.38562,-5075.01
189.7,6.08753,43881.2,-4828.23,9193.46,1895.57,-86.7228,-5114.4
189.8,6.09569,43803.8,-4451.7,11998.5,1844.23,-143.719,-5116.63
189.9,6.09156,43728.2,-2656.82,12941.0,1815.09,-126.876,-5069.39
190.0,6.08333,43743.7,252.003,11685.7,1834.76,-48.8731,-5012.93
190.1,6.0925,43871.1,690.141,9133.58,1871.11,25.3692,-4939.03
190.2,6.11691,43943.6,-989.963,7353.69,1945.24,64.8193,-4991.05
190.3,6.13026,43855.6,-2002.51,7334.0,1992.05,57.7187,-5128.81
190.4,6.11856,43669.0,-2877.67,8068.78,2007.49,-8.705,-5116.92
190.5,6.08712,43543.9,-2120.69,8742.19,1976.26,-56.7451,-5087.81
190.6,6.05042,43562.3,-3572.46,8512.43,1924.21,-48.7323,-5072.99
190.7,6.03735,43758.5,-4388.65,7527.96,1880.55,-29.7537,-5124.68
190.8,6.05173,43921.3,-4418.4,7409.45,1876.07,-27.3948,-5062.23
190.9,6.06598,43929.2,-2768.94,9238.43,1920.24,-59.0597,-4919.67
191.0,6.0585,43797.5,-3257.94,12298.1,1960.93,-136.729,-4840.44
191.1,6.03037,43712.8,-4197.1,15215.7,2026.81,-198.52,-4964.47
191.2,6.00915,43833.8,-4690.57,17171.3,2066.5,-154.484,-5042.25
191.3,6.01313,44060.9,-4698.81,18616.2,2079.69,-53.8683,-4970.6
191.4,6.0344,44199.1,-6538.67,20268.0,2074.23,-36.8045,-4917.26
191.5,6.05175,44202.7,-10778.2,22351.7,2075.43,-121.089,-5047.42
191.6,6.05766,44105.6,-15431.8,24755.2,2071.77,-199.337,-5183.39
191.7,6.04911,44036.0,-17538.0,25719.7,2084.93,-288.293,-5151.63
191.8,6.04939,44100.4,-17355.7,24548.9,2082.69,-345.175,-5061.75
191.9,6.06772,44201.2,-17461.7,21721.6,2111.92,-333.477,-5073.75
192.0,6.09079,44222.1,-18256.1,18681.5,2171.24,-223.754,-5147.79
192.1,6.10589,44111.3,-16978.3,16159.6,2244.99,-127.71,-5147.36
192.2,6.10076,43933.4,-13802.9,14742.0,2307.32,-74.8518,-5011.93
192.3,6.08246,43832.0,-11139.5,14251.6,2373.8,-41.1406,-4925.3
192.4,6.06897,43844.3,-10849.0,13300.0,2411.59,-55.0386,-4979.79
192.5,6.06907,43903.6,-9133.02,12017.4,2396.72,-73.4629,-5101.45
192.6,6.07706,43925.6,-6575.46,11478.9,2398.92,-98.1279,-5050.48
192.7,6.07935,43874.5,-4428.22,12410.1,2383.49,-164.233,-4988.55
192.8,6.0799,43816.6,-6366.87,15003.8,2390.6,-248.29,-5075.08
192.9,6.07359,43779.8,-10073.0,18036.3,2367.58,-293.698,-5233.37
193.0,6.07203,43834.2,-11185.0,19654.1,2343.35,-253.462,-5208.24
193.1,6.08231,43886.4,-9907.73,19253.4,2303.76,-140.181,-4960.71
193.2,6.09254,43907.1,-8601.7,16651.1,2285.8,-51.4815,-4822.2
193.3,6.10103,43882.9,-8577.77,12643.0,2231.76,-2.99262,-4870.24
193.4,6.10927,43843.4,-7162.48,9124.46,2213.38,32.1208,-4920.98
193.5,6.11759,43812.5,-2823.31,7115.71,2202.44,5.55925,-4866.64
193.6,6.12994,43797.3,2439.42,6218.72,2187.23,-128.116,-4851.92
193.7,6.14442,43741.4,5111.36,6101.58,2154.8,-237.595,-4966.38
193.8,6.15145,43681.4,5441.62,6271.34,2180.23,-217.523,-5067.53
193.9,6.16074,43608.2,5656.4,6386.57,2190.34,-155.455,-4989.19
194.0,6.16201,43513.0,5205.31,6582.94,2166.09,-156.716,-4791.19
194.1,6.15236,43420.6,3598.78,6836.23,2129.72,-170.833,-4717.6
194.2,6.14899,43417.5,1317.86,6896.22,2144.96,-149.39,-4760.91
194.3,6.14307,43386.3,-2174.82,5982.63,2152.21,-117.094,-4758.29
194.4,6.13177,43344.1,-5071.58,4249.05,2160.42,-71.8152,-4826.12
194.5,6.11422,43312.6,-7514.98,2618.51,2157.28,-13.289,-4995.04
194.6,6.08991,43335.9,-9514.75,1903.96,2137.06,39.848,-5146.97
194.7,6.07665,43456.9,-11730.8,2374.46,2116.14,61.4766,-5136.04
194.8,6.07906,43594.1,-11623.0,3831.97,2087.05,37.2806,-5122.34
194.9,6.09541,43702.7,-10864.1,6172.99,2086.82,25.2086,-5055.53
195.0,6.11494,43713.6,-10003.4,8987.39,2109.75,-3.68962,-4914.35
195.1,6.12129,43618.1,-8943.84,11461.2,2156.55,-72.5866,-4830.81
195.2,6.11811,43575.7,-7702.98,12620.9,2176.47,-119.684,-4847.3
195.3,6.11874,43590.5,-6951.76,11604.0,2191.41,-99.9979,-4850.87
195.4,6.13394,43667.9,-8191.43,10146.2,2226.35,59.2812,-4854.37
195.5,6.15985,43674.9,-10651.3,9235.68,2252.03,158.083,-4983.57
195.6,6.17544,43554.1,-13011.5,9384.01,2259.75,133.54,-5126.98
195.7,6.171,43380.8,-13937.5,9838.43,2251.59,72.319,-5138.94
195.8,6.14589,43246.2,-11413.3,8423.48,2192.29,14.6683,-5087.23
195.9,6.12495,43309.4,-9517.8,4841.76,2157.72,14.0308,-4971.12
196.0,6.12161,43423.6,-9024.71,868.007,2142.38,24.7243,-4906.83
196.1,6.11814,43470.1,-9729.65,-1906.69,2163.34,-15.3588,-4895.39
196.2,6.11429,43477.3,-8307.85,-2525.89,2172.39,-63.8507,-4903.77
196.3,6.10768,43451.6,-5738.96,-1305.9,2188.05,-82.8715,-4857.8
196.4,6.09748,43466.8,-2730.77,-920.043,2179.47,-100.921,-4854.47
196.5,6.10399,43553.2,-1357.44,-2557.55,2136.34,-60.5327,-4904.52
196.6,6.1211,43626.2,-1048.59,-5510.72,2113.9,32.1365,-4947.31
196.7,6.14477,43647.5,-970.307,-8483.81,2069.88,87.6989,-4939.62
196.8,6.17719,43621.6,-2466.27,-9374.05,2068.23,39.7986,-4927.45
196.9,6.19916,43487.8,-4337.18,-8155.15,2071.17,-105.699,-5017.48
197.0,6.20759,43372.3,-5048.63,-6687.02,2111.83,-210.809,-5135.75
197.1,6.21568,43276.6,-4344.01,-6205.56,2096.33,-202.207,-5087.97
197.2,6.21105,43214.3,-1157.01,-6977.12,2062.21,-126.396,-4990.22
197.3,6.21241,43207.7,1696.06,-8115.51,1997.33,-59.601,-4889.87
197.4,6.2113,43161.2,3427.59,-7510.14,1918.3,-5.77384,-4818.21
197.5,6.19529,43080.7,4462.61,-4863.0,1873.47,-8.88541,-4786.72
197.6,6.17017,43038.0,3814.25,-1533.07,1806.17,-87.5829,-4756.95
197.7,6.14241,43047.2,1750.19,1598.63,1789.17,-138.387,-4807.03
197.8,6.11451,43119.6,-1474.73,4412.87,1795.81,-105.179,-4929.72
197.9,6.08949,43215.9,-4322.61,5905.52,1770.81,-142.638,-5032.99
198.0,6.08468,43387.2,-6630.96,7616.86,1773.97,-177.856,-5040.06
198.1,6.08767,43473.7,-6918.97,8999.8,1789.61,-234.469,-5029.22
198.2,6.10598,43555.1,-6183.72,9832.21,1810.37,-250.667,-4977.15
198.3,6.13591,43573.4,-4254.26,10402.2,1858.47,-238.762,-4885.23
198.4,6.15724,43486.6,-1847.29,10244.9,1896.8,-249.822,-4773.38
198.5,6.17516,43425.9,90.0912,9037.53,1947.24,-262.379,-4705.32
198.6,6.18363,43326.5,245.008,6570.66,1963.21,-255.134,-4701.54
198.7,6.17948,43270.1,172.901,2583.04,1964.13,-220.385,-4799.12
198.8,6.17355,43256.4,478.684,-2555.39,1925.7,-183.581,-4895.61
198.9,6.15974,43231.4,1604.53,-6974.7,1886.94,-128.671,-4967.4
199.0,6.13747,43233.1,2084.9,-9570.58,1875.32,-114.534,-5011.93
199.1,6.114,43272.2,3030.96,-10282.2,1894.23,-185.612,-5108.83
199.2,6.08782,43309.5,3822.36,-8891.52,1896.11,-242.296,-5113.27
199.3,6.04864,43360.0,5515.73,-7726.11,1918.61,-333.37,-5014.32
199.4,6.01841,43536.5,8287.4,-8443.75,1983.04,-377.571,-4915.89
199.5,6.01299,43744.6,11842.7,-10262.9,2024.02,-293.475,-4854.15
199.6,6.01653,43874.7,15439.9,-11996.6,2048.9,-184.23,-4802.0
199.7,6.02998,43959.5,17670.0,-12486.6,2011.19,-157.877,-4743.53
199.8,6.04987,43968.5,18892.5,-10849.0,1965.32,-171.535,-4795.07
199.9,6.06823,43945.7,19844.4,-8266.0,1916.71,-190.873,-4899.72
200.0,6.09754,43962.5,19799.5,-5917.36,1875.0,-211.584,-4930.28
200.1,6.12193,43901.2,19803.8,-4066.93,1817.46,-253.896,-4951.53
200.2,6.13496,43811.7,18629.8,-2950.29,1818.62,-318.832,-4994.19
200.3,6.13977,43762.9,17825.9,-2805.22,1869.09,-388.037,-5027.12
200.4,6.13852,43712.9,18088.9,-3087.72,1909.07,-397.792,-4954.49
200.5,6.12088,43664.2,19660.4,-3773.16,1911.99,-358.845,-4825.69
200.6,6.10262,43703.1,21254.6,-3909.46,1911.7,-257.503,-4764.17
200.7,6.08904,43732.4,22290.4,-2225.99,1892.02,-146.681,-4769.3
200.8,6.06192,43730.5,22534.6,1280.17,1827.17,-104.396,-4774.5
200.9,6.02305,43732.9,22705.6,5581.89,1724.57,-149.814,-4821.12
201.0,5.97567,43774.2,20538.8,10207.2,1640.99,-182.234,-4893.2
201.1,5.92374,43903.1,16241.4,13647.6,1557.64,-235.755,-5008.34
201.2,5.89359,44180.7,12094.3,16090.6,1529.34,-274.608,-5156.0
201.3,5.90455,44307.0,9177.97,18558.8,1614.94,-289.126,-5205.63
201.4,5.93682,44284.8,7410.41,21265.6,1731.06,-281.371,-5115.83
201.5,5.96608,44297.3,6717.37,22589.6,1847.72,-308.439,-5037.15
201.6,5.98329,44435.0,6558.48,22765.7,1936.7,-216.195,-4982.42
201.7,5.99056,44533.1,6998.46,20847.5,1976.37,-99.8572,-4876.74
201.8,6.00949,44609.5,8657.68,16991.6,1948.95,-32.1382,-4784.25
201.9,6.03888,44613.5,9181.48,12663.7,1914.9,-0.817,-4765.35
202.0,6.04375,44485.6,7988.86,8641.57,1879.36,5.61244,-4866.77
202.1,6.01596,44296.4,6193.43,5226.92,1826.65,-9.59925,-5013.47
202.2,5.96416,44197.3,6432.37,2915.4,1788.3,-67.1349,-5108.91
202.3,5.90964,44330.4,8198.84,1930.88,1775.58,-89.2604,-5073.37
202.4,5.88566,44605.1,10388.7,2640.56,1776.7,-76.4718,-4991.12
202.5,5.87472,44790.1,12284.3,5197.58,1840.45,-93.0204,-4948.63
202.6,5.85588,44842.5,13520.2,7983.13,1940.25,-177.813,-4848.33
202.7,5.82627,44856.4,15930.8,9880.19,2031.98,-233.451,-4759.73
202.8,5.79317,44939.5,17350.2,10067.1,2097.05,-207.427,-4704.18
202.9,5.79492,45066.3,17875.7,9201.8,2121.9,-122.259,-4797.45
203.0,5.83526,45076.0,19205.6,8587.5,2081.96,-115.075,-4981.16
203.1,5.88507,45135.1,21036.8,9221.49,2046.73,-156.581,-5083.38
203.2,5.93018,45186.0,23562.2,10823.6,2007.72,-191.782,-5135.35
203.3,5.95535,45090.9,23314.1,13144.8,1959.06,-195.325,-5142.66
203.4,5.95575,45048.8,19843.9,15368.7,1959.41,-210.526,-5135.16
203.5,5.96235,45068.6,17022.4,17616.2,1951.74,-240.271,-5133.53
203.6,5.96612,45062.5,15455.9,20079.2,1951.69,-272.463,-5040.1
203.7,5.95804,45025.9,14800.3,22638.3,1967.23,-275.097,-4933.2
203.8,5.92596,44938.6,14026.3,24169.1,1973.67,-303.887,-4964.77
203.9,5.86957,44890.5,10944.4,23774.4,1995.0,-294.237,-5067.44
204.0,5.81659,44935.4,9253.88,20965.7,1990.59,-225.278,-5192.79
204.1,5.78783,45019.2,10022.8,17043.5,1942.24,-114.324,-5209.27
204.2,5.78292,45081.4,11906.8,14050.4,1892.05,-48.2918,-5162.47
204.3,5.78846,45086.1,12805.5,13610.7,1860.31,-56.8353,-5159.04
204.4,5.79368,45068.8,12158.7,16119.5,1896.9,-136.658,-5168.64
204.5,5.78915,45039.3,10662.3,19689.9,1954.39,-257.871,-5089.19
204.6,5.78752,45069.2,9513.98,22030.4,2003.76,-344.383,-4951.2
204.7,5.8133,45178.1,7499.89,23750.0,2105.94,-274.777,-4861.08
204.8,5.85455,45185.2,4883.85,23813.7,2190.21,-267.38,-4855.5
204.9,5.90725,45222.2,1933.38,23639.9,2262.93,-269.504,-4878.55
205.0,5.95106,45145.6,436.83,24253.4,2313.86,-257.477,-4918.43
205.1,5.95286,45018.8,-1013.33,24217.1,2326.98,-285.684,-4950.42
205.2,5.94115,45034.8,-3949.55,22695.0,2322.65,-289.444,-5009.74
205.3,5.92679,45003.6,-6643.5,19777.8,2322.9,-260.374,-5096.02
205.4,5.90483,45013.6,-8067.8,16386.3,2361.4,-184.393,-5087.34
205.5,5.88576,45008.4,-6262.46,13512.2,2384.44,-199.505,-5002.46
205.6,5.84731,44916.6,-4841.55,12855.1,2381.57,-280.637,-4877.28
205.7,5.79308,44928.4,-4223.73,13476.5,2394.72,-362.188,-4851.02
205.8,5.76734,45036.6,-2200.64,14236.2,2406.82,-416.497,-4917.77
205.9,5.77435,45113.9,503.178,15319.0,2395.46,-382.322,-4872.4
206.0,5.7972,45145.8,3611.54,16338.9,2376.54,-353.845,-4829.61
206.1,5.826,45134.6,3607.09,17325.3,2379.64,-363.293,-4912.23
206.2,5.84375,45092.7,1952.6,18264.7,2375.91,-343.829,-5099.35
206.3,5.85396,45090.6,340.471,18345.2,2337.12,-275.407,-5170.26
206.4,5.87301,45121.9,1211.75,16457.8,2285.53,-274.708,-5131.85
206.5,5.9053,45183.6,2560.98,12823.9,2259.8,-269.073,-5055.62
206.6,5.95451,45206.5,3472.07,9490.68,2259.73,-166.338,-5028.21
206.7,5.9892,45122.0,4351.31,8124.01,2267.83,-113.309,-4998.49
206.8,5.99628,45055.4,4883.78,9689.88,2253.96,-165.643,-4880.74
206.9,5.97689,44971.5,5157.38,13159.8,2204.17,-272.058,-4802.67
207.0,5.94495,44955.5,3938.17,15885.7,2199.51,-316.517,-4841.65
207.1,5.92169,45034.6,3534.98,15260.1,2197.03,-266.777,-4953.26
207.2,5.90839,45031.6,5945.37,11887.1,2197.79,-148.609,-5000.12
207.3,5.88697,44987.0,9973.38,8819.51,2203.39,-23.011,-4959.12
207.4,5.84801,44948.7,11858.2,7216.1,2242.88,-48.8007,-4947.64
207.5,5.814,44977.6,11269.8,7246.11,2257.63,-157.363,-5031.71
207.6,5.80098,45061.8,10671.7,7182.19,2277.33,-227.894,-5056.0
207.7,5.81888,45156.2,11889.0,5472.48,2273.04,-204.354,-4912.44
207.8,5.86069,45193.8,14420.3,3551.18,2270.67,-119.743,-4783.06
207.9,5.89245,45112.8,14676.1,2753.05,2253.43,-125.63,-4757.7
208.0,5.90793,45095.5,11616.6,3433.27,2247.94,-181.478,-4807.55
208.1,5.92991,45135.1,9538.77,5247.06,2261.15,-188.328,-4924.94
208.2,5.94894,45102.2,8941.34,5602.55,2275.46,-199.16,-4972.91
208.3,5.97782,45180.6,8341.8,4642.93,2328.23,-106.432,-4974.16
208.4,6.00572,45098.4,5664.16,2976.7,2381.56,-49.4567,-5026.14
208.5,5.99147,44904.7,2748.76,884.619,2408.17,-68.1955,-5129.96
208.6,5.97548,44832.4,1164.05,214.011,2419.72,-45.3645,-5118.12
208.7,5.96107,44792.3,1732.85,1977.23,2436.52,-50.7615,-5003.35
208.8,5.94805,44844.7,-71.5789,5221.5,2483.08,-107.683,-4887.76
208.9,5.9501,44861.6,-5006.87,8721.52,2532.3,-190.52,-4952.83
209.0,5.92634,44706.1,-8866.39,11204.4,2512.99,-195.815,-5098.99
209.1,5.89128,44682.4,-6996.2,10808.2,2486.54,-138.719,-5122.2
209.2,5.88819,44808.5,-2128.05,9379.18,2435.44,-41.7604,-4975.19
209.3,5.90445,44923.6,1055.37,9423.03,2411.81,36.3745,-4953.15
209.4,5.93192,44968.7,800.535,10515.2,2390.93,1.671,-5113.03
209.5,5.97028,44907.7,460.884,12936.3,2393.13,-39.0838,-5201.7
209.6,5.97586,44692.4,3316.49,14998.0,2372.9,-57.2661,-5053.98
209.7,5.96956,44643.7,7140.52,15266.1,2360.15,-77.0267,-4867.05
209.8,5.98088,44750.5,8379.49,14668.5,2367.56,-88.2139,-4867.76
209.9,6.00433,44841.2,7257.64,13871.9,2367.84,-108.203,-4954.78
210.0,6.03783,44903.5,7517.5,12518.9,2391.57,-165.151,-4957.95
210.1,6.07099,44784.5,8226.77,11283.8,2430.18,-170.272,-4845.61
210.2,6.07218,44517.9,6767.56,9231.4,2468.2,-152.073,-4848.25
210.3,6.0531,44353.7,2879.66,5999.88,2466.05,-97.3279,-5013.03
210.4,6.0347,44302.2,762.775,2498.74,2435.73,-35.7331,-5116.81
210.5,6.01953,44331.8,1979.05,-1072.61,2417.32,-6.80363,-4999.35
210.6,6.0216,44385.2,5599.74,-4438.39,2394.02,-24.6019,-4883.75
210.7,6.01764,44289.0,8810.11,-6372.42,2396.97,-46.055,-4942.25
210.8,5.99313,44137.6,10758.5,-6451.38,2409.9,-74.5255,-4992.76
210.9,5.96656,44121.0,12740.9,-4371.7,2394.04,-135.404,-4893.67
211.0,5.95732,44222.3,17123.3,-462.404,2307.35,-243.907,-4822.01
211.1,5.96653,44390.6,20185.9,3653.91,2251.97,-312.367,-4798.57
211.2,6.00421,44526.9,21361.3,6244.21,2239.71,-325.773,-4815.8
211.3,6.03978,44471.8,21749.4,7270.45,2246.96,-270.57,-4838.33
211.4,6.05744,44345.8,21145.0,7869.53,2307.76,-163.227,-4844.05
211.5,6.07177,44249.6,20416.9,9318.96,2390.37,-126.135,-4899.59
211.6,6.08565,44221.4,18318.7,12791.3,2461.61,-140.74,-4967.44
211.7,6.10772,44225.2,15907.6,16685.7,2540.18,-226.173,-5034.56
211.8,6.1305,44145.2,14857.7,19223.8,2568.04,-311.498,-5062.7
211.9,6.14137,43989.2,15393.5,19550.9,2585.48,-332.558,-5002.94
212.0,6.13612,43815.0,14727.1,17805.8,2590.04,-332.926,-4862.7
212.1,6.1273,43719.4,14427.1,16103.5,2568.88,-315.82,-4854.62
212.2,6.12557,43694.9,13724.8,16156.5,2558.65,-315.919,-4889.07
212.3,6.12487,43670.0,13299.3,18054.5,2525.69,-326.889,-4870.53
212.4,6.12393,43602.1,12360.1,20359.4,2506.8,-331.221,-4864.8
212.5,6.10843,43499.2,11796.7,21545.8,2523.88,-306.159,-4995.9
212.6,6.08179,43439.2,11068.1,20775.2,2525.79,-259.147,-5078.26
212.7,6.05536,43491.8,11104.6,19187.1,2507.41,-210.621,-5036.02
212.8,6.05044,43656.1,9889.6,18982.4,2491.75,-185.411,-4979.04
212.9,6.073,43840.6,8332.09,20341.8,2455.98,-285.035,-5041.97
213.0,6.11414,43920.1,7039.32,22319.6,2421.9,-410.033,-5090.68
213.1,6.15284,43829.3,8907.36,23251.0,2357.1,-459.17,-5024.4
213.2,6.1663,43656.2,11776.6,21306.9,2314.16,-412.643,-4900.01
213.3,6.17402,43571.6,11345.5,17036.1,2272.03,-281.207,-4849.8
213.4,6.18454,43567.8,9158.63,12306.0,2261.77,-150.988,-4974.57
213.5,6.20186,43577.0,7143.46,8267.61,2250.8,-72.8465,-5023.7
213.6,6.22409,43517.9,7746.23,6100.46,2249.64,-33.6625,-4945.33
213.7,6.22468,43303.3,7609.87,5584.38,2258.27,-33.1375,-4895.05
213.8,6.19901,43093.9,5687.29,5183.6,2270.41,-104.488,-4986.79
213.9,6.17542,43067.4,3471.18,5058.25,2292.92,-151.821,-5075.55
214.0,6.16949,43138.5,6504.17,5442.55,2307.79,-200.328,-5064.39
214.1,6.17982,43221.9,11761.0,6012.24,2285.88,-269.632,-4877.9
214.2,6.19212,43163.1,15009.9,6782.67,2247.47,-317.686,-4761.15
214.3,6.17859,43012.9,16466.2,7175.16,2236.42,-284.501,-4870.32
214.4,6.1574,42963.6,17497.9,6389.67,2252.69,-194.52,-4902.53
214.5,6.14818,43024.7,20519.0,5141.81,2201.18,-78.057,-4743.31
214.6,6.15527,43161.6,23133.7,5811.72,2148.63,48.6393,-4665.79
214.7,6.1754,43229.8,21983.1,9113.5,2136.19,58.5953,-4832.26
214.8,6.19282,43176.8,18232.0,13954.8,2123.13,-91.2238,-5038.57
214.9,6.19457,43101.5,15988.2,18915.9,2132.88,-213.384,-5105.22
215.0,6.18871,43060.4,14733.7,21357.4,2144.74,-286.66,-5026.33
215.1,6.19258,43166.7,11812.6,20576.3,2170.91,-307.724,-5023.46
215.2,6.23257,43327.5,6494.52,19069.2,2232.73,-228.778,-5114.11
215.3,6.27267,43267.7,4425.37,17769.8,2248.71,-175.766,-5140.99
215.4,6.29372,43060.0,6304.77,17608.0,2226.53,-108.18,-4978.08
215.5,6.28272,42760.0,9417.15,18475.2,2159.71,-53.2511,-4834.1
215.6,6.23696,42557.7,9659.83,18497.4,2111.46,-26.0728,-4890.32
215.7,6.21076,42675.6,8527.99,17590.4,2123.04,38.05,-5044.11
215.8,6.20526,42777.5,8300.09,16606.5,2128.75,63.1427,-5064.04
215.9,6.1912,42804.0,10147.8,16104.4,2148.31,7.88925,-5025.19
216.0,6.18229,42800.2,10996.5,17328.6,2141.3,-87.7742,-5048.13
216.1,6.15544,42747.3,8750.11,19527.7,2136.9,-208.716,-5101.26
216.2,6.14198,42913.4,7074.98,21053.4,2142.56,-244.521,-5140.78
216.3,6.16821,43127.6,8490.47,21437.7,2091.58,-199.584,-5048.35
216.4,6.19805,43187.0,10581.3,20273.5,2070.84,-140.582,-4864.44
216.5,6.21435,43127.4,10298.5,17083.4,2066.12,-86.953,-4781.55
216.6,6.21605,42984.9,7626.04,13007.4,2059.13,-13.6926,-4858.45
216.7,6.1904,42890.1,6888.05,8566.7,2024.63,55.3307,-4949.84
216.8,6.18054,43017.7,9254.78,4295.98,1959.85,46.2621,-4908.43
216.9,6.19655,43165.2,11582.9,2094.11,1887.44,12.3404,-4847.68
217.0,6.20885,43154.0,10886.0,1066.13,1846.01,-75.9231,-4944.9
217.1,6.21618,43099.5,8502.61,1314.44,1843.16,-138.923,-5073.98
217.2,6.20107,42942.7,8612.38,2387.16,1858.51,-205.399,-5029.74
217.3,6.16431,42895.6,9905.9,3447.04,1873.03,-258.66,-4802.15
217.4,6.1437,43041.5,8748.72,3924.91,1904.05,-283.074,-4687.37
217.5,6.13456,43166.1,5512.81,3453.34,1907.2,-258.421,-4801.81
217.6,6.13086,43259.6,6430.95,1786.46,1922.99,-188.05,-4957.55
217.7,6.13945,43287.8,11687.1,882.495,1949.36,-77.0156,-4869.08
217.8,6.13365,43188.9,17463.8,2293.79,1948.01,-37.7474,-4778.6
217.9,6.11503,43149.6,17038.8,5795.17,1962.1,-94.5519,-4922.58
218.0,6.10812,43227.1,12810.7,10498.9,1990.11,-182.627,-5176.35
218.1,6.11604,43383.7,9898.82,15081.6,2065.86,-224.646,-5192.49
218.2,6.14295,43509.1,11132.5,18524.5,2112.75,-252.287,-5012.25
218.3,6.16116,43461.4,10755.8,21504.4,2146.38,-310.079,-4884.93
218.4,6.14995,43334.8,6781.1,23840.6,2167.09,-366.854,-4966.9
218.5,6.12748,43318.4,1664.33,24348.7,2171.72,-402.569,-5052.2
218.6,6.11883,43453.7,1037.95,22773.6,2189.24,-352.169,-5020.93
218.7,6.13002,43589.8,1729.89,19452.2,2197.84,-241.654,-4863.8
218.8,6.1368,43581.3,502.331,14965.7,2184.61,-184.224,-4874.3
218.9,6.12271,43485.6,-2632.12,11220.4,2170.38,-119.137,-5068.42
219.0,6.08928,43397.0,-3271.72,8709.26,2136.24,-104.692,-5148.53
219.1,6.05649,43483.6,121.002,7253.27,2102.52,-165.954,-5024.68
219.2,6.05589,43707.4,4469.71,6756.72,2056.59,-267.158,-4937.11
219.3,6.07359,43846.2,7176.06,7266.0,2026.76,-335.266,-5020.32
219.4,6.09312,43848.7,10017.4,8795.25,2053.84,-371.714,-5091.42
219.5,6.10154,43724.2,14175.7,11153.9,2071.03,-434.345,-4963.2
219.6,6.09305,43633.0,18370.3,13791.2,2095.06,-474.917,-4817.54
219.7,6.09618,43679.0,19427.3,15009.0,2132.89,-469.389,-4831.38
219.8,6.1188,43773.7,18027.9,13973.8,2115.0,-381.138,-4947.08
219.9,6.14212,43773.2,18796.1,10858.6,2077.01,-259.252,-5018.05
220.0,6.15749,43673.8,21288.7,7668.53,2042.99,-147.994,-4958.21
220.1,6.15507,43535.9,23137.2,6044.97,2027.54,-129.7,-4988.57
220.2,6.13481,43436.2,21948.6,6337.76,2022.03,-204.102,-5147.31
220.3,6.10906,43450.7,20588.6,7362.7,1999.58,-293.587,-5265.0
220.4,6.09364,43569.7,21151.2,8370.36,1996.59,-312.335,-5160.22
220.5,6.08928,43680.3,22562.2,8911.56,2010.29,-309.775,-4947.11
220.6,6.08724,43720.0,22364.6,9586.37,2034.11,-311.302,-4860.79
220.7,6.07604,43674.1,20726.6,10709.6,2067.14,-306.311,-4890.8
220.8,6.06104,43677.9,22752.1,12135.2,2067.51,-262.388,-4923.8
220.9,6.05741,43751.6,27921.8,13425.6,2030.95,-193.26,-4846.18
221.0,6.05976,43793.9,32461.1,13958.1,1967.89,-171.953,-4816.4
221.1,6.06606,43849.5,31459.2,14691.8,1946.12,-104.588,-4936.37
221.2,6.07119,43824.0,28374.0,16194.5,1920.09,-65.3167,-5151.96
221.3,6.06347,43773.6,26497.0,18262.9,1901.68,-140.533,-5161.15
221.4,6.06788,43853.1,26164.5,20682.8,1949.87,-269.523,-4994.8
221.5,6.08447,43909.3,23402.0,22832.4,1986.88,-351.479,-4871.9
221.6,6.09943,43908.7,18175.3,23740.2,2037.97,-365.909,-4944.43
221.7,6.11087,43864.6,13044.1,23463.2,2094.39,-324.401,-4986.37
221.8,6.11666,43797.5,10833.2,23171.8,2166.21,-245.586,-4905.56
221.9,6.1054,43718.2,9366.7,21993.6,2191.13,-208.613,-4840.08
222.0,6.09289,43717.0,6229.45,18815.7,2225.28,-188.166,-4944.61
222.1,6.07369,43701.1,3857.43,14368.2,2185.92,-71.2755,-5138.75
222.2,6.04338,43704.2,4317.54,9891.0,2159.32,51.911,-5172.39
222.3,6.02199,43818.1,8377.65,8085.62,2158.01,66.3471,-5091.6
222.4,6.00977,43890.8,9315.9,10463.6,2147.9,-38.2667,-5007.9
222.5,5.98997,43932.8,7468.06,14894.8,2127.16,-232.469,-5074.01
222.6,5.97194,44025.6,6281.93,18097.8,2087.46,-363.582,-5107.21
222.7,5.9684,44176.4,9149.6,18821.6,2063.38,-318.416,-4949.76
222.8,5.97696,44310.0,12788.2,17083.5,2029.02,-211.864,-4713.73
222.9,5.99194,44400.0,13913.8,14420.9,1978.99,-147.7,-4734.56
223.0,6.00562,44401.6,11519.5,12474.0,1974.31,-100.073,-4935.75
223.1,6.00642,44350.3,12372.4,10392.7,1960.62,-76.9583,-5095.49
223.2,6.00975,44381.2,16378.0,8064.91,1956.45,-2.17,-5025.79
223.3,6.01315,44373.4,19457.8,5639.1,1956.74,38.3937,-4925.56
223.4,6.0094,44388.6,19462.8,3910.84,2012.81,25.1205,-5043.82
223.5,6.01094,44401.9,17152.5,3984.06,2045.98,-40.3963,-5121.18
223.6,6.00052,44366.0,17770.4,6111.22,2044.26,-147.589,-4994.0
223.7,5.98687,44395.0,20437.0,9257.59,2055.6,-249.428,-4775.32
223.8,5.98779,44459.0,22158.1,12191.1,2077.65,-326.345,-4745.3
223.9,5.97899,44444.7,22501.7,13534.2,2091.89,-346.714,-4894.62
224.0,5.96176,44429.1,23216.8,12875.8,2083.01,-271.518,-4957.71
224.1,5.93278,44398.2,24481.8,10925.9,2055.02,-153.816,-4894.15
224.2,5.89913,44470.5,25144.3,8410.36,2048.08,-82.3199,-4933.84
224.3,5.88855,44681.8,23748.3,6685.44,2059.83,-47.7156,-5073.85
224.4,5.89243,44801.3,22430.1,6829.13,2037.19,-56.6426,-5125.86
224.5,5.88747,44851.4,21481.4,7945.91,2040.87,-156.432,-5018.79
224.6,5.88652,44902.9,20517.0,9052.97,2028.35,-298.306,-4941.64
224.7,5.88005,44945.1,18024.4,9315.38,2009.22,-378.551,-4964.66
224.8,5.88817,45111.4,15769.6,8642.63,2036.13,-352.759,-5001.68
224.9,5.92278,45173.8,14827.1,8111.49,2044.93,-299.706,-4951.79
225.0,5.95876,45161.0,15196.1,8626.61,2062.83,-266.661,-4915.71
225.1,5.98294,45118.1,14136.7,10491.3,2122.97,-199.657,-4971.49
225.2,5.98312,44902.2,11430.3,11985.8,2182.31,-188.147,-5066.06
225.3,5.96156,44783.6,9740.24,13025.6,2221.54,-134.949,-5127.03
225.4,5.94689,44791.0,8601.65,13631.3,2281.96,-123.401,-5067.55
225.5,5.94286,44866.4,6494.7,14653.7,2329.52,-177.883,-5005.47
225.6,5.95006,44914.7,4767.34,16929.1,2354.71,-266.04,-5105.66
225.7,5.94693,44820.2,3134.23,20481.8,2382.39,-363.448,-5158.97
225.8,5.92657,44724.9,3027.34,23683.0,2387.66,-457.03,-5089.87
225.9,5.90872,44746.8,4024.55,25204.3,2384.36,-484.25,-5027.13
226.0,5.90554,44867.5,4918.0,25056.3,2386.24,-391.95,-5042.9
226.1,5.91335,44970.8,5380.78,23149.6,2365.38,-292.833,-5048.42
226.2,5.91772,44972.4,6425.27,20400.8,2326.68,-224.392,-5005.22
226.3,5.90549,44892.9,7813.08,17788.3,2286.81,-186.152,-4973.87
226.4,5.88176,44896.6,6946.98,15069.6,2262.81,-183.095,-4977.3
226.5,5.88031,45067.4,4799.41,12274.0,2270.32,-202.181,-5057.49
226.6,5.90704,45161.5,4024.19,10243.6,2272.08,-210.424,-5151.08
226.7,5.94055,45167.2,5594.39,9334.59,2283.72,-239.278,-5129.9
226.8,5.9665,45112.1,7432.82,9543.79,2303.38,-302.618,-5035.86
226.9,5.96883,45009.4,8387.94,9913.34,2298.42,-365.798,-5023.22
227.0,5.96304,44932.8,9495.01,9083.88,2304.08,-348.152,-5038.45
227.1,5.9727,44957.1,11480.0,6997.96,2274.13,-241.408,-4920.01
227.2,5.98394,44935.6,14308.3,4278.18,2263.39,-145.803,-4785.46
227.3,5.98708,44824.2,15269.7,2192.56,2280.54,-82.0245,-4782.55
227.4,5.9719,44633.6,14675.2,1373.88,2314.27,-75.3629,-4905.02
227.5,5.93143,44495.4,14653.0,1256.55,2315.58,-99.8386,-4998.67
227.6,5.89878,44571.5,13914.1,1486.59,2334.23,-106.457,-4958.42
227.7,5.88725,44738.0,12051.8,1997.24,2333.21,-135.398,-4968.1
227.8,5.89199,44925.4,8864.14,3000.25,2348.21,-172.366,-5055.82
227.9,5.91256,45000.6,6311.96,4701.21,2366.75,-211.267,-5072.38
228.0,5.92165,44936.2,6819.91,6977.49,2389.21,-233.638,-4988.61
228.1,5.92361,44913.3,9111.02,9285.24,2451.88,-221.3,-4912.3
228.2,5.9358,44940.5,10221.4,11206.0,2502.43,-183.631,-4914.51
228.3,5.95226,44970.8,10254.5,12693.4,2536.65,-107.174,-4975.92
228.4,5.97731,44989.1,10025.6,14178.4,2575.51,-22.222,-4980.29
228.5,5.99201,44867.6,8682.42,15988.0,2591.13,-17.7095,-4933.1
228.6,5.99031,44743.8,5777.9,17926.6,2584.54,-74.9025,-4994.03
228.7,5.9896,44694.6,1176.0,19886.1,2590.98,-123.878,-5125.38
228.8,5.99349,44710.6,-1764.81,22056.3,2616.63,-135.2,-5241.29
228.9,6.00468,44714.2,-3094.43,24386.0,2615.81,-153.208,-5210.5
229.0,6.00724,44639.6,-3563.24,26664.7,2627.33,-197.087,-5180.25
229.1,5.99066,44505.4,-4009.98,28565.6,2602.53,-181.291,-5209.44
229.2,5.96446,44479.3,-4325.09,29240.6,2633.94,-104.128,-5187.95
229.3,5.95198,44552.3,-2732.52,28392.3,2646.97,-32.8924,-5083.39
229.4,5.95374,44642.8,-344.537,26403.6,2631.8,7.79625,-4971.62
229.5,5.96331,44665.0,135.727,24471.2,2598.02,53.6511,-4941.26
229.6,5.96934,44607.3,-100.649,23155.9,2553.03,49.6619,-5055.92
229.7,5.97135,44556.9,1199.31,22690.0,2512.62,-11.8184,-5171.24
229.8,5.98005,44568.8,2699.93,22256.8,2508.68,-94.0253,-5139.5
229.9,5.99488,44599.3,2845.28,20957.0,2498.45,-119.882,-5106.68
230.0,6.01279,44608.2,317.133,18386.6,2483.33,-83.4051,-5139.81
230.1,6.02861,44577.0,-2120.58,14991.5,2484.05,-39.4007,-5140.38
230.2,6.03742,44493.9,-299.017,11106.1,2443.47,-37.1427,-5021.98
230.3,6.04707,44455.4,3966.82,7934.43,2406.65,-4.8065,-4830.4
230.4,6.04691,44349.5,7836.56,5282.63,2357.77,6.813,-4781.44
230.5,6.03563,44279.5,10257.2,3814.93,2278.35,30.1964,-4901.1
230.6,6.016,44228.5,11657.3,3550.47,2236.29,23.3958,-4969.71
230.7,5.99419,44241.9,12914.1,4378.62,2209.24,-14.143,-4928.65
230.8,5.97941,44308.0,14084.4,5012.92,2169.94,-101.331,-4958.53
230.9,5.97411,44384.2,14359.8,5405.46,2175.64,-151.158,-5040.63
231.0,5.97466,44420.0,15313.0,5462.41,2205.02,-168.129,-5046.82
231.1,5.98228,44441.2,17985.5,5758.08,2223.46,-184.874,-4942.39
231.2,5.99056,44424.0,19945.2,7250.63,2258.15,-186.715,-4826.4
231.3,5.99725,44377.0,19761.5,9017.96,2275.05,-236.177,-4817.67
231.4,6.00425,44388.7,20192.1,10136.8,2285.3,-247.113,-4932.77
231.5,6.01953,44376.3,21495.9,10211.7,2249.79,-186.113,-4923.3
231.6,6.02563,44344.5,23129.4,10044.4,2217.54,-97.4772,-4879.9
231.7,6.02874,44301.2,21888.8,10810.4,2161.75,-75.8726,-4949.07
231.8,6.02781,44278.8,16790.9,13792.2,2148.58,-148.643,-5110.12
231.9,6.02578,44291.6,12463.3,18119.4,2185.95,-260.199,-5229.89
232.0,6.02502,44309.6,10456.2,22120.9,2228.56,-353.904,-5172.91
232.1,6.01471,44282.0,9589.2,24679.7,2283.58,-385.114,-5064.62
232.2,5.99998,44308.8,5858.95,26956.0,2359.23,-289.554,-5041.86
232.3,5.9897,44352.6,530.977,29747.9,2423.21,-229.669,-5102.51
232.4,5.98433,44409.0,-3328.65,33079.1,2441.07,-262.646,-5098.62
232.5,5.97559,44413.7,-3750.96,34163.3,2395.85,-357.365,-5015.61
232.6,5.97241,44440.9,-1414.06,31713.7,2365.86,-318.965,-5023.39
232.7,5.97146,44443.1,757.064,25734.5,2284.67,-201.383,-5088.02
232.8,5.9753,44483.6,1707.35,20066.1,2239.04,-59.3145,-5123.08
232.9,5.9963,44517.8,1118.82,18989.1,2223.84,-32.9841,-5115.36
233.0,6.00434,44445.5,614.869,22168.7,2213.99,-219.012,-5154.19
233.1,6.00646,44412.5,355.232,26080.1,2233.63,-433.082,-5179.01
233.2,5.99889,44354.7,274.897,26875.8,2243.72,-485.309,-5095.27
233.3,5.98071,44373.5,1094.99,22719.0,2263.88,-387.124,-4997.02
233.4,5.9833,44534.5,1848.25,16530.0,2256.09,-221.832,-4939.95
233.5,6.00322,44622.1,2846.24,13344.0,2228.76,-124.76,-4952.93
233.6,6.01847,44600.9,3162.73,13761.4,2237.66,-205.973,-4990.65
233.7,6.02834,44507.6,3396.51,14851.1,2230.44,-357.574,-5045.83
233.8,6.01463,44333.0,3088.59,12781.8,2223.54,-381.612,-5105.43
233.9,5.98587,44298.4,4557.65,6258.4,2229.74,-214.645,-5150.5
234.0,5.97933,44427.4,6660.65,-945.647,2238.42,-11.6345,-5058.29
234.1,5.98701,44519.7,7835.68,-3636.19,2235.95,32.6445,-4917.59
234.2,5.99712,44526.3,8953.2,-567.269,2232.42,-121.269,-4907.82
234.3,6.00431,44441.5,9656.57,6043.48,2241.99,-297.004,-4916.66
234.4,5.98965,44293.1,12756.0,11472.1,2256.0,-376.221,-4882.05
234.5,5.97582,44305.9,16264.2,13280.1,2273.78,-311.094,-4796.31
234.6,5.97662,44418.4,15783.1,13501.1,2303.69,-167.881,-4752.86
234.7,5.98335,44505.2,13275.7,14374.0,2335.19,-110.464,-4911.76
234.8,6.00633,44594.1,10499.8,17569.2,2355.68,-148.702,-5049.39
234.9,6.02346,44525.4,9791.03,21920.2,2380.37,-251.149,-5048.1
235.0,6.02213,44404.9,9434.63,24833.2,2393.56,-305.943,-5028.68
235.1,6.0102,44336.7,7633.71,24409.2,2415.81,-292.735,-5106.07
235.2,6.00969,44394.0,4960.51,21943.7,2484.72,-202.861,-5175.68
235.3,6.02594,44483.1,4354.18,19873.1,2539.87,-118.068,-5124.93
235.4,6.04993,44475.5,4324.32,20205.6,2576.03,-113.221,-4980.82
235.5,6.06325,44339.4,2486.97,23500.5,2613.03,-145.842,-4952.91
235.6,6.05457,44151.5,-1930.94,27375.5,2636.02,-187.368,-5038.67
235.7,6.0357,44077.1,-6913.66,29542.9,2669.1,-172.557,-5119.79
235.8,6.01809,44087.6,-9643.71,28744.2,2653.83,-114.596,-5119.74
235.9,6.00621,44170.5,-12856.7,25909.0,2599.3,-20.3107,-5070.03
236.0,6.00618,44262.5,-16357.0,22748.4,2572.85,13.6047,-5175.23
236.1,6.00994,44285.1,-18640.2,21533.7,2538.09,16.7498,-5306.75
236.2,6.01352,44271.6,-20071.1,22888.1,2559.17,-1.42025,-5232.21
236.3,6.00937,44221.9,-19330.6,24522.7,2567.25,-106.727,-5106.12
236.4,6.00482,44246.1,-17813.8,24004.4,2591.95,-168.158,-5064.57
236.5,6.01276,44327.0,-15647.0,20300.1,2609.15,-95.4889,-5021.22
236.6,6.02674,44371.0,-10424.8,14437.8,2595.35,31.159,-4919.28
236.7,6.04981,44405.2,-4928.25,9423.47,2592.18,117.515,-4761.29
236.8,6.07749,44336.8,-4497.46,7496.15,2602.41,115.507,-4702.03
236.9,6.0907,44179.7,-7966.99,7688.27,2601.99,23.2472,-4880.02
237.0,6.09042,44046.3,-11084.2,7325.09,2592.61,-52.6879,-5065.86
237.1,6.08658,43965.1,-10551.1,5282.6,2576.17,-28.4762,-5017.63
237.2,6.08199,43959.7,-9460.08,2154.13,2599.26,35.6665,-4876.01
237.3,6.093,44002.1,-10557.6,440.384,2635.1,62.8782,-4943.67
237.4,6.10503,43953.0,-13840.8,1917.2,2705.07,0.700906,-5074.05
237.5,6.1007,43843.2,-12548.0,5194.8,2778.33,-118.985,-5075.06
237.6,6.099,43781.2,-6367.38,8235.16,2827.61,-181.763,-4887.56
237.7,6.09604,43753.0,-978.93,9448.13,2892.95,-186.748,-4710.59
237.8,6.09667,43760.6,206.914,8482.69,2898.52,-133.858,-4771.74
237.9,6.10051,43750.1,-135.101,7074.13,2860.4,-65.9864,-4920.28
238.0,6.1008,43728.3,1576.18,6536.81,2800.17,-47.4531,-4925.96
238.1,6.10544,43726.4,3591.98,6465.03,2703.51,-116.773,-4824.57
238.2,6.11836,43734.9,2849.64,7125.97,2630.66,-148.986,-4927.57
238.3,6.12407,43659.9,17.8981,7284.08,2560.45,-157.017,-5178.83
238.4,6.12479,43643.9,-454.906,6848.32,2517.53,-137.768,-5251.68
238.5,6.13168,43631.1,3599.81,6338.2,2501.9,-148.365,-5069.67
238.6,6.1426,43666.4,6327.22,6572.99,2558.93,-135.402,-4873.1
238.7,6.16441,43674.8,4365.91,7038.55,2613.82,-137.59,-4897.11
238.8,6.19018,43612.8,1857.08,7835.59,2669.95,-125.839,-5033.94
238.9,6.20619,43479.8,1802.52,9042.16,2685.08,-80.8345,-4942.99
239.0,6.21054,43306.8,5123.94,10006.2,2626.09,-105.259,-4804.88
239.1,6.20753,43216.4,4979.49,10505.7,2579.95,-159.693,-4828.23
239.2,6.21073,43180.8,495.235,10378.5,2543.61,-163.895,-5038.31
239.3,6.22125,43149.2,-3797.75,9512.57,2544.3,-153.005,-5176.84
239.4,6.23202,43085.3,-5140.69,8498.85,2557.38,-157.848,-5094.03
239.5,6.23771,42970.6,-5396.92,8174.63,2590.21,-174.476,-4952.13
239.6,6.23023,42844.4,-9038.03,8345.32,2638.94,-202.786,-4904.57
239.7,6.22007,42820.3,-14439.0,8369.66,2695.84,-206.533,-4969.11
239.8,6.22422,42867.5,-16679.5,7443.81,2720.52,-207.304,-4960.8
239.9,6.23237,42903.9,-14681.3,4862.79,2730.92,-207.221,-4827.68
240.0,6.24546,42895.1,-12466.3,1428.07,2703.59,-158.514,-4741.0
240.1,6.24872,42809.5,-15274.1,-1922.72,2706.12,-112.185,-4845.68
240.2,6.24751,42760.7,-19375.7,-4509.76,2647.2,-109.109,-5080.97
240.3,6.25452,42791.3,-21384.5,-5875.46,2615.12,-120.048,-5124.78
240.4,6.28032,42835.1,-20446.3,-5896.34,2621.91,-116.814,-4983.69
240.5,6.30547,42774.3,-20461.1,-6250.3,2635.33,-157.237,-4923.76
240.6,6.32592,42656.3,-21891.3,-6782.74,2664.53,-174.883,-5036.52
240.7,6.32591,42465.6,-21053.7,-6888.97,2688.45,-131.924,-5082.22
240.8,6.32019,42397.7,-15682.4,-7113.71,2694.14,-139.313,-4917.23
240.9,6.33642,42451.7,-7812.02,-6499.66,2636.95,-123.554,-4766.99
241.0,6.36269,42407.6,-3127.84,-4696.56,2590.65,-92.751,-4780.74
241.1,6.38011,42293.6,-967.114,-3059.05,2579.9,-103.999,-4905.88
241.2,6.39439,42132.2,3840.94,-1752.1,2526.6,-117.351,-4961.01
241.3,6.38488,41932.5,9434.5,-28.4992,2501.95,-88.288,-4831.29
241.4,6.35832,41832.5,13362.3,1262.24,2423.81,-101.091,-4772.92
241.5,6.35572,41938.6,12237.0,3232.91,2402.43,-132.132,-4876.63
241.6,6.36246,41985.1,8758.33,6027.81,2392.71,-161.007,-4972.8
241.7,6.36819,41983.6,9273.55,8085.8,2368.55,-199.928,-4967.51
241.8,6.37196,41916.5,10459.0,9723.34,2326.11,-184.937,-4799.49
241.9,6.35577,41806.8,9080.97,11218.4,2300.82,-137.526,-4747.62
242.0,6.34453,41873.3,4172.49,12190.0,2315.1,-118.805,-4879.2
242.1,6.36592,42023.6,908.248,13451.6,2319.98,-105.643,-4988.4
242.2,6.38837,42023.5,955.79,14271.3,2327.73,-110.817,-4906.38
242.3,6.40369,41952.6,1370.15,13654.0,2309.41,-115.27,-4828.78
242.4,6.40884,41832.7,-2105.29,12686.0,2318.83,-70.8879,-4952.61
242.5,6.40054,41734.5,-6361.19,11591.8,2325.14,-32.6584,-5159.72
242.6,6.40478,41774.9,-7385.64,10882.6,2299.3,-22.5527,-5144.33
242.7,6.4273,41808.7,-6959.62,11669.7,2305.28,-27.7479,-4956.56
242.8,6.43415,41700.9,-8094.59,12021.6,2326.64,-93.4577,-4938.13
242.9,6.43252,41601.2,-10252.8,10952.5,2331.25,-110.879,-5115.39
243.0,6.41807,41476.5,-10809.8,8571.91,2378.34,-58.8045,-5135.07
243.1,6.39291,41473.3,-8844.91,4757.44,2449.4,-12.1888,-4938.62
243.2,6.38705,41575.9,-8378.18,163.413,2472.14,7.4195,-4831.72
243.3,6.38682,41625.6,-11845.6,-3599.63,2488.41,62.8875,-4963.99
243.4,6.37812,41624.3,-15463.0,-7772.75,2486.96,97.5075,-5090.08
243.5,6.38363,41678.3,-15730.1,-10986.0,2472.41,163.13,-4983.98
243.6,6.3816,41629.1,-14025.4,-12292.6,2407.74,197.516,-4820.85
243.7,6.37,41631.4,-14522.1,-12559.7,2319.03,125.762,-4829.31
243.8,6.37457,41719.5,-16214.6,-11538.5,2256.73,40.1074,-4971.01
243.9,6.38217,41752.5,-16387.2,-9389.97,2225.99,6.625,-4963.43
244.0,6.39703,41820.5,-13292.6,-7203.85,2253.34,-20.7735,-4842.32
244.1,6.42848,41833.5,-11296.5,-4406.5,2301.94,-53.3941,-4767.28
244.2,6.43579,41673.0,-10958.8,-1780.09,2309.24,-113.092,-4853.78
244.3,6.43193,41609.5,-8956.79,-214.793,2313.2,-114.717,-4942.46
244.4,6.4477,41643.6,-5166.4,1788.81,2364.38,-19.514,-4852.22
244.5,6.45861,41597.5,-1194.4,4255.09,2334.65,3.34728,-4769.12
244.6,6.46054,41521.3,-1482.18,7029.79,2250.1,-63.3203,-4843.65
244.7,6.44357,41381.3,-4604.14,9706.58,2198.71,-163.077,-5017.75
244.8,6.40557,41320.0,-5995.08,10850.1,2133.41,-203.781,-5081.95
244.9,6.3811,41432.8,-5686.13,10175.0,2080.85,-199.831,-5006.13
245.0,6.37475,41567.5,-6446.3,9835.39,2076.24,-152.521,-4994.43
245.1,6.36992,41635.6,-10672.6,10682.3,2065.99,-109.282,-5072.91
245.2,6.37202,41688.2,-13836.7,13132.5,2087.66,-95.3842,-5175.52
245.3,6.36879,41653.5,-13278.3,15702.1,2127.86,-147.294,-5129.96
245.4,6.35472,41664.3,-10871.4,15794.9,2133.7,-168.805,-4991.83
245.5,6.35496,41748.5,-9035.56,13298.0,2122.73,-87.4715,-5007.36
245.6,6.35863,41832.8,-9162.79,10130.4,2118.84,25.7598,-5110.54
245.7,6.3747,41923.4,-8376.41,8237.04,2098.0,38.4927,-5121.72
245.8,6.39757,41899.2,-6944.44,9170.09,2039.15,-65.164,-5019.83
245.9,6.39724,41775.3,-6388.81,10705.2,1994.52,-222.72,-4986.93
246.0,6.38993,41736.0,-8142.74,9447.24,2008.62,-294.318,-5013.99
246.1,6.39148,41754.6,-10221.4,5928.61,2032.92,-182.551,-4979.48
246.2,6.38148,41737.2,-10916.8,1306.06,2053.6,-59.4863,-4857.15
246.3,6.37149,41768.8,-13481.7,-2205.55,2059.98,-31.6192,-4734.08
246.4,6.35413,41749.3,-17720.0,-3022.74,2043.43,-62.8924,-4808.85
246.5,6.31655,41713.9,-21295.6,-4045.47,2016.52,-153.185,-4961.08
246.6,6.28669,41842.8,-21165.1,-7426.4,1992.3,-165.218,-4991.6
246.7,6.2734,41976.8,-18176.7,-11944.7,1975.82,-45.8025,-4915.12
246.8,6.26113,42084.8,-17824.3,-15483.4,1983.11,55.8628,-4869.95
246.9,6.26867,42225.4,-20569.1,-14897.0,2006.87,38.8446,-4957.6
247.0,6.28005,42236.4,-21077.4,-9406.14,1970.97,-124.47,-5048.0
247.1,6.27851,42239.6,-18554.9,-2936.24,1967.68,-317.282,-4932.17
247.2,6.29684,42313.7,-14072.8,937.745,1975.59,-400.183,-4792.79
247.3,6.30618,42296.3,-13060.2,349.345,1985.04,-348.477,-4787.25
247.4,6.3137,42316.6,-14890.3,-2780.11,2023.81,-156.271,-4930.72
247.5,6.31724,42271.4,-15393.0,-5865.82,1974.35,-71.7099,-4995.72
247.6,6.31044,42267.3,-12653.1,-6851.22,1923.05,-78.0058,-4938.72
247.7,6.31,42305.9,-11007.3,-6345.02,1868.96,-101.73,-4866.91
247.8,6.30009,42276.6,-13563.5,-6085.12,1840.01,-104.744,-4947.78
247.9,6.2748,42274.0,-17096.7,-7020.26,1875.08,-47.3895,-5099.91
248.0,6.24315,42289.4,-17722.8,-8495.44,1875.76,-9.66475,-5069.55
248.1,6.20347,42385.7,-14603.1,-8618.83,1889.63,-18.7065,-4918.82
248.2,6.17762,42575.7,-13445.3,-7398.46,1913.14,-101.793,-4817.59
248.3,6.176,42790.2,-13982.4,-5183.22,1950.99,-157.617,-4946.03
248.4,6.18835,42901.8,-13759.3,-3254.0,1988.07,-121.967,-5039.29
248.5,6.20357,42903.5,-10562.3,-1723.91,1994.29,-16.3991,-4946.78
248.6,6.2024,42800.8,-8598.33,-508.823,2002.45,24.4918,-4802.32
248.7,6.1977,42799.7,-10173.5,564.981,2035.46,3.36238,-4892.29
248.8,6.20574,42890.4,-12151.1,946.807,2049.27,-23.6264,-5095.99
248.9,6.22186,42930.5,-11156.9,517.534,2023.74,-10.5293,-5083.78
249.0,6.22552,42903.6,-7408.1,-890.083,2003.43,-37.5875,-4939.68
249.1,6.22011,42863.0,-5232.71,-2007.23,1984.69,-54.1543,-4931.25
249.2,6.20538,42842.4,-5668.94,-2032.29,1998.22,-74.1028,-5062.67
249.3,6.18811,42898.0,-5581.5,-1278.15,2032.24,-79.8361,-5079.96
249.4,6.18082,42998.2,-2682.45,271.982,2039.55,-65.0549,-4910.64
249.5,6.15962,43000.1,-1671.81,987.679,2022.74,-95.0274,-4715.69
249.6,6.12592,43050.1,-3993.39,159.492,1998.21,-67.3701,-4769.4
249.7,6.0919,43112.5,-8190.07,-1914.7,1985.41,1.2565,-4922.6
249.8,6.05735,43253.0,-10838.2,-4505.84,2007.1,45.0003,-4964.04
249.9,6.05111,43481.5,-10862.1,-6845.3,2043.12,31.0234,-4956.58
250.0,6.0566,43585.2,-11358.2,-8580.88,2041.92,-14.3433,-5020.68
250.1,6.05387,43613.7,-12735.6,-9867.6,2061.69,10.8542,-5139.32
250.2,6.06138,43659.5,-13407.0,-10284.6,2088.53,61.8795,-5131.15
250.3,6.07015,43699.2,-12619.4,-9744.56,2105.26,50.1838,-4947.25
250.4,6.08599,43754.7,-9806.72,-9107.79,2071.33,-17.1133,-4801.29
250.5,6.10283,43776.0,-7992.61,-8836.98,2036.18,-42.3758,-4719.72
250.6,6.10101,43714.2,-6326.1,-9690.83,1992.0,-4.4455,-4699.76
250.7,6.09512,43713.5,-4274.46,-10653.0,1987.76,72.1945,-4701.67
250.8,6.08215,43719.9,-2922.52,-10486.6,1982.53,79.6492,-4718.45
250.9,6.05954,43748.0,-2486.16,-9162.01,1970.65,29.483,-4827.94
251.0,6.04052,43841.3,-3517.41,-6663.44,1966.62,3.17025,-4938.37
251.1,6.01049,43873.8,-3848.84,-4148.64,1959.02,-27.5101,-4984.25
251.2,5.97864,43988.5,-4236.0,-1705.62,1976.95,-23.5798,-4926.36
251.3,5.95805,44131.7,-6128.35,1436.21,2021.58,-32.6842,-4877.17
251.4,5.93299,44241.3,-9506.74,5099.58,2072.18,-88.5956,-4872.61
251.5,5.92419,44420.0,-12965.6,9012.4,2149.49,-128.623,-4873.94
251.6,5.92671,44476.5,-15875.4,12228.8,2214.17,-156.561,-4838.39
251.7,5.92401,44567.4,-18251.4,13626.0,2220.64,-143.539,-4853.05
251.8,5.92665,44630.5,-20310.5,13111.8,2207.07,-99.4244,-4971.85
251.9,5.93578,44699.4,-21982.8,12322.7,2208.73,-15.0434,-5086.54
252.0,5.9489,44754.8,-21948.7,11776.4,2199.12,3.23962,-5133.54
252.1,5.966,44775.3,-20001.1,11507.2,2195.11,-72.5612,-5149.58
252.2,5.96871,44727.1,-18141.4,11502.1,2205.75,-127.566,-5140.96
252.3,5.95572,44695.1,-15967.8,10536.0,2265.77,-143.742,-5126.12
252.4,5.94739,44759.2,-12736.0,8993.67,2320.19,-122.943,-5065.94
252.5,5.94145,44824.7,-9378.97,8490.47,2366.34,-90.177,-4955.34
252.6,5.93159,44872.7,-5604.35,8959.09,2418.28,-135.921,-4889.78
252.7,5.92587,44909.2,-4543.55,10142.5,2454.95,-196.105,-4845.61
252.8,5.91081,44874.9,-5129.47,10430.5,2465.39,-228.385,-4883.87
252.9,5.88597,44869.4,-7472.7,8415.2,2428.92,-202.983,-4938.45
253.0,5.86901,44945.2,-8867.76,4487.82,2384.19,-137.468,-5009.34
253.1,5.86725,45069.9,-10568.8,1045.27,2353.65,-50.381,-5010.8
253.2,5.87148,45071.7,-13440.2,-1672.78,2307.02,-87.8842,-4989.98
253.3,5.87527,45069.3,-16429.7,-3698.73,2275.68,-171.129,-5009.72
253.4,5.87351,45042.7,-17642.1,-6042.74,2256.21,-199.243,-4996.13
253.5,5.87228,45084.2,-15044.9,-9317.42,2274.68,-163.617,-4889.48
253.6,5.89697,45158.9,-11067.8,-11528.0,2293.1,-78.5983,-4730.04
253.7,5.93518,45173.7,-8201.76,-10785.9,2360.09,-68.8701,-4703.94
253.8,5.96398,45120.8,-7567.52,-7477.25,2373.13,-152.561,-4785.19
253.9,5.97266,45071.8,-6531.13,-3156.85,2395.19,-224.064,-4880.24
254.0,5.96602,44961.7,-5230.9,-367.946,2399.14,-238.972,-4861.09
254.1,5.96223,44976.9,-5393.13,-82.1292,2414.86,-202.737,-4853.31
254.2,5.96967,44993.2,-8040.24,-1108.23,2390.24,-160.674,-4966.88
254.3,5.9691,44922.1,-11828.0,-1760.48,2359.49,-152.532,-5072.5
254.4,5.95263,44818.8,-13230.0,-2104.6,2341.2,-201.573,-5075.7
254.5,5.92695,44734.8,-12124.8,-2130.88,2288.04,-215.536,-4995.52
254.6,5.8946,44740.2,-11296.6,-2096.37,2255.08,-152.654,-4960.43
254.7,5.87979,44895.6,-10824.4,-1494.27,2286.07,-53.699,-5015.18
254.8,5.89205,45048.7,-10331.7,849.453,2359.78,4.22475,-5007.78
254.9,5.90252,45058.5,-8690.75,5308.9,2441.61,-3.1755,-4926.21
255.0,5.89889,44990.9,-8293.0,10952.3,2517.15,-40.5901,-4859.76
255.1,5.89538,44969.8,-11411.0,16511.8,2579.92,-78.8447,-4873.86
255.2,5.89573,45038.4,-17376.4,19928.7,2611.19,-145.594,-4952.12
255.3,5.93124,45209.7,-23956.4,21681.4,2634.41,-116.578,-4992.37
255.4,5.97941,45186.7,-29490.3,22607.3,2635.99,-78.6557,-5010.34
255.5,6.00456,45020.0,-32780.6,22217.2,2629.7,-117.151,-5079.12
255.6,6.01797,44827.4,-34589.2,20779.4,2627.8,-127.792,-5140.62
255.7,6.00832,44633.5,-33508.9,17788.7,2668.62,-83.4287,-5161.98
255.8,5.99287,44608.6,-32370.7,13057.1,2703.97,24.016,-5030.69
255.9,5.99777,44693.8,-31152.1,8167.35,2792.72,114.93,-4929.01
256.0,6.00292,44668.9,-30424.8,4833.62,2924.96,147.09,-4904.24
256.1,5.99558,44563.5,-27802.5,2726.46,3031.26,74.7644,-4892.42
256.2,5.97866,44454.3,-22118.7,2047.41,3090.24,-12.39,-4844.78
256.3,5.94683,44379.5,-17682.5,2074.93,3056.57,-66.8067,-4791.73
256.4,5.92816,44504.4,-17160.6,1650.96,2991.79,-120.509,-4864.67
256.5,5.94286,44682.9,-18298.8,1164.84,2901.19,-148.944,-5054.26
256.6,5.9623,44714.6,-19008.5,709.643,2787.37,-135.965,-5104.57
256.7,5.97244,44653.8,-18837.0,-609.032,2709.89,-121.548,-4988.17
256.8,5.98175,44589.9,-18467.6,-2818.17,2676.85,-79.396,-4952.64
256.9,5.99218,44579.1,-17704.7,-5568.57,2688.88,3.67844,-5036.61
257.0,6.017,44624.9,-15261.3,-8427.2,2714.13,52.6386,-5003.87
257.1,6.05199,44638.6,-12207.8,-10136.9,2774.46,65.9975,-4836.33
257.2,6.08071,44523.4,-11465.7,-10547.3,2842.07,48.2873,-4781.36
257.3,6.09053,44347.8,-13678.9,-10679.0,2887.71,10.3956,-4909.13
257.4,6.09839,44256.8,-15005.3,-10210.1,2927.75,33.3727,-5037.35
257.5,6.10898,44186.9,-13959.2,-9635.19,2926.27,12.2937,-4963.0
257.6,6.12216,44141.7,-11770.0,-8819.52,2877.36,-40.8522,-4876.74
257.7,6.13386,44018.4,-12619.5,-7804.43,2815.64,-78.6742,-4906.64
257.8,6.12644,43829.9,-13880.2,-7215.98,2767.9,-91.6535,-5022.39
257.9,6.10857,43713.0,-14240.6,-7157.32,2740.6,-44.4245,-4964.73
258.0,6.09743,43676.1,-12775.0,-7009.05,2765.08,-11.5385,-4817.61
258.1,6.08739,43679.9,-12566.4,-6259.71,2806.51,-3.09975,-4785.44
258.2,6.08537,43702.0,-12684.2,-5155.97,2832.55,-22.9207,-4898.34
258.3,6.08241,43675.5,-12363.1,-2875.65,2833.96,-6.223,-4914.67
258.4,6.07326,43663.3,-11311.2,-569.074,2827.66,-52.3153,-4843.06
258.5,6.08661,43783.0,-12892.3,2181.4,2846.08,-94.0114,-4849.6
258.6,6.12336,43854.8,-20028.5,5508.84,2894.3,-126.831,-4951.91
258.7,6.16023,43827.5,-26595.2,8602.18,2933.7,-158.41,-5132.15
258.8,6.19599,43709.9,-30383.2,10655.3,2950.93,-203.475,-5122.55
258.9,6.21714,43532.9,-29009.9,11971.5,2948.92,-206.729,-5065.27
259.0,6.22926,43401.6,-27543.0,11704.1,2934.14,-193.903,-5045.8
259.1,6.2483,43333.3,-26061.5,9631.65,2898.7,-191.289,-5116.17
259.2,6.26879,43235.2,-22346.5,6204.48,2875.56,-153.239,-5116.37
259.3,6.28999,43119.3,-16969.9,2623.38,2931.47,-71.7042,-4950.28
259.4,6.30248,42917.0,-12342.9,458.816,2977.96,-30.6319,-4823.38
259.5,6.2883,42663.9,-10752.4,622.055,2996.99,-74.1291,-4893.85
259.6,6.2564,42524.4,-11369.0,2239.61,2994.57,-154.913,-4999.09
259.7,6.23369,42566.2,-10321.9,3242.26,2979.94,-231.929,-4991.76
259.8,6.22541,42657.0,-9028.06,1695.63,2918.17,-259.199,-4870.38
259.9,6.23588,42748.8,-9026.76,-1326.69,2836.45,-183.369,-4877.09
260.0,6.25251,42732.5,-10823.9,-4010.92,2797.17,-136.93,-5006.33
260.1,6.26933,42681.8,-12327.4,-4740.21,2769.47,-155.368,-5039.04
260.2,6.292,42615.3,-12505.1,-4229.78,2748.0,-226.054,-4946.97
260.3,6.31839,42575.8,-12360.8,-3376.24,2756.62,-208.403,-4911.72
260.4,6.34953,42529.4,-13092.6,-3833.11,2769.98,-137.842,-4990.45
260.5,6.38697,42468.8,-13309.0,-5066.4,2766.01,-75.4287,-5029.27
260.6,6.41144,42302.2,-11861.1,-5558.67,2705.34,-55.9445,-4930.96
260.7,6.42133,42142.4,-9273.31,-4920.87,2647.66,-109.446,-4868.29
260.8,6.43217,42037.3,-9098.49,-3615.08,2580.04,-208.444,-4881.55
260.9,6.43478,41931.6,-9651.32,-3266.02,2511.02,-301.609,-4965.55
261.0,6.43228,41842.5,-9446.53,-5111.23,2453.28,-293.365,-4989.88
261.1,6.41884,41720.3,-7414.79,-9493.47,2391.32,-243.675,-4941.5
261.2,6.40549,41722.1,-7333.77,-14458.4,2422.67,-124.428,-4881.18
261.3,6.40098,41708.9,-7977.47,-18496.6,2401.39,-32.1109,-4912.41
261.4,6.3951,41686.4,-6398.6,-18982.0,2366.95,73.5603,-4984.32
261.5,6.39399,41663.7,-5419.05,-15721.8,2392.65,91.4707,-4864.65
261.6,6.39275,41627.3,-4678.19,-10076.1,2404.36,-6.38641,-4798.62
261.7,6.39429,41607.0,-7698.29,-3820.94,2435.54,-99.6406,-4868.16
261.8,6.39906,41584.7,-12108.2,1452.12,2484.92,-151.223,-4988.87
261.9,6.41424,41636.7,-15236.2,5310.95,2541.06,-185.591,-4996.84
262.0,6.44907,41667.8,-16882.8,8587.71,2549.21,-215.334,-4933.83
262.1,6.48682,41613.2,-19058.5,12217.1,2533.39,-208.47,-4960.56
262.2,6.51219,41468.8,-19813.8,14419.7,2519.84,-246.616,-5121.71
262.3,6.52822,41353.6,-19066.7,14831.7,2517.93,-185.128,-5142.98
262.4,6.52349,41174.3,-17386.0,12788.5,2490.95,-43.5315,-4984.87
262.5,6.49732,41102.3,-14397.1,8606.34,2477.55,66.7848,-4935.16
262.6,6.47459,41128.7,-13460.6,4244.68,2462.79,116.732,-4931.33
262.7,6.45758,41188.6,-13318.6,1835.45,2466.88,102.341,-4907.5
262.8,6.43663,41197.4,-13314.3,644.096,2402.23,-19.022,-4842.45
262.9,6.41344,41214.7,-15623.2,-739.206,2365.03,-156.299,-4819.49
263.0,6.39152,41234.6,-20135.4,-3722.04,2316.63,-193.494,-4899.27
263.1,6.37496,41335.2,-23156.2,-8359.19,2256.05,-88.2732,-5016.29
263.2,6.3834,41475.5,-24180.5,-13208.9,2188.12,20.7795,-4959.94
263.3,6.40424,41563.4,-20636.0,-17043.5,2126.48,49.0184,-4931.81
263.4,6.43644,41579.3,-16130.6,-18446.6,2086.7,118.366,-4937.58
263.5,6.45581,41450.9,-13002.7,-17857.9,2087.67,163.171,-4927.88
263.6,6.46066,41354.7,-9469.98,-15869.6,2112.57,167.747,-4919.45
263.7,6.46402,41313.3,-7167.85,-14149.7,2104.85,76.7399,-4804.27
263.8,6.47089,41343.9,-3626.8,-12224.6,2075.39,51.0076,-4773.82
263.9,6.48188,41359.3,-1220.83,-11204.7,2017.28,-31.4388,-4764.76
264.0,6.49422,41369.7,-24.004,-10593.0,1972.26,-135.705,-4778.34
264.1,6.49842,41296.0,-662.931,-9767.06,1921.16,-162.041,-4837.63
264.2,6.47681,41166.3,-3541.16,-9426.0,1876.94,-132.629,-4947.95
264.3,6.43857,41155.1,-7171.8,-9915.95,1849.87,-38.9907,-5043.9
264.4,6.40995,41258.3,-11304.7,-9914.25,1894.55,125.999,-5039.53
264.5,6.38421,41360.0,-13641.0,-8780.65,1956.76,235.473,-5031.13
264.6,6.36814,41470.4,-15149.6,-5486.24,2011.62,249.485,-5025.68
264.7,6.34172,41455.4,-17570.0,-967.558,2054.09,103.857,-4964.8
264.8,6.30988,41516.6,-21333.3,3281.86,2115.27,-32.2295,-4926.54
264.9,6.30794,41714.1,-25120.8,5842.54,2159.62,-118.639,-4980.88
265.0,6.33687,41917.0,-27589.7,7217.48,2181.8,-143.617,-5047.21
265.1,6.38529,42001.0,-27517.9,7974.53,2165.91,-165.695,-5063.86
265.2,6.42559,41904.4,-26811.5,9774.21,2152.59,-132.541,-5062.07
265.3,6.43187,41673.2,-27411.2,11501.2,2128.12,-118.888,-5112.29
265.4,6.41157,41569.0,-29226.2,11089.4,2118.96,-88.3002,-5178.68
265.5,6.39959,41637.7,-30217.3,8335.41,2130.98,28.704,-5170.21
265.6,6.39447,41742.2,-28908.6,4111.79,2155.47,146.68,-5076.44
265.7,6.39542,41808.4,-26758.3,393.348,2158.4,162.705,-4986.09
265.8,6.38459,41740.3,-27414.5,-998.925,2151.11,56.0245,-4946.98
265.9,6.3481,41650.5,-27664.2,-840.526,2162.02,-89.2896,-5072.65
266.0,6.32593,41764.0,-27034.2,-614.594,2172.3,-165.171,-5124.91
266.1,6.32498,41922.2,-25493.4,-587.527,2182.38,-151.499,-5049.43
266.2,6.32627,41983.6,-23804.8,-1679.09,2183.0,-136.151,-5022.32
266.3,6.32856,41997.8,-23471.5,-3064.93,2183.04,-76.0815,-5055.94
266.4,6.31601,41908.9,-21622.0,-4725.13,2163.34,-34.4317,-5050.64
266.5,6.29434,41904.3,-17861.7,-6732.21,2123.64,15.6939,-4906.53
266.6,6.29939,42044.0,-14327.3,-8285.52,2114.54,55.4901,-4752.94
266.7,6.32343,42145.3,-13672.0,-8163.87,2100.63,71.5996,-4750.89
266.8,6.35164,42166.9,-13898.3,-6282.85,2072.28,18.5256,-4864.51
266.9,6.36893,42060.9,-12196.7,-2767.23,2038.84,-89.1495,-4906.86
267.0,6.35526,41920.2,-8730.2,1101.98,1975.81,-201.713,-4845.43
267.1,6.33285,41971.9,-9612.8,3633.19,1966.77,-256.357,-4808.08
267.2,6.33489,42151.4,-13765.6,5066.74,1972.41,-217.848,-4988.57
267.3,6.34319,42266.4,-17263.7,6016.14,1997.21,-139.76,-5141.63
267.4,6.34416,42233.5,-17281.4,6309.65,2015.95,-131.91,-5015.61
267.5,6.32948,42131.3,-17405.0,7611.39,2083.9,-82.6302,-4818.36
267.6,6.29957,42057.9,-20964.4,9506.67,2180.17,-19.318,-4876.36
267.7,6.27613,42127.8,-24784.2,10897.5,2233.64,-28.236,-5110.15
267.8,6.28036,42284.5,-24783.6,12762.6,2280.77,-10.0575,-5123.87
267.9,6.28348,42290.1,-22561.1,14612.5,2272.07,-25.094,-4925.42
268.0,6.27883,42251.3,-21515.7,16175.4,2248.95,-89.1127,-4962.78
268.1,6.2696,42229.9,-25429.4,17193.6,2280.74,-159.04,-5179.49
268.2,6.26205,42259.5,-27577.5,17618.2,2333.67,-145.697,-5284.78
268.3,6.26109,42334.5,-24196.6,16392.0,2307.5,-134.214,-5123.06
268.4,6.26677,42416.9,-20589.8,14722.3,2245.18,-65.0372,-4875.37
268.5,6.26403,42413.0,-21114.8,12629.9,2228.13,1.4595,-4861.12
268.6,6.2579,42450.0,-24112.1,10812.8,2234.01,93.6024,-5004.23
268.7,6.25364,42487.4,-25326.3,9570.89,2242.24,132.505,-4982.59
268.8,6.24436,42542.7,-23976.7,8936.21,2244.94,121.829,-4827.33
268.9,6.23959,42619.5,-25355.9,7711.97,2253.58,52.3971,-4795.57
269.0,6.23684,42669.6,-28897.9,5617.62,2235.08,9.36637,-5031.9
269.1,6.23709,42727.1,-31504.2,2162.14,2263.92,1.20425,-5176.87
269.2,6.25009,42776.8,-28941.1,-1823.94,2270.64,13.2945,-5065.25
269.3,6.27042,42761.9,-24561.8,-4181.56,2285.18,69.9579,-4892.58
269.4,6.27752,42643.0,-22670.6,-4681.81,2316.67,75.8412,-4896.87
269.5,6.27438,42530.9,-21447.8,-4093.79,2332.62,49.909,-4999.27
269.6,6.26237,42450.3,-16589.9,-2771.04,2299.31,79.474,-4936.22
269.7,6.23809,42417.1,-9519.21,-2082.69,2235.53,92.2968,-4713.74
269.8,6.22533,42538.8,-5355.41,-1251.26,2206.03,111.012,-4669.38
269.9,6.22703,42633.0,-5348.61,1060.21,2198.17,101.344,-4896.89
270.0,6.22476,42670.9,-5819.86,4541.93,2215.36,15.0968,-5086.68
270.1,6.2197,42692.4,-2374.65,8461.85,2202.74,-90.4147,-5088.52
270.2,6.20556,42694.0,1706.58,11748.4,2206.13,-146.538,-5003.88
270.3,6.20146,42850.6,202.283,14288.5,2319.35,-62.9012,-5018.23
270.4,6.23079,43021.3,-4864.49,16538.1,2448.13,24.7515,-5169.98
270.5,6.25616,43003.8,-8390.91,19085.4,2516.21,45.076,-5187.73
270.6,6.25899,42856.7,-7000.53,21242.7,2471.28,29.3884,-4987.95
270.7,6.24452,42726.3,-6328.43,21698.5,2423.63,4.58537,-4788.25
270.8,6.22913,42722.2,-9796.56,19861.7,2347.26,33.6786,-4873.19
270.9,6.23994,42847.0,-14871.8,16983.9,2299.62,103.202,-5115.24
271.0,6.26083,42863.6,-16288.2,14998.4,2275.36,121.203,-5173.17
271.1,6.26804,42750.4,-14905.0,14886.4,2258.86,64.2575,-5055.18
271.2,6.25449,42604.8,-15688.8,17196.3,2295.36,34.7489,-5059.38
271.3,6.2218,42504.1,-20465.2,20358.5,2351.92,7.30638,-5212.2
271.4,6.19242,42636.6,-24788.5,22140.5,2457.21,-18.1291,-5240.91
271.5,6.2006,42857.1,-24585.0,22059.8,2509.88,-21.3682,-5023.33
271.6,6.20517,42895.3,-24290.4,19821.4,2489.23,-27.7249,-4752.96
271.7,6.20676,42901.4,-27773.2,16232.9,2490.81,-6.88037,-4760.76
271.8,6.21264,42857.7,-30612.3,12998.2,2434.16,4.20875,-5018.35
271.9,6.21123,42832.0,-28707.1,10340.5,2347.02,-24.2838,-5094.12
272.0,6.22626,42903.6,-22935.3,7603.07,2277.42,-56.403,-4940.67
272.1,6.25293,42911.9,-20415.9,4481.7,2249.19,-49.924,-4890.8
272.2,6.26441,42828.3,-21816.3,1139.45,2252.98,25.3738,-5120.39
272.3,6.26616,42727.8,-21689.3,-937.363,2276.22,88.2818,-5225.62
272.4,6.25397,42634.6,-17714.0,-333.942,2319.72,50.1932,-4937.53
272.5,6.23463,42634.9,-13309.4,1575.94,2326.12,-94.6779,-4652.95
272.6,6.23372,42745.5,-11995.0,3719.87,2321.58,-190.525,-4747.66
272.7,6.23985,42789.7,-11923.3,4899.66,2312.47,-200.733,-4948.61
272.8,6.24561,42795.7,-9016.41,5097.25,2294.77,-151.504,-4907.15
272.9,6.24979,42748.2,-5418.17,6294.88,2291.22,-95.196,-4773.22
273.0,6.23837,42657.0,-4914.26,8921.28,2289.93,-98.2467,-4905.62
273.1,6.2309,42711.6,-7136.7,12214.1,2310.24,-118.822,-5164.32
273.2,6.24132,42781.0,-7375.49,15876.3,2343.5,-95.0678,-5197.33
273.3,6.24175,42742.3,-4972.48,18566.0,2364.09,-105.507,-4984.08
273.4,6.23758,42714.6,-5507.56,20025.4,2411.45,-144.769,-4825.72
273.5,6.23462,42684.2,-9288.84,21723.4,2461.6,-179.859,-4940.41
273.6,6.22357,42677.4,-13151.8,22689.9,2513.15,-261.079,-5024.85
273.7,6.23792,42806.5,-11932.2,22479.3,2503.49,-320.636,-4946.42
273.8,6.26231,42823.6,-10909.0,21391.8,2474.19,-298.504,-4793.54
273.9,6.27366,42769.9,-13492.9,19482.1,2449.55,-186.686,-4909.69
274.0,6.28787,42721.4,-18173.0,17486.5,2449.64,-87.6294,-5186.94
274.1,6.29347,42636.9,-21045.2,17791.6,2437.55,6.97475,-5205.13
274.2,6.27687,42525.3,-20618.9,18311.7,2418.35,-68.8015,-5008.56
274.3,6.26471,42560.8,-22342.1,18475.6,2422.35,-135.847,-4927.26
274.4,6.25361,42551.6,-27557.2,17763.1,2445.17,-125.234,-5073.79
274.5,6.24107,42599.9,-31345.9,16032.5,2483.45,-101.784,-5189.29
274.6,6.25958,42711.2,-29471.8,15309.7,2542.98,-112.341,-5097.04
274.7,6.2794,42657.9,-26416.1,16892.8,2530.51,-152.089,-4927.05
274.8,6.29013,42570.8,-26863.5,18438.0,2524.46,-233.98,-4980.1
274.9,6.31012,42547.7,-29734.1,18471.3,2537.06,-204.849,-5179.11
275.0,6.32975,42461.9,-31656.8,15510.3,2561.73,-90.2972,-5153.08
275.1,6.34417,42413.4,-29757.2,10034.7,2581.6,47.2426,-4968.97
275.2,6.36568,42335.4,-29713.7,5432.06,2584.19,151.249,-4837.02
275.3,6.37667,42216.8,-32511.0,3573.38,2656.21,110.563,-4965.96
275.4,6.38949,42152.9,-33794.9,4348.41,2654.52,10.6552,-5128.76
275.5,6.40328,42030.3,-29894.5,6852.21,2602.56,-81.0734,-5055.0
275.6,6.39452,41884.9,-24227.6,9322.13,2546.85,-138.86,-4864.16
275.7,6.385,41874.9,-22590.8,10390.2,2497.87,-162.405,-4829.14
275.8,6.38853,41901.4,-22288.1,11580.9,2454.75,-109.631,-5019.32
275.9,6.38492,41890.3,-20064.8,13108.3,2426.43,-67.1413,-5025.38
276.0,6.38135,41893.9,-15010.8,14440.4,2399.28,-90.4046,-4804.39
276.1,6.37221,41841.4,-11967.9,16082.7,2377.1,-66.6179,-4732.06
276.2,6.34658,41784.5,-14087.0,16577.6,2377.14,-27.8624,-4938.29
276.3,6.33386,41890.1,-16363.7,15527.6,2364.13,11.0221,-5145.45
276.4,6.34848,42006.6,-12269.6,13871.2,2345.56,31.9501,-5122.03
276.5,6.37349,42037.2,-7338.49,12367.5,2337.0,23.3999,-4884.38
276.6,6.40478,41996.7,-6758.85,11047.9,2341.83,-30.7698,-4878.89
276.7,6.43454,41880.3,-11370.8,11415.3,2410.34,-29.825,-5094.36
276.8,6.45462,41742.0,-14869.7,13041.7,2481.07,-17.6577,-5159.26
276.9,6.46922,41639.3,-12811.9,14297.9,2469.34,-79.8163,-4986.67
277.0,6.48051,41557.1,-10574.5,14508.0,2460.12,-90.4853,-4819.47
277.1,6.48162,41452.4,-11650.3,13109.6,2440.87,10.623,-4913.03
277.2,6.46438,41339.1,-14079.5,10214.0,2373.38,118.073,-5087.93
277.3,6.44288,41300.0,-12877.2,8730.56,2310.57,213.742,-5067.45
277.4,6.41891,41300.3,-11361.0,10463.3,2274.2,208.242,-4855.54
277.5,6.3974,41369.8,-13611.5,14565.5,2280.61,84.572,-4857.37
277.6,6.38754,41440.5,-20563.9,19052.7,2327.08,-61.9754,-5070.01
277.7,6.37568,41510.1,-27076.1,21966.8,2445.36,-94.4189,-5154.22
277.8,6.36521,41540.4,-27765.1,20671.1,2493.73,-105.504,-5013.18
277.9,6.37526,41678.5,-27430.1,17316.5,2561.35,-18.7859,-4849.73
278.0,6.39975,41738.1,-29257.0,13400.1,2591.97,62.368,-4896.03
278.1,6.43797,41766.6,-31034.1,10490.8,2559.57,122.074,-5051.12
278.2,6.48262,41664.1,-28734.4,9043.56,2488.56,123.731,-5039.23
278.3,6.49789,41417.3,-21789.4,7249.9,2358.46,58.4897,-4886.05
278.4,6.50606,41314.2,-16967.4,4740.58,2311.56,58.8252,-4794.13
278.5,6.51453,41238.8,-15207.3,2559.82,2296.32,91.9228,-4938.57
278.6,6.51801,41215.3,-12412.2,2155.36,2313.76,50.9989,-5106.42
278.7,6.5177,41179.0,-8437.53,3688.82,2343.64,-119.835,-4974.65
278.8,6.50392,41107.5,-4112.66,5927.11,2367.35,-287.865,-4844.92
278.9,6.47772,41078.7,-1455.3,6335.1,2344.11,-326.078,-4949.99
279.0,6.45977,41158.4,-14.8554,3861.09,2326.71,-246.286,-5033.37
279.1,6.4646,41284.5,2680.25,930.09,2338.68,-74.6568,-4908.71
279.2,6.47909,41308.0,3997.33,-382.942,2341.62,17.1857,-4742.29
279.3,6.4821,41223.4,1884.58,167.346,2365.65,-33.3795,-4827.03
279.4,6.48319,41157.3,-3116.93,2514.28,2438.4,-54.817,-5021.81
279.5,6.47609,41069.4,-4514.73,3828.15,2464.58,-107.044,-5122.03
279.6,6.47987,41134.5,-2648.02,3694.02,2484.07,-104.444,-5029.82
279.7,6.51648,41211.9,-1892.54,3877.85,2483.57,-86.1305,-4951.08
279.8,6.55101,41154.9,-3727.67,5330.43,2438.23,-138.792,-5035.32
279.9,6.58615,41064.1,-4845.87,8429.82,2387.63,-218.219,-5102.7
280.0,6.60639,40854.7,-2513.42,13255.3,2326.92,-254.763,-4952.43
280.1,6.59838,40755.7,1654.32,17682.4,2292.39,-272.689,-4771.48
280.2,6.59563,40813.6,3022.02,20809.5,2254.78,-250.727,-4762.85
280.3,6.58713,40760.3,2115.53,23160.7,2202.57,-204.454,-4896.97
280.4,6.55627,40706.8,1921.15,24330.7,2159.24,-178.759,-4941.37
280.5,6.5278,40746.9,1904.73,24613.7,2153.44,-193.447,-4859.7
280.6,6.50828,40757.7,-1359.27,25534.1,2172.81,-182.715,-4879.19
280.7,6.50216,40837.7,-8888.32,27302.1,2234.3,-158.062,-5063.21
280.8,6.52536,40911.3,-17662.6,29901.5,2293.01,-189.458,-5197.77
280.9,6.54706,40845.7,-22191.6,32517.9,2317.34,-275.693,-5162.24
281.0,6.55702,40830.2,-24093.4,32675.3,2301.41,-347.912,-5033.19
281.1,6.56434,40824.4,-25580.4,29445.7,2236.06,-317.812,-5008.14
281.2,6.58019,40870.5,-25988.1,24989.7,2212.27,-135.203,-5100.98
281.3,6.60453,40886.4,-24173.1,21187.7,2162.62,7.2155,-5060.12
281.4,6.63501,40888.5,-20385.8,19878.1,2171.45,-7.9605,-4939.48
281.5,6.63774,40770.1,-16279.5,20357.1,2152.65,-95.4115,-4929.0
281.6,6.61685,40728.0,-15285.4,19738.0,2189.69,-146.479,-4978.11
281.7,6.59055,40732.6,-13312.0,15733.4,2178.66,-159.132,-5015.39
281.8,6.57731,40795.6,-11923.6,9581.55,2179.68,-96.309,-4887.14
281.9,6.58399,40850.2,-10419.5,4192.62,2181.36,-32.9605,-4839.9
282.0,6.59913,40852.6,-11736.2,2127.85,2233.29,-53.438,-4925.54
282.1,6.60004,40778.6,-11162.7,3087.73,2224.47,-156.889,-5093.74
282.2,6.57414,40714.4,-7192.63,4651.2,2190.25,-206.342,-5084.56
282.3,6.54726,40745.8,-30.1087,4928.91,2136.78,-122.775,-4957.26
282.4,6.54448,40845.5,4078.81,4820.4,2120.6,53.2873,-4829.93
282.5,6.56679,40895.1,4389.08,4945.03,2150.3,72.7593,-4847.83
282.6,6.59919,40901.1,5312.18,7033.68,2202.56,-5.80969,-4934.26
282.7,6.61168,40799.8,8255.39,10646.7,2162.46,-118.225,-4843.44
282.8,6.59267,40726.0,8233.84,12824.9,2092.97,-255.059,-4699.64
282.9,6.5862,40835.2,5182.78,13032.8,2064.01,-252.894,-4900.68
283.0,6.61757,40926.4,687.639,12279.1,2042.27,-134.661,-5200.9
283.1,6.65419,40911.1,1383.36,12069.6,2000.15,-28.8921,-5257.21
283.2,6.67745,40837.5,3867.59,14322.5,1990.45,10.3626,-5026.25
283.3,6.6544,40678.2,4614.88,18564.0,1984.64,-26.1669,-4973.23
283.4,6.6076,40672.9,1172.86,22227.8,2010.16,-76.6407,-5114.0
283.5,6.57955,40776.2,-3382.59,23607.5,2081.19,-90.507,-5099.7
283.6,6.58284,40849.8,-5520.28,23773.0,2112.35,-31.9293,-4922.55
283.7,6.59075,40829.7,-8487.24,23360.7,2112.28,-33.496,-4842.9
283.8,6.59065,40783.9,-14073.2,24622.5,2073.13,-43.0708,-5046.76
283.9,6.56618,40707.2,-21377.1,27482.5,2033.38,-54.966,-5288.42
284.0,6.53758,40749.0,-26425.2,29046.1,1981.89,-78.0147,-5317.15
284.1,6.53965,40850.8,-29687.3,28102.6,1932.9,-30.0537,-5231.64
284.2,6.55478,40854.2,-30202.5,24507.3,1875.4,79.457,-5266.45
284.3,6.57185,40857.1,-30551.8,19228.6,1881.08,153.436,-5246.07
284.4,6.57921,40809.1,-28802.8,15205.5,1914.19,175.562,-5098.23
284.5,6.56494,40743.0,-25553.1,13243.4,1949.31,111.769,-4928.23
284.6,6.55602,40812.2,-22460.3,12304.2,1971.35,23.2965,-4885.19
284.7,6.57332,40885.3,-20780.3,11214.0,2012.19,-14.587,-4918.02
284.8,6.59481,40859.3,-17342.1,8994.15,2010.22,22.5414,-4954.11
284.9,6.60089,40796.0,-12753.6,5754.05,1981.51,55.7741,-4910.74
285.0,6.58651,40749.7,-9596.42,4017.27,1968.56,97.2989,-4896.12
285.1,6.56335,40741.8,-8858.62,4355.45,1980.77,47.7615,-5009.38
285.2,6.54782,40791.0,-9123.64,5832.23,1986.84,-74.3972,-5111.12
285.3,6.54974,40825.9,-7052.08,6761.78,2036.16,-172.553,-5092.09
285.4,6.54715,40797.8,-4311.77,6236.77,2107.3,-128.261,-4950.27
285.5,6.53596,40757.2,-1547.39,4537.23,2153.41,-57.4956,-4898.94
285.6,6.51485,40748.4,1841.04,3061.94,2169.16,-65.5843,-4949.88
285.7,6.50839,40809.9,6008.43,2499.57,2155.06,-112.713,-4888.87
285.8,6.52374,40883.7,12051.2,2931.14,2103.92,-120.28,-4807.09
285.9,6.5484,40875.0,14829.3,3956.6,2048.59,-109.397,-4804.93
286.0,6.56406,40843.7,13913.1,6262.51,2031.9,-77.0425,-4967.85
286.1,6.56753,40786.2,13163.8,10301.5,2026.42,-103.194,-5156.11
286.2,6.55195,40746.4,11747.3,15417.4,2049.3,-194.46,-5079.1
286.3,6.54087,40795.0,8834.48,20165.7,2068.57,-275.344,-4975.34
286.4,6.54049,40814.8,3818.51,22694.0,2051.72,-315.956,-5060.56
286.5,6.55087,40850.1,-1300.57,22924.3,2015.55,-265.13,-5125.07
286.6,6.55968,40831.0,-4534.37,21400.8,1991.02,-216.349,-4968.64
286.7,6.55911,40788.1,-6587.1,19975.7,1986.54,-180.16,-4823.3
286.8,6.54771,40772.2,-10924.8,19302.4,1977.05,-166.692,-4894.48
286.9,6.53666,40781.1,-16512.4,19373.3,1956.4,-136.073,-5115.71
287.0,6.53139,40813.6,-20700.4,19813.3,2010.55,-87.3554,-5198.84
287.1,6.53275,40816.4,-21558.1,19588.6,2044.73,-75.9792,-5155.14
287.2,6.5332,40801.5,-20629.0,18070.1,2078.43,-121.488,-5126.66
287.3,6.53516,40829.4,-21395.1,15893.3,2193.87,-126.382,-5104.14
287.4,6.54552,40850.8,-23221.9,13616.0,2292.94,-112.086,-5021.68
287.5,6.56776,40883.0,-25859.8,11816.8,2351.29,-143.53,-4868.34
287.6,6.5922,40878.7,-26956.9,10400.7,2339.13,-216.07,-4823.98
287.7,6.6099,40842.9,-24562.9,8273.85,2292.85,-265.162,-4916.23
287.8,6.61082,40781.2,-18787.0,4609.78,2211.93,-240.212,-4973.85
287.9,6.59533,40749.2,-9997.53,-326.629,2146.4,-161.669,-4995.78
288.0,6.57589,40757.7,-4242.89,-4379.79,2141.71,-39.3968,-4993.2
288.1,6.557,40757.2,-291.158,-5687.16,2136.4,30.0607,-5095.7
288.2,6.55002,40808.0,2211.05,-3486.23,2146.0,-0.848,-5089.29
288.3,6.54436,40786.3,5460.22,-105.171,2141.97,-173.012,-4880.23
288.4,6.53847,40793.6,9215.33,3224.88,2109.38,-277.806,-4671.47
288.5,6.53642,40812.4,11587.6,5206.16,2105.27,-307.626,-4645.92
288.6,6.54329,40838.4,13312.1,5513.07,2062.4,-342.438,-4737.9
288.7,6.56472,40891.3,15210.9,5578.04,2029.06,-337.86,-4787.79
288.8,6.59252,40881.6,19773.7,6039.04,1979.99,-295.277,-4861.26
288.9,6.60599,40832.1,22847.5,5890.82,1929.69,-249.59,-4913.33
289.0,6.61781,40847.6,26288.4,5295.18,1913.56,-148.298,-5030.7
289.1,6.63019,40830.1,29089.4,5993.86,1935.55,-8.52413,-5013.19
289.2,6.63347,40822.7,30314.6,9372.4,1983.23,42.9194,-4853.55
289.3,6.6388,40817.2,28320.2,15438.6,2034.85,-111.033,-4735.66
289.4,6.63143,40764.7,22850.2,22595.8,2076.9,-345.246,-4791.7
289.5,6.60618,40725.5,18219.7,26939.8,2056.05,-515.433,-4926.59
289.6,6.58183,40749.7,15648.4,26976.0,2026.45,-508.416,-4956.08
289.7,6.56528,40775.2,13591.2,23885.5,1999.21,-370.585,-4971.01
289.8,6.56369,40829.7,9072.2,20737.3,1979.89,-175.079,-5111.59
289.9,6.57123,40817.8,2922.11,18966.4,1956.8,-88.4055,-5273.72
290.0,6.56785,40793.2,-1643.45,18726.1,1992.18,-31.5731,-5277.04
290.1,6.54578,40712.1,-3395.7,16075.7,1975.93,-73.1154,-5081.71
290.2,6.51404,40728.6,-4728.49,10240.5,1960.0,-30.1694,-4905.95
290.3,6.49689,40779.4,-7843.28,2462.15,1950.75,67.1728,-4869.47
290.4,6.50337,40874.5,-8608.39,-3609.28,1922.2,115.88,-4945.62
290.5,6.53969,40933.8,-6984.82,-4925.65,1883.17,42.1705,-4918.49
290.6,6.57756,40902.6,-3799.35,-1030.79,1860.84,-102.633,-4897.36
290.7,6.59316,40812.5,-409.341,4011.64,1797.36,-247.626,-5058.84
290.8,6.59018,40791.1,2203.77,7395.84,1774.99,-215.373,-5168.02
290.9,6.5799,40762.5,5494.3,7330.84,1765.51,-93.607,-5026.79
291.0,6.57354,40813.6,8736.4,5513.81,1788.13,28.0557,-4804.58
291.1,6.58197,40840.3,8873.69,4505.97,1832.3,62.5252,-4712.76
291.2,6.57155,40743.2,6674.75,4589.16,1873.93,-54.4135,-4749.86
291.3,6.53979,40704.0,6420.77,3948.53,1884.68,-192.461,-4777.81
291.4,6.50464,40709.5,10385.4,1551.21,1836.67,-222.335,-4754.9
291.5,6.47854,40748.3,15075.5,-1973.09,1783.07,-149.854,-4745.33
291.6,6.47621,40849.7,18444.1,-4886.41,1718.96,-109.608,-4843.52
291.7,6.48907,40911.9,18795.2,-5281.35,1640.58,-161.133,-4904.01
291.8,6.49003,40890.2,20134.6,-2519.69,1633.3,-206.357,-4918.68
291.9,6.48186,40882.5,22320.6,1429.39,1686.44,-264.671,-4828.78
292.0,6.4717,40897.2,24100.9,5015.26,1744.53,-304.223,-4740.01
292.1,6.46955,40987.2,24342.0,7953.25,1827.44,-278.242,-4753.37
292.2,6.47271,41064.0,24627.6,10771.4,1812.26,-228.353,-4805.6
292.3,6.47739,41096.6,24163.3,14300.8,1752.97,-240.388,-4781.37
292.4,6.48211,41127.2,23296.0,18197.9,1676.61,-338.466,-4808.11
292.5,6.49142,41157.4,22021.6,20883.8,1588.08,-447.105,-4945.69
292.6,6.49392,41121.2,19392.1,21477.4,1488.33,-464.636,-5054.88
292.7,6.47234,41055.1,17444.6,19008.6,1413.78,-438.941,-5107.81
292.8,6.44943,41114.3,15471.6,15461.8,1423.7,-341.257,-5099.0
292.9,6.42558,41191.8,13989.6,12273.9,1466.7,-273.682,-5073.93
293.0,6.40348,41279.3,13778.6,9217.06,1525.98,-292.177,-5044.16
293.1,6.40065,41427.6,13773.0,7222.61,1644.5,-260.723,-4933.12
293.2,6.40161,41445.4,13544.4,6925.79,1733.75,-180.964,-4814.27
293.3,6.3912,41404.8,11421.1,7314.16,1774.34,-207.152,-4780.19
293.4,6.38278,41433.9,8397.37,8501.17,1786.77,-294.101,-4881.37
293.5,6.38491,41490.0,6429.41,10083.4,1751.62,-366.083,-5006.47
293.6,6.39496,41589.5,6607.59,9649.84,1731.04,-448.964,-5071.69
293.7,6.42235,41660.9,7374.51,7179.75,1681.52,-447.707,-5076.25
293.8,6.43414,41558.4,7418.48,4497.6,1653.86,-312.005,-5083.12
293.9,6.42089,41460.5,8052.55,3266.96,1647.17,-158.948,-5083.9
294.0,6.40685,41459.3,11585.8,4309.56,1650.91,-160.487,-4992.57
294.1,6.39456,41521.2,15906.0,7030.59,1645.2,-247.807,-4780.09
294.2,6.37991,41597.7,20598.2,8679.18,1642.32,-325.004,-4680.48
294.3,6.36075,41639.9,23964.2,7490.71,1621.46,-354.239,-4688.15
294.4,6.3325,41681.3,26543.3,4047.59,1592.29,-362.762,-4709.53
294.5,6.31081,41824.8,28466.2,770.297,1585.74,-346.839,-4738.86
294.6,6.31289,41997.3,30195.0,-220.749,1577.91,-361.754,-4850.09
294.7,6.33505,42140.7,30558.5,1626.84,1625.52,-392.343,-4970.65
294.8,6.35506,42098.7,30987.4,3419.51,1646.33,-456.745,-4995.16
294.9,6.36242,41991.6,33986.5,4292.3,1644.15,-373.269,-4941.78
295.0,6.35266,41858.3,36281.9,4019.97,1646.77,-247.132,-4742.89
295.1,6.33845,41877.7,36426.9,4311.33,1697.8,-177.179,-4608.19
295.2,6.34214,41942.1,33780.2,5847.9,1695.74,-296.754,-4620.88
295.3,6.34101,41986.8,33051.4,8338.3,1672.56,-447.792,-4766.91
295.4,6.34182,41980.3,34990.8,9630.17,1594.44,-527.354,-4782.49
295.5,6.33634,41981.3,37017.4,10134.7,1580.89,-454.504,-4755.9
295.6,6.32024,41961.5,35584.0,10723.3,1550.91,-345.906,-4878.97
295.7,6.31009,42075.4,32065.8,14052.5,1603.91,-239.825,-5133.7
295.8,6.30246,42148.1,29721.7,19330.2,1648.18,-284.737,-5177.23
295.9,6.2927,42225.1,31466.3,24808.8,1706.07,-368.826,-5026.71
296.0,6.2762,42225.3,32033.6,26905.0,1779.31,-464.036,-4865.0
296.1,6.24941,42252.0,29313.9,24920.3,1849.36,-429.776,-4886.73
296.2,6.23297,42340.8,25823.6,20531.0,1887.62,-326.766,-4972.83
296.3,6.2262,42446.4,24363.5,16450.3,1866.81,-290.348,-4935.96
296.4,6.24007,42572.8,23777.0,14479.6,1832.59,-314.695,-4846.41
296.5,6.26038,42584.0,21496.1,13640.8,1797.11,-352.48,-4941.92
296.6,6.26034,42474.7,19687.2,11453.2,1733.4,-317.073,-5184.43
296.7,6.24269,42418.3,19535.3,6853.03,1716.17,-187.909,-5190.82
296.8,6.21893,42445.8,21693.2,1020.94,1696.19,-56.5808,-4979.32
296.9,6.19734,42586.7,23376.0,-4188.15,1688.16,-16.4067,-4854.71
297.0,6.19959,42804.4,23440.8,-6763.72,1744.53,-48.0831,-4902.77
297.1,6.21073,42886.2,25875.2,-6086.59,1788.94,-105.376,-4933.49
297.2,6.21093,42846.8,29619.4,-3466.43,1802.86,-184.953,-4741.08
297.3,6.19693,42790.4,34208.2,-992.971,1820.59,-282.525,-4669.06
297.4,6.17795,42808.7,36595.3,-128.554,1816.52,-299.538,-4777.99
297.5,6.16707,42924.2,37415.6,-1068.56,1757.4,-208.531,-4866.68
297.6,6.17031,43075.4,40503.3,-2093.17,1681.78,-88.2032,-4849.91
297.7,6.18328,43137.7,43409.8,-1455.68,1647.65,-62.6097,-4759.7
297.8,6.19081,43105.4,43542.7,1237.72,1671.99,-135.128,-4771.44
297.9,6.18016,42993.8,42165.6,4866.57,1707.24,-208.859,-4892.92
298.0,6.15276,42919.7,41803.7,7999.2,1726.49,-245.613,-4901.08
298.1,6.12853,43034.2,44466.6,10479.8,1750.94,-252.237,-4770.7
298.2,6.13506,43243.8,45755.3,13856.0,1745.54,-236.785,-4641.68
298.3,6.15808,43372.3,44722.2,18705.5,1739.08,-289.405,-4710.42
298.4,6.17182,43337.2,42309.8,23131.1,1722.57,-429.464,-4825.7
298.5,6.17016,43232.9,41694.2,25921.9,1709.64,-486.459,-4846.23
298.6,6.13831,43118.4,41305.0,25455.4,1686.12,-445.93,-4798.78
298.7,6.11043,43251.8,37575.0,22350.8,1699.39,-324.789,-4851.26
298.8,6.10915,43446.0,29815.3,19370.0,1724.53,-209.504,-5009.1
298.9,6.11306,43551.5,22798.4,18973.5,1742.67,-140.165,-5135.33
299.0,6.10723,43526.3,19132.7,20339.1,1762.54,-228.689,-5100.03
299.1,6.08781,43475.8,16815.9,22302.1,1818.84,-333.802,-5021.44
299.2,6.06276,43483.2,12986.5,23118.1,1817.71,-348.634,-5040.97
299.3,6.04841,43629.3,8264.36,21732.2,1842.42,-355.933,-5109.1
299.4,6.06299,43847.0,5810.57,19317.0,1891.63,-352.465,-5112.63
299.5,6.09831,43949.2,6622.71,17571.3,1920.38,-320.763,-5050.25
299.6,6.11914,43834.1,8403.6,16075.7,1963.8,-330.795,-5050.41
299.7,6.11693,43668.0,9615.57,13915.1,2014.84,-318.253,-5127.01
299.8,6.10467,43586.2,12249.8,11596.2,2037.82,-180.48,-5194.58
299.9,6.08833,43580.4,15076.0,9450.52,1972.96,-35.1292,-5060.16
300.0,6.08718,43714.1,17915.7,8801.21,1907.86,-24.8955,-4915.93
300.1,6.09705,43772.9,17322.6,10104.1,1857.18,-148.245,-4860.48
300.2,6.09467,43713.5,16273.0,12052.4,1847.43,-301.454,-4947.46
300.3,6.07545,43644.4,16787.0,12405.6,1838.86,-411.433,-4957.7
300.4,6.05778,43684.3,19359.9,11326.5,1846.75,-411.367,-4872.14
300.5,6.04942,43804.0,21941.7,9836.2,1844.27,-349.569,-4850.39
300.6,6.0627,43969.5,21847.8,9091.11,1874.9,-307.084,-4909.47
300.7,6.08725,44021.7,22735.1,9500.22,1887.98,-296.803,-4986.75
300.8,6.09413,43892.4,27483.9,9433.98,1839.11,-296.957,-4919.93
300.9,6.077,43741.7,33155.7,7752.04,1781.74,-273.05,-4706.79
301.0,6.05317,43719.8,37076.1,5340.29,1733.7,-220.343,-4633.26
301.1,6.03929,43829.6,37043.8,3306.2,1699.01,-245.185,-4713.27
301.2,6.05152,44001.3,37853.6,3358.66,1662.66,-332.035,-4841.22
301.3,6.07809,44063.1,40561.8,6428.74,1643.01,-423.31,-4845.25
301.4,6.08584,43956.1,43362.7,10873.4,1615.36,-512.99,-4826.11
301.5,6.0774,43836.9,41886.9,15446.6,1618.25,-523.817,-4902.24
301.6,6.05837,43822.1,37574.1,19832.3,1658.41,-424.652,-5056.95
301.7,6.04861,43923.2,33067.5,23194.4,1709.55,-345.397,-5035.31
301.8,6.05464,44066.9,30466.7,25646.1,1753.77,-323.29,-4891.81
301.9,6.06373,44077.7,27137.8,28221.4,1809.41,-292.718,-4819.38
302.0,6.05013,43973.0,21501.9,30035.5,1897.23,-296.548,-4916.58
302.1,6.0293,43914.0,14328.7,30953.2,1940.93,-313.259,-5046.16
302.2,6.00705,43934.8,9198.77,31347.1,1937.63,-294.506,-5110.22
302.3,5.99287,44053.3,6552.87,30085.3,1923.75,-304.439,-5105.46
302.4,6.00651,44249.0,4086.94,28239.8,1913.77,-235.055,-5095.86
302.5,6.02703,44266.5,340.21,26751.6,1933.13,-148.527,-5096.7
302.6,6.03035,44203.8,-2137.34,25741.4,1983.66,-125.256,-5104.68
302.7,6.02888,44138.5,-2864.88,25075.4,2079.68,-161.471,-4995.94
302.8,6.01324,44081.5,-3170.69,24253.8,2165.6,-195.081,-4855.41
302.9,5.99426,44146.6,-3295.12,21564.5,2191.52,-220.622,-4887.28
303.0,6.00229,44325.3,-3261.97,17618.8,2219.11,-195.266,-4994.13
303.1,6.01673,44361.6,-1348.92,13821.7,2202.25,-151.064,-5007.49
303.2,6.02878,44349.1,110.917,11683.7,2187.59,-103.388,-4938.66
303.3,6.03641,44267.8,748.516,11533.0,2171.32,-127.577,-5003.9
303.4,6.03462,44209.5,555.454,12397.3,2200.01,-167.574,-5133.81
303.5,6.03641,44216.5,1275.32,12450.5,2201.65,-170.712,-5106.62
303.6,6.03645,44230.4,3390.05,11365.1,2204.62,-122.537,-4985.35
303.7,6.03891,44242.2,4122.55,9965.5,2269.08,-75.9252,-4929.24
303.8,6.04366,44243.8,4167.26,9073.41,2308.96,-97.4618,-5006.02
303.9,6.04723,44191.0,4169.07,9357.5,2305.18,-144.67,-5033.31
304.0,6.03875,44107.3,7425.88,9703.16,2233.62,-196.51,-5009.98
304.1,6.03513,44126.0,12040.7,8354.48,2155.75,-211.267,-4948.25
304.2,6.05085,44194.2,16485.1,5722.79,2072.81,-145.465,-4930.42
304.3,6.06379,44162.6,20440.0,2633.31,1989.99,-68.6001,-4934.13
304.4,6.06301,44079.3,22226.9,572.778,1923.15,-25.5645,-4873.22
304.5,6.04062,43966.0,22494.3,354.736,1854.83,-59.9549,-4829.77
304.6,6.00774,44005.7,23238.8,1236.91,1822.08,-106.758,-4878.97
304.7,6.00316,44201.1,25135.8,2617.35,1819.39,-103.99,-4910.03
304.8,6.02085,44351.8,26763.0,4813.65,1865.72,-84.0155,-4836.78
304.9,6.03383,44335.8,26424.0,8029.19,1883.16,-101.312,-4780.65
305.0,6.0386,44240.5,23788.8,12703.7,1914.85,-160.426,-4848.26
305.1,6.03067,44148.0,19171.3,17755.3,1921.29,-247.833,-4885.46
305.2,6.03227,44208.5,15865.9,20549.6,1949.12,-350.216,-4871.49
305.3,6.06,44306.8,13604.3,19638.9,1970.9,-379.509,-4837.0
305.4,6.0914,44273.1,11458.1,16652.1,2009.73,-231.829,-4881.18
305.5,6.09405,44045.6,8809.84,12992.2,2048.48,-93.9573,-4965.74
305.6,6.06691,43827.5,7347.44,10548.6,2061.39,-71.8946,-5015.64
305.7,6.03284,43810.9,5854.19,10576.3,2115.91,-61.5205,-4960.02
305.8,6.01819,43947.1,4472.65,11643.6,2142.0,-69.6676,-4917.65
305.9,6.02305,44106.7,3194.83,12367.7,2158.18,-117.867,-4936.02
306.0,6.033,44142.2,2667.98,12823.9,2187.33,-179.224,-4920.78
306.1,6.02427,44058.7,2739.6,12731.7,2242.72,-276.315,-4854.57
306.2,6.01144,44051.7,738.665,11969.1,2317.43,-361.485,-4832.89
306.3,6.01148,44144.7,-2723.0,10621.4,2357.88,-373.497,-4969.72
306.4,6.0239,44255.0,-5149.94,8030.38,2377.73,-323.414,-5101.24
306.5,6.05856,44358.1,-5413.58,4146.38,2427.8,-212.845,-5065.7
306.6,6.10096,44286.2,-3349.9,597.658,2462.84,-47.7111,-4988.39
306.7,6.11451,44032.7,-2598.64,-2332.85,2486.56,30.5258,-4974.1
306.8,6.1148,43855.8,-2730.12,-3745.83,2483.12,21.5753,-5015.67
306.9,6.1126,43790.4,-1784.25,-3040.22,2451.82,-34.998,-4994.18
307.0,6.11431,43801.9,286.242,-1134.77,2400.06,-119.497,-4911.77
307.1,6.13104,43854.0,2247.21,1022.23,2354.34,-234.647,-4898.09
307.2,6.14211,43786.2,2341.88,3606.08,2319.19,-300.966,-4955.95
307.3,6.13836,43675.2,2945.34,5521.9,2322.09,-332.117,-5025.42
307.4,6.12998,43615.1,3578.85,6208.16,2287.07,-329.356,-4939.28
307.5,6.12405,43608.4,3892.62,5594.07,2234.32,-282.171,-4826.1
307.6,6.11568,43613.7,3010.96,2726.94,2147.48,-237.906,-4796.01
307.7,6.1151,43658.0,1687.36,-1452.97,2059.42,-139.565,-4799.41
307.8,6.11845,43634.4,3356.94,-5901.1,1991.16,-77.3767,-4807.2
307.9,6.11532,43600.7,6710.45,-9577.46,1958.94,-82.2985,-4758.01
308.0,6.12495,43618.0,9698.92,-10588.4,1958.44,-95.1254,-4781.86
308.1,6.13516,43572.5,10164.6,-8906.24,1976.94,-157.166,-4869.42
308.2,6.14755,43573.9,8310.14,-5966.33,1988.71,-244.818,-4906.46
308.3,6.17501,43578.0,7491.6,-2333.97,2015.0,-262.678,-4911.65
308.4,6.19073,43456.8,5245.61,1067.31,2047.93,-238.809,-4816.13
308.5,6.19865,43378.5,1476.96,3231.13,2080.72,-237.819,-4775.87
308.6,6.21304,43347.6,-3141.12,5225.23,2138.58,-199.473,-4875.38
308.7,6.21568,43203.9,-5936.81,6335.63,2177.03,-193.292,-4978.48
308.8,6.2043,43147.1,-7332.38,5917.84,2251.76,-184.224,-4968.91
308.9,6.19317,43070.8,-6250.46,3666.86,2275.24,-172.186,-5030.15
309.0,6.17688,43069.2,-7861.69,1837.82,2346.68,-15.8177,-5079.84
309.1,6.1696,43106.9,-10118.4,869.832,2424.92,48.16,-5113.48
309.2,6.16467,43110.5,-9756.54,1205.61,2442.36,-56.8776,-5096.17
309.3,6.16306,43140.5,-7465.2,2578.67,2489.1,-146.139,-4961.5
309.4,6.16636,43135.3,-5323.47,3408.99,2514.65,-165.943,-4838.98
309.5,6.17294,43145.8,-3952.23,3151.56,2490.37,-152.643,-4864.08
309.6,6.18869,43163.6,-3697.77,2465.98,2472.99,-139.526,-4913.94
309.7,6.21146,43152.6,-2710.63,2643.36,2468.98,-99.8765,-4916.09
309.8,6.23155,43072.8,-579.049,3284.31,2431.62,-78.4622,-4919.07
309.9,6.24805,43001.1,-272.749,3844.6,2436.89,-62.099,-4949.32
310.0,6.26685,42925.4,-3164.03,3537.13,2443.69,-37.3452,-4975.73
310.1,6.28739,42884.6,-6628.55,3072.46,2457.68,32.91,-5024.18
310.2,6.31197,42811.9,-8767.48,3436.63,2453.1,65.479,-5023.85
310.3,6.32623,42682.3,-10245.0,6214.04,2387.87,22.5483,-4970.15
310.4,6.31887,42518.9,-12215.8,10408.1,2311.86,-108.572,-4975.34
310.5,6.30104,42440.2,-14142.0,14229.7,2228.53,-198.305,-5072.98
310.6,6.28526,42462.5,-14093.6,15929.7,2176.13,-184.947,-5144.5
310.7,6.27357,42483.3,-10985.6,13944.8,2110.16,-163.564,-5093.04
310.8,6.27519,42564.6,-5951.48,10395.4,2087.72,-58.1324,-5017.1
310.9,6.2802,42530.0,-2221.93,7571.58,2092.71,46.1684,-4967.08
311.0,6.27219,42454.8,-199.955,6372.98,2101.19,83.0178,-4983.8
311.1,6.27267,42449.1,384.539,5899.41,2110.3,3.66475,-4968.61
311.2,6.27277,42458.0,2378.81,5074.29,2078.13,-35.8337,-4958.26
311.3,6.28421,42508.1,2158.16,3319.18,2071.96,29.8754,-4889.99
311.4,6.30247,42508.1,-841.64,1932.12,2033.25,81.1658,-4883.95
311.5,6.31778,42478.4,-5762.33,3274.19,2036.65,71.4431,-4994.72
311.6,6.3306,42391.8,-10393.1,7279.55,2023.66,-37.1341,-5061.85
311.7,6.33795,42331.2,-12138.0,12090.3,2035.46,-158.791,-5066.45
311.8,6.34529,42286.8,-12427.8,14819.2,2070.08,-213.96,-5020.62
311.9,6.3478,42236.8,-13230.2,13913.9,2143.86,-167.343,-4991.35
312.0,6.34089,42174.0,-14233.7,10416.7,2210.74,-52.7043,-4990.71
312.1,6.31822,42099.2,-14399.9,6135.2,2253.22,19.874,-4923.94
312.2,6.30142,42158.9,-13562.4,3539.73,2336.79,56.5462,-4842.65
312.3,6.29069,42191.5,-15176.9,2558.33,2341.87,10.1215,-4775.05
312.4,6.27635,42207.6,-17881.8,1721.73,2315.93,-82.2255,-4882.16
312.5,6.26153,42223.5,-19054.9,-621.603,2243.35,-152.851,-5001.02
312.6,6.24678,42253.2,-17643.4,-4134.05,2164.99,-132.935,-4960.3
312.7,6.24684,42349.6,-15557.1,-6681.25,2078.17,-65.4215,-4883.59
312.8,6.26289,42439.9,-15854.7,-6519.14,2024.32,-103.368,-4944.85
312.9,6.28731,42479.4,-16510.2,-3490.83,2031.94,-207.533,-5097.97
313.0,6.31406,42431.5,-15249.6,497.561,2078.12,-271.129,-5083.66
313.1,6.32745,42323.9,-12674.0,3041.19,2123.61,-256.285,-4946.11
313.2,6.33343,42264.4,-10059.1,3319.73,2156.08,-192.553,-4942.81
313.3,6.34927,42284.5,-9280.09,3504.5,2185.36,-106.87,-5036.79
313.4,6.37241,42290.3,-10484.6,5094.19,2196.03,-121.423,-5039.21
313.5,6.39931,42250.8,-10763.9,7911.09,2160.84,-257.946,-5041.79
313.6,6.41317,42098.3,-10813.1,10531.8,2121.52,-397.61,-5082.68
313.7,6.40274,41916.5,-9070.84,10908.2,2095.25,-430.563,-5190.17
313.8,6.38227,41845.6,-8279.26,8847.4,2072.06,-333.177,-5145.41
313.9,6.3566,41835.0,-8110.56,6562.41,2044.78,-185.535,-5057.08
314.0,6.34016,41923.1,-8999.91,6704.97,2069.31,-76.1845,-5058.19
314.1,6.33671,42019.4,-12316.3,9922.81,2116.18,-62.8853,-5023.45
314.2,6.32642,41969.6,-14559.3,13722.2,2135.17,-164.059,-5014.71
314.3,6.29415,41902.0,-14622.5,15284.9,2071.39,-219.033,-5031.92
314.4,6.26274,41966.6,-14054.7,12421.6,2017.07,-229.295,-5026.42
314.5,6.26059,42201.1,-14431.3,7231.26,1962.94,-168.643,-5023.17
314.6,6.29891,42450.1,-15855.3,3373.47,1932.2,-127.731,-5086.41
314.7,6.36015,42517.6,-18495.5,3403.79,1947.05,-168.084,-5138.42
314.8,6.4085,42342.2,-17644.3,6143.93,1955.45,-273.262,-5193.17
314.9,6.42539,42047.6,-14397.2,8599.22,1957.73,-306.466,-5097.51
315.0,6.41485,41838.7,-10833.6,8310.3,1964.09,-217.294,-4922.02
315.1,6.40063,41822.0,-8059.66,5659.1,1950.02,-59.0137,-4854.12
315.2,6.40296,41897.1,-7303.73,2719.15,1940.43,-11.5258,-4830.16
315.3,6.40769,41899.8,-6578.08,1887.19,1889.45,-74.764,-4805.29
315.4,6.39421,41772.5,-6511.64,2711.36,1840.38,-212.637,-4804.56
315.5,6.35659,41628.5,-6662.05,3235.0,1778.3,-334.274,-4940.18
315.6,6.30767,41625.0,-8764.03,1419.49,1756.27,-358.404,-5063.19
315.7,6.27004,41784.0,-8473.02,-2786.1,1736.9,-258.86,-5127.01
315.8,6.26693,42056.4,-6328.53,-6137.98,1749.47,-58.091,-5040.69
315.9,6.27725,42190.3,-4921.64,-6619.81,1796.27,28.9489,-4884.79
316.0,6.28923,42198.4,-5329.32,-3292.24,1864.8,-0.253617,-4852.49
316.1,6.289,42112.1,-4247.14,1936.8,1945.11,-104.739,-4943.44
316.2,6.27984,42067.4,-961.304,6788.77,1943.65,-144.286,-4886.17
316.3,6.27901,42149.6,2818.63,10042.9,1939.36,-150.166,-4769.74
316.4,6.29868,42279.8,2519.3,12446.6,1920.93,-156.604,-4818.05
316.5,6.33412,42377.2,-674.017,15004.3,1886.43,-188.015,-5064.33
316.6,6.36489,42313.6,-4046.36,17880.8,1842.07,-235.277,-5178.73
316.7,6.37155,42151.7,-6248.01,19980.2,1812.77,-249.354,-5075.76
316.8,6.35332,42027.9,-9321.33,20192.8,1816.17,-196.34,-5001.26
316.9,6.32462,42034.3,-14396.0,18429.7,1857.22,-85.3795,-5087.05
317.0,6.29117,42108.3,-17578.1,15675.2,1875.07,25.5065,-5169.27
317.1,6.25283,42200.0,-16872.6,13216.8,1854.01,71.1028,-5042.96
317.2,6.20623,42274.2,-14756.1,11531.9,1816.02,55.1525,-4884.43
317.3,6.17031,42438.6,-16582.0,11039.1,1827.77,41.975,-4922.19
317.4,6.15047,42612.8,-18776.0,10946.8,1834.94,2.6215,-5152.11
317.5,6.14747,42772.3,-17196.5,10725.4,1799.07,-47.8078,-5206.91
317.6,6.14901,42856.2,-12378.9,9597.46,1745.48,-105.517,-5005.58
317.7,6.15359,42930.2,-9872.61,8233.41,1706.85,-71.6576,-4893.21
317.8,6.16349,42999.7,-10191.9,7317.32,1658.1,8.57763,-5065.55
317.9,6.18094,43065.5,-10600.2,8086.43,1632.34,64.7933,-5162.26
318.0,6.19709,43092.3,-5150.87,9963.54,1640.83,22.1576,-5019.52
318.1,6.20728,43065.9,2915.94,11618.8,1657.29,-36.0311,-4806.4
318.2,6.20624,43006.0,7215.34,12445.2,1690.15,-12.3292,-4797.82
318.3,6.19725,43022.5,7559.94,12877.7,1776.81,53.8661,-4961.65
318.4,6.20441,43111.3,7047.77,14604.6,1854.7,56.2286,-4976.6
318.5,6.2066,43112.3,8628.85,17895.5,1864.6,-76.0213,-4860.59
318.6,6.19452,43087.2,9319.01,21417.9,1885.94,-208.464,-4838.07
318.7,6.17639,43066.4,4928.79,24098.2,1916.37,-198.313,-4936.39
318.8,6.13625,43015.2,-2201.54,24956.6,1912.86,-114.23,-5044.12
318.9,6.09466,43101.8,-9894.27,25889.4,1925.29,14.8206,-5028.2
319.0,6.05549,43202.1,-13632.8,27585.1,1886.14,10.478,-5037.0
319.1,6.01669,43347.5,-14783.0,29889.0,1795.49,-61.7238,-5060.51
319.2,5.99802,43539.0,-15124.9,31748.7,1744.88,-125.094,-5050.17
319.3,5.99014,43700.8,-16328.0,31942.0,1733.9,-167.643,-5024.37
319.4,5.99701,43808.0,-16057.9,30857.0,1705.26,-157.749,-5090.38
319.5,6.01333,43853.0,-15111.5,30062.0,1729.31,-155.3,-5108.29
319.6,6.0309,43915.8,-12655.5,30458.3,1774.44,-184.456,-5099.48
319.7,6.05917,44083.6,-11207.1,31461.7,1808.55,-232.548,-5079.08
319.8,6.08841,44169.8,-12286.1,32275.8,1845.91,-229.196,-5104.08
319.9,6.0991,44081.4,-15239.5,30699.1,1904.21,-208.84,-5133.21
320.0,6.10498,44024.7,-17911.5,26935.9,1947.89,-137.033,-5119.01
320.1,6.10251,43945.4,-17061.0,22763.0,1932.97,-73.3834,-5105.5
320.2,6.08608,43887.7,-16587.2,19181.9,1922.93,-79.9351,-5032.35
320.3,6.07499,43901.8,-17642.1,16766.5,1905.9,-142.281,-5022.05
320.4,6.05392,43866.5,-19071.3,14550.9,1900.27,-201.699,-5130.73
320.5,6.02603,43879.6,-19024.7,11882.3,1909.18,-156.093,-5164.01
320.6,5.99376,43908.8,-18975.8,9489.24,1892.72,-48.0333,-5004.64
320.7,5.95303,43971.6,-17720.3,9149.29,1909.47,39.5295,-4958.87
320.8,5.91996,44141.4,-18377.7,11645.1,1906.52,35.3968,-4975.04
320.9,5.90237,44323.7,-18441.6,15579.5,1910.25,-95.4794,-4970.28
321.0,5.89269,44487.9,-18385.8,18295.4,1899.53,-235.038,-4852.69
321.1,5.89448,44596.6,-17704.3,17629.3,1866.03,-288.154,-4790.01
321.2,5.91343,44687.0,-17662.4,14284.7,1877.4,-241.242,-4839.63
321.3,5.95127,44796.8,-17132.3,10982.9,1903.92,-154.228,-4934.0
321.4,6.00406,44953.5,-14121.2,10632.6,1921.07,-98.3545,-4986.44
321.5,6.05143,44832.1,-11879.2,13732.6,1963.2,-111.711,-4946.67
321.6,6.07224,44629.8,-12051.7,17197.3,2021.45,-186.849,-4964.04
321.7,6.07208,44455.7,-14202.6,18953.2,2071.61,-149.962,-5040.38
321.8,6.05608,44332.1,-14872.4,18144.5,2124.71,-73.6677,-5045.93
321.9,6.03617,44338.3,-13611.3,16112.9,2130.59,-55.2233,-4909.7
322.0,6.02593,44364.1,-13472.9,15861.1,2110.1,-110.857,-4829.07
322.1,5.9973,44274.4,-16387.3,17461.8,2087.55,-247.309,-4951.87
322.2,5.96452,44284.4,-21093.4,19239.7,2121.8,-313.258,-5127.65
322.3,5.94166,44327.9,-23707.6,19130.4,2147.16,-276.99,-5159.43
322.4,5.9108,44374.5,-23138.7,16921.2,2101.14,-96.332,-5105.2
322.5,5.88372,44494.3,-23204.3,14547.4,2046.91,143.259,-5058.58
322.6,5.86442,44628.3,-22918.8,14945.7,1994.49,272.779,-5126.15
322.7,5.85122,44789.1,-22225.7,18318.5,1971.64,203.259,-5118.73
322.8,5.85631,44947.4,-20180.3,22769.1,1928.3,30.359,-5016.34
322.9,5.86843,45009.1,-17509.6,25901.9,1924.33,-93.5918,-4995.41
323.0,5.88304,45114.0,-17569.2,26041.4,1948.9,-117.006,-4992.77
323.1,5.91514,45166.7,-18578.3,24405.1,1982.64,-93.5924,-5012.97
323.2,5.95415,45171.9,-19993.0,22895.7,2010.99,-77.0691,-4976.27
323.3,5.99707,45187.5,-21280.5,21916.3,2025.82,-53.5145,-4935.07
323.4,6.03596,45095.1,-23135.9,20876.7,2068.75,10.5061,-4943.66
323.5,6.0437,44839.7,-24534.2,18150.1,2099.61,90.4042,-4997.25
323.6,6.0216,44623.0,-25116.0,13873.1,2131.75,211.712,-5001.43
323.7,5.97833,44491.8,-23578.5,9807.95,2129.24,289.982,-5002.25
323.8,5.92127,44481.6,-21699.4,7673.76,2101.84,265.309,-5006.31
323.9,5.87966,44637.4,-19734.1,8318.61,2062.59,133.163,-5039.34
324.0,5.85283,44786.1,-16866.8,11276.8,2042.56,-32.9832,-5076.89
324.1,5.82456,44858.1,-13334.7,13517.6,2023.06,-183.35,-5024.09
324.2,5.79989,44963.2,-10504.4,13868.7,2035.88,-184.75,-4924.13
324.3,5.78047,45012.9,-8339.97,12511.8,2053.39,-69.027,-4909.47
324.4,5.77025,45051.6,-8392.0,11006.2,2038.36,71.1995,-4905.49
324.5,5.78173,45071.9,-9214.68,10577.6,2037.47,118.471,-4924.46
324.6,5.80912,45015.3,-10625.6,11463.4,2038.64,128.186,-4979.02
324.7,5.83258,44958.5,-11358.3,11525.1,2050.41,105.034,-5083.86
324.8,5.85548,45043.7,-11993.7,10814.7,2064.97,149.163,-5152.1
324.9,5.86932,45108.2,-12542.8,9845.69,2056.58,167.214,-5144.44
325.0,5.88727,45130.3,-13112.8,9788.73,2022.6,108.883,-5100.03
325.1,5.92262,45177.6,-13403.0,11369.6,1990.43,-4.607,-5040.95
325.2,5.95089,45117.5,-13385.8,13609.1,1957.89,-109.398,-4962.42
325.3,5.95299,45037.1,-13403.1,15264.9,1947.57,-111.725,-4883.38
325.4,5.91486,44894.2,-14613.5,15586.4,1910.54,-43.0914,-4825.77
325.5,5.84004,44837.8,-16502.5,15238.4,1915.78,84.123,-4867.4
325.6,5.77704,44922.1,-19900.4,15342.6,1954.11,183.123,-4920.71
325.7,5.73119,44963.2,-22970.7,15446.4,1962.88,145.352,-4969.52
325.8,5.70855,45030.2,-26574.5,15717.5,1984.58,106.414,-4995.04
325.9,5.69458,45022.5,-29927.1,15377.6,2012.16,57.8572,-5033.67
326.0,5.68326,45040.0,-32784.9,14534.0,2028.86,8.36645,-5048.78
326.1,5.69468,45083.9,-32301.8,14022.0,2041.67,-65.635,-5055.33
326.2,5.73382,45033.2,-30523.6,14260.4,2045.83,-162.725,-4973.54
326.3,5.78548,45047.1,-27791.0,14891.8,2065.42,-206.747,-4931.53
326.4,5.83981,45167.6,-25455.9,15737.3,2090.73,-144.624,-4973.89
326.5,5.86779,45094.6,-23886.1,16365.4,2149.32,-60.4484,-4998.79
326.6,5.86702,45036.6,-20784.0,15933.8,2155.79,-42.0394,-4991.75
326.7,5.85955,45050.3,-18712.4,15208.0,2161.59,-19.0881,-4937.82
326.8,5.84889,45024.9,-17700.9,13884.8,2124.97,-43.6662,-4959.64
326.9,5.84384,45079.6,-18351.2,12008.5,2132.77,-93.436,-5029.93
327.0,5.84893,45068.3,-18410.2,10726.3,2145.26,-136.444,-5096.42
327.1,5.82228,44940.7,-17816.4,10077.9,2139.52,-190.211,-5092.31
327.2,5.77024,44906.4,-16297.8,9027.81,2141.34,-238.874,-5117.74
327.3,5.72617,44954.7,-14312.5,8233.87,2122.38,-191.77,-5140.44
327.4,5.69112,44995.0,-11950.7,6983.76,2108.55,-104.037,-5083.89
327.5,5.69244,45123.5,-9271.68,6190.56,2119.8,7.853,-4968.64
327.6,5.71253,45114.8,-8817.78,7317.29,2120.16,71.382,-4845.42
327.7,5.71382,45041.6,-8845.59,9942.37,2093.63,22.3944,-4864.21
327.8,5.71761,45089.9,-8668.24,13005.9,2083.69,-89.0102,-4909.77
327.9,5.73758,45127.7,-7460.39,15361.4,2052.06,-196.798,-4888.75
328.0,5.77346,45187.6,-6681.45,15950.0,2011.23,-240.579,-4894.77
328.1,5.8297,45235.2,-8853.0,15516.0,2018.86,-215.199,-4990.72
328.2,5.87641,45152.8,-11593.9,15970.7,2063.33,-157.098,-5135.31
328.3,5.8907,45070.4,-12469.3,17822.7,2103.54,-113.148,-5143.28
328.4,5.88109,45002.0,-12446.2,20893.8,2103.61,-93.4546,-4972.54
328.5,5.84631,44948.1,-13353.3,23274.3,2099.45,-113.191,-4858.61
328.6,5.81469,45013.9,-16345.2,23368.9,2134.83,-82.544,-4874.34
328.7,5.80496,45045.9,-18253.9,21972.4,2169.47,-13.2692,-4918.82
328.8,5.77989,44973.0,-17995.2,20540.8,2183.5,3.876,-4898.33
328.9,5.74451,44962.0,-18750.3,20075.5,2227.68,-61.3566,-4901.35
329.0,5.71044,44973.5,-20799.3,20845.3,2267.11,-139.069,-5106.96
329.1,5.68319,45003.4,-24738.1,21149.7,2280.08,-140.485,-5282.25
329.2,5.68485,45112.1,-25809.2,20363.5,2294.94,-42.1136,-5292.33
329.3,5.70272,45109.8,-24352.7,19212.3,2275.74,78.0059,-5150.96
329.4,5.71244,45083.8,-23610.1,18917.1,2265.15,152.244,-5003.01
329.5,5.71743,45071.9,-24492.3,19953.5,2243.52,145.552,-4969.06
329.6,5.72854,45100.2,-24680.4,21885.5,2265.21,82.6087,-4994.62
329.7,5.75118,45153.9,-23423.2,22641.2,2295.23,6.8305,-4926.98
329.8,5.79157,45175.3,-21279.2,21360.7,2292.32,-9.73825,-4885.52
329.9,5.82376,45141.7,-20994.0,18734.7,2336.32,51.506,-4964.86
330.0,5.84411,45101.5,-21537.5,16186.5,2354.91,139.787,-5117.14
330.1,5.84885,45054.4,-21887.4,14925.5,2372.27,154.894,-5127.87
330.2,5.83486,45010.3,-21257.8,15318.3,2379.9,142.227,-5027.46
330.3,5.81541,45013.1,-22094.6,16217.3,2402.0,131.323,-4960.18
330.4,5.79581,45011.7,-22557.9,16493.2,2433.6,104.782,-5015.43
330.5,5.77103,44986.9,-21753.7,16239.9,2420.2,93.9135,-4989.9
330.6,5.73301,44949.5,-18486.0,15599.8,2393.93,55.5462,-4896.73
330.7,5.70319,44999.6,-15473.2,15204.7,2408.17,24.7224,-4876.58
330.8,5.69665,45082.0,-15641.0,14801.8,2444.94,7.71712,-4956.15
330.9,5.71849,45149.4,-16649.0,14048.8,2463.41,33.5075,-5076.88
331.0,5.74754,45132.9,-16020.9,12797.0,2465.06,79.8582,-5108.14
331.1,5.76687,45101.1,-14392.2,11168.5,2466.37,108.944,-5047.45
331.2,5.78316,45105.9,-13682.2,10100.3,2484.04,143.757,-5044.83
331.3,5.79638,45096.3,-14239.1,9417.59,2482.45,123.443,-5119.22
331.4,5.81549,45133.1,-13156.3,9120.2,2494.2,87.1083,-5166.21
331.5,5.84783,45160.5,-9368.87,9848.01,2500.21,76.7096,-5081.5
331.6,5.87136,45112.3,-4649.69,11523.6,2473.88,45.5192,-4961.75
331.7,5.87836,45067.8,-2511.76,13158.2,2471.37,-32.5651,-4929.71
331.8,5.88117,45077.2,-2930.65,15080.2,2522.02,-20.6318,-4978.42
331.9,5.87642,45033.6,-2487.02,16506.2,2506.15,22.5893,-5005.79
332.0,5.87421,45076.4,-2761.62,18127.2,2522.28,69.4965,-4955.01
332.1,5.87339,45052.7,-4753.07,20926.6,2524.28,87.5553,-4992.6
332.2,5.84912,44962.7,-9290.12,23710.4,2522.36,29.9247,-5160.73
332.3,5.80343,44930.9,-14082.4,24739.3,2507.93,-27.782,-5274.89
332.4,5.76766,44980.3,-17373.1,24001.4,2511.29,3.5965,-5224.42
332.5,5.7591,45085.4,-20261.6,22359.7,2521.78,65.7483,-5099.35
332.6,5.78988,45206.4,-23613.3,21522.8,2544.99,73.711,-5056.5
332.7,5.83551,45165.9,-26311.9,22678.7,2544.48,5.50875,-5048.74
332.8,5.86197,45113.1,-27512.8,24962.1,2565.09,-74.8455,-4962.84
332.9,5.87872,45098.6,-26273.1,26327.4,2549.44,-127.771,-4919.46
333.0,5.89545,45105.4,-24886.6,26192.8,2543.42,-111.192,-4970.93
333.1,5.91378,45120.6,-24465.7,24568.0,2528.06,-60.0396,-5070.95
333.2,5.93359,45115.2,-24276.9,22405.4,2495.16,-46.1695,-5126.42
333.3,5.93763,45056.4,-23874.5,20546.8,2467.26,-75.9857,-5120.72
333.4,5.93017,45034.4,-24442.4,18976.6,2459.8,-108.934,-5082.27
333.5,5.92416,45057.2,-25745.2,17419.1,2484.4,-134.333,-5086.86
333.6,5.92219,45059.2,-26582.6,15920.5,2483.98,-141.725,-5076.93
333.7,5.91209,45022.0,-25602.5,13937.9,2478.74,-186.375,-5015.12
333.8,5.89159,44995.3,-23913.5,11642.8,2461.21,-208.025,-4941.46
333.9,5.8683,45002.7,-22478.3,8811.52,2457.0,-200.117,-4971.38
334.0,5.84734,45020.9,-20113.1,5035.17,2414.99,-164.067,-5085.84
334.1,5.84723,45088.8,-16400.3,1811.52,2382.57,-60.8839,-5108.46
334.2,5.85913,45099.2,-11304.5,496.022,2340.78,14.8649,-5036.92
334.3,5.87288,45115.8,-6934.92,1547.25,2333.89,0.479125,-4995.13
334.4,5.89189,45102.8,-5903.36,4996.47,2346.24,-81.18,-4980.22
334.5,5.89806,45066.3,-5282.68,8814.15,2339.98,-208.643,-4984.26
334.6,5.91004,45118.3,-3196.74,11102.4,2332.17,-289.348,-4926.47
334.7,5.94243,45163.2,-440.005,11740.3,2365.52,-302.352,-4853.12
334.8,5.96919,45128.4,895.927,10325.4,2402.38,-311.769,-4867.35
334.9,5.99643,45143.8,969.444,8880.81,2452.45,-224.703,-5005.5
335.0,6.00015,44949.8,835.794,7942.41,2450.01,-156.296,-5082.1
335.1,5.97706,44811.5,2028.13,7256.84,2408.7,-119.61,-5064.01
335.2,5.96636,44836.1,3321.38,6485.15,2381.41,-87.3562,-5023.88
335.3,5.9687,44869.4,2899.53,6312.15,2366.43,-37.8332,-5021.42
335.4,5.96605,44839.4,1798.75,6864.61,2381.5,-43.4157,-5058.21
335.5,5.95982,44740.1,1585.04,9008.66,2408.26,-126.513,-5065.43
335.6,5.93173,44595.6,1082.39,12637.3,2409.29,-240.497,-5008.31
335.7,5.90211,44625.7,-1839.89,15428.7,2426.99,-337.284,-4998.58
335.8,5.9073,44829.2,-7372.48,17047.2,2442.82,-284.184,-5090.74
335.9,5.93638,44938.3,-12151.8,17602.9,2425.9,-150.046,-5189.94
336.0,5.96422,44914.8,-15021.0,16967.5,2400.28,-77.3267,-5143.01
336.1,5.99306,44824.5,-16662.7,16944.9,2408.67,10.7883,-5067.06
336.2,6.00008,44618.5,-17966.6,17477.5,2363.87,63.0211,-5126.75
336.3,6.00148,44594.6,-20126.3,18117.4,2337.24,90.3463,-5216.62
336.4,6.01966,44630.6,-20219.6,18598.5,2305.17,51.991,-5225.02
336.5,6.03295,44606.5,-18464.1,18348.1,2293.17,-3.23206,-5144.46
336.6,6.03848,44549.9,-18165.3,16663.5,2296.68,-30.8754,-5042.61
336.7,6.0338,44438.0,-18991.2,14280.5,2324.1,-16.7778,-5060.15
336.8,6.01455,44366.7,-19782.3,12404.9,2334.56,55.1554,-5059.57
336.9,5.99816,44372.5,-20036.6,11101.0,2285.57,75.0166,-4927.49
337.0,5.98538,44413.0,-20219.7,10923.2,2226.86,90.394,-4851.62
337.1,5.97372,44445.4,-22250.0,10678.3,2217.86,118.779,-4935.45
337.2,5.9602,44434.3,-23042.6,9717.17,2182.2,164.24,-5088.02
337.3,5.93545,44394.2,-21149.0,8164.45,2168.19,178.895,-5100.34
337.4,5.90654,44438.9,-17016.3,6537.56,2169.74,144.899,-5013.31
337.5,5.90323,44626.9,-13491.1,5302.63,2198.62,96.519,-4992.07
337.6,5.93017,44786.4,-10867.1,5035.54,2214.28,48.5625,-5045.74
337.7,5.96317,44819.4,-8239.32,6382.87,2216.71,51.3392,-4994.85
337.8,5.98956,44704.9,-4730.71,8896.45,2223.62,15.1255,-4850.99
337.9,5.99268,44556.2,-2616.16,11748.2,2226.86,-42.6389,-4773.91
338.0,5.98106,44491.6,-1472.98,12972.1,2195.85,-65.676,-4884.87
338.1,5.97156,44556.3,-740.103,12390.5,2183.91,5.6165,-4997.98
338.2,5.96477,44652.5,786.115,11032.4,2184.59,117.018,-5005.6
338.3,5.96268,44722.5,1860.03,10632.6,2174.74,159.025,-5019.27
338.4,5.95218,44699.0,-621.914,12070.4,2207.29,103.829,-5105.0
338.5,5.92876,44664.8,-5280.77,15161.9,2230.68,73.1773,-5195.75
338.6,5.90146,44684.5,-9053.9,18265.2,2266.67,43.7117,-5180.15
338.7,5.88327,44816.7,-9971.25,20744.0,2280.71,25.5563,-5083.33
338.8,5.88836,44998.5,-11529.8,23970.1,2329.18,68.6854,-4997.53
338.9,5.89362,45018.1,-16116.2,27839.1,2390.26,32.9919,-5028.89
339.0,5.88673,44984.9,-21253.1,31006.3,2459.64,-59.2167,-5159.22
339.1,5.87403,44945.2,-24773.8,31966.0,2472.78,-90.5145,-5189.25
339.2,5.85176,44957.5,-26461.0,29139.3,2453.83,-26.0856,-5109.88
339.3,5.85891,45157.2,-28633.4,23593.2,2473.77,125.709,-5083.75
339.4,5.90824,45221.1,-31065.5,19057.5,2471.76,260.108,-5156.62
339.5,5.94653,45137.2,-32176.3,17391.4,2450.17,237.091,-5173.85
339.6,5.95761,45059.8,-30844.3,18009.9,2407.97,102.19,-5069.72
339.7,5.9361,44889.6,-29130.0,18820.9,2371.24,-20.2353,-4974.98
339.8,5.90044,44914.7,-28715.3,17716.7,2356.64,-39.9077,-5023.31
339.9,5.89333,45109.2,-30192.6,14778.4,2370.72,5.53325,-5066.51
340.0,5.90694,45106.8,-29863.0,12254.4,2366.47,26.646,-5042.99
340.1,5.90872,45042.6,-28513.9,11227.2,2346.65,-11.3827,-4957.31
340.2,5.89267,45013.8,-28347.8,11135.6,2334.4,-82.3808,-4936.33
340.3,5.8693,44979.0,-30253.6,10525.8,2281.49,-118.805,-5007.71
340.4,5.84955,45042.5,-31951.3,7946.17,2238.36,-73.9652,-5083.12
340.5,5.8637,45144.5,-30893.9,3920.86,2240.74,5.26512,-5069.67
340.6,5.8935,45142.4,-27407.2,1139.7,2266.51,82.6624,-5021.94
340.7,5.90845,45086.8,-25119.8,1265.48,2318.35,84.7895,-5020.57
340.8,5.90764,45035.0,-24177.0,4366.68,2354.36,-15.291,-5113.15
340.9,5.89212,45008.5,-22004.5,9065.61,2323.34,-121.747,-5169.8
341.0,5.89086,45097.5,-17438.7,12763.1,2302.3,-184.835,-5065.9
341.1,5.92725,45202.9,-12056.2,14950.1,2315.61,-180.046,-4924.04
341.2,5.96953,45166.8,-10437.0,16666.6,2347.39,-127.6,-4874.49
341.3,5.97977,45042.7,-10529.6,18186.3,2388.15,-135.156,-4984.72
341.4,5.95556,44807.5,-10672.5,19506.7,2395.2,-175.829,-5033.9
341.5,5.91503,44770.9,-8422.26,19660.1,2357.18,-172.421,-5005.77
341.6,5.88898,44935.0,-6570.92,17818.8,2289.65,-98.1938,-4986.88
341.7,5.88925,45117.1,-7050.25,15239.0,2249.16,8.24088,-5078.82
341.8,5.89167,45057.0,-8293.09,14007.9,2246.58,83.7812,-5193.68
341.9,5.87315,44975.8,-8813.25,15045.5,2266.42,56.1548,-5144.31
342.0,5.8458,44991.0,-10373.0,19194.2,2321.39,13.0734,-4998.67
342.1,5.83103,45053.3,-13964.3,24999.9,2432.6,-63.745,-5002.69
342.2,5.85428,45182.9,-19877.6,30620.4,2555.96,-125.54,-5091.65
342.3,5.90229,45202.4,-25889.3,34458.9,2635.76,-167.084,-5099.12
342.4,5.93153,45110.4,-31628.4,35850.6,2669.66,-128.285,-5030.88
342.5,5.93615,45048.6,-38050.4,34661.1,2672.83,-44.127,-5081.29
342.6,5.93546,45023.0,-44793.0,32416.0,2640.19,61.8877,-5246.83
342.7,5.94447,45046.9,-51168.6,29641.1,2624.67,114.546,-5301.06
342.8,5.96107,45053.7,-53965.8,26064.4,2554.03,123.541,-5258.63
342.9,5.97085,44979.7,-54425.2,22078.2,2518.24,157.974,-5210.96
343.0,5.95029,44803.0,-51687.6,16982.0,2495.88,149.738,-5239.59
343.1,5.91535,44771.0,-45452.9,11236.4,2501.92,125.151,-5206.46
343.2,5.89198,44870.2,-38037.0,5856.72,2503.37,103.548,-5004.72
343.3,5.86808,45003.5,-31529.1,483.76,2488.05,65.8479,-4849.9
343.4,5.8678,45098.1,-26141.0,-4461.53,2477.3,87.4146,-4884.2
343.5,5.88328,45109.9,-21723.7,-7237.87,2486.78,172.579,-4906.06
343.6,5.88804,45062.7,-17004.8,-7601.29,2471.03,219.17,-4858.92
343.7,5.89226,45077.4,-16764.8,-5709.06,2466.54,201.453,-4805.89
343.8,5.89206,45051.0,-20297.4,-2821.64,2468.34,146.423,-4975.89
343.9,5.89236,45083.4,-24499.2,-1087.92,2441.48,117.825,-5171.73
344.0,5.91294,45146.3,-25074.4,-34.5823,2376.49,146.972,-5156.17
344.1,5.93445,45107.2,-22448.4,1711.46,2320.25,132.104,-5021.22
344.2,5.95107,45118.9,-20746.5,4379.62,2339.76,43.0581,-5002.56
344.3,5.97219,45044.7,-19935.3,7987.27,2373.73,-23.6191,-5116.23
344.4,5.96492,44880.8,-16452.1,11094.2,2383.52,-22.9757,-5110.39
344.5,5.94489,44851.3,-10257.2,12552.2,2423.07,47.5261,-4909.63
344.6,5.92551,44876.2,-6216.32,12321.8,2432.09,101.16,-4755.44
344.7,5.9019,44939.8,-7340.58,11382.6,2431.97,139.694,-4839.88
344.8,5.88336,45044.3,-10615.5,9910.25,2461.33,141.242,-5031.42
344.9,5.87598,45044.2,-10934.0,9017.24,2464.48,129.27,-5090.56
345.0,5.8618,45011.5,-9734.72,9390.8,2452.96,97.6588,-5049.11
345.1,5.84988,45049.6,-11612.7,10819.5,2489.92,32.0115,-5121.58
345.2,5.85085,45070.9,-15776.0,13521.9,2521.4,-4.18275,-5349.76
345.3,5.85366,45073.9,-17509.7,16427.5,2540.6,-19.8943,-5424.23
345.4,5.8674,45126.8,-14945.6,19049.4,2550.9,3.084,-5215.26
345.5,5.88632,45099.3,-11764.2,22008.1,2536.72,41.5555,-4989.4
345.6,5.89114,45066.1,-12482.7,25226.4,2542.4,44.6134,-4986.51
345.7,5.89306,45064.2,-15799.5,27975.8,2524.66,-8.22488,-5086.91
345.8,5.8891,45043.5,-17147.9,28833.8,2503.37,-92.6994,-5086.48
345.9,5.88562,45066.9,-16156.4,26008.1,2509.62,-141.011,-5014.32
346.0,5.89258,45093.4,-17162.9,19099.9,2518.4,-115.311,-5033.46
346.1,5.89961,45074.3,-20445.5,10410.9,2523.0,-13.6623,-5223.09
346.2,5.89857,45062.2,-23010.6,3035.81,2522.21,105.816,-5309.56
346.3,5.89982,45070.9,-23618.8,-591.027,2531.23,153.608,-5151.7
346.4,5.89841,45051.2,-23172.9,-483.493,2532.52,98.7562,-4988.12
346.5,5.89134,45042.4,-24085.1,563.789,2539.09,-0.369844,-4962.5
346.6,5.88268,45035.8,-24460.6,-65.1079,2575.6,-63.6856,-4967.53
346.7,5.8664,45009.9,-23036.0,-2703.07,2590.11,-47.6425,-4837.18
346.8,5.85038,45028.7,-20686.6,-5595.57,2576.84,-25.7121,-4732.3
346.9,5.85163,45095.7,-19283.3,-6079.39,2565.73,-62.5439,-4842.38
347.0,5.87902,45161.8,-18687.5,-2869.37,2555.03,-136.869,-5041.19
347.1,5.90648,45119.4,-17051.7,324.957,2504.73,-299.052,-5070.17
347.2,5.92326,45104.5,-13565.7,1351.44,2476.53,-294.088,-5012.97
347.3,5.92485,45027.8,-11105.2,-1005.45,2482.31,-167.729,-4965.73
347.4,5.91483,45048.8,-9597.43,-4359.29,2530.81,-10.9445,-4989.44
347.5,5.92318,45109.8,-9330.31,-5064.29,2557.0,37.0485,-4930.94
347.6,5.93081,45070.7,-7548.75,-1794.4,2541.05,-88.816,-4876.43
347.7,5.92623,45055.0,-5767.23,2072.61,2517.3,-293.363,-4862.14
347.8,5.93105,45083.4,-4219.31,4526.73,2522.52,-331.836,-4928.05
347.9,5.92288,45019.0,-2213.76,4379.28,2502.24,-245.975,-5006.38
348.0,5.91731,45078.9,-1462.64,3126.26,2516.07,-136.367,-4989.62
348.1,5.94029,45149.2,-1848.29,4396.78,2575.38,-77.931,-4996.65
348.2,5.95882,45094.9,-3154.55,8986.38,2644.15,-110.127,-5050.1
348.3,5.96409,44959.3,-3898.82,14318.9,2690.58,-194.695,-5058.97
348.4,5.95179,44773.1,-4600.73,18076.8,2714.93,-246.616,-4966.42
348.5,5.91269,44671.8,-5382.01,18193.8,2720.26,-238.41,-4913.69
348.6,5.89771,44832.7,-5998.39,15266.4,2698.34,-178.951,-4961.34
348.7,5.925,45035.9,-5847.17,13100.7,2676.86,-97.0097,-4991.48
348.8,5.96473,45068.9,-4447.99,13444.2,2658.74,-107.611,-4961.98
348.9,5.99935,44935.7,-3363.55,16188.3,2645.56,-200.978,-4957.28
349.0,6.00565,44661.7,-3770.12,19465.7,2644.73,-266.43,-5018.53
349.1,5.98369,44502.2,-3622.31,19581.4,2630.18,-274.526,-5069.85
349.2,5.97255,44599.6,-2643.16,15482.2,2649.78,-203.857,-4968.87
349.3,5.98362,44737.6,-2529.6,9530.68,2694.82,-76.6026,-4814.9
349.4,6.00193,44794.7,-4216.07,4454.59,2773.79,15.7914,-4820.17
349.5,6.02346,44708.7,-7380.37,2268.76,2848.79,-3.64925,-4912.51
349.6,6.02172,44475.8,-9081.45,2862.81,2887.39,-96.8948,-4945.54
349.7,6.00324,44347.0,-8392.61,3227.59,2897.99,-169.047,-4930.62
349.8,6.00863,44407.6,-7416.64,1230.42,2887.64,-166.02,-4948.85
349.9,6.03915,44513.8,-8266.97,-2189.82,2901.6,-48.6825,-5021.23
350.0,6.07553,44477.7,-9015.41,-4729.44,2911.15,75.364,-5076.37
350.1,6.10072,44287.7,-9629.3,-3310.72,2950.71,115.054,-5028.86
350.2,6.09478,44028.1,-9535.44,2297.79,2960.29,44.9905,-4983.91
350.3,6.06882,43861.7,-11614.1,8119.31,2923.02,-102.624,-4945.4
350.4,6.05166,43924.1,-14530.5,10912.8,2934.63,-129.928,-4952.74
350.5,6.06067,44058.7,-16544.2,9479.02,2935.14,-20.9072,-4913.84
350.6,6.08362,44127.4,-16148.1,5575.23,2914.68,76.6373,-4861.04
350.7,6.10176,44027.9,-12930.6,2444.67,2866.11,53.9195,-4858.63
350.8,6.10278,43893.7,-9951.03,1740.12,2852.25,0.908875,-4899.4
350.9,6.10696,43856.2,-7690.23,2380.94,2847.31,-31.8521,-4957.34
351.0,6.12072,43886.2,-5577.19,2102.73,2853.38,-28.2401,-5006.03
351.1,6.14467,43897.7,-4919.28,236.29,2875.43,56.4377,-4952.97
351.2,6.16624,43816.4,-4750.88,-2280.53,2929.43,176.103,-4891.09
351.3,6.17349,43629.2,-4802.92,-3140.27,2943.84,244.513,-4845.61
351.4,6.17313,43494.3,-5266.35,-795.81,2963.39,177.296,-4798.73
351.5,6.17649,43418.8,-5605.56,4058.94,2939.95,6.64437,-4787.42
351.6,6.19112,43402.0,-6976.0,8817.77,2907.77,-143.246,-4839.36
351.7,6.21442,43366.8,-8676.72,11212.7,2918.53,-168.069,-4960.63
351.8,6.24125,43259.1,-10805.2,10568.5,2967.34,-123.556,-5047.32
351.9,6.25156,43090.7,-12303.9,8850.5,3014.94,-33.8872,-5101.66
352.0,6.24396,42927.2,-13090.2,7888.13,3037.0,40.8819,-5133.23
352.1,6.23617,42892.7,-13980.8,8292.69,3072.73,62.0348,-5122.28
352.2,6.24295,42942.0,-13504.7,8246.68,3093.64,21.47,-5080.95
352.3,6.26777,42964.6,-11776.2,6585.99,3087.15,-0.1365,-4980.8
352.4,6.28192,42820.4,-9560.91,3131.08,3065.8,14.6995,-4899.8
352.5,6.27271,42633.8,-7421.59,-1790.22,2997.34,-14.7703,-4888.66
352.6,6.26877,42594.4,-5679.7,-5402.26,2922.07,-23.1877,-4912.59
352.7,6.28817,42671.8,-3603.8,-6844.85,2903.64,-65.2005,-4929.83
352.8,6.3298,42726.8,-1804.5,-6437.95,2844.46,-94.1318,-4924.42
352.9,6.37041,42597.7,-269.86,-4564.38,2823.15,-67.032,-4961.04
353.0,6.376,42303.4,422.41,-2864.17,2835.14,-48.5074,-4967.09
353.1,6.36556,42152.6,1591.25,-1683.71,2850.06,-7.09125,-4932.73
353.2,6.3621,42110.7,1478.62,-520.934,2855.31,-10.056,-4819.51
353.3,6.37153,42166.2,1734.03,1091.67,2832.74,-60.4595,-4804.55
353.4,6.40704,42211.0,542.208,3499.34,2815.15,-142.466,-4850.85
353.5,6.43955,42053.0,-975.205,6791.53,2808.05,-239.687,-4928.4
353.6,6.45298,41845.9,-3273.48,9901.09,2823.09,-298.435,-4989.69
353.7,6.46185,41688.3,-5903.5,11594.3,2826.38,-316.844,-5054.41
353.8,6.47561,41630.6,-8695.18,12268.5,2878.7,-238.177,-5126.36
353.9,6.49545,41585.6,-9321.16,12515.2,2893.37,-117.751,-5148.87
354.0,6.51831,41503.4,-9111.03,13353.4,2898.24,-65.7656,-5069.28
354.1,6.52647,41315.1,-7591.8,14543.5,2889.54,-128.035,-5022.77
354.2,6.51768,41151.0,-8807.13,14945.6,2891.74,-201.49,-4966.91
354.3,6.51625,41101.1,-8162.36,13971.9,2910.25,-237.81,-5031.51
354.4,6.51921,41092.3,-6972.87,11808.8,2903.67,-239.604,-5007.63
354.5,6.53559,41096.0,-6432.4,9631.5,2884.49,-238.546,-4918.04
354.6,6.54883,41030.1,-8306.7,8254.5,2845.7,-250.617,-4942.99
354.7,6.55634,40946.4,-11785.6,6921.19,2799.47,-248.424,-5052.64
354.8,6.5754,40947.2,-14589.8,5784.39,2801.69,-156.119,-5067.49
354.9,6.59618,40859.5,-15799.8,4514.86,2759.57,-69.5835,-4964.01
355.0,6.60468,40822.2,-16452.9,3715.63,2702.6,-35.7673,-4911.12
355.1,6.61089,40831.4,-19286.9,4559.85,2695.32,-22.4932,-4950.25
355.2,6.61591,40815.0,-20323.3,6682.13,2672.55,-92.7455,-5035.85
355.3,6.62423,40864.3,-18118.8,8025.46,2665.84,-232.619,-5018.02
355.4,6.65436,40909.5,-12670.3,7652.44,2657.05,-322.237,-4933.33
355.5,6.67933,40863.6,-8372.13,5473.66,2641.03,-296.297,-4872.19
355.6,6.70308,40891.4,-5292.09,2327.78,2630.37,-219.107,-4933.42
355.7,6.72959,40878.5,-1182.79,-210.841,2623.87,-177.236,-4950.06
355.8,6.74384,40817.7,3367.03,-1161.25,2562.33,-136.483,-4791.09
355.9,6.7474,40820.0,8094.68,-1157.04,2521.37,-98.8498,-4734.98
356.0,6.74816,40807.3,9984.41,-527.923,2534.89,-60.8731,-4820.43
356.1,6.73407,40735.3,8120.8,-199.357,2516.73,-88.406,-4856.94
356.2,6.70584,40734.7,6652.4,-555.755,2460.8,-147.415,-4890.65
356.3,6.68292,40750.9,5992.66,-901.936,2379.75,-169.341,-4909.78
356.4,6.67623,40807.9,5142.53,-577.828,2311.37,-194.378,-4904.9
356.5,6.69759,40921.5,1838.14,1184.85,2287.71,-193.982,-4897.04
356.6,6.73518,40900.1,-1731.4,5720.42,2285.1,-138.546,-5001.93
356.7,6.74459,40785.2,-3227.12,10848.5,2309.73,-172.137,-5090.69
356.8,6.73901,40799.6,-3486.16,15439.9,2316.47,-145.908,-5001.28
356.9,6.73199,40769.1,-3185.13,18817.9,2325.28,-75.7125,-4936.06
357.0,6.71859,40796.5,-5326.91,19895.2,2349.38,-20.9867,-5002.49
357.1,6.73531,40899.7,-6915.31,17702.6,2318.68,-74.217,-5114.05
357.2,6.76526,40896.3,-5058.98,14841.5,2289.71,-52.6625,-5109.44
357.3,6.78646,40852.6,-1080.75,11981.6,2287.85,-18.087,-4994.52
357.4,6.79562,40829.2,-75.0437,10078.5,2256.02,-39.3338,-4942.15
357.5,6.79975,40801.8,-4155.0,10421.6,2293.73,-48.3035,-5046.46
357.6,6.78347,40735.2,-9021.74,10215.0,2290.84,-76.9649,-5129.71
357.7,6.76962,40791.6,-10119.7,8033.78,2284.18,-32.3133,-5042.4
357.8,6.75595,40746.2,-9801.12,4618.48,2260.79,102.82,-4860.81
357.9,6.72482,40722.6,-12035.9,2058.52,2272.49,235.943,-4862.13
358.0,6.70787,40780.8,-16479.6,1535.68,2319.02,178.605,-5033.9
358.1,6.69949,40799.3,-17485.0,3954.7,2304.01,37.7561,-5152.26
358.2,6.69915,40814.2,-14045.9,6641.5,2267.92,-98.2814,-5041.06
358.3,6.71162,40859.1,-9860.47,7027.48,2227.66,-187.453,-4916.51
358.4,6.72805,40853.0,-9689.08,5021.76,2177.12,-163.265,-4948.24
358.5,6.74306,40849.6,-10399.9,1996.16,2165.62,-73.7976,-5061.96
358.6,6.76094,40860.0,-8149.05,181.849,2114.17,3.246,-4974.82
358.7,6.77368,40833.1,-3158.98,63.5133,2072.8,-21.6635,-4778.12
358.8,6.78169,40830.6,312.807,644.843,2064.26,-79.9277,-4748.68
358.9,6.78744,40821.7,-739.446,812.232,2111.16,-74.4789,-4882.48
359.0,6.77985,40762.9,-960.215,-67.4053,2101.81,-51.3485,-5007.62
359.1,6.7632,40764.1,1617.9,-909.484,2082.02,-54.104,-4940.86
359.2,6.75624,40797.9,4420.78,-180.898,2037.39,-114.7,-4822.6
359.3,6.75836,40827.3,3050.15,2851.81,2032.72,-185.432,-4881.32
359.4,6.76773,40834.3,-192.767,6684.78,2065.22,-284.599,-5074.93
359.5,6.77025,40800.5,-1373.82,10820.1,2100.91,-275.692,-5118.23
359.6,6.74449,40688.9,20.5417,13296.2,2104.82,-245.337,-4959.17
359.7,6.70477,40711.6,-143.34,14739.3,2115.49,-145.392,-4869.58
359.8,6.68261,40766.3,-3641.22,15636.9,2116.16,-90.1594,-4969.92
359.9,6.68518,40857.0,-8851.77,16711.0,2127.4,-95.1803,-5058.09
360.0,6.71419,40921.8,-9959.28,17313.2,2152.97,-177.279,-5052.74
360.1,6.74236,40867.4,-8072.78,16373.2,2154.19,-267.1,-4989.66
360.2,6.75044,40803.4,-8260.12,14376.8,2133.57,-246.228,-4955.35
360.3,6.74591,40783.3,-11545.5,11125.5,2130.26,-231.325,-5017.36
360.4,6.7582,40883.4,-15081.2,8513.46,2160.41,-185.063,-5070.84
360.5,6.79115,40907.4,-15539.8,7165.33,2145.84,-149.514,-4992.96
360.6,6.8109,40837.5,-14187.7,6000.84,2118.3,-185.389,-4838.16
360.7,6.80325,40746.3,-16014.9,4173.96,2089.13,-208.676,-4741.73
360.8,6.76391,40665.5,-19782.9,1375.83,2050.07,-177.164,-4833.22
360.9,6.71316,40674.8,-22029.9,-2736.21,2000.31,-167.776,-4921.78
361.0,6.697,40816.8,-21034.5,-7081.83,1961.24,-207.19,-4837.25
361.1,6.71355,40899.8,-19093.6,-8714.29,1954.85,-180.572,-4742.37
361.2,6.73692,40856.4,-20574.6,-7635.22,2014.24,-199.37,-4814.18
361.3,6.74162,40796.3,-25289.5,-4646.4,2081.8,-276.909,-4973.05
361.4,6.72761,40748.0,-28227.8,-1106.36,2134.98,-305.593,-5025.03
361.5,6.70898,40765.5,-26393.2,788.946,2135.92,-288.22,-4912.99
361.6,6.71799,40876.3,-22019.1,-697.524,2093.0,-304.67,-4771.32
361.7,6.75551,40941.4,-18062.5,-3974.1,2041.91,-276.123,-4744.21
361.8,6.78601,40870.4,-13816.1,-7410.16,2025.78,-221.085,-4797.85
361.9,6.79622,40819.1,-7834.69,-9505.85,2005.3,-197.176,-4782.88
362.0,6.78718,40738.6,-1696.39,-9532.26,1937.4,-230.885,-4674.03
362.1,6.75963,40720.8,2709.23,-8134.5,1876.0,-264.711,-4683.84
362.2,6.74622,40796.7,4217.09,-6699.39,1836.16,-248.643,-4785.96
362.3,6.74212,40791.0,3707.28,-5021.45,1788.12,-175.514,-4800.32
362.4,6.72286,40734.9,2883.79,-3095.83,1821.67,-147.782,-4753.69
362.5,6.69393,40718.7,1000.31,-536.755,1866.25,-192.403,-4781.94
362.6,6.65876,40705.4,-1270.52,2324.33,1854.94,-266.613,-4911.3
362.7,6.63625,40787.1,-1349.42,4426.53,1876.51,-315.581,-5025.51
362.8,6.65321,40910.3,894.341,5213.55,1866.1,-313.226,-4978.43
362.9,6.69233,40924.0,4297.29,4936.15,1848.5,-287.357,-4894.74
363.0,6.71763,40862.3,6556.78,3681.77,1844.36,-252.046,-4898.86
363.1,6.73025,40823.6,7917.37,1589.7,1859.98,-182.975,-4908.38
363.2,6.72931,40786.1,9766.78,-28.4823,1860.72,-66.1391,-4808.8
363.3,6.72132,40789.1,10495.1,-1361.51,1880.44,-18.4939,-4682.68
363.4,6.72227,40821.6,7328.04,-2334.95,1856.22,-45.6011,-4680.8
363.5,6.71741,40775.8,2509.85,-3555.92,1803.6,-98.4265,-4853.72
363.6,6.69687,40740.1,-1038.24,-5447.82,1763.58,-89.7728,-4973.77
363.7,6.67077,40716.8,-2134.01,-7765.34,1710.27,-76.0165,-4942.54
363.8,6.63701,40707.5,-4954.58,-9080.21,1644.74,-66.036,-4899.91
363.9,6.60778,40743.6,-8384.0,-9428.38,1586.14,-82.2337,-5052.79
364.0,6.59802,40800.6,-11948.0,-9103.41,1562.77,-61.123,-5095.71
364.1,6.59729,40804.8,-10312.4,-8425.68,1567.34,11.998,-4958.64
364.2,6.59003,40780.7,-6968.91,-7123.19,1611.75,116.623,-4733.84
364.3,6.57078,40727.7,-5567.25,-4804.87,1606.8,135.629,-4686.91
364.4,6.53628,40709.6,-5659.51,-2538.27,1586.3,27.901,-4834.43
364.5,6.52527,40818.2,-4128.82,-976.669,1556.38,-63.9735,-4899.89
364.6,6.54347,40887.1,225.43,-108.856,1524.14,-93.0547,-4810.98
364.7,6.57166,40898.1,2599.09,-200.029,1546.87,-123.897,-4760.41
364.8,6.60174,40883.6,2334.48,491.826,1578.73,-121.369,-4954.93
364.9,6.60454,40762.3,2899.2,2368.12,1593.51,-129.044,-5134.54
365.0,6.58577,40743.8,7327.64,4772.53,1628.59,-138.609,-5011.39
365.1,6.57208,40773.5,12700.6,6786.7,1644.4,-143.989,-4750.2
365.2,6.55095,40735.6,12863.1,7876.43,1679.25,-117.151,-4691.52
365.3,6.51791,40704.0,9001.04,7849.27,1673.74,-60.4141,-4858.59
365.4,6.47681,40678.2,5693.56,7560.06,1691.74,-67.1974,-4926.18
365.5,6.42145,40641.5,7849.06,6875.54,1657.92,-166.766,-4891.46
365.6,6.38492,40881.7,11248.3,5280.89,1640.76,-255.115,-4897.7
365.7,6.37752,41122.3,11779.1,2595.15,1617.93,-251.959,-5047.03
365.8,6.38708,41323.7,11775.6,-1010.65,1636.72,-186.837,-5210.17
365.9,6.40768,41426.2,14881.8,-4209.49,1658.04,-107.073,-5142.34
366.0,6.42027,41379.5,18886.6,-5256.76,1679.66,-67.668,-4851.88
366.1,6.41226,41321.8,20816.5,-5015.87,1658.46,-115.581,-4698.91
366.2,6.40873,41389.6,20307.7,-4163.41,1645.3,-137.722,-4775.21
366.3,6.42238,41483.6,21036.6,-2881.33,1658.44,-119.123,-4827.27
366.4,6.42856,41499.2,25054.9,-1866.46,1576.13,-131.895,-4714.31
366.5,6.43908,41511.3,28235.8,458.698,1523.09,-168.707,-4660.82
366.6,6.43387,41420.8,26036.5,4499.23,1500.02,-251.551,-4815.65
366.7,6.42439,41460.5,21184.6,9725.82,1499.59,-306.006,-5055.49
366.8,6.41938,41494.6,17752.8,15003.3,1475.43,-356.405,-5070.99
366.9,6.39513,41488.5,14416.0,19736.6,1477.44,-359.607,-4873.91
367.0,6.35689,41550.6,8551.2,22715.0,1502.64,-326.008,-4793.55
367.1,6.32066,41629.2,-78.972,25033.7,1531.38,-254.45,-4903.6
367.2,6.27048,41711.6,-5754.46,25992.0,1566.31,-274.802,-4991.63
367.3,6.24388,41957.8,-6449.54,25762.6,1595.63,-310.711,-4870.74
367.4,6.23959,42126.9,-6734.35,25060.0,1596.72,-322.345,-4751.4
367.5,6.23742,42223.8,-10301.3,23684.0,1650.08,-324.794,-4922.43
367.6,6.25273,42327.1,-14489.3,22086.0,1707.13,-346.204,-5202.39
367.7,6.26817,42345.2,-12982.8,21100.5,1766.64,-373.577,-5262.68
367.8,6.28242,42374.6,-7720.17,20619.5,1845.88,-366.747,-5054.44
367.9,6.29744,42401.6,-2573.47,20352.9,1892.69,-368.823,-4986.95
368.0,6.2983,42362.5,-2266.66,20344.6,1936.54,-350.887,-5063.12
368.1,6.28455,42350.2,-1567.24,20032.0,1929.16,-324.176,-5078.11
368.2,6.27145,42403.6,3864.04,19766.9,1903.28,-305.608,-4931.6
368.3,6.24963,42410.2,7546.74,19513.4,1830.93,-340.284,-4682.31
368.4,6.22053,42480.1,9344.89,18509.1,1780.23,-405.984,-4814.92
368.5,6.20418,42601.6,8547.7,16378.5,1764.54,-422.529,-5082.57
368.6,6.18413,42676.0,10126.6,12744.4,1756.55,-396.996,-5123.03
368.7,6.16213,42777.8,14708.6,8524.4,1778.34,-305.218,-4990.1
368.8,6.15584,42908.2,15726.8,5918.38,1871.48,-193.296,-4926.98
368.9,6.14662,42963.1,13273.3,4939.27,1930.79,-177.175,-5052.7
369.0,6.1489,43068.1,13285.1,5465.39,1959.1,-195.715,-5103.7
369.1,6.15851,43085.5,18006.0,7175.2,1945.45,-206.224,-4847.55
369.2,6.16494,43088.1,22683.7,9655.33,1901.75,-211.986,-4580.58
369.3,6.18596,43116.7,21410.3,12778.3,1855.51,-284.152,-4636.16
369.4,6.2055,43087.0,15484.3,17104.0,1826.2,-350.063,-4902.23
369.5,6.22035,43045.6,10301.1,20630.6,1833.92,-414.679,-5006.13
369.6,6.22924,43013.8,8482.54,21886.4,1790.91,-421.762,-4936.68
369.7,6.22742,42974.0,5450.08,21278.2,1769.24,-290.059,-4939.57
369.8,6.21335,42976.1,445.083,19963.0,1802.91,-112.868,-5139.1
369.9,6.20417,43045.3,-4839.01,19782.2,1859.03,-15.6734,-5222.07
370.0,6.17848,43027.8,-7033.87,21555.4,1878.72,-49.6084,-5080.68
370.1,6.1388,43042.7,-7309.38,24199.9,1888.06,-147.711,-4947.89
370.2,6.09675,43129.3,-8301.29,25753.0,1877.18,-233.635,-4976.8
370.3,6.06657,43283.1,-10152.9,25120.1,1868.56,-261.65,-5057.92
370.4,6.04945,43462.6,-11018.7,22273.3,1866.98,-251.479,-5023.52
370.5,6.05203,43621.8,-11279.1,18280.6,1894.46,-210.218,-4964.95
370.6,6.07222,43734.4,-13815.2,15773.9,1928.14,-65.81,-5013.02
370.7,6.08525,43673.5,-16863.5,14436.3,1903.92,5.83075,-5158.18
370.8,6.08877,43636.7,-18871.5,14147.7,1895.17,43.9458,-5187.21
370.9,6.08656,43600.0,-17645.8,13835.3,1867.81,73.8542,-5085.28
371.0,6.07694,43627.5,-15336.3,13648.6,1824.35,151.888,-5012.96
371.1,6.06921,43702.2,-13925.0,14087.0,1802.18,165.628,-5011.94
371.2,6.06738,43781.3,-13640.3,16179.5,1825.28,61.05,-4973.98
371.3,6.061,43822.0,-11863.7,19383.9,1832.62,-103.527,-4925.09
371.4,6.05381,43860.2,-9727.6,22373.9,1848.36,-202.854,-4864.77
371.5,6.04425,43903.3,-7970.44,23382.2,1889.99,-227.731,-4858.34
371.6,6.03962,43985.7,-8821.72,22162.5,1919.33,-142.445,-4856.2
371.7,6.03198,44003.9,-10477.9,19681.0,1917.09,-18.2805,-4901.2
371.8,6.01024,44002.2,-11392.8,16905.2,1941.53,60.8481,-4963.94
371.9,5.98781,44051.7,-10610.3,13695.4,1968.37,53.5164,-5009.62
372.0,5.96875,44105.9,-9619.73,10979.0,1980.72,64.9638,-5025.27
372.1,5.94445,44152.8,-8224.59,8756.99,1981.51,54.054,-5079.96
372.2,5.9286,44270.1,-5278.7,7113.5,1981.3,-21.0267,-5139.55
372.3,5.93374,44422.3,-1858.04,7583.39,1965.89,-86.3382,-5065.45
372.4,5.94807,44525.0,872.174,9727.17,1984.06,-168.411,-4956.84
372.5,5.9668,44582.2,-729.932,11670.4,2003.17,-265.266,-4902.25
372.6,5.98568,44609.6,-3481.35,13012.4,2019.54,-238.827,-5015.52
372.7,5.98975,44560.6,-5150.87,13437.4,1993.28,-111.943,-5087.01
372.8,5.97573,44557.3,-4934.4,12747.9,1965.65,-29.5186,-5057.68
372.9,5.9667,44625.0,-5910.92,11683.9,1932.35,-13.5564,-5078.71
373.0,5.95739,44714.8,-7388.88,11110.7,1931.32,21.7677,-5286.26
373.1,5.95226,44765.6,-7043.91,10251.1,1929.97,2.2235,-5411.12
373.2,5.94633,44788.6,-5111.07,9927.08,1965.31,-39.7178,-5228.27
373.3,5.93688,44763.6,-3684.3,11016.4,2008.96,-73.177,-5019.37
373.4,5.92703,44802.3,-6517.75,13601.8,2078.5,-116.02,-4987.8
373.5,5.9324,44883.8,-9989.82,16906.9,2159.16,-193.329,-5056.67
373.6,5.94075,44894.7,-10228.6,19428.6,2173.59,-259.608,-4968.0
373.7,5.93695,44845.3,-7819.66,20166.3,2142.4,-233.065,-4811.9
373.8,5.92563,44802.6,-7972.29,18962.0,2165.12,-151.219,-4843.09
373.9,5.91189,44784.3,-11172.8,16870.3,2152.82,-99.0072,-5059.75
374.0,5.90113,44849.8,-13493.9,14653.8,2110.75,-128.75,-5176.29
374.1,5.90576,44941.8,-13555.5,12985.3,2077.0,-171.947,-5046.24
374.2,5.91794,45001.6,-12026.0,10917.1,2109.67,-244.16,-4956.06
374.3,5.93363,45011.2,-11592.8,8228.76,2160.97,-277.74,-4989.18
374.4,5.94344,44961.7,-10112.8,6531.33,2193.71,-234.109,-5011.66
374.5,5.9304,44872.7,-4459.38,6427.17,2181.2,-242.933,-4909.46
374.6,5.91647,44932.9,1326.71,7824.08,2166.09,-313.958,-4729.26
374.7,5.91533,45037.8,3895.21,9916.04,2154.76,-369.719,-4726.36
374.8,5.9194,45092.7,2809.87,11104.1,2177.69,-348.863,-4885.49
374.9,5.9222,45060.2,586.831,10496.5,2184.54,-298.788,-4957.59
375.0,5.90868,44963.1,-1531.3,9279.86,2194.15,-260.531,-4914.85
375.1,5.88232,44900.6,-4190.59,7543.26,2187.96,-296.732,-4951.84
375.2,5.8743,45027.2,-8501.64,5669.84,2215.79,-312.876,-5083.67
375.3,5.89545,45155.7,-11457.3,3978.6,2239.29,-280.089,-5170.99
375.4,5.91927,45127.6,-11311.0,2804.68,2242.98,-208.665,-5120.0
375.5,5.9289,45056.3,-8737.99,2716.3,2226.06,-150.197,-5036.65
375.6,5.91197,44902.4,-6602.57,4589.21,2205.46,-105.043,-5003.3
375.7,5.88902,44920.8,-4447.76,8119.55,2236.39,-87.9723,-5021.88
375.8,5.89242,45089.5,-1801.87,12082.5,2276.27,-130.485,-4965.78
375.9,5.91482,45135.4,1720.87,15684.4,2302.15,-192.428,-4882.81
376.0,5.93507,45120.7,3786.57,18253.4,2380.76,-217.029,-4871.56
376.1,5.95058,45099.5,2698.53,20578.3,2477.68,-185.123,-4946.69
376.2,5.96086,44998.2,-666.78,23691.9,2571.11,-176.343,-5050.78
376.3,5.96572,44941.7,-4717.13,27133.5,2584.12,-238.097,-5111.9
376.4,5.9759,44936.8,-8054.56,29923.4,2550.13,-261.648,-5147.3
376.5,5.97581,44855.3,-10602.4,29792.2,2484.06,-234.261,-5166.57
376.6,5.97156,44828.6,-11349.8,27277.6,2445.86,-94.2022,-5181.48
376.7,5.96265,44760.3,-10229.8,24256.9,2407.43,10.4831,-5142.86
376.8,5.94162,44699.1,-8061.69,23378.7,2400.56,26.471,-5076.67
376.9,5.9244,44725.5,-4870.67,24865.8,2388.0,-75.0367,-5064.62
377.0,5.9122,44781.4,-2097.24,26706.4,2372.14,-209.689,-5053.58
377.1,5.90757,44872.5,313.751,26786.0,2366.05,-212.371,-5012.4
377.2,5.91642,44950.7,1445.02,24844.8,2372.5,-108.701,-4995.31
377.3,5.92625,44992.8,1958.9,22534.8,2393.93,3.59536,-5077.32
377.4,5.94459,44998.9,1571.95,22141.0,2370.44,60.6371,-5142.45
377.5,5.95125,44925.9,2210.06,23783.9,2311.17,26.2882,-5166.2
377.6,5.9611,44906.4,2129.21,26114.5,2274.91,-12.8595,-5143.96
377.7,5.9777,44897.5,1870.01,27516.5,2243.46,-20.5257,-5163.27
377.8,5.99236,44817.0,683.476,26961.6,2250.59,-23.7096,-5162.5
377.9,5.99694,44713.2,1443.24,24705.1,2271.21,-31.3216,-5132.12
378.0,6.00121,44630.7,2445.58,22508.3,2286.9,-10.969,-5026.35
378.1,6.00177,44579.7,2754.41,21776.0,2316.27,14.9452,-4963.72
378.2,6.00499,44548.6,1870.98,22071.2,2331.36,-12.3073,-4976.12
378.3,5.99936,44486.9,1181.18,22884.8,2309.59,-19.7585,-5018.87
378.4,5.97865,44412.0,-367.312,23302.1,2307.16,40.7,-4983.37
378.5,5.94746,44407.3,-2192.45,22578.2,2302.08,88.5878,-4991.7
378.6,5.92243,44493.0,-4145.88,21505.2,2305.36,76.5638,-5104.2
378.7,5.90391,44604.5,-5528.06,21026.3,2305.12,23.8808,-5168.59
378.8,5.89896,44748.1,-5652.01,21203.0,2325.58,-35.6307,-5137.4
378.9,5.90879,44835.7,-5344.27,21584.4,2326.89,-94.0462,-5097.43
379.0,5.91979,44866.5,-5709.39,21769.0,2333.12,-95.9656,-5101.04
379.1,5.93816,44876.8,-6692.42,21994.8,2334.03,-39.4655,-5084.69
379.2,5.95373,44860.4,-6473.48,22491.5,2311.11,-6.90375,-5040.45
379.3,5.96744,44851.2,-5807.69,23007.5,2262.91,-11.6986,-4981.22
379.4,5.99161,44863.5,-5916.75,23247.5,2264.84,-22.1378,-4997.94
379.5,6.00854,44802.9,-7088.1,23001.8,2275.99,-9.76375,-5087.94
379.6,6.02223,44712.3,-8891.65,22812.4,2305.26,6.7825,-5174.11
379.7,6.02484,44597.6,-10417.4,23465.9,2356.72,-28.6618,-5219.29
379.8,6.02124,44523.6,-12205.9,24964.5,2402.21,-81.7883,-5207.95
379.9,6.01176,44441.7,-14013.2,25855.0,2375.64,-151.621,-5157.94
380.0,6.00049,44462.4,-13697.0,25752.9,2357.71,-140.782,-5114.08
380.1,6.00025,44490.5,-12521.4,25076.2,2348.79,-66.2961,-4988.09
380.2,5.99613,44463.7,-11041.8,24440.0,2338.14,-51.0966,-4888.8
380.3,5.9816,44414.3,-10292.5,24583.5,2318.85,-72.3672,-4908.79
380.4,5.95353,44340.5,-9599.34,24966.1,2282.48,-108.306,-4978.94
380.5,5.91936,44401.6,-6994.66,24574.4,2270.77,-130.193,-5029.7
380.6,5.90789,44603.5,-3341.89,23000.8,2272.19,-116.741,-5016.11
380.7,5.93174,44813.6,-310.203,21204.5,2318.56,-112.953,-5000.76
380.8,5.97042,44892.5,2646.58,19574.1,2332.37,-176.41,-5015.51
380.9,6.01405,44829.4,4239.61,18673.9,2324.35,-236.224,-4920.44
381.0,6.04767,44658.4,4579.34,18612.7,2364.91,-283.828,-4793.18
381.1,6.07398,44544.1,3759.79,18005.9,2428.1,-339.552,-4779.17
381.2,6.10896,44453.8,3024.28,16608.6,2442.51,-361.65,-4864.06
381.3,6.12885,44289.3,3421.21,15386.2,2445.15,-300.888,-4930.02
381.4,6.12781,44107.1,4806.65,14799.5,2435.37,-225.763,-4956.46
381.5,6.11726,43947.2,3500.5,15088.0,2441.4,-239.491,-4980.89
381.6,6.09397,43837.2,712.728,16651.4,2437.1,-245.255,-5108.75
381.7,6.06493,43792.7,-2739.5,17892.3,2425.66,-251.427,-5160.31
381.8,6.04379,43844.8,-4244.83,18470.3,2417.85,-258.81,-5067.59
381.9,6.03093,43914.9,-4526.94,18574.4,2429.39,-285.793,-4959.13
382.0,6.02214,43960.4,-5088.29,18533.5,2434.16,-321.099,-5001.8
382.1,6.01695,44007.9,-4938.52,19023.9,2440.99,-330.102,-5137.19
382.2,6.01404,44038.1,-1866.62,19303.1,2439.85,-348.006,-5187.36
382.3,6.01939,44094.0,1607.95,18718.4,2386.98,-328.188,-5074.21
382.4,6.04228,44168.5,3324.14,17344.0,2377.94,-244.768,-5032.6
382.5,6.08059,44195.7,2498.54,16014.9,2379.3,-120.749,-5069.28
382.6,6.12867,44128.7,1045.58,16108.5,2390.54,-48.9149,-5021.25
382.7,6.17362,43973.8,60.7553,18428.2,2451.42,-88.743,-4886.59
382.8,6.20292,43752.6,-1542.21,21429.7,2479.98,-220.346,-4834.45
382.9,6.21113,43541.6,-6336.69,23074.5,2463.46,-307.914,-4900.54
383.0,6.20012,43414.1,-8986.81,22059.1,2422.29,-289.822,-5061.88
383.1,6.19096,43410.3,-9533.79,19831.1,2374.97,-172.258,-5027.91
383.2,6.18363,43414.7,-8859.77,18763.3,2319.75,-92.6155,-4903.66
383.3,6.16905,43351.1,-8939.61,20400.8,2259.75,-97.27,-4928.1
383.4,6.1396,43269.2,-8600.09,23962.7,2225.45,-143.876,-5039.79
383.5,6.10635,43241.4,-6797.2,28019.0,2212.79,-143.611,-4970.69
383.6,6.06338,43250.3,-2408.82,30016.9,2187.37,-177.934,-4816.28
383.7,6.03184,43409.2,285.83,29912.4,2204.96,-180.23,-4757.56
383.8,6.02624,43611.5,729.305,28849.4,2247.18,-160.691,-4884.83
383.9,6.03985,43783.1,738.085,27934.7,2298.93,-169.435,-5015.75
384.0,6.07488,43876.8,2673.5,27442.5,2322.53,-239.665,-5039.19
384.1,6.11118,43825.5,4006.26,27088.4,2309.43,-272.647,-4987.34
384.2,6.13476,43700.0,2492.31,25516.5,2259.3,-233.779,-5023.22
384.3,6.15727,43652.1,-210.364,22178.9,2219.52,-154.411,-5118.54
384.4,6.18847,43639.0,-789.193,18133.1,2199.66,-68.6232,-5071.89
384.5,6.21401,43556.5,2195.51,13876.2,2170.54,-63.9127,-4909.51
384.6,6.22705,43439.2,4342.81,10289.2,2203.94,-70.7049,-4818.69
384.7,6.21575,43243.1,3768.51,8181.0,2230.56,-32.8299,-4919.97
384.8,6.17781,43116.6,4291.12,6942.3,2263.39,-22.3226,-5069.18
384.9,6.13805,43161.0,7868.28,6313.82,2274.25,-25.0535,-5035.09
385.0,6.11657,43280.7,12234.8,6756.61,2248.62,-12.4221,-4894.24
385.1,6.10114,43388.1,12739.8,8216.97,2246.38,-14.5,-4877.61
385.2,6.08646,43419.8,9603.43,8930.11,2246.59,-120.715,-4993.78
385.3,6.06868,43405.2,8060.01,9333.86,2199.4,-158.657,-5050.38
385.4,6.04657,43429.5,9347.1,8972.84,2140.07,-129.824,-4909.6
385.5,6.05148,43623.4,11512.5,8375.25,2112.45,-91.2874,-4827.59
385.6,6.09152,43766.6,10199.7,8821.23,2075.71,-70.8073,-4915.51
385.7,6.13972,43784.3,8093.34,11532.2,2117.27,-19.5875,-5082.73
385.8,6.1799,43632.8,8940.65,15868.0,2119.18,-13.2998,-5084.62
385.9,6.19694,43423.8,12299.0,20607.0,2105.22,-98.6898,-4954.38
386.0,6.19566,43313.9,13439.6,24308.0,2072.35,-173.811,-4880.83
386.1,6.20626,43362.8,12193.7,26571.2,2064.37,-189.143,-4994.82
386.2,6.2236,43410.8,10184.2,28189.1,2044.51,-194.79,-5048.46
386.3,6.23244,43344.0,8471.41,29693.6,2010.97,-242.354,-4924.2
386.4,6.21914,43202.8,5832.26,31647.2,2026.67,-281.618,-4874.88
386.5,6.18131,43075.0,2157.14,33621.5,2020.49,-231.224,-5044.3
386.6,6.13838,43090.6,-341.185,34279.7,2032.76,-171.918,-5195.47
386.7,6.10759,43211.4,218.932,34152.7,1958.97,-88.4816,-5115.73
386.8,6.09117,43340.0,1195.28,34260.0,1941.13,-29.845,-4971.01
386.9,6.07511,43395.5,176.092,35110.2,1940.49,-63.3767,-5002.02
387.0,6.06207,43408.7,-2405.57,36237.1,1961.13,-194.413,-5111.98
387.1,6.04385,43418.9,-3380.93,36942.8,1961.0,-319.763,-5082.08
387.2,6.03718,43540.7,-1445.97,36963.4,1940.93,-346.165,-4963.24
387.3,6.05411,43704.7,612.142,36302.6,1912.65,-348.159,-4924.64
387.4,6.0874,43818.2,-379.753,35630.9,1868.36,-336.681,-4948.94
387.5,6.11889,43794.1,-2062.96,35135.2,1826.27,-298.842,-4974.62
387.6,6.13072,43687.7,-1070.09,33985.8,1796.76,-271.793,-4951.98
387.7,6.1302,43620.2,480.532,31902.6,1771.02,-244.206,-4845.18
387.8,6.11894,43606.6,926.939,28719.5,1800.53,-253.807,-4843.02
387.9,6.10708,43663.7,145.216,25127.4,1851.58,-274.046,-4963.12
388.0,6.09506,43713.6,262.131,22146.3,1913.38,-296.321,-5056.86
388.1,6.07784,43732.8,1273.63,20426.3,1988.17,-341.646,-5010.25
388.2,6.05405,43733.1,3370.82,20208.7,2020.23,-373.313,-4978.35
388.3,6.0248,43722.1,4000.13,20633.5,2021.35,-406.94,-4981.92
388.4,5.99407,43805.4,4853.35,20608.5,2014.44,-401.223,-4994.12
388.5,5.98198,43948.1,6535.88,20402.7,1957.48,-317.52,-4911.42
388.6,5.97076,44003.3,7510.12,19846.0,1877.27,-289.647,-4792.95
388.7,5.95532,44081.4,6945.08,19579.3,1797.61,-284.123,-4835.71
388.8,5.94565,44145.5,3899.72,19756.4,1784.95,-293.931,-4961.44
388.9,5.9334,44229.8,3862.62,20271.3,1757.78,-283.573,-5121.05
389.0,5.93196,44399.2,4995.93,20371.0,1790.3,-277.884,-5106.28
389.1,5.95005,44559.0,6486.65,21057.7,1812.61,-248.645,-5061.42
389.2,5.96657,44647.3,7533.58,22311.1,1793.15,-230.138,-5098.71
389.3,5.98688,44707.6,8882.07,24184.0,1810.68,-242.355,-5081.5
389.4,6.00528,44703.5,11302.6,26635.4,1837.51,-287.034,-4919.21
389.5,6.01149,44678.7,14366.9,29283.4,1853.65,-309.163,-4792.71
389.6,6.00701,44619.1,15323.5,30230.2,1838.81,-370.724,-4795.25
389.7,5.99027,44586.6,14141.5,30027.2,1817.13,-341.087,-4892.77
389.8,5.96288,44566.3,14584.6,28323.7,1785.16,-279.986,-4991.93
389.9,5.93514,44610.2,15504.6,26207.3,1775.34,-211.897,-4981.03
390.0,5.91703,44681.3,14990.7,25686.5,1771.59,-143.887,-4968.41
390.1,5.89214,44696.4,12954.3,26974.6,1759.23,-138.201,-5048.24
390.2,5.86818,44752.5,10575.3,30090.6,1751.52,-160.839,-5076.73
390.3,5.83828,44801.2,8336.83,33298.6,1748.15,-247.338,-4930.71
390.4,5.81459,44969.0,5402.09,36105.0,1791.98,-273.121,-4829.84
390.5,5.80293,45040.0,953.867,37246.5,1828.81,-326.631,-4915.18
390.6,5.7965,45063.8,-3846.61,36980.4,1843.97,-326.284,-5046.8
390.7,5.7986,45042.3,-4609.82,34761.4,1812.79,-319.744,-5099.18
390.8,5.80663,45015.8,-3376.34,31298.0,1761.13,-249.932,-5034.95
390.9,5.82568,45000.5,-2826.29,26993.8,1712.56,-158.582,-5027.82
391.0,5.85384,45050.1,-4252.79,23757.5,1709.3,-36.8768,-5125.61
391.1,5.8755,45130.4,-6209.4,22727.4,1751.82,31.5485,-5178.79
391.2,5.87402,45020.3,-6949.91,23248.3,1824.41,-26.5088,-5094.26
391.3,5.85453,44993.5,-9105.27,24662.9,1938.96,-77.7562,-4972.56
391.4,5.82466,44971.6,-13256.8,25051.0,2033.17,-119.515,-5019.2
391.5,5.7919,44990.3,-16063.8,23749.3,2055.93,-114.308,-5142.2
391.6,5.77779,45045.1,-16342.1,21962.5,2101.7,-58.511,-5107.61
391.7,5.76604,45028.4,-14680.3,21019.4,2095.75,-9.38775,-4996.7
391.8,5.75251,45027.7,-14565.9,21713.7,2072.85,27.1612,-5025.6
391.9,5.73108,44980.9,-16972.2,23722.8,2045.55,33.5056,-5152.24
392.0,5.69781,44968.6,-16465.0,25653.3,2033.7,42.1254,-5223.95
392.1,5.67564,45011.8,-12919.3,26838.6,2006.34,82.687,-5077.91
392.2,5.65913,45019.5,-10543.0,27129.5,2022.26,80.6892,-4919.6
392.3,5.6535,45045.1,-9756.46,27562.4,2075.68,69.8986,-5031.87
392.4,5.66543,44958.6,-8824.54,29437.6,2100.83,34.3133,-5165.77
392.5,5.67194,44775.7,-4191.21,32364.1,2068.5,-86.0214,-5079.89
392.6,5.68092,44725.4,2046.41,34668.4,2027.05,-209.802,-4905.78
392.7,5.7059,44693.8,4998.36,35130.2,2001.84,-230.089,-4903.91
392.8,5.72932,44708.1,3390.15,33458.8,2039.69,-133.437,-5036.27
392.9,5.74726,44860.8,1573.69,30206.9,2101.51,-48.5486,-5077.72
393.0,5.74843,45074.0,981.443,27917.0,2150.83,6.8465,-4975.14
393.1,5.71172,44907.2,375.774,26349.7,2159.51,-9.42825,-4943.9
393.2,5.67077,44975.4,-1518.86,25134.4,2209.61,-27.164,-5090.39
393.3,5.64532,45009.6,-2581.09,23680.2,2233.91,-30.8175,-5202.03
393.4,5.62782,45030.2,-478.756,22202.7,2247.41,-22.8455,-5150.38
393.5,5.61443,45027.1,1886.41,21076.9,2258.32,-50.1705,-4979.01
393.6,5.60276,45026.0,1479.03,22440.1,2298.33,-37.811,-4949.72
393.7,5.58462,45007.2,-1275.68,25817.6,2311.28,-80.0955,-5046.5
393.8,5.57383,45047.3,-4621.53,29413.1,2318.75,-179.402,-5028.32
393.9,5.57556,45071.3,-4800.29,31076.4,2320.28,-251.516,-4984.39
394.0,5.57558,45067.2,-5046.84,29241.8,2321.18,-185.646,-4965.21
394.1,5.58524,45101.5,-7430.29,25384.9,2341.39,-8.93338,-5053.1
394.2,5.59695,45093.6,-10279.0,23099.3,2345.4,132.453,-5182.34
394.3,5.60983,45108.4,-10255.4,24444.3,2335.05,96.7136,-5247.17
394.4,5.62774,45114.4,-7587.68,28753.0,2292.73,-83.7038,-5148.17
394.5,5.64722,45117.5,-5674.9,33448.6,2327.46,-239.177,-5052.04
394.6,5.6589,45089.6,-5485.74,35183.2,2382.54,-308.726,-5072.78
394.7,5.67037,45101.3,-7482.35,35025.4,2517.76,-218.541,-5088.17
394.8,5.67226,45045.9,-8669.36,35561.6,2612.7,-110.216,-5032.12
394.9,5.66044,45026.4,-9526.84,38844.7,2648.86,-99.7175,-4997.47
395.0,5.64107,45002.8,-11625.3,43827.5,2637.76,-208.326,-5050.0
395.1,5.61568,44993.2,-13945.2,47297.0,2628.6,-292.237,-5169.15
395.2,5.59034,45000.6,-16307.5,46604.9,2603.82,-226.939,-5199.43
395.3,5.57228,45018.5,-17058.6,42954.3,2572.0,-82.5424,-5196.04
395.4,5.55383,45008.2,-18844.5,39446.5,2544.6,-34.0153,-5178.07
395.5,5.54736,45065.7,-21411.1,38881.7,2558.5,-109.924,-5215.09
395.6,5.55425,45085.0,-22944.3,41105.1,2571.9,-248.786,-5271.97
395.7,5.55891,45067.1,-22192.2,42540.0,2578.34,-350.998,-5249.87
395.8,5.56746,45092.3,-19541.3,40542.0,2565.85,-319.798,-5158.38
395.9,5.57914,45098.8,-15818.7,35791.6,2561.92,-146.952,-5096.21
396.0,5.59787,45130.4,-14185.5,31047.1,2563.78,20.2843,-5043.08
396.1,5.62944,45174.5,-12763.9,29462.0,2555.77,55.3165,-5051.46
396.2,5.66503,45154.6,-11716.3,32297.1,2560.12,-14.9353,-5069.92
396.3,5.68544,45104.1,-12502.6,36459.1,2621.24,-148.036,-5071.19
396.4,5.68655,45051.0,-13358.6,37823.4,2655.5,-241.022,-5171.81
396.5,5.68302,45056.0,-14894.2,36707.7,2724.88,-127.143,-5252.39
396.6,5.66932,45016.9,-15020.8,34418.9,2731.85,-9.63575,-5253.41
396.7,5.66329,45070.3,-14832.4,33856.5,2740.83,7.53975,-5192.6
396.8,5.66374,45068.3,-14198.6,36178.9,2731.8,-57.7122,-5161.25
396.9,5.65661,45034.7,-12062.3,39485.0,2714.37,-86.8925,-5170.54
397.0,5.63756,44990.0,-8077.89,40759.8,2652.13,-84.4818,-5107.95
397.1,5.61064,44982.2,-4114.5,39794.2,2657.28,-36.737,-5011.77
397.2,5.59059,45023.3,-1084.73,37713.5,2648.4,33.5865,-5032.15
397.3,5.59884,45121.3,-404.49,37014.1,2703.37,80.7078,-5140.08
397.4,5.61857,45109.5,-233.069,38271.0,2707.06,7.86556,-5209.98
397.5,5.63766,45119.8,-202.564,40700.1,2713.33,-79.5083,-5186.4
397.6,5.65686,45107.6,1232.89,41636.1,2717.94,-160.562,-5191.62
397.7,5.68119,45147.4,3288.53,40249.8,2755.37,-145.456,-5204.01
397.8,5.72007,45188.4,5503.33,37443.2,2780.68,-77.1379,-5153.92
397.9,5.75435,45145.6,5699.91,35755.5,2768.22,-18.9028,-5063.73
398.0,5.77323,45104.1,4214.94,36422.0,2792.16,-28.9013,-5105.76
398.1,5.78397,45093.0,3633.71,38587.6,2822.04,-81.5555,-5234.9
398.2,5.78478,45056.1,5397.04,40410.5,2801.49,-97.9706,-5260.11
398.3,5.77712,45043.3,7198.9,40727.4,2810.87,-41.9766,-5172.24
398.4,5.76525,45025.5,7345.72,40255.7,2793.04,45.766,-5200.44
398.5,5.74628,45009.3,4210.62,40942.6,2794.74,94.508,-5309.23
398.6,5.72992,45021.9,1191.53,44267.1,2777.14,75.9827,-5366.75
398.7,5.71291,45008.0,-314.17,48894.5,2726.58,-49.163,-5295.89
398.8,5.69717,45028.9,-2060.01,52983.1,2712.74,-143.742,-5222.21
398.9,5.68858,45041.5,-4527.87,54228.2,2719.84,-154.112,-5290.0
399.0,5.68842,45077.8,-7347.78,52946.7,2738.09,-61.1857,-5343.3
399.1,5.69688,45088.2,-8694.25,50912.9,2759.95,45.8795,-5277.66
399.2,5.70767,45097.7,-8595.88,48763.5,2781.23,40.931,-5163.81
399.3,5.73072,45147.5,-9042.35,46124.5,2784.45,6.1875,-5103.98
399.4,5.76852,45178.3,-10014.0,42185.8,2807.98,15.8284,-5124.05
399.5,5.7987,45134.8,-10574.5,36420.8,2777.13,52.2781,-5086.44
399.6,5.81929,45117.3,-9025.63,30426.9,2744.13,85.7091,-5028.99
399.7,5.82855,45065.8,-8552.55,26213.0,2735.0,76.2799,-4970.94
399.8,5.8236,45052.1,-8934.65,24197.3,2766.51,14.346,-5035.15
399.9,5.82648,45085.5,-10759.0,24456.3,2822.63,-24.1623,-5099.31
400.0,5.81483,44998.6,-11618.6,25547.7,2799.22,-60.0016,-5073.71
400.1,5.78397,44977.4,-10928.8,25821.1,2795.93,-88.6263,-4999.89
400.2,5.76106,45013.9,-9698.92,25112.0,2818.36,-78.735,-4940.37
400.3,5.74339,45014.8,-8370.44,24246.0,2808.59,-50.857,-4912.16
400.4,5.74553,45112.2,-8655.46,25068.9,2890.64,-9.25937,-4921.62
400.5,5.76526,45116.0,-8670.57,29111.2,2935.52,-8.52612,-4992.35
400.6,5.76769,45038.5,-7257.09,34697.7,2976.51,-138.419,-5117.95
400.7,5.76589,45070.8,-4343.05,39747.6,2988.99,-226.487,-5195.14
400.8,5.76995,45060.3,-2500.79,42092.3,2967.43,-240.207,-5160.67
400.9,5.77627,45109.2,-1721.71,40731.6,2942.14,-197.873,-5161.6
401.0,5.81836,45221.1,-3151.4,37669.6,2950.89,-128.689,-5160.43
401.1,5.86656,45180.4,-2726.84,35003.2,2969.25,-134.954,-5150.42
401.2,5.90073,45145.7,1274.84,33555.1,2982.73,-180.339,-5089.04
401.3,5.92251,45094.1,4787.6,33243.1,3009.97,-210.437,-4976.12
401.4,5.91845,45027.7,5168.9,33119.0,3045.13,-188.535,-5021.42
401.5,5.90385,45033.9,3900.03,32013.0,3035.45,-120.595,-5187.64
401.6,5.90089,45065.0,4497.03,31084.1,3043.31,-42.6222,-5245.98
401.7,5.89426,45043.6,6533.9,31652.6,3017.08,-0.68075,-5120.64
401.8,5.89162,45069.6,8621.01,33850.8,2997.74,-76.7363,-5080.62
401.9,5.88941,45046.6,6630.66,37408.7,2970.77,-212.444,-5129.45
402.0,5.88144,45043.5,3982.33,40926.4,2984.25,-298.455,-5200.59
402.1,5.88217,45079.2,2693.51,42334.2,2977.09,-347.284,-5148.8
402.2,5.89313,45099.0,138.787,41729.4,2951.61,-312.585,-5020.14
402.3,5.91305,45131.0,-3967.05,40381.0,2949.94,-194.236,-5092.13
402.4,5.94071,45135.8,-8957.57,39118.5,2944.72,-103.97,-5237.92
402.5,5.96797,45136.4,-10735.3,39119.8,2934.65,-44.8158,-5281.23
402.6,5.9804,44940.4,-11483.2,38874.2,2870.55,-65.1261,-5147.89
402.7,5.97984,44833.8,-12636.8,37262.1,2806.43,-73.2158,-5134.66
402.8,5.98851,44825.0,-15886.4,33775.9,2799.18,-72.561,-5227.0
402.9,6.00747,44842.0,-17432.6,29783.1,2812.41,-56.1505,-5268.47
403.0,6.03458,44820.5,-17141.0,26883.1,2829.35,-80.1862,-5130.28
403.1,6.05277,44687.3,-15323.6,26286.8,2833.52,-124.425,-5062.2
403.2,6.04845,44496.0,-15769.3,26511.8,2847.18,-174.895,-5086.55
403.3,6.03846,44392.9,-16578.8,26113.7,2869.74,-139.479,-5130.17
403.4,6.02719,44345.8,-14804.0,24229.8,2842.72,-28.2838,-5080.14
403.5,6.01494,44322.5,-11727.3,21351.0,2798.14,73.0605,-4950.98
403.6,6.00839,44326.8,-10520.6,19331.0,2781.42,111.189,-4904.67
403.7,6.00927,44306.8,-10358.0,19525.7,2787.95,79.5652,-5027.54
403.8,6.01024,44246.8,-9934.56,20917.2,2789.91,-43.0902,-5083.13
403.9,6.01249,44211.7,-8036.17,22273.6,2794.47,-131.012,-5022.72
404.0,6.01342,44166.9,-5671.86,21519.1,2754.9,-176.555,-4992.99
404.1,6.02528,44234.7,-5226.35,19950.7,2745.07,-75.5925,-5022.55
404.2,6.05582,44293.6,-5157.81,18819.8,2763.37,1.135,-5042.86
404.3,6.0867,44259.9,-2976.66,18873.1,2771.35,-14.3352,-4981.08
404.4,6.10991,44140.0,568.725,20153.3,2765.14,-39.5179,-4886.0
404.5,6.10703,43942.0,4132.96,20602.2,2767.38,-83.6214,-4877.25
404.6,6.09208,43878.5,5885.31,19087.9,2782.52,-77.4973,-4920.73
404.7,6.09349,43934.4,5461.12,16478.2,2848.12,-40.2135,-4969.56
404.8,6.1064,43980.4,6301.21,14815.6,2878.86,-0.20675,-5065.23
404.9,6.12433,43969.6,6327.84,15575.3,2913.04,1.69419,-5070.18
405.0,6.1315,43793.8,6636.84,19080.6,2884.36,-59.5078,-5094.51
405.1,6.10695,43608.2,8151.09,23292.7,2802.21,-155.242,-5168.1
405.2,6.08458,43608.9,8019.21,25920.7,2759.74,-172.198,-5112.63
405.3,6.07752,43689.8,8727.45,26159.7,2727.2,-122.24,-5066.51
405.4,6.07673,43762.3,6760.77,24003.9,2725.62,-60.4949,-5016.66
405.5,6.08951,43806.7,4008.32,21653.1,2754.55,3.23237,-5034.86
405.6,6.09436,43713.2,817.893,20824.6,2785.77,36.2286,-5062.89
405.7,6.08645,43636.9,-2454.28,21270.6,2773.62,37.3094,-5048.61
405.8,6.09401,43708.2,-4119.34,22158.5,2789.38,28.126,-5113.33
405.9,6.11956,43771.4,-5929.41,22641.3,2777.95,46.2654,-5133.02
406.0,6.15461,43814.4,-6646.89,22205.1,2779.28,69.6432,-5123.77
406.1,6.18906,43715.2,-7080.41,21514.0,2794.07,43.4335,-5087.87
406.2,6.19711,43511.0,-8170.47,21440.7,2815.98,-6.18725,-5042.59
406.3,6.1893,43380.8,-8061.84,21630.8,2812.73,-78.526,-5049.87
406.4,6.18372,43351.5,-6856.54,21305.2,2784.16,-134.454,-5015.18
406.5,6.18698,43390.1,-5150.33,20146.5,2796.45,-118.11,-4922.21
406.6,6.20631,43402.2,-4099.4,18089.3,2834.18,-57.2228,-4861.19
406.7,6.22101,43287.0,-5284.57,15827.5,2873.52,-18.0265,-4856.32
406.8,6.21555,43097.9,-7403.74,14199.9,2928.04,9.4525,-4903.52
406.9,6.19303,42955.8,-8323.23,13287.7,2944.74,-3.90913,-4937.93
407.0,6.17299,42975.2,-8332.93,12961.7,2960.95,-60.6673,-4968.54
407.1,6.17679,43116.5,-9833.72,13309.6,2975.65,-115.224,-5016.76
407.2,6.19838,43177.2,-12120.6,13276.5,3004.04,-209.047,-5127.67
407.3,6.21573,43123.6,-12936.4,12531.7,2977.32,-260.789,-5183.69
407.4,6.22009,42986.2,-12029.8,11280.4,2960.94,-248.33,-5084.55
407.5,6.22713,42947.5,-9575.74,10287.9,2969.95,-202.729,-4964.71
407.6,6.25714,43005.5,-8912.63,9802.58,2976.49,-187.407,-4902.55
407.7,6.29801,42986.6,-6834.5,9525.55,2942.45,-207.397,-4952.27
407.8,6.3221,42818.6,-843.975,8453.53,2890.36,-207.646,-4951.39
407.9,6.33158,42653.3,4821.67,6245.45,2892.58,-174.857,-4814.05
408.0,6.33337,42534.7,7070.7,3813.8,2910.41,-137.002,-4843.73
408.1,6.33601,42484.1,4835.71,2302.58,2928.01,-137.805,-5038.01
408.2,6.34398,42446.0,3120.49,3172.19,2907.52,-141.114,-5152.41
408.3,6.34449,42346.1,4644.23,5441.2,2861.11,-220.599,-5034.06
408.4,6.34287,42282.9,5680.49,7936.54,2853.24,-284.55,-4866.63
408.5,6.34052,42191.1,2128.86,8530.46,2849.89,-329.893,-4854.82
408.6,6.34599,42192.5,-3182.58,7923.64,2877.43,-247.449,-4966.13
408.7,6.3617,42166.5,-5614.86,6737.42,2884.11,-175.044,-4936.03
408.8,6.37599,42087.6,-4821.76,6257.33,2885.63,-173.864,-4777.04
408.9,6.38751,41998.3,-3665.23,7236.49,2894.08,-178.105,-4812.74
409.0,6.39278,41887.4,-3664.99,8247.03,2864.71,-210.035,-5041.56
409.1,6.40266,41878.4,-462.384,8989.74,2866.17,-194.439,-5186.36
409.2,6.42443,41852.4,6082.02,9368.16,2850.33,-176.257,-5019.93
409.3,6.4455,41796.6,11328.0,10033.4,2863.62,-188.741,-4819.68
409.4,6.4651,41697.7,12002.7,10487.6,2857.62,-262.575,-4823.25
409.5,6.48248,41620.1,9901.32,11946.3,2866.27,-261.152,-4903.32
409.6,6.50017,41535.7,9860.38,13760.6,2907.4,-264.683,-4865.29
409.7,6.51407,41455.2,10740.3,14960.3,2929.54,-313.53,-4762.56
409.8,6.52587,41350.2,7094.43,15042.6,2957.03,-301.884,-4813.88
409.9,6.51807,41193.4,891.443,13553.8,2918.67,-194.47,-5111.02
410.0,6.49938,41122.1,-3530.45,11073.0,2886.96,-34.0341,-5305.12
410.1,6.50527,41183.5,-3759.32,10346.5,2923.01,86.2402,-5207.18
410.2,6.52743,41193.1,-2897.57,12114.1,2938.88,52.7211,-5080.13
410.3,6.54875,41083.8,-5134.83,15098.5,2941.57,-83.8894,-5118.53
410.4,6.55679,40908.1,-8518.19,16953.1,2969.45,-226.944,-5182.76
410.5,6.54633,40762.8,-7607.97,15892.5,2942.53,-251.976,-5084.75
410.6,6.54748,40838.2,-2849.03,12311.7,2917.54,-198.403,-4885.98
410.7,6.57439,40919.6,354.196,9212.37,2868.99,-85.5579,-4799.15
410.8,6.61469,40924.1,817.487,8358.7,2821.82,-8.422,-4936.32
410.9,6.64348,40865.8,1188.83,8886.96,2791.91,-34.0905,-5045.22
411.0,6.64796,40786.6,2543.54,9114.79,2758.6,-44.7855,-4957.42
411.1,6.63494,40759.2,3799.55,6550.26,2729.32,-29.2385,-4862.99
411.2,6.63355,40836.0,1877.55,1932.67,2691.41,49.5402,-4917.09
411.3,6.65536,40896.6,-2966.09,-2280.79,2698.12,65.8702,-4999.36
411.4,6.67793,40870.4,-4754.91,-4414.48,2698.93,-31.9692,-5014.39
411.5,6.69833,40860.1,-4727.48,-3280.0,2739.0,-108.38,-4931.3
411.6,6.6961,40766.5,-4726.76,-1154.44,2761.34,-176.988,-4905.18
411.7,6.68435,40788.4,-7891.31,41.9056,2790.56,-143.919,-4969.71
411.8,6.68897,40836.5,-10163.4,-317.992,2778.95,-54.7412,-5041.95
411.9,6.69946,40844.6,-7813.33,-2293.84,2731.11,-15.5913,-4987.55
412.0,6.7146,40867.8,-1825.8,-4973.3,2644.82,-1.202,-4864.21
412.1,6.7271,40821.7,2870.97,-6666.22,2602.73,7.48981,-4838.89
412.2,6.72001,40772.0,4769.3,-6975.96,2585.89,3.37862,-4982.19
412.3,6.72013,40822.2,6248.4,-6571.32,2593.32,-49.9958,-5089.78
412.4,6.73313,40857.9,10743.0,-5096.18,2630.18,-76.7584,-5056.98
412.5,6.74691,40848.0,15009.6,-3388.7,2629.27,-66.8428,-4899.72
412.6,6.77304,40904.1,15293.1,-418.134,2654.25,-11.8474,-4838.8
412.7,6.79379,40838.6,12106.7,4929.03,2640.97,-19.1426,-4925.88
412.8,6.7828,40755.0,8606.83,10249.0,2562.41,-171.152,-4949.89
412.9,6.77923,40816.7,10580.8,14022.9,2464.93,-291.699,-4952.6
413.0,6.77603,40787.2,14360.0,14404.4,2370.18,-327.251,-4913.96
413.1,6.77821,40850.8,16680.4,11124.9,2373.45,-249.587,-4967.61
413.2,6.79679,40862.7,16176.4,6998.1,2376.59,-117.142,-5074.18
413.3,6.79293,40748.4,16323.5,5142.99,2364.44,-30.8525,-5136.44
413.4,6.77138,40753.3,18624.0,3453.88,2353.29,-165.055,-5013.11
413.5,6.7726,40846.2,22495.9,2076.76,2320.99,-224.539,-4863.89
413.6,6.77972,40815.7,25851.7,-715.253,2317.52,-204.293,-4814.77
413.7,6.7937,40880.2,26507.1,-5172.26,2334.23,-181.873,-4805.63
413.8,6.81075,40824.8,25578.0,-8037.4,2271.38,-186.8,-4802.68
413.9,6.79774,40744.9,23176.7,-6967.82,2251.09,-205.618,-4840.41
414.0,6.78646,40807.6,19087.7,-3362.44,2220.83,-270.673,-4927.11
414.1,6.79909,40854.4,15257.0,236.449,2180.73,-369.372,-5058.23
414.2,6.81643,40871.1,12109.1,1779.34,2195.21,-325.075,-5113.94
414.3,6.83715,40861.7,10577.4,10.6125,2182.07,-200.353,-5040.26
414.4,6.83838,40776.5,9298.25,-2856.95,2166.53,-112.574,-4933.27
414.5,6.8229,40758.8,6959.58,-3926.47,2180.43,-87.9014,-4889.89
414.6,6.81368,40794.5,4510.32,-3413.72,2183.92,-218.515,-4924.32
414.7,6.81728,40833.5,6588.48,-2469.29,2160.27,-364.726,-5015.25
414.8,6.8252,40844.5,10181.5,-3275.87,2207.58,-393.91,-4956.58
414.9,6.83049,40809.4,14003.0,-5799.23,2237.88,-275.566,-4888.21
415.0,6.82228,40765.9,16584.4,-8249.18,2253.72,-177.404,-4937.05
415.1,6.80718,40774.1,18747.7,-8752.41,2231.45,-165.244,-4965.66
415.2,6.81252,40850.0,22588.4,-7384.55,2189.88,-246.559,-4865.46
415.3,6.83411,40886.7,26484.7,-4787.56,2162.17,-283.509,-4734.1
415.4,6.84832,40816.6,27152.6,-3024.48,2135.79,-313.121,-4723.11
415.5,6.83631,40746.7,24592.0,-1789.64,2120.04,-305.089,-4843.04
415.6,6.81101,40720.7,20568.3,630.807,2113.68,-250.849,-4941.69
415.7,6.78448,40731.7,18092.6,3663.25,2066.13,-336.175,-4959.58
415.8,6.78025,40856.0,16945.6,6548.45,2012.34,-432.912,-4964.99
415.9,6.80713,40893.8,15154.7,9282.59,1974.73,-389.697,-4994.08
416.0,6.81818,40812.6,13777.1,10502.5,1962.65,-321.759,-5028.11
416.1,6.81851,40802.6,12581.3,10369.9,1956.6,-309.151,-4976.9
416.2,6.8049,40737.8,11556.2,9718.96,1946.6,-315.026,-4893.46
416.3,6.78979,40788.2,11779.3,9029.12,1975.61,-253.08,-4928.26
416.4,6.80169,40879.8,11824.3,8332.12,2006.2,-193.875,-4961.47
416.5,6.81798,40835.6,12060.8,7439.54,2033.81,-220.08,-4966.74
416.6,6.80777,40751.6,12118.8,5858.93,1980.67,-216.002,-4952.65
416.7,6.77909,40705.9,10966.2,3606.99,1891.59,-158.721,-4957.97
416.8,6.75258,40748.3,8132.42,1597.11,1839.35,-98.0911,-4953.63
416.9,6.76255,40903.3,3888.41,1464.71,1840.9,-48.4515,-4941.96
417.0,6.79567,40892.6,333.052,3533.16,1843.34,-104.467,-4978.96
417.1,6.79314,40744.6,-2541.28,4874.77,1845.38,-238.015,-4991.01
417.2,6.7624,40697.8,-4354.75,3101.95,1877.31,-241.284,-5002.95
417.3,6.72778,40711.2,-4098.64,-1927.73,1930.43,-89.1599,-5046.57
417.4,6.70453,40777.4,-1965.47,-9411.36,1911.99,51.2458,-5019.07
417.5,6.72523,40925.0,826.461,-15156.1,1931.42,159.253,-4918.11
417.6,6.76155,40896.9,5451.01,-16753.1,1961.92,156.63,-4888.77
417.7,6.77704,40829.1,9538.09,-14941.8,1981.36,76.9932,-4841.76
417.8,6.76432,40720.3,11783.1,-11769.3,1988.77,-41.2482,-4762.67
417.9,6.72067,40655.1,13233.1,-9592.23,1968.84,-117.499,-4774.73
418.0,6.69347,40785.2,14668.4,-9000.08,1904.4,-79.6305,-4829.16
418.1,6.70989,40895.9,15850.0,-8321.45,1870.88,-26.337,-4837.62
418.2,6.72952,40846.2,17159.6,-6082.63,1836.09,-28.5259,-4858.98
418.3,6.72746,40769.5,17109.7,-2589.15,1815.66,-70.0594,-4917.98
418.4,6.69319,40669.5,17097.5,1146.28,1825.86,-67.0869,-5010.66
418.5,6.64548,40671.8,15713.0,3920.59,1804.48,5.37638,-4949.78
418.6,6.62613,40811.6,12384.2,5886.05,1797.94,74.3874,-4844.09
418.7,6.63822,40866.9,7816.74,7078.92,1799.16,26.8195,-4863.51
418.8,6.6549,40844.4,4757.5,7747.41,1779.62,-38.3171,-4958.71
418.9,6.65207,40766.8,5001.16,7616.68,1778.15,-85.7074,-4962.97
419.0,6.62176,40689.7,7168.44,6928.1,1746.05,-86.941,-4907.06
419.1,6.59648,40764.0,8203.26,6200.54,1729.17,-63.5723,-4950.15
419.2,6.59863,40853.9,6913.67,5473.23,1705.33,-50.685,-5038.03
419.3,6.61763,40866.8,5888.2,4533.0,1647.07,-17.614,-5037.47
419.4,6.62502,40810.5,6044.08,2275.14,1655.81,-0.931875,-4892.9
419.5,6.61143,40729.9,5092.21,-1147.62,1670.92,29.4035,-4762.52
419.6,6.56782,40658.8,1847.7,-5363.5,1654.16,51.0374,-4791.94
419.7,6.52464,40702.7,-3122.47,-9242.44,1643.47,65.1405,-4872.59
419.8,6.51089,40815.3,-5481.06,-12469.5,1673.77,20.6147,-4930.92
419.9,6.52586,40876.3,-5583.29,-14355.0,1681.96,2.8375,-4910.7
420.0,6.53476,40800.5,-7685.17,-14820.8,1693.97,12.1892,-4885.95
420.1,6.50908,40697.6,-10774.8,-14967.2,1704.96,-9.95375,-4986.71
420.2,6.47276,40700.8,-12698.0,-15627.0,1672.8,-49.7905,-5038.01
420.3,6.45445,40796.6,-9566.96,-16563.2,1652.43,-45.542,-4932.2
420.4,6.46158,40963.3,-2962.34,-18213.6,1614.88,-65.7162,-4736.67
420.5,6.48652,41103.6,1844.43,-19022.5,1656.38,-55.9383,-4666.27
420.6,6.50038,41030.0,4213.58,-17760.0,1757.46,-62.39,-4796.98
420.7,6.47367,40845.8,5287.82,-14846.0,1823.65,-117.15,-4870.22
420.8,6.43577,40864.8,8019.7,-11680.5,1866.83,-211.225,-4841.26
420.9,6.41601,41057.6,8785.59,-9899.15,1885.6,-261.662,-4741.47
421.0,6.42633,41327.7,6953.91,-10095.2,1891.87,-216.012,-4783.85
421.1,6.45493,41446.0,5399.9,-10999.9,1904.1,-150.283,-4953.86
421.2,6.468,41355.8,7962.83,-9952.82,1890.84,-133.676,-5011.36
421.3,6.44166,41164.6,12441.1,-7053.85,1827.89,-242.614,-4874.46
421.4,6.39525,41142.4,13061.2,-3760.43,1801.22,-358.941,-4808.21
421.5,6.36607,41343.5,11940.3,-1283.42,1793.96,-331.592,-5017.6
421.6,6.35651,41565.4,11106.7,-126.074,1744.99,-229.098,-5077.1
421.7,6.3627,41731.4,13093.7,1311.1,1722.09,-185.948,-4863.09
421.8,6.35763,41702.0,13389.8,3931.23,1711.28,-245.986,-4679.29
421.9,6.33634,41644.8,8873.47,6854.75,1714.98,-351.272,-4816.26
422.0,6.30937,41698.5,4164.67,7936.75,1692.54,-420.972,-5069.76
422.1,6.31157,41927.9,3784.55,7415.8,1726.36,-351.822,-5078.54
422.2,6.33772,42105.6,6402.26,5702.15,1741.45,-290.797,-4927.36
422.3,6.36398,42121.9,7472.38,3975.17,1716.54,-281.83,-4984.82
422.4,6.37277,42002.7,6983.03,3238.52,1737.16,-266.402,-5199.34
422.5,6.35928,41866.9,9343.42,3477.96,1732.5,-215.288,-5177.66
422.6,6.34035,41873.5,14466.8,3506.07,1731.06,-227.336,-4855.0
422.7,6.34117,41991.1,17080.8,3297.92,1756.95,-274.462,-4642.49
422.8,6.34611,42041.4,14539.2,2123.92,1788.68,-341.837,-4741.54
422.9,6.34194,42017.7,10664.8,25.0734,1831.29,-348.082,-4894.39
423.0,6.32393,41943.4,8974.8,-2108.67,1858.38,-316.449,-4836.73
423.1,6.28795,41917.2,6924.41,-3874.83,1853.54,-304.967,-4770.03
423.2,6.2591,42054.5,2039.3,-5251.58,1814.34,-288.348,-4969.57
423.3,6.25083,42256.0,-2378.59,-6519.59,1800.19,-233.192,-5251.0
423.4,6.25396,42393.0,-1620.08,-7691.5,1814.68,-134.858,-5222.9
423.5,6.25156,42398.3,3474.64,-7814.67,1813.81,-69.4282,-4936.88
423.6,6.22542,42320.7,6005.72,-6277.11,1833.73,-110.328,-4789.21
423.7,6.19056,42372.0,4064.69,-3266.89,1865.49,-191.743,-4895.07
423.8,6.18166,42600.2,5704.41,-13.975,1902.12,-281.178,-5041.8
423.9,6.20799,42859.1,11277.0,2644.15,1954.59,-322.442,-4852.6
424.0,6.24672,42932.8,18127.4,3995.73,1985.43,-336.883,-4693.28
424.1,6.26468,42779.1,18631.5,4285.01,1973.57,-301.257,-4835.67
424.2,6.25768,42642.5,16645.2,4805.64,1994.28,-189.915,-5171.61
424.3,6.24655,42614.1,16507.4,5617.95,1987.26,-111.096,-5199.27
424.4,6.25752,42770.0,20225.5,7335.65,2008.07,-87.5182,-5009.05
424.5,6.27468,42789.9,20466.4,9742.79,2008.94,-93.6462,-4899.92
424.6,6.25913,42626.3,16644.2,11554.8,1997.73,-121.297,-5040.6
424.7,6.21234,42476.6,13123.0,12143.7,2001.13,-171.692,-5111.6
424.8,6.15653,42537.7,13894.9,12019.0,2022.89,-188.283,-4935.46
424.9,6.13275,42808.6,16223.7,11720.0,2047.64,-194.839,-4772.44
425.0,6.14094,43074.7,14783.3,11630.6,2073.18,-219.28,-4858.45
425.1,6.1534,43156.4,12873.8,11215.4,2094.55,-219.512,-5119.98
425.2,6.15513,43104.4,14190.3,11117.9,2121.34,-103.153,-5159.91
425.3,6.13001,43006.8,18158.7,11202.1,2076.88,-4.6535,-4962.42
425.4,6.10484,43108.0,19185.3,11073.0,2054.09,-4.42837,-4880.56
425.5,6.11282,43345.4,17093.1,10925.5,2025.63,-31.2264,-5024.88
425.6,6.13706,43503.3,16135.1,10707.0,2017.87,-29.0133,-5084.02
425.7,6.15792,43472.7,19177.4,8856.02,1992.08,-128.114,-4894.4
425.8,6.15969,43355.9,23309.2,6136.28,1960.72,-212.347,-4740.51
425.9,6.15396,43297.5,24392.5,3820.7,1960.55,-183.508,-4837.46
426.0,6.1596,43376.5,23440.0,2450.66,2002.17,-136.172,-4996.56
426.1,6.18367,43474.2,24471.6,2357.72,2051.07,-133.241,-4990.75
426.2,6.20475,43430.1,26532.4,3520.86,2109.93,-113.422,-4874.72
426.3,6.18561,43202.4,24812.0,3954.22,2129.3,-90.3415,-4861.97
426.4,6.13686,43095.5,20254.6,3177.12,2177.35,-35.2791,-5040.06
426.5,6.09472,43166.9,17329.2,2225.17,2219.41,1.00762,-5138.28
426.6,6.07698,43403.3,19662.9,2117.72,2224.93,-54.1824,-5055.64
426.7,6.08915,43579.2,22395.1,3359.49,2190.65,-191.719,-4935.2
426.8,6.09458,43550.5,22260.1,5922.55,2168.89,-295.511,-5023.51
426.9,6.07225,43410.6,20013.9,7517.89,2126.63,-350.282,-5182.15
427.0,6.04167,43437.9,20511.2,7998.14,2071.14,-289.938,-5152.74
427.1,6.02439,43596.1,24361.6,7577.59,2014.68,-197.242,-4940.77
427.2,6.03139,43876.5,25224.3,7584.72,2011.97,-97.368,-4773.6
427.3,6.05923,44030.3,21378.5,8248.62,2039.96,-68.6247,-4862.68
427.4,6.07332,43980.3,17600.7,9855.23,2088.19,-67.8415,-5034.64
427.5,6.07051,43887.2,17276.1,11879.7,2136.26,-99.742,-4994.27
427.6,6.06035,43860.9,18489.2,14063.5,2148.82,-176.688,-4889.91
427.7,6.07288,44007.7,15872.7,17074.5,2200.78,-236.097,-4983.28
427.8,6.11403,44136.5,10296.3,21493.3,2226.47,-261.657,-5229.06
427.9,6.158,44059.9,6133.38,26635.7,2252.18,-339.266,-5284.41
428.0,6.17413,43813.6,5797.69,31910.8,2270.7,-391.977,-5094.28
428.1,6.1536,43504.1,6753.62,35436.3,2274.21,-412.253,-4950.53
428.2,6.10819,43390.9,4816.27,36168.5,2303.29,-361.086,-4975.61
428.3,6.07553,43493.8,2500.71,34085.2,2339.81,-286.157,-5044.38
428.4,6.05745,43644.2,3945.04,29750.7,2343.5,-252.98,-5000.53
428.5,6.0526,43758.0,6184.2,24883.1,2350.88,-197.528,-4857.85
428.6,6.04227,43731.0,6641.65,20394.2,2354.97,-203.671,-4922.19
428.7,6.01515,43716.2,4803.72,16556.4,2339.62,-243.467,-5142.35
428.8,6.00099,43843.6,4875.03,12879.1,2307.93,-286.523,-5214.91
428.9,6.00977,44047.8,8149.18,9512.29,2240.62,-288.578,-5050.19
429.0,6.03545,44223.1,9362.15,5747.33,2195.63,-293.393,-4844.49
429.1,6.0746,44280.5,6985.31,2488.28,2154.94,-269.429,-4875.8
429.2,6.0982,44151.3,4359.97,237.325,2155.68,-238.372,-4980.99
429.3,6.10662,44015.6,5776.48,-1034.64,2164.38,-212.105,-4899.85
429.4,6.12325,43973.5,9494.53,-1726.6,2200.9,-233.096,-4745.24
429.5,6.14865,43948.2,9913.99,-1671.94,2242.73,-203.328,-4804.46
429.6,6.18156,43890.8,9397.59,-477.297,2264.47,-130.328,-5097.18
429.7,6.19926,43691.0,10004.1,1884.77,2292.2,-142.038,-5159.54
429.8,6.19254,43474.6,11446.8,4788.12,2338.46,-244.418,-4981.79
429.9,6.17293,43346.6,11093.7,7595.62,2362.76,-304.481,-4960.4
430.0,6.14752,43303.6,7379.92,8984.8,2362.66,-321.973,-5128.99
430.1,6.13021,43374.0,5421.41,8759.39,2354.08,-288.955,-5193.62
430.2,6.12821,43427.7,8822.43,8611.49,2312.5,-215.905,-5020.45
430.3,6.11556,43369.6,13604.5,9797.38,2261.05,-166.448,-4853.01
430.4,6.09635,43347.2,14939.5,11961.7,2245.54,-175.253,-4936.35
430.5,6.08233,43356.4,12395.4,14128.1,2232.72,-198.941,-5095.68
430.6,6.06901,43444.3,13310.2,14840.1,2206.73,-173.079,-5149.85
430.7,6.08085,43631.0,17119.5,13601.2,2217.16,-121.555,-5008.81
430.8,6.11699,43760.8,17405.2,12242.6,2267.96,-84.5788,-4890.66
430.9,6.15097,43730.3,13933.5,11795.7,2311.1,-109.062,-5062.83
431.0,6.17431,43619.9,7859.75,12627.9,2332.64,-139.884,-5202.29
431.1,6.19393,43524.5,5136.77,15181.5,2329.64,-104.095,-5137.86
431.2,6.21144,43464.4,3713.92,18419.5,2308.5,-76.844,-4975.9
431.3,6.23262,43412.8,-974.353,21030.7,2281.41,-85.8144,-4955.0
431.4,6.24585,43274.8,-7340.4,22345.2,2290.12,-76.9821,-5105.88
431.5,6.23314,43100.4,-11294.6,22102.3,2313.55,9.77938,-5149.29
431.6,6.21047,42989.1,-12741.3,20587.5,2383.06,68.1786,-5002.77
431.7,6.19159,42994.8,-13342.4,18909.8,2472.98,67.085,-4977.33
431.8,6.18223,43036.1,-14444.4,16910.2,2541.97,39.39,-5146.46
431.9,6.18195,43062.5,-14192.6,15098.7,2609.37,83.5932,-5240.05
432.0,6.17138,42988.4,-8917.71,13230.2,2600.8,113.221,-5154.71
432.1,6.15677,42985.9,-2904.22,12151.0,2610.22,132.301,-4981.49
432.2,6.15076,43023.5,418.586,12378.0,2594.46,118.537,-4922.97
432.3,6.1531,43096.6,432.108,12965.8,2551.89,61.3205,-4954.9
432.4,6.16677,43181.0,-482.207,13001.3,2492.56,14.284,-4897.15
432.5,6.18085,43160.4,-69.327,11715.2,2435.73,-18.9748,-4812.6
432.6,6.18958,43159.9,323.949,8697.35,2420.38,-21.61,-4849.81
432.7,6.21775,43207.6,-2088.38,4946.39,2436.22,23.5326,-4965.15
432.8,6.24487,43171.1,-4870.88,1891.68,2425.32,98.1474,-5097.88
432.9,6.26211,43092.6,-4975.86,256.603,2418.03,138.859,-5157.19
433.0,6.27805,43028.2,-3473.48,504.721,2439.09,145.042,-5101.49
433.1,6.28382,42908.0,-1207.14,1798.61,2436.23,102.875,-5071.65
433.2,6.27577,42815.8,-623.714,2477.89,2436.02,39.0554,-5023.47
433.3,6.26467,42747.0,-1086.74,2173.04,2420.27,9.43293,-4933.82
433.4,6.24766,42705.4,-1885.35,1694.38,2418.43,29.4673,-4842.22
433.5,6.24282,42726.2,-2876.68,2001.4,2428.21,31.973,-4838.25
433.6,6.24993,42731.4,-3401.99,3676.19,2414.84,-11.1083,-4942.26
433.7,6.24784,42637.3,-3193.74,5524.57,2386.44,-59.0546,-5054.77
433.8,6.23289,42549.3,-1882.23,5952.25,2340.54,-24.9813,-5110.47
433.9,6.22317,42571.2,2091.22,5021.53,2339.03,74.7474,-5178.59
434.0,6.22485,42642.9,4499.45,4066.18,2337.73,129.324,-5109.37
434.1,6.23663,42735.3,7071.04,4790.88,2359.13,87.2193,-5056.28
434.2,6.24921,42718.6,7579.6,7970.21,2365.22,-17.8385,-4980.54
434.3,6.24658,42663.9,8696.94,11687.9,2340.7,-156.807,-4927.31
434.4,6.25758,42724.0,10269.0,15407.5,2341.78,-201.884,-4873.17
434.5,6.27958,42764.7,10772.3,18429.0,2355.0,-203.884,-4831.14
434.6,6.30465,42759.7,8858.4,20502.2,2374.5,-198.974,-4889.15
434.7,6.32994,42688.2,5666.39,21503.7,2386.57,-201.89,-5017.89
434.8,6.3346,42518.6,2245.05,21768.2,2365.41,-158.619,-5088.0
434.9,6.32263,42402.6,-12.058,20932.9,2339.71,-107.813,-5124.23
435.0,6.31091,42357.1,-1727.46,19021.9,2320.98,-114.065,-5150.52
435.1,6.2987,42348.5,-3410.68,16931.0,2305.08,-125.08,-5162.2
435.2,6.28807,42351.4,-3268.06,15169.4,2301.96,-114.145,-5141.62
435.3,6.2769,42308.9,-511.804,14150.5,2265.67,-146.385,-5038.95
435.4,6.25505,42270.7,2708.77,13652.1,2226.48,-218.729,-4877.86
435.5,6.24763,42356.3,4640.41,13596.8,2232.93,-260.251,-4820.87
435.6,6.251,42424.4,5121.1,12687.7,2205.55,-302.976,-4878.6
435.7,6.26035,42482.0,3905.24,10052.1,2194.98,-320.086,-4928.14
435.8,6.27543,42510.5,2270.05,5784.83,2189.01,-283.014,-4953.54
435.9,6.2838,42471.0,-1060.89,397.444,2187.07,-201.232,-5006.93
436.0,6.29887,42500.6,-4102.26,-4258.58,2190.67,-83.9129,-5141.92
436.1,6.31664,42465.9,-6487.48,-6798.35,2152.16,-40.2239,-5191.59
436.2,6.32996,42438.7,-6848.13,-6450.28,2147.87,-67.9833,-5136.63
436.3,6.34193,42373.0,-6562.91,-4573.69,2123.72,-153.326,-5019.88
436.4,6.34117,42277.0,-6872.67,-2945.05,2097.32,-239.717,-4941.78
436.5,6.33554,42254.1,-7173.63,-1576.61,2077.29,-217.71,-4911.24
436.6,6.3365,42258.5,-7730.1,287.491,2067.35,-182.94,-4839.29
436.7,6.33909,42260.0,-8559.51,3452.91,2079.0,-209.419,-4804.46
436.8,6.34004,42223.8,-10190.2,7905.83,2090.94,-223.124,-4891.68
436.9,6.33078,42147.5,-10372.8,11567.1,2155.24,-223.039,-5089.94
437.0,6.31748,42108.2,-6791.24,13095.5,2173.95,-153.611,-5202.25
437.1,6.30141,42091.0,-1129.72,12511.7,2156.01,-80.917,-5124.14
437.2,6.29556,42168.2,2498.33,11992.8,2188.19,-17.1793,-5021.16
437.3,6.3119,42263.9,2922.67,13023.4,2243.87,-33.1524,-5053.48
437.4,6.34872,42305.2,2979.48,16321.3,2326.22,-135.157,-5114.16
437.5,6.37908,42189.8,5228.95,20616.8,2385.47,-257.574,-5019.15
437.6,6.39371,42028.0,7649.67,23848.3,2437.35,-322.334,-4855.8
437.7,6.39511,41918.1,6886.49,25394.9,2439.89,-267.502,-4872.17
437.8,6.39428,41891.0,708.705,25514.1,2417.96,-152.485,-5001.79
437.9,6.40324,41958.7,-4851.75,24694.1,2409.19,-82.2446,-5126.07
438.0,6.42344,41957.5,-8278.69,24197.5,2351.1,-26.466,-5097.74
438.1,6.42375,41820.8,-8803.59,23539.5,2278.4,-17.0888,-5090.98
438.2,6.40124,41684.3,-10022.2,21917.8,2235.75,-31.1279,-5150.96
438.3,6.37037,41637.6,-11303.1,19563.1,2225.27,-5.32094,-5221.75
438.4,6.34252,41714.9,-10753.9,17043.3,2218.77,36.718,-5163.52
438.5,6.33811,41881.2,-8890.52,15377.4,2180.99,38.7686,-4990.8
438.6,6.34884,41983.8,-7476.08,14820.4,2182.74,-28.2825,-4885.77
438.7,6.3533,41933.0,-5576.99,14630.2,2128.71,-71.0518,-4913.46
438.8,6.35116,41871.6,-3381.81,13132.6,2112.83,-96.0364,-4907.58
438.9,6.35556,41874.2,-1665.16,10528.3,2100.13,-28.8838,-4848.04
439.0,6.37006,41884.2,-2821.56,6615.46,2081.87,20.8678,-4848.71
439.1,6.39263,41909.6,-7415.28,2101.56,2095.61,46.304,-4961.13
439.2,6.41865,41865.2,-12584.2,-2015.15,2130.89,98.2738,-5059.73
439.3,6.43127,41721.6,-15600.4,-5688.72,2152.04,110.664,-5023.08
439.4,6.42572,41610.8,-15850.8,-8716.38,2153.09,97.1127,-4949.36
439.5,6.41861,41593.5,-14387.0,-10477.6,2182.93,90.3915,-4946.81
439.6,6.40486,41567.4,-13323.6,-10805.5,2123.05,87.7599,-4906.68
439.7,6.38073,41603.2,-10336.9,-9865.82,2065.34,55.5751,-4863.5
439.8,6.35883,41655.4,-5878.77,-7852.63,2039.3,-3.17788,-4808.08
439.9,6.33421,41729.7,-1329.08,-5009.86,2049.15,-34.1595,-4777.88
440.0,6.31897,41831.5,1315.44,-1216.6,2081.13,-21.1577,-4811.38
440.1,6.30654,41898.1,2568.88,4106.42,2147.51,-9.59463,-4937.39
440.2,6.28864,41921.3,2336.38,9562.13,2175.9,-95.8146,-4995.13
440.3,6.27257,42003.5,1681.04,13724.9,2163.87,-174.75,-4992.61
440.4,6.27606,42152.6,251.38,16029.4,2210.88,-149.773,-5052.58
440.5,6.30271,42283.2,-1769.41,15986.9,2273.99,-96.2999,-5146.46
440.6,6.34728,42331.9,-2203.43,15486.4,2287.34,-61.7548,-5194.79
440.7,6.37665,42169.5,-598.664,15766.9,2272.0,-98.3909,-5141.18
440.8,6.38317,42017.2,2424.79,16157.7,2284.99,-152.765,-5098.39
440.9,6.39504,41975.0,5163.34,15746.9,2278.44,-150.285,-5091.68
441.0,6.40864,41968.7,7505.79,14899.7,2299.6,-71.0171,-5087.16
441.1,6.41448,41917.4,9632.53,13975.3,2280.89,-22.6481,-5011.65
441.2,6.40474,41822.4,10458.7,14493.7,2257.39,-38.7395,-4928.27
441.3,6.36669,41702.1,10280.5,15843.7,2218.97,-139.43,-4931.71
441.4,6.3245,41752.3,7698.0,17316.1,2169.93,-191.419,-4956.92
441.5,6.30162,41916.3,4637.58,17774.5,2150.02,-253.949,-5016.98
441.6,6.2933,42084.1,1738.57,17074.8,2160.03,-290.0,-5065.4
441.7,6.29855,42178.1,-1442.83,14988.5,2171.06,-309.174,-5057.41
441.8,6.29686,42143.6,-2592.86,11546.5,2170.11,-323.06,-5101.9
441.9,6.2875,42133.9,-3398.22,6730.43,2160.42,-266.027,-5081.36
442.0,6.30533,42245.3,-3195.75,1931.51,2136.74,-148.033,-5006.2
442.1,6.34317,42328.9,-1585.07,-2101.87,2146.22,-89.5641,-4944.59
442.2,6.40281,42350.1,-1028.11,-4470.46,2186.44,-75.1544,-4863.74
442.3,6.45468,42135.4,-417.699,-4230.57,2190.3,-89.4071,-4853.38
442.4,6.46304,41799.7,-653.962,-2235.69,2188.48,-172.047,-4891.72
442.5,6.45234,41629.0,-2166.2,-437.998,2163.33,-317.78,-4927.87
442.6,6.45258,41657.8,-1781.84,832.799,2153.66,-396.796,-5037.63
442.7,6.46583,41723.7,102.711,1021.54,2140.45,-380.871,-5096.42
442.8,6.48586,41708.3,3735.55,1242.17,2150.91,-332.399,-5102.23
442.9,6.47969,41508.1,7443.01,3034.6,2161.54,-311.119,-5073.05
443.0,6.43856,41308.0,9891.01,6137.24,2175.25,-306.773,-5041.82
443.1,6.39362,41313.2,10022.0,9959.73,2209.93,-247.659,-4981.1
443.2,6.36409,41448.2,9738.94,13545.0,2219.22,-190.843,-4942.56
443.3,6.34948,41608.3,10712.9,15969.1,2194.26,-202.507,-4941.58
443.4,6.35232,41716.3,11449.4,18239.9,2145.45,-221.933,-4938.93
443.5,6.35336,41693.5,10809.0,20495.1,2133.08,-276.63,-5002.9
443.6,6.36348,41723.4,9897.64,22390.8,2146.8,-355.278,-5181.09
443.7,6.39302,41767.4,9797.14,23260.7,2096.18,-419.427,-5264.4
443.8,6.43114,41766.1,12315.7,22122.9,2068.69,-412.022,-5208.09
443.9,6.48407,41767.2,15380.5,19628.5,2082.34,-301.301,-5050.65
444.0,6.53514,41644.3,17021.8,17306.9,2134.3,-170.44,-4922.71
444.1,6.56136,41391.9,17879.9,16748.5,2184.46,-85.8958,-4869.77
444.2,6.55182,41141.0,18060.5,18259.0,2211.99,-82.1438,-4773.38
444.3,6.52166,41009.1,17118.0,21136.2,2218.9,-123.32,-4694.62
444.4,6.48389,41015.8,14324.0,23200.4,2210.51,-210.469,-4776.38
444.5,6.45912,41126.6,10515.0,23593.3,2191.3,-262.042,-4968.51
444.6,6.43999,41196.6,7003.31,23050.6,2175.97,-255.252,-5092.99
444.7,6.41863,41220.1,3399.95,23057.8,2159.92,-228.826,-5128.1
444.8,6.39239,41220.9,-2441.58,23409.2,2133.62,-286.441,-5139.31
444.9,6.3673,41284.2,-6660.87,23176.3,2138.27,-327.605,-5236.18
445.0,6.35909,41426.3,-7958.71,19851.3,2181.73,-296.317,-5164.48
445.1,6.374,41586.5,-6786.6,13413.3,2245.79,-131.0,-4916.23
445.2,6.39365,41599.5,-5113.9,5195.55,2271.31,46.4156,-4778.53
445.3,6.40491,41536.7,-3807.16,-1352.17,2254.46,177.905,-4857.9
445.4,6.41619,41515.0,-2727.05,-3938.97,2235.58,188.993,-4905.8
445.5,6.43888,41543.9,189.789,-2930.83,2155.0,62.1512,-4890.5
445.6,6.47112,41568.5,3104.73,-1089.54,2065.56,-108.278,-4904.96
445.7,6.5018,41532.7,4794.52,-940.574,2022.91,-181.26,-5005.9
445.8,6.51676,41418.7,6742.77,-2723.41,2025.15,-117.613,-5094.17
445.9,6.51707,41318.2,11957.2,-4027.25,2059.16,-20.731,-5058.69
446.0,6.50351,41252.3,16838.6,-1963.81,2107.85,9.711,-4880.94
446.1,6.48333,41243.0,20727.6,3657.23,2162.99,-58.769,-4844.87
446.2,6.4614,41242.4,23276.6,9974.52,2178.85,-138.873,-4912.86
446.3,6.43715,41237.9,25821.1,14237.1,2179.38,-134.382,-4870.43
446.4,6.40576,41219.1,29178.6,15101.3,2139.28,-86.9482,-4742.4
446.5,6.37462,41251.1,29564.2,13835.0,2075.1,-57.9313,-4712.89
446.6,6.35636,41346.9,25254.6,12884.2,2020.79,-88.0602,-4862.95
446.7,6.36161,41520.2,18340.8,13598.9,2027.06,-144.973,-5044.06
446.8,6.39367,41640.8,12986.0,15101.1,2035.46,-206.49,-5119.98
446.9,6.42477,41608.8,10106.3,15109.4,2064.48,-252.302,-5096.83
447.0,6.44065,41528.1,9379.8,12808.9,2097.97,-160.735,-5090.27
447.1,6.45218,41462.7,8592.17,10101.6,2125.57,47.0124,-5052.57
447.2,6.45771,41452.7,9619.11,9279.79,2115.2,116.24,-4964.3
447.3,6.47316,41511.4,9397.8,11217.0,2053.29,5.01244,-4773.5
447.4,6.49194,41511.8,8830.8,14719.3,1987.84,-177.597,-4693.77
447.5,6.50001,41431.8,6967.2,16770.2,1972.59,-267.107,-4767.4
447.6,6.49828,41346.0,4408.96,15611.7,1985.66,-261.333,-4866.99
447.7,6.47828,41215.7,672.961,12850.9,2006.19,-202.668,-4924.84
447.8,6.44305,41189.7,-2505.45,10789.4,2011.15,-135.895,-5066.62
447.9,6.42019,41313.6,-5076.69,9996.97,2014.27,-139.74,-5197.62
448.0,6.41466,41408.0,-4500.93,9578.91,2023.59,-175.766,-5239.48
448.1,6.4186,41479.3,-354.569,9101.7,2044.09,-106.824,-5139.46
448.2,6.42051,41393.3,2466.65,7726.77,2088.89,-53.5015,-4930.9
448.3,6.39817,41246.2,2696.07,5546.18,2096.93,-111.865,-4827.26
448.4,6.37543,41281.1,2677.37,3414.88,2112.22,-185.327,-4854.74
448.5,6.38614,41456.0,5118.2,1759.11,2077.4,-226.162,-4820.72
448.6,6.42641,41639.7,7713.55,272.061,2055.62,-258.094,-4690.61
448.7,6.48117,41653.7,9307.61,-1186.84,2017.74,-277.977,-4771.42
448.8,6.5045,41403.2,8664.66,-2865.66,1927.15,-281.618,-4987.39
448.9,6.49035,41216.0,8803.69,-4411.94,1865.57,-204.828,-5109.35
449.0,6.47599,41217.4,12082.0,-5112.19,1817.18,-139.608,-5039.71
449.1,6.47428,41337.3,14994.5,-3319.3,1800.08,-123.573,-4900.07
449.2,6.48659,41445.1,15490.1,548.468,1817.78,-221.787,-4885.8
449.3,6.4938,41396.0,15436.0,5183.01,1885.84,-362.119,-4923.79
449.4,6.47578,41229.3,18579.1,8692.9,1944.42,-456.531,-4848.76
449.5,6.44499,41156.9,22685.7,10143.0,1977.4,-477.892,-4661.51
449.6,6.4314,41270.0,24032.2,10183.9,2025.9,-452.524,-4646.94
449.7,6.45097,41411.2,22420.5,10240.2,2030.81,-406.21,-4880.18
449.8,6.48404,41446.0,22567.3,11355.2,1996.82,-334.802,-5115.09
449.9,6.5027,41254.3,23709.3,13083.2,1969.72,-303.575,-5067.03
450.0,6.48553,41017.8,23705.8,14375.8,1960.75,-292.359,-4997.3
450.1,6.44973,40921.5,20267.6,14036.6,1944.06,-276.082,-5110.04
450.2,6.42222,41034.8,17952.7,12494.3,1928.37,-218.793,-5219.47
450.3,6.43085,41292.4,19502.5,11398.6,1937.61,-164.152,-5018.69
450.4,6.46127,41419.3,21265.0,12058.6,1924.96,-216.562,-4672.48
450.5,6.47711,41340.3,19216.1,14133.2,1914.65,-344.666,-4654.64
450.6,6.4766,41257.5,14774.8,16334.5,1959.63,-397.138,-4917.07
450.7,6.46694,41220.9,13081.6,16190.6,1996.2,-384.297,-4991.24
450.8,6.46963,41331.9,14437.0,13166.9,2021.83,-297.68,-4823.23
450.9,6.48739,41420.3,15416.2,8288.78,2040.33,-206.206,-4817.08
451.0,6.49935,41374.1,13562.4,2926.33,2050.9,-141.51,-5018.21
451.1,6.49987,41255.3,13517.3,-1719.92,2071.78,-114.285,-5124.07
451.2,6.48715,41112.4,18752.7,-4434.31,2037.77,-119.578,-4936.04
451.3,6.4707,41059.9,23943.2,-5285.85,2047.27,-187.034,-4660.98
451.4,6.47308,41130.5,23615.6,-4528.97,2045.98,-254.52,-4610.84
451.5,6.48825,41142.5,19266.3,-2697.65,2040.78,-301.082,-4751.53
451.6,6.48395,41048.2,17847.6,-1504.29,2018.41,-336.027,-4812.98
451.7,6.47303,41008.9,19919.4,-868.232,1981.73,-293.656,-4711.41
451.8,6.44777,40974.2,22026.8,-1275.68,1944.51,-258.737,-4752.35
451.9,6.43346,41127.5,20980.9,-2610.8,1928.1,-196.464,-5012.65
452.0,6.44806,41310.5,20587.6,-3834.57,1930.5,-110.942,-5218.1
452.1,6.46233,41318.3,24175.7,-4663.76,1913.32,-66.6826,-5116.87
452.2,6.46701,41292.9,30336.4,-4885.68,1914.82,-61.6304,-4881.93
452.3,6.47798,41270.8,33547.4,-3447.16,1963.25,-80.0751,-4773.04
452.4,6.47978,41233.2,36421.3,-1561.59,1983.75,-173.308,-4841.7
452.5,6.5013,41314.0,40139.2,1156.7,2010.69,-214.494,-4763.66
452.6,6.52214,41252.9,45011.6,3859.76,2006.43,-272.394,-4577.46
452.7,6.52119,41140.2,47229.3,6113.87,1985.04,-267.311,-4597.87
452.8,6.51596,41056.2,44298.5,7705.38,1967.05,-217.146,-4826.7
452.9,6.49807,40994.3,42308.2,9581.54,1937.27,-121.828,-5056.79
453.0,6.48227,41011.3,44796.6,11358.4,1865.44,-77.8855,-5041.33
453.1,6.47778,41073.8,48838.9,13967.6,1789.63,-74.114,-4890.27
453.2,6.47039,41063.4,49325.5,17610.7,1793.4,-101.668,-4861.61
453.3,6.45092,41057.7,48245.4,20829.1,1858.92,-183.674,-4985.13
453.4,6.43856,41099.8,47865.9,23305.9,1934.31,-277.29,-4916.62
453.5,6.42017,41133.6,48562.3,24322.2,1991.15,-356.095,-4654.7
453.6,6.41764,41305.9,48031.8,23732.5,2015.43,-374.052,-4578.06
453.7,6.44183,41426.6,42637.4,21721.3,2020.14,-367.568,-4711.5
453.8,6.4755,41476.9,36263.2,19272.9,2053.31,-293.978,-4891.35
453.9,6.51311,41401.2,34212.1,16199.4,2048.55,-236.32,-4967.55
454.0,6.53106,41198.1,33814.4,12797.5,2028.63,-212.538,-4907.22
454.1,6.5212,41025.1,32520.7,9185.67,2008.3,-184.085,-4938.15
454.2,6.50721,40987.8,28701.7,5625.08,2025.04,-177.688,-5051.61
454.3,6.50329,41062.8,26764.2,4372.01,2034.0,-129.936,-5092.61
454.4,6.50403,41091.9,27567.6,6316.81,2007.08,-159.114,-4933.19
454.5,6.49453,41050.7,27781.7,11488.1,1977.05,-274.2,-4764.4
454.6,6.46694,40966.8,26302.4,16991.4,1972.84,-464.164,-4844.39
454.7,6.43764,41018.2,25676.9,20110.6,1953.16,-529.781,-5016.91
454.8,6.42894,41169.3,27052.1,19957.0,1940.4,-428.746,-4972.43
454.9,6.43326,41281.0,28663.6,17501.3,1913.27,-300.66,-4860.82
455.0,6.44674,41357.9,25778.5,15378.9,1901.39,-202.425,-4924.4
455.1,6.46642,41342.4,20574.8,15825.6,1926.3,-152.956,-5158.73
455.2,6.47081,41226.2,19295.9,17243.9,1923.68,-215.819,-5241.16
455.3,6.47575,41207.1,24734.9,17658.3,1899.36,-303.429,-5046.85
455.4,6.48859,41192.1,30463.2,16126.0,1879.74,-335.63,-4783.67
455.5,6.49342,41154.1,32994.6,12987.7,1817.17,-321.519,-4749.32
455.6,6.50319,41167.0,33945.7,10588.5,1787.11,-318.278,-4821.36
455.7,6.51186,41130.3,37109.9,10415.4,1742.86,-411.564,-4722.76
455.8,6.51554,41119.3,42988.8,12218.3,1688.04,-495.956,-4575.48
455.9,6.52084,41088.8,46227.3,14190.7,1636.47,-523.927,-4602.2
456.0,6.50713,41019.4,44826.2,15513.0,1645.14,-424.802,-4809.6
456.1,6.48244,41004.4,44223.6,15973.4,1669.8,-287.707,-4995.21
456.2,6.4592,41044.6,45093.8,16921.4,1729.53,-236.628,-4931.67
456.3,6.44417,41160.8,47353.8,19465.2,1795.59,-275.16,-4854.75
456.4,6.45342,41283.5,46546.5,23592.6,1864.68,-353.895,-4894.29
456.5,6.46294,41243.2,42882.4,27813.4,1885.18,-480.16,-4961.8
456.6,6.46565,41208.3,41893.0,30324.4,1903.19,-585.856,-4991.33
456.7,6.48083,41184.7,42956.5,30894.1,1884.51,-601.873,-4848.6
456.8,6.49807,41168.6,42333.4,30171.1,1865.21,-532.75,-4732.9
456.9,6.52463,41189.0,39109.8,29868.3,1865.3,-367.616,-4857.02
457.0,6.55064,41084.6,34570.4,30275.8,1872.36,-287.621,-5017.35
457.1,6.54661,40922.5,32398.5,30717.6,1832.57,-255.295,-5003.87
457.2,6.52599,40827.8,30127.1,29912.3,1836.69,-226.514,-4862.72
457.3,6.49812,40824.7,25349.7,27522.8,1855.09,-201.918,-4875.88
457.4,6.48247,40968.3,18466.3,24320.3,1881.44,-182.297,-5041.46
457.5,6.48468,41078.6,12904.7,21187.5,1873.85,-270.134,-5065.81
457.6,6.48675,41128.4,10260.2,19519.2,1911.01,-330.647,-4961.0
457.7,6.496,41137.0,9198.42,19085.5,1911.97,-320.336,-4928.35
457.8,6.50785,41117.6,8798.21,19761.6,1923.16,-271.689,-5054.07
457.9,6.50931,41036.8,10046.5,19901.0,1896.22,-256.557,-5082.81
458.0,6.50621,41001.0,13838.1,18665.3,1886.61,-214.654,-4935.84
458.1,6.49829,40948.3,18170.5,15437.2,1855.28,-153.564,-4814.95
458.2,6.49308,40982.2,21371.7,11256.4,1835.9,-49.648,-4880.54
458.3,6.50891,41032.7,24003.7,8713.33,1828.39,16.5023,-4983.23
458.4,6.52355,40984.6,27054.7,10332.1,1819.84,-9.84313,-4961.32
458.5,6.52502,40882.6,28464.6,14450.8,1812.31,-201.818,-4907.81
458.6,6.51378,40809.0,27904.7,18639.6,1778.93,-357.112,-5037.0
458.7,6.49435,40819.3,27479.7,20445.4,1739.56,-333.194,-5162.75
458.8,6.48085,40949.5,30373.3,19717.2,1663.3,-183.609,-5065.27
458.9,6.4848,41094.0,33315.7,19819.1,1615.35,-35.4956,-4827.88
459.0,6.48385,41111.8,34703.2,22183.4,1615.09,-64.223,-4835.29
459.1,6.4683,41084.4,33567.0,25438.3,1636.98,-143.925,-4988.28
459.2,6.45468,41080.5,35060.3,28683.0,1685.91,-94.7046,-5054.49
459.3,6.42172,41032.0,37909.2,29694.5,1687.21,-49.4396,-4890.83
459.4,6.39856,41179.3,38419.4,28488.2,1684.09,-34.7648,-4798.78
459.5,6.40708,41357.4,34602.7,28286.1,1692.72,10.5935,-4940.5
459.6,6.41043,41374.5,29896.0,28684.2,1669.36,-59.5938,-5075.95
459.7,6.41599,41435.2,27825.1,28739.5,1667.24,-175.518,-4995.4
459.8,6.42187,41370.3,27397.4,27760.6,1651.83,-251.149,-4858.66
459.9,6.39612,41322.6,23987.7,24153.9,1681.81,-206.189,-4850.81
460.0,6.40261,41514.5,18286.7,19055.0,1797.17,-55.1642,-4964.38
460.1,6.42416,41580.4,14336.0,15813.0,1857.91,83.246,-4987.71
460.2,6.4201,41510.2,14013.6,14025.6,1879.7,59.8602,-4881.61
460.3,6.41538,41488.7,15582.9,14588.8,1865.84,22.306,-4838.43
460.4,6.38363,41381.6,15612.8,16646.1,1830.38,-7.81475,-4904.7
460.5,6.34504,41481.3,14118.4,17966.9,1801.37,-66.45,-4994.31
460.6,6.34526,41715.8,11765.9,19426.0,1770.67,-129.201,-4993.35
460.7,6.33925,41777.3,9112.29,20882.3,1745.34,-233.052,-4962.19
460.8,6.32357,41831.0,7814.96,19974.7,1729.71,-368.272,-5044.58
460.9,6.32289,41905.8,7526.24,17685.3,1720.9,-353.304,-5086.77
461.0,6.30011,41864.1,8835.58,13496.6,1705.44,-262.464,-5028.45
461.1,6.28993,42037.5,11741.3,8108.22,1722.85,-132.421,-4981.51
461.2,6.31231,42182.3,15859.9,4625.4,1728.01,-3.4895,-4980.82
461.3,6.31481,42136.6,19958.3,3643.54,1706.01,44.4637,-4943.18
461.4,6.31829,42158.9,24235.5,4508.96,1715.81,-17.3588,-4905.45
461.5,6.31914,42109.9,26041.5,6854.41,1720.02,-144.303,-4869.81
461.6,6.29927,42066.5,26544.6,9026.16,1686.1,-252.066,-4945.19
461.7,6.29411,42196.9,25379.1,10924.0,1604.76,-315.44,-5002.28
461.8,6.2998,42297.7,23871.6,14280.3,1582.67,-335.304,-5006.18
461.9,6.31151,42375.0,22424.5,19201.8,1581.32,-363.597,-5034.2
462.0,6.3253,42357.5,21266.8,25082.9,1563.04,-400.675,-5110.47
462.1,6.30971,42204.1,21834.3,30598.9,1565.5,-379.131,-5167.44
462.2,6.27732,42177.5,24121.6,34076.4,1613.37,-283.64,-5121.99
462.3,6.2543,42262.6,26041.7,35486.7,1650.31,-202.432,-5005.72
462.4,6.23271,42376.9,27129.1,35542.0,1680.09,-201.158,-5011.06
462.5,6.22277,42507.1,26518.5,34493.2,1733.8,-284.491,-5050.5
462.6,6.22218,42591.7,26462.9,32280.4,1780.47,-397.267,-5050.92
462.7,6.22375,42624.0,26269.2,28903.7,1807.12,-447.649,-5006.42
462.8,6.22841,42637.6,26425.9,24832.8,1773.76,-431.092,-5042.12
462.9,6.24152,42699.5,25308.1,21307.4,1774.18,-369.564,-5087.9
463.0,6.26559,42737.5,24315.3,19617.1,1770.35,-294.541,-5061.28
463.1,6.28614,42705.6,23164.9,19831.8,1786.89,-254.296,-4977.93
463.2,6.29575,42608.5,20342.8,21445.9,1817.64,-227.527,-4900.05
463.3,6.28158,42479.9,17507.4,23389.3,1834.0,-212.301,-4926.25
463.4,6.2464,42399.3,14784.8,24055.6,1838.72,-264.221,-4923.52
463.5,6.22113,42531.1,13108.7,23730.5,1874.97,-301.595,-4918.29
463.6,6.21485,42678.8,13792.2,22663.9,1819.3,-357.6,-4985.73
463.7,6.21862,42794.2,13103.3,22237.4,1750.78,-367.095,-5014.48
463.8,6.22513,42799.8,10222.3,23289.9,1699.8,-375.16,-5021.19
463.9,6.21432,42740.2,7053.47,25025.6,1700.35,-411.161,-5095.67
464.0,6.20373,42756.2,4826.6,25743.8,1711.95,-422.9,-5123.34
464.1,6.19236,42804.8,5226.13,24183.2,1735.54,-374.386,-5039.07
464.2,6.18796,42893.9,6320.68,20332.4,1787.75,-259.286,-4905.21
464.3,6.19907,42995.5,6221.58,15959.4,1893.4,-162.419,-4880.18
464.4,6.21669,42991.8,7099.82,12866.5,1991.25,-153.917,-4982.17
464.5,6.23615,42937.7,9559.45,11397.3,2067.35,-231.251,-5011.78
464.6,6.25264,42851.6,14189.7,10642.6,2085.17,-327.487,-4973.01
464.7,6.26001,42754.3,16982.3,9668.36,2036.68,-334.711,-4940.23
464.8,6.26307,42734.0,18256.4,8625.56,1977.87,-266.9,-5019.02
464.9,6.27256,42769.5,18446.0,9707.5,1947.33,-149.441,-5052.1
465.0,6.27142,42704.8,18824.9,13403.2,1936.83,-147.844,-4989.78
465.1,6.24411,42622.2,18489.7,18521.4,1979.91,-235.415,-4948.48
465.2,6.19864,42580.1,18442.4,22424.5,2012.84,-296.743,-5027.66
465.3,6.1502,42674.0,19659.5,23119.1,2048.41,-260.652,-5085.73
465.4,6.12556,42921.9,21421.2,21303.0,2074.28,-143.519,-4989.38
465.5,6.13721,43173.3,23433.4,19533.3,2102.64,-79.9607,-4920.17
465.6,6.16011,43250.3,22490.6,19371.6,2104.27,-106.687,-4929.66
465.7,6.1835,43207.0,20798.1,20664.3,2106.42,-160.791,-5012.95
465.8,6.1922,43079.1,20464.0,22076.4,2075.8,-177.579,-5012.85
465.9,6.18342,43009.5,21884.2,21364.8,2027.54,-169.203,-4930.11
466.0,6.19337,43094.3,22129.0,19055.2,2004.47,-85.1036,-4854.09
466.1,6.21665,43145.4,19996.3,16159.5,1988.27,-30.9141,-4858.22
466.2,6.24121,43136.4,17571.5,14267.2,2006.3,-2.23259,-4894.19
466.3,6.2622,42997.2,17221.8,14940.8,2020.77,0.541094,-4873.21
466.4,6.25003,42767.0,16939.1,17608.1,2022.59,-61.7962,-4804.42
466.5,6.22127,42688.8,14967.9,19896.2,1979.16,-164.01,-4816.07
466.6,6.19946,42780.5,11496.2,20326.5,1971.38,-215.056,-4932.59
466.7,6.18463,42913.5,9873.49,18046.4,1925.93,-181.18,-5002.86
466.8,6.17792,43034.7,10137.7,14126.2,1883.13,-107.544,-4935.89
466.9,6.15962,43007.9,10711.1,10419.9,1835.18,-120.136,-4877.7
467.0,6.11869,42988.1,9831.91,8052.18,1824.76,-140.537,-4974.95
467.1,6.09224,43114.4,8804.08,7026.59,1844.05,-126.188,-5074.56
467.2,6.09054,43299.3,10760.9,6417.33,1885.34,-117.64,-5030.33
467.3,6.10356,43417.1,14666.2,3904.24,1906.74,-176.916,-4878.09
467.4,6.12402,43459.9,16226.3,-129.285,1963.15,-155.856,-4790.86
467.5,6.1395,43403.9,15403.2,-4498.67,2029.52,-61.382,-4865.92
467.6,6.15713,43397.2,13862.1,-7983.23,2047.76,-19.327,-4924.87
467.7,6.18629,43425.9,13487.4,-7880.41,2019.47,-9.73425,-4886.9
467.8,6.20362,43327.8,14103.5,-4815.04,1956.45,-83.4003,-4919.09
467.9,6.2047,43250.7,12216.2,-943.715,1899.68,-148.505,-5015.49
468.0,6.19133,43156.2,10766.8,1656.54,1829.76,-171.788,-5122.28
468.1,6.15751,43103.5,12595.0,2941.22,1788.94,-123.817,-5106.26
468.2,6.1334,43236.2,16008.6,4617.45,1799.0,-60.7054,-4944.36
468.3,6.12541,43346.8,17828.3,8077.42,1842.67,-140.168,-4848.52
468.4,6.11595,43409.2,16364.7,12661.2,1947.51,-300.59,-4910.05
468.5,6.1076,43423.7,13985.8,15522.0,2038.64,-399.274,-4975.63
468.6,6.08601,43380.3,13831.6,14576.5,2048.73,-367.886,-4926.24
468.7,6.06321,43456.5,13854.0,10635.5,1998.21,-193.742,-4831.07
468.8,6.06671,43625.5,12410.5,6120.94,1938.67,-74.2101,-4894.6
468.9,6.09814,43776.2,9760.48,5065.78,1878.06,-10.6047,-5078.36
469.0,6.12826,43725.2,8935.03,6792.11,1807.89,-117.246,-5153.15
469.1,6.14,43552.9,9787.52,8333.21,1777.57,-304.793,-5050.19
469.2,6.13407,43435.4,10328.9,7205.76,1786.63,-358.437,-4957.46
469.3,6.12933,43435.9,8721.35,3690.46,1784.19,-246.102,-4941.69
469.4,6.14219,43572.2,6416.07,1108.47,1822.84,-134.852,-4922.44
469.5,6.17243,43662.6,5757.17,2328.7,1824.97,-153.236,-4855.76
469.6,6.19533,43580.4,7377.92,6950.91,1820.89,-285.617,-4822.22
469.7,6.1873,43406.3,9276.04,11189.5,1823.7,-389.746,-4877.78
469.8,6.16212,43281.9,10087.2,10915.2,1817.02,-401.915,-4956.32
469.9,6.12987,43292.9,11048.9,6355.72,1782.18,-265.341,-4995.46
470.0,6.11972,43452.1,12146.9,1441.91,1794.35,-89.3335,-4983.72
470.1,6.12301,43536.2,13219.1,-659.775,1784.11,-109.509,-4964.48
470.2,6.14073,43568.3,13186.3,1765.44,1836.38,-249.533,-4978.86
470.3,6.14614,43421.9,12840.7,5674.58,1897.62,-399.92,-4982.57
470.4,6.12742,43250.5,12626.2,7508.45,1942.87,-396.371,-4924.87
470.5,6.10323,43237.4,13207.7,5991.03,1969.99,-278.291,-4851.41
470.6,6.08868,43356.9,13230.4,2901.54,1926.09,-152.397,-4780.97
470.7,6.09186,43527.5,11815.1,790.761,1840.89,-113.916,-4768.52
470.8,6.11249,43654.6,10007.9,1866.83,1792.43,-136.518,-4884.38
470.9,6.12516,43624.4,8982.67,4674.24,1783.78,-249.019,-5026.85
471.0,6.12238,43531.0,9208.69,6606.21,1788.43,-345.293,-5107.05
471.1,6.10556,43482.2,10659.2,6236.96,1806.83,-332.29,-5109.92
471.2,6.08898,43573.7,10952.1,4493.9,1864.61,-189.737,-5053.0
471.3,6.10154,43762.7,9250.98,4456.62,1913.57,-59.4178,-4977.8
471.4,6.12992,43851.5,6527.29,7702.15,1999.68,-106.573,-4922.72
471.5,6.15152,43764.4,3803.46,13038.6,2065.03,-226.819,-4880.96
471.6,6.14766,43536.6,1991.84,16651.1,2105.08,-312.649,-4898.34
471.7,6.12091,43383.9,2195.55,16443.0,2110.16,-241.602,-4989.45
471.8,6.09695,43411.1,2874.39,13193.9,2096.71,-83.249,-5069.79
471.9,6.09975,43548.9,2886.47,10763.1,2080.83,39.7427,-5128.15
472.0,6.11321,43621.9,2541.41,11087.7,2032.19,24.0247,-5186.43
472.1,6.12365,43575.0,2644.11,13869.7,2035.09,-43.33,-5202.0
472.2,6.11992,43440.5,3793.87,17150.5,2063.96,-68.5853,-5102.38
472.3,6.09065,43348.2,5769.28,18511.3,2070.14,-62.047,-4949.24
472.4,6.06774,43453.8,6303.29,19002.5,2080.17,7.63475,-4823.76
472.5,6.05906,43628.3,4680.48,20366.9,2077.89,40.3815,-4785.54
472.6,6.06437,43816.5,2724.35,22556.7,2069.89,-39.7415,-4844.88
472.7,6.09119,43931.7,1118.47,25427.9,2074.4,-118.116,-4936.24
472.8,6.09867,43833.7,248.155,26319.3,2097.13,-171.04,-5033.19
472.9,6.09985,43796.9,-370.118,23353.4,2139.29,-135.893,-5145.14
473.0,6.11917,43834.0,-1616.38,17886.8,2185.0,-13.122,-5185.36
473.1,6.14568,43842.3,-1698.75,12169.5,2219.38,88.2349,-5163.1
473.2,6.18102,43823.1,-3193.31,8652.52,2254.37,111.646,-5015.43
473.3,6.20837,43642.1,-4693.19,8208.5,2294.07,41.8094,-4939.71
473.4,6.20861,43411.9,-4068.27,9434.7,2337.81,-37.4499,-4975.1
473.5,6.19467,43246.5,-2490.48,9857.34,2354.51,-95.2708,-4919.21
473.6,6.16768,43149.4,555.381,9652.82,2308.24,-59.7842,-4887.54
473.7,6.13849,43185.8,1317.21,9356.35,2288.48,-4.28681,-4942.47
473.8,6.12557,43299.3,356.191,9835.47,2229.5,-12.87,-5111.82
473.9,6.12025,43364.7,483.436,10792.1,2176.2,-103.207,-5250.61
474.0,6.11213,43393.3,1904.18,10676.7,2164.35,-148.824,-5199.79
474.1,6.11078,43443.5,2497.8,8943.61,2208.69,-65.6525,-5106.8
474.2,6.11392,43481.3,3.77008,6039.7,2285.94,41.1329,-5118.71
474.3,6.12235,43535.9,-1835.93,2971.09,2332.16,57.0335,-5205.63
474.4,6.15289,43640.0,1105.57,2544.59,2364.41,78.5188,-5158.3
474.5,6.1831,43555.6,6947.73,4174.17,2336.57,15.1885,-4966.71
474.6,6.21056,43466.9,9736.13,6843.15,2302.99,-71.9508,-4882.83
474.7,6.24538,43355.9,8336.04,9133.97,2287.36,-146.652,-5033.12
474.8,6.26884,43174.9,7718.32,9806.26,2231.85,-158.684,-5146.88
474.9,6.28722,43043.9,9091.25,8469.69,2239.43,-132.842,-4985.08
475.0,6.30764,42922.3,11361.7,7171.75,2250.91,-82.606,-4834.03
475.1,6.31409,42777.8,9278.45,7134.85,2296.35,-58.5569,-4890.91
475.2,6.30921,42637.8,5020.84,8607.22,2319.55,-84.1991,-5060.94
475.3,6.28408,42490.1,3690.43,10851.3,2338.93,-135.409,-5093.97
475.4,6.24626,42460.6,4893.43,12399.0,2337.06,-161.457,-4928.65
475.5,6.21928,42537.8,4953.14,12991.1,2306.91,-152.059,-4855.73
475.6,6.21017,42664.4,2263.22,13842.4,2280.61,-141.609,-4991.76
475.7,6.22067,42785.5,-301.557,15730.4,2269.15,-187.532,-5099.66
475.8,6.2466,42804.9,157.491,18507.8,2272.9,-284.579,-5021.55
475.9,6.27428,42738.4,230.806,21591.6,2298.62,-314.921,-4902.9
476.0,6.29486,42630.3,-2934.47,22359.7,2322.31,-344.593,-4965.12
476.1,6.3228,42591.5,-8515.87,20749.5,2376.63,-276.504,-5111.7
476.2,6.35971,42553.3,-10721.8,18235.8,2397.63,-138.907,-5162.73
476.3,6.39982,42467.5,-9826.25,16475.0,2417.1,-71.8184,-5060.78
476.4,6.44228,42349.0,-7405.69,17165.9,2430.75,-104.894,-5059.87
476.5,6.47119,42099.7,-7614.42,19839.3,2452.29,-217.471,-5135.47
476.6,6.46881,41835.4,-5630.15,21594.2,2441.64,-340.446,-5209.84
476.7,6.46404,41730.3,-3100.54,21462.7,2451.07,-343.825,-5043.59
476.8,6.4601,41671.0,-1834.4,20341.8,2434.94,-278.611,-4846.12
476.9,6.46199,41687.9,-5205.55,18913.9,2510.48,-253.785,-4871.55
477.0,6.47704,41648.3,-10002.0,18262.3,2567.22,-256.834,-5068.04
477.1,6.46315,41417.8,-10205.2,17541.3,2532.31,-269.883,-5171.17
477.2,6.42137,41261.8,-4600.46,14905.8,2411.61,-253.434,-5111.61
477.3,6.38749,41297.4,149.86,10828.4,2288.21,-167.511,-5045.46
477.4,6.38114,41468.6,2185.59,7199.79,2218.57,-50.7815,-5177.47
477.5,6.41562,41668.7,1647.66,5129.9,2212.1,-43.0525,-5235.04
477.6,6.46714,41650.6,4550.31,5393.04,2205.14,-159.072,-5110.31
477.7,6.49442,41403.1,9684.53,6531.22,2182.41,-311.502,-4865.44
477.8,6.5051,41260.4,12136.8,6721.88,2176.51,-348.56,-4705.95
477.9,6.53012,41227.6,10556.1,5312.96,2142.57,-307.559,-4730.59
478.0,6.56644,41269.3,9398.62,3317.16,2118.15,-229.209,-4832.91
478.1,6.61561,41226.6,10061.8,1920.2,2063.2,-164.748,-4824.18
478.2,6.63875,40976.9,11407.6,2219.46,2019.82,-132.695,-4828.84
478.3,6.62959,40724.4,9537.39,2963.17,2047.36,-156.201,-4967.24
478.4,6.61217,40781.8,5715.42,3105.81,2120.15,-165.258,-5145.14
478.5,6.59803,40761.2,3447.24,2594.8,2142.57,-131.668,-5139.82
478.6,6.57992,40767.9,5196.83,1466.99,2148.45,-143.264,-4988.88
478.7,6.57287,40810.6,7863.02,126.172,2127.41,-209.1,-4831.34
478.8,6.57,40785.5,10531.5,-589.616,2098.37,-251.742,-4792.97
478.9,6.55069,40745.4,13492.2,-1251.85,2019.15,-221.532,-4774.23
479.0,6.53382,40766.9,17397.7,-2052.74,1922.98,-152.637,-4685.18
479.1,6.52196,40785.6,19153.8,-1269.98,1865.03,-32.4755,-4628.44
479.2,6.51791,40811.6,16893.3,-202.132,1821.42,-23.0292,-4730.1
479.3,6.53526,40885.4,12116.2,1746.05,1805.88,-21.1835,-4932.88
479.4,6.55173,40835.9,9742.61,3233.61,1802.57,-75.7015,-5038.7
479.5,6.56465,40858.3,10397.6,4249.58,1799.5,-86.3958,-4984.55
479.6,6.58917,40880.3,10795.0,4985.98,1813.02,-137.111,-4930.69
479.7,6.61055,40871.3,8977.22,6171.73,1800.23,-167.748,-4967.74
479.8,6.63771,40893.0,8336.91,7327.14,1761.0,-196.032,-5014.82
479.9,6.65562,40827.9,10511.9,7665.98,1708.61,-224.311,-4900.43
480.0,6.65015,40771.5,14552.7,6343.5,1659.92,-196.26,-4731.82
480.1,6.62755,40725.4,17137.7,3267.08,1641.7,-101.504,-4727.84
480.2,6.59247,40694.5,16348.6,426.563,1616.81,38.684,-4846.04
480.3,6.54612,40667.4,15594.5,-1192.08,1570.2,66.4586,-4975.45
480.4,6.50661,40722.2,18865.8,-1299.32,1548.44,-37.9621,-5078.79
480.5,6.47842,40740.1,22862.5,-441.67,1515.89,-130.813,-5048.6
480.6,6.45313,40736.9,23867.1,152.404,1485.64,-167.944,-5014.34
480.7,6.43031,40759.8,22200.4,-349.328,1476.45,-190.366,-5056.94
480.8,6.42442,40831.7,21413.3,-543.136,1437.42,-160.565,-5020.23
480.9,6.42932,40982.5,21958.1,142.242,1403.27,-152.854,-4797.03
481.0,6.44912,41138.1,21508.5,1940.08,1394.01,-153.076,-4613.9
481.1,6.469,41120.9,17272.0,3728.24,1361.47,-176.406,-4678.67
481.2,6.45884,41048.4,14279.2,3486.19,1338.63,-189.647,-4930.14
481.3,6.44589,41098.8,16788.2,193.411,1331.29,-130.213,-4990.19
481.4,6.45076,41219.9,21203.3,-3815.48,1316.61,-11.0122,-4777.06
481.5,6.45453,41310.1,21712.6,-7764.77,1336.73,-28.5725,-4700.9
481.6,6.47607,41410.4,17800.9,-8999.97,1394.88,-70.3705,-4889.7
481.7,6.48229,41301.8,15587.8,-7238.0,1430.51,-152.257,-4967.52
481.8,6.44526,41154.9,20708.6,-5324.91,1382.93,-279.547,-4747.49
481.9,6.41396,41213.1,27652.0,-4052.71,1342.69,-344.523,-4492.36
482.0,6.37907,41290.6,29693.3,-2961.0,1298.93,-296.994,-4511.03
482.1,6.34933,41443.2,27482.2,-1822.76,1271.14,-228.496,-4733.21
482.2,6.33365,41555.6,25402.4,1211.85,1270.46,-221.525,-4810.21
482.3,6.29992,41547.8,26482.3,4802.59,1282.5,-343.576,-4741.43
482.4,6.26679,41640.1,25047.7,6442.82,1288.64,-439.751,-4703.71
482.5,6.25284,41824.0,19766.9,6080.79,1347.62,-381.475,-4889.31
482.6,6.24606,41995.7,13340.7,3615.58,1369.03,-299.947,-5042.77
482.7,6.25997,42216.5,10890.5,380.575,1327.0,-300.681,-4994.67
482.8,6.28836,42342.3,11409.8,-472.621,1293.57,-302.506,-4831.39
482.9,6.29748,42311.6,11169.0,229.347,1282.8,-347.616,-4812.52
483.0,6.29884,42323.6,9725.45,735.327,1292.13,-402.397,-4937.93
483.1,6.29465,42328.7,9989.44,1351.91,1294.35,-366.006,-4986.73
483.2,6.26939,42341.6,13127.8,259.926,1315.34,-334.877,-4866.58
483.3,6.26923,42530.5,16275.0,-1634.5,1351.24,-300.873,-4760.47
483.4,6.27068,42555.0,16601.2,-3166.98,1369.46,-297.811,-4815.33
483.5,6.25418,42530.5,16014.0,-4477.19,1411.73,-310.363,-4938.85
483.6,6.23998,42534.2,17057.6,-4978.62,1413.93,-296.164,-4929.13
483.7,6.20823,42487.6,19088.6,-4278.05,1403.18,-290.663,-4838.6
483.8,6.16562,42557.6,18430.7,-3142.77,1408.73,-299.754,-4849.86
483.9,6.14149,42725.1,16689.1,-1366.25,1407.01,-310.559,-5004.69
484.0,6.1142,42841.6,16521.0,666.3,1402.54,-329.195,-5019.17
484.1,6.08531,42962.5,19491.7,1359.15,1359.52,-372.684,-4819.53
484.2,6.07459,43135.3,22450.5,1673.68,1350.1,-344.889,-4657.58
484.3,6.06998,43253.8,22946.9,2222.24,1360.42,-294.52,-4686.49
484.4,6.07628,43391.4,22904.6,2287.3,1382.24,-327.682,-4751.72
484.5,6.10029,43510.2,24079.6,2281.22,1418.47,-361.919,-4678.46
484.6,6.11201,43546.4,27170.6,1980.86,1422.48,-313.001,-4615.22
484.7,6.11152,43543.7,27516.1,13.7486,1423.9,-287.774,-4647.85
484.8,6.11178,43606.5,26288.2,-1791.58,1429.91,-239.557,-4793.88
484.9,6.10688,43632.0,24355.7,-1947.05,1427.45,-195.076,-4838.94
485.0,6.09774,43682.4,24453.0,-442.788,1402.88,-236.439,-4783.55
485.1,6.09265,43723.2,25605.2,2544.59,1388.65,-331.674,-4742.47
485.2,6.07294,43673.1,25817.5,5853.33,1377.76,-386.932,-4752.96
485.3,6.04005,43675.5,24837.3,8153.98,1407.12,-361.316,-4772.06
485.4,6.00624,43730.2,23362.4,9090.18,1452.43,-326.255,-4757.75
485.5,5.96913,43845.6,22797.6,8647.48,1465.98,-295.318,-4762.48
485.6,5.93299,43990.5,20915.5,6256.15,1416.5,-275.061,-4748.68
485.7,5.90618,44173.0,19243.9,3150.31,1415.47,-174.908,-4845.67
485.8,5.88564,44188.9,15535.1,-726.306,1401.59,-96.509,-4876.67
485.9,5.87195,44145.3,12332.5,-3862.3,1371.12,-32.3662,-4929.87
486.0,5.86068,44002.4,9788.58,-4931.7,1351.78,-9.96138,-4965.41
486.1,5.84092,43845.4,8966.97,-5250.58,1314.32,-104.615,-4947.97
486.2,5.84069,43782.8,9397.27,-5924.77,1330.94,-200.226,-4873.92
486.3,5.86131,43610.2,11044.7,-7362.89,1391.54,-185.199,-4814.71
486.4,5.88726,43468.3,12075.3,-8888.81,1456.75,-69.2783,-4744.83
486.5,5.9017,43399.0,14207.6,-9385.31,1496.92,-4.7045,-4741.79
486.6,5.8923,43428.8,16174.1,-7494.6,1503.06,-4.56875,-4733.09
486.7,5.85776,43587.6,17619.6,-4674.33,1476.33,-65.842,-4740.12
486.8,5.82982,43869.4,19148.5,-2502.52,1453.65,-92.8477,-4839.17
486.9,5.81086,44021.9,18965.5,-1285.74,1404.52,-53.4212,-4884.33
487.0,5.7788,44148.5,18726.2,-1052.92,1377.01,-43.4292,-4914.34
487.1,5.74433,44290.9,18809.7,148.534,1354.63,-60.2024,-4942.08
487.2,5.70262,44314.3,21064.1,3242.49,1373.31,-139.713,-4989.44
487.3,5.66612,44295.5,23286.8,6556.25,1383.0,-260.561,-4918.19
487.4,5.65179,44208.0,25894.5,8343.94,1395.38,-325.432,-4845.65
487.5,5.6486,43986.9,27247.0,7812.96,1439.45,-254.729,-4819.08
487.6,5.64461,43770.5,27195.5,5323.95,1482.13,-119.729,-4812.53
487.7,5.64934,43586.1,27937.5,3252.72,1527.69,-45.1755,-4848.75
487.8,5.64436,43339.6,28062.8,3269.85,1529.3,-66.5844,-4859.92
487.9,5.64158,43199.3,26622.4,3860.75,1523.58,-174.285,-4911.67
488.0,5.65832,43113.0,23464.0,4705.6,1512.7,-195.776,-5038.48
488.1,5.67264,42964.9,20098.7,4349.34,1484.57,-190.878,-5126.11
488.2,5.68375,42999.5,18558.3,3715.56,1489.32,-161.487,-5100.3
488.3,5.69064,43033.1,18027.0,4471.54,1476.51,-163.639,-4985.76
488.4,5.67256,43110.2,16204.4,6459.88,1503.38,-224.233,-4903.63
488.5,5.6475,43314.5,13532.4,7782.48,1531.43,-286.773,-4905.76
488.6,5.62887,43487.9,12770.9,6805.68,1576.29,-283.371,-4918.35
488.7,5.60398,43626.7,15568.2,3130.26,1584.02,-183.484,-4862.16
488.8,5.58301,43806.8,19703.8,-1426.12,1594.77,-76.3798,-4813.09
488.9,5.55855,43891.0,22089.1,-4228.8,1595.24,-56.3237,-4867.05
489.0,5.5306,43968.6,21950.7,-4597.62,1589.91,-132.312,-4962.75
489.1,5.51066,44017.5,20174.6,-3500.4,1568.17,-231.674,-4971.98
489.2,5.50381,43988.5,18914.4,-2802.05,1533.66,-305.783,-4905.47
489.3,5.50929,43937.9,17362.4,-3427.63,1502.7,-313.826,-4815.44
489.4,5.52513,43850.0,15858.7,-4784.92,1491.06,-304.477,-4776.43
489.5,5.53283,43721.5,15850.0,-5989.41,1452.55,-331.573,-4792.88
489.6,5.53492,43704.9,17079.9,-6021.88,1440.75,-336.667,-4793.2
489.7,5.53947,43701.9,19290.2,-5142.93,1442.04,-345.767,-4807.13
489.8,5.54494,43747.3,20997.7,-4451.25,1481.29,-362.202,-4885.43
489.9,5.55159,43842.8,21982.2,-4901.77,1545.46,-349.167,-4964.64
490.0,5.54893,43955.8,23631.1,-6046.65,1608.37,-291.558,-4970.45
490.1,5.52765,44129.9,24597.6,-7089.69,1685.51,-244.825,-4875.08
490.2,5.50768,44369.5,23623.1,-6525.68,1733.22,-241.214,-4816.22
490.3,5.49188,44529.0,21610.8,-3963.34,1738.13,-318.912,-4862.94
490.4,5.47815,44699.3,19492.1,-376.144,1757.98,-394.873,-4898.12
490.5,5.47329,44851.9,19534.6,3125.25,1772.49,-419.997,-4923.67
490.6,5.44705,44901.4,18996.2,5747.55,1765.41,-403.475,-4938.53
490.7,5.40238,44953.0,18737.3,6845.16,1767.11,-375.225,-5050.7
490.8,5.3813,45037.1,18013.6,7710.44,1804.85,-303.486,-5123.59
490.9,5.3796,44984.7,17176.7,8581.09,1863.5,-261.295,-5061.92
491.0,5.39729,44905.3,17101.0,9410.52,1920.46,-254.064,-4993.01
491.1,5.41603,44724.0,15791.9,10346.2,1975.53,-243.43,-4947.65
491.2,5.41155,44592.5,15385.5,11199.9,1992.25,-216.28,-4959.13
491.3,5.40361,44579.2,15995.0,11480.1,1990.92,-221.609,-4924.61
491.4,5.41168,44535.2,18001.4,12141.1,1946.86,-217.775,-4890.87
491.5,5.42596,44461.7,19814.3,13254.3,1903.64,-219.005,-4912.03
491.6,5.44399,44473.4,20767.5,14781.9,1885.73,-215.208,-4977.74
491.7,5.45049,44489.5,21258.9,16691.0,1881.19,-219.757,-5006.94
491.8,5.42927,44614.4,22519.6,17834.8,1902.95,-245.144,-4980.87
491.9,5.41299,44876.6,23389.3,17368.0,1944.86,-265.092,-4900.58
492.0,5.40498,45071.3,23252.8,15129.7,1987.13,-255.389,-4847.01
492.1,5.40788,45076.1,21793.2,11844.4,2053.17,-201.583,-4844.3
492.2,5.4145,45084.9,20648.8,8469.67,2127.15,-177.342,-4878.62
492.3,5.4085,45022.6,21447.1,6156.79,2148.3,-164.191,-4921.75
492.4,5.39005,44996.1,23735.6,5682.71,2142.68,-148.583,-4976.98
492.5,5.36771,45009.6,26231.1,6222.37,2101.75,-169.768,-5033.39
492.6,5.3641,45079.6,28044.8,7511.41,2057.05,-171.786,-5078.61
492.7,5.37361,45096.2,28068.1,8920.68,2022.43,-172.375,-5053.08
492.8,5.38131,45083.2,27509.2,9715.29,2017.16,-191.469,-5013.22
492.9,5.38922,45080.0,26322.6,10211.6,2049.49,-195.884,-4953.6
493.0,5.3909,45052.5,23985.1,10839.2,2106.46,-190.122,-4898.58
493.1,5.38801,45059.6,20853.6,11394.1,2140.61,-190.269,-4913.22
493.2,5.38909,45069.5,17356.6,11619.1,2125.05,-190.507,-4997.23
493.3,5.39479,45086.8,15767.7,11427.7,2119.94,-148.918,-5110.17
493.4,5.40006,45083.6,15703.1,9850.29,2092.35,-107.67,-5121.77
493.5,5.40176,45054.5,15773.4,6866.02,2065.6,-80.2061,-5086.31
493.6,5.38868,45017.5,15445.8,2963.47,2073.16,-44.1595,-5099.11
493.7,5.37889,45056.9,15339.9,-862.38,2128.98,1.28325,-5087.48
493.8,5.38466,45098.8,16017.6,-3172.52,2192.4,19.22,-4967.4
493.9,5.3955,45091.1,15777.0,-3008.05,2241.41,-2.38825,-4824.35
494.0,5.39916,45062.3,13952.6,-1031.19,2267.48,-60.3426,-4809.09
494.1,5.39877,45063.4,10801.0,2240.75,2318.87,-75.314,-4884.56
494.2,5.39528,45044.4,7990.7,5828.85,2342.33,-67.2107,-4918.49
494.3,5.39423,45074.2,4838.61,9331.83,2348.15,-67.9942,-4930.87
494.4,5.39852,45078.2,1189.79,12728.4,2341.17,-102.17,-5040.16
494.5,5.40399,45081.6,-3902.17,15314.5,2372.45,-159.557,-5157.87
494.6,5.41241,45091.4,-7184.96,16112.9,2400.67,-204.232,-5203.5
494.7,5.41999,45079.7,-9020.84,15084.4,2448.6,-197.127,-5123.39
494.8,5.4296,45106.9,-9747.45,13090.5,2536.3,-123.564,-5050.55
494.9,5.44847,45117.6,-9969.08,11509.9,2587.36,-51.145,-5026.4
495.0,5.46118,45089.0,-8558.29,11347.2,2614.76,-32.3672,-5014.57
495.1,5.46665,45067.3,-5189.95,12234.4,2601.97,-57.848,-4948.83
495.2,5.46472,45046.4,-69.1037,13045.0,2552.46,-101.822,-4916.15
495.3,5.45493,45036.6,5491.57,12734.8,2479.2,-138.93,-4962.95
495.4,5.45202,45072.3,9773.37,11879.8,2422.88,-139.395,-4995.56
495.5,5.46202,45115.2,12769.2,11691.8,2419.7,-160.189,-5000.76
495.6,5.48112,45127.4,14072.9,12438.3,2431.91,-221.751,-4985.2
495.7,5.50655,45127.3,14541.7,13814.4,2460.05,-282.63,-4992.51
495.8,5.51469,45065.0,15429.7,14382.6,2469.48,-299.968,-4996.44
495.9,5.5053,45023.6,16671.6,12630.5,2436.18,-268.048,-4925.39
496.0,5.50094,45065.9,18229.5,9854.13,2389.89,-158.93,-4870.49
496.1,5.51661,45138.2,20652.7,7820.85,2367.26,-76.841,-4899.39
496.2,5.54703,45162.8,22244.9,8274.96,2350.74,-74.95,-4914.96
496.3,5.57639,45125.9,24497.5,11176.9,2370.69,-188.277,-4949.23
496.4,5.57979,45045.2,26584.4,14579.1,2411.06,-307.956,-4986.19
496.5,5.57371,45047.7,26667.6,17110.2,2441.17,-312.914,-4969.85
496.6,5.57599,45088.0,23787.2,18524.7,2506.44,-266.73,-4943.4
496.7,5.59686,45160.6,17905.3,19837.5,2560.34,-217.443,-4931.47
496.8,5.64122,45191.7,11088.5,22387.0,2626.3,-209.535,-4934.26
496.9,5.66044,45078.2,5407.82,25231.6,2671.26,-278.714,-4950.91
497.0,5.65623,45027.7,2053.29,26691.7,2705.65,-333.876,-5000.42
497.1,5.63404,44983.2,-2839.4,25911.3,2706.18,-309.62,-5001.24
497.2,5.60635,44995.6,-7647.9,22178.8,2681.19,-265.266,-5107.0
497.3,5.61152,45146.8,-10499.3,16909.6,2693.65,-206.79,-5237.47
497.4,5.65295,45197.9,-8932.71,12740.4,2710.17,-138.429,-5234.43
497.5,5.68956,45153.6,-5879.69,10676.1,2767.59,-105.402,-5065.38
497.6,5.71201,45100.0,-3710.18,11162.2,2827.78,-93.7803,-4953.1
497.7,5.71086,45025.2,-5134.84,13514.3,2901.62,-98.8323,-4951.02
497.8,5.70657,45078.0,-7598.59,16042.8,2979.21,-109.882,-4963.54
497.9,5.7318,45166.1,-10196.8,17480.7,3013.05,-149.529,-4893.95
498.0,5.75929,45135.0,-13716.3,17641.9,2983.46,-164.353,-4869.21
498.1,5.78154,45126.3,-18933.0,16794.4,2995.29,-152.884,-5020.96
498.2,5.79636,45092.0,-24014.3,16070.5,2969.15,-137.858,-5223.13
498.3,5.80297,45080.5,-26038.2,15745.2,2924.5,-140.587,-5285.6
498.4,5.81954,45135.1,-24267.9,15084.2,2887.32,-129.521,-5199.21
498.5,5.85201,45163.8,-21966.8,13422.4,2890.62,-66.2881,-5065.97
498.6,5.8809,45128.1,-19625.7,11159.5,2872.16,51.2259,-4964.88
498.7,5.88455,45041.2,-17133.0,8681.25,2872.71,97.7292,-4830.59
498.8,5.86875,45002.9,-12184.7,7087.56,2863.49,59.3795,-4694.42
498.9,5.84878,45010.5,-6164.81,5811.95,2824.36,-54.6264,-4603.8
499.0,5.84847,45105.3,-1688.62,4482.69,2790.6,-127.17,-4646.73
499.1,5.87584,45168.3,1786.53,2985.41,2765.33,-150.411,-4809.36
499.2,5.91398,45178.1,4907.18,1637.53,2761.46,-142.435,-4915.5
499.3,5.94415,45126.3,8894.91,252.211,2722.22,-167.338,-4895.03
499.4,5.95984,45097.9,13957.3,-878.131,2706.47,-148.496,-4861.69
499.5,5.9768,45112.0,17060.4,-1102.82,2694.42,-45.8246,-4802.49
499.6,6.00017,45129.8,17897.7,113.291,2731.11,29.9995,-4763.88
499.7,6.03393,45021.3,18398.0,3452.15,2753.74,16.544,-4790.08
499.8,6.04908,44800.6,18283.1,8979.64,2777.3,-21.7725,-4807.89
499.9,6.03508,44522.0,16148.4,14815.3,2776.67,-86.4725,-4843.1
500.0,6.00529,44374.6,12809.0,18879.0,2729.22,-168.782,-4994.99
500.1,5.99454,44470.6,9599.79,20328.3,2698.68,-198.22,-5163.72
500.2,6.02274,44610.3,8513.14,20163.8,2643.07,-157.911,-5214.4
500.3,6.06134,44602.4,8642.57,19613.4,2619.61,-115.231,-5168.38
500.4,6.08663,44393.2,7818.62,19642.2,2623.21,-98.8798,-5148.89
500.5,6.08373,44116.8,6046.43,19686.7,2681.47,-89.1898,-5161.8
500.6,6.06545,43982.0,5966.6,18685.0,2723.13,-21.181,-5101.5
500.7,6.05159,43983.0,9193.25,16526.8,2710.82,72.9082,-4944.36
500.8,6.05338,44067.8,11853.0,14726.0,2694.66,144.369,-4786.55
500.9,6.06505,44087.4,10473.9,14380.7,2637.96,117.069,-4781.08
501.0,6.08308,44044.6,8032.35,15660.9,2606.78,-14.441,-4978.96
501.1,6.09886,43921.3,6548.28,17150.0,2563.22,-166.547,-5075.8
501.2,6.10807,43823.8,6685.25,17089.5,2490.64,-240.966,-5005.71
501.3,6.11893,43774.2,4775.98,14223.1,2433.52,-261.641,-4967.43
501.4,6.13627,43807.9,1065.93,9752.35,2425.47,-179.652,-5067.15
501.5,6.16544,43804.6,-2358.81,5717.78,2456.01,-48.0435,-5092.67
501.6,6.18396,43680.3,-3877.11,3660.02,2534.69,29.8818,-4922.33
501.7,6.17835,43478.6,-4072.9,2886.32,2572.92,1.15925,-4795.87
501.8,6.16074,43341.3,-4399.74,2507.85,2599.91,-46.7,-4852.87
501.9,6.14425,43329.8,-3082.79,1457.28,2596.76,-89.933,-4943.5
502.0,6.15209,43424.5,302.71,-488.886,2557.37,-156.053,-4886.47
502.1,6.17961,43469.8,4944.58,-1374.51,2496.5,-213.871,-4855.44
502.2,6.21706,43425.8,7548.03,446.503,2526.72,-263.604,-4948.08
502.3,6.2452,43250.6,7738.48,4082.75,2571.68,-353.685,-5045.19
502.4,6.257,43064.2,9098.07,8844.18,2608.13,-370.565,-5069.89
502.5,6.25028,42894.9,12037.9,12850.7,2635.33,-308.412,-4977.5
502.6,6.24241,42888.8,15082.9,14750.1,2645.88,-233.219,-4878.06
502.7,6.25505,42937.9,15368.5,15787.8,2605.94,-167.179,-4842.18
502.8,6.26861,42904.1,14017.4,17329.6,2590.89,-151.085,-4905.59
502.9,6.28128,42830.6,13588.6,19773.2,2582.19,-203.977,-4986.15
503.0,6.29735,42715.7,12133.0,23308.6,2560.38,-299.537,-4989.16
503.1,6.30891,42635.8,8877.64,27327.6,2596.39,-370.97,-5064.5
503.2,6.32528,42594.1,2932.46,29685.1,2600.61,-426.562,-5184.41
503.3,6.34589,42555.8,-90.4702,29634.7,2610.76,-416.746,-5285.76
503.4,6.36846,42493.8,169.526,27826.6,2630.54,-303.171,-5146.45
503.5,6.38695,42382.3,1713.38,25155.8,2644.7,-207.317,-4912.75
503.6,6.39534,42207.1,1738.67,23399.0,2609.86,-162.446,-4873.06
503.7,6.3922,42042.8,-175.619,22752.1,2575.41,-180.447,-4944.69
503.8,6.38708,41958.0,679.379,21740.7,2517.25,-246.033,-4959.01
503.9,6.39797,41930.2,4417.31,20496.0,2424.51,-253.388,-4851.8
504.0,6.40341,41856.4,5601.54,18801.5,2364.59,-270.531,-4801.02
504.1,6.4024,41769.5,2884.99,16131.1,2298.52,-331.957,-4974.59
504.2,6.40411,41736.5,-1992.27,14171.7,2262.23,-297.342,-5133.71
504.3,6.40138,41703.2,-4156.42,12774.2,2239.35,-259.147,-5115.04
504.4,6.40579,41745.1,-4177.21,11419.0,2228.68,-257.585,-4979.7
504.5,6.42116,41748.7,-5975.23,9957.13,2231.45,-254.036,-4912.46
504.6,6.42279,41651.3,-8227.36,8569.3,2224.58,-172.797,-5021.32
504.7,6.41883,41601.2,-7442.68,7135.06,2220.35,-94.6178,-5081.92
504.8,6.42707,41585.4,-4349.1,6982.19,2216.26,-98.2865,-4944.59
504.9,6.43647,41587.7,-50.1091,7423.81,2248.28,-204.87,-4909.26
505.0,6.47056,41621.2,2960.16,8162.38,2301.0,-241.0,-5063.52
505.1,6.49778,41479.0,3992.98,8495.96,2349.53,-229.053,-5123.09
505.2,6.49694,41295.2,5177.07,8097.71,2377.11,-181.757,-5036.03
505.3,6.49134,41197.9,5605.67,8137.76,2380.65,-120.304,-4962.21
505.4,6.47945,41160.5,4227.17,9854.51,2359.46,-58.6312,-4995.98
505.5,6.46455,41167.1,2033.24,11987.1,2275.64,-73.1631,-5016.0
505.6,6.45572,41203.8,1632.54,14536.5,2202.94,-82.7846,-4992.85
505.7,6.433,41165.5,3041.06,16523.7,2146.88,-78.5434,-4976.82
505.8,6.40799,41198.9,3477.63,17660.5,2147.1,-45.418,-5004.0
505.9,6.39125,41276.8,3594.6,18570.8,2158.73,-47.779,-5110.36
506.0,6.39202,41437.7,3881.3,20242.9,2196.11,-36.3572,-5159.71
506.1,6.41474,41574.2,5052.48,21927.1,2232.67,-67.5728,-5095.57
506.2,6.44745,41601.7,5732.21,23625.3,2253.06,-77.8886,-5029.68
506.3,6.46853,41497.4,4506.71,24470.4,2269.16,-69.0161,-5034.29
506.4,6.47297,41359.4,1012.68,23595.2,2236.66,-73.8209,-5028.42
506.5,6.46706,41298.2,-2280.09,21198.9,2204.54,-58.0245,-5044.39
506.6,6.47447,41330.8,-3455.81,17910.9,2132.67,-15.1485,-5081.21
506.7,6.48399,41342.5,-3941.29,13222.8,2053.47,-27.8358,-5077.36
506.8,6.49981,41316.7,-3528.87,8837.1,1990.18,33.034,-5084.79
506.9,6.50357,41206.1,-3039.64,6508.01,1973.25,132.844,-5105.45
507.0,6.4882,41105.7,-3514.64,6593.5,2001.11,155.548,-5079.35
507.1,6.47169,41094.1,-5857.24,8935.72,2035.45,97.1062,-5009.24
507.2,6.45077,41130.9,-8842.93,12661.6,2086.84,52.1087,-5011.25
507.3,6.42563,41187.3,-12012.0,15182.8,2079.08,14.6342,-5035.45
507.4,6.40843,41295.0,-13420.7,16443.8,2045.64,11.655,-5052.65
507.5,6.39734,41367.6,-14118.0,17524.1,2022.29,18.1523,-5032.79
507.6,6.38871,41416.3,-14590.5,17887.3,1943.35,-49.5299,-5076.77
507.7,6.39474,41499.3,-16157.0,18066.3,1894.78,-88.1745,-5152.64
507.8,6.40676,41508.9,-17053.8,17303.0,1899.29,-90.4021,-5207.3
507.9,6.42308,41547.9,-16384.5,14713.7,1910.76,-62.4645,-5144.81
508.0,6.44379,41523.9,-15575.0,11283.6,1891.86,-14.6147,-4995.53
508.1,6.44493,41436.0,-15376.1,8577.22,1917.74,57.4989,-4937.78
508.2,6.43571,41409.7,-15649.4,6332.4,1963.23,45.1701,-4969.18
508.3,6.43467,41466.4,-15166.7,5603.82,1989.01,7.03786,-4970.8
508.4,6.42465,41456.9,-13636.2,5545.23,1984.98,-71.2742,-4938.38
508.5,6.413,41493.9,-13622.9,4677.19,1993.41,-168.196,-4945.8
508.6,6.40544,41518.3,-14886.5,3345.09,1948.46,-191.168,-5045.78
508.7,6.38285,41482.7,-16783.8,1087.67,1896.11,-196.802,-5079.61
508.8,6.36715,41585.8,-16885.9,-1415.63,1863.94,-163.488,-5031.33
508.9,6.36824,41689.3,-15055.4,-3260.6,1859.19,-114.051,-4987.4
509.0,6.36535,41693.6,-14104.4,-4461.15,1884.17,-65.9281,-4955.25
509.1,6.35285,41680.4,-13717.0,-5065.87,1901.41,-10.2493,-4942.06
509.2,6.32834,41649.8,-13159.4,-5093.86,1932.49,12.3722,-4943.45
509.3,6.29052,41666.6,-11475.2,-5299.96,1882.3,-23.5278,-4916.86
509.4,6.27729,41894.6,-10937.4,-5410.89,1833.31,-71.768,-4861.62
509.5,6.28894,42078.1,-8803.14,-5097.48,1754.24,-139.642,-4948.44
509.6,6.30895,42167.5,-7612.85,-3947.42,1655.63,-182.753,-4976.67
509.7,6.3303,42179.0,-5624.14,-1845.45,1606.42,-236.932,-4963.58
509.8,6.33869,42111.5,-2732.61,1151.03,1608.24,-257.416,-4969.71
509.9,6.34032,42097.1,-1215.02,4366.15,1642.93,-220.606,-4925.84
510.0,6.34013,42128.3,-2467.47,7313.35,1747.13,-161.746,-4877.73
510.1,6.33629,42158.0,-3220.42,9113.83,1854.29,-143.041,-4922.19
510.2,6.33288,42186.0,-3363.38,9930.79,1942.57,-121.614,-4926.91
510.3,6.3186,42123.1,-3085.43,10188.5,1949.97,-140.495,-4876.59
510.4,6.29178,42115.0,-2884.76,10335.7,1940.14,-202.433,-4949.67
510.5,6.28551,42209.3,-6255.41,11598.2,1940.83,-253.474,-5065.01
510.6,6.29365,42301.8,-9803.38,14964.2,1966.0,-277.717,-5220.87
510.7,6.30592,42317.3,-12216.0,19354.3,2020.03,-332.788,-5293.14
510.8,6.30153,42224.0,-15023.2,23432.5,2049.41,-374.534,-5205.97
510.9,6.27156,42121.4,-18397.4,25480.8,2117.86,-355.116,-5152.8
511.0,6.23396,42192.1,-22365.3,24621.3,2167.24,-250.932,-5151.41
511.1,6.21705,42389.5,-25091.9,21413.5,2191.0,-167.156,-5116.85
511.2,6.2185,42584.2,-26254.3,18070.4,2163.64,-92.2045,-5010.19
511.3,6.22699,42667.1,-26911.7,15461.9,2149.27,-84.7103,-4990.83
511.4,6.23033,42655.8,-28101.1,13364.5,2121.33,-126.916,-5101.84
511.5,6.22588,42637.4,-27590.4,11127.3,2043.04,-143.545,-5237.17
511.6,6.22227,42703.4,-24333.9,7689.72,1993.63,-141.833,-5223.36
511.7,6.23858,42850.8,-20595.4,3519.25,1969.9,-97.5058,-5072.09
511.8,6.26581,42911.2,-18921.6,-234.864,1949.08,-63.9972,-4962.83
511.9,6.27043,42791.8,-18929.5,-3792.34,1947.42,-88.4555,-4942.6
512.0,6.26612,42712.4,-17935.0,-6446.08,1986.3,-65.0267,-4877.54
512.1,6.25031,42607.1,-15072.8,-8480.25,1983.9,-23.3843,-4698.27
512.2,6.23664,42626.6,-12843.9,-9699.94,1982.7,10.9515,-4601.66
512.3,6.23998,42698.5,-13076.5,-9364.17,1961.63,25.7579,-4701.48
512.4,6.24258,42674.7,-13864.2,-6976.9,1942.71,33.5887,-4856.71
512.5,6.23832,42638.9,-13104.2,-2851.86,1981.64,15.1117,-4896.31
512.6,6.22736,42588.0,-9975.4,1940.45,1983.82,-76.7213,-4903.29
512.7,6.2055,42591.3,-7811.23,6572.93,1977.31,-146.412,-4927.85
512.8,6.18669,42675.7,-7139.43,10221.6,1977.57,-157.359,-4945.83
512.9,6.17569,42803.6,-5851.46,13163.4,1963.94,-144.766,-4921.16
513.0,6.17902,42943.5,-1444.44,16703.1,1940.4,-124.549,-4865.04
513.1,6.18045,42969.9,820.562,21789.9,1936.03,-118.128,-4725.17
513.2,6.17443,42957.2,517.443,27974.8,1977.67,-132.22,-4784.52
513.3,6.16049,42962.7,-3360.71,33357.4,2000.69,-167.844,-4955.11
513.4,6.14056,43017.7,-6127.08,35658.7,2016.94,-195.088,-5095.87
513.5,6.13602,43186.3,-7528.4,34849.0,2045.26,-119.831,-5102.04
513.6,6.14981,43353.2,-9691.55,32052.5,2120.05,-29.5706,-5129.57
513.7,6.17771,43421.4,-14402.6,29741.2,2183.19,15.71,-5246.37
513.8,6.19594,43343.9,-19830.5,30061.1,2242.62,23.2945,-5356.39
513.9,6.19531,43185.9,-23384.9,32666.7,2304.69,-15.4747,-5315.76
514.0,6.17648,43082.5,-25514.3,35392.7,2300.81,-63.6872,-5169.9
514.1,6.16253,43117.5,-27294.2,37161.7,2307.77,-34.433,-5133.95
514.2,6.14961,43150.6,-29097.9,36661.7,2292.62,-4.6685,-5160.76
514.3,6.1422,43224.7,-29891.8,34919.7,2282.33,38.4515,-5128.5
514.4,6.12907,43197.6,-29627.0,32548.3,2258.55,7.0405,-5058.28
514.5,6.10162,43193.1,-30173.5,29602.1,2214.75,-38.5575,-5077.69
514.6,6.0878,43319.1,-30457.4,25662.6,2199.79,-53.4487,-5204.9
514.7,6.08648,43435.8,-30411.8,20663.3,2145.39,-20.274,-5203.92
514.8,6.08802,43546.7,-26233.6,15252.8,2094.15,42.9139,-5166.56
514.9,6.09241,43594.1,-21398.5,10012.4,2050.62,56.0339,-5046.07
515.0,6.09437,43622.9,-17232.4,6383.29,2050.55,47.6214,-4947.75
515.1,6.09942,43665.1,-15966.8,4382.3,2074.21,10.1807,-4868.41
515.2,6.108,43690.9,-15057.5,2850.2,2082.38,-89.1449,-4845.02
515.3,6.12092,43691.9,-14456.6,971.998,2066.48,-174.566,-4799.63
515.4,6.13765,43701.9,-13786.4,-1052.76,2068.18,-172.645,-4784.12
515.5,6.1519,43628.8,-12219.3,-3648.16,2029.88,-185.967,-4876.29
515.6,6.16092,43579.6,-11720.7,-4721.93,2025.14,-127.831,-4967.97
515.7,6.1644,43493.4,-10903.3,-2704.56,2001.37,-38.5201,-5048.58
515.8,6.15184,43413.2,-9424.03,2410.9,1972.24,-38.3648,-5096.94
515.9,6.13468,43412.1,-7589.43,9672.79,1996.91,-116.927,-5092.87
516.0,6.11352,43400.4,-5657.9,17219.7,2006.57,-228.401,-5043.33
516.1,6.08044,43427.8,-5238.69,23592.0,2016.11,-292.269,-4960.87
516.2,6.05206,43515.6,-7359.9,27723.8,2081.06,-371.81,-4907.75
516.3,6.04507,43692.3,-8879.33,31102.9,2138.0,-398.465,-4978.24
516.4,6.05717,43826.5,-9701.33,34121.3,2166.9,-411.755,-5028.23
516.5,6.08437,43897.3,-10803.2,37550.0,2207.67,-381.205,-5056.46
516.6,6.1067,43828.8,-11094.0,40176.8,2214.3,-348.009,-5195.55
516.7,6.11449,43720.3,-12685.7,41337.3,2206.3,-249.608,-5281.69
516.8,6.11436,43668.1,-14567.6,41063.0,2216.45,-123.317,-5267.88
516.9,6.11458,43673.9,-17151.0,39856.8,2232.47,-63.7882,-5215.15
517.0,6.12472,43733.2,-19946.2,39028.2,2268.86,-96.5385,-5197.38
517.1,6.13649,43708.0,-23324.8,38851.9,2311.76,-217.63,-5150.62
517.2,6.14129,43643.7,-24493.4,38797.2,2360.27,-335.37,-5121.89
517.3,6.14099,43562.7,-25801.2,38108.2,2360.48,-387.53,-5058.77
517.4,6.13306,43509.4,-28047.9,36540.6,2358.0,-350.545,-5047.78
517.5,6.13446,43566.9,-30304.9,34569.7,2385.91,-251.248,-5154.0
517.6,6.14511,43584.8,-32127.2,32468.9,2371.67,-169.748,-5204.15
517.7,6.14153,43507.2,-32782.4,29594.1,2333.66,-134.068,-5180.93
517.8,6.12174,43413.7,-33579.8,25814.0,2298.4,-67.1704,-5157.48
517.9,6.09424,43372.3,-33670.4,20987.4,2280.02,-26.4018,-5208.46
518.0,6.06909,43440.0,-32745.6,15143.7,2245.77,-53.7903,-5199.9
518.1,6.06924,43600.6,-29413.1,9247.49,2219.69,-110.062,-5093.97
518.2,6.08818,43702.9,-23494.2,3891.62,2196.37,-160.527,-4997.12
518.3,6.12317,43763.2,-17883.6,-209.25,2210.06,-158.335,-4935.81
518.4,6.16296,43692.2,-13708.2,-2419.56,2247.93,-138.317,-4897.2
518.5,6.18671,43550.4,-10881.3,-2736.5,2288.98,-95.9751,-4859.42
518.6,6.197,43419.1,-8480.17,-2094.76,2285.98,-36.6004,-4845.83
518.7,6.19602,43328.0,-6535.95,-1232.72,2219.96,4.27938,-4829.89
518.8,6.188,43322.3,-5826.51,-1014.49,2179.2,8.9235,-4815.2
518.9,6.18558,43331.9,-5989.15,-1432.34,2113.18,-9.41775,-4851.78
519.0,6.17722,43279.3,-5816.85,-1696.11,2076.22,-49.229,-4946.65
519.1,6.16044,43230.1,-4709.69,-942.015,2067.07,-104.654,-4990.27
519.2,6.14298,43221.2,-2462.74,1311.56,2074.22,-163.296,-4964.53
519.3,6.13297,43268.6,-1304.04,5218.82,2111.87,-202.626,-4925.32
519.4,6.12535,43337.6,-464.289,8909.88,2158.39,-240.648,-4935.97
519.5,6.13284,43421.9,973.938,11827.3,2208.02,-189.099,-4924.0
519.6,6.14015,43426.5,2278.89,14807.2,2300.33,-67.6211,-4830.82
519.7,6.13244,43346.6,4110.11,17603.2,2366.11,-37.2999,-4840.19
519.8,6.12878,43345.8,4910.61,20914.4,2396.83,-99.8187,-4965.19
519.9,6.11825,43321.6,4344.8,24390.8,2354.83,-147.179,-5067.59
520.0,6.11839,43394.6,3457.19,27074.3,2305.42,-143.019,-5122.95
520.1,6.14264,43502.7,128.771,28938.0,2273.67,-137.855,-5130.12
520.2,6.17343,43497.9,-4866.15,30675.9,2281.88,-140.391,-5200.6
520.3,6.18824,43373.6,-9690.29,32221.9,2266.19,-140.88,-5256.25
520.4,6.17422,43213.2,-14255.6,32403.5,2267.93,-149.135,-5166.54
520.5,6.14905,43210.3,-15796.7,30269.7,2306.61,-119.808,-5121.45
520.6,6.13805,43347.9,-16785.9,26135.8,2347.1,-16.6122,-5091.29
520.7,6.1356,43440.0,-18268.4,21326.2,2373.59,88.7601,-5053.63
520.8,6.12548,43438.2,-18146.9,16264.3,2379.9,84.7471,-5087.0
520.9,6.1174,43432.4,-17473.4,12387.9,2402.37,87.757,-5106.7
521.0,6.11221,43398.4,-15348.1,9491.69,2394.06,56.1579,-5101.21
521.1,6.10569,43420.2,-13530.9,6443.43,2349.82,-11.9011,-5063.26
521.2,6.11897,43494.3,-11384.0,3807.3,2317.88,-15.3025,-5065.0
521.3,6.13842,43501.4,-8290.01,2634.92,2298.52,24.2477,-5051.23
521.4,6.15454,43488.0,-3741.95,3574.98,2286.03,31.183,-4988.37
521.5,6.16982,43410.0,-493.8,7541.25,2281.5,-18.2135,-4892.69
521.6,6.15865,43273.5,-94.6384,12171.7,2320.19,-128.948,-4886.02
521.7,6.14797,43298.6,-1905.04,14521.7,2335.76,-175.138,-4915.53
521.8,6.15196,43370.0,-2514.99,14332.4,2325.96,-106.319,-4918.78
521.9,6.16191,43448.8,-2729.62,13684.9,2320.15,31.0713,-4844.07
522.0,6.18759,43477.6,-2625.93,14366.9,2310.34,6.95575,-4892.73
522.1,6.2028,43373.0,-3577.39,18423.1,2276.58,-92.2708,-5050.46
522.2,6.19446,43240.4,-4489.86,24001.1,2270.24,-178.608,-5179.79
522.3,6.16503,43124.2,-3890.57,26304.4,2200.72,-302.737,-5157.17
522.4,6.13747,43214.0,-3188.43,24859.3,2178.89,-261.829,-5073.62
522.5,6.12482,43344.7,-3909.32,20858.8,2181.21,-119.215,-4996.22
522.6,6.13083,43470.8,-5273.13,18298.3,2212.26,11.2525,-4969.38
522.7,6.14958,43492.6,-5646.31,20066.8,2283.21,-16.9891,-4920.08
522.8,6.15768,43371.2,-6447.05,25729.4,2336.55,-154.848,-4819.34
522.9,6.15828,43269.1,-8452.88,31431.0,2394.35,-291.431,-4882.58
523.0,6.15724,43228.9,-10438.4,33035.2,2368.54,-343.083,-5062.86
523.1,6.16389,43296.3,-11491.8,30270.8,2345.57,-225.918,-5132.47
523.2,6.19141,43383.8,-11315.4,26516.8,2335.94,-37.8835,-5093.7
523.3,6.22713,43380.3,-12210.7,26040.8,2343.98,59.6945,-5114.05
523.4,6.25819,43240.9,-17215.4,29784.3,2408.86,-49.0431,-5170.49
523.5,6.26135,42984.7,-22166.1,34748.6,2444.28,-244.944,-5210.2
523.6,6.24116,42825.0,-25098.5,35472.9,2501.19,-353.328,-5094.15
523.7,6.21966,42803.2,-25578.8,28795.1,2503.94,-301.903,-4914.04
523.8,6.21774,42924.6,-25958.9,17497.5,2483.42,-102.144,-4837.93
523.9,6.22805,43001.0,-25778.3,6677.08,2435.95,50.6765,-4890.24
524.0,6.24808,42992.5,-23124.5,615.076,2423.04,49.574,-4976.83
524.1,6.25657,42855.8,-19406.6,-193.103,2401.35,-38.166,-4991.76
524.2,6.24712,42704.3,-15986.3,1302.98,2387.47,-69.4808,-5041.04
524.3,6.22301,42607.8,-14211.1,1761.86,2339.06,-32.17,-5083.17
524.4,6.19322,42643.8,-13144.2,-235.389,2321.7,6.029,-5009.85
524.5,6.19295,42849.8,-11582.9,-2251.33,2287.11,47.4926,-4816.17
524.6,6.21791,42978.2,-10483.9,-1368.02,2250.53,16.8955,-4676.29
524.7,6.24975,42979.0,-10334.3,2862.93,2233.79,-152.281,-4723.33
524.8,6.28532,42883.8,-10945.2,8758.65,2243.15,-339.221,-4858.01
524.9,6.30228,42679.2,-11378.7,13296.3,2235.9,-380.917,-4942.49
525.0,6.30098,42549.7,-11089.7,13949.4,2224.13,-263.028,-5007.33
525.1,6.30925,42588.1,-12131.5,11950.0,2245.18,-18.5842,-5067.36
525.2,6.33281,42624.6,-13282.2,10513.2,2255.06,186.401,-5126.95
525.3,6.3553,42577.1,-13963.3,12354.6,2246.17,253.391,-5110.81
525.4,6.34981,42336.7,-13571.3,17017.3,2211.48,125.642,-5024.77
525.5,6.30504,42094.7,-12511.7,21543.9,2156.17,-89.0769,-4962.19
525.6,6.25422,42118.9,-11038.8,23266.1,2134.48,-194.634,-4970.58
525.7,6.22799,42296.7,-9643.07,22190.8,2084.43,-154.179,-4964.11
525.8,6.21757,42490.3,-8036.12,20644.3,2053.92,-58.4582,-4947.82
525.9,6.22489,42625.9,-5618.33,21685.8,2050.06,4.66038,-4985.43
526.0,6.22083,42586.3,-4316.93,24954.9,2083.63,-30.1943,-4987.82
526.1,6.20841,42566.9,-3978.46,28731.3,2098.15,-4.851,-4981.39
526.2,6.19367,42594.9,-4260.04,30009.1,2106.48,55.6495,-4978.01
526.3,6.19056,42735.0,-4891.9,28473.6,2108.58,153.688,-4944.74
526.4,6.21602,42915.8,-6427.54,26131.0,2131.19,214.651,-4875.77
526.5,6.2473,42910.6,-11461.8,24637.5,2163.63,128.394,-4828.99
526.6,6.26986,42826.7,-18044.0,24366.2,2187.08,-10.4285,-4953.63
526.7,6.28741,42716.6,-23723.9,23561.3,2234.47,-131.366,-5104.58
526.8,6.29989,42644.2,-25519.3,20423.8,2281.29,-133.318,-5109.03
526.9,6.31907,42619.4,-24311.5,14909.7,2274.79,-19.4513,-4998.79
527.0,6.32232,42510.9,-23347.5,8413.54,2243.25,82.5916,-4938.73
527.1,6.30518,42406.7,-23078.0,2926.02,2226.89,155.123,-4965.87
527.2,6.27179,42326.0,-21401.0,-1594.59,2225.0,132.633,-4960.19
527.3,6.22828,42336.8,-16751.4,-5852.52,2233.88,79.8178,-4870.51
527.4,6.19014,42447.7,-11058.5,-10726.8,2236.51,65.3374,-4797.94
527.5,6.16683,42595.0,-7198.02,-14969.0,2219.89,88.0508,-4822.58
527.6,6.14584,42723.4,-5212.12,-17295.6,2189.56,58.9483,-4908.05
527.7,6.1538,42917.2,-2625.21,-15083.9,2140.58,43.251,-4968.35
527.8,6.17533,43002.4,-2078.89,-8823.85,2090.52,-53.5424,-4899.04
527.9,6.19985,43052.3,-3679.22,-1433.32,2068.25,-186.947,-4920.05
528.0,6.23007,43024.4,-6085.03,3615.13,2068.04,-270.861,-5055.48
528.1,6.24951,42950.7,-6959.43,4798.13,2124.16,-206.977,-5098.11
528.2,6.26395,42904.5,-5778.09,2110.42,2133.59,-97.2705,-4966.52
528.3,6.29198,42929.2,-4124.08,-57.5121,2179.55,28.6914,-4917.8
528.4,6.3156,42826.5,-3276.8,189.14,2167.45,19.2243,-4994.11
528.5,6.33556,42741.6,-1011.8,3829.03,2123.48,-33.3737,-5064.86
528.6,6.34127,42558.3,2522.83,9341.64,2069.49,-124.068,-4966.7
528.7,6.31484,42371.7,5780.3,13612.3,2033.86,-240.212,-4851.27
528.8,6.28162,42368.7,6310.63,15582.8,2018.09,-278.414,-4899.7
528.9,6.24783,42399.1,3825.85,16629.1,2035.09,-246.15,-4983.54
529.0,6.20714,42483.2,1229.89,17484.7,2050.26,-256.775,-4979.98
529.1,6.18009,42627.3,1773.99,18433.9,2057.34,-342.001,-4978.68
529.2,6.16233,42707.9,1420.18,19314.6,2064.5,-371.181,-4957.24
529.3,6.14518,42786.8,-827.075,18222.4,2108.62,-302.309,-4989.27
529.4,6.15361,42919.7,-4652.47,15106.5,2149.17,-184.477,-5024.27
529.5,6.17331,42967.3,-8152.45,12499.9,2145.13,-65.0328,-5005.64
529.6,6.19678,43007.1,-11774.1,11871.6,2162.77,-50.1059,-4925.03
529.7,6.22304,42984.1,-14808.5,12865.9,2150.86,-184.844,-4950.82
529.8,6.24711,42951.0,-17028.7,13976.3,2167.84,-315.68,-5056.22
529.9,6.26787,42909.0,-16960.1,13144.9,2146.49,-333.226,-5091.48
530.0,6.28496,42861.4,-15179.8,9957.46,2166.66,-293.846,-5006.95
530.1,6.30156,42817.8,-12857.5,6326.69,2228.17,-215.08,-4943.95
530.2,6.32075,42756.2,-11734.4,3846.83,2290.79,-158.361,-4912.83
530.3,6.32663,42623.0,-11100.7,2313.74,2349.0,-181.179,-4859.83
530.4,6.31972,42507.4,-9311.5,817.428,2438.1,-186.142,-4789.73
530.5,6.30457,42406.2,-8044.73,-1295.24,2503.97,-128.005,-4720.07
530.6,6.27286,42334.2,-7900.33,-4028.39,2547.96,-79.962,-4765.33
530.7,6.23336,42319.8,-7801.61,-6524.56,2487.29,-92.2337,-4910.43
530.8,6.20031,42425.3,-6409.38,-7167.43,2422.13,-118.163,-4993.65
530.9,6.18373,42551.6,-3175.18,-5977.97,2301.87,-172.921,-4966.9
531.0,6.1931,42735.3,-817.285,-3570.02,2258.24,-234.671,-4916.16
531.1,6.2257,42790.5,-1143.78,-579.468,2209.8,-258.984,-4879.69
531.2,6.24094,42691.8,-1902.16,1650.27,2188.59,-264.078,-4857.11
531.3,6.25075,42643.1,-921.169,2716.12,2168.99,-223.572,-4772.83
531.4,6.26605,42678.4,1828.81,3602.76,2161.41,-159.062,-4669.3
531.5,6.29428,42760.5,3511.97,4202.59,2183.13,-148.329,-4678.1
531.6,6.33177,42784.1,2282.32,4779.21,2140.25,-145.767,-4813.27
531.7,6.35517,42637.7,-44.8779,5114.56,2119.19,-134.161,-4977.57
531.8,6.35022,42456.9,-1238.13,5071.71,2079.71,-87.639,-5034.17
531.9,6.33663,42352.9,-494.181,4282.35,2002.22,-97.9349,-5005.91
532.0,6.32184,42336.9,549.881,3808.74,1945.2,-127.592,-4994.49
532.1,6.31411,42387.6,-595.705,4077.44,1927.67,-129.128,-4954.55
532.2,6.30972,42377.6,-759.466,4770.27,1953.05,-152.248,-4959.02
532.3,6.29068,42300.8,340.232,6213.6,2046.08,-120.18,-4931.89
532.4,6.26144,42222.4,1108.48,8823.25,2119.06,-14.643,-4852.31
532.5,6.22442,42223.9,-104.866,12456.1,2194.42,54.5179,-4870.86
532.6,6.20263,42359.7,-3327.19,17084.2,2237.52,79.1622,-5014.54
532.7,6.20477,42515.1,-7139.48,21866.8,2256.24,59.5485,-5117.06
532.8,6.21863,42602.6,-9906.21,25452.7,2248.21,4.94438,-5122.26
532.9,6.23507,42602.6,-10879.9,27166.3,2204.2,-57.9194,-5161.03
533.0,6.24933,42585.5,-11257.3,27281.2,2200.65,-110.464,-5222.2
533.1,6.2639,42585.6,-12246.0,26000.8,2213.0,-145.611,-5200.41
533.2,6.28644,42639.7,-12221.0,23924.9,2244.71,-125.401,-5145.15
533.3,6.30918,42628.6,-10462.5,21670.0,2216.02,-53.754,-5082.08
533.4,6.31461,42552.6,-7904.15,18527.4,2220.93,-5.8705,-4969.98
533.5,6.31316,42502.6,-3427.13,14205.8,2233.34,33.8473,-4883.61
533.6,6.30212,42444.0,-2161.1,9747.04,2265.45,132.411,-4740.14
533.7,6.28221,42412.0,-2604.98,6221.66,2315.84,175.234,-4789.23
533.8,6.26779,42464.6,-4319.29,4194.4,2379.14,69.9165,-4950.06
533.9,6.25901,42478.4,-4481.4,3730.17,2370.31,-103.251,-5049.45
534.0,6.23566,42442.1,-4868.63,2765.84,2332.43,-235.115,-5021.82
534.1,6.21926,42500.3,-4764.39,-240.289,2271.06,-250.587,-5074.96
534.2,6.22645,42620.4,-5325.84,-3564.98,2209.7,-113.582,-5127.05
534.3,6.24065,42648.7,-4931.11,-5345.12,2116.36,6.25875,-5021.68
534.4,6.25965,42651.8,-4626.24,-3930.0,2071.71,53.8216,-4811.81
534.5,6.27627,42581.4,-4526.27,445.578,2072.11,31.1794,-4763.1
534.6,6.27159,42447.2,-6221.66,4314.35,2049.88,-66.7774,-4807.48
534.7,6.26417,42481.0,-8100.57,5735.97,2077.79,-91.7506,-4848.4
534.8,6.27485,42564.4,-9926.08,4643.98,2093.29,-67.34,-4861.07
534.9,6.29286,42662.4,-13634.7,2845.41,2107.12,-41.3356,-4930.75
535.0,6.32921,42721.6,-17365.7,2005.07,2127.8,-88.0521,-5107.73
535.1,6.36051,42617.5,-18925.4,3446.61,2146.79,-133.011,-5207.43
535.2,6.37434,42452.9,-17482.3,5997.11,2182.53,-135.316,-5100.8
535.3,6.3692,42285.3,-15731.8,8215.63,2169.82,-113.176,-4914.64
535.4,6.34375,42153.4,-16146.0,9694.33,2136.9,-58.2106,-4840.44
535.5,6.31209,42154.1,-17248.4,10533.4,2129.96,-7.41213,-4850.55
535.6,6.29072,42217.0,-17868.8,11719.5,2103.15,3.02,-4756.66
535.7,6.27221,42252.5,-18843.1,14187.8,2119.52,-37.051,-4685.32
535.8,6.2519,42241.6,-21631.6,16764.4,2143.85,-155.15,-4839.48
535.9,6.23817,42284.5,-25410.3,18373.8,2165.37,-240.826,-5109.88
536.0,6.24229,42383.9,-25654.8,19137.9,2172.43,-204.76,-5253.54
536.1,6.26296,42489.3,-23324.3,20449.4,2172.06,-104.104,-5165.69
536.2,6.29701,42540.8,-21910.2,22771.5,2220.35,-131.045,-5075.92
536.3,6.32553,42470.5,-23596.6,26138.0,2264.5,-200.473,-5115.4
536.4,6.33547,42333.7,-25079.6,28640.8,2315.11,-238.273,-5142.42
536.5,6.32788,42240.1,-21745.0,27362.5,2334.26,-273.76,-4999.82
536.6,6.33265,42285.7,-16014.6,22961.6,2334.33,-225.312,-4786.18
536.7,6.35013,42306.6,-12807.7,17739.3,2309.12,-142.453,-4747.67
536.8,6.36746,42293.0,-12984.9,13632.8,2316.35,-105.456,-4953.7
536.9,6.39217,42224.7,-13362.8,12214.1,2342.05,-105.219,-5133.46
537.0,6.39224,42007.7,-10508.2,12871.0,2309.75,-137.749,-5139.44
537.1,6.3584,41842.9,-8321.64,12328.2,2273.49,-197.732,-5045.41
537.2,6.32559,41866.8,-9765.49,10168.8,2223.93,-135.221,-5050.38
537.3,6.2996,41971.9,-12998.8,7430.74,2221.15,-20.0794,-5109.96
537.4,6.29272,42164.5,-14978.8,5398.66,2272.93,20.2011,-4996.88
537.5,6.31292,42228.7,-15552.8,6411.16,2285.54,-23.9269,-4774.18
537.6,6.30951,42099.1,-16315.0,8888.25,2324.69,-150.741,-4751.35
537.7,6.3046,42060.6,-18117.3,10234.9,2282.72,-197.838,-4896.58
537.8,6.31601,42087.3,-18901.0,9845.26,2196.99,-122.626,-4985.04
537.9,6.33517,42172.0,-17352.6,7821.79,2099.5,-13.3201,-4949.73
538.0,6.37828,42264.1,-15692.2,4662.94,2030.59,20.845,-4929.02
538.1,6.42658,42194.6,-16832.9,2971.62,2017.1,49.0892,-4987.01
538.2,6.43002,41931.4,-17478.8,1830.21,2023.8,35.471,-5068.12
538.3,6.41793,41812.6,-15708.3,1090.37,2080.99,21.5357,-4994.03
538.4,6.40683,41783.4,-11981.5,1094.91,2137.08,7.46075,-4823.19
538.5,6.39678,41845.5,-8520.41,624.553,2161.91,-27.798,-4743.95
538.6,6.41407,41945.4,-7538.19,482.888,2175.24,-31.5278,-4768.43
538.7,6.41491,41801.3,-5991.69,1181.15,2110.53,-39.4728,-4795.37
538.8,6.38848,41676.9,-4187.04,2751.84,2070.86,-31.2799,-4771.88
538.9,6.36631,41654.6,-3314.39,5006.82,2031.8,-38.9169,-4825.17
539.0,6.34344,41700.0,-4352.14,8011.62,1994.85,-2.19138,-5023.39
539.1,6.33234,41811.2,-7931.52,10776.3,2028.04,40.5354,-5148.88
539.2,6.3303,41871.0,-9267.75,14269.0,2067.11,104.874,-5220.33
539.3,6.32135,41857.2,-8650.16,19085.9,2119.96,139.327,-5192.77
539.4,6.31093,41854.9,-9976.33,24492.4,2150.31,60.1555,-5073.21
539.5,6.3072,41920.6,-14493.5,29263.8,2176.04,-73.9353,-5016.37
539.6,6.31775,42016.0,-18583.2,31054.6,2175.41,-172.472,-5064.3
539.7,6.34884,42149.1,-19600.2,28369.4,2164.12,-167.395,-5017.9
539.8,6.39299,42167.0,-18353.4,22996.5,2162.78,-32.0766,-4899.8
539.9,6.42151,42023.1,-17110.1,17807.1,2159.99,126.462,-4947.67
540.0,6.42023,41839.4,-18928.1,14786.3,2140.79,229.325,-5097.26
540.1,6.40576,41751.7,-19975.0,14112.9,2172.76,248.009,-5224.7
540.2,6.38044,41704.8,-18999.7,13340.8,2141.37,201.123,-5143.84
540.3,6.35427,41773.6,-17213.1,10536.6,2098.85,180.641,-4974.79
540.4,6.33424,41823.8,-16332.6,6361.29,2061.58,189.356,-4892.65
540.5,6.31545,41894.0,-17997.7,3378.34,2071.92,183.658,-4846.69
540.6,6.31347,41972.6,-18882.7,4015.55,2090.13,85.9463,-4840.75
540.7,6.31799,41996.1,-18126.2,7747.95,2124.12,-111.293,-4851.02
540.8,6.32489,42021.6,-16518.3,11652.2,2143.5,-222.585,-4896.07
540.9,6.32403,41984.6,-14942.8,11889.2,2120.34,-163.844,-4964.56
541.0,6.32733,42036.6,-14981.9,9105.89,2146.27,116.847,-4994.45
541.1,6.34206,42086.2,-14867.1,5440.4,2148.7,325.982,-4994.91
541.2,6.37296,42145.2,-14711.4,5483.94,2146.09,383.867,-4953.54
541.3,6.39718,42039.5,-14120.6,8904.79,2158.89,163.43,-4919.81
541.4,6.39732,41887.3,-12608.4,12743.4,2145.52,-100.278,-4944.37
541.5,6.3925,41816.3,-11653.4,13530.0,2141.18,-225.061,-4946.97
541.6,6.37947,41816.3,-10795.2,11206.3,2096.96,-159.522,-4916.44
541.7,6.37994,41948.8,-9420.62,8159.39,2072.08,-50.127,-4918.59
541.8,6.40507,42060.0,-8113.64,8717.75,2052.35,27.4337,-4924.37
541.9,6.40876,41955.1,-7910.59,13463.0,2033.17,3.52883,-4893.69
542.0,6.38995,41819.0,-8139.7,19223.6,2044.75,-65.8438,-4923.34
542.1,6.35966,41736.8,-10441.2,23120.1,2088.81,-69.6064,-4949.2
542.2,6.32411,41772.8,-14829.2,23752.4,2163.22,12.1061,-4960.46
542.3,6.31552,41942.1,-19454.3,22962.3,2218.62,82.2661,-5009.13
542.4,6.33582,42079.2,-23281.9,24104.7,2292.0,17.0195,-5069.63
542.5,6.36086,42052.2,-26926.9,27928.9,2294.0,-166.507,-5096.83
542.6,6.38678,41967.8,-31132.4,32086.2,2288.46,-352.288,-5132.39
542.7,6.40905,41846.6,-34401.1,33568.9,2289.99,-388.68,-5224.4
542.8,6.42967,41783.7,-36307.9,30667.3,2270.11,-252.665,-5204.52
542.9,6.45709,41753.2,-36334.3,24550.2,2300.74,-82.9145,-5070.75
543.0,6.47903,41679.2,-34946.6,18420.5,2363.2,60.0018,-4993.71
543.1,6.4872,41536.0,-34492.1,14232.0,2399.35,131.145,-4995.27
543.2,6.46995,41382.9,-33666.6,12293.7,2415.08,114.118,-5051.93
543.3,6.43979,41318.6,-31811.6,11194.1,2376.3,43.8708,-5049.24
543.4,6.42029,41397.7,-27920.7,9909.94,2305.04,-18.0082,-5033.12
543.5,6.41729,41505.9,-26663.8,8479.36,2240.16,-44.7163,-4948.21
543.6,6.42085,41559.4,-28958.3,7982.97,2190.71,-53.115,-4931.53
543.7,6.42282,41526.6,-33820.2,9030.91,2158.45,-109.388,-4973.09
543.8,6.41473,41465.8,-36289.8,11066.5,2141.28,-170.536,-5010.54
543.9,6.40987,41481.2,-35626.1,12104.5,2142.93,-197.473,-4935.05
544.0,6.40867,41490.6,-33331.6,10045.9,2100.46,-148.075,-4833.72
544.1,6.42386,41573.1,-33459.5,5685.89,2142.48,53.6274,-4812.16
544.2,6.46202,41603.7,-33090.4,1298.21,2244.58,234.371,-4934.09
544.3,6.4983,41498.2,-31819.1,-211.07,2260.33,301.161,-4905.79
544.4,6.52131,41298.4,-28255.0,2356.89,2227.07,212.532,-4805.07
544.5,6.5341,41179.4,-23476.8,7622.05,2237.62,34.9576,-4850.53
544.6,6.54679,41120.5,-19143.2,11470.2,2199.59,-169.573,-4957.84
544.7,6.56382,41107.2,-15956.5,13105.8,2163.35,-203.105,-4973.2
544.8,6.56254,40996.7,-15184.9,12486.8,2172.75,-147.174,-4897.1
544.9,6.55136,40946.0,-16656.2,11768.6,2210.0,-69.1901,-4915.54
545.0,6.53498,40887.4,-19372.5,13122.2,2237.86,-20.2225,-5005.34
545.1,6.50259,40823.7,-19301.0,15472.8,2234.9,-44.544,-5054.03
545.2,6.47408,40904.9,-18949.0,15937.3,2240.7,-61.343,-4910.43
545.3,6.46228,40976.2,-21278.2,14165.1,2222.63,57.0112,-4825.13
545.4,6.44598,41005.0,-26916.3,10568.8,2242.04,178.719,-4973.36
545.5,6.442,41102.4,-33547.9,7681.63,2250.77,220.492,-5130.85
545.6,6.45351,41155.1,-38366.9,7264.81,2256.98,107.203,-5125.5
545.7,6.46101,41158.6,-40430.9,8080.38,2185.02,-30.976,-5121.69
545.8,6.4863,41226.8,-42862.5,7305.02,2160.8,-85.15,-5216.26
545.9,6.52131,41204.9,-43426.0,4344.59,2156.18,13.8505,-5306.81
546.0,6.556,41148.7,-42270.4,225.591,2180.26,185.228,-5171.86
546.1,6.58755,41046.2,-38274.3,-2052.5,2186.1,317.168,-4993.61
546.2,6.61488,40900.4,-34960.0,-487.914,2221.87,323.619,-4939.36
546.3,6.61916,40787.5,-32346.8,3334.18,2187.14,214.402,-4991.22
546.4,6.60443,40752.1,-28262.1,6445.07,2127.3,96.9231,-5032.59
546.5,6.58303,40737.5,-25050.7,7637.99,2083.28,88.0475,-4930.05
546.6,6.5546,40729.1,-25376.1,6374.7,2047.86,99.0946,-4891.04
546.7,6.53,40744.3,-28772.8,4778.39,1968.45,93.0187,-5029.05
546.8,6.50655,40730.9,-33512.2,5225.98,1931.54,67.4524,-5111.45
546.9,6.47636,40743.8,-36477.7,6274.2,1903.77,-15.382,-5022.87
547.0,6.46516,40784.7,-37267.1,6472.74,1849.4,-48.7062,-4941.82
547.1,6.45188,40839.7,-38173.7,4439.29,1836.38,-5.92013,-4953.58
547.2,6.44096,40929.6,-37065.0,-443.221,1859.51,86.5446,-5001.42
547.3,6.45145,41041.4,-33750.8,-4939.87,1858.5,221.916,-4942.83
547.4,6.46103,41071.0,-30051.3,-6337.73,1812.59,274.208,-4854.58
547.5,6.47655,41127.9,-27168.1,-5154.22,1789.38,150.617,-4925.47
547.6,6.51165,41188.2,-25390.0,-1853.14,1755.88,23.0333,-5052.7
547.7,6.53318,41101.6,-22303.9,1224.75,1741.14,-29.9363,-5093.4
547.8,6.54129,41021.2,-20424.1,3088.07,1700.47,-18.7073,-4983.14
547.9,6.54268,40970.2,-22841.9,5027.32,1699.08,-14.5133,-4928.77
548.0,6.52925,40934.5,-28127.7,8119.39,1732.94,-31.6597,-5077.14
548.1,6.51225,40953.4,-31590.8,11168.3,1722.79,-100.928,-5201.21
548.2,6.48464,40946.4,-32216.9,11881.1,1722.2,-177.208,-5084.32
548.3,6.44244,40949.8,-29972.1,8500.5,1712.91,-120.717,-4994.51
548.4,6.40274,41032.0,-28698.8,1607.64,1693.55,44.6354,-5059.03
548.5,6.37008,41168.2,-27211.2,-5057.61,1687.95,204.315,-5164.41
548.6,6.35387,41323.4,-24320.9,-7813.82,1694.3,234.613,-5084.71
548.7,6.35412,41469.2,-20599.9,-5470.25,1713.37,110.707,-4946.74
548.8,6.35212,41474.8,-17997.7,-1257.14,1660.14,-128.62,-4980.48
548.9,6.33978,41505.9,-17128.6,1089.31,1658.8,-269.49,-5113.58
549.0,6.33818,41595.1,-17607.3,606.16,1667.95,-203.628,-5047.42
549.1,6.34545,41718.8,-18265.6,-1124.06,1669.01,-83.8032,-4917.56
549.2,6.37236,41867.6,-19384.8,-1248.35,1672.01,-53.1207,-4954.51
549.3,6.40824,41889.6,-20380.7,1659.08,1636.97,-106.421,-5066.89
549.4,6.42695,41795.0,-19725.4,5801.96,1620.86,-170.685,-5068.71
549.5,6.42066,41653.8,-17870.8,6994.87,1581.06,-227.782,-4973.94
549.6,6.40509,41638.1,-17452.4,5495.76,1578.44,-124.048,-4961.33
549.7,6.38153,41666.2,-20338.4,2625.28,1615.24,-7.66025,-5011.81
549.8,6.35883,41774.7,-24478.4,734.53,1665.47,-3.70575,-5037.91
549.9,6.34709,41878.9,-26652.2,2230.88,1731.42,-85.5595,-5044.83
550.0,6.31752,41837.5,-28228.5,4592.12,1754.56,-258.233,-5000.67
550.1,6.27932,41865.4,-29563.3,4739.99,1713.94,-335.365,-4995.52
550.2,6.25465,41985.3,-31680.8,3097.03,1704.8,-182.41,-5005.88
550.3,6.2393,42117.2,-32784.1,815.012,1717.44,-0.51625,-5009.66
550.4,6.24953,42313.7,-33712.7,373.651,1737.29,58.6273,-4970.29
550.5,6.26451,42321.2,-34978.2,2662.95,1722.24,-41.3915,-4973.62
550.6,6.24334,42232.1,-34809.3,4710.64,1700.02,-152.612,-5092.56
550.7,6.22758,42300.3,-32890.3,3239.71,1638.88,-175.164,-5134.12
550.8,6.21893,42431.9,-29701.2,-1037.78,1566.72,-69.76,-5043.81
550.9,6.22972,42663.4,-26809.3,-5016.72,1551.52,89.912,-4971.1
551.0,6.26373,42794.3,-27275.0,-5376.42,1566.55,112.631,-4952.27
551.1,6.28859,42763.8,-29311.6,-1286.39,1660.84,-4.47006,-4979.28
551.2,6.28656,42598.3,-32274.6,3570.14,1684.17,-150.569,-4911.53
551.3,6.25976,42506.5,-34127.8,4540.65,1722.93,-210.525,-4853.42
551.4,6.232,42571.9,-34824.7,667.209,1758.83,-83.7279,-4885.77
551.5,6.22192,42744.1,-34915.2,-5620.81,1785.88,97.9899,-4939.32
551.6,6.22909,42861.3,-34179.5,-9515.08,1814.24,191.318,-4978.88
551.7,6.22187,42770.8,-33175.6,-8939.6,1805.46,125.419,-5024.93
551.8,6.18794,42626.8,-31965.6,-5454.65,1817.57,-9.96813,-5104.47
551.9,6.14703,42619.0,-30097.1,-2110.21,1845.63,-76.2462,-5130.63
552.0,6.11185,42740.3,-26492.4,-1273.91,1842.88,-72.9413,-5045.75
552.1,6.09802,42994.0,-24789.6,-2246.83,1876.49,-26.2115,-4855.52
552.2,6.10253,43169.3,-25555.1,-3118.58,1899.61,-28.3472,-4806.69
552.3,6.09873,43227.2,-28590.2,-3125.27,1897.19,-89.003,-4888.33
552.4,6.08903,43283.3,-30806.9,-3387.23,1904.33,-150.909,-4954.55
552.5,6.08153,43371.4,-28640.4,-5296.26,1869.03,-119.933,-5001.67
552.6,6.08482,43534.3,-25319.2,-8626.46,1827.31,44.5042,-5007.53
552.7,6.10278,43681.0,-24883.2,-12352.1,1828.0,186.73,-5004.88
552.8,6.12183,43732.6,-25500.7,-14492.7,1861.78,250.691,-5088.52
552.9,6.13933,43720.5,-24822.2,-13325.2,1947.8,254.796,-5095.21
553.0,6.13628,43607.4,-23185.5,-10544.9,2028.75,126.148,-4898.43
553.1,6.12148,43550.1,-22759.2,-8217.85,2053.38,-19.3778,-4744.65
553.2,6.11392,43593.8,-24651.0,-7805.89,2126.54,-92.8111,-4802.23
553.3,6.11144,43658.5,-26876.1,-10112.5,2179.28,-73.4666,-4880.75
553.4,6.12867,43722.6,-26373.4,-13014.0,2201.42,52.4992,-4856.92
553.5,6.1333,43586.1,-24206.3,-14280.7,2201.65,139.412,-4806.05
553.6,6.11238,43459.5,-23712.4,-13196.4,2209.08,180.415,-4872.7
553.7,6.08368,43385.4,-24624.8,-11221.4,2151.24,139.807,-4996.18
553.8,6.04409,43437.1,-25623.5,-9988.46,2096.09,117.044,-4980.05
553.9,6.02767,43667.0,-24245.5,-10772.1,2082.5,125.171,-4875.2
554.0,6.03951,43873.2,-25029.6,-12366.6,2126.98,111.747,-4753.19
554.1,6.04833,43921.4,-27074.6,-13035.2,2168.06,51.3151,-4816.55
554.2,6.04841,43911.3,-28985.8,-12528.9,2198.99,-58.5831,-4902.96
554.3,6.05644,43957.3,-27668.5,-11528.7,2222.91,-147.936,-4891.88
554.4,6.08322,44081.9,-26618.9,-11227.0,2226.71,-123.023,-4787.71
554.5,6.12744,44137.8,-28062.9,-11731.6,2187.64,6.39525,-4822.98
554.6,6.16732,44031.2,-33031.0,-11266.6,2182.44,151.13,-4956.08
554.7,6.17664,43783.9,-39108.0,-9467.49,2195.58,169.073,-5006.55
554.8,6.15971,43569.8,-41574.0,-7264.27,2193.67,63.7668,-5020.01
554.9,6.12987,43477.2,-43416.4,-5808.22,2203.84,-17.4118,-4990.73
555.0,6.09952,43511.4,-45952.2,-6947.63,2212.18,-64.3532,-5035.54
555.1,6.09336,43666.7,-47113.7,-9947.51,2228.44,-56.039,-5144.88
555.2,6.09713,43691.1,-45379.6,-13142.4,2211.86,-54.7713,-5098.07
555.3,6.0928,43656.7,-40982.9,-15087.3,2221.54,-52.048,-4933.5
555.4,6.08495,43601.6,-37460.5,-15748.0,2218.23,-49.3529,-4833.68
555.5,6.07041,43578.3,-36686.4,-15700.7,2217.27,-24.6886,-4862.11
555.6,6.05222,43619.6,-34759.3,-16658.8,2157.68,17.3134,-4921.71
555.7,6.04607,43748.0,-29374.1,-18790.5,2130.26,72.9611,-4858.59
555.8,6.04985,43833.7,-24705.0,-20766.0,2106.68,136.517,-4683.75
555.9,6.05551,43869.6,-23960.2,-22368.7,2099.19,82.7513,-4685.11
556.0,6.07418,43919.4,-24061.3,-22396.2,2128.74,-16.8189,-4908.06
556.1,6.10452,43916.6,-21937.1,-20802.7,2168.76,-110.402,-4943.66
556.2,6.13905,43886.1,-17757.4,-18793.3,2173.74,-211.64,-4728.98
556.3,6.17324,43810.8,-16057.2,-17301.1,2188.95,-271.764,-4634.15
556.4,6.20223,43695.6,-19286.2,-15961.8,2269.66,-210.086,-4777.32
556.5,6.21514,43553.6,-22980.0,-15234.8,2348.03,-113.663,-4878.66
556.6,6.21969,43430.9,-22978.1,-13927.4,2401.84,-1.46775,-4796.94
556.7,6.2114,43280.4,-21572.7,-11540.9,2453.53,15.9729,-4705.34
556.8,6.18661,43186.3,-23866.2,-10276.0,2477.21,-84.5119,-4792.29
556.9,6.17585,43199.7,-26464.2,-10299.9,2485.6,-110.217,-5054.53
557.0,6.16495,43154.6,-26783.7,-11483.1,2470.67,-78.1768,-5126.06
557.1,6.15893,43181.7,-26631.2,-12889.7,2431.06,-78.7265,-4956.73
557.2,6.1674,43217.0,-29049.6,-11872.0,2382.99,-94.9283,-4952.78
557.3,6.17608,43191.5,-33974.6,-7925.27,2389.98,-99.0455,-5183.52
557.4,6.19163,43228.1,-36109.9,-3939.55,2453.95,-123.882,-5292.38
557.5,6.22427,43236.3,-33181.6,-1585.03,2482.65,-95.038,-5073.81
557.6,6.24645,43133.4,-30983.7,-1228.29,2527.94,18.7897,-4830.73
557.7,6.26712,43063.8,-35612.6,-3128.9,2587.88,120.152,-4852.26
557.8,6.30886,43040.3,-42341.5,-4914.45,2653.97,154.495,-5081.46
557.9,6.35653,42921.0,-46572.1,-5285.35,2668.69,136.347,-5079.64
558.0,6.39949,42746.6,-47088.6,-4571.28,2646.73,83.4261,-4918.03
558.1,6.4347,42494.6,-49176.0,-3467.87,2611.44,32.1857,-4957.74
558.2,6.44659,42241.9,-54137.2,-3121.21,2569.01,39.4156,-5233.99
558.3,6.44102,42022.5,-56810.9,-4421.25,2493.43,104.43,-5353.32
558.4,6.42247,41899.6,-51832.5,-6589.78,2440.23,177.337,-5176.59
558.5,6.40291,41866.8,-44339.3,-8903.45,2417.96,224.764,-4870.01
558.6,6.39133,41853.7,-40974.7,-10270.5,2424.84,238.367,-4773.44
558.7,6.3804,41807.3,-40193.5,-10975.4,2498.64,174.494,-4905.55
558.8,6.36892,41762.8,-36909.4,-11588.7,2500.2,130.618,-4897.36
558.9,6.36624,41732.8,-29141.6,-12683.3,2489.69,81.1909,-4711.27
559.0,6.3644,41736.7,-21017.9,-14395.9,2434.96,52.7069,-4661.76
559.1,6.38638,41803.9,-18734.4,-16609.8,2374.41,43.7472,-4809.75
559.2,6.42037,41823.6,-17383.3,-18887.5,2308.86,64.0195,-5037.69
559.3,6.46129,41771.0,-14366.3,-19915.9,2268.1,153.768,-5023.3
559.4,6.49424,41610.5,-11599.0,-18961.8,2231.09,191.223,-4830.98
559.5,6.50618,41426.9,-13169.4,-17047.5,2235.34,119.958,-4794.17
559.6,6.52161,41354.4,-17575.4,-14019.2,2290.24,127.114,-4948.4
559.7,6.53515,41270.8,-19699.2,-11066.8,2353.67,146.499,-4964.81
559.8,6.54598,41226.4,-17716.3,-8477.12,2404.09,148.195,-4812.33
559.9,6.56152,41140.7,-15698.4,-5299.16,2435.23,127.986,-4757.79
560.0,6.55206,40965.3,-16507.3,-1827.16,2445.7,73.1803,-4948.98
560.1,6.52978,40882.8,-19056.2,453.809,2425.06,35.9185,-5108.54
560.2,6.51497,40876.7,-19976.7,2056.41,2373.54,88.1271,-5082.55
560.3,6.48814,40833.0,-20658.5,2492.39,2272.19,136.988,-4973.07
560.4,6.46301,40887.5,-21830.2,1132.41,2220.56,117.469,-5002.19
560.5,6.45185,40941.2,-23496.0,-957.444,2216.07,125.947,-5051.11
560.6,6.43446,40951.9,-23620.4,-4048.2,2228.81,150.607,-4973.99
560.7,6.42301,41022.7,-22761.1,-8299.92,2218.72,163.323,-4840.61
560.8,6.44079,41171.8,-24355.3,-11714.7,2292.75,200.206,-4779.95
560.9,6.46971,41235.7,-28620.2,-15170.0,2314.48,164.96,-4844.18
561.0,6.51941,41330.4,-32327.5,-18249.8,2341.6,161.815,-4924.81
561.1,6.57212,41217.3,-33687.0,-20937.9,2326.1,153.76,-4892.57
561.2,6.5958,41040.6,-33759.4,-24265.7,2282.95,130.614,-4845.67
561.3,6.61882,40945.0,-35151.2,-27751.2,2219.37,131.307,-4890.74
561.4,6.63487,40817.0,-34339.1,-29711.4,2144.88,150.187,-5031.41
561.5,6.63013,40804.1,-30160.5,-30504.1,2067.98,110.978,-4986.69
561.6,6.62869,40795.0,-23841.3,-29801.5,2003.36,33.4458,-4803.17
561.7,6.60192,40692.1,-19006.7,-28064.5,1962.31,-42.187,-4727.9
561.8,6.56056,40700.3,-15566.1,-26774.3,1926.64,-65.6982,-4810.87
561.9,6.52672,40716.8,-13414.0,-25800.6,1908.43,-55.732,-4782.09
562.0,6.49276,40719.1,-9262.26,-23711.0,1896.69,-13.3345,-4723.57
562.1,6.47414,40793.0,-5493.85,-20803.4,1884.82,-29.2075,-4739.35
562.2,6.47876,40832.6,-2762.28,-16974.0,1841.03,-91.4512,-4878.24
562.3,6.48521,40865.8,766.605,-12992.1,1817.65,-126.835,-5032.21
562.4,6.49512,40885.4,3142.7,-10176.8,1802.82,-143.203,-4995.64
562.5,6.51202,40889.7,2377.76,-7971.91,1791.54,-141.321,-4917.09
562.6,6.53306,40894.2,-702.183,-5180.64,1765.1,-132.611,-4985.91
562.7,6.5631,40922.5,-3578.63,-2159.41,1756.72,-199.851,-5047.93
562.8,6.60766,40930.2,-3781.59,1187.95,1716.63,-256.107,-4953.48
562.9,6.62726,40809.0,-3793.69,3588.89,1615.31,-272.274,-4808.92
563.0,6.61052,40722.6,-5906.38,4321.59,1530.56,-230.099,-4879.16
563.1,6.57788,40702.4,-10966.1,3345.75,1478.87,-173.394,-5033.63
563.2,6.54004,40700.5,-13342.0,1011.64,1412.19,-141.43,-5110.25
563.3,6.51078,40749.9,-13697.2,-1818.06,1376.23,-104.637,-5022.16
563.4,6.48491,40738.8,-15684.8,-4574.02,1405.08,-99.423,-4974.44
563.5,6.45312,40803.8,-19224.5,-7025.41,1487.62,-109.557,-5090.69
563.6,6.41433,40827.9,-20757.9,-9405.61,1516.81,-135.346,-5143.41
563.7,6.38228,40944.4,-19729.0,-10756.9,1534.28,-123.808,-4947.62
563.8,6.37453,41153.1,-19916.4,-11004.7,1577.4,-123.91,-4721.94
563.9,6.39933,41349.6,-23537.2,-10631.3,1600.63,-176.862,-4779.62
564.0,6.42897,41363.7,-27454.6,-10580.9,1611.71,-225.407,-4977.94
564.1,6.44674,41272.7,-27483.7,-11856.9,1615.18,-202.742,-4970.01
564.2,6.44821,41173.0,-25574.4,-15313.3,1558.22,-169.788,-4785.68
564.3,6.44789,41202.6,-24617.0,-19492.7,1503.91,-104.862,-4834.68
564.4,6.4572,41289.9,-26674.6,-23566.1,1434.77,-68.8298,-5002.6
564.5,6.47091,41364.2,-28911.3,-26721.5,1395.26,-49.7557,-4986.68
564.6,6.46751,41309.7,-27831.7,-29738.3,1377.77,-78.7903,-4806.24
564.7,6.44127,41269.0,-25213.2,-32523.0,1417.09,-50.8633,-4701.84
564.8,6.40253,41290.4,-23462.9,-34931.1,1460.14,-22.2375,-4725.7
564.9,6.36346,41417.1,-22607.5,-36141.7,1491.83,-25.477,-4737.51
565.0,6.33628,41605.7,-20315.0,-35711.4,1463.37,-64.0015,-4712.01
565.1,6.31461,41736.1,-16157.6,-33807.2,1405.5,-99.4686,-4732.52
565.2,6.29296,41822.4,-12003.3,-31647.2,1350.02,-112.544,-4805.65
565.3,6.27494,41879.0,-7267.84,-29483.1,1269.18,-76.3391,-4896.15
565.4,6.25868,41947.4,-2937.08,-27281.1,1268.87,-44.8398,-4895.87
565.5,6.25566,42070.6,9.40096,-24705.1,1280.99,-26.7792,-4824.33
565.6,6.26467,42171.0,1381.1,-21250.6,1298.01,-29.6853,-4803.27
565.7,6.26576,42190.4,1215.85,-17932.2,1318.09,-83.1861,-4823.29
565.8,6.26549,42243.2,302.732,-14745.2,1324.18,-86.1501,-4817.1
565.9,6.254,42259.0,-544.981,-13088.2,1285.31,-119.913,-4801.57
566.0,6.24224,42395.8,-2501.28,-13080.2,1293.28,-102.863,-4836.18
566.1,6.24089,42535.6,-4694.47,-14838.0,1268.07,-50.3252,-4927.26
566.2,6.23762,42633.2,-6718.93,-16414.8,1259.4,74.8741,-4993.1
566.3,6.2181,42643.1,-8799.42,-17267.2,1246.82,132.536,-4974.85
566.4,6.18855,42689.9,-11736.8,-16357.0,1302.62,142.113,-4960.23
566.5,6.14559,42723.7,-15546.8,-14806.9,1335.1,98.6328,-4972.2
566.6,6.09756,42883.7,-18850.4,-13109.5,1401.26,129.757,-4975.71
566.7,6.05991,43030.2,-20635.7,-12572.3,1455.54,125.102,-4930.1
566.8,6.03146,43118.3,-21474.8,-12178.7,1526.23,137.699,-4886.34
566.9,6.01383,43136.1,-23083.6,-11250.5,1566.3,147.026,-4884.38
567.0,5.99724,43097.3,-25080.3,-10077.5,1564.14,89.8962,-4924.0
567.1,5.98525,43117.3,-25898.8,-9032.93,1567.55,66.6482,-4958.25
567.2,5.98668,43082.1,-24669.5,-8756.7,1521.72,93.9184,-4937.72
567.3,5.98652,43038.7,-24015.7,-9801.16,1502.38,127.896,-4880.39
567.4,5.98765,43069.1,-24743.6,-11470.5,1486.57,185.737,-4894.68
567.5,5.98509,43057.0,-25296.9,-13020.6,1510.61,198.365,-4969.48
567.6,5.96317,43055.4,-25899.5,-15059.5,1539.8,139.452,-4931.12
567.7,5.94791,43108.9,-24601.9,-17833.2,1550.33,79.9808,-4862.19
567.8,5.93226,43053.6,-24051.6,-21057.0,1531.59,77.0888,-4801.42
567.9,5.91807,43021.1,-23994.7,-24998.7,1517.62,72.6205,-4831.65
568.0,5.92002,43024.5,-22755.1,-28087.8,1531.64,75.9025,-4894.08
568.1,5.92265,42951.3,-21534.8,-29215.3,1589.03,68.9281,-4838.4
568.2,5.90407,42952.6,-19671.4,-28815.2,1635.94,50.2276,-4816.74
568.3,5.87445,43064.4,-18306.9,-28073.7,1687.54,14.2444,-4893.67
568.4,5.84528,43211.9,-15415.5,-26898.4,1733.46,45.3783,-4981.28
568.5,5.82586,43370.0,-10423.8,-25642.3,1766.02,64.2152,-4930.37
568.6,5.82559,43515.2,-5809.55,-23078.8,1765.41,49.045,-4816.86
568.7,5.82434,43574.9,-3549.4,-18912.7,1740.38,-46.5681,-4828.73
568.8,5.81152,43721.9,-2133.25,-14103.6,1734.05,-161.562,-4951.63
568.9,5.80808,43883.2,312.989,-9625.66,1712.5,-232.695,-4944.26
569.0,5.8072,43974.9,2882.52,-5713.41,1695.78,-225.111,-4830.53
569.1,5.81477,44099.7,1681.35,-2267.29,1716.69,-174.151,-4822.3
569.2,5.82222,44169.0,-3812.96,681.31,1747.26,-169.549,-4978.54
569.3,5.81691,44276.0,-9490.16,3023.14,1816.76,-149.499,-5125.68
569.4,5.80272,44401.9,-12026.8,3944.61,1845.0,-108.399,-5090.61
569.5,5.78069,44534.4,-11661.2,3126.49,1840.97,-93.651,-5003.34
569.6,5.76757,44727.2,-13292.6,2075.78,1835.84,-47.0765,-4966.8
569.7,5.77213,44904.9,-17063.3,2289.42,1878.42,-38.8512,-5020.93
569.8,5.78547,45108.5,-21513.1,5219.04,1948.13,-71.8735,-5030.97
569.9,5.79543,45072.7,-24840.3,10688.6,2021.55,-151.907,-4970.39
570.0,5.78953,45019.8,-27070.9,17302.7,2082.1,-246.305,-4948.39
570.1,5.76918,45007.3,-30062.1,22446.8,2133.94,-299.464,-4985.07
570.2,5.75684,45041.6,-33451.4,24181.8,2147.15,-284.739,-5039.6
570.3,5.76097,45102.5,-35808.2,22962.8,2156.34,-179.992,-5049.94
570.4,5.77942,45128.7,-37336.6,19866.5,2174.06,-96.9524,-4997.65
570.5,5.8001,45110.1,-36512.2,16953.2,2177.33,-75.4596,-5031.71
570.6,5.80315,45037.5,-35615.6,15047.6,2176.78,-108.633,-5048.12
570.7,5.78979,45020.9,-35422.3,13833.7,2213.37,-125.346,-5023.34
570.8,5.78291,45054.6,-36179.3,12611.0,2250.49,-120.83,-5021.68
570.9,5.78567,45080.3,-37096.3,11020.6,2282.58,-107.735,-5059.04
571.0,5.79494,45098.4,-37693.1,9133.91,2291.44,-96.5731,-5031.4
571.1,5.80171,45069.1,-37322.5,7253.23,2282.48,-87.7354,-4950.36
571.2,5.79804,45038.4,-38472.4,5373.75,2251.1,-89.413,-4870.85
571.3,5.79508,45076.5,-40677.4,2986.08,2250.46,-94.4197,-4915.33
571.4,5.81354,45138.9,-42261.6,516.955,2282.63,-55.2853,-4984.14
571.5,5.83548,45123.4,-42941.0,-1920.52,2297.23,-4.51825,-4960.4
571.6,5.84891,45084.3,-41491.9,-4148.8,2312.39,8.724,-4978.71
571.7,5.849,45050.6,-40536.0,-5906.52,2344.8,10.5405,-5015.51
571.8,5.84065,45038.8,-38713.2,-7328.02,2362.67,21.4277,-5051.98
571.9,5.84605,45107.4,-34005.8,-7466.68,2358.75,80.6208,-5037.8
572.0,5.86371,45115.7,-28003.9,-5899.69,2314.7,76.05,-4895.69
572.1,5.87985,45106.1,-22588.7,-2178.67,2288.4,10.3942,-4796.65
572.2,5.8848,45060.6,-18708.9,2207.42,2281.37,-97.237,-4829.91
572.3,5.87602,45020.3,-14820.6,5552.86,2265.49,-169.432,-4897.41
572.4,5.86339,45042.2,-10887.2,7013.42,2280.48,-136.692,-4862.23
572.5,5.86237,45065.4,-10079.8,7187.88,2264.48,-58.33,-4806.19
572.6,5.87004,45115.9,-12040.6,8710.74,2290.96,72.6425,-4978.49
572.7,5.8925,45125.4,-13802.3,12377.2,2311.08,124.327,-5211.76
572.8,5.89992,45062.8,-14681.9,17245.2,2316.88,71.6176,-5175.02
572.9,5.89823,45057.5,-14420.1,21673.4,2356.1,41.9729,-5065.29
573.0,5.89677,45055.6,-17586.1,24271.1,2399.81,73.3028,-5058.51
573.1,5.89866,45090.5,-23520.5,24983.2,2445.68,104.967,-5142.12
573.2,5.92178,45152.6,-28737.7,25867.6,2489.91,127.957,-5145.46
573.3,5.94458,45109.2,-30286.4,27667.8,2491.65,71.0211,-5076.86
573.4,5.95088,45061.2,-30727.1,28591.7,2472.28,-31.4313,-5047.43
573.5,5.94881,44987.0,-31218.6,27342.4,2449.33,0.282375,-5134.81
573.6,5.9427,44906.2,-30848.6,23681.6,2449.38,174.051,-5225.8
573.7,5.93729,44905.4,-30144.4,19323.3,2433.23,367.53,-5142.39
573.8,5.94273,44945.2,-29533.8,16666.2,2444.48,417.497,-5032.54
573.9,5.94138,44893.7,-29867.0,16266.1,2459.27,316.623,-5044.48
574.0,5.93323,44867.1,-31709.1,16323.5,2460.99,198.312,-5060.68
574.1,5.92453,44836.2,-33209.5,14990.4,2460.93,117.571,-5011.34
574.2,5.91123,44852.5,-33517.5,11542.2,2421.87,101.273,-4969.01
574.3,5.91769,44971.0,-33604.9,6832.57,2381.55,123.21,-4985.51
574.4,5.94776,45065.8,-33613.7,3901.55,2369.05,202.255,-5037.53
574.5,5.98041,45017.8,-34546.0,3810.99,2332.33,254.48,-5032.62
574.6,6.00039,44843.6,-35191.1,5331.77,2275.58,205.25,-5025.47
574.7,5.99987,44654.3,-34883.2,6818.66,2251.11,158.04,-5017.45
574.8,5.98462,44533.8,-34024.6,5707.52,2231.76,145.743,-4926.61
574.9,5.97966,44598.9,-32544.9,2055.95,2266.05,165.676,-4858.98
575.0,5.99093,44661.3,-31201.7,-2327.75,2280.36,133.641,-4855.62
575.1,5.99646,44638.1,-29474.0,-5512.31,2262.4,52.9445,-4899.01
575.2,6.00266,44582.2,-26266.9,-6461.96,2261.5,-17.9016,-4939.23
575.3,6.00163,44506.1,-21031.6,-5893.52,2231.63,-58.2967,-4956.35
575.4,6.00165,44494.9,-16169.3,-4901.6,2199.68,-33.9792,-4943.55
575.5,6.01245,44530.2,-12084.0,-3128.12,2215.78,57.2337,-4968.16
575.6,6.01437,44457.1,-11291.7,-1116.25,2230.17,75.2895,-4925.36
575.7,6.00452,44409.1,-13290.1,1016.04,2279.92,25.0184,-4881.94
575.8,5.99731,44397.9,-15274.7,3663.7,2325.64,2.79456,-4944.47
575.9,5.99132,44396.3,-17267.9,6744.01,2352.92,-29.6909,-4998.58
576.0,6.0018,44478.2,-19388.9,10053.0,2381.3,-105.81,-5041.12
576.1,6.02763,44478.8,-21373.2,13398.6,2344.13,-199.549,-5151.65
576.2,6.0421,44375.5,-23244.7,15591.6,2321.4,-237.811,-5267.75
576.3,6.05356,44299.0,-23331.5,15796.1,2281.99,-185.652,-5264.86
576.4,6.06203,44225.7,-22669.9,14853.8,2230.38,-79.4827,-5123.67
576.5,6.06831,44195.6,-23960.2,14584.0,2251.36,18.022,-5000.33
576.6,6.07899,44193.9,-26122.7,14746.0,2303.76,-20.8643,-5020.06
576.7,6.0948,44163.2,-26665.1,14917.3,2409.08,-97.7958,-5047.83
576.8,6.09838,44029.7,-25482.7,13691.2,2499.75,-133.257,-4946.05
576.9,6.09402,43930.7,-24122.0,10572.3,2563.95,-118.313,-4896.84
577.0,6.10036,43926.1,-25085.7,7129.63,2614.1,-89.4565,-5006.53
577.1,6.12406,43932.5,-25820.2,4274.45,2635.26,-117.856,-5161.63
577.2,6.16494,43933.3,-25281.0,2979.54,2616.47,-127.593,-5137.6
577.3,6.20186,43733.2,-22994.5,2655.79,2546.1,-150.298,-5034.31
577.4,6.20647,43465.9,-22847.1,2428.96,2479.57,-144.986,-4991.96
577.5,6.19832,43290.0,-24391.0,1674.15,2447.49,-117.883,-5029.08
577.6,6.18393,43221.1,-26320.7,589.908,2432.29,-91.138,-4974.19
577.7,6.17656,43249.6,-27640.3,-940.668,2433.75,-92.0131,-4870.16
577.8,6.18736,43319.0,-30060.5,-1373.94,2467.42,-43.8282,-4849.49
577.9,6.19686,43252.7,-33515.2,-1328.04,2464.17,-67.7623,-4951.54
578.0,6.20274,43198.9,-34288.6,-1824.69,2427.05,-131.823,-5065.55
578.1,6.22456,43190.3,-31467.5,-2500.83,2385.05,-126.618,-5057.08
578.2,6.24038,43108.8,-26445.4,-3807.01,2318.58,-106.454,-5005.94
578.3,6.26009,43085.8,-23738.2,-5245.12,2260.52,-70.7801,-4990.55
578.4,6.28133,43003.1,-21668.3,-5401.81,2234.76,-41.0853,-5074.19
578.5,6.28609,42855.6,-18320.8,-4738.6,2271.18,-41.8371,-5024.32
578.6,6.29518,42793.6,-14057.6,-3320.2,2313.16,-19.8002,-4816.04
578.7,6.29658,42636.1,-10761.5,-2213.19,2328.82,-46.3643,-4706.49
578.8,6.29017,42563.6,-9467.75,-1861.66,2335.9,-39.5824,-4790.6
578.9,6.30867,42587.7,-7602.49,-1424.59,2329.84,-1.08325,-4883.03
579.0,6.32546,42486.1,-5262.13,-600.481,2277.25,-40.425,-4816.61
579.1,6.33098,42403.2,-4115.26,247.463,2248.89,-93.5922,-4814.69
579.2,6.34352,42328.2,-5068.39,2112.11,2262.32,-33.3495,-5029.93
579.3,6.33245,42181.6,-6474.34,4569.14,2278.28,45.9123,-5188.44
579.4,6.31476,42181.0,-5104.33,7098.95,2324.79,84.879,-5125.83
579.5,6.31211,42209.8,-2407.16,11451.9,2346.32,136.243,-4956.67
579.6,6.29073,42154.2,-1583.77,15705.7,2362.6,83.4727,-4881.66
579.7,6.28664,42272.2,-2341.68,18844.7,2383.51,18.1261,-4907.53
579.8,6.29743,42270.0,-2368.96,20646.2,2379.13,-47.2566,-4868.1
579.9,6.29662,42258.6,-1485.34,20462.5,2391.77,-76.1944,-4791.37
580.0,6.32333,42357.5,-1832.99,18858.3,2424.43,-54.6637,-4864.02
580.1,6.35649,42291.1,-4681.0,17250.1,2457.59,-13.1117,-5088.18
580.2,6.37466,42225.6,-6626.33,15734.3,2521.47,66.0287,-5295.38
580.3,6.39824,42143.2,-6573.4,14124.3,2548.8,135.238,-5259.24
580.4,6.40068,41966.3,-7228.23,12902.6,2543.92,227.962,-5085.13
580.5,6.38298,41864.1,-9551.12,10406.8,2519.62,239.698,-5011.92
580.6,6.38195,41895.1,-13926.7,8293.11,2474.31,270.036,-4968.49
580.7,6.38804,41902.5,-17235.4,8136.39,2442.91,255.104,-4888.76
580.8,6.39478,41876.8,-18535.8,9494.59,2405.53,123.623,-4822.53
580.9,6.40746,41846.8,-19379.4,12340.2,2415.99,-15.5256,-4924.78
581.0,6.40083,41692.6,-21592.2,14447.5,2427.29,-79.5297,-5122.35
581.1,6.37416,41642.1,-24446.2,12694.1,2401.93,-58.4244,-5212.57
581.2,6.36256,41739.6,-26032.5,7434.61,2364.05,71.8873,-5181.5
581.3,6.36064,41842.9,-25197.8,646.628,2312.75,240.37,-5120.61
581.4,6.3796,41959.8,-23366.9,-4980.89,2252.85,335.83,-5002.2
581.5,6.4099,41942.9,-20226.0,-6915.25,2188.4,295.431,-4883.57
581.6,6.41553,41738.8,-16873.0,-6499.53,2149.01,119.779,-4794.74
581.7,6.40919,41643.7,-13256.7,-5966.25,2125.2,-13.6655,-4757.96
581.8,6.41113,41637.3,-9820.95,-6424.72,2097.72,-46.6805,-4754.9
581.9,6.41682,41690.5,-7079.58,-8278.87,2050.48,-38.7275,-4751.68
582.0,6.44614,41789.9,-4689.17,-9455.7,1994.49,-11.1903,-4779.39
582.1,6.47825,41737.6,-4366.65,-8035.24,1993.83,-2.21438,-4820.96
582.2,6.49599,41588.7,-5644.1,-3588.38,2035.78,13.9661,-4907.86
582.3,6.49982,41412.9,-7310.91,1827.85,2096.34,-50.0384,-4990.91
582.4,6.48809,41271.3,-8677.47,6898.24,2146.03,-99.505,-5013.53
582.5,6.46432,41224.1,-8597.53,9579.91,2218.06,-133.624,-5009.98
582.6,6.45868,41295.9,-8202.47,10506.6,2276.0,-140.507,-4999.84
582.7,6.45658,41312.4,-7583.68,10457.8,2276.97,-189.998,-5005.39
582.8,6.4699,41361.1,-6803.31,10630.7,2305.32,-243.943,-5003.68
582.9,6.48789,41298.6,-5814.22,11318.4,2285.35,-295.441,-4987.79
583.0,6.49283,41163.3,-3015.66,11744.0,2241.59,-323.432,-5012.32
583.1,6.49483,41123.0,-1534.23,11607.5,2236.62,-276.996,-4968.95
583.2,6.50065,41098.5,-1925.12,10523.1,2259.89,-219.565,-4927.86
583.3,6.5051,41094.8,-2246.15,8692.71,2281.33,-162.958,-4991.65
583.4,6.50815,41072.7,-3937.76,7051.93,2300.05,-117.399,-4997.61
583.5,6.50154,41015.3,-4424.31,5435.07,2291.13,-160.957,-5001.14
583.6,6.50358,41064.9,-5985.49,4297.05,2282.6,-196.801,-4961.94
583.7,6.52798,41137.6,-8355.31,3768.41,2271.68,-211.929,-4960.94
583.8,6.56114,41116.4,-10745.0,3918.52,2220.03,-205.308,-4979.73
583.9,6.59694,41031.7,-12070.5,4633.92,2158.06,-216.73,-4956.58
584.0,6.61946,40871.8,-14519.3,5809.16,2151.34,-225.863,-4861.23
584.1,6.63038,40825.1,-17610.8,6042.29,2181.07,-236.236,-4883.22
584.2,6.63275,40807.0,-20454.6,4046.6,2186.88,-228.009,-4973.68
584.3,6.62458,40776.0,-20403.0,640.518,2132.0,-137.376,-4993.02
584.4,6.61333,40785.7,-18874.6,-2816.86,2136.73,-59.0495,-4900.75
584.5,6.61613,40848.4,-17402.8,-4720.3,2120.78,-51.662,-4855.38
584.6,6.62656,40839.7,-17633.2,-4572.03,2112.77,-114.28,-4898.56
584.7,6.62956,40800.2,-16218.1,-3714.86,2107.09,-212.026,-4940.8
584.8,6.62461,40797.1,-13275.8,-4060.16,2085.07,-282.852,-4819.32
584.9,6.62532,40816.5,-10790.4,-5626.63,2094.62,-252.41,-4700.69
585.0,6.6285,40813.2,-9555.07,-8004.69,2064.9,-199.921,-4766.33
585.1,6.63623,40857.0,-9310.49,-9896.79,2047.67,-131.175,-4868.12
585.2,6.64808,40819.2,-8470.41,-10491.2,2013.46,-79.9513,-4848.48
585.3,6.6419,40785.4,-5939.77,-10015.4,1984.31,-39.8927,-4824.55
585.4,6.63668,40800.5,-4386.07,-9079.27,1968.78,-9.38819,-4844.7
585.5,6.63783,40821.1,-4696.7,-7654.69,1991.46,12.2625,-4870.71
585.6,6.65021,40861.0,-3838.2,-4264.41,1998.54,73.9376,-4909.43
585.7,6.65771,40804.9,-4617.5,-302.257,1997.83,-55.516,-4803.91
585.8,6.65521,40795.6,-6713.74,3297.02,1972.93,-218.518,-4761.48
585.9,6.64838,40787.7,-8348.23,4217.88,1965.04,-289.252,-4873.35
586.0,6.64616,40814.5,-8859.06,1459.51,1989.97,-208.057,-4909.73
586.1,6.65318,40852.2,-6792.78,-4351.11,2017.75,-78.4017,-4835.57
586.2,6.66912,40852.6,-3307.07,-9887.03,2047.76,64.4928,-4799.96
586.3,6.67241,40799.6,-1791.96,-13371.3,2105.46,147.338,-4812.58
586.4,6.66672,40790.7,-243.447,-14065.1,2116.03,188.59,-4860.06
586.5,6.65306,40749.9,2246.01,-12962.7,2078.1,144.694,-4838.29
586.6,6.62982,40744.6,3545.08,-12029.5,2051.43,41.7416,-4698.55
586.7,6.61234,40763.3,3117.73,-12589.9,1971.1,-40.7002,-4671.18
586.8,6.59528,40752.8,1177.34,-13681.3,1899.17,-47.1738,-4762.28
586.9,6.57943,40774.2,-1604.2,-14702.9,1870.73,-61.8879,-4801.27
587.0,6.58377,40855.4,-2255.25,-14383.2,1844.16,-77.8173,-4847.89
587.1,6.59689,40829.3,-1102.92,-12657.3,1777.85,-87.9527,-4931.46
587.2,6.58992,40773.9,-420.804,-11911.0,1721.42,-92.3204,-4962.02
587.3,6.5825,40787.6,-811.423,-12890.1,1711.82,10.5173,-4914.75
587.4,6.57822,40802.4,226.817,-14610.8,1751.97,161.416,-4930.26
587.5,6.57759,40822.5,-160.376,-16236.2,1817.0,222.924,-4852.2
587.6,6.59398,40869.4,-883.164,-16111.0,1887.87,159.352,-4786.67
587.7,6.60264,40809.3,-876.62,-15235.8,1953.67,-4.65875,-4817.9
587.8,6.60365,40818.9,838.378,-15444.4,1974.33,-113.677,-4852.59
587.9,6.60363,40792.3,2452.69,-17510.9,1871.38,-131.951,-4771.09
588.0,6.60029,40805.1,4305.41,-19965.9,1763.72,-52.0665,-4765.94
588.1,6.60759,40845.3,4013.46,-20866.1,1665.81,39.161,-4801.39
588.2,6.60969,40783.8,3251.56,-19195.0,1596.81,38.1032,-4853.73
588.3,6.58647,40706.7,4737.87,-15668.6,1560.85,1.1825,-4881.54
588.4,6.54446,40678.9,7302.61,-11607.3,1590.67,14.95,-4820.14
588.5,6.49208,40653.2,8465.98,-8453.63,1631.95,29.9368,-4758.46
588.6,6.45789,40760.8,7151.08,-6404.44,1692.98,10.7662,-4788.44
588.7,6.46413,40869.8,5511.3,-4346.03,1710.8,-60.0643,-4850.15
588.8,6.47516,40928.5,4115.59,-2513.9,1625.32,-197.938,-4790.55
588.9,6.48162,40959.4,4275.93,-1907.96,1552.21,-321.154,-4752.78
589.0,6.49532,40975.3,2515.24,-2662.06,1490.34,-337.051,-4781.28
589.1,6.50535,40991.8,60.5534,-4612.22,1474.63,-245.801,-4906.32
589.2,6.5229,41030.7,-1601.08,-6957.73,1480.11,-131.933,-4973.65
589.3,6.5346,40980.1,-2459.48,-7807.77,1504.58,-35.4173,-4899.79
589.4,6.51892,40859.5,-539.549,-8094.74,1524.78,-67.2449,-4876.92
589.5,6.49357,40841.4,639.495,-8289.92,1561.56,-102.061,-4847.9
589.6,6.47648,40897.9,2310.06,-8294.38,1621.97,-121.909,-4824.22
589.7,6.46369,40990.3,3499.43,-8598.3,1670.66,-200.497,-4775.29
589.8,6.46608,41103.6,3854.43,-7507.34,1656.39,-273.234,-4759.39
589.9,6.45825,41058.3,1411.32,-4579.68,1619.79,-360.758,-4800.65
590.0,6.42154,41021.2,-3467.9,-2255.64,1548.62,-452.576,-4907.29
590.1,6.39593,41155.4,-6853.39,-1530.4,1502.88,-423.258,-5069.86
590.2,6.3744,41266.1,-6404.86,-2747.3,1443.66,-283.155,-5129.87
590.3,6.35362,41413.2,-4237.4,-5783.06,1407.9,-126.16,-5007.31
590.4,6.34783,41539.3,-2649.45,-8516.82,1404.13,-42.1375,-4882.52
590.5,6.333,41566.2,-3483.89,-9746.74,1453.75,-38.7528,-4857.15
590.6,6.3278,41679.5,-3596.89,-10145.5,1516.32,-99.769,-4856.75
590.7,6.34139,41782.4,-2491.63,-10641.2,1559.63,-227.702,-4701.82
590.8,6.34464,41801.7,-167.969,-12808.2,1520.15,-351.428,-4571.28
590.9,6.35446,41899.2,955.174,-17131.1,1469.37,-375.07,-4617.15
591.0,6.3748,41966.8,1973.23,-21601.9,1410.78,-278.898,-4769.05
591.1,6.388,41959.0,4988.43,-24231.7,1335.87,-158.311,-4824.38
591.2,6.39181,41913.0,9048.48,-23226.1,1254.8,-102.145,-4748.94
591.3,6.36278,41756.3,12243.2,-20082.8,1185.61,-171.165,-4736.02
591.4,6.31436,41749.2,13203.8,-16815.6,1181.9,-195.714,-4787.17
591.5,6.27156,41864.5,12876.8,-14298.9,1212.97,-130.325,-4735.96
591.6,6.23121,42026.2,11891.7,-11896.6,1285.51,-95.4235,-4591.98
591.7,6.208,42236.0,7923.64,-8179.32,1321.96,-162.445,-4522.82
591.8,6.18787,42361.0,2174.55,-2752.53,1314.01,-295.743,-4689.8
591.9,6.16118,42461.4,-1145.14,2642.86,1276.72,-386.384,-4935.39
592.0,6.14601,42613.6,-524.197,6121.41,1194.85,-368.368,-4985.49
592.1,6.14377,42649.9,1778.82,7062.65,1137.18,-276.095,-4935.89
592.2,6.14409,42690.6,1990.01,6369.74,1125.8,-148.821,-4997.05
592.3,6.14545,42787.6,433.74,4974.8,1208.53,-70.9003,-5094.75
592.4,6.14615,42943.8,1131.01,4763.08,1342.23,-3.98038,-5043.63
592.5,6.13847,43109.4,2168.58,5450.08,1468.7,-16.741,-4783.88
592.6,6.12509,43154.6,1969.67,5785.04,1577.73,-93.0095,-4694.28
592.7,6.12376,43281.0,-880.51,5053.77,1663.96,-130.126,-4824.52
592.8,6.1205,43358.9,-3675.72,2824.76,1650.29,-101.23,-4910.36
592.9,6.1113,43402.8,-4677.43,635.876,1556.38,-20.3353,-4879.45
593.0,6.09046,43439.1,-6212.63,-304.659,1503.83,-5.3655,-4925.76
593.1,6.05566,43476.0,-8901.24,-529.692,1443.34,-61.742,-5129.68
593.2,6.01347,43570.6,-12706.6,-1618.06,1420.8,-90.7572,-5217.01
593.3,5.96529,43703.5,-13430.2,-4625.69,1457.06,0.66325,-5136.0
593.4,5.91632,43762.7,-10945.6,-9445.03,1483.46,144.559,-4982.89
593.5,5.88058,43737.5,-10518.6,-13124.2,1513.22,272.236,-4807.03
593.6,5.85086,43577.0,-11235.7,-14037.6,1507.28,254.132,-4763.49
593.7,5.8374,43395.5,-10075.6,-12796.5,1506.31,137.254,-4802.57
593.8,5.85425,43137.0,-7699.66,-11182.2,1502.3,40.4449,-4729.93
593.9,5.87525,42806.6,-5321.35,-11326.8,1458.04,11.4397,-4703.56
594.0,5.89673,42616.4,-4794.42,-13316.9,1415.73,50.9753,-4840.6
594.1,5.91193,42511.8,-5763.12,-15317.8,1376.86,93.271,-4989.66
594.2,5.92359,42582.3,-5571.08,-15552.0,1383.4,119.357,-4989.24
594.3,5.94733,42774.7,-5137.74,-14180.0,1441.76,81.3798,-4862.54
594.4,5.9611,42981.7,-4419.36,-12538.6,1493.7,16.5727,-4829.43
594.5,5.94766,43371.3,-3930.11,-11462.3,1564.71,72.1898,-4825.71
594.6,5.91375,43812.9,-2237.64,-11353.2,1612.4,125.752,-4731.79
594.7,5.86264,44299.1,880.957,-10459.6,1621.37,138.421,-4637.69
594.8,5.82072,44697.1,2138.27,-8108.18,1607.46,49.3135,-4655.46
594.9,5.78247,44882.6,1175.29,-4557.94,1541.97,-69.3466,-4818.59
595.0,5.74226,44939.9,-236.986,-1731.89,1509.42,-149.602,-4985.38
595.1,5.70142,44852.6,-1216.08,-595.129,1500.8,-146.364,-5022.44
595.2,5.66173,44647.2,-2550.37,-1017.83,1512.36,-102.871,-5008.84
595.3,5.63832,44391.5,-5157.9,-1796.41,1534.62,-44.8336,-5010.91
595.4,5.64413,44081.5,-7352.09,-2451.34,1619.85,-35.1982,-5004.07
595.5,5.68218,43779.7,-7794.37,-2295.62,1719.79,-23.3905,-4898.89
595.6,5.7248,43487.4,-6802.79,-2074.09,1766.17,-53.137,-4774.46
595.7,5.75,43380.6,-7136.82,-1904.44,1800.02,-87.671,-4751.5
595.8,5.76522,43510.7,-9427.56,-2008.92,1859.91,-112.846,-4860.43
595.9,5.78898,43790.1,-9522.72,-1962.98,1903.14,-127.461,-5034.54
596.0,5.81784,44139.4,-7779.86,-1589.5,1941.8,-164.547,-5068.87
596.1,5.83245,44588.9,-6431.25,-874.429,1990.08,-191.553,-5036.24
596.2,5.81456,45053.9,-8188.99,-280.948,2014.32,-188.226,-5060.69
596.3,5.76569,44878.2,-11165.8,-288.712,2048.69,-142.802,-5106.4
596.4,5.71601,44937.1,-11244.8,-217.484,2081.46,-89.763,-5019.96
596.5,5.68101,45001.8,-9033.41,581.716,2076.22,-69.6748,-4793.32
596.6,5.6574,44992.0,-7988.47,2086.81,2076.07,-132.791,-4691.62
596.7,5.62875,44982.3,-8400.49,3241.85,2092.28,-229.566,-4864.52
596.8,5.59907,44980.5,-7435.21,2496.05,2095.04,-296.958,-5040.48
596.9,5.58092,45033.4,-4204.79,-127.736,2106.1,-269.921,-4983.2
597.0,5.59253,45040.6,-499.403,-3480.15,2112.55,-196.312,-4906.27
597.1,5.6397,45014.2,177.025,-5534.57,2144.21,-142.676,-4959.12
597.2,5.70425,45020.9,-1089.92,-5485.95,2188.0,-151.604,-5001.26
597.3,5.75562,45171.7,-805.79,-4256.72,2198.0,-209.332,-4868.47
597.4,5.7825,45097.3,2041.51,-3207.55,2170.71,-243.104,-4668.52
597.5,5.78623,45059.4,3402.95,-3911.61,2130.79,-279.295,-4590.8
597.6,5.79626,45114.4,3491.32,-5411.61,2084.16,-252.569,-4712.14
597.7,5.81391,45102.6,3786.53,-6183.86,2024.63,-233.449,-4838.53
597.8,5.81388,45045.6,5378.65,-5675.03,1995.52,-279.508,-4859.9
597.9,5.79491,44985.9,7586.34,-4076.06,1986.72,-305.816,-4903.48
598.0,5.75163,44915.0,7232.89,-2070.85,2011.74,-274.073,-4959.12
598.1,5.70323,44953.8,6724.54,-712.471,2082.19,-210.705,-5004.58
598.2,5.69032,45071.0,6636.92,1473.62,2166.94,-125.194,-4912.42
598.3,5.69506,45084.8,6531.81,5764.02,2275.37,-119.538,-4779.81
598.4,5.69199,45052.6,4543.2,11523.9,2349.74,-198.997,-4775.93
598.5,5.6873,45037.0,1947.0,17609.7,2393.67,-295.462,-4921.4
598.6,5.6779,45042.9,-413.972,22240.9,2414.93,-330.564,-5006.12
598.7,5.688,45134.3,-2107.95,22809.2,2376.88,-354.638,-5003.01
598.8,5.7393,45249.0,-4307.19,20950.9,2311.09,-249.709,-5057.51
598.9,5.80377,45237.4,-7671.41,18747.5,2294.65,-87.9717,-5160.29
599.0,5.85463,45181.2,-9279.54,17338.3,2300.37,-28.4147,-5209.82
599.1,5.8854,45105.8,-9773.68,17788.7,2337.27,-44.6076,-5101.26
599.2,5.87624,44992.1,-10072.5,19653.6,2420.05,-32.5216,-5011.78
599.3,5.84593,44969.1,-11777.8,20642.5,2459.06,-21.8915,-5012.61
599.4,5.82563,45027.0,-12866.4,21221.6,2475.6,8.541,-5054.56
599.5,5.81079,45027.5,-11122.5,21896.9,2474.35,-4.21819,-5001.68
599.6,5.79832,45044.8,-8752.75,22653.3,2443.37,-69.2439,-4875.47
599.7,5.78509,45021.0,-9018.13,23550.0,2398.48,-131.967,-4878.79
599.8,5.76452,45006.8,-12076.5,23734.8,2387.57,-137.587,-5021.69
599.9,5.761,45091.3,-13707.0,22402.0,2377.63,-87.5917,-5103.07
600.0,5.78525,45151.3,-13925.0,20736.9,2386.98,3.97631,-5016.27
