t,rpm,Mx,My,Mz,Fx,Fy,Fz
-1.37845e-12,6.19446,43005.4,8552.44,5644.15,1876.01,-198.052,-4937.51
0.1,6.19347,43013.3,9176.66,5803.25,1868.33,-205.028,-4935.02
0.2,6.19389,43021.1,9736.0,6141.77,1862.25,-211.243,-4930.93
0.3,6.19575,43026.9,10164.8,6608.51,1858.07,-215.695,-4927.19
0.4,6.19894,43029.9,10411.6,7148.48,1856.03,-217.367,-4925.15
0.5,6.20315,43028.5,10465.6,7715.83,1855.28,-216.426,-4925.38
0.6,6.2078,43021.7,10328.3,8288.3,1855.14,-213.755,-4927.51
0.7,6.21227,43010.3,10008.3,8868.64,1855.13,-210.898,-4931.23
0.8,6.21603,42995.5,9513.5,9472.6,1855.44,-209.47,-4935.73
0.9,6.21864,42978.5,8880.56,10115.4,1856.19,-210.581,-4939.97
1.0,6.21978,42961.1,8159.0,10800.0,1857.72,-214.5,-4942.32
1.1,6.21933,42945.3,7387.16,11510.0,1860.5,-220.495,-4941.74
1.2,6.21744,42932.8,6585.92,12206.7,1864.84,-227.408,-4939.03
1.3,6.21448,42925.1,5765.14,12838.9,1870.29,-233.566,-4935.9
1.4,6.211,42922.3,4924.71,13347.8,1876.5,-237.804,-4933.11
1.5,6.20763,42924.0,4073.86,13681.6,1882.67,-239.728,-4931.98
1.6,6.20492,42929.0,3204.17,13803.4,1888.34,-239.576,-4933.71
1.7,6.20323,42935.4,2316.51,13697.3,1892.99,-237.939,-4939.35
1.8,6.2028,42941.5,1421.79,13362.8,1896.88,-235.942,-4948.04
1.9,6.20368,42946.3,566.187,12816.5,1899.91,-233.932,-4957.96
2.0,6.20581,42948.5,-188.102,12093.0,1901.83,-231.646,-4967.02
2.1,6.20892,42948.0,-783.141,11234.1,1902.86,-229.169,-4973.5
2.2,6.21273,42944.7,-1169.92,10287.1,1902.89,-226.164,-4976.31
2.3,6.21679,42938.0,-1309.35,9291.33,1901.94,-222.371,-4975.2
2.4,6.22053,42928.0,-1184.82,8272.25,1899.85,-217.184,-4970.72
2.5,6.22344,42915.4,-809.063,7242.37,1896.7,-210.484,-4964.36
2.6,6.22508,42901.8,-218.783,6211.24,1892.39,-202.416,-4957.94
2.7,6.22525,42888.7,549.306,5193.53,1886.88,-193.469,-4952.84
2.8,6.22406,42877.9,1467.3,4220.51,1879.93,-184.477,-4948.94
2.9,6.22174,42870.7,2518.04,3338.49,1871.57,-176.612,-4945.36
3.0,6.21879,42867.4,3679.17,2601.36,1861.98,-170.815,-4940.84
3.1,6.21574,42868.1,4923.78,2062.0,1851.23,-167.428,-4934.07
3.2,6.21311,42872.3,6214.78,1756.18,1840.01,-166.509,-4924.23
3.3,6.21143,42879.2,7493.16,1692.93,1829.25,-167.668,-4911.18
3.4,6.21109,42887.5,8670.53,1849.9,1820.04,-170.097,-4896.13
3.5,6.21217,42894.8,9661.32,2171.68,1813.01,-173.044,-4881.69
3.6,6.21449,42899.4,10399.8,2585.27,1808.54,-175.575,-4869.96
3.7,6.2177,42900.0,10867.3,3023.21,1806.15,-177.236,-4862.51
3.8,6.22123,42896.0,11069.5,3440.28,1805.07,-178.276,-4860.0
3.9,6.22459,42888.8,11030.0,3822.72,1804.73,-179.61,-4862.85
4.0,6.22731,42879.7,10771.3,4183.57,1805.15,-182.028,-4870.18
4.1,6.22893,42869.5,10346.5,4544.4,1806.3,-186.191,-4880.58
4.2,6.22903,42859.0,9812.24,4922.97,1808.3,-191.932,-4891.65
4.3,6.2274,42850.3,9228.53,5320.42,1811.83,-198.995,-4901.77
4.4,6.22417,42845.4,8619.09,5718.51,1817.05,-206.042,-4910.25
4.5,6.21972,42845.8,8005.72,6080.94,1823.73,-211.719,-4918.26
4.6,6.21458,42851.6,7392.24,6361.78,1831.61,-214.719,-4926.4
4.7,6.20934,42862.2,6790.82,6518.04,1839.74,-214.281,-4935.55
4.8,6.20461,42876.9,6203.21,6522.2,1847.59,-210.513,-4946.29
4.9,6.20083,42894.1,5628.81,6372.25,1854.36,-203.852,-4958.89
5.0,6.19838,42912.4,5068.11,6081.75,1860.21,-195.782,-4972.18
5.1,6.19743,42929.8,4542.78,5682.59,1865.04,-187.367,-4983.98
5.2,6.1979,42944.7,4097.14,5216.04,1868.74,-179.373,-4992.08
5.3,6.19948,42956.1,3770.69,4721.47,1871.55,-172.622,-4994.48
5.4,6.20184,42963.7,3604.41,4237.77,1873.61,-167.303,-4990.66
5.5,6.2045,42967.6,3620.82,3788.27,1874.74,-163.323,-4980.7
5.6,6.20707,42968.7,3846.08,3385.17,1875.13,-160.291,-4966.65
5.7,6.20905,42966.8,4268.24,3028.27,1874.52,-157.909,-4950.03
5.8,6.20999,42963.0,4862.05,2710.48,1872.93,-156.204,-4933.23
5.9,6.20959,42958.6,5587.9,2431.52,1870.1,-154.991,-4918.33
6.0,6.20779,42954.9,6414.28,2201.47,1866.11,-155.028,-4906.6
6.1,6.20481,42955.2,7310.6,2048.85,1860.96,-156.944,-4897.21
6.2,6.20108,42959.7,8279.13,2001.75,1854.71,-161.831,-4889.57
6.3,6.19709,42967.9,9304.52,2097.02,1847.68,-169.433,-4882.54
6.4,6.19335,42979.8,10369.8,2356.46,1840.27,-179.37,-4875.66
6.5,6.19042,42993.9,11439.1,2788.3,1833.19,-190.635,-4868.65
6.6,6.18875,43009.0,12457.9,3378.64,1827.22,-201.893,-4861.75
6.7,6.18863,43023.4,13356.8,4085.77,1822.95,-212.003,-4856.17
6.8,6.19003,43035.6,14070.3,4853.66,1820.74,-219.8,-4853.54
6.9,6.19263,43043.5,14562.7,5622.8,1820.5,-224.773,-4854.86
7.0,6.1959,43046.8,14831.5,6349.12,1821.52,-227.227,-4860.37
7.1,6.19924,43045.7,14889.3,7019.01,1823.26,-228.05,-4869.6
7.2,6.2021,43041.2,14755.1,7644.76,1825.57,-228.546,-4881.86
7.3,6.20412,43034.2,14456.8,8252.97,1828.47,-229.77,-4895.64
7.4,6.20497,43026.4,14044.2,8870.75,1832.02,-232.153,-4908.79
7.5,6.2044,43018.8,13569.4,9509.17,1836.59,-235.815,-4919.13
7.6,6.20247,43013.1,13048.0,10159.8,1842.53,-239.984,-4925.32
7.7,6.19941,43010.6,12482.2,10792.0,1849.85,-243.913,-4928.55
7.8,6.19569,43012.1,11859.6,11358.0,1858.33,-246.657,-4930.39
7.9,6.1919,43017.7,11175.4,11803.7,1867.53,-247.629,-4932.05
8.0,6.18855,43026.4,10430.8,12084.3,1876.8,-246.697,-4934.94
8.1,6.18606,43036.7,9622.15,12174.6,1885.52,-244.212,-4940.27
8.2,6.18475,43047.8,8753.47,12076.5,1893.35,-241.04,-4948.28
8.3,6.18487,43058.0,7850.74,11813.0,1900.24,-238.358,-4957.54
8.4,6.18645,43066.1,6959.79,11420.4,1906.0,-236.783,-4965.71
8.5,6.18935,43070.5,6131.99,10942.1,1910.67,-236.496,-4971.06
8.6,6.19313,43070.0,5409.91,10414.0,1914.49,-237.589,-4972.93
8.7,6.19736,43065.5,4834.16,9861.54,1917.64,-239.516,-4971.57
8.8,6.2015,43056.3,4437.85,9295.13,1919.95,-241.337,-4967.49
8.9,6.20506,43044.4,4244.72,8717.22,1921.29,-241.936,-4962.41
9.0,6.20763,43030.7,4243.44,8127.03,1921.47,-240.767,-4957.91
9.1,6.20898,43016.9,4415.81,7535.57,1920.4,-237.821,-4955.72
9.2,6.20902,43004.5,4738.92,6968.08,1917.7,-233.441,-4955.79
9.3,6.20786,42994.0,5201.59,6463.91,1913.32,-228.769,-4957.1
9.4,6.20585,42986.9,5790.84,6071.97,1907.3,-225.02,-4958.03
9.5,6.20348,42983.8,6486.49,5841.39,1899.92,-222.823,-4957.24
9.6,6.20134,42983.9,7268.44,5811.1,1891.56,-222.345,-4953.87
9.7,6.19994,42986.4,8102.53,6000.56,1883.02,-223.125,-4947.29
9.8,6.19974,42990.1,8934.87,6403.18,1875.15,-224.221,-4937.78
9.9,6.20102,42993.6,9684.44,6985.95,1868.68,-224.575,-4926.66
10.0,6.20372,42995.1,10274.1,7692.19,1863.92,-223.454,-4915.95
10.1,6.20768,42978.2,10650.3,8456.63,1861.0,-220.527,-4906.98
10.2,6.21323,42867.7,10796.4,9223.92,1859.04,-216.699,-4900.52
10.3,6.21864,42762.5,10709.6,9985.52,1857.98,-212.673,-4897.22
10.4,6.22361,42657.9,10402.3,10700.6,1857.55,-210.434,-4897.45
10.5,6.22757,42546.8,9898.61,11398.7,1857.53,-209.717,-4900.65
10.6,6.22962,42438.7,9257.83,12066.0,1857.93,-210.998,-4905.47
10.7,6.23064,42336.1,8541.35,12689.8,1858.99,-214.462,-4909.99
10.8,6.23049,42233.3,7784.02,13291.1,1861.28,-218.526,-4913.15
10.9,6.22858,42131.9,7005.06,13822.7,1865.18,-222.884,-4915.69
11.0,6.22571,42035.6,6208.67,14236.8,1870.22,-226.17,-4918.67
11.1,6.22207,41943.1,5393.64,14494.9,1875.89,-226.717,-4922.58
11.2,6.21829,41858.2,4570.53,14522.3,1881.47,-224.545,-4928.79
11.3,6.21581,41779.7,3734.38,14292.7,1886.45,-219.482,-4938.37
11.4,6.21464,41700.4,2896.66,13821.2,1890.58,-211.886,-4951.71
11.5,6.21471,41618.9,2083.69,13114.7,1893.85,-203.431,-4966.94
11.6,6.2163,41534.9,1345.61,12227.2,1895.95,-194.607,-4981.41
11.7,6.21889,41447.5,732.021,11221.2,1896.39,-185.373,-4992.48
11.8,6.22255,41360.0,284.048,10134.1,1895.53,-176.831,-4998.35
11.9,6.22742,41270.5,26.848,9023.77,1893.48,-168.846,-4998.12
12.0,6.23254,41175.2,-14.6251,7923.29,1890.8,-161.507,-4992.64
12.1,6.23722,41075.0,160.827,6835.55,1887.31,-154.519,-4983.21
12.2,6.24083,40970.6,537.072,5775.07,1883.08,-147.435,-4972.21
12.3,6.24267,40864.9,1084.13,4743.72,1877.63,-140.144,-4961.63
12.4,6.24312,40763.1,1774.48,3749.45,1870.83,-133.239,-4952.6
12.5,6.24258,40664.0,2581.79,2838.25,1862.42,-127.335,-4944.69
12.6,6.24107,40567.1,3484.82,2053.99,1852.68,-123.983,-4937.1
12.7,6.23906,40473.0,4453.56,1443.15,1841.93,-124.303,-4928.68
12.8,6.23685,40381.3,5463.77,1054.48,1830.57,-128.382,-4918.96
12.9,6.23487,40293.6,6480.87,895.646,1819.23,-135.909,-4907.52
13.0,6.23411,40210.6,7454.97,951.696,1808.72,-145.681,-4894.83
13.1,6.23502,40128.9,8316.31,1189.63,1800.02,-155.854,-4882.58
13.2,6.23753,40045.0,9005.47,1543.42,1793.43,-165.28,-4872.89
13.3,6.24144,39958.3,9482.0,1954.76,1789.05,-172.702,-4866.95
13.4,6.24605,39865.3,9748.9,2381.08,1785.92,-178.062,-4865.52
13.5,6.25082,39768.3,9813.69,2790.13,1783.49,-182.36,-4868.63
13.6,6.25549,39670.7,9692.46,3185.11,1781.35,-186.468,-4876.13
13.7,6.25957,39569.8,9411.28,3580.6,1779.87,-191.438,-4886.84
13.8,6.26254,39467.5,9027.53,3989.16,1779.33,-197.771,-4898.97
13.9,6.26395,39363.9,8597.45,4429.49,1779.86,-205.058,-4910.24
14.0,6.26346,39260.9,8163.19,4905.74,1781.76,-212.574,-4919.27
14.1,6.26143,39163.1,7742.35,5397.32,1784.97,-219.422,-4925.82
14.2,6.2586,39071.1,7341.04,5873.61,1788.96,-224.191,-4930.44
14.3,6.25549,38983.6,6951.36,6284.14,1793.64,-226.203,-4933.51
14.4,6.25269,38899.7,6568.29,6576.27,1798.45,-225.344,-4936.43
14.5,6.25053,38816.5,6176.16,6719.21,1802.94,-221.995,-4940.4
14.6,6.24918,38733.5,5770.15,6703.06,1806.5,-217.131,-4945.99
14.7,6.24908,38651.4,5357.72,6532.43,1809.18,-212.319,-4952.11
14.8,6.25064,38569.3,4976.42,6236.93,1810.77,-208.116,-4957.11
14.9,6.25379,38484.9,4674.32,5852.29,1811.15,-204.731,-4959.03
15.0,6.25823,38396.6,4494.51,5416.28,1810.48,-202.656,-4956.23
15.1,6.2633,38302.9,4469.84,4969.35,1808.85,-202.009,-4948.33
15.2,6.26838,38204.8,4625.65,4533.24,1806.45,-202.802,-4936.44
15.3,6.27306,38104.7,4968.38,4111.26,1803.0,-204.334,-4922.21
15.4,6.27696,38002.7,5488.47,3694.76,1798.54,-205.952,-4907.96
15.5,6.27966,37899.7,6166.2,3270.32,1793.18,-207.181,-4896.08
15.6,6.28097,37796.7,6976.31,2840.32,1786.83,-207.864,-4887.96
15.7,6.2808,37695.3,7897.39,2433.69,1779.34,-208.279,-4883.57
15.8,6.27941,37597.1,8913.75,2094.79,1770.71,-209.396,-4881.78
15.9,6.27745,37503.6,10007.6,1878.04,1760.91,-211.918,-4880.9
16.0,6.27558,37414.9,11148.8,1835.24,1750.52,-215.863,-4879.34
16.1,6.27436,37329.1,12306.0,1987.25,1740.08,-221.279,-4876.38
16.2,6.27421,37244.5,13421.2,2335.15,1730.59,-227.22,-4871.84
16.3,6.27532,37159.2,14429.3,2849.81,1722.77,-232.547,-4866.54
16.4,6.27779,37072.8,15266.5,3477.29,1716.87,-236.269,-4861.96
16.5,6.28162,36984.8,15895.3,4162.49,1712.77,-237.505,-4859.54
16.6,6.28652,36893.5,16298.3,4859.92,1710.04,-236.168,-4859.75
16.7,6.292,36798.4,16478.0,5543.06,1707.98,-233.234,-4862.95
16.8,6.29735,36699.0,16436.9,6212.54,1706.44,-230.026,-4868.83
16.9,6.30184,36595.7,16191.3,6885.95,1705.24,-227.911,-4876.58
17.0,6.30503,36491.3,15771.8,7579.08,1704.96,-228.201,-4884.55
17.1,6.30675,36387.4,15215.2,8302.9,1705.67,-230.924,-4891.27
17.2,6.3069,36285.3,14564.8,9047.81,1707.75,-235.616,-4896.34
17.3,6.30563,36185.8,13843.5,9786.47,1711.17,-241.081,-4899.85
17.4,6.30327,36090.3,13059.5,10476.9,1715.77,-245.919,-4902.3
17.5,6.30032,35999.0,12223.3,11064.1,1721.11,-249.153,-4905.35
17.6,6.29745,35911.5,11336.1,11493.8,1726.64,-249.982,-4910.11
17.7,6.29528,35826.8,10400.8,11723.4,1732.06,-248.39,-4917.28
17.8,6.2942,35743.2,9426.38,11733.8,1736.82,-244.685,-4927.18
17.9,6.29435,35659.2,8437.38,11538.8,1740.45,-239.61,-4939.53
18.0,6.29572,35573.7,7466.73,11174.3,1742.9,-234.463,-4952.34
18.1,6.29827,35487.0,6572.8,10684.6,1744.25,-230.145,-4963.59
18.2,6.30194,35398.8,5815.63,10115.8,1744.15,-226.271,-4971.29
18.3,6.30629,35307.7,5248.87,9506.47,1742.57,-222.465,-4974.39
18.4,6.31085,35213.8,4904.74,8886.69,1739.67,-218.409,-4972.75
18.5,6.31511,35116.9,4797.64,8280.78,1735.61,-213.942,-4967.44
18.6,6.31849,35018.0,4918.59,7698.01,1730.24,-208.828,-4959.91
18.7,6.32068,34918.6,5253.44,7138.92,1723.53,-202.77,-4952.11
18.8,6.32156,34820.0,5771.64,6610.47,1715.28,-195.812,-4944.85
18.9,6.32112,34722.9,6446.63,6133.33,1705.5,-188.773,-4938.61
19.0,6.31968,34629.1,7235.89,5753.35,1694.36,-182.458,-4932.55
19.1,6.31763,34538.3,8115.2,5523.73,1681.92,-178.232,-4925.99
19.2,6.3155,34451.2,9044.7,5492.99,1668.53,-176.898,-4917.56
19.3,6.31393,34367.3,9978.13,5685.69,1654.74,-178.66,-4906.58
19.4,6.31342,34285.2,10850.9,6095.05,1641.52,-182.827,-4893.33
19.5,6.31426,34203.1,11589.7,6676.79,1629.65,-188.213,-4878.95
19.6,6.31652,34119.4,12137.6,7364.52,1619.66,-193.592,-4865.45
19.7,6.3199,34032.6,12467.6,8090.01,1611.39,-197.904,-4854.68
19.8,6.32397,33943.1,12573.7,8792.02,1604.36,-200.934,-4847.79
19.9,6.32827,33850.8,12466.8,9432.27,1597.83,-203.111,-4845.89
20.0,6.33224,33755.7,12164.2,9997.25,1591.73,-205.314,-4849.12
20.1,6.33537,33658.8,11691.2,10494.6,1585.81,-208.272,-4856.42
20.2,6.3372,33561.3,11079.9,10941.7,1580.63,-212.871,-4865.85
20.3,6.33743,33463.7,10363.7,11353.2,1576.45,-219.312,-4875.98
20.4,6.33596,33368.4,9571.44,11727.9,1573.26,-226.822,-4885.87
20.5,6.33303,33276.9,8740.79,12043.7,1571.13,-234.378,-4895.34
20.6,6.3291,33190.1,7895.55,12259.5,1569.97,-240.373,-4903.98
20.7,6.3248,33108.0,7054.95,12322.2,1569.51,-243.472,-4912.55
20.8,6.32062,33029.3,6221.39,12186.6,1569.19,-242.565,-4922.24
20.9,6.31695,32952.8,5396.23,11822.6,1568.78,-237.807,-4933.5
21.0,6.31417,32877.7,4587.07,11228.3,1567.61,-229.919,-4945.62
21.1,6.31254,32803.1,3819.08,10432.9,1565.17,-220.255,-4957.56
21.2,6.31215,32727.6,3110.66,9487.19,1561.21,-210.383,-4967.5
21.3,6.31293,32650.5,2490.79,8445.7,1556.07,-201.982,-4973.96
21.4,6.31469,32570.6,2000.66,7359.15,1549.82,-195.522,-4975.65
21.5,6.31688,32487.5,1686.41,6268.43,1542.2,-190.472,-4971.64
21.6,6.31898,32401.6,1578.51,5201.13,1533.35,-186.661,-4962.12
21.7,6.32054,32314.1,1688.34,4179.72,1523.26,-183.735,-4948.94
21.8,6.32123,32226.0,2003.83,3211.66,1512.04,-181.412,-4934.09
21.9,6.3208,32138.6,2510.09,2296.16,1499.88,-179.319,-4919.44
22.0,6.31904,32052.3,3183.25,1433.14,1486.82,-177.294,-4906.01
22.1,6.3159,31967.6,3989.32,639.206,1472.89,-175.744,-4894.37
22.2,6.31153,31885.7,4885.09,-50.7677,1458.26,-175.581,-4884.64
22.3,6.3065,31808.1,5832.74,-588.87,1443.1,-177.696,-4876.44
22.4,6.30148,31734.5,6801.78,-932.089,1427.67,-182.532,-4868.7
22.5,6.29707,31664.1,7760.62,-1059.73,1412.63,-189.771,-4860.68
22.6,6.29365,31598.6,8659.9,-977.547,1398.69,-198.338,-4852.27
22.7,6.29119,31547.5,9445.66,-719.941,1386.48,-206.774,-4844.24
22.8,6.28989,31493.8,10085.6,-344.065,1376.1,-213.87,-4837.67
22.9,6.2895,31438.7,10575.2,99.3909,1367.21,-218.741,-4833.3
23.0,6.28973,31383.6,10919.7,558.053,1359.53,-221.323,-4831.61
23.1,6.29026,31326.8,11131.4,1003.73,1352.73,-222.182,-4833.52
23.2,6.29025,31267.2,11214.9,1434.93,1346.55,-221.719,-4839.08
23.3,6.28908,31206.6,11191.1,1860.95,1340.98,-221.273,-4847.24
23.4,6.28654,31145.4,11076.8,2312.71,1335.97,-221.634,-4855.94
23.5,6.28247,31084.0,10887.4,2812.04,1331.81,-223.447,-4863.75
23.6,6.27703,31023.7,10638.0,3354.66,1328.7,-226.64,-4870.15
23.7,6.27056,30963.8,10342.7,3918.33,1326.65,-230.126,-4874.88
23.8,6.26316,30904.4,10016.9,4453.81,1325.85,-232.802,-4877.7
23.9,6.25534,30846.7,9667.46,4896.17,1326.01,-233.622,-4879.37
24.0,6.24764,30790.4,9296.41,5189.58,1326.82,-231.842,-4881.58
24.1,6.24052,30735.3,8900.44,5291.36,1327.76,-227.181,-4884.96
24.2,6.23446,30681.3,8496.33,5181.22,1328.59,-220.473,-4889.47
24.3,6.22964,30627.1,8105.83,4877.4,1328.84,-212.546,-4894.29
24.4,6.22581,30572.0,7750.28,4421.64,1327.84,-204.532,-4898.51
24.5,6.2228,30516.5,7452.24,3862.41,1325.99,-198.368,-4901.25
24.6,6.22044,30460.2,7248.63,3248.45,1323.16,-194.629,-4901.39
24.7,6.21842,30403.0,7187.11,2611.26,1319.22,-192.85,-4898.16
24.8,6.21636,30344.5,7299.66,1968.52,1314.37,-192.09,-4891.68
24.9,6.2138,30284.7,7596.85,1331.4,1308.79,-191.528,-4883.35
25.0,6.21032,30223.9,8081.3,706.111,1302.66,-190.61,-4874.99
25.1,6.20573,30162.7,8746.6,99.2048,1295.94,-188.867,-4867.35
25.2,6.20001,30101.7,9578.06,-477.583,1288.59,-186.163,-4860.71
25.3,6.19329,30041.2,10536.4,-1001.11,1280.47,-182.817,-4855.21
25.4,6.18583,29981.5,11572.2,-1433.98,1271.79,-179.867,-4851.06
25.5,6.17801,29923.0,12637.1,-1725.84,1262.73,-178.251,-4847.56
25.6,6.17033,29865.9,13692.6,-1831.63,1253.64,-178.928,-4843.51
25.7,6.16331,29810.1,14700.3,-1724.88,1245.02,-182.126,-4838.37
25.8,6.15735,29755.1,15607.1,-1407.12,1237.39,-187.213,-4832.13
25.9,6.15261,29700.2,16363.3,-908.35,1231.32,-192.96,-4825.26
26.0,6.14913,29645.1,16939.8,-277.513,1227.09,-198.165,-4818.29
26.1,6.14668,29589.0,17327.6,434.194,1224.44,-202.183,-4811.98
26.2,6.14481,29531.5,17517.0,1181.73,1223.17,-205.031,-4807.14
26.3,6.14305,29472.6,17507.2,1933.4,1223.01,-207.387,-4805.08
26.4,6.14086,29412.0,17310.8,2674.55,1223.59,-210.225,-4806.55
26.5,6.13771,29350.1,16940.7,3406.42,1224.87,-214.296,-4810.76
26.6,6.13329,29287.5,16424.9,4139.12,1226.8,-220.479,-4817.05
26.7,6.12752,29225.0,15782.3,4883.96,1229.51,-228.91,-4824.68
26.8,6.12052,29163.0,15030.8,5638.09,1233.12,-239.02,-4833.03
26.9,6.11261,29102.0,14207.5,6377.96,1237.6,-249.709,-4841.7
27.0,6.10415,29042.0,13340.3,7063.42,1242.76,-259.349,-4850.04
27.1,6.09559,28983.3,12446.0,7639.97,1248.66,-266.725,-4858.19
27.2,6.08737,28925.7,11531.7,8054.06,1254.93,-270.865,-4867.37
27.3,6.07986,28868.9,10611.5,8266.14,1261.25,-271.498,-4878.37
27.4,6.07336,28812.8,9703.42,8258.62,1267.11,-268.937,-4890.38
27.5,6.06804,28757.0,8840.68,8042.73,1272.15,-264.216,-4902.76
27.6,6.06394,28700.8,8047.92,7659.03,1275.84,-258.267,-4914.54
27.7,6.06085,28643.9,7353.54,7165.98,1277.77,-252.087,-4924.65
27.8,6.05857,28586.3,6791.42,6618.91,1278.28,-246.998,-4931.36
27.9,6.05677,28528.6,6398.23,6060.26,1277.37,-243.098,-4933.1
28.0,6.05507,28467.7,6203.09,5512.2,1275.24,-239.501,-4929.97
28.1,6.053,28406.4,6208.85,4985.19,1272.13,-235.709,-4922.9
28.2,6.05019,28344.2,6409.36,4479.59,1268.02,-231.438,-4913.2
28.3,6.04642,28281.7,6795.67,3997.37,1262.97,-226.707,-4902.13
28.4,6.04165,28219.1,7350.21,3544.03,1256.94,-221.791,-4890.85
28.5,6.03604,28157.3,8039.65,3130.68,1249.69,-217.145,-4880.11
28.6,6.02986,28096.0,8823.74,2785.13,1241.12,-213.458,-4870.25
28.7,6.02335,28035.5,9663.81,2543.56,1231.34,-211.658,-4860.95
28.8,6.01701,27976.6,10522.5,2443.63,1220.68,-212.434,-4851.53
28.9,6.01131,27918.7,11360.6,2511.8,1209.58,-215.972,-4841.73
29.0,6.00655,27861.4,12136.4,2747.14,1198.78,-221.643,-4831.88
29.1,6.00296,27804.5,12805.9,3122.15,1189.08,-228.243,-4822.46
29.2,6.00049,27746.9,13327.8,3590.92,1181.07,-234.339,-4814.0
29.3,5.99892,27688.7,13672.9,4097.64,1174.89,-238.895,-4807.57
29.4,5.99797,27629.4,13829.8,4594.94,1170.21,-241.626,-4804.31
29.5,5.9972,27568.8,13795.8,5052.1,1166.73,-242.749,-4804.73
29.6,5.99618,27507.0,13585.0,5452.54,1164.03,-243.191,-4809.13
29.7,5.99448,27443.7,13218.5,5799.56,1161.95,-243.781,-4817.16
29.8,5.99159,27379.1,12716.7,6110.13,1160.33,-244.915,-4827.82
29.9,5.98731,27314.3,12112.3,6401.61,1159.36,-247.021,-4839.9
30.0,5.98169,27250.0,11439.3,6687.06,1159.32,-249.998,-4852.1
30.1,5.97495,27186.1,10722.2,6966.55,1160.09,-252.813,-4863.29
30.2,5.96744,27123.5,9987.48,7218.8,1161.61,-254.618,-4873.19
30.3,5.95955,27061.9,9237.32,7411.47,1163.81,-254.368,-4881.64
30.4,5.95172,27001.4,8469.93,7501.73,1166.52,-251.638,-4889.3
30.5,5.9444,26942.1,7676.97,7449.44,1169.36,-246.302,-4896.98
30.6,5.93791,26883.4,6857.15,7229.56,1172.07,-238.787,-4905.12
30.7,5.93247,26825.1,6013.73,6834.46,1174.25,-229.846,-4913.41
30.8,5.92821,26766.9,5170.26,6281.61,1175.71,-220.406,-4921.51
30.9,5.92497,26707.8,4357.95,5611.36,1175.99,-211.079,-4928.29
31.0,5.92246,26647.9,3615.13,4868.71,1175.24,-202.913,-4932.25
31.1,5.92043,26587.1,2982.33,4091.59,1173.73,-196.486,-4932.21
31.2,5.91852,26525.1,2497.65,3304.66,1171.51,-191.313,-4927.89
31.3,5.91626,26461.7,2183.5,2516.83,1168.52,-186.573,-4919.69
31.4,5.91322,26397.3,2047.66,1725.85,1165.08,-182.153,-4908.98
31.5,5.90916,26332.1,2086.61,930.63,1161.02,-177.923,-4897.54
31.6,5.90396,26267.0,2292.03,129.006,1156.35,-174.039,-4887.01
31.7,5.89772,26202.2,2653.53,-675.371,1150.72,-170.392,-4878.19
31.8,5.89066,26138.1,3157.63,-1462.68,1143.84,-166.944,-4871.14
31.9,5.88304,26074.5,3792.4,-2198.6,1135.59,-164.335,-4865.35
32.0,5.87522,26012.2,4547.61,-2839.25,1125.95,-163.374,-4859.89
32.1,5.86766,25951.1,5410.84,-3337.59,1115.11,-164.112,-4853.43
32.2,5.86077,25890.9,6366.61,-3666.46,1103.57,-166.508,-4845.41
32.3,5.8549,25831.6,7383.82,-3820.87,1092.08,-169.89,-4836.02
32.4,5.85016,25772.0,8415.32,-3815.94,1081.28,-173.354,-4825.98
32.5,5.84643,25711.8,9399.8,-3682.16,1071.93,-175.978,-4816.17
32.6,5.84352,25651.0,10279.0,-3458.32,1064.4,-177.328,-4807.76
32.7,5.84118,25589.2,11009.4,-3177.13,1058.42,-177.328,-4801.86
32.8,5.83901,25526.4,11567.6,-2864.79,1053.88,-176.575,-4798.69
32.9,5.83666,25462.4,11947.7,-2531.36,1050.37,-175.805,-4797.98
33.0,5.83362,25396.7,12163.5,-2173.15,1047.61,-176.057,-4799.38
33.1,5.82946,25330.0,12237.9,-1780.07,1045.73,-178.213,-4802.09
33.2,5.82395,25262.9,12203.2,-1341.03,1044.68,-182.457,-4805.16
33.3,5.81711,25196.0,12091.4,-855.427,1044.72,-188.608,-4807.7
33.4,5.80915,25129.9,11925.6,-341.741,1045.9,-195.781,-4809.52
33.5,5.80043,25064.6,11715.5,169.053,1047.95,-202.7,-4811.13
33.6,5.79124,25000.3,11457.8,635.057,1050.9,-208.632,-4813.2
33.7,5.78209,24937.3,11137.7,1009.77,1054.44,-213.041,-4816.45
33.8,5.77345,24875.5,10740.9,1252.72,1058.22,-215.872,-4821.87
33.9,5.76568,24814.5,10255.0,1334.58,1061.98,-217.27,-4829.86
34.0,5.75904,24754.0,9687.95,1240.22,1065.58,-217.737,-4840.31
34.1,5.75366,24693.4,9068.06,979.16,1068.75,-217.502,-4852.08
34.2,5.7494,24632.2,8443.0,578.462,1071.38,-216.932,-4863.64
34.3,5.74606,24570.3,7866.33,76.8988,1073.32,-216.244,-4873.43
34.4,5.74336,24507.4,7382.78,-489.554,1074.92,-215.702,-4879.96
34.5,5.74095,24443.5,7035.2,-1095.67,1076.26,-214.874,-4882.84
34.6,5.73841,24378.2,6847.59,-1725.01,1077.16,-213.012,-4882.18
34.7,5.73527,24311.5,6821.8,-2368.62,1077.71,-210.21,-4878.83
34.8,5.73116,24243.9,6942.49,-3017.42,1077.69,-206.729,-4874.27
34.9,5.72599,24176.3,7187.39,-3661.69,1077.01,-203.03,-4869.86
35.0,5.71986,24109.1,7540.77,-4285.51,1075.36,-199.384,-4866.26
35.1,5.71299,24042.7,7993.13,-4865.2,1072.47,-196.191,-4863.05
35.2,5.70568,23976.9,8539.79,-5368.31,1068.27,-194.15,-4859.26
35.3,5.69824,23912.0,9179.39,-5756.61,1062.72,-193.741,-4853.9
35.4,5.69106,23848.0,9913.58,-5998.23,1055.8,-195.275,-4846.0
35.5,5.68453,23785.1,10743.1,-6072.7,1047.67,-198.563,-4835.05
35.6,5.67897,23722.9,11652.7,-5977.19,1038.74,-203.061,-4821.41
35.7,5.67457,23660.9,12601.9,-5723.42,1029.6,-207.969,-4806.47
35.8,5.67132,23598.4,13539.6,-5335.91,1020.82,-212.785,-4792.36
35.9,5.66895,23534.9,14399.6,-4841.98,1012.84,-217.212,-4780.44
36.0,5.66716,23470.6,15114.3,-4268.98,1006.2,-221.251,-4771.57
36.1,5.66568,23405.4,15627.5,-3639.66,1001.12,-225.077,-4766.23
36.2,5.66423,23339.3,15917.4,-2972.73,997.522,-229.186,-4764.59
36.3,5.66246,23272.2,15989.9,-2278.7,995.421,-233.951,-4765.61
36.4,5.66001,23203.8,15883.9,-1563.24,994.663,-239.671,-4768.17
36.5,5.65647,23134.3,15649.7,-830.217,994.886,-246.291,-4771.74
36.6,5.65161,23065.1,15333.1,-86.4707,995.938,-253.269,-4776.0
36.7,5.64546,22994.7,14986.0,653.162,997.705,-260.186,-4781.21
36.8,5.63829,22925.8,14631.8,1370.41,999.942,-265.862,-4786.91
36.9,5.63044,22857.9,14282.0,2038.97,1002.7,-269.901,-4793.52
37.0,5.62224,22790.6,13918.4,2636.91,1005.56,-271.758,-4801.8
37.1,5.61397,22724.0,13509.6,3147.87,1008.26,-271.591,-4812.0
37.2,5.60604,22658.8,13035.6,3558.8,1010.74,-270.201,-4823.83
37.3,5.59897,22594.8,12488.1,3859.73,1012.78,-268.048,-4836.53
37.4,5.59313,22531.6,11876.5,4043.14,1014.42,-265.362,-4849.24
37.5,5.58866,22468.3,11220.7,4103.32,1015.87,-262.073,-4861.02
37.6,5.58541,22404.2,10560.1,4042.62,1017.2,-257.899,-4871.05
37.7,5.58304,22338.9,9938.97,3871.91,1018.36,-252.615,-4878.17
37.8,5.58118,22272.5,9400.59,3607.89,1019.01,-246.121,-4882.0
37.9,5.57949,22205.2,8958.68,3262.5,1019.42,-238.928,-4882.46
38.0,5.57765,22136.9,8613.42,2844.38,1019.6,-231.16,-4880.52
38.1,5.57529,22067.2,8354.96,2360.35,1019.47,-222.987,-4877.28
38.2,5.57192,21996.1,8167.98,1823.31,1018.93,-215.081,-4873.47
38.3,5.56728,21924.5,8037.8,1255.05,1017.65,-208.337,-4869.89
38.4,5.56142,21853.4,7953.24,679.244,1015.47,-203.585,-4867.08
38.5,5.55471,21783.4,7920.18,115.981,1012.15,-200.772,-4864.92
38.6,5.54763,21714.8,7962.53,-421.902,1007.52,-199.337,-4862.44
38.7,5.54053,21646.4,8108.69,-926.311,1001.56,-198.871,-4858.61
38.8,5.53363,21579.1,8359.43,-1378.48,994.577,-198.471,-4852.6
38.9,5.52716,21511.9,8733.84,-1775.34,986.44,-198.576,-4845.35
39.0,5.52134,21445.3,9224.94,-2107.6,977.065,-198.973,-4837.18
39.1,5.51638,21379.2,9815.33,-2374.27,966.542,-199.406,-4828.59
39.2,5.51245,21313.3,10467.3,-2574.9,955.215,-199.607,-4820.73
39.3,5.50947,21246.8,11124.8,-2704.47,943.649,-199.541,-4814.96
39.4,5.50718,21179.2,11728.2,-2749.1,932.471,-199.453,-4811.79
39.5,5.50521,21110.5,12225.4,-2691.35,922.243,-199.814,-4810.46
39.6,5.50327,21041.0,12577.5,-2520.6,913.521,-200.906,-4810.03
39.7,5.50117,20971.0,12759.9,-2243.33,906.715,-202.615,-4809.74
39.8,5.4987,20900.2,12778.1,-1878.94,901.914,-204.567,-4809.3
39.9,5.49557,20828.4,12655.7,-1454.11,899.125,-206.354,-4808.02
40.0,5.49144,20755.5,12431.1,-994.626,897.927,-207.946,-4806.08
40.1,5.48606,20681.9,12130.5,-517.83,897.711,-209.357,-4804.38
40.2,5.47943,20608.6,11776.2,-37.2389,897.905,-210.929,-4804.09
40.3,5.47181,20536.1,11377.1,438.811,898.044,-212.618,-4805.57
40.4,5.46363,20464.8,10931.6,903.799,898.049,-214.631,-4808.49
40.5,5.45523,20394.1,10431.2,1352.16,897.87,-217.07,-4812.82
40.6,5.44686,20323.8,9858.11,1781.04,897.455,-219.993,-4818.36
40.7,5.43872,20254.0,9202.68,2181.82,897.061,-223.671,-4824.51
40.8,5.43119,20185.4,8474.11,2532.28,896.733,-227.961,-4830.63
40.9,5.42465,20117.7,7695.7,2797.92,896.529,-232.178,-4836.34
41.0,5.41928,20050.0,6892.03,2937.26,896.661,-235.314,-4841.6
41.1,5.415,19981.8,6091.4,2914.12,897.176,-236.495,-4846.85
41.2,5.4115,19912.2,5324.59,2713.18,897.92,-235.299,-4852.29
41.3,5.40832,19841.2,4618.32,2340.08,898.54,-231.904,-4857.74
41.4,5.40512,19769.4,3991.69,1817.0,898.758,-227.117,-4863.04
41.5,5.40167,19696.8,3446.49,1171.97,898.638,-221.805,-4867.79
41.6,5.39776,19623.6,2991.17,432.496,898.249,-216.418,-4871.92
41.7,5.3931,19549.2,2636.47,-371.073,897.452,-210.956,-4874.84
41.8,5.3874,19474.0,2396.35,-1207.0,896.265,-205.928,-4875.97
41.9,5.3806,19398.9,2285.13,-2044.92,894.384,-201.752,-4875.3
42.0,5.37299,19324.8,2313.93,-2865.22,891.642,-198.387,-4872.95
42.1,5.36504,19252.0,2495.43,-3662.08,887.792,-195.104,-4868.9
42.2,5.35714,19180.0,2831.76,-4438.43,882.684,-191.084,-4862.91
42.3,5.34954,19108.2,3311.61,-5194.67,876.394,-186.322,-4855.21
42.4,5.34228,19036.3,3910.76,-5922.2,868.864,-181.328,-4846.44
42.5,5.33549,18964.7,4606.3,-6604.34,859.935,-176.879,-4837.16
42.6,5.32931,18893.4,5380.65,-7221.82,849.382,-173.753,-4827.46
42.7,5.32387,18822.4,6217.64,-7758.64,837.329,-172.357,-4817.26
42.8,5.31926,18751.4,7092.61,-8196.44,824.401,-172.431,-4806.92
42.9,5.31536,18679.6,7974.27,-8518.14,811.263,-173.806,-4796.92
43.0,5.31186,18606.7,8831.63,-8709.15,798.734,-176.252,-4787.4
43.1,5.30845,18532.7,9632.08,-8764.8,787.437,-179.587,-4778.13
43.2,5.30484,18458.0,10333.9,-8697.5,778.055,-183.349,-4769.16
43.3,5.30091,18383.0,10889.3,-8538.83,771.108,-186.951,-4761.15
43.4,5.29654,18307.4,11268.5,-8328.31,766.688,-189.934,-4755.1
43.5,5.29151,18230.9,11470.0,-8099.44,764.466,-192.234,-4751.48
43.6,5.2856,18153.6,11512.6,-7870.39,763.869,-194.25,-4750.19
43.7,5.27871,18076.1,11428.1,-7642.79,764.034,-196.657,-4751.66
43.8,5.27091,17998.8,11244.0,-7406.9,764.264,-199.674,-4755.96
43.9,5.26244,17922.2,11000.9,-7151.39,764.119,-203.357,-4762.45
44.0,5.25364,17846.4,10734.4,-6866.96,763.716,-207.447,-4769.5
44.1,5.24474,17770.9,10463.6,-6550.53,763.385,-211.49,-4775.93
44.2,5.23588,17695.5,10194.5,-6207.38,763.325,-215.227,-4781.85
44.3,5.22714,17620.1,9920.84,-5851.47,763.701,-218.324,-4787.55
44.4,5.21867,17545.2,9631.85,-5509.01,764.556,-220.501,-4792.8
44.5,5.21079,17471.3,9322.31,-5215.77,765.76,-221.513,-4798.07
44.6,5.20375,17397.7,8980.59,-5005.12,767.137,-220.824,-4804.08
44.7,5.1976,17323.9,8600.73,-4899.34,768.768,-218.475,-4811.08
44.8,5.19221,17249.2,8188.04,-4901.17,770.62,-214.883,-4818.61
44.9,5.18721,17173.2,7761.63,-4994.05,772.5,-210.537,-4825.75
45.0,5.18232,17096.3,7347.78,-5151.05,774.12,-205.83,-4831.65
45.1,5.1773,17018.8,6969.04,-5347.62,775.61,-201.351,-4835.28
45.2,5.17201,16940.8,6648.32,-5568.62,777.162,-197.336,-4836.04
45.3,5.16626,16861.7,6405.12,-5809.17,778.843,-193.557,-4833.96
45.4,5.15979,16781.8,6253.25,-6067.5,780.459,-189.682,-4829.8
45.5,5.15238,16701.4,6193.13,-6345.5,781.826,-186.122,-4824.49
45.6,5.14415,16621.4,6217.83,-6643.92,782.427,-183.092,-4819.12
45.7,5.13546,16542.5,6320.24,-6967.02,781.925,-180.657,-4814.57
45.8,5.12673,16464.6,6490.03,-7321.48,780.125,-178.475,-4810.85
45.9,5.11826,16387.1,6721.65,-7707.73,777.085,-176.397,-4807.7
46.0,5.11013,16309.3,7010.11,-8117.03,772.995,-174.674,-4804.48
46.1,5.1024,16231.6,7361.65,-8532.62,767.95,-173.694,-4800.64
46.2,5.09515,16154.0,7790.37,-8934.24,761.824,-173.655,-4795.64
46.3,5.08851,16076.7,8305.29,-9305.58,754.585,-174.548,-4789.06
46.4,5.08257,15999.3,8921.6,-9638.84,746.18,-176.238,-4781.55
46.5,5.07728,15921.4,9636.3,-9929.79,736.758,-178.234,-4773.69
46.6,5.0724,15842.4,10441.7,-10172.5,726.539,-180.121,-4766.3
46.7,5.06761,15762.4,11299.8,-10356.4,716.07,-181.685,-4759.68
46.8,5.06272,15681.6,12157.3,-10465.0,705.903,-183.022,-4754.55
46.9,5.05754,15600.3,12951.0,-10484.8,696.667,-184.425,-4751.26
47.0,5.052,15518.7,13626.2,-10411.0,689.047,-186.122,-4749.38
47.1,5.04606,15436.7,14142.3,-10246.8,683.584,-188.206,-4747.98
47.2,5.03963,15354.3,14472.5,-10003.1,680.491,-190.639,-4746.63
47.3,5.03276,15271.9,14611.3,-9694.17,679.488,-193.453,-4745.55
47.4,5.02555,15189.6,14579.9,-9333.9,679.906,-196.714,-4744.93
47.5,5.01818,15107.7,14413.6,-8938.73,681.079,-200.391,-4744.44
47.6,5.01084,15026.0,14151.6,-8528.29,682.392,-204.421,-4744.32
47.7,5.00359,14944.0,13815.6,-8119.75,683.545,-208.319,-4745.11
47.8,4.99632,14861.3,13422.6,-7726.74,684.454,-211.903,-4747.34
47.9,4.98893,14778.2,12981.3,-7352.96,685.176,-215.243,-4750.72
48.0,4.98143,14695.1,12499.6,-6995.57,685.966,-218.896,-4754.74
48.1,4.97393,14612.1,11978.0,-6648.98,686.709,-223.081,-4759.3
48.2,4.96658,14529.3,11416.5,-6312.69,687.613,-228.081,-4764.65
48.3,4.95947,14446.6,10812.0,-5993.88,688.854,-233.664,-4770.47
48.4,4.95271,14364.0,10171.4,-5710.35,690.512,-239.339,-4776.47
48.5,4.94637,14281.2,9506.54,-5486.96,692.596,-244.511,-4782.65
48.6,4.94046,14198.2,8831.59,-5348.74,695.069,-248.383,-4789.02
48.7,4.93501,14115.1,8169.13,-5315.1,697.879,-250.473,-4795.62
48.8,4.92994,14031.2,7544.15,-5390.77,700.784,-250.361,-4802.13
48.9,4.92499,13946.2,6979.68,-5566.45,703.536,-248.08,-4808.3
49.0,4.91986,13860.0,6491.72,-5816.45,705.659,-243.928,-4813.98
49.1,4.91437,13773.3,6092.15,-6104.17,706.918,-238.826,-4818.77
49.2,4.90844,13686.1,5783.7,-6389.68,706.919,-233.622,-4822.08
49.3,4.90205,13598.7,5572.02,-6637.35,705.377,-229.061,-4824.03
49.4,4.89517,13510.8,5447.43,-6825.94,702.381,-225.652,-4824.73
49.5,4.88784,13422.9,5399.65,-6956.21,698.214,-223.478,-4824.5
49.6,4.88018,13335.2,5421.39,-7050.08,693.221,-221.937,-4823.48
49.7,4.87241,13247.9,5511.68,-7141.24,687.685,-219.971,-4821.7
49.8,4.86473,13160.9,5668.23,-7262.92,681.669,-216.593,-4818.93
49.9,4.85736,13074.2,5881.79,-7431.35,675.384,-211.485,-4815.14
50.0,4.85041,12987.5,6151.22,-7647.11,668.644,-205.436,-4810.7
50.1,4.8439,12900.4,6476.84,-7900.49,661.158,-199.505,-4805.58
50.2,4.83781,12812.7,6861.84,-8177.74,652.535,-194.43,-4799.32
50.3,4.83197,12724.3,7300.22,-8463.52,642.649,-190.663,-4791.94
50.4,4.82627,12635.3,7778.84,-8742.67,631.509,-188.69,-4784.15
50.5,4.82062,12545.7,8278.53,-8992.38,619.552,-188.494,-4776.42
50.6,4.81489,12455.3,8787.65,-9192.12,607.389,-189.857,-4769.08
50.7,4.80894,12364.0,9296.26,-9331.16,595.525,-192.121,-4762.53
50.8,4.8026,12272.4,9772.52,-9407.83,584.654,-194.143,-4756.88
50.9,4.79573,12179.8,10181.9,-9430.31,575.268,-195.076,-4752.57
51.0,4.78834,12087.2,10473.5,-9411.34,567.866,-194.695,-4749.63
51.1,4.78053,11994.7,10602.2,-9363.49,562.62,-193.622,-4747.98
51.2,4.77244,11902.0,10537.5,-9300.94,559.527,-192.576,-4747.81
51.3,4.76429,11809.8,10267.0,-9244.99,558.48,-192.111,-4749.18
51.4,4.75629,11717.7,9814.85,-9216.85,558.916,-192.103,-4752.21
51.5,4.74853,11625.3,9228.27,-9233.37,560.161,-192.197,-4756.39
51.6,4.74107,11532.8,8566.66,-9297.07,561.608,-191.909,-4760.91
51.7,4.7339,11439.6,7890.85,-9395.25,562.694,-191.056,-4765.4
51.8,4.72687,11345.5,7242.67,-9507.33,563.232,-189.492,-4769.33
51.9,4.71977,11250.4,6654.21,-9616.19,563.205,-187.497,-4772.39
52.0,4.7124,11154.4,6133.17,-9712.01,562.935,-185.399,-4774.13
52.1,4.70464,11057.8,5663.99,-9793.51,562.832,-183.582,-4774.72
52.2,4.6965,10960.9,5219.5,-9864.62,563.067,-182.459,-4775.02
52.3,4.68805,10864.0,4778.35,-9929.21,563.589,-182.281,-4776.17
52.4,4.67947,10767.2,4325.32,-9992.41,564.306,-183.095,-4778.25
52.5,4.6711,10653.6,3855.98,-10067.8,565.099,-184.65,-4780.9
52.6,4.66362,10503.4,3375.35,-10159.5,565.807,-185.987,-4784.14
52.7,4.65642,10357.5,2894.53,-10274.5,566.693,-186.182,-4787.55
52.8,4.64978,10215.3,2432.15,-10427.0,567.658,-185.055,-4790.03
52.9,4.64331,10068.3,2013.86,-10595.3,568.225,-182.178,-4791.01
53.0,4.6365,9922.0,1656.04,-10784.3,568.098,-178.58,-4790.38
53.1,4.62987,9777.5,1372.25,-10983.9,567.003,-175.25,-4788.93
53.2,4.62315,9630.54,1154.29,-11172.7,565.257,-172.592,-4786.98
53.3,4.61597,9483.82,1003.43,-11360.1,562.865,-170.934,-4785.39
53.4,4.60859,9337.48,911.028,-11536.2,559.722,-169.841,-4784.7
53.5,4.60059,9189.29,862.819,-11681.1,555.708,-168.958,-4785.13
53.6,4.59201,9042.81,839.741,-11800.5,551.08,-168.636,-4786.57
53.7,4.58344,8897.41,836.779,-11895.3,545.88,-168.589,-4789.02
53.8,4.57472,8751.06,859.721,-11989.4,540.485,-168.104,-4791.7
53.9,4.56592,8605.61,926.667,-12137.5,535.17,-166.599,-4793.46
54.0,4.55728,8460.36,1054.51,-12362.5,530.046,-163.35,-4793.86
54.1,4.54849,8313.72,1248.91,-12672.2,524.872,-159.098,-4792.9
54.2,4.53993,8170.06,1507.42,-13060.8,519.476,-155.038,-4790.78
54.3,4.53202,8025.86,1825.46,-13494.1,513.443,-151.589,-4787.61
54.4,4.52457,7881.78,2192.72,-13950.6,506.752,-149.067,-4783.93
54.5,4.51768,7737.82,2591.94,-14421.3,499.463,-147.408,-4779.81
54.6,4.51114,7592.37,2995.85,-14875.9,491.988,-145.92,-4775.34
54.7,4.50442,7445.85,3381.19,-15294.1,484.707,-144.768,-4770.85
54.8,4.49757,7300.11,3723.8,-15654.1,477.933,-144.301,-4766.33
54.9,4.49061,7153.93,4009.9,-15930.5,472.081,-144.565,-4761.88
55.0,4.48347,7007.99,4231.15,-16130.2,467.446,-145.584,-4757.42
55.1,4.47646,6863.11,4361.81,-16266.8,464.535,-146.599,-4752.57
55.2,4.46953,6717.39,4384.28,-16354.7,463.477,-147.271,-4747.91
55.3,4.46261,6571.96,4272.41,-16416.6,464.29,-147.778,-4743.8
55.4,4.45597,6427.34,4014.09,-16467.4,466.634,-148.574,-4740.51
55.5,4.44961,6282.47,3614.24,-16521.0,470.194,-149.69,-4738.19
55.6,4.44364,6138.27,3094.74,-16607.7,474.596,-150.914,-4736.87
55.7,4.43824,5994.27,2494.34,-16746.9,479.579,-151.561,-4736.48
55.8,4.43317,5849.1,1867.43,-16943.9,484.746,-151.41,-4736.74
55.9,4.42822,5703.74,1266.19,-17189.4,489.769,-150.794,-4736.84
56.0,4.42336,5558.15,740.584,-17454.1,494.226,-150.571,-4736.3
56.1,4.41842,5412.19,317.529,-17709.8,497.949,-151.171,-4734.9
56.2,4.41345,5266.57,4.54388,-17943.3,500.848,-152.616,-4732.86
56.3,4.40853,5121.11,-203.132,-18146.7,503.235,-154.634,-4730.46
56.4,4.40356,4975.13,-320.405,-18320.7,505.323,-156.975,-4728.1
56.5,4.39853,4829.44,-361.965,-18466.6,507.18,-159.398,-4726.54
56.6,4.39345,4683.5,-340.785,-18578.8,508.59,-161.805,-4726.53
56.7,4.38827,4537.83,-266.15,-18658.0,509.439,-163.959,-4728.17
56.8,4.38331,4393.35,-141.742,-18708.9,509.716,-165.546,-4730.76
56.9,4.37878,4249.08,31.7016,-18732.6,509.454,-166.039,-4733.51
57.0,4.37471,4104.76,250.149,-18729.5,508.837,-165.395,-4735.63
57.1,4.37105,3960.25,508.433,-18691.2,508.04,-164.074,-4736.63
57.2,4.36759,3814.74,804.758,-18602.4,506.999,-162.706,-4736.51
57.3,4.36404,3668.62,1129.74,-18456.8,505.609,-161.748,-4735.39
57.4,4.36034,3522.42,1474.73,-18257.4,503.588,-161.239,-4734.28
57.5,4.35637,3375.94,1827.5,-18016.9,500.912,-160.897,-4734.08
57.6,4.35212,3229.48,2185.18,-17752.3,497.44,-160.285,-4735.17
57.7,4.3475,3082.58,2540.05,-17471.8,493.316,-159.195,-4737.3
57.8,4.3423,2935.03,2876.54,-17178.9,488.906,-158.046,-4740.42
57.9,4.33649,2787.78,3173.44,-16882.0,484.554,-157.367,-4744.35
58.0,4.33025,2641.18,3411.65,-16593.0,480.649,-156.932,-4748.31
58.1,4.32381,2495.21,3584.11,-16333.4,477.6,-156.553,-4751.37
58.2,4.31744,2350.52,3692.99,-16127.9,475.441,-156.063,-4753.32
58.3,4.31129,2205.1,3745.71,-15991.7,473.981,-155.318,-4754.55
58.4,4.30536,2060.07,3747.73,-15928.7,473.122,-154.416,-4755.52
58.5,4.29977,1915.61,3707.77,-15935.6,472.474,-153.374,-4756.55
58.6,4.29464,1771.16,3626.59,-16000.2,471.642,-152.166,-4757.9
58.7,4.29002,1627.22,3495.96,-16108.3,470.696,-150.796,-4759.71
58.8,4.28597,1483.14,3307.72,-16248.3,469.836,-149.41,-4761.72
58.9,4.28237,1338.51,3058.22,-16403.6,469.435,-148.089,-4763.51
59.0,4.27898,1192.96,2743.46,-16561.7,469.692,-147.053,-4764.49
59.1,4.27563,1047.47,2363.37,-16710.1,470.809,-146.355,-4764.69
59.2,4.27224,901.519,1934.78,-16841.9,472.446,-146.207,-4764.51
59.3,4.2688,755.92,1480.4,-16960.6,474.362,-146.424,-4763.96
59.4,4.26546,610.745,1028.72,-17074.5,476.311,-146.62,-4762.96
59.5,4.26222,465.324,599.76,-17194.5,478.073,-146.507,-4761.71
59.6,4.25906,320.018,195.212,-17329.1,479.763,-145.824,-4760.4
59.7,4.25601,174.716,-190.515,-17480.4,481.41,-144.764,-4758.92
59.8,4.25311,29.6058,-565.899,-17646.5,483.203,-143.538,-4756.89
59.9,4.25006,-12.6345,-938.726,-17806.8,485.386,-141.856,-4754.05
60.0,4.24643,-8.6293,-1313.8,-18016.4,487.642,-140.609,-4750.09
60.1,4.24406,-3.63456,-1692.24,-18233.7,489.567,-138.713,-4745.22
60.2,4.24166,-5.50965,-2060.42,-18461.4,491.206,-136.9,-4739.78
60.3,4.24044,0.329645,-2400.72,-18720.4,492.763,-136.641,-4733.87
60.4,4.24015,-0.63436,-2694.25,-18944.7,494.017,-136.553,-4728.06
60.5,4.23897,-3.24095,-2909.3,-19160.1,494.244,-136.71,-4722.74
60.6,4.23806,-0.161304,-3025.8,-19394.1,492.939,-137.195,-4717.31
60.7,4.23747,-1.56066,-3020.73,-19594.2,489.647,-136.827,-4711.85
60.8,4.23637,-2.05169,-2887.57,-19775.2,484.759,-136.856,-4706.51
60.9,4.23575,-0.116158,-2631.27,-19922.3,478.959,-138.349,-4701.75
61.0,4.23453,-4.72528,-2264.39,-19979.2,472.696,-140.752,-4698.11
61.1,4.23169,-7.8734,-1803.88,-19973.7,466.246,-144.722,-4695.49
61.2,4.22833,-8.12627,-1275.63,-19903.2,459.404,-149.714,-4693.89
61.3,4.22427,-11.0143,-716.738,-19745.3,452.031,-154.436,-4693.6
61.4,4.21984,-9.84669,-158.233,-19542.3,444.536,-159.622,-4694.94
61.5,4.21616,-7.82714,369.3,-19297.5,437.49,-164.706,-4697.77
61.6,4.21236,-9.97719,854.204,-19019.5,431.298,-168.661,-4701.95
61.7,4.20813,-9.84738,1292.51,-18765.9,426.05,-171.406,-4707.16
61.8,4.204,-9.98676,1686.2,-18536.9,421.275,-172.357,-4713.09
61.9,4.19941,-11.665,2043.01,-18325.5,416.399,-171.648,-4719.45
62.0,4.19486,-9.88464,2374.18,-18143.2,411.026,-170.695,-4725.85
62.1,4.19081,-9.51177,2683.12,-17948.5,405.138,-169.455,-4732.21
62.2,4.18633,-11.5732,2962.09,-17726.9,399.245,-168.478,-4738.36
62.3,4.18139,-12.0855,3195.3,-17487.5,393.754,-168.099,-4744.13
62.4,4.17597,-13.8393,3363.51,-17206.4,389.086,-167.635,-4749.6
62.5,4.16957,-16.8936,3461.83,-16894.6,385.221,-167.387,-4755.04
62.6,4.16288,-16.0955,3484.02,-16572.4,382.446,-167.831,-4760.24
62.7,4.15624,-16.6724,3432.86,-16237.9,380.928,-168.089,-4765.17
62.8,4.14933,-17.0608,3300.76,-15918.1,381.112,-167.608,-4769.61
62.9,4.14265,-19.8441,3076.28,-15630.7,383.044,-166.174,-4773.55
63.0,4.13608,-18.6462,2754.65,-15355.3,385.855,-163.85,-4777.05
63.1,4.12949,-16.9945,2334.01,-15097.7,388.613,-161.989,-4779.58
63.2,4.12357,-14.1009,1815.39,-14858.2,390.832,-161.206,-4780.74
63.3,4.11818,-13.5138,1193.58,-14630.5,392.105,-160.711,-4780.61
63.4,4.11293,-13.0965,464.866,-14437.2,392.45,-160.292,-4779.85
63.5,4.10779,-13.1619,-354.961,-14287.1,391.576,-160.088,-4778.99
63.6,4.10218,-15.4485,-1233.79,-14178.4,389.348,-160.111,-4777.84
63.7,4.09582,-16.9431,-2137.29,-14133.6,385.956,-160.547,-4776.13
63.8,4.08899,-18.1787,-3049.05,-14165.7,381.802,-160.767,-4774.02
63.9,4.08151,-20.2154,-3962.07,-14282.9,377.632,-159.985,-4771.95
64.0,4.07342,-21.2728,-4874.26,-14497.4,374.044,-158.285,-4769.54
64.1,4.06492,-22.5243,-5779.92,-14793.1,371.316,-156.103,-4766.46
64.2,4.05581,-24.3105,-6676.79,-15155.9,369.283,-154.053,-4762.81
64.3,4.04635,-24.3125,-7556.59,-15588.9,367.454,-152.469,-4759.19
64.4,4.03701,-23.7669,-8403.76,-16091.5,365.194,-150.608,-4755.66
64.5,4.02787,-23.0932,-9188.6,-16670.2,361.905,-147.919,-4751.84
64.6,4.01918,-21.5662,-9886.41,-17327.4,357.314,-144.256,-4747.33
64.7,4.01089,-21.1781,-10482.5,-18043.6,351.304,-139.693,-4742.29
64.8,4.00252,-21.8617,-10966.9,-18805.9,343.872,-134.552,-4736.82
64.9,3.9939,-22.5191,-11329.4,-19608.3,335.083,-128.991,-4730.41
65.0,3.98485,-24.0917,-11559.0,-20440.1,324.949,-122.822,-4722.58
65.1,3.97513,-25.8301,-11653.2,-21296.4,313.645,-116.253,-4713.44
65.2,3.96483,-27.266,-11614.6,-22159.6,301.43,-109.816,-4703.67
65.3,3.95378,-29.571,-11441.1,-22998.2,288.478,-104.369,-4693.93
65.4,3.94178,-32.0453,-11133.0,-23788.1,274.876,-100.461,-4684.41
65.5,3.92891,-34.1352,-10698.9,-24508.0,260.677,-98.1459,-4675.22
65.6,3.91517,-36.4522,-10162.1,-25145.5,245.754,-97.1002,-4666.72
65.7,3.90065,-38.0614,-9550.48,-25704.1,229.981,-97.2242,-4659.11
65.8,3.88558,-39.3491,-8891.04,-26185.7,213.418,-98.1206,-4652.21
65.9,3.8699,-41.111,-8209.51,-26591.1,196.144,-99.3629,-4645.95
66.0,3.85351,-42.8485,-7527.58,-26930.9,178.307,-101.177,-4640.87
66.1,3.8365,-43.8476,-6875.5,-27198.9,160.47,-102.856,-4637.59
66.2,3.81881,-46.202,-6273.96,-27400.4,142.599,-105.098,-4636.41
66.3,3.80037,-48.2172,-5736.67,-27544.9,124.862,-108.064,-4637.37
66.4,3.78137,-49.3971,-5282.25,-27632.1,107.823,-110.837,-4640.02
66.5,3.76197,-50.1899,-4929.97,-27652.1,92.1172,-112.723,-4644.23
66.6,3.74247,-49.8679,-4702.68,-27583.9,78.4649,-114.101,-4650.1
66.7,3.72317,-49.2927,-4616.81,-27394.0,67.5431,-115.73,-4657.64
66.8,3.70402,-49.064,-4678.61,-27061.4,59.8119,-117.701,-4666.61
66.9,3.68501,-48.5711,-4892.7,-26588.6,55.4488,-119.5,-4676.62
67.0,3.6661,-48.4972,-5257.07,-25993.3,53.8654,-120.533,-4687.86
67.1,3.64722,-48.3765,-5765.79,-25299.4,54.4144,-120.359,-4700.31
67.2,3.62845,-47.9579,-6408.15,-24527.5,56.478,-119.251,-4713.43
67.3,3.60979,-47.8212,-7173.52,-23689.5,59.7251,-117.692,-4726.9
67.4,3.59111,-48.0745,-8061.62,-22799.2,64.0752,-115.808,-4740.57
67.5,3.57228,-48.6284,-9077.87,-21871.9,69.8759,-113.357,-4754.06
67.6,3.55316,-49.5021,-10226.7,-20922.2,77.6888,-109.99,-4766.51
67.7,3.53382,-49.8124,-11510.5,-19960.1,87.9875,-105.613,-4777.13
67.8,3.51444,-49.6108,-12918.0,-18990.8,100.535,-100.769,-4786.16
67.9,3.49524,-48.8923,-14425.3,-18024.5,114.649,-95.9835,-4794.01
68.0,3.47647,-47.3916,-16008.5,-17083.8,129.886,-91.2635,-4800.26
68.1,3.45838,-45.4696,-17649.8,-16194.4,145.756,-86.006,-4804.54
68.2,3.44104,-43.4972,-19343.5,-15379.8,161.773,-80.2115,-4807.1
68.3,3.42446,-41.5731,-21086.1,-14653.7,177.467,-74.3815,-4808.44
68.4,3.40857,-39.9853,-22859.4,-14025.2,192.437,-69.2692,-4808.58
68.5,3.39318,-39.0249,-24630.7,-13510.9,206.262,-65.086,-4807.16
68.6,3.37814,-38.1974,-26360.0,-13140.5,218.661,-61.5434,-4804.2
68.7,3.36339,-37.5674,-27999.5,-12942.8,229.479,-57.894,-4800.25
68.8,3.34882,-37.237,-29492.3,-12938.3,238.607,-53.786,-4795.42
68.9,3.33436,-37.0218,-30779.3,-13132.7,245.922,-49.4808,-4789.35
69.0,3.31993,-37.0911,-31801.2,-13522.6,251.124,-45.4876,-4782.19
69.1,3.30543,-37.3933,-32509.8,-14108.7,253.682,-41.9604,-4774.23
69.2,3.29085,-37.5829,-32870.9,-14893.1,253.277,-38.4304,-4765.12
69.3,3.2761,-38.2083,-32877.0,-15867.5,249.939,-34.3893,-4753.78
69.4,3.26103,-39.2853,-32545.4,-17002.6,244.045,-30.0303,-4740.29
69.5,3.24544,-40.9232,-31914.3,-18246.4,236.025,-26.314,-4725.75
69.6,3.22906,-43.4443,-31021.2,-19538.6,226.259,-24.1714,-4711.15
69.7,3.21174,-45.6943,-29895.9,-20830.7,215.08,-23.7948,-4696.53
69.8,3.19356,-47.9046,-28574.7,-22091.1,202.766,-24.4819,-4681.85
69.9,3.17473,-48.9713,-27100.4,-23288.9,189.87,-25.0947,-4667.92
70.0,3.15556,-49.5121,-25523.9,-24391.8,176.993,-25.4581,-4655.15
70.1,3.13626,-49.6904,-23889.1,-25360.1,164.816,-26.1608,-4643.33
70.2,3.11686,-49.9789,-22242.4,-26164.7,153.943,-27.8297,-4631.93
70.3,3.0973,-50.5206,-20639.5,-26797.5,144.793,-30.4426,-4621.15
70.4,3.07754,-51.0176,-19135.5,-27265.9,137.587,-33.2873,-4611.58
70.5,3.05762,-51.351,-17766.5,-27577.0,132.301,-35.9321,-4603.59
70.6,3.0376,-51.2714,-16545.6,-27724.7,128.844,-38.7483,-4597.32
70.7,3.01754,-51.5667,-15482.9,-27697.9,127.022,-42.9175,-4593.09
70.8,2.99742,-51.7733,-14592.9,-27492.6,126.903,-48.9386,-4591.57
70.9,2.97722,-51.9836,-13892.5,-27125.9,128.67,-56.2832,-4592.75
71.0,2.95698,-51.9331,-13400.7,-26630.0,132.817,-63.8809,-4595.4
71.1,2.93687,-51.293,-13136.1,-26039.0,139.719,-71.0202,-4598.48
71.2,2.91713,-50.042,-13105.0,-25380.2,149.383,-77.6286,-4602.18
71.3,2.89797,-48.381,-13299.3,-24675.2,161.614,-83.6984,-4606.72
71.4,2.87947,-46.5671,-13699.2,-23955.0,176.244,-89.2327,-4611.72
71.5,2.86172,-44.5634,-14278.7,-23256.3,192.806,-93.6379,-4617.21
71.6,2.84477,-42.3901,-15015.4,-22609.7,210.723,-96.1783,-4623.79
71.7,2.82872,-39.926,-15889.5,-22031.1,229.612,-97.058,-4631.62
71.8,2.81371,-37.0777,-16870.8,-21517.9,249.01,-97.0963,-4640.24
71.9,2.79982,-34.1655,-17920.9,-21060.8,268.514,-97.0905,-4649.0
72.0,2.78705,-31.3194,-18995.9,-20657.3,287.849,-96.9216,-4657.47
72.1,2.77543,-28.3063,-20039.7,-20312.0,306.642,-95.9915,-4664.95
72.2,2.76493,-25.5961,-20991.1,-20028.0,324.652,-93.7375,-4670.47
72.3,2.75541,-23.2667,-21788.0,-19799.7,341.444,-90.2952,-4673.51
72.4,2.74671,-21.461,-22384.0,-19613.8,356.543,-86.1835,-4674.47
72.5,2.7386,-20.191,-22749.2,-19457.3,369.274,-81.716,-4673.92
72.6,2.73098,-18.9532,-22855.7,-19316.7,378.616,-76.5567,-4672.06
72.7,2.72381,-17.9529,-22688.5,-19169.1,383.739,-70.6442,-4668.33
72.8,2.71689,-17.6768,-22269.7,-18982.8,384.604,-65.146,-4662.33
72.9,2.70985,-18.5786,-21660.5,-18728.1,381.788,-61.6152,-4654.98
73.0,2.70224,-20.6266,-20939.0,-18397.8,376.356,-61.0955,-4647.41
73.1,2.69367,-23.4189,-20152.7,-18006.3,368.785,-62.459,-4640.13
73.2,2.68397,-26.4079,-19323.4,-17574.6,359.378,-64.5098,-4632.71
73.3,2.67313,-29.2502,-18475.3,-17113.1,348.427,-67.0208,-4625.37
73.4,2.66127,-31.6279,-17645.8,-16624.3,336.337,-70.7333,-4619.77
73.5,2.64848,-33.9803,-16872.3,-16117.3,323.559,-75.983,-4617.17
73.6,2.63479,-36.3167,-16186.8,-15624.0,310.674,-82.0939,-4616.58
73.7,2.62021,-38.4584,-15622.1,-15188.6,298.272,-88.0328,-4616.44
73.8,2.60483,-40.5128,-15222.1,-14841.6,286.824,-93.2855,-4616.69
73.9,2.58865,-42.6018,-15029.2,-14587.6,276.537,-98.4385,-4618.29
74.0,2.57166,-44.6927,-15054.8,-14414.5,267.451,-104.735,-4621.72
74.1,2.55386,-46.7277,-15280.6,-14311.3,259.565,-112.621,-4626.5
74.2,2.53532,-48.4933,-15686.5,-14279.1,252.951,-121.035,-4632.54
74.3,2.5162,-49.6761,-16261.4,-14318.9,247.984,-128.365,-4640.63
74.4,2.49673,-50.2272,-16998.3,-14413.9,245.368,-133.788,-4651.0
74.5,2.47718,-49.9052,-17880.3,-14532.4,245.646,-138.08,-4662.78
74.6,2.45772,-49.7156,-18879.0,-14649.5,248.769,-142.531,-4675.13
74.7,2.43854,-48.7563,-19977.5,-14761.8,254.736,-146.74,-4687.37
74.8,2.41986,-46.952,-21162.8,-14882.8,263.279,-149.158,-4699.01
74.9,2.40192,-44.9512,-22408.9,-15019.2,273.732,-148.858,-4709.56
75.0,2.38493,-42.2373,-23688.0,-15150.0,285.665,-146.173,-4718.31
75.1,2.36887,-40.3291,-24980.7,-15229.0,298.748,-142.365,-4725.34
75.2,2.35355,-38.5243,-26270.7,-15220.7,312.607,-138.645,-4731.58
75.3,2.33892,-36.7372,-27538.6,-15111.4,326.883,-134.759,-4737.19
75.4,2.32506,-34.5741,-28759.3,-14907.4,341.389,-129.708,-4740.98
75.5,2.31215,-31.7331,-29911.2,-14618.7,355.927,-123.02,-4742.02
75.6,2.3005,-28.2021,-30981.7,-14245.3,370.396,-115.452,-4740.7
75.7,2.29022,-24.5748,-31951.0,-13787.7,384.436,-108.142,-4737.83
75.8,2.28124,-21.4992,-32781.7,-13267.8,397.346,-101.42,-4733.33
75.9,2.27343,-18.7328,-33437.3,-12724.9,408.221,-94.1754,-4726.39
76.0,2.26658,-16.638,-33900.7,-12200.6,416.116,-85.2747,-4717.3
76.1,2.26051,-14.7327,-34170.7,-11721.7,420.236,-74.8795,-4707.41
76.2,2.25505,-13.4422,-34246.9,-11297.3,420.116,-64.3187,-4697.36
76.3,2.24992,-13.0802,-34125.0,-10938.6,415.669,-54.9366,-4686.49
76.4,2.24478,-13.4405,-33814.8,-10670.8,407.509,-46.7754,-4674.33
76.5,2.23938,-14.4021,-33339.1,-10526.1,396.412,-38.9714,-4661.54
76.6,2.23358,-15.4505,-32709.4,-10526.6,382.916,-30.8442,-4648.95
76.7,2.22738,-16.5017,-31884.4,-10680.7,366.505,-22.9872,-4636.9
76.8,2.22073,-17.7881,-30816.7,-10987.9,346.775,-15.9817,-4624.43
76.9,2.21345,-19.7282,-29504.6,-11451.5,323.999,-9.50387,-4611.1
77.0,2.20524,-22.5062,-28009.3,-12076.6,298.981,-2.64512,-4597.99
77.1,2.19579,-26.0802,-26423.5,-12855.5,272.949,4.89437,-4586.09
77.2,2.18478,-30.4138,-24835.1,-13762.9,247.135,12.0346,-4574.89
77.3,2.17204,-34.9916,-23316.6,-14765.6,222.567,17.2131,-4564.07
77.4,2.15754,-39.241,-21929.9,-15836.6,199.971,19.8638,-4554.85
77.5,2.14148,-42.9342,-20710.2,-16960.0,179.794,20.7981,-4548.73
77.6,2.12424,-45.3738,-19652.2,-18119.1,162.329,21.2434,-4545.52
77.7,2.10623,-47.0611,-18731.2,-19283.0,147.771,21.6556,-4543.74
77.8,2.08768,-48.1174,-17940.2,-20407.1,136.497,21.7453,-4542.88
77.9,2.06871,-49.1774,-17302.4,-21449.8,128.98,21.207,-4543.34
78.0,2.04932,-50.2795,-16858.9,-22386.0,125.848,20.2889,-4544.55
78.1,2.02954,-51.198,-16634.6,-23208.2,127.166,19.506,-4545.39
78.2,2.00949,-51.6282,-16632.5,-23909.8,132.464,19.1612,-4545.72
78.3,1.98935,-51.5726,-16859.4,-24473.9,141.411,18.6869,-4546.14
78.4,1.96938,-50.8385,-17325.0,-24877.5,154.003,16.9055,-4547.75
78.5,1.94982,-49.4204,-18018.5,-25100.8,169.976,13.312,-4551.55
78.6,1.93101,-47.0276,-18930.5,-25136.9,189.524,8.377,-4556.71
78.7,1.91339,-43.2843,-20052.6,-24990.0,213.003,3.17825,-4562.07
78.8,1.8975,-38.2025,-21366.0,-24662.0,240.453,-1.32775,-4567.45
78.9,1.88371,-32.5292,-22835.2,-24158.1,271.35,-5.436,-4572.23
79.0,1.8722,-26.5217,-24392.8,-23492.8,304.628,-9.48025,-4575.26
79.1,1.86294,-20.9485,-25956.6,-22696.0,338.824,-13.0845,-4575.88
79.2,1.85571,-16.0997,-27450.9,-21804.8,372.39,-15.2705,-4574.7
79.3,1.85024,-11.921,-28809.3,-20847.2,403.91,-15.8748,-4572.73
79.4,1.84624,-8.57735,-29974.3,-19830.9,432.284,-16.012,-4570.37
79.5,1.8434,-6.04231,-30905.7,-18754.6,456.983,-17.2695,-4567.57
79.6,1.84141,-4.19759,-31586.2,-17624.3,477.916,-20.3465,-4564.62
79.7,1.84004,-2.8529,-32008.7,-16458.0,495.236,-24.78,-4561.81
79.8,1.83917,-1.65838,-32165.3,-15280.2,509.272,-29.93,-4558.46
79.9,1.8388,-0.311823,-32041.1,-14113.3,520.156,-35.7453,-4553.67
80.0,1.83897,1.04078,-31632.8,-12983.3,527.927,-42.702,-4547.48
80.1,1.8396,2.18059,-30961.0,-11938.7,532.432,-51.0332,-4540.66
80.2,1.84062,3.0768,-29990.4,-11038.1,531.587,-58.8298,-4535.02
80.3,1.84179,2.90701,-28682.2,-10326.7,523.82,-64.256,-4529.35
80.4,1.84262,1.27498,-27049.9,-9821.87,508.835,-67.7341,-4521.25
80.5,1.84249,-2.26266,-25172.3,-9510.91,487.295,-71.2357,-4512.12
80.6,1.84049,-8.31262,-23179.5,-9373.68,461.059,-76.4459,-4504.43
80.7,1.83577,-16.7796,-21184.2,-9409.93,432.55,-83.8429,-4498.03
80.8,1.82796,-24.0303,-19243.2,-9610.31,403.904,-92.0169,-4491.44
80.9,1.81716,-31.3473,-17426.1,-9969.32,376.831,-101.556,-4485.02
81.0,1.80386,-36.7924,-15776.1,-10449.0,352.292,-112.67,-4482.15
81.1,1.78887,-40.1463,-14308.4,-11008.6,330.619,-125.79,-4484.38
81.2,1.77287,-42.0121,-13013.4,-11623.5,311.728,-140.206,-4489.75
81.3,1.75638,-42.6886,-11905.8,-12291.9,295.451,-154.179,-4496.04
81.4,1.73964,-43.3688,-11048.1,-13011.2,281.767,-166.074,-4503.44
81.5,1.72243,-45.0559,-10512.2,-13768.1,270.768,-175.92,-4512.4
81.6,1.70441,-47.6876,-10333.8,-14541.6,262.593,-184.946,-4521.34
81.7,1.68529,-50.2635,-10516.2,-15310.7,257.546,-193.929,-4528.61
81.8,1.66502,-53.4671,-11044.4,-16054.9,255.825,-202.099,-4535.7
81.9,1.644,-54.5062,-11890.2,-16737.9,258.085,-208.189,-4545.35
82.0,1.6229,-53.9063,-12987.9,-17309.6,264.47,-213.434,-4558.02
82.1,1.6025,-50.9752,-14252.8,-17713.7,275.028,-218.99,-4572.03
82.2,1.58367,-45.8611,-15622.9,-17906.0,289.367,-224.604,-4586.08
82.3,1.56707,-39.4903,-17082.5,-17854.1,307.347,-228.496,-4599.67
82.4,1.55318,-32.0013,-18633.2,-17539.5,328.76,-229.919,-4611.71
82.5,1.5422,-24.517,-20256.6,-16949.4,352.62,-229.84,-4620.65
82.6,1.53394,-18.0126,-21924.3,-16085.9,377.793,-228.917,-4626.12
82.7,1.5281,-12.1463,-23604.6,-14981.0,402.919,-226.826,-4629.88
82.8,1.52439,-7.09077,-25252.8,-13686.2,426.581,-222.536,-4634.32
82.9,1.52253,-2.62426,-26804.7,-12258.6,447.595,-215.638,-4640.19
83.0,1.52237,1.62703,-28197.3,-10747.0,465.254,-206.662,-4646.65
83.1,1.52373,5.4191,-29393.8,-9194.12,479.498,-196.535,-4653.05
83.2,1.5264,8.5936,-30376.7,-7646.85,490.488,-185.368,-4658.83
83.3,1.53016,11.2004,-31110.3,-6144.88,498.015,-172.12,-4662.46
83.4,1.53465,12.5019,-31538.9,-4710.19,501.621,-156.525,-4661.43
83.5,1.53936,12.4052,-31615.6,-3354.54,500.701,-140.243,-4654.91
83.6,1.54375,10.7464,-31318.9,-2091.37,494.45,-124.933,-4645.2
83.7,1.54717,7.24915,-30659.6,-946.419,482.559,-110.521,-4634.85
83.8,1.54903,2.66321,-29675.9,36.2964,465.28,-96.378,-4624.91
83.9,1.54907,-2.4778,-28411.7,785.56,442.187,-83.9155,-4616.67
84.0,1.54712,-7.62513,-26938.7,1225.88,413.486,-73.3441,-4611.34
84.1,1.54312,-13.0283,-25342.8,1289.75,380.359,-63.1478,-4608.69
84.2,1.53701,-18.5268,-23701.7,942.361,344.671,-51.5326,-4607.2
84.3,1.52867,-24.3986,-22069.3,194.251,308.316,-38.545,-4605.44
84.4,1.51789,-31.073,-20481.4,-899.426,273.059,-25.2868,-4602.73
84.5,1.50441,-38.1584,-18959.0,-2266.27,240.22,-12.6386,-4598.84
84.6,1.48826,-44.7478,-17519.7,-3837.96,210.568,-0.764313,-4593.54
84.7,1.46977,-50.0611,-16195.6,-5550.97,184.542,10.3027,-4586.89
84.8,1.44956,-53.5422,-15043.3,-7343.93,162.564,19.7549,-4579.66
84.9,1.42833,-55.2726,-14144.7,-9160.6,145.153,26.3215,-4572.81
85.0,1.40663,-55.9575,-13585.6,-10957.4,133.017,29.6362,-4567.07
85.1,1.38476,-56.4961,-13428.7,-12709.0,126.861,30.8023,-4562.98
85.2,1.36276,-56.5616,-13694.5,-14395.7,126.925,31.752,-4560.79
85.3,1.34055,-56.8727,-14361.3,-15980.5,133.191,34.0158,-4560.59
85.4,1.31814,-57.6205,-15383.5,-17397.9,145.699,37.8963,-4562.49
85.5,1.2957,-57.5059,-16677.6,-18579.4,163.474,41.6891,-4567.02
85.6,1.27355,-56.0826,-18161.2,-19468.7,185.796,44.5661,-4573.31
85.7,1.25231,-52.5058,-19784.7,-20023.8,212.671,47.2026,-4578.93
85.8,1.23262,-48.0873,-21530.3,-20213.6,243.922,49.5564,-4582.67
85.9,1.21518,-41.3729,-23420.6,-20002.7,279.728,50.8385,-4584.53
86.0,1.20048,-34.1183,-25461.2,-19369.6,319.521,49.5091,-4585.12
86.1,1.18856,-27.0606,-27614.2,-18335.5,361.826,45.4121,-4584.64
86.2,1.17936,-20.1932,-29799.8,-16968.2,404.462,40.678,-4583.37
86.3,1.17269,-14.0048,-31917.3,-15355.3,444.931,38.0116,-4582.44
86.4,1.16832,-8.32386,-33857.9,-13578.7,481.033,38.2831,-4583.13
86.5,1.16606,-3.25013,-35518.0,-11698.1,511.333,40.416,-4585.28
86.6,1.16553,0.519761,-36818.7,-9758.27,535.396,43.011,-4587.5
86.7,1.16621,3.16733,-37728.3,-7806.58,553.604,45.6177,-4588.39
86.8,1.1677,4.71619,-38252.5,-5886.48,566.639,48.5674,-4587.25
86.9,1.16951,4.94604,-38398.1,-4029.85,574.9,51.4426,-4583.67
87.0,1.17125,4.26191,-38157.5,-2264.37,578.115,52.9123,-4577.17
87.1,1.17265,3.14096,-37526.0,-623.581,575.623,52.301,-4568.12
87.2,1.17357,1.69876,-36518.9,836.391,566.868,50.361,-4558.22
87.3,1.17405,0.770647,-35187.1,2043.61,552.069,49.0664,-4549.01
87.4,1.17407,-0.793225,-33528.5,2912.48,530.316,48.3649,-4542.32
87.5,1.17328,-3.40004,-31545.1,3367.29,501.715,47.9804,-4536.46
87.6,1.17123,-7.32335,-29278.1,3358.09,467.546,48.1806,-4528.71
87.7,1.16721,-13.4088,-26818.1,2870.83,429.711,49.1579,-4518.75
87.8,1.16059,-20.711,-24289.6,1939.19,390.731,50.8114,-4507.23
87.9,1.15098,-28.7562,-21798.3,643.703,352.937,52.0855,-4493.6
88.0,1.13822,-36.7947,-19431.9,-911.228,318.117,51.5677,-4477.22
88.1,1.12257,-43.526,-17284.7,-2626.31,287.467,48.4015,-4459.94
88.2,1.10462,-48.731,-15453.3,-4422.47,261.578,42.6551,-4445.36
88.3,1.08508,-51.5407,-14009.8,-6248.84,240.669,34.7158,-4435.22
88.4,1.06478,-52.2691,-12997.8,-8077.77,224.768,24.6642,-4428.45
88.5,1.04425,-52.5041,-12457.3,-9894.9,213.999,12.6495,-4424.02
88.6,1.02366,-53.0092,-12426.6,-11697.6,208.532,-0.45125,-4422.17
88.7,1.00304,-52.9043,-12906.0,-13475.0,208.832,-12.712,-4423.03
88.8,0.982462,-52.8969,-13842.0,-15194.6,214.995,-22.8605,-4424.78
88.9,0.962009,-52.2119,-15165.3,-16794.7,227.133,-30.7197,-4425.79
89.0,0.942022,-50.5809,-16814.3,-18194.3,244.851,-37.1965,-4427.36
89.1,0.922849,-47.952,-18729.6,-19315.3,267.242,-43.1838,-4431.56
89.2,0.905074,-43.3907,-20862.0,-20095.1,293.711,-48.9147,-4437.31
89.3,0.889478,-36.7583,-23168.3,-20486.7,323.353,-54.8208,-4442.78
89.4,0.876776,-28.5439,-25621.0,-20462.5,354.959,-61.8805,-4448.23
89.5,0.867506,-19.2068,-28178.8,-20021.6,387.187,-70.8112,-4454.94
89.6,0.861812,-10.1803,-30747.5,-19194.4,418.384,-80.8895,-4462.11
89.7,0.859411,-2.29802,-33189.4,-18040.0,446.92,-90.0458,-4467.8
89.8,0.859818,4.27692,-35368.0,-16625.6,471.379,-96.0775,-4472.12
89.9,0.862382,9.10413,-37176.0,-15006.6,490.763,-97.9447,-4477.06
90.0,0.866431,12.3202,-38529.6,-13227.2,504.613,-96.0912,-4483.37
90.1,0.871458,14.3469,-39375.3,-11327.3,512.861,-91.5642,-4489.46
90.2,0.877113,15.6858,-39714.4,-9347.45,515.707,-85.1295,-4493.91
90.3,0.883203,16.718,-39593.0,-7328.52,513.357,-77.5847,-4497.28
90.4,0.889642,17.5492,-39067.2,-5303.25,505.91,-69.971,-4499.83
90.5,0.896265,17.6414,-38162.1,-3302.03,493.212,-63.6665,-4500.46
90.6,0.902737,16.7222,-36889.9,-1368.48,475.033,-59.2603,-4498.16
90.7,0.908478,13.7217,-35233.6,430.228,450.504,-56.0532,-4494.8
90.8,0.912665,8.43638,-33179.9,2011.34,419.436,-52.2873,-4491.51
90.9,0.9145,1.25457,-30742.5,3295.68,382.783,-46.6493,-4486.84
91.0,0.913325,-7.2908,-27992.6,4223.24,342.478,-39.4948,-4479.73
91.1,0.908671,-16.5799,-25080.6,4755.19,301.342,-32.033,-4471.09
91.2,0.900426,-25.6519,-22192.6,4870.83,262.39,-25.1175,-4462.15
91.3,0.888833,-33.684,-19495.1,4569.33,228.019,-18.931,-4452.62
91.4,0.874436,-39.9512,-17116.3,3876.45,199.534,-13.622,-4442.14
91.5,0.857919,-44.5637,-15150.8,2846.43,177.125,-9.78925,-4432.49
91.6,0.839912,-47.6893,-13654.1,1546.67,160.233,-8.12425,-4426.58
91.7,0.820881,-49.9554,-12636.1,34.397,148.081,-8.557,-4425.13
91.8,0.801084,-51.6402,-12080.2,-1654.1,140.309,-10.0135,-4426.45
91.9,0.78068,-52.9819,-11984.1,-3499.07,137.465,-11.3555,-4429.09
92.0,0.759845,-53.8874,-12364.1,-5483.58,140.751,-12.2974,-4432.93
92.1,0.738774,-54.1897,-13226.4,-7582.47,151.586,-13.376,-4437.48
92.2,0.717817,-53.2764,-14545.3,-9759.83,170.992,-15.0044,-4441.08
92.3,0.697539,-50.7067,-16258.6,-11965.8,198.613,-17.0347,-4443.42
92.4,0.678641,-46.2245,-18309.9,-14128.6,233.237,-18.9555,-4445.82
92.5,0.661897,-39.6888,-20637.6,-16151.0,272.865,-20.587,-4450.37
92.6,0.648009,-31.6137,-23165.6,-17921.2,315.01,-22.3862,-4457.76
92.7,0.637411,-22.8537,-25807.9,-19336.2,357.24,-25.0124,-4467.26
92.8,0.630181,-14.3623,-28486.9,-20323.8,397.776,-28.4866,-4477.83
92.9,0.626058,-6.90706,-31124.5,-20849.4,435.63,-32.292,-4488.88
93.0,0.624576,-0.795613,-33624.3,-20909.9,470.481,-36.0399,-4499.44
93.1,0.625204,4.07779,-35865.6,-20524.4,502.21,-39.9753,-4508.03
93.2,0.627467,7.87997,-37720.9,-19726.8,530.518,-44.3365,-4514.17
93.3,0.63101,10.9344,-39085.3,-18560.1,554.811,-48.666,-4518.82
93.4,0.635657,13.7746,-39888.8,-17068.1,574.133,-51.979,-4523.13
93.5,0.641372,16.5864,-40112.1,-15285.9,587.482,-53.7495,-4527.11
93.6,0.648062,18.9156,-39782.0,-13239.8,593.722,-54.4049,-4530.61
93.7,0.655373,19.8901,-38957.4,-10956.3,591.928,-54.8764,-4533.93
93.8,0.662671,18.8422,-37712.7,-8475.02,581.91,-55.9022,-4536.66
93.9,0.669087,15.2609,-36107.1,-5855.47,564.146,-57.9104,-4537.83
94.0,0.673712,9.36258,-34185.8,-3173.24,539.859,-61.1978,-4536.71
94.1,0.675791,1.76807,-31983.8,-514.505,510.747,-66.12,-4533.72
94.2,0.674856,-6.45228,-29536.1,2026.89,478.713,-72.784,-4529.7
94.3,0.670839,-14.1216,-26893.2,4352.17,445.658,-80.6003,-4524.87
94.4,0.664046,-20.6718,-24139.0,6363.65,413.201,-88.4216,-4519.22
94.5,0.654978,-25.7937,-21399.9,7975.54,382.604,-95.1536,-4513.12
94.6,0.644173,-29.6332,-18827.4,9124.82,354.788,-100.287,-4507.27
94.7,0.632006,-32.8005,-16566.0,9775.15,330.356,-104.053,-4501.99
94.8,0.618637,-35.8032,-14728.1,9913.55,309.712,-107.02,-4497.4
94.9,0.604086,-38.8455,-13385.2,9547.16,293.268,-109.617,-4494.06
95.0,0.588362,-41.804,-12562.4,8701.59,281.493,-112.159,-4493.02
95.1,0.571582,-44.2112,-12244.2,7418.68,275.01,-115.011,-4494.72
95.2,0.554083,-45.472,-12392.3,5751.59,274.574,-118.526,-4498.56
95.3,0.536428,-45.0462,-12965.9,3756.09,280.813,-122.715,-4503.68
95.4,0.519345,-42.5459,-13937.4,1484.6,294.11,-126.981,-4509.4
95.5,0.503617,-38.1432,-15281.3,-1012.38,314.174,-130.492,-4515.19
95.6,0.489858,-32.213,-16960.1,-3678.58,339.907,-132.726,-4520.49
95.7,0.478403,-26.3817,-18929.6,-6446.44,369.751,-133.784,-4524.99
95.8,0.469287,-20.5244,-21138.5,-9235.75,401.827,-134.021,-4529.7
95.9,0.46231,-15.4259,-23520.3,-11954.7,434.152,-133.634,-4536.29
96.0,0.457176,-11.0434,-25990.3,-14502.3,465.005,-132.594,-4545.35
96.1,0.453681,-7.03208,-28452.3,-16771.4,493.163,-130.948,-4556.15
96.2,0.45174,-3.10322,-30815.9,-18657.4,517.959,-128.944,-4567.81
96.3,0.451339,0.840976,-32997.9,-20071.4,539.108,-126.821,-4579.65
96.4,0.452471,4.91132,-34914.8,-20953.0,556.441,-124.54,-4590.42
96.5,0.455055,8.57221,-36482.1,-21275.9,569.675,-121.822,-4598.42
96.6,0.458838,11.2804,-37615.4,-21043.7,577.934,-118.441,-4603.2
96.7,0.463342,12.4426,-38254.0,-20280.8,580.118,-114.583,-4605.56
96.8,0.467915,11.6815,-38366.4,-19025.3,575.162,-110.785,-4606.67
96.9,0.471848,9.10308,-37962.4,-17324.9,562.522,-107.474,-4607.14
97.0,0.474539,5.11397,-37095.5,-15232.7,542.405,-104.685,-4607.5
97.1,0.475583,0.488435,-35855.7,-12803.3,515.885,-102.263,-4608.35
97.2,0.474802,-4.46721,-34343.6,-10091.9,484.714,-100.271,-4609.76
97.3,0.472204,-9.01703,-32644.0,-7158.54,450.915,-99.0201,-4611.04
97.4,0.467911,-13.123,-30814.3,-4078.0,416.363,-98.674,-4611.45
97.5,0.462074,-16.8878,-28889.1,-944.516,382.485,-98.9821,-4610.89
97.6,0.454825,-20.3385,-26890.5,2131.09,350.19,-99.4932,-4609.67
97.7,0.446264,-23.584,-24845.3,5030.58,320.053,-99.924,-4607.92
97.8,0.436463,-26.668,-22806.9,7637.56,292.597,-100.193,-4605.62
97.9,0.425517,-29.4298,-20866.9,9844.32,268.582,-100.1,-4603.15
98.0,0.413601,-31.629,-19145.9,11559.5,249.094,-99.1281,-4601.14
98.1,0.400984,-33.0067,-17765.1,12716.2,235.395,-96.7009,-4600.0
98.2,0.388023,-33.3866,-16817.6,13279.4,228.62,-92.6496,-4599.86
98.3,0.375104,-32.7947,-16351.7,13246.1,229.45,-87.3771,-4601.13
98.4,0.362566,-31.4198,-16364.8,12639.0,237.925,-81.5434,-4604.53
98.5,0.350672,-29.4947,-16807.2,11497.8,253.359,-75.7323,-4610.4
98.6,0.33958,-27.3007,-17601.5,9873.47,274.574,-70.3384,-4618.24
98.7,0.329365,-24.9884,-18671.2,7825.82,300.246,-65.6957,-4627.04
98.8,0.320078,-22.5658,-19960.6,5421.74,329.004,-61.9837,-4635.94
98.9,0.311816,-19.8733,-21438.6,2725.12,360.604,-59.3118,-4644.08
99.0,0.304722,-16.5934,-23080.5,-195.825,394.319,-57.0008,-4650.67
99.1,0.298886,-13.3534,-24858.4,-3270.56,429.183,-54.0724,-4655.37
99.2,0.294276,-10.2908,-26731.2,-6418.67,463.996,-49.8349,-4658.93
99.3,0.290773,-7.67888,-28636.7,-9546.01,497.235,-44.2353,-4662.51
99.4,0.288145,-5.8028,-30489.0,-12545.4,527.171,-37.6417,-4666.65
99.5,0.286112,-4.63323,-32190.5,-15302.4,552.169,-30.4881,-4671.05
99.6,0.28443,-4.01995,-33653.0,-17700.1,570.991,-23.2796,-4675.06
99.7,0.282907,-3.83754,-34809.4,-19626.3,583.008,-16.7458,-4678.03
99.8,0.281393,-3.99929,-35610.9,-20984.8,588.193,-11.7688,-4679.05
99.9,0.279754,-4.52102,-36025.2,-21707.7,587.041,-9.00706,-4677.07
100.0,0.27784,-5.41362,-36039.3,-21766.1,580.342,-8.52856,-4671.82
100.1,0.275536,-6.52509,-35661.2,-21171.7,568.926,-9.87719,-4664.26
100.2,0.272777,-7.7408,-34915.4,-19969.4,553.46,-12.4728,-4655.9
100.3,0.269543,-8.84196,-33839.5,-18227.7,534.409,-15.9427,-4647.8
100.4,0.265894,-9.86526,-32486.6,-16028.8,512.173,-20.0644,-4640.53
100.5,0.261924,-10.5321,-30926.3,-13459.4,487.297,-24.6049,-4634.33
100.6,0.257789,-10.7069,-29235.6,-10606.4,460.67,-29.2022,-4629.13
100.7,0.25367,-10.4348,-27482.2,-7549.82,433.578,-33.6304,-4624.13
100.8,0.249715,-9.85702,-25717.3,-4363.46,407.627,-38.0322,-4618.17
100.9,0.246022,-9.08294,-23980.2,-1121.59,384.547,-42.7537,-4610.79
101.0,0.242633,-8.29534,-22307.3,2092.51,365.909,-48.0046,-4602.57
101.1,0.239529,-7.58204,-20737.7,5179.88,352.852,-53.7181,-4594.33
101.2,0.236707,-6.81413,-19320.6,8029.02,345.947,-59.6427,-4586.73
101.3,0.234192,-5.98086,-18123.9,10525.2,345.201,-65.6356,-4580.47
101.4,0.232028,-4.99692,-17229.6,12560.2,350.19,-71.6879,-4576.48
101.5,0.230286,-3.82702,-16714.0,14042.3,360.249,-77.6871,-4575.34
101.6,0.22901,-2.62774,-16624.0,14905.4,374.657,-83.2514,-4576.91
101.7,0.228184,-1.53283,-16964.9,15116.1,392.777,-87.9024,-4580.63
101.8,0.227733,-0.73982,-17702.1,14679.0,414.099,-91.4042,-4586.24
101.9,0.227491,-0.477057,-18768.4,13632.7,438.164,-93.9071,-4593.6
102.0,0.227251,-0.739279,-20077.3,12040.0,464.427,-95.7419,-4602.14
102.1,0.226833,-1.40031,-21543.4,9974.95,492.081,-97.1741,-4610.81
102.2,0.226116,-2.27915,-23101.3,7514.71,519.988,-98.3078,-4618.73
102.3,0.225081,-3.04709,-24709.7,4736.38,546.736,-99.1537,-4625.46
102.4,0.223802,-3.5661,-26339.8,1718.29,570.739,-99.7629,-4630.75
102.5,0.222373,-3.83779,-27960.5,-1459.27,590.448,-100.145,-4634.42
102.6,0.220877,-3.94145,-29530.1,-4712.46,604.587,-100.07,-4636.79
102.7,0.219342,-4.06193,-30993.9,-7950.47,612.373,-99.092,-4638.72
102.8,0.217742,-4.28558,-32284.9,-11072.7,613.567,-96.8902,-4641.03
102.9,0.21603,-4.62697,-33330.8,-13968.6,608.415,-93.5951,-4643.84
103.0,0.214177,-5.00404,-34068.8,-16523.3,597.513,-89.725,-4646.62
103.1,0.212222,-5.14367,-34458.6,-18627.6,581.624,-85.8986,-4648.73
103.2,0.210319,-4.7321,-34484.9,-20188.8,561.483,-82.6001,-4649.52
103.3,0.20871,-3.63104,-34152.2,-21138.0,537.7,-80.1579,-4648.3
103.4,0.207657,-1.88498,-33480.1,-21435.9,510.781,-78.7819,-4644.7
103.5,0.207362,0.236101,-32503.3,-21075.6,481.271,-78.4777,-4639.13
103.6,0.207895,2.44195,-31270.3,-20083.5,449.914,-78.9267,-4632.74
103.7,0.209177,4.24524,-29839.4,-18515.8,417.787,-79.48,-4626.71
103.8,0.211029,5.48582,-28277.1,-16449.9,386.237,-79.5157,-4621.69
103.9,0.213233,6.15399,-26656.2,-13973.7,356.799,-78.6911,-4617.85
104.0,0.215611,6.44615,-25051.7,-11177.5,330.971,-77.0777,-4615.1
104.1,0.218066,6.60269,-23529.7,-8149.77,309.976,-75.0088,-4613.07
104.2,0.220591,6.85587,-22139.2,-4975.18,294.613,-72.8496,-4611.13
104.3,0.223227,7.21316,-20913.5,-1737.07,285.169,-70.9855,-4608.86
104.4,0.225985,7.51615,-19878.2,1480.85,281.561,-69.7103,-4606.47
104.5,0.228794,7.50531,-19060.2,4590.73,283.523,-69.1721,-4604.72
104.6,0.231487,6.92476,-18493.0,7496.93,290.727,-69.3337,-4604.37
104.7,0.233825,5.63682,-18218.6,10095.3,302.853,-69.9182,-4605.89
104.8,0.235565,3.74749,-18282.1,12278.1,319.555,-70.4501,-4609.51
104.9,0.236533,1.52761,-18718.3,13943.5,340.348,-70.442,-4615.17
105.0,0.236669,-0.673984,-19532.6,15007.5,364.467,-69.5805,-4622.43
105.1,0.236027,-2.51563,-20689.8,15415.0,390.813,-67.763,-4630.48
105.2,0.234739,-3.98077,-22116.0,15146.4,418.024,-65.0098,-4638.57
105.3,0.232953,-5.07414,-23712.8,14219.2,444.657,-61.3999,-4646.26
105.4,0.230798,-5.9087,-25375.8,12685.3,469.394,-57.1094,-4653.33
105.5,0.228321,-6.75487,-27013.9,10621.9,491.17,-52.5075,-4659.45
105.6,0.225499,-7.69867,-28562.2,8121.63,509.3,-47.94,-4664.27
105.7,0.222298,-8.71532,-29985.9,5281.39,523.416,-43.6539,-4667.69
105.8,0.218725,-9.59765,-31269.3,2195.3,533.306,-39.7812,-4669.82
105.9,0.21489,-10.0462,-32397.4,-1047.56,538.768,-36.345,-4670.88
106.0,0.210996,-9.9013,-33341.2,-4361.62,539.52,-33.2868,-4671.04
106.1,0.207285,-9.10741,-34054.4,-7661.52,535.271,-30.4368,-4670.58
106.2,0.203996,-7.74085,-34480.0,-10857.2,525.905,-27.4913,-4669.84
106.3,0.201294,-6.09992,-34563.3,-13850.7,511.671,-24.1647,-4668.91
106.4,0.199248,-4.40883,-34267.5,-16536.8,493.32,-20.3657,-4667.42
106.5,0.197842,-2.83871,-33587.5,-18808.0,472.088,-16.2795,-4664.81
106.6,0.197007,-1.49348,-32554.1,-20564.1,449.509,-12.3053,-4660.66
106.7,0.196666,-0.29379,-31226.6,-21723.6,427.132,-8.91515,-4654.81
106.8,0.196785,0.900132,-29678.8,-22232.3,406.247,-6.53673,-4647.43
106.9,0.197372,2.19093,-27987.2,-22068.1,387.728,-5.50028,-4639.07
107.0,0.198463,3.59602,-26224.2,-21242.9,372.042,-5.97621,-4630.74
107.1,0.200091,5.03214,-24455.8,-19799.4,359.421,-7.87634,-4623.59
107.2,0.202219,6.26395,-22741.8,-17806.4,350.066,-10.8483,-4618.35
107.3,0.204744,7.13744,-21139.3,-15351.0,344.358,-14.3182,-4615.11
107.4,0.207483,7.41313,-19705.1,-12529.2,342.892,-17.7576,-4613.45
107.5,0.210215,7.10086,-18493.8,-9439.01,346.375,-20.8829,-4612.79
107.6,0.212714,6.19741,-17551.7,-6177.81,355.311,-23.8008,-4612.45
107.7,0.214806,4.96133,-16910.9,-2840.83,369.835,-26.6907,-4611.95
107.8,0.216423,3.70425,-16590.1,477.936,389.52,-29.7664,-4611.25
107.9,0.217598,2.65266,-16597.6,3684.73,413.362,-33.3085,-4610.92
108.0,0.218427,1.86746,-16935.0,6685.19,439.959,-37.5783,-4611.7
108.1,0.219006,1.31119,-17598.2,9383.53,467.766,-42.6371,-4614.06
108.2,0.219407,0.862356,-18577.2,11683.5,495.392,-48.1705,-4618.15
108.3,0.21962,0.309702,-19853.0,13493.2,521.739,-53.668,-4623.77
108.4,0.219591,-0.432984,-21388.7,14732.5,546.046,-58.5821,-4630.49
108.5,0.219241,-1.34834,-23121.3,15341.8,567.781,-62.5623,-4637.57
108.6,0.21851,-2.3759,-24962.8,15288.7,586.481,-65.4757,-4644.22
108.7,0.217399,-3.28182,-26810.1,14571.7,601.64,-67.3133,-4650.04
108.8,0.216013,-3.80756,-28560.6,13221.6,612.625,-68.2247,-4655.0
108.9,0.214489,-3.99558,-30125.4,11297.3,618.688,-68.5415,-4659.08
109.0,0.212963,-3.85142,-31440.2,8882.04,619.215,-68.5108,-4662.06
109.1,0.211528,-3.55083,-32470.2,6075.37,613.873,-68.2995,-4663.79
109.2,0.210221,-3.20959,-33206.1,2984.7,602.745,-67.9902,-4664.39
109.3,0.209017,-3.03474,-33648.9,-282.977,586.299,-67.6141,-4663.96
109.4,0.207847,-3.04077,-33795.0,-3625.42,565.356,-67.0222,-4662.46
109.5,0.206665,-3.07362,-33631.3,-6946.15,540.986,-65.9552,-4659.96
109.6,0.205445,-3.18281,-33140.0,-10153.8,514.268,-64.3233,-4656.66
109.7,0.204209,-3.15627,-32307.7,-13156.7,486.32,-62.0455,-4652.89
109.8,0.203049,-2.82875,-31136.9,-15861.4,458.206,-59.1459,-4648.7
109.9,0.202098,-2.10139,-29658.2,-18172.6,430.929,-55.787,-4643.99
110.0,0.201507,-1.01134,-27935.4,-19997.8,405.429,-52.2395,-4638.79
110.1,0.201378,0.252138,-26059.5,-21254.7,382.585,-48.7902,-4633.37
110.2,0.201756,1.62666,-24133.5,-21880.4,363.184,-45.6896,-4628.13
110.3,0.202585,2.57162,-22257.2,-21841.0,347.81,-43.2435,-4623.42
110.4,0.203739,3.33969,-20517.2,-21135.2,336.911,-41.5774,-4619.81
110.5,0.205063,3.58054,-18982.5,-19796.4,330.745,-40.7091,-4617.91
110.6,0.206423,3.54854,-17703.1,-17888.4,329.4,-40.5211,-4618.03
110.7,0.207766,3.48526,-16714.0,-15497.2,332.824,-40.7583,-4619.91
110.8,0.209128,3.63286,-16041.5,-12722.8,340.816,-41.1333,-4622.95
110.9,0.210547,3.82678,-15707.0,-9671.95,352.946,-41.4596,-4626.34
111.0,0.21205,4.08698,-15725.3,-6450.22,368.673,-41.43,-4629.41
111.1,0.213621,4.22827,-16102.3,-3158.03,387.272,-40.8678,-4631.78
111.2,0.215198,4.16586,-16833.3,109.79,407.845,-39.8892,-4633.58
111.3,0.216698,3.84331,-17902.4,3262.77,429.355,-38.8319,-4635.48
111.4,0.218029,3.28467,-19281.5,6210.96,450.711,-38.0485,-4638.31
111.5,0.219157,2.7706,-20930.5,8864.09,470.893,-37.6536,-4642.72
111.6,0.220117,2.39895,-22797.8,11132.7,488.945,-37.7062,-4648.93
111.7,0.220975,2.22969,-24819.6,12932.4,504.065,-38.1701,-4656.71
111.8,0.221803,2.22693,-26917.5,14188.3,515.623,-38.8421,-4665.38
111.9,0.222623,2.18746,-28998.8,14841.1,523.16,-39.2948,-4673.95
112.0,0.223395,1.98595,-30960.9,14853.6,526.421,-38.9715,-4681.46
112.1,0.224057,1.58763,-32702.1,14217.1,525.338,-37.4738,-4687.4
112.2,0.224484,0.712657,-34132.2,12951.6,519.91,-34.8958,-4691.56
112.3,0.224514,-0.525357,-35182.9,11106.4,510.356,-31.4281,-4693.87
112.4,0.224027,-1.96078,-35816.1,8755.49,497.088,-27.2831,-4694.4
112.5,0.222974,-3.40339,-36025.4,5993.56,480.689,-22.7703,-4693.39
112.6,0.221393,-4.65429,-35828.9,2928.91,461.853,-18.3582,-4691.16
112.7,0.219392,-5.552,-35254.8,-322.583,441.389,-14.3839,-4687.9
112.8,0.217097,-6.14296,-34330.8,-3647.38,420.105,-11.0122,-4683.63
112.9,0.214592,-6.60087,-33079.6,-6939.44,398.861,-8.05275,-4678.45
113.0,0.211941,-6.92569,-31522.9,-10099.6,378.585,-5.12244,-4672.61
113.1,0.209164,-7.28446,-29688.7,-13034.0,360.289,-1.8845,-4666.56
113.2,0.206287,-7.46743,-27621.9,-15654.6,344.97,1.60494,-4660.56
113.3,0.203381,-7.44875,-25392.1,-17878.7,333.552,5.15856,-4654.81
113.4,0.200548,-7.0862,-23094.6,-19632.6,326.765,8.60744,-4649.48
113.5,0.197967,-6.16869,-20842.0,-20852.5,325.072,11.8469,-4644.77
113.6,0.195815,-4.89223,-18748.6,-21487.6,328.484,14.5235,-4640.8
113.7,0.194209,-3.39016,-16915.1,-21504.5,336.696,16.2827,-4637.65
113.8,0.193198,-1.88997,-15417.6,-20892.9,349.135,16.8746,-4635.41
113.9,0.192731,-0.620516,-14305.1,-19670.6,365.132,16.3382,-4634.25
114.0,0.192721,0.989688,-13601.5,-17883.9,384.085,14.9595,-4634.21
114.1,0.193106,1.43566,-13312.4,-15604.1,405.472,12.9611,-4635.06
114.2,0.193802,2.16396,-13433.4,-12923.2,428.804,10.3744,-4636.29
114.3,0.194764,2.88105,-13954.5,-9946.54,453.619,7.35456,-4637.37
114.4,0.195993,3.63215,-14862.1,-6785.43,479.315,4.148,-4638.01
114.5,0.197515,4.4879,-16134.6,-3550.03,505.04,0.941938,-4638.23
114.6,0.199372,5.43255,-17737.2,-343.23,529.697,-2.23725,-4638.35
114.7,0.201573,6.31014,-19619.2,2741.68,552.054,-5.46631,-4638.93
114.8,0.204069,7.00081,-21715.5,5618.3,570.947,-8.82012,-4640.66
114.9,0.206769,7.39401,-23948.6,8205.01,585.461,-12.2975,-4644.03
115.0,0.209535,7.35698,-26231.8,10423.9,595.07,-15.8578,-4649.05
115.1,0.212207,6.91403,-28472.2,12200.9,599.667,-19.4879,-4655.15
115.2,0.214649,6.15089,-30575.1,13469.5,599.498,-23.1516,-4661.41
115.3,0.216767,5.20598,-32447.0,14175.1,595.035,-26.6699,-4666.94
115.4,0.21851,4.13179,-33998.4,14278.0,586.689,-29.8893,-4670.94
115.5,0.219831,2.94094,-35148.7,13761.3,574.82,-32.4728,-4672.81
115.6,0.220674,1.57027,-35835.5,12636.1,559.74,-34.0432,-4672.38
115.7,0.220974,0.0532246,-36025.0,10944.4,541.813,-34.4179,-4670.03
115.8,0.220669,-1.60653,-35715.9,8755.83,521.52,-33.7635,-4666.48
115.9,0.219692,-3.40687,-34936.4,6161.56,499.573,-32.3657,-4662.34
116.0,0.218027,-5.12255,-33737.4,3266.03,476.939,-30.4408,-4657.97
116.1,0.21571,-6.70608,-32182.9,178.255,454.656,-28.3072,-4653.58
116.2,0.212824,-8.01219,-30339.8,-2991.86,433.803,-26.1916,-4649.33
116.3,0.20951,-8.92201,-28270.0,-6137.57,415.357,-24.2518,-4645.26
116.4,0.205952,-9.30403,-26029.8,-9158.32,400.071,-22.5082,-4641.38
116.5,0.202358,-9.13862,-23677.2,-11962.2,388.438,-20.8116,-4637.81
116.6,0.198928,-8.49974,-21280.8,-14466.3,380.709,-18.8827,-4634.8
116.7,0.195821,-7.49438,-18925.2,-16596.8,376.967,-16.4429,-4632.51
116.8,0.193167,-6.3035,-16711.1,-18288.5,377.141,-13.4635,-4631.0
116.9,0.191012,-4.92914,-14748.0,-19486.9,381.027,-10.1909,-4630.21
117.0,0.189366,-3.6356,-13142.1,-20149.7,388.339,-6.91488,-4630.11
117.1,0.188219,-2.37858,-11980.3,-20250.0,398.638,-3.95738,-4630.69
117.2,0.187583,-1.01882,-11318.1,-19777.9,411.365,-1.5845,-4631.93
117.3,0.187516,0.536867,-11175.3,-18741.7,425.85,0.003375,-4633.83
117.4,0.188099,2.37329,-11540.1,-17171.3,441.324,0.658687,-4636.38
117.5,0.189355,4.16639,-12376.9,-15121.2,456.963,0.405562,-4639.41
117.6,0.191261,5.84398,-13637.4,-12667.4,472.037,-0.369687,-4642.59
117.7,0.193742,7.26904,-15270.1,-9903.72,485.916,-1.20394,-4645.62
117.8,0.196692,8.39104,-17224.3,-6934.4,498.061,-1.85544,-4648.39
117.9,0.199987,9.14087,-19446.8,-3867.67,507.981,-2.32506,-4651.03
118.0,0.203493,9.54166,-21874.9,-810.863,515.219,-2.65919,-4653.71
118.1,0.207105,9.72421,-24433.4,2133.69,519.338,-2.83113,-4656.76
118.2,0.210751,9.73041,-27033.6,4873.62,519.97,-2.81594,-4660.59
118.3,0.214358,9.52952,-29576.0,7328.84,516.874,-2.71569,-4665.46
118.4,0.217841,9.07252,-31953.8,9430.72,510.013,-2.7165,-4671.15
118.5,0.221083,8.26178,-34062.4,11119.7,499.616,-2.86906,-4677.01
118.6,0.223948,7.07967,-35807.6,12342.7,486.185,-3.01075,-4682.27
118.7,0.226283,5.43399,-37110.7,13053.8,470.357,-2.9745,-4686.14
118.8,0.227924,3.3837,-37911.3,13219.1,452.912,-2.548,-4687.96
118.9,0.228734,1.01425,-38170.4,12822.3,434.651,-1.61925,-4687.36
119.0,0.228631,-1.43663,-37875.7,11868.3,416.332,-0.15025,-4684.63
119.1,0.227608,-3.74246,-37042.8,10385.3,398.616,1.8605,-4680.57
119.2,0.225711,-5.89009,-35712.4,8425.75,382.065,4.459,-4676.04
119.3,0.223038,-7.73433,-33946.6,6064.25,367.189,7.671,-4671.62
119.4,0.219715,-9.21034,-31825.4,3394.29,354.49,11.4073,-4667.7
119.5,0.215863,-10.4398,-29438.9,520.246,344.429,15.3565,-4664.49
119.6,0.211583,-11.412,-26877.9,-2449.96,337.47,19.268,-4661.92
119.7,0.206987,-12.0862,-24227.8,-5411.63,334.044,23.0204,-4659.59
119.8,0.202207,-12.3777,-21569.3,-8267.62,334.46,26.5475,-4657.19
119.9,0.197415,-12.1628,-18982.9,-10929.7,338.861,29.7755,-4654.75
120.0,0.192817,-11.4217,-16552.0,-13319.5,347.16,32.6235,-4652.46
120.1,0.188598,-10.2269,-14363.6,-15369.7,359.004,35.0704,-4650.41
120.2,0.184929,-8.6261,-12508.6,-17023.4,373.84,37.2785,-4648.57
120.3,0.18194,-6.76754,-11078.1,-18232.2,390.976,39.4384,-4647.07
120.4,0.17971,-4.76064,-10151.0,-18956.1,409.625,41.5192,-4646.09
120.5,0.17828,-2.68969,-9780.35,-19165.0,429.003,43.2944,-4645.67
120.6,0.177656,-0.636288,-9984.08,-18842.4,448.377,44.485,-4645.65
120.7,0.177815,1.38172,-10744.6,-17990.9,467.108,44.8898,-4645.95
120.8,0.178734,3.39077,-12013.9,-16632.9,484.671,44.4162,-4646.64
120.9,0.180369,5.22931,-13720.7,-14812.0,500.615,42.9914,-4647.67
121.0,0.182666,6.93508,-15781.4,-12591.1,514.587,40.6511,-4648.76
121.1,0.185567,8.46668,-18111.8,-10050.7,526.289,37.5811,-4649.66
121.2,0.188987,9.73968,-20631.9,-7284.65,535.444,34.109,-4650.38
121.3,0.192823,10.7035,-23263.3,-4395.51,541.786,30.6086,-4650.99
121.4,0.196947,11.2777,-25923.3,-1486.98,545.08,27.3638,-4651.52
121.5,0.201195,11.3761,-28522.1,1341.19,545.169,24.4662,-4652.05
121.6,0.205389,11.0035,-30964.1,3997.0,542.05,21.8521,-4652.88
121.7,0.209349,10.1493,-33150.0,6398.79,535.939,19.4066,-4654.23
121.8,0.212909,8.88895,-34981.8,8476.1,527.269,17.0304,-4655.98
121.9,0.215929,7.27429,-36371.3,10169.5,516.633,14.6045,-4657.6
122.0,0.218291,5.38702,-37250.2,11431.4,504.752,12.108,-4658.51
122.1,0.219907,3.30262,-37576.1,12224.9,492.373,9.63125,-4658.26
122.2,0.220722,1.11785,-37332.5,12524.3,480.165,7.36163,-4656.58
122.3,0.220711,-1.08463,-36528.2,12316.0,468.65,5.54175,-4653.43
122.4,0.219871,-3.16949,-35196.5,11600.6,458.192,4.392,-4649.16
122.5,0.218224,-5.20911,-33393.9,10394.6,449.025,4.03463,-4644.54
122.6,0.215808,-7.12022,-31196.3,8733.48,441.336,4.51288,-4640.37
122.7,0.212686,-8.82286,-28694.5,6672.0,435.315,5.7735,-4637.17
122.8,0.208961,-10.2197,-25989.3,4283.59,431.183,7.67287,-4635.1
122.9,0.204765,-11.2285,-23186.7,1657.14,429.162,10.0144,-4634.07
123.0,0.200264,-11.7963,-20391.2,-1108.53,429.414,12.6023,-4633.76
123.1,0.195648,-11.8495,-17699.0,-3910.85,431.975,15.2945,-4633.66
123.2,0.191118,-11.3828,-15197.2,-6649.92,436.7,17.9891,-4633.34
123.3,0.186871,-10.4329,-12965.4,-9233.81,443.251,20.6046,-4632.64
123.4,0.183074,-9.0967,-11078.9,-11581.9,451.136,23.0809,-4631.73
123.5,0.179855,-7.42156,-9608.83,-13626.3,459.78,25.3891,-4630.87
123.6,0.177309,-5.65725,-8621.78,-15311.1,468.613,27.544,-4630.3
123.7,0.175512,-3.6683,-8175.18,-16591.0,477.118,29.5606,-4630.25
123.8,0.174513,-1.57652,-8308.85,-17429.5,484.849,31.4282,-4630.91
123.9,0.17434,0.567374,-9034.52,-17798.8,491.432,33.1133,-4632.27
124.0,0.174999,2.78995,-10328.7,-17681.3,496.555,34.5838,-4634.14
124.1,0.176472,4.92084,-12133.1,-17071.9,499.95,35.7858,-4636.3
124.2,0.178717,6.91542,-14361.4,-15981.4,501.412,36.6376,-4638.65
124.3,0.181664,8.68003,-16909.0,-14439.1,500.818,37.0526,-4641.11
124.4,0.185208,10.1166,-19664.9,-12494.3,498.133,36.9427,-4643.5
124.5,0.189213,11.1644,-22522.2,-10215.2,493.435,36.3064,-4645.62
124.6,0.193522,11.7685,-25384.3,-7686.26,486.896,35.2376,-4647.4
124.7,0.19797,11.9339,-28163.9,-5001.94,478.755,33.9149,-4648.9
124.8,0.202393,11.6648,-30777.8,-2261.16,469.279,32.5472,-4650.18
124.9,0.206641,11.0132,-33142.0,439.015,458.743,31.3476,-4651.33
125.0,0.210577,10.0131,-35171.2,3007.65,447.422,30.4801,-4652.52
125.1,0.214077,8.69345,-36781.9,5363.14,435.64,30.039,-4653.94
125.2,0.21702,7.05742,-37898.1,7434.64,423.762,30.0018,-4655.58
125.3,0.219295,5.14813,-38460.5,9162.73,412.236,30.2644,-4657.14
125.4,0.220804,2.99152,-38436.0,10499.3,401.574,30.6884,-4658.24
125.5,0.22147,0.663002,-37822.4,11406.8,392.292,31.1548,-4658.6
125.6,0.221251,-1.6711,-36648.1,11858.4,384.828,31.6335,-4658.08
125.7,0.220149,-3.89287,-34966.6,11837.6,379.461,32.2127,-4656.66
125.8,0.21821,-5.95272,-32851.4,11340.7,376.273,33.0648,-4654.58
125.9,0.215517,-7.76354,-30391.4,10377.4,375.17,34.3995,-4652.36
126.0,0.212173,-9.30291,-27684.8,8973.37,375.93,36.3647,-4650.59
126.1,0.208286,-10.5519,-24835.0,7170.5,378.292,39.0201,-4649.59
126.2,0.203975,-11.4843,-21947.1,5027.57,382.035,42.3101,-4649.34
126.3,0.199371,-12.0673,-19126.5,2618.91,387.012,46.0504,-4649.6
126.4,0.194616,-12.2551,-16474.9,31.5537,393.127,49.9591,-4650.0
126.5,0.189872,-12.0187,-14085.3,-2639.37,400.277,53.7383,-4650.1
126.6,0.185313,-11.3262,-12038.9,-5296.19,408.298,57.1595,-4649.5
126.7,0.18112,-10.1743,-10405.0,-7844.36,416.908,60.1074,-4648.11
126.8,0.177463,-8.60651,-9241.17,-10197.3,425.71,62.5597,-4646.21
126.9,0.174484,-6.72003,-8592.57,-12279.7,434.241,64.552,-4644.24
127.0,0.172279,-4.65076,-8490.1,-14029.7,442.048,66.1471,-4642.56
127.1,0.170895,-2.52039,-8948.56,-15398.9,448.771,67.4179,-4641.38
127.2,0.170336,-0.425396,-9962.89,-16350.8,454.194,68.4126,-4640.82
127.3,0.170575,1.61769,-11502.5,-16859.6,458.262,69.1205,-4640.85
127.4,0.171564,3.55655,-13507.3,-16909.0,461.049,69.4812,-4641.18
127.5,0.173248,5.33197,-15889.4,-16492.3,462.714,69.4095,-4641.44
127.6,0.175561,6.91795,-18540.6,-15614.4,463.452,68.8319,-4641.43
127.7,0.178426,8.27861,-21342.0,-14294.4,463.453,67.7035,-4641.08
127.8,0.181742,9.33691,-24174.4,-12567.8,462.887,66.0151,-4640.4
127.9,0.185381,10.0202,-26927.3,-10488.2,461.901,63.7907,-4639.34
128.0,0.189194,10.2791,-29505.2,-8126.38,460.639,61.094,-4637.96
128.1,0.193014,10.0876,-31827.5,-5567.61,459.254,58.034,-4636.45
128.2,0.196679,9.48382,-33824.4,-2906.65,457.909,54.7617,-4634.97
128.3,0.200043,8.50969,-35431.4,-241.489,456.771,51.4528,-4633.61
128.4,0.202983,7.23262,-36588.1,2333.08,456.009,48.2979,-4632.42
128.5,0.20541,5.76785,-37241.4,4730.62,455.803,45.4647,-4631.52
128.6,0.207263,4.16937,-37350.6,6876.28,456.317,43.0718,-4630.95
128.7,0.208492,2.44992,-36894.1,8707.77,457.686,41.1591,-4630.57
128.8,0.209057,0.630421,-35877.0,10174.8,459.989,39.7082,-4630.1
128.9,0.208925,-1.22699,-34334.5,11238.0,463.227,38.6577,-4629.3
129.0,0.208081,-3.04769,-32331.2,11867.9,467.305,37.9215,-4628.07
129.1,0.206537,-4.8027,-29953.4,12044.6,472.017,37.4263,-4626.42
129.2,0.20434,-6.39677,-27301.9,11758.7,477.069,37.1569,-4624.49
129.3,0.201573,-7.7273,-24484.0,11012.8,482.121,37.1867,-4622.56
129.4,0.198351,-8.73817,-21608.3,9823.82,486.83,37.6395,-4621.04
129.5,0.194804,-9.40831,-18779.6,8224.57,490.909,38.6396,-4620.18
129.6,0.191066,-9.73321,-16096.7,6265.06,494.157,40.2659,-4619.94
129.7,0.187266,-9.73572,-13652.1,4011.65,496.465,42.4985,-4620.04
129.8,0.183528,-9.4256,-11530.8,1544.43,497.791,45.2071,-4620.16
129.9,0.179973,-8.80197,-9807.67,-1046.64,498.114,48.1705,-4619.99
130.0,0.17672,-7.88255,-8543.93,-3666.74,497.397,51.122,-4619.27
130.1,0.173883,-6.68011,-7785.16,-6221.44,495.579,53.8189,-4617.93
130.2,0.171579,-5.18204,-7561.02,-8621.34,492.586,56.1003,-4616.25
130.3,0.169908,-3.45222,-7884.32,-10786.2,488.376,57.9055,-4614.69
130.4,0.168941,-1.58511,-8749.48,-12647.6,482.974,59.278,-4613.66
130.5,0.168709,0.299108,-10131.3,-14150.4,476.506,60.3434,-4613.39
130.6,0.169194,2.16635,-11984.6,-15252.4,469.209,61.2537,-4613.87
130.7,0.170343,3.84064,-14243.2,-15923.7,461.402,62.114,-4614.97
130.8,0.172075,5.33992,-16820.0,-16145.6,453.448,62.9425,-4616.41
130.9,0.174299,6.47338,-19609.2,-15910.1,445.694,63.6651,-4617.83
131.0,0.176923,7.51062,-22493.0,-15220.4,438.441,64.1506,-4618.94
131.1,0.179859,8.14718,-25351.7,-14092.0,431.933,64.2734,-4619.71
131.2,0.183012,8.60431,-28072.5,-12554.1,426.355,63.9311,-4620.2
131.3,0.186282,8.78,-30556.5,-10651.0,421.846,63.0841,-4620.58
131.4,0.189556,8.64441,-32722.4,-8442.59,418.502,61.7691,-4620.96
131.5,0.192718,8.19596,-34507.2,-6003.75,416.373,60.1164,-4621.5
131.6,0.19565,7.44634,-35862.2,-3421.73,415.456,58.3327,-4622.32
131.7,0.198245,6.42635,-36748.3,-791.384,415.681,56.6439,-4623.44
131.8,0.200408,5.16558,-37133.7,1790.72,416.916,55.2409,-4624.76
131.9,0.202072,3.76854,-36996.1,4232.48,418.992,54.2611,-4626.22
132.0,0.2032,2.30284,-36327.8,6450.96,421.729,53.7718,-4627.74
132.1,0.203772,0.812244,-35141.7,8375.49,424.939,53.7809,-4629.24
132.2,0.203784,-0.671499,-33475.3,9949.16,428.433,54.2586,-4630.54
132.3,0.203236,-2.0878,-31393.3,11128.6,432.009,55.1463,-4631.43
132.4,0.202139,-3.47653,-28984.5,11883.0,435.434,56.3568,-4631.83
132.5,0.200516,-4.7903,-26354.6,12192.6,438.435,57.7976,-4631.76
132.6,0.198405,-5.97061,-23615.8,12047.6,440.7,59.4026,-4631.32
132.7,0.195874,-6.94497,-20878.2,11448.7,441.914,61.1574,-4630.67
132.8,0.193012,-7.67026,-18244.1,10408.2,441.813,63.0807,-4630.01
132.9,0.189922,-8.12297,-15804.9,8952.24,440.235,65.193,-4629.51
133.0,0.18671,-8.2993,-13640.7,7122.51,437.18,67.5287,-4629.14
133.1,0.183481,-8.22307,-11821.7,4977.26,432.813,70.1083,-4628.71
133.2,0.180333,-7.87816,-10408.6,2590.26,427.438,72.9181,-4627.97
133.3,0.17736,-7.32087,-9452.12,47.4846,421.399,75.8476,-4626.72
133.4,0.174634,-6.62193,-8988.64,-2557.59,415.016,78.7241,-4624.86
133.5,0.172221,-5.7438,-9038.04,-5129.09,408.577,81.3948,-4622.37
133.6,0.170195,-4.66043,-9602.17,-7573.85,402.31,83.71,-4619.52
133.7,0.168639,-3.36156,-10663.9,-9806.2,396.411,85.5109,-4616.82
133.8,0.167626,-1.89282,-12186.0,-11751.7,391.084,86.6785,-4614.71
133.9,0.167201,-0.357217,-14111.8,-13349.6,386.585,87.2172,-4613.4
134.0,0.167371,1.18619,-16367.5,-14553.3,383.235,87.2449,-4612.87
134.1,0.168096,2.57685,-18865.5,-15330.0,381.372,86.8974,-4612.98
134.2,0.169288,3.70454,-21506.4,-15659.0,381.331,86.3092,-4613.43
134.3,0.170837,4.49236,-24182.6,-15530.7,383.372,85.5482,-4613.82
134.4,0.172634,5.02748,-26784.3,-14947.0,387.62,84.6019,-4613.85
134.5,0.174586,5.32635,-29206.1,-13921.8,394.031,83.3925,-4613.46
134.6,0.17662,5.47358,-31354.0,-12482.1,402.42,81.8415,-4612.78
134.7,0.178687,5.61037,-33149.8,-10668.6,412.49,79.87,-4611.98
134.8,0.18075,5.45092,-34534.7,-8535.97,423.882,77.429,-4611.23
134.9,0.182764,5.26374,-35469.4,-6152.67,436.212,74.5365,-4610.71
135.0,0.184664,4.87244,-35931.1,-3599.67,449.085,71.3303,-4610.49
135.1,0.186359,4.19127,-35908.7,-967.31,462.104,68.0599,-4610.49
135.2,0.187752,3.26899,-35401.6,1649.52,474.871,65.0238,-4610.5
135.3,0.188768,2.181,-34420.0,4156.89,486.989,62.4632,-4610.38
135.4,0.189365,1.0304,-32988.4,6466.65,498.062,60.5091,-4610.09
135.5,0.189541,-0.0593508,-31147.9,8500.34,507.706,59.1941,-4609.56
135.6,0.189327,-1.00782,-28959.8,10192.1,515.57,58.4888,-4608.67
135.7,0.188764,-1.8425,-26506.4,11490.5,521.355,58.3075,-4607.37
135.8,0.187897,-2.56622,-23888.4,12359.4,524.828,58.5114,-4605.73
135.9,0.186753,-3.25113,-21216.4,12777.2,525.825,58.9396,-4603.82
136.0,0.185351,-3.90379,-18600.7,12735.2,524.256,59.4694,-4601.67
136.1,0.183698,-4.53571,-16143.1,12236.2,520.109,60.0651,-4599.33
136.2,0.181814,-5.09461,-13932.4,11294.2,513.497,60.7956,-4596.93
136.3,0.179746,-5.45349,-12041.8,9935.12,504.677,61.7723,-4594.61
136.4,0.177563,-5.67687,-10527.3,8197.49,493.995,62.9827,-4592.4
136.5,0.175332,-5.71421,-9431.17,6133.24,481.928,64.4119,-4590.14
136.6,0.173131,-5.5319,-8785.88,3808.2,469.061,66.1006,-4587.67
136.7,0.171042,-5.14067,-8615.01,1301.31,456.016,68.0551,-4585.01
136.8,0.169155,-4.52058,-8930.64,-1297.43,443.388,70.1906,-4582.29
136.9,0.167556,-3.69639,-9728.77,-3891.23,431.693,72.3421,-4579.67
137.0,0.166315,-2.71671,-10986.7,-6383.13,421.327,74.3395,-4577.42
137.1,0.165482,-1.63175,-12662.3,-8682.35,412.576,76.0785,-4575.92
137.2,0.165081,-0.525094,-14694.4,-10708.9,405.654,77.516,-4575.58
137.3,0.165102,0.540018,-17004.2,-12396.7,400.742,78.6121,-4576.5
137.4,0.165521,1.57596,-19500.6,-13694.3,398.026,79.3411,-4578.51
137.5,0.166285,2.39557,-22084.6,-14566.2,397.64,79.6543,-4581.33
137.6,0.16732,3.02859,-24655.0,-14991.4,399.673,79.6212,-4584.56
137.7,0.168562,3.45115,-27111.8,-14961.6,404.119,79.4005,-4587.73
137.8,0.169957,3.84614,-29360.7,-14478.9,410.803,79.0695,-4590.5
137.9,0.171451,4.04839,-31318.0,-13555.6,419.369,78.5965,-4592.73
138.0,0.173004,4.1604,-32914.6,-12215.1,429.319,77.9287,-4594.57
138.1,0.174573,4.14923,-34098.7,-10493.9,440.042,77.0405,-4596.24
138.2,0.176123,4.06053,-34836.5,-8442.85,450.894,75.961,-4597.93
138.3,0.177628,3.93631,-35113.2,-6126.75,461.267,74.7175,-4599.77
138.4,0.179053,3.66118,-34929.8,-3622.92,470.62,73.3215,-4601.8
138.5,0.180352,3.26675,-34300.4,-1018.84,478.511,71.8487,-4603.89
138.6,0.181478,2.75042,-33249.0,1591.59,484.585,70.4812,-4605.77
138.7,0.182392,2.14139,-31810.0,4112.85,488.551,69.4642,-4607.18
138.8,0.18307,1.48958,-30028.9,6453.56,490.176,68.9995,-4607.98
138.9,0.183497,0.800091,-27964.6,8531.71,489.271,69.1705,-4608.13
139.0,0.183663,0.11182,-25690.2,10277.9,485.705,69.9317,-4607.56
139.1,0.183567,-0.56727,-23293.0,11637.0,479.445,71.163,-4606.29
139.2,0.183205,-1.24647,-20872.2,12569.1,470.574,72.7095,-4604.41
139.3,0.182573,-1.94265,-18530.4,13049.4,459.289,74.3708,-4602.09
139.4,0.18167,-2.63443,-16365.5,13067.8,445.923,75.9613,-4599.41
139.5,0.180505,-3.2482,-14462.9,12628.0,430.933,77.3702,-4596.44
139.6,0.179084,-3.9256,-12889.9,11744.6,414.826,78.52,-4593.3
139.7,0.177417,-4.53237,-11695.1,10443.7,398.223,79.5413,-4590.13
139.8,0.175537,-5.0234,-10909.9,8763.66,381.818,80.66,-4586.97
139.9,0.173506,-5.30878,-10552.3,6755.34,366.334,82.0275,-4583.92
140.0,0.171409,-5.3732,-10629.8,4482.71,352.474,83.6633,-4581.07
140.1,0.169337,-5.20816,-11140.4,2021.47,340.879,85.5312,-4578.53
140.2,0.16738,-4.80606,-12071.4,-543.701,332.062,87.5725,-4576.41
140.3,0.165625,-4.20448,-13396.4,-3121.79,326.38,89.683,-4574.85
140.4,0.164127,-3.50727,-15073.4,-5618.93,324.025,91.6797,-4574.08
140.5,0.16291,-2.78375,-17042.6,-7943.42,325.04,93.3295,-4574.29
140.6,0.161974,-2.09449,-19228.1,-10011.1,329.361,94.4538,-4575.52
140.7,0.1613,-1.44193,-21542.1,-11750.0,336.867,95.0212,-4577.68
140.8,0.160881,-0.808302,-23889.6,-13103.7,347.373,95.055,-4580.58
140.9,0.160695,-0.23929,-26174.9,-14031.8,360.621,94.5908,-4583.86
141.0,0.16072,0.298452,-28306.5,-14509.6,376.282,93.6945,-4587.07
141.1,0.16094,0.790562,-30201.9,-14526.6,393.9,92.4305,-4589.82
141.2,0.161337,1.25708,-31791.5,-14085.8,412.88,90.8705,-4591.94
141.3,0.161896,1.65992,-33019.6,-13201.8,432.494,89.1018,-4593.43
141.4,0.162596,2.02696,-33845.5,-11900.3,451.942,87.203,-4594.41
141.5,0.163424,2.41759,-34245.0,-10217.8,470.409,85.204,-4595.05
141.6,0.164355,2.5784,-34210.4,-8203.23,487.142,83.0938,-4595.56
141.7,0.16537,2.80135,-33750.6,-5918.06,501.543,80.9265,-4596.08
141.8,0.166461,2.99101,-32887.3,-3436.45,513.167,78.7797,-4596.53
141.9,0.167609,3.11377,-31653.3,-843.003,521.719,76.7262,-4596.67
142.0,0.168781,3.13005,-30090.4,1770.59,527.023,74.8083,-4596.19
142.1,0.16993,3.00339,-28249.3,4310.02,529.0,73.0685,-4594.83
142.2,0.170997,2.71207,-26189.3,6683.18,527.651,71.5843,-4592.45
142.3,0.171929,2.27158,-23979.2,8805.19,523.045,70.442,-4589.02
142.4,0.172675,1.72394,-21697.2,10603.0,515.344,69.6715,-4584.66
142.5,0.173195,1.11531,-19430.0,12018.5,504.851,69.2452,-4579.54
142.6,0.173458,0.382533,-17269.3,13009.5,492.008,69.079,-4573.97
142.7,0.17342,-0.468415,-15304.1,13549.2,477.36,69.0433,-4568.23
142.8,0.173052,-1.32991,-13614.2,13625.5,461.575,69.098,-4562.5
142.9,0.17235,-2.18469,-12264.5,13240.9,445.386,69.2217,-4556.96
143.0,0.171333,-2.94624,-11301.0,12411.2,429.538,69.3875,-4551.83
143.1,0.170051,-3.55157,-10749.3,11164.1,414.739,69.5865,-4547.33
143.2,0.168562,-4.00897,-10616.5,9538.67,401.629,69.9,-4543.53
143.3,0.16693,-4.30123,-10895.0,7584.63,390.768,70.4983,-4540.48
143.4,0.165226,-4.40689,-11568.4,5363.01,382.629,71.5405,-4538.27
143.5,0.163515,-4.36258,-12612.5,2945.97,377.564,73.0537,-4537.03
143.6,0.16185,-4.19594,-13994.4,414.896,375.787,74.9362,-4536.78
143.7,0.160271,-3.94344,-15670.3,-2142.71,377.345,77.0163,-4537.49
143.8,0.158806,-3.62737,-17584.2,-4636.79,382.127,79.132,-4539.11
143.9,0.157478,-3.25861,-19668.0,-6978.27,389.87,81.114,-4541.69
144.0,0.156321,-2.76743,-21842.5,-9082.24,400.192,82.7818,-4545.18
144.1,0.155375,-2.19793,-24019.3,-10873.0,412.587,83.8978,-4549.39
144.2,0.154656,-1.59811,-26108.8,-12288.5,426.497,84.3568,-4554.04
144.3,0.154171,-0.987816,-28026.9,-13282.2,441.346,84.2698,-4558.81
144.4,0.15392,-0.386167,-29700.8,-13824.6,456.531,83.8405,-4563.48
144.5,0.153898,0.206478,-31071.1,-13902.2,471.422,83.2265,-4567.79
144.6,0.154104,0.809886,-32093.0,-13515.9,485.363,82.5065,-4571.54
144.7,0.154525,1.41963,-32737.2,-12681.4,497.695,81.7505,-4574.65
144.8,0.155161,1.95198,-32990.0,-11427.9,507.771,81.0527,-4577.26
144.9,0.156007,2.5108,-32850.8,-9796.2,515.013,80.4853,-4579.51
145.0,0.157085,3.18256,-32331.8,-7837.53,518.973,80.0492,-4581.44
145.1,0.158416,3.86834,-31456.6,-5612.71,519.356,79.6423,-4583.01
145.2,0.159983,4.44824,-30260.1,-3192.23,516.049,79.1758,-4584.1
145.3,0.161729,4.83829,-28786.3,-655.827,509.132,78.6497,-4584.44
145.4,0.16357,4.97745,-27087.3,1909.87,498.844,78.1285,-4583.72
145.5,0.1654,4.80284,-25222.4,4414.94,485.552,77.653,-4581.71
145.6,0.167104,4.33241,-23258.3,6770.33,469.727,77.2188,-4578.4
145.7,0.168591,3.67311,-21267.5,8892.14,451.92,76.8467,-4573.98
145.8,0.169807,2.8912,-19325.5,10704.7,432.717,76.5577,-4568.74
145.9,0.170714,2.04406,-17509.7,12144.5,412.749,76.418,-4563.1
146.0,0.171289,1.13311,-15895.3,13163.8,392.693,76.5055,-4557.5
146.1,0.171507,0.145009,-14550.8,13732.5,373.257,76.829,-4552.31
146.2,0.171344,-0.876186,-13532.3,13837.9,355.154,77.3323,-4547.79
146.3,0.170776,-1.94032,-12878.3,13483.1,339.072,77.9635,-4544.05
146.4,0.169788,-3.02282,-12608.6,12684.4,325.637,78.7333,-4541.14
146.5,0.168394,-4.03072,-12724.0,11470.1,315.386,79.6842,-4539.05
146.6,0.166641,-4.87684,-13209.2,9879.94,308.737,80.826,-4537.79
146.7,0.164604,-5.50672,-14036.7,7964.43,305.952,82.105,-4537.32
146.8,0.162372,-5.89606,-15170.6,5783.66,307.129,83.4697,-4537.62
146.9,0.160037,-6.06084,-16569.1,3406.58,312.189,84.921,-4538.67
147.0,0.157673,-6.05588,-18185.7,910.201,320.881,86.478,-4540.44
147.1,0.155344,-5.91074,-19968.0,-1621.24,332.794,88.107,-4542.9
147.2,0.153095,-5.67043,-21856.3,-4098.51,347.404,89.685,-4545.97
147.3,0.150973,-5.30194,-23783.7,-6431.69,364.093,91.0512,-4549.6
147.4,0.149017,-4.83743,-25676.2,-8535.65,382.176,92.0352,-4553.71
147.5,0.147267,-4.22296,-27457.4,-10334.6,400.964,92.5423,-4558.11
147.6,0.145785,-3.45012,-29053.3,-11765.3,419.793,92.5642,-4562.56
147.7,0.144625,-2.56712,-30399.4,-12778.8,438.031,92.1267,-4566.85
147.8,0.143822,-1.60948,-31444.1,-13342.2,455.059,91.2475,-4570.82
147.9,0.143402,-0.601782,-32150.7,-13439.5,470.282,90.0005,-4574.23
148.0,0.143376,0.421339,-32498.0,-13071.6,483.137,88.5602,-4576.83
148.1,0.143745,1.47601,-32480.3,-12255.1,493.117,87.1202,-4578.52
148.2,0.144507,2.52758,-32105.8,-11019.4,499.826,85.791,-4579.34
148.3,0.145651,3.52268,-31393.9,-9405.62,503.017,84.5533,-4579.35
148.4,0.14715,4.42727,-30373.1,-7465.79,502.619,83.3008,-4578.54
148.5,0.148961,5.20966,-29080.6,-5262.11,498.763,81.9515,-4576.84
148.6,0.151022,5.78634,-27562.2,-2865.61,491.767,80.481,-4574.22
148.7,0.153256,6.15149,-25871.7,-354.137,482.102,78.8737,-4570.62
148.8,0.155578,6.26668,-24067.8,2189.63,470.312,77.0772,-4565.97
148.9,0.157882,6.06033,-22213.2,4680.16,456.987,75.077,-4560.23
149.0,0.160053,5.56353,-20374.0,7031.41,442.75,72.9792,-4553.52
149.1,0.161986,4.80903,-18618.9,9160.43,428.238,70.9715,-4546.2
149.2,0.163593,3.83887,-17015.6,10991.7,414.092,69.2165,-4538.75
149.3,0.164802,2.70433,-15627.2,12461.1,400.931,67.7803,-4531.65
149.4,0.165562,1.44855,-14508.7,13518.4,389.341,66.6738,-4525.29
149.5,0.165837,0.127746,-13704.5,14129.4,379.857,65.9078,-4519.95
149.6,0.165615,-1.16191,-13244.3,14276.5,372.935,65.5017,-4515.81
149.7,0.164905,-2.38746,-13141.2,13959.0,368.926,65.4498,-4512.85
149.8,0.163737,-3.51786,-13390.5,13193.0,368.048,65.6915,-4510.92
149.9,0.162157,-4.52314,-13972.2,12008.4,370.376,66.1557,-4509.86
150.0,0.160217,-5.37394,-14854.1,10446.7,375.839,66.8175,-4509.56
150.1,0.157984,-6.04469,-15995.0,8559.44,384.229,67.7035,-4509.95
150.2,0.155528,-6.53213,-17348.7,6407.22,395.205,68.821,-4510.98
150.3,0.152928,-6.80851,-18866.3,4059.09,408.312,70.1223,-4512.64
150.4,0.150266,-6.86397,-20497.6,1591.64,422.994,71.528,-4514.96
150.5,0.147631,-6.7083,-22190.2,-912.775,438.616,72.975,-4517.98
150.6,0.145116,-6.2812,-23888.0,-3368.22,454.493,74.426,-4521.65
150.7,0.142823,-5.58608,-25530.6,-5688.59,469.927,75.806,-4525.83
150.8,0.140846,-4.63413,-27054.9,-7790.99,484.24,77.0368,-4530.35
150.9,0.139265,-3.54331,-28399.2,-9599.77,496.823,78.0685,-4535.0
151.0,0.138109,-2.4474,-29507.7,-11050.0,507.156,78.9015,-4539.62
151.1,0.137376,-1.37505,-30335.4,-12090.7,514.816,79.5212,-4544.01
151.2,0.137058,-0.321385,-30851.3,-12686.9,519.49,79.8942,-4547.95
151.3,0.137158,0.789214,-31040.3,-12820.4,520.951,80.0283,-4551.16
151.4,0.137694,1.99236,-30903.6,-12490.4,519.079,79.9577,-4553.5
151.5,0.138695,3.27768,-30456.3,-11711.9,513.849,79.7412,-4554.89
151.6,0.14018,4.58247,-29724.4,-10514.0,505.359,79.4175,-4555.33
151.7,0.142136,5.79339,-28741.3,-8938.35,493.825,78.99,-4554.82
151.8,0.144497,6.76137,-27545.9,-7038.04,479.606,78.464,-4553.4
151.9,0.147153,7.38353,-26182.7,-4875.75,463.203,77.843,-4551.12
152.0,0.149964,7.61587,-24700.8,-2522.3,445.251,77.1335,-4548.04
152.1,0.152791,7.48154,-23153.5,-54.7439,426.47,76.3175,-4544.19
152.2,0.155511,7.05087,-21597.8,2445.55,407.612,75.368,-4539.65
152.3,0.158031,6.4316,-20092.8,4894.73,389.415,74.286,-4534.56
152.4,0.160287,5.66174,-18697.8,7208.96,372.557,73.1288,-4529.22
152.5,0.162219,4.72844,-17469.0,9307.51,357.615,72.0042,-4523.98
152.6,0.163765,3.60936,-16456.4,11116.4,345.043,71.0427,-4519.25
152.7,0.164848,2.27407,-15701.4,12571.9,335.18,70.3485,-4515.35
152.8,0.165391,0.735557,-15234.4,13623.4,328.261,69.9792,-4512.54
152.9,0.165331,-0.919928,-15073.1,14235.4,324.441,69.9573,-4510.9
153.0,0.164635,-2.55588,-15221.2,14388.5,323.792,70.2763,-4510.37
153.1,0.163316,-4.10711,-15668.3,14079.6,326.303,70.8935,-4510.75
153.2,0.161433,-5.45147,-16390.9,13322.4,331.854,71.7288,-4511.77
153.3,0.159081,-6.52396,-17354.7,12145.5,340.202,72.6815,-4513.24
153.4,0.156368,-7.31335,-18517.7,10591.1,350.966,73.6773,-4515.01
153.5,0.153406,-7.81695,-19832.8,8712.99,363.632,74.694,-4517.04
153.6,0.150304,-8.00397,-21251.5,6574.6,377.584,75.7438,-4519.34
153.7,0.147161,-8.06789,-22725.3,4247.64,392.144,76.861,-4522.01
153.8,0.144061,-7.86251,-24206.6,1809.9,406.622,78.0427,-4525.12
153.9,0.141097,-7.39821,-25647.7,-657.264,420.373,79.2415,-4528.65
154.0,0.138374,-6.69233,-27000.3,-3071.24,432.837,80.4245,-4532.51
154.1,0.135999,-5.58977,-28215.7,-5350.78,443.568,81.5472,-4536.5
154.2,0.134074,-4.32392,-29247.0,-7418.0,452.225,82.5727,-4540.45
154.3,0.132651,-3.01572,-30051.0,-9200.47,458.562,83.4402,-4544.21
154.4,0.131733,-1.73287,-30592.5,-10634.2,462.401,84.0472,-4547.59
154.5,0.131316,-0.459181,-30847.1,-11667.2,463.632,84.315,-4550.37
154.6,0.131391,0.808878,-30804.6,-12261.6,462.226,84.229,-4552.3
154.7,0.131956,2.128,-30470.7,-12396.6,458.254,83.817,-4553.25
154.8,0.133025,3.49992,-29865.7,-12068.0,451.911,83.096,-4553.16
154.9,0.1346,4.83564,-29021.3,-11288.8,443.523,82.0502,-4552.04
155.0,0.136657,6.07613,-27976.1,-10088.3,433.528,80.677,-4549.92
155.1,0.139139,7.11408,-26773.4,-8510.67,422.462,79.0283,-4546.9
155.2,0.141945,7.81255,-25458.5,-6612.17,410.912,77.2067,-4543.17
155.3,0.144942,8.14631,-24077.3,-4458.36,399.475,75.296,-4538.87
155.4,0.147988,8.09493,-22675.8,-2121.33,388.727,73.3353,-4534.12
155.5,0.150945,7.67267,-21301.3,322.27,379.2,71.3447,-4528.98
155.6,0.153691,6.98107,-20002.0,2792.48,371.363,69.3548,-4523.63
155.7,0.156133,6.07952,-18826.6,5207.93,365.626,67.3982,-4518.25
155.8,0.158192,4.96728,-17820.8,7488.22,362.308,65.5035,-4513.05
155.9,0.159798,3.68168,-17024.8,9556.4,361.624,63.6722,-4508.27
156.0,0.16089,2.23839,-16470.2,11341.7,363.667,61.9048,-4504.15
156.1,0.161413,0.658446,-16178.3,12782.2,368.397,60.2385,-4500.93
156.2,0.16133,-0.966228,-16157.6,13827.3,375.646,58.7547,-4498.7
156.3,0.16063,-2.5291,-16403.7,14440.2,385.133,57.5552,-4497.42
156.4,0.159333,-4.01533,-16900.1,14599.8,396.488,56.7192,-4496.93
156.5,0.157493,-5.32321,-17620.8,14301.6,409.28,56.2868,-4497.04
156.6,0.155193,-6.38109,-18531.5,13557.7,423.043,56.2663,-4497.56
156.7,0.152541,-7.14799,-19592.2,12395.7,437.278,56.638,-4498.3
156.8,0.149657,-7.58507,-20759.9,10857.7,451.467,57.3525,-4499.2
156.9,0.146665,-7.68032,-21990.2,8998.23,465.075,58.336,-4500.26
157.0,0.143677,-7.601,-23239.9,6882.83,477.556,59.508,-4501.62
157.1,0.140789,-7.23962,-24466.7,4584.59,488.386,60.7747,-4503.36
157.2,0.138104,-6.59523,-25629.7,2181.87,497.078,62.0933,-4505.48
157.3,0.135722,-5.74773,-26689.9,-244.626,503.243,63.4463,-4507.91
157.4,0.133735,-4.55372,-27610.0,-2614.3,506.618,64.832,-4510.51
157.5,0.132236,-3.15794,-28354.7,-4848.55,507.115,66.1827,-4513.2
157.6,0.131279,-1.84523,-28895.3,-6872.05,504.695,67.5997,-4515.66
157.7,0.130815,-0.592143,-29206.9,-8616.21,499.536,68.9492,-4517.83
157.8,0.130836,0.652968,-29274.6,-10021.5,491.884,70.1982,-4519.53
157.9,0.131329,1.9038,-29095.4,-11038.2,482.055,71.2742,-4520.68
158.0,0.132289,3.15451,-28679.8,-11629.2,470.415,72.0703,-4521.21
158.1,0.133722,4.41654,-28050.9,-11772.0,457.384,72.5023,-4521.14
158.2,0.135618,5.61512,-27242.1,-11460.6,443.408,72.5825,-4520.49
158.3,0.137936,6.67363,-26293.1,-10706.2,428.968,72.3685,-4519.34
158.4,0.14061,7.50822,-25246.6,-9536.43,414.566,71.9125,-4517.76
158.5,0.143526,7.98244,-24144.8,-7993.83,400.718,71.24,-4515.84
158.6,0.146544,8.07264,-23028.3,-6134.29,387.937,70.378,-4513.67
158.7,0.149522,7.77969,-21935.5,-4024.28,376.71,69.3893,-4511.34
158.8,0.152325,7.15409,-20903.4,-1737.72,367.462,68.3469,-4508.9
158.9,0.154854,6.33457,-19968.6,647.16,360.53,67.2885,-4506.41
159.0,0.157042,5.35105,-19166.5,3051.05,356.133,66.2012,-4503.94
159.1,0.158824,4.20389,-18530.9,5395.04,354.362,65.0615,-4501.62
159.2,0.160145,2.92005,-18090.5,7602.07,355.159,63.8947,-4499.6
159.3,0.160958,1.50673,-17866.6,9599.3,358.329,62.7646,-4498.04
159.4,0.16122,-0.0031322,-17870.3,11320.0,363.568,61.7171,-4497.07
159.5,0.16091,-1.47294,-18101.7,12705.9,370.499,60.7664,-4496.77
159.6,0.160026,-2.93573,-18549.6,13708.9,378.707,59.9227,-4497.16
159.7,0.158595,-4.28209,-19192.8,14292.7,387.773,59.2569,-4498.17
159.8,0.156681,-5.40923,-20002.0,14435.1,397.286,58.8785,-4499.61
159.9,0.154382,-6.27432,-20942.1,14129.7,406.834,58.8674,-4501.28
160.0,0.15181,-6.82687,-21974.3,13387.3,415.998,59.2304,-4503.0
160.1,0.149081,-7.09266,-23057.9,12235.0,424.35,59.9321,-4504.66
160.2,0.146298,-7.08383,-24152.4,10714.9,431.462,60.9385,-4506.19
160.3,0.143549,-6.90663,-25218.9,8881.93,436.935,62.2076,-4507.66
160.4,0.140917,-6.55456,-26221.3,6801.69,440.434,63.6514,-4509.15
160.5,0.138481,-6.01751,-27126.8,4547.55,441.738,65.1336,-4510.74
160.6,0.136325,-5.12831,-27905.9,2197.35,440.759,66.5214,-4512.42
160.7,0.134537,-4.05463,-28532.9,-169.607,437.557,67.7527,-4514.11
160.8,0.133183,-2.8911,-28986.3,-2475.07,432.334,68.8396,-4515.72
160.9,0.132308,-1.63487,-29248.8,-4643.44,425.396,69.8148,-4517.13
161.0,0.131917,-0.416943,-29308.2,-6603.0,417.107,70.6858,-4518.24
161.1,0.131985,0.734572,-29159.5,-8288.18,407.848,71.4208,-4518.96
161.2,0.132472,1.80004,-28806.7,-9641.82,398.012,71.9916,-4519.25
161.3,0.133343,2.77919,-28264.4,-10617.0,387.996,72.3985,-4519.1
161.4,0.134572,3.70146,-27557.9,-11178.9,378.211,72.6129,-4518.58
161.5,0.136137,4.56568,-26721.4,-11306.2,369.09,72.5465,-4517.77
161.6,0.138008,5.32953,-25794.8,-10992.7,361.058,72.1024,-4516.73
161.7,0.140129,5.90987,-24819.9,-10248.2,354.529,71.231,-4515.5
161.8,0.142422,6.25073,-23836.9,-9098.95,349.862,69.9576,-4514.11
161.9,0.144788,6.29744,-22881.9,-7586.27,347.339,68.3574,-4512.55
162.0,0.147114,6.05969,-21986.5,-5764.33,347.141,66.5094,-4510.81
162.1,0.149297,5.54938,-21177.8,-3697.78,349.338,64.4764,-4508.88
162.2,0.151243,4.81575,-20480.2,-1458.99,353.893,62.3245,-4506.78
162.3,0.152885,3.94571,-19916.5,874.605,360.681,60.1244,-4504.56
162.4,0.154183,3.00638,-19507.8,3223.7,369.487,57.9309,-4502.27
162.5,0.155108,1.98274,-19272.4,5510.0,380.037,55.7661,-4500.01
162.6,0.155639,0.926594,-19223.3,7658.54,391.981,53.6256,-4497.94
162.7,0.155768,-0.139778,-19365.4,9599.54,404.895,51.5127,-4496.19
162.8,0.155488,-1.18581,-19693.4,11269.8,418.295,49.458,-4494.85
162.9,0.154808,-2.19663,-20191.8,12614.4,431.661,47.5396,-4493.94
163.0,0.153752,-3.11548,-20835.6,13588.0,444.474,45.8495,-4493.43
163.1,0.152367,-3.88729,-21592.6,14157.0,456.251,44.4652,-4493.21
163.2,0.150722,-4.45915,-22426.2,14300.4,466.574,43.4489,-4493.12
163.3,0.148896,-4.82774,-23298.0,14011.6,475.11,42.85,-4492.99
163.4,0.146968,-4.99057,-24171.2,13298.9,481.613,42.6995,-4492.68
163.5,0.145016,-4.96869,-25011.7,12186.7,485.913,42.988,-4492.14
163.6,0.143105,-4.76976,-25789.5,10714.5,487.907,43.6628,-4491.42
163.7,0.141291,-4.46534,-26478.1,8935.98,487.547,44.6415,-4490.59
163.8,0.139624,-4.06646,-27055.2,6915.35,484.851,45.8261,-4489.8
163.9,0.138158,-3.58448,-27502.2,4724.89,479.911,47.141,-4489.15
164.0,0.136949,-2.74977,-27804.0,2441.27,472.916,48.5225,-4488.71
164.1,0.136057,-1.87474,-27949.4,142.691,464.164,49.9135,-4488.43
164.2,0.135517,-0.966705,-27932.2,-2093.92,454.058,51.2745,-4488.25
164.3,0.135342,0.000425805,-27751.6,-4195.13,443.095,52.578,-4488.12
164.4,0.13552,0.893339,-27412.9,-6092.79,431.797,53.8119,-4487.97
164.5,0.136013,1.66858,-26928.6,-7725.21,420.686,54.9819,-4487.77
164.6,0.136778,2.32998,-26319.2,-9038.53,410.225,56.0836,-4487.54
164.7,0.137786,2.99209,-25611.9,-9988.3,400.823,57.0589,-4487.41
164.8,0.139008,3.42955,-24841.4,-10540.8,392.731,57.9041,-4487.39
164.9,0.140388,3.83809,-24043.6,-10675.6,386.192,58.5379,-4487.58
165.0,0.141907,4.17254,-23255.3,-10387.2,381.366,58.9445,-4487.97
165.1,0.143526,4.37655,-22511.6,-9684.0,378.364,59.0686,-4488.54
165.2,0.145192,4.44541,-21843.4,-8589.72,377.256,58.8146,-4489.28
165.3,0.14685,4.3346,-21275.0,-7142.53,378.064,58.1389,-4490.05
165.4,0.148419,3.99209,-20824.4,-5394.13,380.734,57.1066,-4490.71
165.5,0.14983,3.5135,-20504.9,-3407.61,385.127,55.835,-4491.15
165.6,0.151041,2.93393,-20326.4,-1253.3,391.006,54.4305,-4491.36
165.7,0.15201,2.26089,-20295.6,994.102,398.031,52.9499,-4491.39
165.8,0.15272,1.57267,-20416.0,3257.56,405.782,51.4316,-4491.25
165.9,0.153174,0.908136,-20687.5,5460.66,413.804,49.9429,-4491.02
166.0,0.153377,0.260286,-21105.1,7529.64,421.632,48.5464,-4490.85
166.1,0.153343,-0.331185,-21657.0,9396.04,428.829,47.2611,-4490.84
166.2,0.153087,-0.893759,-22323.9,10999.1,435.014,46.0674,-4491.02
166.3,0.15261,-1.45574,-23078.4,12286.7,439.869,44.9533,-4491.36
166.4,0.151923,-1.97173,-23887.6,13216.0,443.151,43.9644,-4491.8
166.5,0.151043,-2.44726,-24714.8,13755.5,444.68,43.1953,-4492.26
166.6,0.149995,-2.83958,-25522.1,13886.1,444.343,42.7235,-4492.57
166.7,0.148819,-3.11596,-26274.2,13602.4,442.092,42.5786,-4492.61
166.8,0.147556,-3.29267,-26941.2,12913.2,437.95,42.7588,-4492.3
166.9,0.14625,-3.34735,-27499.8,11841.2,432.016,43.258,-4491.69
167.0,0.144949,-3.22079,-27933.3,10422.9,424.464,44.0633,-4490.87
167.1,0.14369,-3.11748,-28230.5,8707.92,415.537,45.1344,-4489.95
167.2,0.142505,-2.92315,-28385.5,6756.83,405.55,46.369,-4489.08
167.3,0.141423,-2.62818,-28396.5,4638.97,394.875,47.6497,-4488.42
167.4,0.140466,-2.32316,-28264.9,2428.92,383.928,48.9085,-4488.04
167.5,0.139666,-1.83353,-27995.3,203.016,373.151,50.1235,-4487.92
167.6,0.139059,-1.31188,-27596.0,-1962.94,362.992,51.2864,-4487.97
167.7,0.138663,-0.768128,-27081.2,-3996.22,353.891,52.3618,-4488.16
167.8,0.138483,-0.213543,-26470.7,-5829.76,346.246,53.2967,-4488.44
167.9,0.138515,0.314276,-25789.5,-7404.19,340.39,54.0662,-4488.8
168.0,0.138734,0.772384,-25067.1,-8669.23,336.571,54.6903,-4489.24
168.1,0.139106,1.13236,-24336.8,-9584.32,334.939,55.1764,-4489.85
168.2,0.139595,1.39434,-23633.4,-10118.9,335.545,55.4759,-4490.73
168.3,0.140168,1.58393,-22989.8,-10253.9,338.345,55.5024,-4491.94
168.4,0.140805,1.74128,-22434.7,-9982.74,343.22,55.1884,-4493.39
168.5,0.141497,1.88045,-21991.1,-9313.18,349.995,54.5164,-4494.96
168.6,0.142238,2.00556,-21675.6,-8267.06,358.448,53.494,-4496.54
168.7,0.143021,2.11938,-21497.1,-6879.77,368.306,52.1204,-4497.95
168.8,0.143832,2.16885,-21457.5,-5199.17,379.252,50.3763,-4499.0
168.9,0.144641,2.13356,-21553.3,-3284.25,390.925,48.2806,-4499.52
169.0,0.145416,2.00624,-21778.2,-1202.92,402.923,45.9238,-4499.48
169.1,0.146123,1.79779,-22123.1,971.141,414.821,43.4372,-4498.95
169.2,0.146744,1.57049,-22576.0,3162.13,426.182,40.9355,-4498.0
169.3,0.147274,1.32453,-23121.9,5295.4,436.594,38.4813,-4496.72
169.4,0.147715,1.09784,-23742.9,7299.79,445.685,36.1139,-4495.24
169.5,0.148078,0.906122,-24416.9,9109.21,453.151,33.8843,-4493.69
169.6,0.148369,0.716616,-25116.7,10664.4,458.774,31.8575,-4492.12
169.7,0.14858,0.485112,-25810.2,11914.9,462.419,30.0742,-4490.48
169.8,0.148691,0.181499,-26463.3,12820.4,464.042,28.5327,-4488.71
169.9,0.148671,-0.209223,-27043.3,13352.0,463.687,27.2111,-4486.77
170.0,0.148491,-0.648906,-27520.8,13492.7,461.47,26.1164,-4484.62
170.1,0.148138,-1.09935,-27872.4,13237.4,457.573,25.3015,-4482.2
170.2,0.147619,-1.50631,-28083.0,12594.1,452.228,24.8307,-4479.53
170.3,0.146962,-1.82342,-28146.5,11584.1,445.712,24.7339,-4476.7
170.4,0.146203,-2.039,-28064.6,10241.6,438.33,24.995,-4473.91
170.5,0.145378,-2.10466,-27844.3,8612.67,430.411,25.5812,-4471.29
170.6,0.144514,-2.25091,-27497.2,6753.54,422.293,26.4718,-4468.99
170.7,0.143629,-2.29853,-27038.0,4728.76,414.329,27.6265,-4467.13
170.8,0.142735,-2.29754,-26484.0,2609.02,406.868,28.9718,-4465.83
170.9,0.141854,-2.23946,-25854.2,468.384,400.248,30.4018,-4465.08
171.0,0.141021,-2.07664,-25170.1,-1619.01,394.782,31.8236,-4464.77
171.1,0.140279,-1.78671,-24457.1,-3581.93,390.735,33.2079,-4464.81
171.2,0.139676,-1.38153,-23743.8,-5354.77,388.303,34.5414,-4465.18
171.3,0.139243,-0.926836,-23061.3,-6879.55,387.591,35.8013,-4465.89
171.4,0.138985,-0.479744,-22440.1,-8107.29,388.593,36.9524,-4466.94
171.5,0.138883,-0.120244,-21909.9,-8999.17,391.2,37.9673,-4468.33
171.6,0.138908,0.169432,-21497.2,-9527.22,395.226,38.8104,-4470.17
171.7,0.139026,0.38046,-21223.8,-9675.1,400.399,39.4479,-4472.47
171.8,0.139223,0.599926,-21103.2,-9438.0,406.439,39.8409,-4475.15
171.9,0.139513,0.886375,-21140.9,-8823.05,413.041,39.9412,-4477.98
172.0,0.139927,1.26852,-21334.8,-7849.8,419.915,39.6951,-4480.76
172.1,0.140495,1.71126,-21675.9,-6550.26,426.778,39.078,-4483.33
172.2,0.141231,2.18351,-22148.6,-4968.45,433.345,38.1169,-4485.46
172.3,0.142126,2.57915,-22732.4,-3159.22,439.322,36.8655,-4486.97
172.4,0.14314,2.84724,-23404.0,-1185.98,444.404,35.3826,-4487.79
172.5,0.144225,2.97047,-24139.1,881.716,448.296,33.7189,-4488.0
172.6,0.145331,2.97905,-24912.3,2971.0,450.732,31.9425,-4487.72
172.7,0.146423,2.8998,-25697.6,5008.72,451.512,30.1483,-4487.03
172.8,0.147476,2.77306,-26468.3,6924.54,450.517,28.4347,-4486.04
172.9,0.148477,2.62398,-27197.1,8653.74,447.729,26.8655,-4484.9
173.0,0.14941,2.41242,-27856.1,10139.5,443.23,25.4662,-4483.66
173.1,0.15024,2.08605,-28416.9,11334.0,437.191,24.2491,-4482.34
173.2,0.150919,1.60978,-28852.9,12199.6,429.838,23.2361,-4480.9
173.3,0.151388,0.97216,-29142.3,12709.6,421.437,22.4476,-4479.33
173.4,0.151594,0.209606,-29270.0,12848.9,412.266,21.8819,-4477.65
173.5,0.151504,-0.594048,-29229.1,12614.0,402.613,21.5176,-4475.88
173.6,0.151109,-1.37116,-29021.9,12012.9,392.775,21.3474,-4474.05
173.7,0.150427,-2.06711,-28660.1,11065.2,383.057,21.3993,-4472.25
173.8,0.149498,-2.64332,-28163.1,9801.48,373.773,21.7188,-4470.65
173.9,0.14837,-3.06691,-27555.4,8263.67,365.236,22.3305,-4469.37
174.0,0.147087,-3.45508,-26864.2,6503.84,357.739,23.2246,-4468.51
174.1,0.145681,-3.73536,-26118.1,4582.46,351.547,24.3468,-4468.15
174.2,0.144189,-3.91287,-25346.1,2566.18,346.87,25.6373,-4468.33
174.3,0.142653,-3.93604,-24577.0,525.141,343.868,27.0266,-4469.03
174.4,0.141137,-3.80809,-23839.1,-1469.61,342.614,28.4416,-4470.11
174.5,0.139711,-3.56211,-23161.1,-3349.13,343.126,29.7866,-4471.48
174.6,0.138439,-3.07742,-22571.5,-5049.47,345.36,30.9601,-4473.1
174.7,0.13736,-2.60427,-22097.2,-6514.35,349.203,31.9054,-4474.99
174.8,0.136493,-1.9786,-21761.8,-7696.96,354.486,32.6141,-4477.11
174.9,0.13583,-1.47418,-21583.4,-8560.67,360.983,33.1106,-4479.48
175.0,0.135359,-0.999478,-21574.4,-9079.37,368.419,33.3941,-4482.12
175.1,0.135073,-0.516111,-21738.8,-9237.8,376.485,33.4315,-4485.02
175.2,0.134985,0.0102895,-22071.6,-9032.0,384.866,33.184,-4488.05
175.3,0.135119,0.657771,-22558.7,-8469.36,393.239,32.6434,-4490.99
175.4,0.135514,1.40582,-23179.0,-7568.43,401.312,31.7985,-4493.6
175.5,0.136198,2.19778,-23905.6,-6358.48,408.831,30.6085,-4495.69
175.6,0.137176,2.98472,-24706.9,-4879.17,415.582,29.0278,-4497.07
175.7,0.138422,3.64547,-25549.3,-3180.16,421.389,27.052,-4497.58
175.8,0.139876,4.11108,-26398.9,-1319.93,426.108,24.7461,-4497.2
175.9,0.141467,4.39153,-27223.5,636.368,429.637,22.2171,-4496.01
176.0,0.143124,4.47623,-27992.8,2619.79,431.901,19.5776,-4494.17
176.1,0.144781,4.40171,-28678.8,4560.7,432.877,16.9226,-4491.82
176.2,0.146389,4.21213,-29255.6,6391.57,432.594,14.3357,-4489.12
176.3,0.147906,3.92474,-29700.4,8049.67,431.143,11.899,-4486.21
176.4,0.149291,3.51713,-29993.6,9479.53,428.682,9.6875,-4483.23
176.5,0.150493,2.96289,-30119.0,10635.1,425.422,7.74538,-4480.24
176.6,0.151454,2.23349,-30066.1,11481.2,421.608,6.07425,-4477.23
176.7,0.152108,1.33275,-29831.1,11993.5,417.498,4.64925,-4474.23
176.8,0.1524,0.303917,-29419.1,12158.9,413.346,3.45625,-4471.27
176.9,0.152299,-0.743893,-28843.5,11974.5,409.387,2.50662,-4468.42
177.0,0.151802,-1.74753,-28126.6,11447.4,405.811,1.823,-4465.67
177.1,0.150937,-2.63277,-27297.6,10595.0,402.787,1.43775,-4463.11
177.2,0.149757,-3.37096,-26391.5,9444.56,400.45,1.37325,-4460.88
177.3,0.148326,-3.93394,-25446.0,8033.15,398.903,1.648,-4459.06
177.4,0.146707,-4.35197,-24499.2,6407.04,398.225,2.27612,-4457.75
177.5,0.144955,-4.62749,-23588.1,4620.82,398.462,3.24825,-4456.96
177.6,0.143132,-4.73681,-22747.0,2735.82,399.64,4.5235,-4456.72
177.7,0.141303,-4.66989,-22007.4,817.919,401.741,6.01862,-4457.0
177.8,0.139545,-4.39215,-21396.7,-1065.33,404.698,7.6375,-4457.7
177.9,0.137935,-3.92569,-20938.8,-2848.07,408.41,9.27213,-4458.75
178.0,0.136532,-3.31004,-20653.6,-4469.12,412.736,10.8251,-4460.12
178.1,0.135378,-2.64256,-20555.5,-5874.64,417.487,12.2216,-4461.84
178.2,0.134497,-1.92766,-20652.3,-7019.63,422.443,13.424,-4463.89
178.3,0.133896,-1.2068,-20944.2,-7868.97,427.36,14.409,-4466.23
178.4,0.133581,-0.459485,-21423.5,-8397.98,431.999,15.1555,-4468.83
178.5,0.133566,0.333189,-22074.1,-8592.56,436.144,15.6555,-4471.63
178.6,0.13387,1.22672,-22871.9,-8448.82,439.603,15.9205,-4474.49
178.7,0.134516,2.16834,-23785.0,-7973.11,442.232,15.9455,-4477.18
178.8,0.135517,3.11052,-24776.5,-7181.54,443.933,15.6959,-4479.5
178.9,0.136861,4.00693,-25806.5,-6099.91,444.648,15.1306,-4481.27
179.0,0.138509,4.75321,-26833.6,-4763.68,444.346,14.2192,-4482.39
179.1,0.140396,5.29357,-27817.2,-3217.31,443.02,12.9624,-4482.75
179.2,0.142442,5.61473,-28719.8,-1513.29,440.685,11.3883,-4482.38
179.3,0.144565,5.71696,-29508.7,289.547,437.383,9.55525,-4481.39
179.4,0.146685,5.60985,-30156.3,2128.28,433.182,7.55275,-4479.95
179.5,0.148732,5.32652,-30640.6,3938.36,428.198,5.48575,-4478.23
179.6,0.150641,4.88782,-30944.9,5656.35,422.582,3.4635,-4476.36
179.7,0.15235,4.27687,-31058.6,7222.77,416.524,1.58375,-4474.48
179.8,0.153794,3.48578,-30976.6,8584.62,410.236,-0.0795,-4472.71
179.9,0.154906,2.52179,-30700.0,9697.55,403.93,-1.48837,-4471.08
180.0,0.155625,1.40385,-30236.4,10527.2,397.802,-2.64138,-4469.58
180.1,0.155906,0.18811,-29601.1,11049.6,392.021,-3.56113,-4468.19
180.2,0.155728,-1.00762,-28817.2,11251.5,386.729,-4.27612,-4466.92
180.3,0.155102,-2.12575,-27915.4,11129.4,382.039,-4.80037,-4465.8
180.4,0.154065,-3.11612,-26932.7,10689.5,378.035,-5.12638,-4464.85
180.5,0.152674,-3.94719,-25910.5,9946.71,374.783,-5.2335,-4464.1
180.6,0.150996,-4.5668,-24892.6,8925.04,372.324,-5.08787,-4463.65
180.7,0.149096,-5.09889,-23922.3,7656.89,370.675,-4.65487,-4463.57
180.8,0.147037,-5.43549,-23040.0,6182.84,369.826,-3.92275,-4463.92
180.9,0.144887,-5.57485,-22280.8,4551.1,369.737,-2.89937,-4464.68
181.0,0.142726,-5.50822,-21674.1,2816.29,370.351,-1.63087,-4465.84
181.1,0.140645,-5.18259,-21243.0,1037.76,371.58,-0.18475,-4467.31
181.2,0.138739,-4.62306,-21004.0,-722.561,373.334,1.35213,-4469.06
181.3,0.137082,-3.91709,-20967.3,-2403.31,375.51,2.855,-4471.01
181.4,0.135722,-3.09822,-21136.3,-3946.6,378.016,4.21775,-4473.14
181.5,0.134687,-2.24853,-21507.4,-5300.59,380.749,5.37625,-4475.44
181.6,0.133983,-1.40247,-22070.0,-6421.36,383.59,6.29038,-4477.87
181.7,0.133607,-0.561481,-22805.4,-7274.25,386.422,6.92175,-4480.39
181.8,0.133566,0.314244,-23687.7,-7834.26,389.129,7.24412,-4482.97
181.9,0.133877,1.29011,-24683.6,-8086.41,391.605,7.24638,-4485.49
182.0,0.134564,2.31885,-25754.1,-8025.83,393.778,6.92662,-4487.82
182.1,0.135637,3.34183,-26856.2,-7657.11,395.615,6.29325,-4489.81
182.2,0.13708,4.29875,-27944.9,-6993.84,397.117,5.35563,-4491.31
182.3,0.138846,5.08025,-28975.8,-6058.16,398.318,4.107,-4492.22
182.4,0.140856,5.60733,-29907.4,-4880.32,399.265,2.53325,-4492.44
182.5,0.143013,5.86824,-30702.7,-3498.62,400.011,0.63475,-4491.97
182.6,0.14522,5.88948,-31331.4,-1958.71,400.605,-1.55687,-4490.87
182.7,0.147393,5.69647,-31770.7,-312.382,401.087,-3.977,-4489.27
182.8,0.149462,5.34779,-32004.9,1384.13,401.484,-6.55263,-4487.31
182.9,0.151376,4.87607,-32026.3,3072.29,401.837,-9.20813,-4485.12
183.0,0.153084,4.27646,-31834.3,4693.6,402.198,-11.8546,-4482.86
183.1,0.154531,3.50095,-31435.6,6192.02,402.629,-14.3869,-4480.62
183.2,0.15566,2.58024,-30843.1,7516.67,403.196,-16.7056,-4478.47
183.3,0.156415,1.51904,-30076.7,8624.07,403.959,-18.7485,-4476.41
183.4,0.156746,0.339112,-29162.4,9479.62,404.959,-20.4977,-4474.42
183.5,0.15663,-0.843012,-28132.7,10058.4,406.216,-21.9599,-4472.5
183.6,0.156075,-1.93183,-27025.3,10344.8,407.725,-23.1465,-4470.65
183.7,0.155125,-2.8685,-25882.5,10333.0,409.453,-24.0696,-4468.91
183.8,0.153849,-3.60983,-24749.3,10025.6,411.348,-24.7399,-4467.3
183.9,0.152324,-4.15252,-23671.1,9433.97,413.351,-25.1618,-4465.89
184.0,0.150622,-4.52766,-22691.8,8577.55,415.395,-25.3156,-4464.75
184.1,0.148806,-4.72969,-21850.4,7483.46,417.422,-25.1635,-4463.92
184.2,0.146926,-4.8703,-21179.7,6186.34,419.381,-24.6742,-4463.42
184.3,0.145036,-4.86875,-20704.9,4727.88,421.23,-23.8411,-4463.28
184.4,0.143202,-4.59352,-20442.3,3155.94,422.933,-22.6957,-4463.45
184.5,0.141506,-4.13693,-20399.9,1523.14,424.461,-21.2999,-4463.87
184.6,0.140027,-3.48509,-20577.8,-115.091,425.797,-19.7376,-4464.5
184.7,0.138831,-2.68683,-20968.6,-1702.74,426.925,-18.1089,-4465.33
184.8,0.137964,-1.80157,-21558.1,-3185.53,427.834,-16.5198,-4466.36
184.9,0.137448,-0.894048,-22325.3,-4513.28,428.5,-15.0798,-4467.57
185.0,0.137282,0.00450384,-23242.6,-5642.03,428.901,-13.8737,-4468.92
185.1,0.137458,0.889539,-24276.8,-6535.87,429.02,-12.9479,-4470.4
185.2,0.137965,1.75874,-25389.4,-7167.84,428.861,-12.3123,-4471.99
185.3,0.138798,2.62497,-26537.6,-7520.33,428.441,-11.9685,-4473.61
185.4,0.139955,3.48228,-27676.3,-7585.14,427.795,-11.9196,-4475.16
185.5,0.141421,4.26783,-28760.5,-7363.25,426.974,-12.1619,-4476.54
185.6,0.143159,4.93951,-29747.4,-6864.43,426.034,-12.6762,-4477.68
185.7,0.145109,5.41803,-30597.9,-6106.6,425.024,-13.4331,-4478.48
185.8,0.147193,5.65772,-31279.5,-5114.98,423.977,-14.4175,-4478.88
185.9,0.14932,5.65699,-31766.9,-3921.56,422.91,-15.6304,-4478.9
186.0,0.151401,5.42607,-32043.8,-2564.65,421.818,-17.0683,-4478.6
186.1,0.153359,5.01163,-32102.7,-1088.36,420.689,-18.7015,-4478.07
186.2,0.155137,4.47707,-31944.5,458.323,419.501,-20.4786,-4477.39
186.3,0.156696,3.85643,-31577.8,2023.22,418.243,-22.3404,-4476.65
186.4,0.158003,3.14507,-31019.0,3552.87,416.914,-24.2297,-4475.93
186.5,0.159024,2.34932,-30290.5,4994.61,415.514,-26.0868,-4475.3
186.6,0.159727,1.46901,-29420.3,6298.93,414.041,-27.8389,-4474.74
186.7,0.160079,0.490213,-28441.0,7421.64,412.479,-29.4116,-4474.24
186.8,0.160058,-0.50684,-27389.5,8325.99,410.81,-30.7467,-4473.78
186.9,0.159669,-1.42565,-26306.1,8983.92,409.008,-31.8257,-4473.37
187.0,0.158941,-2.24186,-25233.5,9376.45,407.045,-32.6626,-4473.04
187.1,0.157926,-2.90534,-24215.0,9493.46,404.898,-33.2706,-4472.79
187.2,0.156683,-3.40537,-23292.7,9333.2,402.558,-33.6424,-4472.66
187.3,0.155276,-3.75813,-22505.2,8902.03,400.032,-33.7622,-4472.68
187.4,0.153757,-3.98721,-21885.5,8214.26,397.345,-33.6275,-4472.87
187.5,0.152174,-4.10303,-21458.7,7291.86,394.536,-33.2498,-4473.25
187.6,0.150569,-4.10736,-21241.3,6163.8,391.656,-32.6372,-4473.81
187.7,0.14899,-3.97724,-21240.2,4865.48,388.765,-31.7851,-4474.53
187.8,0.147495,-3.70795,-21453.8,3438.19,385.937,-30.6947,-4475.39
187.9,0.146152,-3.21139,-21872.0,1928.32,383.248,-29.4061,-4476.35
188.0,0.145027,-2.57993,-22477.9,386.046,380.791,-28.0018,-4477.38
188.1,0.144168,-1.84901,-23248.8,-1136.68,378.656,-26.5899,-4478.52
188.2,0.143603,-1.06175,-24156.7,-2588.41,376.93,-25.2687,-4479.78
188.3,0.143335,-0.323657,-25168.9,-3920.36,375.678,-24.1151,-4481.18
188.4,0.143353,0.394438,-26248.4,-5088.05,374.953,-23.1911,-4482.7
188.5,0.143645,1.11763,-27354.9,-6052.96,374.785,-22.5651,-4484.35
188.6,0.144208,1.83076,-28446.2,-6784.15,375.19,-22.2992,-4486.1
188.7,0.145036,2.52653,-29479.9,-7259.61,376.167,-22.4065,-4487.89
188.8,0.146115,3.17674,-30415.1,-7466.87,377.711,-22.8325,-4489.6
188.9,0.147422,3.73669,-31214.4,-7402.53,379.809,-23.4973,-4491.13
189.0,0.14891,4.17081,-31846.3,-7071.4,382.438,-24.3566,-4492.38
189.1,0.150521,4.39078,-32286.3,-6485.76,385.555,-25.4116,-4493.29
189.2,0.152183,4.43648,-32518.2,-5665.14,389.092,-26.6764,-4493.83
189.3,0.153829,4.31385,-32534.8,-4636.04,392.955,-28.1396,-4494.01
189.4,0.155405,4.07726,-32337.7,-3431.21,397.029,-29.7751,-4493.88
189.5,0.15687,3.73764,-31937.3,-2088.89,401.169,-31.5836,-4493.52
189.6,0.158192,3.319,-31351.5,-652.143,405.227,-33.5774,-4492.96
189.7,0.159345,2.84012,-30604.2,832.038,409.068,-35.7293,-4492.25
189.8,0.160306,2.30272,-29724.3,2314.03,412.591,-37.9608,-4491.42
189.9,0.161055,1.73634,-28744.8,3743.53,415.725,-40.1809,-4490.52
190.0,0.161578,1.13854,-27701.6,5071.89,418.42,-42.3219,-4489.53
190.1,0.161866,0.473685,-26632.7,6254.11,420.647,-44.3306,-4488.48
190.2,0.161929,-0.0989811,-25577.3,7250.62,422.39,-46.1673,-4487.39
190.3,0.161792,-0.566189,-24575.3,8028.6,423.629,-47.7938,-4486.3
190.4,0.161488,-0.954076,-23665.3,8563.12,424.349,-49.1787,-4485.25
190.5,0.161043,-1.28733,-22883.2,8837.71,424.536,-50.3052,-4484.25
190.6,0.160479,-1.56825,-22259.9,8844.78,424.205,-51.1611,-4483.33
190.7,0.15981,-1.82716,-21819.7,8585.12,423.395,-51.7468,-4482.5
190.8,0.159044,-2.07338,-21579.0,8067.43,422.179,-52.055,-4481.76
190.9,0.158187,-2.28783,-21544.8,7307.99,420.671,-52.0504,-4481.08
191.0,0.15726,-2.44131,-21714.8,6330.44,419.018,-51.7046,-4480.45
191.1,0.156295,-2.48364,-22078.1,5165.51,417.378,-51.0274,-4479.85
191.2,0.155343,-2.39116,-22617.1,3850.41,415.903,-50.0701,-4479.27
191.3,0.154455,-2.16166,-23307.9,2427.7,414.718,-48.8981,-4478.75
191.4,0.153684,-1.813,-24122.4,943.93,413.92,-47.5738,-4478.32
191.5,0.153066,-1.35174,-25029.4,-551.635,413.566,-46.1689,-4478.06
191.6,0.152625,-0.90425,-25995.1,-2008.76,413.676,-44.7779,-4478.04
191.7,0.152367,-0.439928,-26984.1,-3378.17,414.265,-43.5018,-4478.35
191.8,0.152294,0.0329645,-27959.5,-4613.59,415.334,-42.4167,-4479.03
191.9,0.152409,0.536843,-28884.4,-5673.93,416.876,-41.5701,-4480.08
192.0,0.152719,1.06501,-29723.5,-6524.96,418.87,-40.9827,-4481.46
192.1,0.15323,1.6027,-30443.8,-7140.29,421.275,-40.6482,-4483.07
192.2,0.153939,2.12498,-31016.7,-7502.09,424.021,-40.5384,-4484.75
192.3,0.154836,2.60738,-31419.1,-7601.17,427.006,-40.6169,-4486.35
192.4,0.155897,3.00221,-31635.7,-7436.67,430.093,-40.8507,-4487.74
192.5,0.157087,3.30747,-31659.0,-7015.55,433.131,-41.2128,-4488.88
192.6,0.158369,3.49357,-31491.0,-6352.33,435.947,-41.7135,-4489.74
192.7,0.159691,3.52591,-31142.3,-5468.89,438.359,-42.3706,-4490.32
192.8,0.161002,3.45081,-30631.1,-4393.72,440.221,-43.171,-4490.68
192.9,0.162267,3.29643,-29981.9,-3161.03,441.416,-44.1018,-4490.89
193.0,0.163463,3.16019,-29223.4,-1809.93,441.865,-45.19,-4491.04
193.1,0.16458,2.89457,-28387.4,-383.635,441.515,-46.4762,-4491.15
193.2,0.165619,2.69173,-27506.8,1071.27,440.336,-47.9658,-4491.25
193.3,0.16658,2.56772,-26615.1,2505.89,438.328,-49.6009,-4491.35
193.4,0.167465,2.2583,-25745.4,3871.27,435.51,-51.2905,-4491.47
193.5,0.168279,2.07343,-24929.9,5121.01,431.93,-52.9746,-4491.62
193.6,0.169012,1.83461,-24199.7,6212.59,427.655,-54.6333,-4491.8
193.7,0.169635,1.49832,-23583.8,7108.65,422.781,-56.2215,-4491.99
193.8,0.17011,1.05257,-23108.2,7778.08,417.436,-57.6292,-4492.21
193.9,0.170403,0.540063,-22793.8,8197.4,411.771,-58.7385,-4492.46
194.0,0.170502,0.0160931,-22654.9,8352.29,405.953,-59.5059,-4492.75
194.1,0.170408,-0.44272,-22698.0,8237.89,400.155,-59.9676,-4493.06
194.2,0.170141,-0.86113,-22920.5,7858.07,394.556,-60.1651,-4493.41
194.3,0.169727,-1.20879,-23311.8,7224.49,389.319,-60.1005,-4493.78
194.4,0.169185,-1.52645,-23853.4,6356.34,384.59,-59.7406,-4494.13
194.5,0.168527,-1.81041,-24520.9,5280.87,380.522,-59.0662,-4494.45
194.6,0.167763,-2.07612,-25285.3,4033.29,377.26,-58.1293,-4494.78
194.7,0.166904,-2.30348,-26115.6,2655.21,374.93,-57.0425,-4495.17
194.8,0.165972,-2.44045,-26980.1,1192.58,373.622,-55.8932,-4495.69
194.9,0.165002,-2.49651,-27847.3,-306.207,373.377,-54.7065,-4496.38
195.0,0.164047,-2.38167,-28686.4,-1791.55,374.189,-53.4878,-4497.32
195.1,0.163179,-2.07874,-29467.8,-3213.68,376.0,-52.3046,-4498.56
195.2,0.162461,-1.62594,-30163.0,-4524.69,378.699,-51.2799,-4500.13
195.3,0.161943,-1.06481,-30746.0,-5681.13,382.14,-50.4991,-4501.96
195.4,0.161653,-0.467033,-31193.9,-6645.93,386.164,-49.9418,-4503.99
195.5,0.161594,0.11852,-31488.7,-7389.09,390.614,-49.5279,-4506.08
195.6,0.161759,0.707757,-31618.3,-7887.57,395.343,-49.2223,-4508.12
195.7,0.162131,1.21751,-31578.3,-8125.99,400.184,-49.085,-4509.96
195.8,0.162676,1.63682,-31371.7,-8097.62,404.974,-49.1513,-4511.45
195.9,0.163375,2.05818,-31008.8,-7804.72,409.557,-49.3661,-4512.54
196.0,0.164226,2.45603,-30506.9,-7257.77,413.776,-49.6692,-4513.23
196.1,0.165236,2.90637,-29888.7,-6474.27,417.475,-50.0995,-4513.57
196.2,0.166415,3.45011,-29180.9,-5478.33,420.516,-50.7825,-4513.65
196.3,0.167759,3.77836,-28413.3,-4301.13,422.792,-51.8089,-4513.57
196.4,0.169252,4.13919,-27616.9,-2980.84,424.245,-53.1624,-4513.43
196.5,0.170864,4.42127,-26823.1,-1560.95,424.873,-54.76,-4513.29
196.6,0.172546,4.53346,-26061.8,-88.4628,424.719,-56.5612,-4513.12
196.7,0.174237,4.47892,-25360.7,1387.72,423.872,-58.5692,-4512.91
196.8,0.17588,4.28208,-24745.0,2817.72,422.462,-60.7485,-4512.65
196.9,0.177431,3.99744,-24236.6,4151.85,420.63,-62.9823,-4512.32
197.0,0.178871,3.69348,-23853.3,5342.97,418.519,-65.1206,-4511.93
197.1,0.180193,3.37598,-23608.6,6349.27,416.273,-67.0659,-4511.47
197.2,0.181387,3.01048,-23511.3,7136.0,414.026,-68.7989,-4510.99
197.3,0.182426,2.55741,-23564.7,7676.3,411.91,-70.3104,-4510.52
197.4,0.183267,1.9629,-23766.2,7951.65,410.056,-71.5488,-4510.09
197.5,0.183858,1.23044,-24106.1,7952.49,408.599,-72.4393,-4509.7
197.6,0.184156,0.404347,-24568.6,7679.03,407.669,-72.9627,-4509.34
197.7,0.184136,-0.457564,-25132.2,7141.1,407.391,-73.1767,-4509.05
197.8,0.183794,-1.25449,-25770.8,6356.91,407.863,-73.1548,-4508.81
197.9,0.18316,-1.94452,-26455.4,5351.8,409.155,-72.9122,-4508.66
198.0,0.182284,-2.49051,-27156.1,4157.51,411.285,-72.4241,-4508.59
198.1,0.181226,-2.88709,-27844.1,2811.79,414.215,-71.687,-4508.61
198.2,0.180037,-3.16522,-28492.7,1357.82,417.848,-70.7445,-4508.75
198.3,0.178756,-3.36655,-29077.3,-156.881,422.058,-69.6236,-4509.0
198.4,0.177423,-3.45246,-29576.5,-1682.28,426.692,-68.3381,-4509.41
198.5,0.176089,-3.38959,-29972.0,-3167.25,431.593,-66.9046,-4509.99
198.6,0.174822,-3.13384,-30249.2,-4561.39,436.592,-65.3838,-4510.75
198.7,0.173698,-2.66455,-30397.7,-5817.28,441.518,-63.8798,-4511.67
198.8,0.172789,-2.03715,-30411.6,-6892.94,446.194,-62.482,-4512.67
198.9,0.172147,-1.28777,-30290.1,-7753.38,450.449,-61.2178,-4513.66
199.0,0.171808,-0.485118,-30038.4,-8371.42,454.119,-60.0908,-4514.59
199.1,0.171791,0.357956,-29667.3,-8727.79,457.046,-59.1358,-4515.4
199.2,0.172099,1.22391,-29193.0,-8811.7,459.089,-58.417,-4516.05
199.3,0.172724,2.14841,-28636.4,-8621.29,460.143,-57.9652,-4516.52
199.4,0.173663,2.98159,-28022.0,-8163.96,460.145,-57.7613,-4516.88
199.5,0.174916,3.72654,-27377.3,-7455.75,459.076,-57.78,-4517.17
199.6,0.176473,4.51342,-26730.3,-6520.37,456.961,-58.0351,-4517.44
199.7,0.178302,5.19092,-26108.4,-5388.56,453.869,-58.5736,-4517.68
199.8,0.180354,5.71925,-25537.2,-4097.65,449.907,-59.4287,-4517.9
199.9,0.182567,6.06936,-25039.7,-2690.66,445.211,-60.585,-4518.13
200.0,0.184874,6.23139,-24635.1,-1214.93,439.935,-61.9926,-4518.38
