idx,dmg_UW,dmg_DW
0,8.768125073253805e-10,5.1894694464817333e-11
1,8.618157033573724e-10,5.052327854012558e-11
2,8.120452502586855e-10,4.626240940922004e-11
3,7.777842066117015e-10,4.35305878547031e-11
4,7.744054869968482e-10,4.341106211646152e-11
5,7.626180070809301e-10,4.248213535992945e-11
6,7.193606482945724e-10,3.9279338686789934e-11
7,7.084825349479048e-10,3.9731568636192146e-11
8,7.496385466215576e-10,4.4761559223247385e-11
9,8.184822694440967e-10,5.2070205184535525e-11
10,8.54571281873993e-10,5.601527651618646e-11
11,8.448193428881034e-10,5.51618911252664e-11
12,8.385661661390798e-10,5.4353296592844676e-11
13,8.597062360696856e-10,5.615338834988498e-11
14,8.644319691944818e-10,5.66144095990406e-11
15,8.210926416658091e-10,5.237437166145627e-11
16,7.482075528134515e-10,4.448961821971906e-11
17,6.854409084404808e-10,3.728010276506484e-11
18,6.403676323730264e-10,3.2100030047432826e-11
19,6.061383998732152e-10,2.864054552361072e-11
20,6.008391880704156e-10,2.8029741798778767e-11
21,6.250114222295302e-10,2.973429440150638e-11
22,6.623090091957885e-10,3.2609840514119e-11
23,6.918545948630832e-10,3.5203795269583505e-11
24,7.322997778891699e-10,3.9040373189642914e-11
25,8.11038157684742e-10,4.6223191498420434e-11
26,9.074892123339034e-10,5.516533453638531e-11
27,9.59049192117919e-10,6.030907656035475e-11
28,9.473814902429877e-10,5.946163725098202e-11
29,9.297911495443975e-10,5.782681922655577e-11
30,9.480428352990685e-10,5.93902678481127e-11
31,9.663488214995025e-10,6.113977155987823e-11
32,9.3146324462624e-10,5.7933801516888225e-11
33,8.677893027923658e-10,5.205890355493948e-11
34,8.519751638363443e-10,5.059630361223011e-11
35,8.757859181002842e-10,5.230954275856717e-11
36,9.053308636564716e-10,5.4824914560327524e-11
37,9.234996358170973e-10,5.6889973771967374e-11
38,9.47470902794779e-10,5.938793307269009e-11
39,1.0101848899289696e-09,6.563011973546941e-11
40,1.0702593969045102e-09,7.19211826808565e-11
41,1.0765815929930855e-09,7.293265065139401e-11
42,1.024784292383029e-09,6.756463371763546e-11
43,9.68871967698267e-10,6.182466561857079e-11
44,9.347160186170974e-10,5.838682536616164e-11
45,9.035829884113325e-10,5.5361904020456045e-11
46,8.489374548773375e-10,4.9948957401565955e-11
47,7.897431387530639e-10,4.435757540288417e-11
48,7.516108201334574e-10,4.084726664652555e-11
49,7.411758542516468e-10,3.976484491807998e-11
50,7.462742262923897e-10,4.011648133891614e-11
51,7.487492521402984e-10,4.026450524754645e-11
52,7.42929753121456e-10,3.971612374664332e-11
53,7.575494766500593e-10,4.111568153871532e-11
54,7.99114427031051e-10,4.4998021916065455e-11
55,8.672958213972492e-10,5.173781626414204e-11
56,9.292928271428017e-10,5.8176315667556466e-11
57,9.592279167483278e-10,6.132498312316164e-11
58,9.783186503904245e-10,6.344682387689001e-11
59,9.982500175027746e-10,6.520348049654653e-11
60,1.0037348235826125e-09,6.510460471788909e-11
61,9.822998244572382e-10,6.278431135971261e-11
62,9.442302026468845e-10,5.948774465906997e-11
63,9.202989232584593e-10,5.773693214608956e-11
64,9.269055775520896e-10,5.90775172251174e-11
65,9.279715993777052e-10,5.972742737500302e-11
66,9.128964698579144e-10,5.870859139273826e-11
67,8.962406011165055e-10,5.723460786162349e-11
68,9.08041582396999e-10,5.820829983584389e-11
69,9.291957891602176e-10,5.963668742118162e-11
70,9.255644991724839e-10,5.863808609934787e-11
71,9.092113804876839e-10,5.686144441522327e-11
72,9.03281480117332e-10,5.625978154589102e-11
73,9.257579225827625e-10,5.874412380086906e-11
74,9.350045823954533e-10,6.005215099621265e-11
75,9.184982967739214e-10,5.898971842917183e-11
76,8.946029810674972e-10,5.664795358570084e-11
77,9.106031911388874e-10,5.7623675621491806e-11
78,9.619438784047477e-10,6.175042084234982e-11
79,1.0076580375161557e-09,6.569262443190112e-11
80,1.0380730099084746e-09,6.888764735162193e-11
81,1.0927081909641694e-09,7.524814766524692e-11
82,1.1983569059787711e-09,8.757848441789154e-11
83,1.3242282033937741e-09,1.0309000168852786e-10
84,1.3806446474795655e-09,1.111263261938187e-10
85,1.3823219377155728e-09,1.1275739580475039e-10
86,1.4013497687678418e-09,1.1522913169520133e-10
87,1.4787021045323597e-09,1.236055680087407e-10
88,1.5415025052510685e-09,1.2976445393757033e-10
89,1.5196779324816286e-09,1.2643492039862042e-10
90,1.4411234815565666e-09,1.1694076923523575e-10
91,1.397618169594284e-09,1.1199357629263158e-10
92,1.4049449457563755e-09,1.1332868075013733e-10
93,1.416070067456771e-09,1.1596843534218796e-10
94,1.42870454552447e-09,1.1961655801994202e-10
95,1.4995960321539495e-09,1.3020877707777563e-10
96,1.6423675525374537e-09,1.4866681046602422e-10
97,1.7899166541363929e-09,1.6722218583159564e-10
98,1.8644505004271088e-09,1.7661675469667706e-10
99,1.8643864560154883e-09,1.7577957971396338e-10
100,1.8193658984755674e-09,1.6830507466416696e-10
101,1.7278980718653434e-09,1.5593461066892644e-10
102,1.569201683977633e-09,1.3637532265206115e-10
103,1.4056496174374887e-09,1.1699987123455344e-10
104,1.289794340997334e-09,1.0285095225799759e-10
105,1.2157756183050822e-09,9.320265835967737e-11
106,1.1612503447751581e-09,8.632503313531532e-11
107,1.1290161368250507e-09,8.228614584505773e-11
108,1.1098094523336622e-09,7.860400396806909e-11
109,1.0959448480180512e-09,7.54039910362174e-11
110,1.061433793147355e-09,7.107924921477153e-11
111,1.0254027808700666e-09,6.762376420366012e-11
112,1.027018341464805e-09,6.851306826466134e-11
113,1.0634038658227627e-09,7.319650982057816e-11
114,1.0962497965994321e-09,7.774244183752343e-11
115,1.112973801387643e-09,8.037127079631565e-11
116,1.129198092925598e-09,8.213471660621013e-11
117,1.1549168080431955e-09,8.416571797419548e-11
118,1.1738190130950533e-09,8.569666732841763e-11
119,1.1587729628929313e-09,8.412820409427676e-11
120,1.1352225426221765e-09,8.238688957247009e-11
121,1.1138480073882412e-09,8.079794771350477e-11
122,1.0773102359688777e-09,7.758125313140219e-11
123,9.939239282376327e-10,6.959473398983475e-11
124,8.932440196558289e-10,6.02249200940932e-11
125,8.482445692957084e-10,5.6642194537838855e-11
126,8.677228766790519e-10,5.8114065047883444e-11
127,9.253667997926538e-10,6.248752600789128e-11
128,9.732382905633622e-10,6.614448662799407e-11
129,1.0032679603692117e-09,6.86790424618218e-11
130,1.075181450830482e-09,7.647963516233871e-11
131,1.1388681206903564e-09,8.284810928100137e-11
132,1.1434521441711633e-09,8.293544460785465e-11
133,1.0662614189387028e-09,7.430035537492319e-11
134,9.997064180018522e-10,6.715284187419557e-11
135,1.0127006733419504e-09,6.834162680214651e-11
136,1.0487864664604994e-09,7.153615200249646e-11
137,1.0322626363090919e-09,6.931851975414317e-11
138,9.921545881863915e-10,6.517122729979542e-11
139,1.0246821333836309e-09,6.830393523593457e-11
140,1.1303287615050148e-09,7.835728573042723e-11
141,1.2175523116226826e-09,8.759266369308414e-11
142,1.2193273185438379e-09,8.941025645388108e-11
143,1.2340132544889464e-09,9.345923799826096e-11
144,1.3386764882561873e-09,1.068306732392014e-10
145,1.4473260446309658e-09,1.198557098616559e-10
146,1.4321937134269214e-09,1.1853679457063345e-10
147,1.328507936160995e-09,1.0637463487147518e-10
148,1.2971671906610909e-09,1.0167425966647799e-10
149,1.366092979910169e-09,1.0817429672069976e-10
150,1.4089313999820033e-09,1.1292173325316079e-10
151,1.3545875659891643e-09,1.0796434027264817e-10
152,1.294328280623295e-09,1.0229813504444762e-10
153,1.2814106642437114e-09,1.0034083974716607e-10
154,1.2616133920414966e-09,9.736562158189176e-11
155,1.170240613061644e-09,8.72210468553528e-11
156,1.0613793419509033e-09,7.540315991206069e-11
157,1.0301511867005266e-09,7.137282179988563e-11
158,1.0500807849062877e-09,7.196358862491768e-11
159,1.0319956376308906e-09,6.90826544730065e-11
160,9.420933127685332e-10,5.966998366481926e-11
161,8.805361337965764e-10,5.3657026433874734e-11
162,8.887688350815626e-10,5.400758101671457e-11
163,9.082943736804184e-10,5.5340427909989574e-11
164,8.829366616471124e-10,5.308626405114528e-11
165,8.313577242005063e-10,4.845919634636609e-11
166,8.237074648006586e-10,4.749281737579688e-11
167,8.608449111921393e-10,5.043059144664112e-11
168,8.753589162433385e-10,5.1762934791047785e-11
169,8.494299917523481e-10,4.994244364438237e-11
170,8.431853495448652e-10,4.997831522830704e-11
171,8.907692031019467e-10,5.461960162861462e-11
172,9.396094351677438e-10,5.954601495298918e-11
173,9.193021547390329e-10,5.8142496635102785e-11
174,8.797220267852708e-10,5.524036520281567e-11
175,9.015749362789301e-10,5.7951297824580406e-11
176,9.772124646741244e-10,6.555200029997207e-11
177,1.0163914876814447e-09,6.983947718986119e-11
178,9.843207696583245e-10,6.743024462491932e-11
179,9.457931238672023e-10,6.396012117599998e-11
180,9.488281702526588e-10,6.399494660081053e-11
181,9.522672228333927e-10,6.394146761898411e-11
182,9.176172466220808e-10,6.06342552866825e-11
183,8.723928689450662e-10,5.600884785793078e-11
184,8.837726108251954e-10,5.6532046406308754e-11
185,9.253554886629203e-10,5.971818136168823e-11
186,9.547720336594563e-10,6.254883795523408e-11
187,9.558892118479021e-10,6.283950367344454e-11
188,9.375181313644169e-10,6.019224254085908e-11
189,9.254549194816147e-10,5.820837769622059e-11
190,9.007620033865686e-10,5.541645544741433e-11
191,8.66410057889422e-10,5.184035744587692e-11
192,8.626508137751472e-10,5.117765607858743e-11
193,8.677557995954814e-10,5.0917331034487694e-11
194,8.552492939537312e-10,4.9366994387908225e-11
195,8.23908127928904e-10,4.66530899595237e-11
196,8.212708000356283e-10,4.681106853332731e-11
197,8.73810613176608e-10,5.20333736222091e-11
198,9.352124172703674e-10,5.816984927755439e-11
199,9.520930929424281e-10,6.03230834816151e-11
200,9.582698880500764e-10,6.171254091033476e-11
201,1.0211469938204432e-09,6.847998889797154e-11
202,1.1435694434047385e-09,8.125712706071427e-11
203,1.233855171720583e-09,9.10331095026205e-11
204,1.2350329340033195e-09,9.161467111107443e-11
205,1.1954819412347367e-09,8.745027274888803e-11
206,1.1971318999263739e-09,8.752128709471996e-11
207,1.2040449592240075e-09,8.792908083932128e-11
208,1.1854471839856285e-09,8.666653485023273e-11
209,1.1434955796065933e-09,8.292682545995706e-11
210,1.1056518998466965e-09,7.836241652809941e-11
211,1.0649460761702417e-09,7.319328464066358e-11
212,9.941057410438569e-10,6.556216225185395e-11
213,9.215303447174114e-10,5.82641919711357e-11
214,8.764755487390946e-10,5.3233541265350566e-11
215,8.502285850282293e-10,4.982482207716316e-11
216,8.100038331428511e-10,4.5796248909175736e-11
217,7.693898308670375e-10,4.2438986222505847e-11
218,7.620800152249607e-10,4.190649769655665e-11
219,8.008640165536384e-10,4.53409098129544e-11
220,8.474576799086879e-10,4.965434410466539e-11
221,8.769883602295323e-10,5.265807375077796e-11
222,9.098790151803024e-10,5.599148038125522e-11
223,9.682179000941205e-10,6.16169819709318e-11
224,1.0176673650180524e-09,6.647255259848362e-11
225,1.0188811970580648e-09,6.711034304789983e-11
226,1.0027857667557757e-09,6.643117100411943e-11
227,1.0180245424529265e-09,6.871515231502252e-11
228,1.071308345782618e-09,7.481769560092878e-11
229,1.1201873901220734e-09,8.076026559697965e-11
230,1.1501047272707949e-09,8.513546105515479e-11
231,1.2154194400559103e-09,9.367995124593147e-11
232,1.3475819779999051e-09,1.0978294145897033e-10
233,1.5054897752835208e-09,1.2972915887433595e-10
234,1.6107531152924997e-09,1.446199594725461e-10
235,1.6600880372179645e-09,1.529688338574834e-10
236,1.6782235566780581e-09,1.5584086229917416e-10
237,1.6826890543856943e-09,1.570879378981831e-10
238,1.643212758541423e-09,1.5327910960116567e-10
239,1.548901279294826e-09,1.412123168665976e-10
240,1.4746418865218184e-09,1.311309395493597e-10
241,1.4676116664863163e-09,1.2939036043202812e-10
242,1.5211686713168013e-09,1.3554246471602988e-10
243,1.5979701399647164e-09,1.4514337875316077e-10
244,1.6656746922354144e-09,1.5380394108480984e-10
245,1.7326181600255541e-09,1.630592313796158e-10
246,1.7762821139816964e-09,1.6832005623204867e-10
247,1.794608990469693e-09,1.7027185310386284e-10
248,1.7540642979907673e-09,1.6448194021785272e-10
249,1.6590429581308227e-09,1.5143095953508295e-10
250,1.5408359558956911e-09,1.355185620015313e-10
251,1.4252104590151046e-09,1.2002807372050563e-10
252,1.3440629612428018e-09,1.0924451923936117e-10
253,1.3076772798966358e-09,1.0404447266751272e-10
254,1.319446119700545e-09,1.0501642162094599e-10
255,1.358716715577358e-09,1.0949769853272616e-10
256,1.4203875453569777e-09,1.1734056825882905e-10
257,1.495511459318014e-09,1.274288571133135e-10
258,1.5848660308690314e-09,1.396759850828929e-10
259,1.6821082128744348e-09,1.5367087443296437e-10
260,1.758973380537182e-09,1.651446584388121e-10
261,1.7539326141884969e-09,1.6389736844502374e-10
262,1.6865043976307943e-09,1.5412592819732085e-10
263,1.5986963343159632e-09,1.4167373435387108e-10
264,1.5359164065171864e-09,1.3240629364493076e-10
265,1.5274615607752663e-09,1.3144602958502648e-10
266,1.5159451699439888e-09,1.3039036343146463e-10
267,1.4305850759335072e-09,1.190677672767567e-10
268,1.3027976879277156e-09,1.035605647192638e-10
269,1.1795283292318714e-09,8.932758706431822e-11
270,1.0990658353896903e-09,8.039163504703601e-11
271,1.02562223289276e-09,7.243102438346554e-11
272,9.304076473797494e-10,6.25813153919645e-11
273,8.465980964669183e-10,5.4053068356279386e-11
274,8.08383065422809e-10,4.961327584429583e-11
275,8.199976068505786e-10,4.982501375642841e-11
276,8.327125921458369e-10,5.069448145256778e-11
277,8.078296479032737e-10,4.852881714130467e-11
278,7.894745209049261e-10,4.7013607382675706e-11
279,8.215618839726585e-10,4.991453132892851e-11
280,8.949614132233409e-10,5.6595622845583026e-11
281,9.713695567070521e-10,6.417872135005646e-11
282,1.0053386616336221e-09,6.778110578897873e-11
283,1.030929660069295e-09,7.092502612225851e-11
284,1.0793179784081898e-09,7.671683389162571e-11
285,1.1456033695621859e-09,8.471017042772162e-11
286,1.2062166866834478e-09,9.245522056226665e-11
287,1.2506143355558677e-09,9.837351790006329e-11
288,1.2728289105601656e-09,1.0102842252443637e-10
289,1.297597388782972e-09,1.0457321403455499e-10
290,1.3216820231955648e-09,1.0879971901820448e-10
291,1.3470012236745926e-09,1.130406851697609e-10
292,1.3896195118489824e-09,1.192279944085905e-10
293,1.4105697550752106e-09,1.2162918403844057e-10
294,1.3963963125087622e-09,1.1935680858931698e-10
295,1.3778519966612445e-09,1.1750444041243868e-10
296,1.397588898685621e-09,1.208762068256689e-10
297,1.44496258910362e-09,1.269739568036891e-10
298,1.4730238287497087e-09,1.3016665104968312e-10
299,1.4782842783941705e-09,1.308787259658816e-10
300,1.520736882245163e-09,1.366184568242549e-10
301,1.6468406034099684e-09,1.5333963828395518e-10
302,1.7986464427757824e-09,1.745123847318877e-10
303,1.8582437203743667e-09,1.8310323599189815e-10
304,1.8070603637260044e-09,1.7498759106052097e-10
305,1.7270007756261556e-09,1.6175355395271366e-10
306,1.6886475314427787e-09,1.547749229733455e-10
307,1.6528029154940853e-09,1.488060286806291e-10
308,1.5677688042154339e-09,1.3707086906944686e-10
309,1.4571750241992825e-09,1.2312282419122817e-10
310,1.3709606610537527e-09,1.1246179195058708e-10
311,1.3637130063056962e-09,1.1229912274609882e-10
312,1.383834107036378e-09,1.1492008942999499e-10
313,1.3944122917729399e-09,1.1591455405329471e-10
314,1.3721882231550008e-09,1.1227471329082433e-10
315,1.3899958734662397e-09,1.1404479094721721e-10
316,1.4577297305189e-09,1.2178903939504013e-10
317,1.518436103311577e-09,1.2857653417779034e-10
318,1.4843376578055593e-09,1.238457416844508e-10
319,1.3768674008969678e-09,1.1109971796596345e-10
320,1.2564052696821094e-09,9.658717151698856e-11
321,1.1860326704538035e-09,8.850903443083893e-11
322,1.1397744310995126e-09,8.36789931598821e-11
323,1.0835119400305321e-09,7.754023757305451e-11
324,1.024586885754661e-09,7.062338374693894e-11
325,9.922124423205633e-10,6.660147602422512e-11
326,9.818942578778863e-10,6.529524534750745e-11
327,9.610669889232273e-10,6.354327963963022e-11
328,9.077023655666516e-10,5.891754912885972e-11
329,8.376129894472363e-10,5.264978248477142e-11
330,7.716418865573393e-10,4.620597824917241e-11
331,7.187771471339652e-10,4.072646133916595e-11
332,6.701236726608208e-10,3.5944302245648534e-11
333,6.269741134704013e-10,3.231483763656834e-11
334,5.949825434861363e-10,2.999816388357737e-11
335,5.862614413606611e-10,2.9640063851845036e-11
336,5.904887645544594e-10,3.0047556483430284e-11
337,5.926548020010844e-10,2.9913190667187794e-11
338,5.972098615329292e-10,2.994667267393209e-11
339,6.080309677924152e-10,3.0561935892176595e-11
340,6.225025732753333e-10,3.1518129654201285e-11
341,6.270426573523732e-10,3.1568196616636644e-11
342,6.342861060599759e-10,3.17918146268137e-11
343,6.559432303694047e-10,3.29536340537526e-11
344,6.88069716983774e-10,3.4838096249932085e-11
345,7.024994494817628e-10,3.565457128613488e-11
346,6.898298010215767e-10,3.486731041616243e-11
347,6.787801887984522e-10,3.452737632293291e-11
348,6.942519846677271e-10,3.618545575747064e-11
349,7.363457438098032e-10,3.984982961902344e-11
350,7.738725242720329e-10,4.2907549504231973e-11
351,7.99076263217373e-10,4.490359149963848e-11
352,8.48600978587139e-10,4.9716520906272487e-11
353,9.368547992757248e-10,5.876330269231209e-11
354,1.049490992185935e-09,7.104138325161941e-11
355,1.1386093082224897e-09,8.162378616875142e-11
356,1.1787739191617481e-09,8.68989984126028e-11
357,1.229561318899149e-09,9.373257508835505e-11
358,1.3085849673208251e-09,1.0354663214346194e-10
359,1.3719539546216552e-09,1.1109188445247709e-10
360,1.380428840047137e-09,1.125898250740315e-10
361,1.330501551792389e-09,1.0648893853921267e-10
362,1.3008167241958285e-09,1.0246881784872386e-10
363,1.311105738879143e-09,1.0313001196717255e-10
364,1.3037826909861143e-09,1.0206410337691563e-10
365,1.2566484223185105e-09,9.716700820472836e-11
366,1.1905266368531607e-09,8.99439709266843e-11
367,1.166234139554639e-09,8.740832501446737e-11
368,1.1854993492436135e-09,8.975516780626276e-11
369,1.1848877039271271e-09,8.963909976825537e-11
370,1.1568501275732719e-09,8.656067170757865e-11
371,1.1364759187716837e-09,8.388019671253742e-11
372,1.1481243632139852e-09,8.409153965246871e-11
373,1.1669689080496738e-09,8.52177598465331e-11
374,1.1603221708056437e-09,8.437888205439087e-11
375,1.1235294758176527e-09,8.021402790804488e-11
376,1.1092667166448631e-09,7.860179380475785e-11
377,1.1224453938689323e-09,8.007596188360463e-11
378,1.1238841254643407e-09,8.025663951168228e-11
379,1.0768073285458748e-09,7.479539552670347e-11
380,1.0162975042942816e-09,6.799233612617706e-11
381,9.631955459062815e-10,6.166202916191414e-11
382,9.280412317729987e-10,5.7218794774463907e-11
383,8.924148898676789e-10,5.329262571168981e-11
384,8.387639518551355e-10,4.803437796489536e-11
385,7.907174714208238e-10,4.3806066414231784e-11
386,7.407745673100888e-10,3.935754621822792e-11
387,6.718533277415558e-10,3.329896137896968e-11
388,6.048151397591437e-10,2.8147167855223215e-11
389,5.691918495718253e-10,2.5763229792836493e-11
390,5.598524699444147e-10,2.5060298160409126e-11
391,5.511572872531397e-10,2.4381463626157925e-11
392,5.253184718229714e-10,2.2619451874965258e-11
393,5.081968158634069e-10,2.1449034896558175e-11
394,5.169621207024208e-10,2.1782037310401397e-11
395,5.316748991362244e-10,2.245191218105343e-11
396,5.261958572039552e-10,2.2081291340445767e-11
397,5.1864582467331e-10,2.175440229491444e-11
398,5.540768540554781e-10,2.4259745304019122e-11
399,6.211521621125657e-10,2.9056226880158235e-11
400,6.725824193461937e-10,3.3163928026019455e-11
401,6.840389125517631e-10,3.4341212881430177e-11
402,6.976909773328477e-10,3.556061366761476e-11
403,7.507653964004295e-10,3.9828523799525697e-11
404,8.183605036307199e-10,4.556460929202186e-11
405,8.361239201090141e-10,4.716773515765406e-11
406,8.202843807420939e-10,4.6039822413384943e-11
407,8.372884690731568e-10,4.809743414140512e-11
408,9.076298170861048e-10,5.5351025076450506e-11
409,9.873544058171541e-10,6.385698461617168e-11
410,1.0590947865761178e-09,7.25730354797068e-11
411,1.134943682915056e-09,8.148477154261005e-11
412,1.2280642482607925e-09,9.107067724925846e-11
413,1.3306105708652579e-09,1.0237098671337463e-10
414,1.3738083423007926e-09,1.0749612388636793e-10
415,1.3780809893244876e-09,1.0887393276012019e-10
416,1.3922507046114147e-09,1.1218777494538738e-10
417,1.4236071365253185e-09,1.182298187922168e-10
418,1.4391828723707405e-09,1.227709228602867e-10
419,1.414089523416673e-09,1.2134441637495064e-10
420,1.3709207141316628e-09,1.1574629433647732e-10
421,1.3647735868649386e-09,1.1380461101917622e-10
422,1.4086215845500296e-09,1.1789117377041464e-10
423,1.4836749649737277e-09,1.268750061192454e-10
424,1.5235191386724395e-09,1.3202514341376637e-10
425,1.501814414599596e-09,1.299532497893226e-10
426,1.4412028059700882e-09,1.2350466006209447e-10
427,1.386811480960899e-09,1.1794463132177135e-10
428,1.3513365965774684e-09,1.1402480628751266e-10
429,1.302330943846563e-09,1.0696272720225334e-10
430,1.2344689429989677e-09,9.725644346103477e-11
431,1.20125144398267e-09,9.20917066092644e-11
432,1.2047491768100657e-09,9.034625477666729e-11
433,1.2406958377506653e-09,9.290780392953291e-11
434,1.2279401089104483e-09,9.084116018630516e-11
435,1.173552950978446e-09,8.533814460807677e-11
436,1.1386505562824198e-09,8.246752303840548e-11
437,1.1277764970201488e-09,8.124939265708454e-11
438,1.10952235905712e-09,7.873594624438907e-11
439,1.0353277418315938e-09,6.985177608460096e-11
440,9.55406435026509e-10,6.08080383953963e-11
441,9.073876966610355e-10,5.506169388382328e-11
442,8.945443098315043e-10,5.300235764863454e-11
443,8.692730646429613e-10,5.018581457661839e-11
444,8.097403418343787e-10,4.4595170489339245e-11
445,7.499473753936792e-10,3.9438745248723156e-11
446,7.153058207935951e-10,3.6763394426919985e-11
447,6.835477141215294e-10,3.413183474425689e-11
448,6.30371756410191e-10,2.971811434520008e-11
449,5.678598727217194e-10,2.4817744324780804e-11
450,5.34770473528785e-10,2.2343307388407655e-11
451,5.355492219727073e-10,2.2342202450348108e-11
452,5.545426947237045e-10,2.3951646033690955e-11
453,5.785495552679226e-10,2.6278896064573743e-11
454,6.195927866345123e-10,2.975920759565386e-11
455,6.811238847745729e-10,3.4551763209577274e-11
456,7.374182185535936e-10,3.913122508991888e-11
457,7.610666130062026e-10,4.146448184960064e-11
458,7.755676251809549e-10,4.321217882599049e-11
459,8.227546974639979e-10,4.7587482068209625e-11
460,8.881146076185832e-10,5.3273237987604836e-11
461,9.255739286838576e-10,5.646613825755221e-11
462,9.229378723647511e-10,5.6067901127977355e-11
463,9.327094730367133e-10,5.7008872143279244e-11
464,9.819722554271473e-10,6.195256333747244e-11
465,1.0438977926981163e-09,6.866836922169472e-11
466,1.0802957062403826e-09,7.317084305898613e-11
467,1.1205345090740384e-09,7.853654617523651e-11
468,1.1957535284829637e-09,8.756224207909988e-11
469,1.2685432084832863e-09,9.57771596010444e-11
470,1.2782260463384232e-09,9.688717587550615e-11
471,1.2356735367300715e-09,9.238840586215844e-11
472,1.223287181857332e-09,9.124160459476072e-11
473,1.2896446235438545e-09,9.920945330484278e-11
474,1.3573532330184083e-09,1.07597908924836e-10
475,1.3613508551630748e-09,1.0974400581759335e-10
476,1.322156804065083e-09,1.0691394988670916e-10
477,1.308597334388823e-09,1.0556179346798192e-10
478,1.3477111410442349e-09,1.0994697957704502e-10
479,1.3925035291290846e-09,1.1562640254274023e-10
480,1.3978897047495854e-09,1.1662033963306151e-10
481,1.3738191933038092e-09,1.132770545361943e-10
482,1.341518654453482e-09,1.0857574248144447e-10
483,1.3111554976428226e-09,1.0483226097087098e-10
484,1.2793892324777516e-09,1.0125164436887406e-10
485,1.2615009772754563e-09,9.951840027425205e-11
486,1.2541499664751155e-09,9.881824401757532e-11
487,1.2349594105238428e-09,9.62323731312793e-11
488,1.2037037063099763e-09,9.200361836567234e-11
489,1.1703627606082774e-09,8.708241772309157e-11
490,1.1461790255529969e-09,8.305348009927838e-11
491,1.1173223191325343e-09,7.876393467737986e-11
492,1.0694936412444319e-09,7.29482415352992e-11
493,1.0032060312453496e-09,6.561131148949164e-11
494,9.34209154269243e-10,5.834706232802444e-11
495,8.793646241297806e-10,5.281357037828653e-11
496,8.480291467322189e-10,4.97040753117391e-11
497,8.200865054292333e-10,4.661189263478301e-11
498,7.709304089185464e-10,4.1483669332487916e-11
499,7.145511152200201e-10,3.629522751791169e-11
500,6.748147041329504e-10,3.2766001060078004e-11
501,6.53410326527524e-10,3.053312012663357e-11
502,6.339803511871025e-10,2.8804536213361088e-11
503,5.958445533317334e-10,2.606977090837886e-11
504,5.563895969763011e-10,2.3354433088701794e-11
505,5.269056270368742e-10,2.1163632251895102e-11
506,5.0188643704315e-10,1.924264064031971e-11
507,4.614855430158504e-10,1.6438914749014533e-11
508,4.210043145283128e-10,1.396910908544177e-11
509,4.146273608015596e-10,1.3671006319630863e-11
510,4.534286060436325e-10,1.6086931418098688e-11
511,5.0151501648755e-10,1.923797185940471e-11
512,5.290076800179037e-10,2.13274312050666e-11
513,5.466288151745106e-10,2.3057479766207305e-11
514,5.803312711323671e-10,2.590585561990721e-11
515,6.291845224282338e-10,2.977179884378298e-11
516,6.673189692929196e-10,3.284588665846854e-11
517,6.962883487653301e-10,3.5167260392215586e-11
518,7.501251760337099e-10,3.9322766795201616e-11
519,8.401207145090322e-10,4.680157889447123e-11
520,9.359787362350143e-10,5.604094818815192e-11
521,1.014144313074254e-09,6.503693058477425e-11
522,1.1070282982975214e-09,7.644698678842252e-11
523,1.21017767433923e-09,8.860616573077229e-11
524,1.2709630302523085e-09,9.569075559450641e-11
525,1.2609456907539794e-09,9.511527552307548e-11
526,1.2091448533279754e-09,8.890751593511145e-11
527,1.1931702695633439e-09,8.620412483531593e-11
528,1.2084345807273574e-09,8.70523468519069e-11
529,1.2108433915036265e-09,8.731454651342764e-11
530,1.2292438663695379e-09,9.117041787633047e-11
531,1.280042961319567e-09,9.900732808642966e-11
532,1.3581445623533566e-09,1.0997084986912948e-10
533,1.4305419637997596e-09,1.2105613207414266e-10
534,1.4755941983388327e-09,1.286542519053094e-10
535,1.5703720937466772e-09,1.4251145007643793e-10
536,1.700300271522223e-09,1.5959932994527684e-10
537,1.7963672795395757e-09,1.725286019745809e-10
538,1.7829131227292963e-09,1.7132962703114737e-10
539,1.6797014306066872e-09,1.5690505757936005e-10
540,1.6002191523620312e-09,1.4624990779881785e-10
541,1.5392254516261288e-09,1.3826645750922727e-10
542,1.4494805671927394e-09,1.266035771931514e-10
543,1.3243183355064628e-09,1.1039097735531583e-10
544,1.2343043341379692e-09,9.854946229471906e-11
545,1.2086866893027906e-09,9.367797142059305e-11
546,1.224090209138018e-09,9.367702535503097e-11
547,1.2227289116242069e-09,9.261401581178868e-11
548,1.220610590891223e-09,9.2849804769912e-11
549,1.2410977643921557e-09,9.5781909873631e-11
550,1.2537735850020231e-09,9.701886370310228e-11
551,1.2207073347890923e-09,9.343147866617233e-11
552,1.1504378875017757e-09,8.606342495247513e-11
553,1.1093399375962458e-09,8.165037995864129e-11
554,1.0946834328768506e-09,7.904203351477035e-11
555,1.0323935259939492e-09,7.087212590400757e-11
556,9.032729707743783e-10,5.675317243903623e-11
557,7.916485280816597e-10,4.559686090276165e-11
558,7.529224759125392e-10,4.1246448643988235e-11
559,7.485388255706368e-10,3.987722570387106e-11
560,7.013374411716021e-10,3.5393494501598944e-11
561,6.158639522405074e-10,2.8458269803725464e-11
562,5.607576420533853e-10,2.4086891960745398e-11
563,5.615455920025439e-10,2.3740230518233094e-11
564,5.763731875501059e-10,2.447696751064531e-11
565,5.508044845864542e-10,2.2455381101884335e-11
566,5.086844864025937e-10,1.9550560118802203e-11
567,4.939796094531446e-10,1.8587898211319646e-11
568,5.115133419336612e-10,1.9724672475870427e-11
569,5.288387963664194e-10,2.0980573963630196e-11
570,5.390135614963258e-10,2.207167797578534e-11
571,5.618914696721885e-10,2.3996963205164027e-11
572,6.134931469929745e-10,2.78313600484695e-11
573,6.808845594192259e-10,3.3141984481257974e-11
574,7.482377898409307e-10,3.910544800298221e-11
575,8.326812193050393e-10,4.7075538524013726e-11
576,9.571808379586076e-10,5.916866805117258e-11
577,1.0838939820394914e-09,7.212930896045979e-11
578,1.1822029435174302e-09,8.374289172989615e-11
579,1.2646345880525498e-09,9.468519574168069e-11
580,1.3639222273688832e-09,1.0723711509255759e-10
581,1.442447911300953e-09,1.167404013056159e-10
582,1.453786496128485e-09,1.189231532603545e-10
583,1.4202736047936736e-09,1.1601305246840596e-10
584,1.4252322922558451e-09,1.1692150051926018e-10
585,1.5000514163562811e-09,1.2612413958114617e-10
586,1.5846755312943843e-09,1.376021662723263e-10
587,1.6503294713767048e-09,1.480773185201367e-10
588,1.7246466229654939e-09,1.597088341266933e-10
589,1.8262148923244533e-09,1.7435217016049e-10
590,1.8962835706432144e-09,1.847770980152701e-10
591,1.8902248221865763e-09,1.8551823198924826e-10
592,1.8473464860175889e-09,1.8090182033323724e-10
593,1.806244615960035e-09,1.7503077690486347e-10
594,1.7672188732541864e-09,1.6961576999240548e-10
595,1.6893879153435509e-09,1.5924658658424227e-10
596,1.5970538709427618e-09,1.46738915308308e-10
597,1.5183169368137722e-09,1.3503106888122993e-10
598,1.4977563449587154e-09,1.3166680304483223e-10
599,1.4968587861381492e-09,1.316284895280095e-10
600,1.459302979245379e-09,1.2673927491112045e-10
601,1.4015975416345366e-09,1.1982871359355096e-10
602,1.337185134033423e-09,1.1176174476300344e-10
603,1.2951814859392501e-09,1.0630799919180529e-10
604,1.2735154553876814e-09,1.0372294207443002e-10
605,1.2594065167912352e-09,1.0275547137968261e-10
606,1.2268779092127594e-09,9.893353055303918e-11
607,1.1894903097209758e-09,9.371269522637791e-11
608,1.1533273297348608e-09,8.815423170974566e-11
609,1.1316152628973364e-09,8.430134694168921e-11
610,1.130912147596261e-09,8.324548362643054e-11
611,1.1212687451680915e-09,8.163065456355948e-11
612,1.0965420284631275e-09,7.953670536666573e-11
613,1.0714137379180857e-09,7.796641056601786e-11
614,1.042809855827447e-09,7.481849465215402e-11
615,1.0076657249070571e-09,6.98594355590241e-11
616,9.584246578291943e-10,6.328212440441676e-11
617,8.947821325996891e-10,5.552330015029996e-11
618,8.457179537057442e-10,4.9744441496386335e-11
619,8.153937486109575e-10,4.6209541511685113e-11
620,7.868449828001956e-10,4.312341661738366e-11
621,7.521828862027067e-10,3.970266464782413e-11
622,7.033347171917813e-10,3.5060144034213876e-11
623,6.534422255080651e-10,3.068872719240981e-11
624,6.179838056653565e-10,2.7830519550723622e-11
625,5.974080194215431e-10,2.6164662208367814e-11
626,5.875054611401842e-10,2.523927260704428e-11
627,5.716436881356387e-10,2.3917698154834942e-11
628,5.533889796331351e-10,2.2671463167570134e-11
629,5.519211822185659e-10,2.274363083010705e-11
630,5.980745701102662e-10,2.6375135638647727e-11
631,6.775235341466896e-10,3.275082070082389e-11
632,7.578754538124196e-10,3.981319588820942e-11
633,8.260354478084924e-10,4.654871489186167e-11
634,9.091301790227743e-10,5.5203809179193495e-11
635,1.0461830095046743e-09,7.016972445965688e-11
636,1.2162057321184105e-09,9.027847250364163e-11
637,1.3504564453716228e-09,1.0780237202092548e-10
638,1.4270525803401032e-09,1.1904990699023412e-10
639,1.4909214303165401e-09,1.2846244663576165e-10
640,1.571005513206997e-09,1.391732203490275e-10
641,1.6166505045865146e-09,1.4438284166622383e-10
642,1.6092561406622282e-09,1.4307274178994327e-10
643,1.60264714768672e-09,1.4266165110040833e-10
644,1.5977702891249736e-09,1.4060540405156972e-10
645,1.6306586417673741e-09,1.4484546078964462e-10
646,1.6338110448303088e-09,1.4622529490619017e-10
647,1.6178681635831824e-09,1.4521305012945513e-10
648,1.6252667642125157e-09,1.4684631346618917e-10
649,1.63035836258479e-09,1.470919588184287e-10
650,1.6085321518040663e-09,1.4427652222045174e-10
651,1.5887052401319827e-09,1.4291065739514473e-10
652,1.6048728759938448e-09,1.456282268389849e-10
653,1.6408139293071113e-09,1.4985031769760422e-10
654,1.6307382599795554e-09,1.4847028303968448e-10
655,1.5512141883382772e-09,1.388061296721694e-10
656,1.5043434696483318e-09,1.3409703095900318e-10
657,1.502587524756798e-09,1.337819736529543e-10
658,1.4997577646641234e-09,1.3337707848897165e-10
659,1.4358760470202539e-09,1.260874310470754e-10
660,1.3438545372813363e-09,1.1511377858236695e-10
661,1.2691827531888803e-09,1.0504182838628505e-10
662,1.2113426346819076e-09,9.696084745665541e-11
663,1.1084886729428342e-09,8.42064199929899e-11
664,9.951201557728306e-10,7.168096252144211e-11
665,9.371403213898414e-10,6.520823125414816e-11
666,9.501016799229054e-10,6.543168596082539e-11
667,9.883803778094153e-10,6.828697370464976e-11
668,1.0165952979568888e-09,7.101989961236729e-11
669,1.0591036129667746e-09,7.604149599659218e-11
670,1.1643295329684044e-09,8.825158163362775e-11
671,1.277160858917297e-09,1.0095908447617254e-10
672,1.2949812101916919e-09,1.0221034079567618e-10
673,1.2303879736268712e-09,9.43692823404138e-11
674,1.185677319091997e-09,8.883239171736465e-11
675,1.195697927143851e-09,8.91456955325326e-11
676,1.1676737726741786e-09,8.5205562922599e-11
677,1.0633025894353543e-09,7.384183358938311e-11
678,9.400832273952608e-10,6.02720803265919e-11
679,8.750636614319319e-10,5.213390981578608e-11
680,8.530622722741521e-10,4.8591624375442e-11
681,7.923800346498965e-10,4.233178371627663e-11
682,7.01030856764977e-10,3.4544163245395714e-11
683,6.390787838488219e-10,2.960932483568044e-11
684,6.28931314373587e-10,2.8699580695873605e-11
685,6.263614530527119e-10,2.8391527646494176e-11
686,5.877510704331874e-10,2.5535029685929063e-11
687,5.451938477331739e-10,2.254566260268308e-11
688,5.505560277484527e-10,2.276408363190572e-11
689,6.03272887817078e-10,2.626271568185029e-11
690,6.586976494052781e-10,3.043988387123237e-11
691,6.924443904240452e-10,3.366928034567666e-11
692,7.582564324168951e-10,4.018297956993677e-11
693,8.90581589078206e-10,5.314536155319761e-11
694,1.0464898303038894e-09,6.94593459126238e-11
695,1.1350400785690135e-09,7.993435476721393e-11
696,1.1878894105368909e-09,8.735479638113758e-11
697,1.2693767755954793e-09,9.715310233041775e-11
698,1.3747834354130824e-09,1.0912748243011948e-10
699,1.4011041666716343e-09,1.1208407433154862e-10
700,1.3270598395653092e-09,1.0381113953622113e-10
701,1.2480567600214078e-09,9.478310589865683e-11
702,1.2603217072283159e-09,9.691357424723118e-11
703,1.3088036025438e-09,1.0366125341140674e-10
704,1.297224930258906e-09,1.032265999779702e-10
705,1.2489331433665222e-09,9.865200469526806e-11
706,1.25933097588856e-09,1.005059619852429e-10
707,1.361053431801717e-09,1.1233371481366836e-10
708,1.477102785671515e-09,1.2616011131774285e-10
709,1.5199069656217458e-09,1.3264546309797453e-10
710,1.5093274387854296e-09,1.327535114460337e-10
711,1.5393631953041463e-09,1.3747405884995105e-10
712,1.5842928996898524e-09,1.4328150823404182e-10
713,1.5641331210054237e-09,1.414841457379465e-10
714,1.4618079248849658e-09,1.3013312875153212e-10
715,1.363898817393313e-09,1.1895025982266068e-10
716,1.3045704114071932e-09,1.1176545289148922e-10
717,1.2692671830309678e-09,1.0837935763480194e-10
718,1.214838071073245e-09,1.0252754960952075e-10
719,1.1682674716270414e-09,9.642824687283197e-11
720,1.149125568133639e-09,9.316596950487559e-11
721,1.1454078701703352e-09,9.267944477851957e-11
722,1.1331272686980932e-09,9.238053466884301e-11
723,1.130652504051714e-09,9.348558492079745e-11
724,1.1539446306782753e-09,9.647361456206513e-11
725,1.211163659229627e-09,1.0270712249977504e-10
726,1.2593938541036047e-09,1.0750530201517891e-10
727,1.3106761457422506e-09,1.1375457064918313e-10
728,1.3747841689345283e-09,1.2185220178429977e-10
729,1.4485862267827592e-09,1.301251171476361e-10
730,1.4934849513003935e-09,1.3393365913822177e-10
731,1.4631119348341083e-09,1.2747378655989087e-10
732,1.4049341417381466e-09,1.1805049589033873e-10
733,1.3553967350115858e-09,1.1017037416708427e-10
734,1.3083384120807763e-09,1.0311071695940375e-10
735,1.229387522647179e-09,9.303517705071135e-11
736,1.1199974794868964e-09,7.996235325636705e-11
737,1.037003164850274e-09,7.035908101767323e-11
738,1.0116908258996541e-09,6.718300632499183e-11
739,1.0059387089834908e-09,6.594442152635554e-11
740,9.791471705599383e-10,6.265958844047683e-11
741,9.30792408715889e-10,5.727938728201166e-11
742,8.984121341816913e-10,5.3410959913314255e-11
743,8.898110430202319e-10,5.1854933110662405e-11
744,8.717048954203043e-10,4.994239322512662e-11
745,8.257515065259364e-10,4.599542421069408e-11
746,7.736827204474073e-10,4.1456493237984014e-11
747,7.776946059156501e-10,4.2147813719348975e-11
748,8.581716785639619e-10,5.0128817860123864e-11
749,9.890302018252848e-10,6.378493078514659e-11
750,1.1210291921566002e-09,7.856820009723012e-11
751,1.209745108665952e-09,8.899690081765286e-11
752,1.279382461550851e-09,9.780235230918112e-11
753,1.3815422423311648e-09,1.1178585245969278e-10
754,1.5233215512228086e-09,1.3245422811819915e-10
755,1.609998770016177e-09,1.4667401519280197e-10
756,1.5781122141931307e-09,1.454647083265635e-10
757,1.4984875898002498e-09,1.3717788791417552e-10
758,1.4726895626623308e-09,1.3358168964664493e-10
759,1.5095138370622844e-09,1.360447685454561e-10
760,1.5487847301036121e-09,1.3937834990439333e-10
761,1.558261279986214e-09,1.402191796044821e-10
762,1.6023760035877815e-09,1.458276513737086e-10
763,1.7003188922682823e-09,1.5762770675951275e-10
764,1.7859091809525448e-09,1.6838896974904083e-10
765,1.7634476212921931e-09,1.653806689843829e-10
766,1.7055242146242021e-09,1.5913587567220539e-10
767,1.7109685469490633e-09,1.6159631608979907e-10
768,1.773884838389485e-09,1.7259292749973115e-10
769,1.823661097501066e-09,1.835890456955399e-10
770,1.7780310536927448e-09,1.7996817830564354e-10
771,1.7450740103265944e-09,1.7682222381776142e-10
772,1.758557616492998e-09,1.7756351324806116e-10
773,1.7857579732023157e-09,1.8000004365890026e-10
774,1.7240053532119437e-09,1.7079541173888104e-10
775,1.5944606009528141e-09,1.5335242025707912e-10
776,1.5119275172966076e-09,1.4238409284929574e-10
777,1.5072741631927336e-09,1.4010527723662254e-10
778,1.4913232836684688e-09,1.3565618271151042e-10
779,1.4085973038198235e-09,1.2437281499249275e-10
780,1.3113593397224388e-09,1.1248343685502429e-10
781,1.2871720456592538e-09,1.0931618409194819e-10
782,1.338874365730822e-09,1.1500650641998588e-10
783,1.3821158302778378e-09,1.191495655734083e-10
784,1.372310649146776e-09,1.1678696788110018e-10
785,1.3735353990163782e-09,1.1637836593485828e-10
786,1.4329276326980135e-09,1.2380494129085506e-10
787,1.5174425086990539e-09,1.3535486794459316e-10
788,1.545393200311723e-09,1.4000366215353482e-10
789,1.524276162673906e-09,1.3737988927866836e-10
790,1.5270419847836484e-09,1.3643388095853367e-10
791,1.5905681230873597e-09,1.4273227702484682e-10
792,1.6541085286821467e-09,1.4918940465727717e-10
793,1.633954704353576e-09,1.4471871771267818e-10
794,1.5659588625030849e-09,1.3491281442259136e-10
795,1.5062838485254338e-09,1.262110282958316e-10
796,1.4329631325900802e-09,1.155881534431386e-10
797,1.3126281981093818e-09,1.0074848174368403e-10
798,1.1666166353164368e-09,8.432672342393707e-11
799,1.0731920749721926e-09,7.408319344990645e-11
800,1.0556706245008039e-09,7.165529397752677e-11
801,1.0560657316211918e-09,7.107854384481981e-11
802,1.0312121903799044e-09,6.827699945017883e-11
803,1.0096828683620733e-09,6.606073246304374e-11
804,1.0506383557274774e-09,7.024813727548125e-11
805,1.1535164647281374e-09,8.148761237039665e-11
806,1.2431127626483872e-09,9.247613603425759e-11
807,1.2805441690752972e-09,9.849330832482239e-11
808,1.2987758782820197e-09,1.0203800902703028e-10
809,1.3404438780433782e-09,1.077125016723906e-10
810,1.404669637727282e-09,1.165570312268002e-10
811,1.4626015383075216e-09,1.2557776654594428e-10
812,1.4960096223655724e-09,1.3091761654353802e-10
813,1.555212704478455e-09,1.398425964072053e-10
814,1.6551283740336996e-09,1.547880965351764e-10
815,1.7321957771294282e-09,1.6526670210373218e-10
816,1.7499286545128217e-09,1.6709080718680142e-10
817,1.7186031048563581e-09,1.6230671980067654e-10
818,1.6586902228031788e-09,1.5207939998851873e-10
819,1.5997392507996139e-09,1.4208069243010698e-10
820,1.5150446744750977e-09,1.29568559138703e-10
821,1.4063160783671588e-09,1.145918878351397e-10
822,1.3367501012249118e-09,1.0528229698949455e-10
823,1.316442689741903e-09,1.0197649135713421e-10
824,1.3182734247140448e-09,1.0196205791790106e-10
825,1.3222042271859897e-09,1.0373177887148154e-10
826,1.3560219804169385e-09,1.1040156350525257e-10
827,1.469170851292208e-09,1.2717931722759022e-10
828,1.6426492276497696e-09,1.5193714225143306e-10
829,1.7692561093045208e-09,1.699772647141575e-10
830,1.774856447985949e-09,1.7024739207532289e-10
831,1.7223844535322475e-09,1.622039886620326e-10
832,1.6731691919909839e-09,1.5408079441329604e-10
833,1.6108137129411674e-09,1.44327252421313e-10
834,1.4753165053553883e-09,1.2634267040158022e-10
835,1.306105536285241e-09,1.0633846327518977e-10
836,1.1774864413520452e-09,9.175714780444748e-11
837,1.1411508303590182e-09,8.779040378013921e-11
838,1.1342928078200517e-09,8.645223386832635e-11
839,1.114663941086668e-09,8.374317427604777e-11
840,1.1104947449995303e-09,8.299598260095754e-11
841,1.1700246050575197e-09,8.905499259348375e-11
842,1.2727188896412534e-09,9.975413623513551e-11
843,1.3378684855307228e-09,1.0703753733735665e-10
844,1.3317081894808486e-09,1.0709817483275325e-10
845,1.3368387679522883e-09,1.0907303138123579e-10
846,1.411956318077853e-09,1.1935861288610554e-10
847,1.518710272131094e-09,1.3393609064217997e-10
848,1.579467893955927e-09,1.4322577819405327e-10
849,1.5843438630411806e-09,1.440316115169189e-10
850,1.5611124404652696e-09,1.3832785081104867e-10
851,1.5581424244943946e-09,1.3584852084918646e-10
852,1.5328416977465983e-09,1.3191779982623457e-10
853,1.466126468924332e-09,1.2332086947862611e-10
854,1.3814721971468908e-09,1.1242353279878509e-10
855,1.2903510765971724e-09,1.0047230459222565e-10
856,1.2170173975424299e-09,9.130908698702803e-11
857,1.1725096622158163e-09,8.590710831253319e-11
858,1.154890652745228e-09,8.341628287597214e-11
859,1.1431373253922859e-09,8.136320751252486e-11
860,1.1306128322276279e-09,7.960924922725873e-11
861,1.1250750364046883e-09,7.885944988164916e-11
862,1.1618038874326032e-09,8.316117068268315e-11
863,1.230591277009142e-09,9.156314781395792e-11
864,1.2893326613686605e-09,9.955816940080137e-11
865,1.3076578906869072e-09,1.0336185073131475e-10
866,1.2870056860593251e-09,1.0195393751404848e-10
867,1.2749488500085353e-09,1.012751599949143e-10
868,1.2967686835459762e-09,1.0475178287000242e-10
869,1.3402734023627407e-09,1.1073529182820626e-10
870,1.391490528415967e-09,1.1794170528862785e-10
871,1.4266529115218529e-09,1.2294064487859193e-10
872,1.4349756737308252e-09,1.2384486907653488e-10
873,1.44055973497004e-09,1.2438028867617587e-10
874,1.4440996665104995e-09,1.2392149350123438e-10
875,1.4506035363617714e-09,1.2330371437346214e-10
876,1.430244999508468e-09,1.1867293993602115e-10
877,1.3412340870548083e-09,1.0535085104201346e-10
878,1.224992354551336e-09,9.043194406481949e-11
879,1.1114410285504711e-09,7.676450457633992e-11
880,1.0381731201415459e-09,6.836578120049375e-11
881,9.992476924189175e-10,6.458541906266429e-11
882,1.0010319137621269e-09,6.624387852401382e-11
883,1.0394709581022314e-09,7.219469006236786e-11
884,1.144643662844816e-09,8.629203159840349e-11
885,1.285921092164211e-09,1.0488938546260843e-10
886,1.4297523608290727e-09,1.2428840730639875e-10
887,1.5346483344429154e-09,1.3803051849782174e-10
888,1.5786235167515414e-09,1.4209863486711343e-10
889,1.5592319268622321e-09,1.374662894822046e-10
890,1.508025762726731e-09,1.3044008210914702e-10
891,1.4507682544758534e-09,1.2399469950952558e-10
892,1.4134629718800053e-09,1.2096946033310428e-10
893,1.3861487287578468e-09,1.1973656289619103e-10
894,1.3612829306540127e-09,1.186106936612773e-10
895,1.3573996224774564e-09,1.1924054802360026e-10
896,1.3873320997714658e-09,1.2231048354233008e-10
897,1.416562576472762e-09,1.2342495829961183e-10
898,1.422067311257386e-09,1.222499635854198e-10
899,1.4112715963544603e-09,1.2038291444492943e-10
900,1.437535673458651e-09,1.2396432669246692e-10
901,1.4898796069206228e-09,1.3086021623860888e-10
902,1.4982899541737205e-09,1.323660591752454e-10
903,1.4518588843182635e-09,1.2782285880642266e-10
904,1.4344939541410437e-09,1.2746559808685992e-10
905,1.5202409816184936e-09,1.3950127531888358e-10
906,1.6524444800191917e-09,1.5565654953893642e-10
907,1.655125417728397e-09,1.5187321737932593e-10
908,1.5227729720333252e-09,1.3165913905717652e-10
909,1.4251574488119007e-09,1.1848736172258385e-10
910,1.464706334103703e-09,1.233151742115129e-10
911,1.5456045925159361e-09,1.3412114613730234e-10
912,1.514751232995529e-09,1.3225050163832645e-10
913,1.3901305171295874e-09,1.1840818102414244e-10
914,1.3536851894593481e-09,1.1426043145140692e-10
915,1.4205820468146624e-09,1.1989627402980187e-10
916,1.4657089852790397e-09,1.2232654615176796e-10
917,1.407288875931352e-09,1.141444511277894e-10
918,1.3581709068348405e-09,1.0859697779933165e-10
919,1.429798651533247e-09,1.1740965979661562e-10
920,1.5182023326536912e-09,1.2822733968952571e-10
921,1.456841173503927e-09,1.224417678702044e-10
922,1.3182036364542716e-09,1.0866325476195068e-10
923,1.273714363553357e-09,1.0450632375642114e-10
924,1.3806094000588533e-09,1.1767106614626595e-10
925,1.47899830436857e-09,1.3045309186961558e-10
926,1.4479857583735719e-09,1.275711826890674e-10
927,1.433197775380161e-09,1.2707983994150946e-10
928,1.546320083510788e-09,1.4078288466525247e-10
929,1.7040694981148365e-09,1.5983494637134118e-10
930,1.7117579857353662e-09,1.620876836409362e-10
931,1.6101381559871732e-09,1.5186808588709942e-10
932,1.583000934075451e-09,1.4856311608677486e-10
933,1.6682350235282315e-09,1.5704817627499087e-10
934,1.6777511202826556e-09,1.5476488019459806e-10
935,1.555751677133401e-09,1.3732037975521488e-10
936,1.4450098432780323e-09,1.215184000469691e-10
937,1.455846488810582e-09,1.1976361504195774e-10
938,1.4774786158184277e-09,1.197882480502663e-10
939,1.3806323576517246e-09,1.088227233655312e-10
940,1.2459395043999025e-09,9.536301545917164e-11
941,1.215711410560003e-09,9.307797373569166e-11
942,1.3227005046269679e-09,1.0688610307590004e-10
943,1.4214750529542871e-09,1.206023213043596e-10
944,1.4904341356904358e-09,1.3228599030674288e-10
945,1.6017124615228768e-09,1.4768150118032486e-10
946,1.8044420092160579e-09,1.7272217239489237e-10
947,2.00094223755034e-09,1.9819294730512337e-10
948,2.085415991714339e-09,2.1189989464719156e-10
949,2.081352553589733e-09,2.138167733102987e-10
950,2.0879599250299413e-09,2.168380563511121e-10
951,2.0765072026844404e-09,2.178040920859182e-10
952,1.979056457693198e-09,2.0601718924119835e-10
953,1.8259243940051944e-09,1.8383981091491986e-10
954,1.7043904931564996e-09,1.6395677954632568e-10
955,1.6801690714919542e-09,1.5807920910519014e-10
956,1.6930470629017945e-09,1.5743957014689551e-10
957,1.6969428102269356e-09,1.564824954238798e-10
958,1.6702006340708348e-09,1.523123416316956e-10
959,1.6683417103696515e-09,1.534775356316737e-10
960,1.714938673323533e-09,1.6277964745349266e-10
961,1.773057035017783e-09,1.7408636824698712e-10
962,1.7778948333175664e-09,1.7687925622772794e-10
963,1.7471180901437514e-09,1.7344361166338403e-10
964,1.7121441078612171e-09,1.6582081800371536e-10
965,1.7022990464484185e-09,1.5973956808236573e-10
966,1.702235467215966e-09,1.5645375422893058e-10
967,1.6745946888162894e-09,1.512219665752934e-10
968,1.6349824967010863e-09,1.4564731285114805e-10
969,1.601444590041527e-09,1.4183439308973665e-10
970,1.5717022776999605e-09,1.3953773441509393e-10
971,1.5638917608755203e-09,1.4098549850444e-10
972,1.6079378184783288e-09,1.494319142203504e-10
973,1.7336243629844683e-09,1.691215888432621e-10
974,1.883145371492538e-09,1.912432131105282e-10
975,1.958473059261077e-09,2.002367902605883e-10
976,1.9350158234098285e-09,1.9341288061757764e-10
977,1.888614124713748e-09,1.8366655355779393e-10
978,1.864685137622657e-09,1.7804975313337256e-10
979,1.8226369723793002e-09,1.7167118028954304e-10
980,1.7170534861339816e-09,1.5919076566970757e-10
981,1.6132987550210744e-09,1.4911204180510135e-10
982,1.5423968845454087e-09,1.4159019881000837e-10
983,1.52507362833218e-09,1.3967118361221117e-10
984,1.4929823917041716e-09,1.340237015106219e-10
985,1.4666468210197112e-09,1.2977374679860518e-10
986,1.5325487996902786e-09,1.392105338491805e-10
987,1.674867845180286e-09,1.583248396843897e-10
988,1.7772124120816843e-09,1.7100419894113933e-10
989,1.7238262345494077e-09,1.6243355099113062e-10
990,1.6069937123702404e-09,1.463853196907803e-10
991,1.5584998478052916e-09,1.3910142102631606e-10
992,1.5570703462896226e-09,1.3696293259722564e-10
993,1.4688949943458812e-09,1.2367018724413487e-10
994,1.3010215225934594e-09,1.0242093595174423e-10
995,1.1779740006698515e-09,8.718588665406319e-11
996,1.183851612891566e-09,8.672644463195877e-11
997,1.2615219644913559e-09,9.532724964324129e-11
998,1.310255429679555e-09,1.0255480642649156e-10
999,1.3429759748148334e-09,1.0938026848154676e-10
1000,1.441804654196519e-09,1.240640373546516e-10
1001,1.6197919407042194e-09,1.4861805303977119e-10
1002,1.7609487337679513e-09,1.681486094594947e-10
1003,1.7983631954384976e-09,1.7425594435395062e-10
1004,1.8084150536712372e-09,1.7614073413455426e-10
1005,1.8726590139739787e-09,1.8361166757028017e-10
1006,1.9417258194113734e-09,1.9125801200396422e-10
1007,1.9196674506151662e-09,1.8808169085320934e-10
1008,1.7997507219246936e-09,1.7199600650993677e-10
1009,1.714295147444724e-09,1.6077247768160218e-10
1010,1.7240744698660096e-09,1.6270969258834793e-10
1011,1.7083165397780596e-09,1.5929246893964887e-10
1012,1.623212319287496e-09,1.4714055675879858e-10
1013,1.4994686694931534e-09,1.301482212813617e-10
1014,1.4436580784575876e-09,1.221152006552677e-10
1015,1.464353234730867e-09,1.2384084966398018e-10
1016,1.47589814503742e-09,1.250766105865108e-10
1017,1.4575820897815582e-09,1.242285318570112e-10
1018,1.4497352345391191e-09,1.246843041827256e-10
1019,1.4998026450766106e-09,1.313777013506035e-10
1020,1.55192272694471e-09,1.3715606659681788e-10
1021,1.5141069520468205e-09,1.306560000964756e-10
1022,1.410479559336493e-09,1.1598661194479787e-10
1023,1.3542051777533256e-09,1.0802822185074172e-10
1024,1.3650023158756164e-09,1.082863608526892e-10
1025,1.3668575597094012e-09,1.0812950058133579e-10
1026,1.312971938887964e-09,1.0292727991160047e-10
1027,1.2568900622094166e-09,9.780060240740606e-11
1028,1.2790998723969336e-09,1.0102930853097487e-10
1029,1.3704269395735696e-09,1.120377945826619e-10
1030,1.4519281892507747e-09,1.226319339954053e-10
1031,1.481302465415085e-09,1.2713997864346112e-10
1032,1.4888914559372237e-09,1.2768557520809722e-10
1033,1.512699832496594e-09,1.2935969649485637e-10
1034,1.5071525040835583e-09,1.2708611382945523e-10
1035,1.4643940903090655e-09,1.218082292362428e-10
1036,1.4197205760702856e-09,1.1719691522573578e-10
1037,1.4295337052710927e-09,1.1976727530968202e-10
1038,1.4724239292171479e-09,1.2645041092580448e-10
1039,1.4684991149203319e-09,1.2649922790180373e-10
1040,1.4200845240400152e-09,1.2098331296250178e-10
1041,1.4152120319647432e-09,1.2119855989016543e-10
1042,1.4710052364068905e-09,1.2815702179446666e-10
1043,1.5577370134362418e-09,1.4075845800514136e-10
1044,1.566294541783873e-09,1.443521144134485e-10
1045,1.546436332513525e-09,1.4544886870110406e-10
1046,1.5520759188589446e-09,1.4737112976137349e-10
1047,1.5739595176359322e-09,1.4853015914436083e-10
1048,1.554518890458688e-09,1.441790339675833e-10
1049,1.4870188597520323e-09,1.33751112272917e-10
1050,1.4261314781334315e-09,1.2276241994365318e-10
1051,1.400526239435799e-09,1.1608059036411471e-10
1052,1.3402910849469743e-09,1.0648654923814952e-10
1053,1.2650947872966839e-09,9.824797740630023e-11
1054,1.262465567589795e-09,1.0043624827940002e-10
1055,1.3773747454683477e-09,1.1746578500858768e-10
1056,1.545095670309816e-09,1.426428705356193e-10
1057,1.6473606281946803e-09,1.6051563845785453e-10
1058,1.694148868775868e-09,1.6980415496367074e-10
1059,1.7830297920025684e-09,1.8110955876290736e-10
1060,1.931218716335309e-09,1.991433061150891e-10
1061,2.0038703340397243e-09,2.0657105285443247e-10
1062,1.940014038999495e-09,1.9597723688679501e-10
1063,1.8327494307080549e-09,1.8029040933074825e-10
1064,1.7874914240875386e-09,1.7355607860717708e-10
1065,1.7656992397598866e-09,1.704594844587071e-10
1066,1.6788282516363299e-09,1.5922077722914335e-10
1067,1.559260598894667e-09,1.4399607094156135e-10
1068,1.5134329871514188e-09,1.3760790311988728e-10
1069,1.5616848539036364e-09,1.4167730740240486e-10
1070,1.5953928108386996e-09,1.4289970417512169e-10
1071,1.5591995647816524e-09,1.369560849453364e-10
1072,1.4804447348848596e-09,1.2622372253449544e-10
1073,1.4292806575827308e-09,1.189937370719629e-10
1074,1.3935165603951913e-09,1.1460155445561097e-10
1075,1.3059012548334794e-09,1.0472401852263256e-10
1076,1.18024338312339e-09,9.021236823074278e-11
1077,1.0983668061505114e-09,8.01918779298513e-11
1078,1.092054544668477e-09,7.798543628285561e-11
1079,1.1065505986809179e-09,7.761736713854083e-11
1080,1.1028626556984066e-09,7.616516192919568e-11
1081,1.0957237311978449e-09,7.517387939849487e-11
1082,1.14117515736547e-09,8.043055072464714e-11
1083,1.2372577552081591e-09,9.20553685523776e-11
1084,1.3085263468901203e-09,1.0174878372059164e-10
1085,1.3167598630438494e-09,1.0442757039423626e-10
1086,1.3018037331900304e-09,1.0372325142729391e-10
1087,1.3337948626762347e-09,1.0795927901753686e-10
1088,1.4000077363002675e-09,1.1568214866236232e-10
1089,1.442862949265652e-09,1.2039992747818676e-10
1090,1.4561859544137996e-09,1.2195494793639593e-10
1091,1.4961359300587977e-09,1.269984483125751e-10
1092,1.5781268316215e-09,1.3701960928643443e-10
1093,1.6265527913247384e-09,1.4298876572478813e-10
1094,1.6186894943009127e-09,1.4401673570075504e-10
1095,1.5788036182447481e-09,1.4089458404019315e-10
1096,1.572614243037072e-09,1.4075045923985833e-10
1097,1.5668373842629949e-09,1.3947900931579844e-10
1098,1.507758519457473e-09,1.3164159494164778e-10
1099,1.4193228837909406e-09,1.2083678914210052e-10
1100,1.372680190771009e-09,1.1577765898018763e-10
1101,1.391930475202685e-09,1.2010864148869629e-10
1102,1.428999085826302e-09,1.275122064092799e-10
1103,1.4383413554712226e-09,1.306986761170781e-10
1104,1.4492340292293447e-09,1.3276294874783376e-10
1105,1.5083742047894774e-09,1.402931284832916e-10
1106,1.5797116080407442e-09,1.483988522200156e-10
1107,1.6504882657562164e-09,1.5758113673864992e-10
1108,1.7043236366307495e-09,1.6445630151741168e-10
1109,1.7646107792253596e-09,1.7180817515228363e-10
1110,1.8352520260649833e-09,1.8171836485122255e-10
1111,1.8690261344271683e-09,1.8744768752133836e-10
1112,1.882454016573801e-09,1.9220705966454991e-10
1113,1.8969045451051357e-09,1.9729346315815969e-10
1114,1.9220539069806305e-09,2.0286859853846875e-10
1115,1.9355934452028725e-09,2.0597486476114516e-10
1116,1.921661893240472e-09,2.0385302030420757e-10
1117,1.9201455470746808e-09,2.0254986176112192e-10
1118,1.9395438014446197e-09,2.026260140358442e-10
1119,1.9333708311195374e-09,1.9808295936738473e-10
1120,1.902210364570538e-09,1.916980676764358e-10
1121,1.8536331958376765e-09,1.8326348897814885e-10
1122,1.8087764835802017e-09,1.750954327464737e-10
1123,1.7753695528419052e-09,1.6970887424565314e-10
1124,1.7019545366198258e-09,1.590296157226636e-10
1125,1.6190813862309519e-09,1.4781301230845719e-10
1126,1.5627548662684824e-09,1.3968342863409338e-10
1127,1.5297023646337284e-09,1.3356811047781392e-10
1128,1.4709881400536893e-09,1.23964730667908e-10
1129,1.3843735783652e-09,1.1222904581485678e-10
1130,1.3110407667872588e-09,1.028187770649079e-10
1131,1.2615832630085195e-09,9.609149129180594e-11
1132,1.238369037841679e-09,9.3593655000704e-11
1133,1.186623847615043e-09,8.788880198567406e-11
1134,1.1267113632975797e-09,8.105790387741636e-11
1135,1.1178713242224213e-09,8.017442108224462e-11
1136,1.144520620605321e-09,8.265758855249513e-11
1137,1.174494192829564e-09,8.559753653417758e-11
1138,1.1866231862993413e-09,8.69101636262382e-11
1139,1.197779595588612e-09,8.787649927439189e-11
1140,1.2403081153713692e-09,9.242813420597096e-11
1141,1.2841241483632455e-09,9.72627530701304e-11
1142,1.2711294184015062e-09,9.562029749797278e-11
1143,1.2082974652387519e-09,8.860069949601007e-11
1144,1.1494125804862083e-09,8.218066917342286e-11
1145,1.1411416103042105e-09,8.162825732876526e-11
1146,1.163903679575131e-09,8.431198266578347e-11
1147,1.1787223710537597e-09,8.589863407171396e-11
1148,1.189418340733235e-09,8.717732280885567e-11
1149,1.2187440612566536e-09,9.047077358838265e-11
1150,1.2540986050271616e-09,9.420757513782587e-11
1151,1.294808619915511e-09,9.97752906464777e-11
1152,1.338374090946974e-09,1.0664568765348494e-10
1153,1.4110236882208779e-09,1.1700767966546376e-10
1154,1.493916274089062e-09,1.2795798677248914e-10
1155,1.5277356645429227e-09,1.3244549339363757e-10
1156,1.4601689693417155e-09,1.2353071371034632e-10
1157,1.3440514042479e-09,1.0871177780533695e-10
1158,1.2344394394159846e-09,9.478750419197636e-11
1159,1.1630647832622456e-09,8.630970433639379e-11
1160,1.1032989732280282e-09,7.996183467556654e-11
1161,1.0839056968837653e-09,7.978192057141929e-11
1162,1.1281424847638803e-09,8.724115488291796e-11
1163,1.2302753081479031e-09,1.0046422550221491e-10
1164,1.3532312889225226e-09,1.1556504073261629e-10
1165,1.4630427194124251e-09,1.288258787519474e-10
1166,1.5762757906637727e-09,1.423876965716119e-10
1167,1.6702750447730437e-09,1.524460492108753e-10
1168,1.6994432409800424e-09,1.5494191671891746e-10
1169,1.6630788893056717e-09,1.515879652926634e-10
1170,1.6461614073713696e-09,1.5251142511508343e-10
1171,1.6617755991459497e-09,1.556235357235011e-10
1172,1.6429203800396951e-09,1.5297401569502397e-10
1173,1.5381237057193069e-09,1.3927068838038033e-10
1174,1.4286134044846078e-09,1.2460871959395953e-10
1175,1.4260009192186235e-09,1.2266715170571332e-10
1176,1.474319445771268e-09,1.2560699044932578e-10
1177,1.4376989146051914e-09,1.1844868157299253e-10
1178,1.3136357680283652e-09,1.0311445614030735e-10
1179,1.2635660388662147e-09,9.840732170767457e-11
1180,1.3134689466450835e-09,1.0433347823557126e-10
1181,1.3503693252960165e-09,1.0851639822012106e-10
1182,1.2517615984848604e-09,9.752660677282121e-11
1183,1.1259553947072597e-09,8.361949625648879e-11
1184,1.1022111094682528e-09,7.951194477622531e-11
1185,1.160966408525318e-09,8.350015196538378e-11
1186,1.1488735545700077e-09,8.046069436831535e-11
1187,1.044076987032101e-09,6.926429445662126e-11
1188,9.74830180610285e-10,6.241217591391946e-11
1189,1.0114366052877042e-09,6.621543667743889e-11
1190,1.045704011023258e-09,6.97539982531827e-11
1191,9.795726840828294e-10,6.368066049516086e-11
1192,8.828696819395753e-10,5.4752164499233854e-11
1193,8.657632557760521e-10,5.2656097381473214e-11
1194,9.182231208628933e-10,5.6520289926250995e-11
1195,9.35905663496356e-10,5.748770593248345e-11
1196,8.823246311787564e-10,5.223325748042656e-11
1197,8.699162371968826e-10,5.1290606475307576e-11
1198,9.307359845339042e-10,5.658273004079609e-11
1199,9.654538698202233e-10,5.916839396309189e-11
1200,8.887258179055249e-10,5.2085349325534424e-11
1201,7.827141411752991e-10,4.3069160682757145e-11
1202,7.75447251330081e-10,4.274709524842959e-11
1203,8.54204925746316e-10,4.970295089585018e-11
1204,9.179131286505857e-10,5.589487900622562e-11
1205,9.071891954935344e-10,5.548232988029148e-11
1206,9.15147318044573e-10,5.694426317194161e-11
1207,1.0096342089419298e-09,6.666751437440619e-11
1208,1.1228938003926517e-09,7.871765642534656e-11
1209,1.12606052025063e-09,7.964299617006282e-11
1210,1.0582843910693618e-09,7.358993302925122e-11
1211,1.0556820229158668e-09,7.452223916545803e-11
1212,1.1192521750884886e-09,8.179830158286462e-11
1213,1.103570337822528e-09,7.96730141129076e-11
1214,9.979571333960692e-10,6.900303227990267e-11
1215,9.139124356130805e-10,5.990008237544357e-11
1216,9.330495523740057e-10,5.97707903746466e-11
1217,9.981225516977384e-10,6.495784433571602e-11
1218,1.0204776613148018e-09,6.85815153889079e-11
1219,1.047505328072016e-09,7.458807212638196e-11
1220,1.1606619471870201e-09,8.889244667610082e-11
1221,1.3345730793958502e-09,1.0959690731859229e-10
1222,1.4137863018891147e-09,1.1931361235445472e-10
1223,1.3744862240836064e-09,1.1472829669852818e-10
1224,1.3723891669139226e-09,1.1445196381028567e-10
1225,1.428628548258056e-09,1.1947700652101028e-10
1226,1.444685778007409e-09,1.2025916621185334e-10
1227,1.364420576383394e-09,1.1130710169816868e-10
1228,1.2636323934407014e-09,9.913959298451767e-11
1229,1.2503002625165932e-09,9.664926256758087e-11
1230,1.2354344490539812e-09,9.355642348607475e-11
1231,1.1260624111497851e-09,8.055245511189529e-11
1232,9.903187748268278e-10,6.601891537430435e-11
1233,9.319645158917517e-10,5.929109701186247e-11
1234,9.599027328145231e-10,6.083852484990076e-11
1235,9.939957836324153e-10,6.386058734248462e-11
1236,9.7665433325806e-10,6.273717335234809e-11
1237,9.509935874611287e-10,6.069862889005945e-11
1238,9.904101691871958e-10,6.518439846772426e-11
1239,1.035662016941697e-09,6.974401232545031e-11
1240,1.0001455095108796e-09,6.571938789473909e-11
1241,9.145177175826921e-10,5.712400159964156e-11
1242,8.790409758469195e-10,5.364853445904532e-11
1243,9.257676555102969e-10,5.791080016458445e-11
1244,9.776712210326962e-10,6.302642811776951e-11
1245,9.677972810866794e-10,6.296730634812554e-11
1246,9.425116145512133e-10,6.163537156547042e-11
1247,9.82045447394314e-10,6.600242480686093e-11
1248,1.0500375202102945e-09,7.215144611459053e-11
1249,1.0526088935682245e-09,7.180028193209657e-11
1250,9.828761658442129e-10,6.470589702189884e-11
1251,9.384300502345798e-10,6.004738132046817e-11
1252,9.723343774936996e-10,6.28881866622037e-11
1253,1.0059709441699426e-09,6.560142791082158e-11
1254,9.849465082036422e-10,6.36928428545646e-11
1255,9.633565753048752e-10,6.213999528936834e-11
1256,1.0280068550475172e-09,6.920756407802248e-11
1257,1.1323959312171985e-09,8.013718386040639e-11
1258,1.1450220818673435e-09,8.139477492715191e-11
1259,1.0657749541427056e-09,7.360289989962386e-11
1260,1.0100626693378982e-09,6.784975957342843e-11
1261,1.050568517230419e-09,7.16366846848626e-11
1262,1.116122211518626e-09,7.876386289811422e-11
1263,1.0864018038283003e-09,7.647230384506873e-11
1264,9.901847123641294e-10,6.723785060953045e-11
1265,9.496525660257694e-10,6.340784631000855e-11
1266,9.693318902230184e-10,6.424885734699856e-11
1267,9.854165286527601e-10,6.460245684125921e-11
1268,9.627333714087837e-10,6.228220820664869e-11
1269,9.427594688439492e-10,6.058472704835098e-11
1270,9.744045021124448e-10,6.381439989649753e-11
1271,1.0319241749042857e-09,7.013048363213871e-11
1272,1.04675573754776e-09,7.235944113558077e-11
1273,1.0352521969352948e-09,7.172948567091919e-11
1274,1.056149706739096e-09,7.379572433979815e-11
1275,1.1209526434589543e-09,8.042345290663477e-11
1276,1.192714284145592e-09,8.891102446280465e-11
1277,1.2178968560711834e-09,9.240276632926357e-11
1278,1.2149225361214338e-09,9.212591963833828e-11
1279,1.2421085758305666e-09,9.559302767892057e-11
1280,1.2910120036300855e-09,1.0164074549009655e-10
1281,1.3154282969493115e-09,1.0476231151170891e-10
1282,1.3085285661738917e-09,1.0448106860021556e-10
1283,1.290977437284888e-09,1.0240190267800149e-10
1284,1.3006952563504786e-09,1.0302427267155028e-10
1285,1.3072617966365914e-09,1.0265104402787951e-10
1286,1.2628176925499654e-09,9.623005102037517e-11
1287,1.1776583708306292e-09,8.566243869920047e-11
1288,1.0881980344289956e-09,7.47843346526224e-11
1289,1.0403696758197328e-09,6.910515418936656e-11
1290,9.919364079364903e-10,6.3419566911891e-11
1291,9.243276403825911e-10,5.6380298542939797e-11
1292,8.731261363839235e-10,5.187947637303711e-11
1293,8.852764432607521e-10,5.3822251376777016e-11
1294,9.481403041089747e-10,6.048841644724143e-11
1295,1.025826138272496e-09,6.937408711585042e-11
1296,1.072822076660907e-09,7.542488068362137e-11
1297,1.1004688956779446e-09,7.857420172915938e-11
1298,1.1317914177185401e-09,8.12590310922316e-11
1299,1.1436634596663907e-09,8.180184594646118e-11
1300,1.1201473784749757e-09,7.900293516583058e-11
1301,1.0921633712975833e-09,7.604920559230354e-11
1302,1.0657876452747438e-09,7.257786672956147e-11
1303,1.0286618607737349e-09,6.806006548622824e-11
1304,9.744214939510233e-10,6.254697080535076e-11
1305,9.361403342122935e-10,5.893988632592502e-11
1306,9.583690487328075e-10,6.133042707369853e-11
1307,1.0381868390914365e-09,6.993963930208203e-11
1308,1.123651590396853e-09,7.980071499608522e-11
1309,1.1811350090014392e-09,8.694085488514254e-11
1310,1.239187938336176e-09,9.41720008605391e-11
1311,1.2853474426067587e-09,9.879432695995595e-11
1312,1.310924325532433e-09,1.0118614111857805e-10
1313,1.2777037043012718e-09,9.714643619010603e-11
1314,1.2114126409627706e-09,8.953312443562628e-11
1315,1.1480538451879442e-09,8.227622758674274e-11
1316,1.1016193069054234e-09,7.731499173694824e-11
1317,1.0541423538539542e-09,7.233145692330175e-11
1318,1.0245301203012103e-09,6.958692845935228e-11
1319,1.019071180160096e-09,6.887046425152687e-11
1320,1.003154137900166e-09,6.573930925216435e-11
1321,9.540776923156284e-10,5.93076165147289e-11
1322,8.857161474076412e-10,5.179035045496306e-11
1323,8.416690355051476e-10,4.7173333087599805e-11
1324,8.274527155745651e-10,4.5562597239588323e-11
1325,8.119653896120439e-10,4.4372707176444594e-11
1326,7.843633760010549e-10,4.2729984571007664e-11
1327,7.663237453452728e-10,4.172639389307251e-11
1328,7.932689988430634e-10,4.441702940576917e-11
1329,8.487882705782653e-10,4.9522880349100956e-11
1330,8.972392410585921e-10,5.414020388755642e-11
1331,9.388509414474583e-10,5.858515166593287e-11
1332,9.97742007506027e-10,6.486793106313144e-11
1333,1.0782831039942652e-09,7.348052647008397e-11
1334,1.1301472268359206e-09,7.921718679646285e-11
1335,1.099634388288989e-09,7.590403080063675e-11
1336,1.041126808507279e-09,7.026204298719888e-11
1337,1.0192084476614654e-09,6.836520375414788e-11
1338,1.0153614307386668e-09,6.723569073601347e-11
1339,9.948915346427851e-10,6.449085102350489e-11
1340,9.223421079054463e-10,5.652508032272678e-11
1341,8.710376304448566e-10,5.122061309750614e-11
1342,8.731120036385974e-10,5.092906108750239e-11
1343,8.965026896618181e-10,5.281789054776919e-11
1344,8.769109560857841e-10,5.0975744751360475e-11
1345,8.221352599784961e-10,4.613153230302305e-11
1346,7.892979174937905e-10,4.329639951003652e-11
1347,7.900174750397251e-10,4.309425728850923e-11
1348,7.761304070255869e-10,4.1440023803968666e-11
1349,7.386333412705551e-10,3.832654932837196e-11
1350,7.310840907554188e-10,3.8327184154165885e-11
1351,7.671663860923954e-10,4.154439928928457e-11
1352,8.078915238504511e-10,4.4714373758828233e-11
1353,7.940465995627009e-10,4.322769954079905e-11
1354,7.52623267506536e-10,3.968800434550532e-11
1355,7.375990227275882e-10,3.8252065262753896e-11
1356,7.569489367644783e-10,3.98177555238634e-11
1357,7.773951229279623e-10,4.206848656344247e-11
1358,7.689586582379209e-10,4.169316080294146e-11
1359,7.663124256679424e-10,4.1580788667362206e-11
1360,7.878470556098333e-10,4.345511655219319e-11
1361,8.276690254046766e-10,4.71443460421119e-11
1362,8.420064452556576e-10,4.814657381412759e-11
1363,8.358482581517389e-10,4.7229519846113105e-11
1364,8.437378896076021e-10,4.7933685601705224e-11
1365,8.796038587881625e-10,5.138497408706578e-11
1366,9.356661475378203e-10,5.713560545766492e-11
1367,9.722476406688738e-10,6.133572340992959e-11
1368,9.664531801113724e-10,6.135885499173737e-11
1369,9.532371651970264e-10,6.063529031682833e-11
1370,9.461199384331021e-10,5.971980381315412e-11
1371,9.441767765889115e-10,5.888562509443835e-11
1372,9.250179039314724e-10,5.641393361201774e-11
1373,9.102949186742177e-10,5.5071880090473464e-11
1374,9.120907613160748e-10,5.560263134561805e-11
1375,9.236948317205394e-10,5.726714652733024e-11
1376,8.945957000206886e-10,5.4550644328791173e-11
1377,8.286817684775723e-10,4.8049119799855515e-11
1378,7.784125039088868e-10,4.294859819590364e-11
1379,7.886885935308228e-10,4.354207667584099e-11
1380,8.325241431645452e-10,4.7245502600859266e-11
1381,8.535026863057511e-10,4.9033506016517406e-11
1382,8.343475322004887e-10,4.728716414854472e-11
1383,8.374211925218515e-10,4.793471850352937e-11
1384,8.843660507423105e-10,5.2442291821535777e-11
1385,9.377362690930563e-10,5.763555174108324e-11
1386,9.375417124623351e-10,5.813665133262254e-11
1387,9.023482557655536e-10,5.571290162492669e-11
1388,8.92309950762821e-10,5.5445240760029527e-11
1389,9.251681526043344e-10,5.876874571925921e-11
1390,9.265915070678364e-10,5.791024109680165e-11
1391,8.696425872258403e-10,5.155495964803654e-11
1392,8.238627573086914e-10,4.7189774814753406e-11
1393,8.294137587317698e-10,4.7512159084764614e-11
1394,8.506819433936893e-10,4.9215888787202434e-11
1395,8.172300251145815e-10,4.6284220113624463e-11
1396,7.561961134133429e-10,4.123407498385048e-11
1397,7.462773766951931e-10,4.026327756020955e-11
1398,7.872390907510258e-10,4.3074834734659374e-11
1399,8.189412221140135e-10,4.558704414284187e-11
1400,7.941664688456826e-10,4.355251483051027e-11
1401,7.703078730392449e-10,4.1509109326896e-11
1402,7.99296419053115e-10,4.375902488213954e-11
1403,8.310152984006746e-10,4.620047531175696e-11
1404,7.960228456974762e-10,4.3270454596694134e-11
1405,7.333413523178074e-10,3.8684039191432413e-11
1406,7.07968279950211e-10,3.717479914575293e-11
1407,7.272054322682609e-10,3.9187589582865206e-11
1408,7.297209006779317e-10,3.9479423587837394e-11
1409,6.920065991978026e-10,3.6088052073016966e-11
1410,6.849619304503578e-10,3.5360547107011335e-11
1411,7.397943568404015e-10,3.974081081431445e-11
1412,7.989729487117479e-10,4.465674925755249e-11
1413,7.912102036235439e-10,4.420257018838197e-11
1414,7.62316057717265e-10,4.216741340745997e-11
1415,7.964815982329797e-10,4.519850921207494e-11
1416,8.875153965186379e-10,5.3000408553394384e-11
1417,9.491597825686679e-10,5.903669819937325e-11
1418,9.279861928014297e-10,5.75979227345855e-11
1419,9.034113069421357e-10,5.531813183777383e-11
1420,9.41780675764084e-10,5.861850700081893e-11
1421,9.977330035064998e-10,6.39172180172158e-11
1422,9.899391900192563e-10,6.338205789018149e-11
1423,9.380745498352778e-10,5.872696175451723e-11
1424,9.286162428701737e-10,5.848796589202381e-11
1425,9.794100610414476e-10,6.450113820030077e-11
1426,1.004356499095383e-09,6.747037964921678e-11
1427,9.410644786556102e-10,6.060770266646052e-11
1428,8.614596835227564e-10,5.220360877214358e-11
1429,8.481498861533388e-10,5.014622707212614e-11
1430,8.936603538230325e-10,5.373348945178514e-11
1431,9.37833264940553e-10,5.836956606478907e-11
1432,9.419675412548047e-10,5.974223785844323e-11
1433,9.423697823790148e-10,6.000660031789834e-11
1434,9.634882661101496e-10,6.12268101098615e-11
1435,9.914879432430863e-10,6.360302112791017e-11
1436,9.895892396566973e-10,6.379430105992691e-11
1437,9.812822728090447e-10,6.382385619181508e-11
1438,9.854330014296052e-10,6.491421041534416e-11
1439,9.967166152707595e-10,6.67989568465968e-11
1440,9.845765390728679e-10,6.587268557768035e-11
1441,9.651983182544164e-10,6.387278465816868e-11
1442,9.792041461135644e-10,6.539162224898032e-11
1443,1.037269003342095e-09,7.21221439044442e-11
1444,1.110313194355555e-09,8.119057842298198e-11
1445,1.1649520201381207e-09,8.826765731090833e-11
1446,1.2027035185263696e-09,9.28873520842905e-11
1447,1.2375989693092782e-09,9.621710703346029e-11
1448,1.2528648285348114e-09,9.68071441058127e-11
1449,1.219164914471179e-09,9.242034860547443e-11
1450,1.1450844491782561e-09,8.42234555039379e-11
1451,1.0563138849436563e-09,7.387040805882308e-11
1452,9.895179082627213e-10,6.569175010701017e-11
1453,9.389168269638719e-10,5.931943547584994e-11
1454,9.145953440534517e-10,5.626472917508725e-11
1455,9.122957165549475e-10,5.580214056031849e-11
1456,9.15520944574952e-10,5.6077169997602595e-11
1457,9.039362079710585e-10,5.5283838435997486e-11
1458,8.733096397473469e-10,5.275216059461923e-11
1459,8.367689891466659e-10,4.922076218142388e-11
1460,8.047661578078855e-10,4.5798334866705875e-11
1461,7.778994567245784e-10,4.324847815758132e-11
1462,7.61235674614282e-10,4.212170188322991e-11
1463,7.797351207032573e-10,4.443261603064104e-11
1464,8.312802512628339e-10,4.9480692677150767e-11
1465,8.802194198502236e-10,5.38722135935051e-11
1466,8.851440982160027e-10,5.3931612010781726e-11
1467,8.636133619017464e-10,5.1662004440573015e-11
1468,8.635271357569522e-10,5.158032531713417e-11
1469,8.758860048881491e-10,5.225206673333603e-11
1470,8.611980170248414e-10,5.046635727330958e-11
1471,8.158285883440331e-10,4.6238805076752e-11
1472,7.888486438957171e-10,4.383529482672167e-11
1473,8.067466018805615e-10,4.53026620009081e-11
1474,8.297529070824774e-10,4.723561929664685e-11
1475,8.177101086469568e-10,4.6157580633572164e-11
1476,8.034843484582169e-10,4.4906032404382365e-11
1477,8.283298782552139e-10,4.668596273308463e-11
1478,8.880164654435194e-10,5.158988180780331e-11
1479,9.424842113159858e-10,5.689835025200936e-11
1480,9.674196502364478e-10,6.006717018183824e-11
1481,9.850306613063646e-10,6.252060995883819e-11
1482,9.918353206626614e-10,6.349330152193254e-11
1483,9.454178220337923e-10,5.872613271087601e-11
1484,8.508636476910782e-10,4.928796550278434e-11
1485,7.590797805398453e-10,4.026890478661573e-11
1486,7.324504270332662e-10,3.740432667205605e-11
1487,7.637307288817941e-10,3.973249586870907e-11
1488,8.074982772446656e-10,4.3655244003743996e-11
1489,8.359060915443429e-10,4.6938812492260185e-11
1490,8.775041159127046e-10,5.2094757517903214e-11
1491,9.494479980401817e-10,6.027127896577241e-11
1492,1.026026968333285e-09,6.920771473993987e-11
1493,1.0651722063431905e-09,7.519710520276678e-11
1494,1.0839146181279794e-09,7.963901978387487e-11
1495,1.1361808934927781e-09,8.72898360176682e-11
1496,1.207764444600848e-09,9.596762765458089e-11
1497,1.2374099241934329e-09,9.92638758388723e-11
1498,1.1878282476282669e-09,9.290652345910029e-11
1499,1.1101350126256118e-09,8.314195086108422e-11
1500,1.0887960461886276e-09,8.070552454180891e-11
1501,1.0975770222383412e-09,8.156321481412165e-11
1502,1.098052612231818e-09,8.165803218255033e-11
1503,1.071141179137475e-09,7.831192609711473e-11
1504,1.0824835178511805e-09,7.887106909869907e-11
1505,1.1336727755631145e-09,8.238299097220803e-11
1506,1.188765512319454e-09,8.643401107105699e-11
1507,1.1767155624132425e-09,8.417015257432762e-11
1508,1.1331790638734918e-09,7.98534201465502e-11
1509,1.1156270007022204e-09,7.838311063879809e-11
1510,1.1319943917878426e-09,8.044803344706269e-11
1511,1.1103327161084795e-09,7.830188580907474e-11
1512,1.0253807004614293e-09,6.944160720480623e-11
1513,9.468665325337079e-10,6.154615470222967e-11
1514,9.156524825579892e-10,5.8148685216502445e-11
1515,8.930903553383726e-10,5.516419797710514e-11
1516,8.376328674395888e-10,4.950354095929555e-11
1517,7.55228753279576e-10,4.168411323908648e-11
1518,6.895554820227584e-10,3.546428895388107e-11
1519,6.476291397074055e-10,3.170748738882335e-11
1520,6.027155089609294e-10,2.8318940858364137e-11
1521,5.549212932531756e-10,2.509146209246162e-11
1522,5.304820989149643e-10,2.3404081899947105e-11
1523,5.404324197864327e-10,2.377068434633986e-11
1524,5.576057444205863e-10,2.4558777592613926e-11
1525,5.729309717516447e-10,2.577037075602027e-11
1526,5.889575262032555e-10,2.7101144499032432e-11
1527,6.178805557753182e-10,2.921911223173497e-11
1528,6.430043967215938e-10,3.1122900427029515e-11
1529,6.406981593260526e-10,3.107800583791036e-11
1530,6.420468336367908e-10,3.155597721044112e-11
1531,6.751857819633263e-10,3.4556812387822334e-11
1532,7.262380067484252e-10,3.883982667184946e-11
1533,7.500885159203111e-10,4.0799239566852635e-11
1534,7.483545726639416e-10,4.080708859974602e-11
1535,7.600808316039853e-10,4.166392545490679e-11
1536,7.986620256656579e-10,4.4509142400044615e-11
1537,8.111906130343366e-10,4.525124192551465e-11
1538,7.534524218224327e-10,4.041247337875449e-11
1539,6.819385503461922e-10,3.5107877715759724e-11
1540,6.676810025706049e-10,3.4709753260361975e-11
1541,7.027619822926231e-10,3.78128915982763e-11
1542,7.117853504294881e-10,3.806525939375237e-11
1543,6.787828613844388e-10,3.4984575158211866e-11
1544,6.600560946829143e-10,3.317471418428696e-11
1545,7.085498982175609e-10,3.692835477445518e-11
1546,8.067282071290127e-10,4.593622408877668e-11
1547,8.706780696976593e-10,5.3163165641805274e-11
1548,8.819762349934282e-10,5.612913377672566e-11
1549,8.962865486348598e-10,5.920381308655288e-11
1550,9.418065456339288e-10,6.490428634303523e-11
1551,9.86206757880708e-10,7.096350363434057e-11
1552,9.789137793294427e-10,7.184944152761684e-11
1553,9.45831969892116e-10,6.932844311763318e-11
1554,9.474942490646892e-10,6.938815589332137e-11
1555,9.663038677937907e-10,6.943597446675169e-11
1556,9.564440901304115e-10,6.59673550908559e-11
1557,9.228165900765336e-10,6.14837378796898e-11
1558,9.091967142747957e-10,5.970904489356307e-11
1559,9.18787477861792e-10,5.979747103860877e-11
1560,9.119797502386449e-10,5.855776369833971e-11
1561,8.661768167631966e-10,5.383040650686893e-11
1562,8.295952799722533e-10,4.975127273591605e-11
1563,8.452005880843071e-10,5.040668367378009e-11
1564,8.880877310201633e-10,5.409831288081243e-11
1565,9.094198006877975e-10,5.664965870787318e-11
1566,9.146080110776083e-10,5.79599558119979e-11
1567,9.63094546028691e-10,6.333056700583611e-11
1568,1.0168063471485831e-09,6.758069915769856e-11
1569,1.0033753445275578e-09,6.493150121699692e-11
1570,9.055618687806748e-10,5.521883773577308e-11
1571,8.156161071998628e-10,4.7504288705210205e-11
1572,7.679998897431267e-10,4.3641514333793394e-11
1573,7.26423477372022e-10,4.0250416338283115e-11
1574,6.632351811690339e-10,3.5095902289415756e-11
1575,6.048611507433722e-10,3.004673459888251e-11
1576,5.994383639122389e-10,2.914184123234753e-11
1577,6.273547456979448e-10,3.113380167073295e-11
1578,6.294460881834187e-10,3.157742786776432e-11
1579,6.070046237710009e-10,3.030112517888061e-11
1580,6.056894497085904e-10,3.001960556318201e-11
1581,6.291219843702063e-10,3.0886306784767156e-11
1582,6.274393808720525e-10,2.993239508049087e-11
1583,5.880925990002711e-10,2.7085026468009693e-11
1584,5.520648682655851e-10,2.4797822654208714e-11
1585,5.586922519684711e-10,2.5407642593900246e-11
1586,5.93381216464134e-10,2.8019644333699893e-11
1587,6.047228071306498e-10,2.874893640209288e-11
1588,6.11879467510753e-10,2.957767463784662e-11
1589,6.747539675362664e-10,3.5923782896886705e-11
1590,7.939767403240843e-10,4.8616064811610254e-11
1591,9.016733088133522e-10,6.189726446745927e-11
1592,9.411108132995446e-10,6.837062060764886e-11
1593,9.593729812264065e-10,7.063456063245847e-11
1594,1.012984083134451e-09,7.476708037640954e-11
1595,1.079764028981543e-09,8.067696924941266e-11
1596,1.0767560784018317e-09,8.034956055720507e-11
1597,1.0200650567203392e-09,7.502075087219507e-11
1598,9.921611908412983e-10,7.222770866673819e-11
1599,1.0029706548996384e-09,7.204680280324946e-11
1600,9.62020201484145e-10,6.595544719841159e-11
1601,8.702674415649706e-10,5.684601722398123e-11
1602,8.321993461327793e-10,5.52617646868315e-11
1603,9.155546525870384e-10,6.675214088876194e-11
1604,1.0847206662360174e-09,8.958321054722433e-11
1605,1.1788049031005455e-09,1.0444567513587588e-10
1606,1.1700233424669e-09,1.0578346861407511e-10
1607,1.1860921583700655e-09,1.074159901965081e-10
1608,1.2940240404568312e-09,1.188139291457445e-10
1609,1.3861198399690203e-09,1.2844378020055923e-10
1610,1.3312856276283905e-09,1.203705291713778e-10
1611,1.2078743715944706e-09,1.0404000788526955e-10
1612,1.147416578877241e-09,9.387023682254714e-11
1613,1.1442801521977252e-09,8.976348625042371e-11
1614,1.0996619826289936e-09,8.244793412725516e-11
1615,1.0073080245377077e-09,7.205329749398614e-11
1616,9.66996369114671e-10,6.77685220840428e-11
1617,1.0098024677770553e-09,7.123343381905229e-11
1618,1.0525903083694656e-09,7.440676214692811e-11
1619,1.021192367060983e-09,7.058662380064499e-11
1620,9.704990776529736e-10,6.522513122961517e-11
1621,9.895541500708838e-10,6.7046723909704e-11
1622,1.0419187023896856e-09,7.245944749916943e-11
1623,1.0227056185234274e-09,7.089905123265238e-11
1624,9.312494651984103e-10,6.169562871256533e-11
1625,8.808836658033439e-10,5.581141454533008e-11
1626,9.018302136314916e-10,5.6114451793349777e-11
1627,9.240473400136023e-10,5.705917521428135e-11
1628,8.783549693847134e-10,5.2418460192056896e-11
1629,8.114394081366883e-10,4.6157355759791026e-11
1630,7.999221686361387e-10,4.476281189175865e-11
1631,8.244162968675852e-10,4.646558086403901e-11
1632,8.179526350422952e-10,4.6113493772478683e-11
1633,7.735414913602082e-10,4.3269623277069825e-11
1634,7.551155295878329e-10,4.3033404303832796e-11
1635,7.950995271129358e-10,4.797041454640314e-11
1636,8.37150421828118e-10,5.2571029319437544e-11
1637,8.267375298647811e-10,5.151774689571325e-11
1638,8.005551719230466e-10,4.827469604980957e-11
1639,7.966543739193486e-10,4.6378071031404025e-11
1640,8.197679117003998e-10,4.735365011335772e-11
1641,8.072088212345071e-10,4.567249030036616e-11
1642,7.616320499531382e-10,4.1585164274005195e-11
1643,7.393217981183617e-10,3.97781038540649e-11
1644,7.634819631767737e-10,4.189586252596532e-11
1645,8.001648014404995e-10,4.5693715868925496e-11
1646,8.224976444219007e-10,4.966496830047121e-11
1647,8.694539464959014e-10,5.743299282402756e-11
1648,9.659827073557028e-10,6.969926343547855e-11
1649,1.0700427134818574e-09,8.123418858897903e-11
1650,1.09636403002593e-09,8.304058655624595e-11
1651,1.0449635949131471e-09,7.651883090029959e-11
1652,1.030496225426543e-09,7.570138712327522e-11
1653,1.0901380926714578e-09,8.388955892331434e-11
1654,1.1410891976917775e-09,9.14967620832965e-11
1655,1.0792532035332302e-09,8.51195980416889e-11
1656,9.561054206096284e-10,7.059079093138266e-11
1657,8.864182764397715e-10,6.145303335159651e-11
1658,8.948571109724491e-10,6.070149736183153e-11
1659,9.094933758864906e-10,6.178271170278855e-11
1660,8.842636423244648e-10,6.017186255963162e-11
1661,8.706190754469273e-10,6.026716153292203e-11
1662,9.292477935319957e-10,6.71423171191818e-11
1663,1.0499780231189232e-09,8.138692064865686e-11
1664,1.135965749842711e-09,9.301668696717372e-11
1665,1.1533192732367401e-09,9.747178336816725e-11
1666,1.1759575675153664e-09,1.0217358237468186e-10
1667,1.2357697194149446e-09,1.0837796725185984e-10
1668,1.268315350953303e-09,1.0875204680779705e-10
1669,1.2037488337674816e-09,9.784020855053979e-11
1670,1.0929859882867085e-09,8.280994476631384e-11
1671,1.054899498948733e-09,7.70953196691386e-11
1672,1.070687342694971e-09,7.685184732095671e-11
1673,1.0554499517308764e-09,7.355203240158942e-11
1674,9.557165340124626e-10,6.179347621382994e-11
1675,8.586619458188275e-10,5.123382349135329e-11
1676,8.414849401172927e-10,4.87955931485809e-11
1677,8.613409386476476e-10,4.97484049589594e-11
1678,8.222637093913197e-10,4.570532636060353e-11
1679,7.42469856271747e-10,3.9283776587214077e-11
1680,6.98849399885454e-10,3.590613251391275e-11
1681,7.355510641194378e-10,3.8706573449301355e-11
1682,8.121038020303142e-10,4.5343457368901674e-11
1683,8.32587759853498e-10,4.7351794559715237e-11
1684,8.003707182553488e-10,4.4472743067149736e-11
1685,7.679487529792957e-10,4.0902681105456945e-11
1686,7.544138166253381e-10,3.8781803473832204e-11
1687,7.105239971987763e-10,3.435186916813875e-11
1688,6.291602548907179e-10,2.7698723377466086e-11
1689,5.60418169349433e-10,2.2809670549080684e-11
1690,5.45163263545428e-10,2.2138638321115213e-11
1691,5.666348642348888e-10,2.4270825011985093e-11
1692,5.878300799466528e-10,2.6634441002153194e-11
1693,5.920620041576766e-10,2.7439465850548144e-11
1694,6.090188259417411e-10,2.8842900347837084e-11
1695,6.576702649742912e-10,3.263151329524235e-11
1696,7.08673493149376e-10,3.668359657707297e-11
1697,7.364970002579804e-10,3.926951238327444e-11
1698,7.340777633254996e-10,3.9452849087645124e-11
1699,7.537152351862687e-10,4.195694879850013e-11
1700,8.046222480936761e-10,4.771318517457141e-11
1701,8.440219220072494e-10,5.2799187495197636e-11
1702,8.468475714129589e-10,5.524741307456351e-11
1703,8.417851337084036e-10,5.70833665843169e-11
1704,8.581668275423508e-10,5.945371595992784e-11
1705,8.934742915569207e-10,6.205641124492131e-11
1706,9.146230495146648e-10,6.322342828356839e-11
1707,9.167749394773204e-10,6.326554391970255e-11
1708,9.292042805529582e-10,6.54875330298002e-11
1709,9.632653102919618e-10,7.119073062506087e-11
1710,9.884820756904993e-10,7.583892765890474e-11
1711,9.78683720934689e-10,7.525751314891815e-11
1712,9.639085974268922e-10,7.340498877326981e-11
1713,9.857826673451328e-10,7.589500517422217e-11
1714,1.0453709205760858e-09,8.330926509692483e-11
1715,1.1182914841972563e-09,9.3689469993346e-11
1716,1.1626923954396157e-09,1.0068428669140503e-10
1717,1.1505874969199956e-09,9.867929562916035e-11
1718,1.1174297666779686e-09,9.446255919221687e-11
1719,1.101393336978463e-09,9.380173340404868e-11
1720,1.1098450889750228e-09,9.781618904753146e-11
1721,1.1145848286156983e-09,1.0165449804219952e-10
1722,1.0793519021656176e-09,9.804014065081756e-11
1723,9.995999378760701e-10,8.518272821428478e-11
1724,9.416434584295872e-10,7.348175714131733e-11
1725,9.573188408538348e-10,7.097993868056132e-11
1726,1.0186611216462698e-09,7.49927677026928e-11
1727,1.076100976524095e-09,8.048075084153829e-11
1728,1.0759418516945337e-09,7.942655511373892e-11
1729,1.0449207949197877e-09,7.453452647123689e-11
1730,1.0128458589492912e-09,6.93399218308498e-11
1731,9.815874610256688e-10,6.483878331135535e-11
1732,9.20545115124811e-10,5.794237272771013e-11
1733,8.252357494229701e-10,4.8319440231182674e-11
1734,7.414407529205358e-10,4.0609981257066006e-11
1735,6.859386430478376e-10,3.550419963462333e-11
1736,6.538250493447321e-10,3.228005875281911e-11
1737,6.222707360922617e-10,2.916459120519903e-11
1738,6.052721137332385e-10,2.7744545178922856e-11
1739,6.198189303308291e-10,2.8938987869361e-11
1740,6.595348303971659e-10,3.17668823683656e-11
1741,6.715651168578255e-10,3.1980963107180845e-11
1742,6.468518851111686e-10,2.9668126709929515e-11
1743,6.130661776719163e-10,2.6849365033312584e-11
1744,6.099093155596532e-10,2.6326004763431213e-11
1745,6.381250382452979e-10,2.843892678095269e-11
1746,6.3860365791299e-10,2.869358727334028e-11
1747,6.11808943599309e-10,2.7149662815577362e-11
1748,5.977892351258068e-10,2.6567501094819158e-11
1749,5.999539106991862e-10,2.6694578746573994e-11
1750,6.037084710850437e-10,2.7111574532874372e-11
1751,5.944359938490794e-10,2.7170861594693922e-11
1752,5.87195564955215e-10,2.7628031663191575e-11
1753,6.12484309256939e-10,3.0656589743882655e-11
1754,6.669069366360291e-10,3.613275303752649e-11
1755,7.263916087285133e-10,4.23582398413841e-11
1756,8.039922492531696e-10,5.1099156960402794e-11
1757,9.239180669008009e-10,6.483820514579009e-11
1758,1.0718418963034612e-09,8.198367838918865e-11
1759,1.1750753270772875e-09,9.434901504434237e-11
1760,1.2350303532631795e-09,1.0302028475359703e-10
1761,1.2774820529260363e-09,1.087901946154839e-10
1762,1.3275005801257181e-09,1.1500763251101883e-10
1763,1.3524293367215991e-09,1.1909579128280684e-10
1764,1.3250746387326266e-09,1.1791088203528397e-10
1765,1.2774502965125446e-09,1.1392327931762966e-10
1766,1.2833542706903553e-09,1.164268839431373e-10
1767,1.3298967535146453e-09,1.2372783274755575e-10
1768,1.3961930646899775e-09,1.3471632818564689e-10
1769,1.4783516767442624e-09,1.487863511956058e-10
1770,1.5902095216406234e-09,1.6675975405960423e-10
1771,1.6862234212266143e-09,1.808797809129468e-10
1772,1.7224811578186133e-09,1.8706847767375668e-10
1773,1.6943850385669125e-09,1.8335895212940697e-10
1774,1.6212848866634637e-09,1.7120636477066675e-10
1775,1.5481547471985038e-09,1.607854940223309e-10
1776,1.4591489836143366e-09,1.489969629761893e-10
1777,1.359427615610894e-09,1.358044995667817e-10
1778,1.264177804884334e-09,1.2149893487836878e-10
1779,1.1957442869304737e-09,1.0970587434368712e-10
1780,1.1686557342693748e-09,1.0249218454052062e-10
1781,1.1748961597473063e-09,9.958091173299424e-11
1782,1.1793496369426593e-09,9.697003908809241e-11
1783,1.1776626729717398e-09,9.523119946611243e-11
1784,1.1628980340469717e-09,9.201874171221132e-11
1785,1.151561731053421e-09,8.888330753905176e-11
1786,1.154187704593468e-09,8.801837768271062e-11
1787,1.1450599137777634e-09,8.59108412575965e-11
1788,1.103915535422064e-09,8.02097395701264e-11
1789,1.057130853245664e-09,7.476425880502812e-11
1790,1.0181582375306706e-09,7.041728634947308e-11
1791,9.751270883744943e-10,6.514488268199733e-11
1792,9.215253969136012e-10,5.914911949916895e-11
1793,8.637700007627863e-10,5.324654804673021e-11
1794,8.075485088885793e-10,4.7304951233576046e-11
1795,7.680662544398274e-10,4.310716707348079e-11
1796,7.380944475228858e-10,4.000880123170602e-11
1797,7.230253428331599e-10,3.830104626945932e-11
1798,7.31744084833868e-10,3.8489970826984664e-11
1799,7.609156545908746e-10,4.0441439994269075e-11
1800,7.92677158824794e-10,4.2848524368534774e-11
1801,8.264317820754098e-10,4.5938395003367494e-11
1802,8.538745248908305e-10,4.8507636555881425e-11
1803,8.715960943652214e-10,5.031221107143072e-11
1804,8.646712938191176e-10,5.021549205381615e-11
1805,8.437661030773794e-10,4.907703152440793e-11
1806,8.38068310802937e-10,4.9308457071618735e-11
1807,8.570379057980184e-10,5.183881247460411e-11
1808,8.649983736982137e-10,5.3158559603370835e-11
1809,8.549365365014019e-10,5.2861958850447424e-11
1810,8.430441222664816e-10,5.217214669878156e-11
1811,8.805942173643905e-10,5.6381460475994194e-11
1812,9.836464344501879e-10,6.817633526265593e-11
1813,1.1202058500975024e-09,8.515967194402927e-11
1814,1.245034990028436e-09,1.0219181883391698e-10
1815,1.3497101053611155e-09,1.1738838221601217e-10
1816,1.4348268691185427e-09,1.2915313717954682e-10
1817,1.5241612536916564e-09,1.4134678380002525e-10
1818,1.6101292181044016e-09,1.537543758790845e-10
1819,1.65279034853962e-09,1.5923389630507334e-10
1820,1.644420182495705e-09,1.5728346628247742e-10
1821,1.6134981263716428e-09,1.5320619089315718e-10
1822,1.57633811966265e-09,1.4803186260132472e-10
1823,1.5314372037954355e-09,1.414267500594097e-10
1824,1.4512009688153033e-09,1.303893385401193e-10
1825,1.3545066652385234e-09,1.185784795909479e-10
1826,1.2743325991786426e-09,1.0961572836552536e-10
1827,1.2436333653229118e-09,1.0755725119826848e-10
1828,1.2467668319657178e-09,1.0973393015238002e-10
1829,1.247384329021114e-09,1.1061239353166778e-10
1830,1.2490676531365233e-09,1.1065125394022112e-10
1831,1.2716185021988623e-09,1.1226302797742469e-10
1832,1.2954641598193461e-09,1.1328153062258051e-10
1833,1.2686248238463893e-09,1.0868179577987064e-10
1834,1.1840752352537026e-09,9.851145815688517e-11
1835,1.0969128131557048e-09,8.887012708486939e-11
1836,1.0576968544833508e-09,8.450968284341094e-11
1837,1.0242152247890374e-09,7.919470590178188e-11
1838,9.598259451435754e-10,7.030094923802252e-11
1839,8.901930395594944e-10,6.133210550567644e-11
1840,8.736351101968286e-10,5.778104092294291e-11
1841,9.165840455687471e-10,6.001906738616572e-11
1842,9.670985264841407e-10,6.404434310832801e-11
1843,9.716145508227313e-10,6.449396679605617e-11
1844,9.282054228676572e-10,5.955032613467799e-11
1845,8.848351845697668e-10,5.432627704198964e-11
1846,8.508662957929107e-10,5.0327876544293183e-11
1847,7.967184010600445e-10,4.464240115807455e-11
1848,7.321390784441021e-10,3.869286010400702e-11
1849,6.852221109631098e-10,3.486045883951964e-11
1850,6.677874121546939e-10,3.349822270261558e-11
1851,6.757143336958422e-10,3.3988906435669766e-11
1852,6.744929264209859e-10,3.332504013170954e-11
1853,6.692665545067298e-10,3.255261195321562e-11
1854,6.710308661285595e-10,3.2631260167117146e-11
1855,7.023985811076184e-10,3.5527854522807474e-11
1856,7.480740512945367e-10,3.988959414467752e-11
1857,7.680119469217513e-10,4.18271448308266e-11
1858,7.701061496141691e-10,4.228766304747111e-11
1859,7.959437416466307e-10,4.49879781436059e-11
1860,8.604752312135683e-10,5.098000837674273e-11
1861,9.212074591078017e-10,5.662327540821349e-11
1862,9.290376067433006e-10,5.771070074051105e-11
1863,8.955018920623982e-10,5.4968714993059367e-11
1864,8.953195584943679e-10,5.560007583345236e-11
1865,9.29152627076937e-10,5.930973430581218e-11
1866,9.286600414131566e-10,5.958976808768375e-11
1867,8.458704902010295e-10,5.181663455060439e-11
1868,7.580465388252603e-10,4.3921907440913676e-11
1869,7.346390231717518e-10,4.1633536949100684e-11
1870,7.739645740289305e-10,4.474881812913361e-11
1871,8.368623014972116e-10,5.067715718681156e-11
1872,9.08899682816872e-10,5.84534490096667e-11
1873,9.993215630696562e-10,6.795806191812257e-11
1874,1.1171203183201345e-09,8.086564797338066e-11
1875,1.2352362099382692e-09,9.634320577895942e-11
1876,1.2919271409545062e-09,1.0577155191826387e-10
1877,1.2991771657793228e-09,1.0872028402791871e-10
1878,1.2873646546087685e-09,1.086060326517625e-10
1879,1.2515520794919643e-09,1.0430861962682952e-10
1880,1.1636462487783724e-09,9.216156043312002e-11
1881,1.0571932879845553e-09,7.847213422410159e-11
1882,9.718465834789576e-10,6.813148136698431e-11
1883,9.367165987569376e-10,6.405762058464848e-11
1884,9.149464094499764e-10,6.18143221690416e-11
1885,8.836785699446287e-10,5.918755974916698e-11
1886,8.511623949217656e-10,5.66386939065524e-11
1887,8.437358555941687e-10,5.6564886514119504e-11
1888,8.502607803071012e-10,5.7613570881978176e-11
1889,8.389227400894526e-10,5.7189389697392525e-11
1890,8.141443311390952e-10,5.602066484985855e-11
1891,7.92220263385592e-10,5.4133967255714983e-11
1892,7.893490616271984e-10,5.2895775761743973e-11
1893,7.835255610128489e-10,5.1250112865814494e-11
1894,7.582860124854972e-10,4.823198834716365e-11
1895,7.286347853352166e-10,4.470529993207681e-11
1896,7.11285255850358e-10,4.210942550656342e-11
1897,6.870265530990617e-10,3.8624889940034456e-11
1898,6.532205890115028e-10,3.478448685759884e-11
1899,6.437896808997162e-10,3.378306673219352e-11
1900,6.592103530473916e-10,3.477474498166706e-11
1901,6.791469415344057e-10,3.624909591555045e-11
1902,6.743443476033455e-10,3.5915114473353454e-11
1903,6.474374310273102e-10,3.349821998532574e-11
1904,6.473283091369042e-10,3.325285075152084e-11
1905,6.802855379786552e-10,3.587867919118529e-11
1906,7.154052443518501e-10,3.903096806107308e-11
1907,7.378831477398497e-10,4.151760275353687e-11
1908,7.388069524294614e-10,4.150258179068169e-11
1909,7.361107610288938e-10,4.052281865358842e-11
1910,7.104690143420846e-10,3.7321540116952214e-11
1911,6.770306482938923e-10,3.414663777846377e-11
1912,6.771023836256539e-10,3.4357035158476974e-11
1913,7.201693067532154e-10,3.830710471187196e-11
1914,7.803960274609514e-10,4.4040088517922645e-11
1915,7.991520827516226e-10,4.612948738344625e-11
1916,8.036789958624711e-10,4.729959074310907e-11
1917,8.585410585614746e-10,5.3210680919586834e-11
1918,9.630210750414324e-10,6.382832139439945e-11
1919,1.002664284681328e-09,6.760401258192843e-11
1920,9.43499539757226e-10,6.21893493311093e-11
1921,8.796182673593035e-10,5.6362042153513363e-11
1922,8.698757726244191e-10,5.4307766617597105e-11
1923,8.70256597862642e-10,5.2947075937974554e-11
1924,7.858629096218133e-10,4.455642142444164e-11
1925,6.813314033430016e-10,3.5709665720322926e-11
1926,6.524575489324572e-10,3.3139920674484894e-11
1927,7.052202960256339e-10,3.664475164527835e-11
1928,7.531217087490884e-10,4.0002870047763806e-11
1929,7.437448229113487e-10,3.9270553769896507e-11
1930,7.438133753124658e-10,3.970265160072689e-11
1931,8.213209372553102e-10,4.731110440883038e-11
1932,9.353615682064294e-10,5.976495674635407e-11
1933,9.61907042435759e-10,6.451956920774632e-11
1934,8.924710342407134e-10,5.88434410471763e-11
1935,8.264371809663402e-10,5.2488492626723614e-11
1936,8.229843038865904e-10,5.2066604470157516e-11
1937,8.362922373860873e-10,5.384885768603071e-11
1938,8.132138483555541e-10,5.293975225008821e-11
1939,7.76312806811563e-10,5.0771670885189255e-11
1940,7.805004476188167e-10,5.1738190196201777e-11
1941,8.302727883344544e-10,5.665643942843867e-11
1942,8.727388848107758e-10,6.10945633608994e-11
1943,8.897806912036848e-10,6.414395550702458e-11
1944,9.005041397861314e-10,6.72055308762704e-11
1945,9.121854369467193e-10,6.882704619783351e-11
1946,8.993783626185135e-10,6.670488506896235e-11
1947,8.350002107977698e-10,5.889050405663303e-11
1948,7.578940830845922e-10,5.0068995420245875e-11
1949,7.122592772408348e-10,4.477590576853957e-11
1950,6.90298170927849e-10,4.2502893593224006e-11
1951,6.60193305847242e-10,3.978518324250079e-11
1952,6.193304415246276e-10,3.577734659954625e-11
1953,6.033240289872394e-10,3.3373127416128373e-11
1954,6.365145732861951e-10,3.489714220566779e-11
1955,6.858265793439553e-10,3.786409371761452e-11
1956,7.169330488848283e-10,3.9919805328072355e-11
1957,7.389100387094832e-10,4.182601529855362e-11
1958,7.674194615477386e-10,4.383042748455222e-11
1959,7.931955577306291e-10,4.51299603898802e-11
1960,7.840248643617818e-10,4.3843524311096075e-11
1961,7.44620839846961e-10,4.0659393420941315e-11
1962,7.276384702770269e-10,3.955640257323328e-11
1963,7.611511930462417e-10,4.246816175040006e-11
1964,7.923062384703071e-10,4.4386025160130606e-11
1965,7.821644233966841e-10,4.259838034515315e-11
1966,7.525179114298953e-10,3.941341717842796e-11
1967,7.716042257446935e-10,4.0924174584892656e-11
1968,8.356146479881073e-10,4.677540896684881e-11
1969,8.63691932928255e-10,4.966281412089196e-11
1970,8.141217815013578e-10,4.567950138952377e-11
1971,7.628832824580506e-10,4.165014779568551e-11
1972,7.838166693995275e-10,4.3544733196566365e-11
1973,8.815775734962885e-10,5.2906885389209183e-11
1974,9.66804383946031e-10,6.21295157089226e-11
1975,9.84778023645364e-10,6.493167046696196e-11
1976,9.626522956212664e-10,6.234321025237692e-11
1977,9.506712104061054e-10,5.967337192414294e-11
1978,9.31584380538329e-10,5.619689470897616e-11
1979,8.576620627317752e-10,4.823035535489509e-11
1980,7.483754712358684e-10,3.842221128738048e-11
1981,6.714322205965524e-10,3.251684582474677e-11
1982,6.451505742996075e-10,3.08368591308435e-11
1983,6.444135586766227e-10,3.0807036206245695e-11
1984,6.397810056596668e-10,3.0132294792429504e-11
1985,6.621827408930589e-10,3.1890223903083783e-11
1986,7.276583548108042e-10,3.7121743788829406e-11
1987,8.318406717882594e-10,4.6362318519773164e-11
1988,8.98133276884997e-10,5.31959639782274e-11
1989,8.702644142452047e-10,5.133842489355182e-11
1990,7.997131599600844e-10,4.524837102884853e-11
1991,7.482397046075689e-10,4.056013518417218e-11
1992,7.051761991360763e-10,3.668293415206956e-11
1993,6.427744155653043e-10,3.208509039994921e-11
1994,5.79582894367099e-10,2.818879755462572e-11
1995,5.538193345644615e-10,2.6730398960168622e-11
1996,5.79363900906193e-10,2.8122081194736545e-11
1997,6.258716188504421e-10,3.0764587613398404e-11
1998,6.56292141171259e-10,3.275914934272871e-11
1999,6.763016947930559e-10,3.4961349432492215e-11
2000,7.118748282884961e-10,3.928019734721688e-11
2001,7.368601887406847e-10,4.2677938411930924e-11
2002,7.080351799009251e-10,4.033725202825031e-11
2003,6.4474143691176e-10,3.4418113406686164e-11
2004,6.050750358583272e-10,3.0442468658070416e-11
2005,5.995091642339208e-10,2.9311755776754763e-11
2006,5.98440970042136e-10,2.9206280636737456e-11
2007,5.825902587403458e-10,2.8675091179707494e-11
2008,5.703280849637966e-10,2.800533697249506e-11
2009,5.752508383834952e-10,2.75037836550533e-11
2010,5.735596004561961e-10,2.596895192258563e-11
2011,5.44572446614488e-10,2.3004435278982368e-11
2012,5.161187917960261e-10,2.0772857985404736e-11
2013,5.266450166165966e-10,2.1371101948667778e-11
2014,5.735743778161066e-10,2.450704255402819e-11
2015,6.115700213818125e-10,2.7049926057981476e-11
2016,6.260879746324864e-10,2.7984088056871612e-11
2017,6.55238531405723e-10,3.0093716037315173e-11
2018,7.096534147440706e-10,3.395596755798692e-11
2019,7.441931267842744e-10,3.632591179676902e-11
2020,7.220815674786428e-10,3.462743175675636e-11
2021,6.770994219120038e-10,3.13205026417803e-11
2022,6.742564563976211e-10,3.135263120350329e-11
2023,7.091267910034181e-10,3.446579681258827e-11
2024,7.235044435551236e-10,3.602397797462079e-11
2025,6.965743493020265e-10,3.4047447858198904e-11
2026,6.814137502382779e-10,3.276341902387198e-11
2027,7.155651718263026e-10,3.516569605106233e-11
2028,7.710375464762007e-10,3.933514174518831e-11
2029,7.863721655667529e-10,4.040873452110699e-11
2030,7.691637304794761e-10,3.926767233788268e-11
2031,7.570880694962096e-10,3.852833813245586e-11
2032,7.682208188388325e-10,3.9690803242964736e-11
2033,7.607609908492526e-10,3.925212917992943e-11
2034,6.980440707637324e-10,3.3885301690783674e-11
2035,6.25021977250563e-10,2.7903034050111886e-11
2036,5.944750209967154e-10,2.5294184979286176e-11
2037,5.989597851554675e-10,2.5155104654867318e-11
2038,6.01657821355e-10,2.5039255559282146e-11
2039,5.743119722301418e-10,2.301092548480781e-11
2040,5.556842724999934e-10,2.196119589343796e-11
2041,5.678620065290563e-10,2.3042497294631746e-11
2042,6.090119182124705e-10,2.6572057617748976e-11
2043,6.347137534471742e-10,2.937145546980837e-11
2044,6.375106891251811e-10,3.047338178686396e-11
2045,6.489870087690228e-10,3.171874481973712e-11
2046,6.640628076139077e-10,3.2303131308772595e-11
2047,6.510631415812484e-10,3.051601106161136e-11
2048,5.92000452574029e-10,2.5664292645509992e-11
2049,5.308344319364107e-10,2.138275318272703e-11
2050,5.087377104835725e-10,2.0292112930825034e-11
2051,5.086326556765385e-10,2.0715638096011852e-11
2052,4.862930112707933e-10,1.9476667533527804e-11
2053,4.5083641769975934e-10,1.7480682967307387e-11
2054,4.4177334744211926e-10,1.724888277478385e-11
2055,4.734460412986324e-10,1.989808524580768e-11
2056,5.100569965491558e-10,2.326672369753761e-11
2057,5.220711726417356e-10,2.51675008647392e-11
2058,5.278709962655873e-10,2.6198469303661146e-11
2059,5.438753156320297e-10,2.6804322267427748e-11
2060,5.567858841214821e-10,2.6798845701545244e-11
2061,5.313083609399874e-10,2.451291392593798e-11
2062,4.770831689657358e-10,2.0467724182946715e-11
2063,4.324191595828886e-10,1.6971832873933105e-11
2064,4.0487436486622057e-10,1.457140465441906e-11
2065,3.8250407854852116e-10,1.275507690064831e-11
2066,3.5951237988777846e-10,1.1171165026276338e-11
2067,3.486666340423785e-10,1.0525101489340275e-11
2068,3.5535986018404034e-10,1.097143493850042e-11
2069,3.6401448498632385e-10,1.1416188425776663e-11
2070,3.809191440506196e-10,1.2262245021991941e-11
2071,4.1095008219803706e-10,1.3699492336682395e-11
2072,4.583697171969159e-10,1.6221294827042804e-11
2073,4.995730067668542e-10,1.8612082924122892e-11
2074,5.17874058627563e-10,1.9725591287324327e-11
2075,5.258028600797729e-10,2.0050413833004394e-11
2076,5.401209808656137e-10,2.0654428881381e-11
2077,5.465364331093679e-10,2.0810618046259257e-11
2078,5.210367145400077e-10,1.9023513039892515e-11
2079,4.880088971668695e-10,1.6983739288903504e-11
2080,4.957921119073413e-10,1.7714577660340517e-11
2081,5.34671117693601e-10,2.0290112787210552e-11
2082,5.528138946346238e-10,2.1407146385376514e-11
2083,5.40669767717315e-10,2.082713499325883e-11
2084,5.399788613536312e-10,2.1057582725925643e-11
2085,5.934746307391391e-10,2.5020423728658067e-11
2086,6.727488262451842e-10,3.14311935678833e-11
2087,6.917555258955741e-10,3.354614657097831e-11
2088,6.511550849855404e-10,3.064181940866037e-11
2089,6.463405400563093e-10,3.033008894215912e-11
2090,7.116262606469323e-10,3.520996059293137e-11
2091,7.682416807650357e-10,3.9031919315863475e-11
2092,7.479333582639401e-10,3.7026435692608496e-11
2093,6.903491388724501e-10,3.253934258937478e-11
2094,6.869162249384508e-10,3.2352539865072447e-11
2095,7.411692639639048e-10,3.678695381939554e-11
2096,7.526656970321338e-10,3.801064752929485e-11
2097,7.023240116416255e-10,3.496278580978972e-11
2098,6.734927042433415e-10,3.3815771863015195e-11
2099,7.258858317983763e-10,3.8982889295550106e-11
2100,8.077602052560432e-10,4.641552448776942e-11
2101,7.981373335226544e-10,4.4964339214820314e-11
2102,7.062117472437553e-10,3.611053810853097e-11
2103,6.314708285268826e-10,2.9164094891817233e-11
2104,5.934176823405673e-10,2.5453604062118113e-11
2105,5.371695430108278e-10,2.1243682244742922e-11
2106,4.4723660635762794e-10,1.571019339446055e-11
2107,3.818366379624538e-10,1.214717855719373e-11
2108,3.743649297843678e-10,1.1691666505240415e-11
2109,3.966592149938105e-10,1.2737529654890784e-11
2110,3.948525573070363e-10,1.2645471686981988e-11
2111,3.8373524399216885e-10,1.2610205335161089e-11
2112,4.089443685044707e-10,1.498778837278471e-11
2113,4.729408928541917e-10,1.993290157691033e-11
2114,5.089992850329097e-10,2.3194266531721482e-11
2115,4.851497967761851e-10,2.2281078268926603e-11
2116,4.5708388219224897e-10,2.0486228276253792e-11
2117,4.69392262584809e-10,2.080064671912242e-11
2118,4.912290550613299e-10,2.158648595896604e-11
2119,4.641341224766282e-10,1.8926895073319668e-11
2120,4.1226719605023713e-10,1.480074696689253e-11
2121,3.961275843037878e-10,1.303032984950076e-11
2122,4.3044159270257366e-10,1.4513116270231616e-11
2123,4.651007111903442e-10,1.6528509248374478e-11
2124,4.6159199041099557e-10,1.6721800016636076e-11
2125,4.439793365616216e-10,1.6132113632178607e-11
2126,4.69183963480013e-10,1.8199009673377854e-11
2127,5.393568066740958e-10,2.32492884959452e-11
2128,6.120683668650286e-10,2.8837420803073795e-11
2129,6.43932323849056e-10,3.130550852000394e-11
2130,6.55845363931885e-10,3.1830272913134976e-11
2131,6.763794173141998e-10,3.2515193446538544e-11
2132,6.985558154341025e-10,3.330144657796856e-11
2133,6.741489088836465e-10,3.063340203931364e-11
2134,6.033180849042718e-10,2.5004405706006816e-11
2135,5.444607996301256e-10,2.0927424162378493e-11
2136,5.090156831161194e-10,1.847833366822372e-11
2137,4.869475763369009e-10,1.7036657242274163e-11
2138,4.543777888920951e-10,1.5040255112943182e-11
2139,4.3276506763654166e-10,1.3765937417911575e-11
2140,4.5673559092168415e-10,1.513195706984764e-11
2141,5.157382434731576e-10,1.8548153592568348e-11
2142,5.778898308386816e-10,2.260936407986669e-11
2143,6.290476585945115e-10,2.6731766774812282e-11
2144,6.845615579995819e-10,3.1664348054776656e-11
2145,7.76039499169815e-10,4.0395321356088915e-11
2146,8.509866502172818e-10,4.835613676256604e-11
2147,8.738581354724924e-10,5.184891026351461e-11
2148,8.613304582196588e-10,5.137435970690369e-11
2149,8.589980461479712e-10,5.0657065056101905e-11
2150,8.580370491547378e-10,4.918166766787273e-11
2151,8.181680617397333e-10,4.4226212798249023e-11
2152,7.50989639757687e-10,3.779146241558828e-11
2153,6.993615851185167e-10,3.326945785113995e-11
2154,6.850642998483088e-10,3.2141008050796546e-11
2155,6.729199451639979e-10,3.154848747391794e-11
2156,6.344887497073617e-10,2.9132223026110264e-11
2157,5.97216659312497e-10,2.663879070812384e-11
2158,5.829014296061879e-10,2.516607811774862e-11
2159,5.77882369301525e-10,2.3902995562297256e-11
2160,5.637404340185843e-10,2.231111348955753e-11
2161,5.342013552623331e-10,1.98562564306886e-11
2162,5.170372506066003e-10,1.8417684620875955e-11
2163,5.000459040459254e-10,1.7191342507637847e-11
2164,4.690768966389581e-10,1.554280360897066e-11
2165,4.202863190512268e-10,1.3055584583011869e-11
2166,3.828952006865128e-10,1.1191573568894934e-11
2167,3.6702890420174993e-10,1.0444999542435104e-11
2168,3.5993270787425413e-10,1.025311117213957e-11
2169,3.57129153306263e-10,1.0417002941403537e-11
2170,3.7177306238695387e-10,1.1427732024065893e-11
2171,4.093330113466656e-10,1.3486275598490868e-11
2172,4.455594973445959e-10,1.5349633808579116e-11
2173,4.4725050061813944e-10,1.5225304527751088e-11
2174,4.239378618422107e-10,1.3839872663039963e-11
2175,4.134858977984001e-10,1.3319940407345099e-11
2176,4.201948539639302e-10,1.3690897116915998e-11
2177,4.187999780246998e-10,1.349161187675542e-11
2178,3.9380828414007613e-10,1.1865326007249776e-11
2179,3.741596990498679e-10,1.0605183542900292e-11
2180,3.9272853994496975e-10,1.1437075515293883e-11
2181,4.400974787961791e-10,1.4016549722000378e-11
2182,4.825219377129917e-10,1.6781885663791004e-11
2183,5.074215193786259e-10,1.8922172471091312e-11
2184,5.383121211278822e-10,2.152546229710226e-11
2185,5.888382525623336e-10,2.5319578718596667e-11
2186,6.399014932410825e-10,2.935719943388121e-11
2187,6.599761575797444e-10,3.1138662801463643e-11
2188,6.457346709792074e-10,2.965298255537803e-11
2189,6.187863350688853e-10,2.6759775397038325e-11
2190,5.761005786267433e-10,2.2864430950418504e-11
2191,5.146191321583989e-10,1.8340179069640276e-11
2192,4.551903549915128e-10,1.472996351228974e-11
2193,4.1619120302411406e-10,1.2697251400420229e-11
2194,3.882233016761093e-10,1.1225255190789446e-11
2195,3.562659845160736e-10,9.501215285985256e-12
2196,3.382310592168225e-10,8.623452965873728e-12
2197,3.5061416049153074e-10,9.230161675812184e-12
2198,3.846163797517042e-10,1.0869947457736077e-11
2199,4.322388276606379e-10,1.3577439458106593e-11
2200,4.830929556789494e-10,1.6987563382769143e-11
2201,5.510458536613107e-10,2.182874888399545e-11
2202,6.296652855293111e-10,2.7774336802260776e-11
2203,6.795937863506296e-10,3.2076464127296597e-11
2204,6.763755516582194e-10,3.229135841327011e-11
2205,6.567189325538518e-10,3.0724191934460194e-11
2206,6.634484838357918e-10,3.090518357956296e-11
2207,6.457762443672771e-10,2.8647127765650367e-11
2208,5.793436261975991e-10,2.3234164534825448e-11
2209,4.976726138052115e-10,1.7650203148488668e-11
2210,4.476145318039068e-10,1.4411917901793369e-11
2211,4.372950842310371e-10,1.3678837132840753e-11
2212,4.42082171101022e-10,1.4118913335336312e-11
2213,4.459101100167494e-10,1.4670842619680176e-11
2214,4.55891334715623e-10,1.540570842815584e-11
2215,4.926424287162716e-10,1.7656816445940174e-11
2216,5.438039193555845e-10,2.0838156581782117e-11
2217,5.743617046050003e-10,2.2717783641648024e-11
2218,5.705272236693623e-10,2.2389748433020746e-11
2219,5.475718240776495e-10,2.0998665494944967e-11
2220,5.164529453937943e-10,1.9171721586287816e-11
2221,4.799104300667882e-10,1.7047561776192194e-11
2222,4.386594786246393e-10,1.4598539950475948e-11
2223,4.0490502384171803e-10,1.252233416872506e-11
2224,3.8704090247757196e-10,1.1344725473189006e-11
2225,3.872524862270538e-10,1.1314778378150998e-11
2226,3.9439468177026327e-10,1.1835899176235609e-11
2227,4.1225412764821617e-10,1.3217388985835748e-11
2228,4.4701059360919496e-10,1.5776345827407508e-11
2229,4.916093620928534e-10,1.8926334357193552e-11
2230,5.158249441735579e-10,2.0478263989975462e-11
2231,5.016455452518724e-10,1.9298739571066308e-11
2232,4.801372098500815e-10,1.781919579788948e-11
2233,4.688165503622073e-10,1.686614442371537e-11
2234,4.686441602179015e-10,1.6596018292295658e-11
2235,4.447285485830265e-10,1.476880271707862e-11
2236,3.9285145316241626e-10,1.1480083031392774e-11
2237,3.456927790955907e-10,8.81459622353856e-12
2238,3.1868058356179e-10,7.382628764661647e-12
2239,3.1810055613099114e-10,7.370091944323739e-12
2240,3.3062100260449614e-10,8.04079121907828e-12
2241,3.506058310111547e-10,9.07761264651774e-12
2242,3.7767552629003134e-10,1.0448730134142827e-11
2243,4.133998672946243e-10,1.2392886437076465e-11
2244,4.582826433636194e-10,1.5073051304139367e-11
2245,4.943265701128222e-10,1.7153837522006667e-11
2246,5.043096614155394e-10,1.7560403483660067e-11
2247,4.843105210628471e-10,1.627025359257161e-11
2248,4.579979825696559e-10,1.4751841043931634e-11
2249,4.4408822435129675e-10,1.4165039318521025e-11
2250,4.292430771425325e-10,1.3669582657215586e-11
2251,3.9833671528426205e-10,1.2232160102906025e-11
2252,3.610344160600962e-10,1.0254443848047301e-11
2253,3.413898371347766e-10,9.074592182673e-12
2254,3.4437916368359143e-10,8.978522885063596e-12
2255,3.485421681994157e-10,9.013713520359432e-12
2256,3.531406897417887e-10,9.227446859042473e-12
2257,3.859007945058143e-10,1.1026124768501712e-11
2258,4.5995738352873274e-10,1.5324978720581007e-11
2259,5.346091680613827e-10,2.0136753688703493e-11
2260,5.495225913234734e-10,2.1467391110870786e-11
2261,5.248215690303142e-10,2.0309552676962114e-11
2262,5.077495565751402e-10,1.9168496556074152e-11
2263,5.184177978690828e-10,1.9607676335872675e-11
2264,5.17218907482691e-10,1.9310545046257614e-11
2265,4.786033210881175e-10,1.6662107745203904e-11
2266,4.5754734980907407e-10,1.53355443869489e-11
2267,4.825274042775521e-10,1.6771219787782216e-11
2268,5.2541658719115e-10,1.9397155670815406e-11
2269,5.374298102499773e-10,2.035576411799413e-11
2270,5.284193804855344e-10,2.018954788373776e-11
2271,5.306614687725437e-10,2.055145368703706e-11
2272,5.509383145049909e-10,2.184930795457273e-11
2273,5.685438871113654e-10,2.3110998147352238e-11
2274,5.713247358825187e-10,2.342615409653621e-11
2275,5.760796256523776e-10,2.359892147200001e-11
2276,5.995108553177059e-10,2.5129023447788256e-11
2277,6.148673308094052e-10,2.6293805537642502e-11
2278,6.072306840119054e-10,2.5932865578970052e-11
2279,5.88435349754829e-10,2.4723697886590632e-11
2280,5.651137233788469e-10,2.3018593353045326e-11
2281,5.340019625080682e-10,2.0854300198823848e-11
2282,4.935450173502426e-10,1.8275037587983287e-11
2283,4.781556827818789e-10,1.7579351646656922e-11
2284,4.972961386408379e-10,1.899356039148982e-11
2285,5.337008491746017e-10,2.1452694332481995e-11
2286,5.513977181145067e-10,2.261861793518454e-11
2287,5.377829495431753e-10,2.1499281657457825e-11
2288,5.247117968210603e-10,2.041429012722574e-11
2289,5.333582562498063e-10,2.0820584996939116e-11
2290,5.397535704637815e-10,2.1056240472023873e-11
2291,5.128368191332231e-10,1.9143014287788756e-11
2292,4.6073438296512506e-10,1.5832479605074742e-11
2293,4.2389258660274656e-10,1.3591330725821767e-11
2294,4.1171310395158166e-10,1.2722815185798232e-11
2295,4.1625957911636034e-10,1.2860275220983849e-11
2296,4.1746932230831474e-10,1.2921769284605974e-11
2297,4.288332081295239e-10,1.366707978190168e-11
2298,4.6343203313854536e-10,1.5794109725462867e-11
2299,5.030421466108851e-10,1.8229381427346245e-11
2300,5.141680200419958e-10,1.891466259977205e-11
2301,5.096733220962565e-10,1.8853221687823317e-11
2302,5.173728100855298e-10,1.9584898312041425e-11
2303,5.390982391548662e-10,2.103542506924669e-11
2304,5.571937299084382e-10,2.2386049553018542e-11
2305,5.300762950510878e-10,2.0551463750916325e-11
2306,4.8699252464536e-10,1.7787331611269766e-11
2307,4.693996805962898e-10,1.682497129458844e-11
2308,4.646253413676518e-10,1.6506521458954624e-11
2309,4.5404894920014553e-10,1.5711477472199325e-11
2310,4.3778228307664756e-10,1.4569463025118132e-11
2311,4.3623640162971127e-10,1.4369199320851145e-11
2312,4.560293318085739e-10,1.5471653626550476e-11
2313,4.752152162236516e-10,1.668439597596483e-11
2314,4.815837842836652e-10,1.730173198654988e-11
2315,4.94043316316751e-10,1.8292809228879426e-11
2316,5.3379417341955e-10,2.096213979007215e-11
2317,5.833347898061875e-10,2.4361376966125313e-11
2318,5.981423001752531e-10,2.542440602700247e-11
2319,5.580501358750607e-10,2.2481147949243002e-11
2320,5.19858196896459e-10,1.9839064762064563e-11
2321,5.103745088875106e-10,1.9118056293827323e-11
2322,5.090652341855936e-10,1.8811875136224673e-11
2323,4.835753782283509e-10,1.6988311936616467e-11
2324,4.5084703328248434e-10,1.5013085723783743e-11
2325,4.363011397811962e-10,1.4139324486933217e-11
2326,4.597086966186845e-10,1.556953343876673e-11
2327,4.97270912835043e-10,1.8004073693231147e-11
2328,5.278033030429856e-10,2.019599510279397e-11
2329,5.592579740181762e-10,2.2625377665592015e-11
2330,5.928141219477664e-10,2.5070878385569485e-11
2331,6.345873893621248e-10,2.8347380644945942e-11
2332,6.579685276058424e-10,3.042380046758338e-11
2333,6.501701425343474e-10,2.99751741509807e-11
2334,6.18437266351031e-10,2.7563562933583466e-11
2335,5.882114952719326e-10,2.543364954114574e-11
2336,5.649431300856003e-10,2.375196115937518e-11
2337,5.504965423481136e-10,2.2617948411237565e-11
2338,5.511137590574536e-10,2.2677986929283293e-11
2339,5.645286098002269e-10,2.3549553105727837e-11
2340,5.814065597426999e-10,2.4430486559429127e-11
2341,5.866574564406262e-10,2.4529619167712673e-11
2342,5.904680042163041e-10,2.4985554757334843e-11
2343,5.956059638363924e-10,2.55629129428339e-11
2344,5.999172803907438e-10,2.600698179903708e-11
2345,5.822936312871573e-10,2.481082087240681e-11
2346,5.39840914666641e-10,2.1913267285594602e-11
2347,5.090921526948759e-10,1.9823827255395017e-11
2348,5.016830705350024e-10,1.907576777387265e-11
2349,5.005299763545986e-10,1.876067471703089e-11
2350,4.834665125482089e-10,1.7627876390775505e-11
2351,4.585729610825645e-10,1.6078289182485e-11
2352,4.63212331786002e-10,1.635484701436797e-11
2353,4.971683537099587e-10,1.8411859798885266e-11
2354,5.274512656191658e-10,2.0397234852110164e-11
2355,5.37529765417625e-10,2.1334028351422466e-11
2356,5.416086048460617e-10,2.1832164492355426e-11
2357,5.644646898048145e-10,2.348740955879037e-11
2358,5.867203929805682e-10,2.4963392439031474e-11
2359,5.759952871973085e-10,2.4011235797592506e-11
2360,5.280017725700841e-10,2.051848090026539e-11
2361,4.793468007463506e-10,1.7209022643806806e-11
2362,4.485988635597173e-10,1.519390031189606e-11
2363,4.320872457860087e-10,1.4300150489567452e-11
2364,4.2268006225590283e-10,1.3951654850220435e-11
2365,4.23367086674833e-10,1.4176819997992804e-11
2366,4.3802170142186813e-10,1.5132168262841743e-11
2367,4.6342299064000925e-10,1.6693092854748646e-11
2368,4.892362632199866e-10,1.835185684651817e-11
2369,5.194327762697326e-10,2.041753978401763e-11
2370,5.576248116279209e-10,2.3121329568841656e-11
2371,6.027552683296695e-10,2.639591019694631e-11
2372,6.298132214183688e-10,2.835119203624895e-11
2373,6.390797509555186e-10,2.912962701432817e-11
2374,6.404298837516755e-10,2.946855024153845e-11
2375,6.500275427081635e-10,3.0497709191571625e-11
2376,6.653663590029366e-10,3.190715101393131e-11
2377,6.695184163694843e-10,3.2294174752792097e-11
2378,6.52239025128265e-10,3.0654554783201537e-11
2379,6.250431077686261e-10,2.8228820853109897e-11
2380,5.892087893365147e-10,2.5308087841668285e-11
2381,5.388293446984343e-10,2.1551153332111157e-11
2382,4.881059295794133e-10,1.8206169678410945e-11
2383,4.574447703322138e-10,1.6414854098715025e-11
2384,4.586466129550468e-10,1.6660799646226064e-11
2385,4.872702837113697e-10,1.8735287452123725e-11
2386,5.265417856413265e-10,2.180036651697043e-11
2387,5.625642100182987e-10,2.4718385905241422e-11
2388,5.968535475382805e-10,2.729849520157758e-11
2389,6.356895445343256e-10,3.005252717226239e-11
2390,6.487794371522521e-10,3.054152217870105e-11
2391,6.229395510449222e-10,2.8151356377139502e-11
2392,5.751718588471426e-10,2.4559120190488857e-11
2393,5.234871485188333e-10,2.0875346448956425e-11
2394,4.804563981614694e-10,1.7970769609727578e-11
2395,4.476549491910031e-10,1.5896911551288538e-11
2396,4.290285657975742e-10,1.4750855198164732e-11
2397,4.254746573489361e-10,1.4336741453723072e-11
2398,4.2845902582998764e-10,1.4203754705081956e-11
2399,4.3787900635596006e-10,1.464557330475342e-11
2400,4.5319347323460274e-10,1.5573631219434176e-11
2401,4.851182453659844e-10,1.7643288618440048e-11
2402,5.168312987480417e-10,1.9828395364802698e-11
2403,5.136413704040127e-10,1.9785044516992893e-11
2404,4.836895792579265e-10,1.8130415062567402e-11
2405,4.614053173870574e-10,1.6895471333893403e-11
2406,4.658551167967985e-10,1.7158218992544015e-11
2407,4.705146519498804e-10,1.726198609742498e-11
2408,4.5025657835967734e-10,1.575673966084031e-11
2409,4.15512949578667e-10,1.3472334745136164e-11
2410,4.044072470735527e-10,1.26347540558923e-11
2411,4.1761550019933415e-10,1.3200182581530436e-11
2412,4.275832954879426e-10,1.3767973051588067e-11
2413,4.259886591754991e-10,1.4050913389957307e-11
2414,4.3421856524286524e-10,1.4960352077758246e-11
2415,4.6158729950424385e-10,1.6863545741153588e-11
2416,4.748337164519116e-10,1.7690368523588815e-11
2417,4.5982150130018997e-10,1.6798565102238116e-11
2418,4.4564836980998104e-10,1.5866599950138597e-11
2419,4.666257903478764e-10,1.699900872639353e-11
2420,5.117953472358095e-10,1.9736795035038394e-11
2421,5.292287291125916e-10,2.0980715782777477e-11
2422,5.140239766670216e-10,2.034514791717626e-11
2423,5.222337457613004e-10,2.132182373255655e-11
2424,5.772011352233828e-10,2.5416621765859978e-11
2425,6.291390368607733e-10,2.927591828697461e-11
2426,6.189148538425909e-10,2.836796951694886e-11
2427,5.863778217943856e-10,2.5835384743167428e-11
2428,5.931570457391625e-10,2.6070005727420876e-11
2429,6.471446050366461e-10,2.974656648161142e-11
2430,6.832262450296157e-10,3.247472889420094e-11
2431,6.72541553226756e-10,3.229037795453899e-11
2432,6.879842661132489e-10,3.4686745426781575e-11
2433,7.661512993772532e-10,4.2049698498432554e-11
2434,8.580909468958078e-10,5.0551858426062254e-11
2435,8.759268896969826e-10,5.234996012742037e-11
2436,8.375658062950655e-10,4.880557189725461e-11
2437,8.304535551194522e-10,4.7719544462292665e-11
2438,8.538161270820572e-10,4.90465018599003e-11
2439,8.115598741857386e-10,4.4775566812632295e-11
2440,6.975495634520167e-10,3.5579160154054584e-11
2441,5.833252890148185e-10,2.6809060324879608e-11
2442,5.348434327210637e-10,2.3050926517281275e-11
2443,5.181992560311692e-10,2.141753018321216e-11
2444,4.861860271989619e-10,1.8870433798495666e-11
2445,4.5686876879010644e-10,1.6897228191638193e-11
2446,4.808826549284189e-10,1.8419955813707e-11
2447,5.712839895195406e-10,2.4584127915799323e-11
2448,6.797432970341078e-10,3.294100578607682e-11
2449,7.388847675968646e-10,3.832945956673114e-11
2450,7.641785418147585e-10,4.1161292335975225e-11
2451,8.038331945727849e-10,4.49795074016468e-11
2452,8.331023262188821e-10,4.74971412266624e-11
2453,7.923952834144365e-10,4.3685819517624343e-11
2454,6.974471117298859e-10,3.545795042188366e-11
2455,6.130567536474889e-10,2.8261963245969823e-11
2456,5.670119268556772e-10,2.4083709976155054e-11
2457,5.244827034722206e-10,2.0552274401247573e-11
2458,4.873159149462441e-10,1.8080971535208283e-11
2459,4.867247558560506e-10,1.8279251264505313e-11
2460,5.404920654676486e-10,2.209865424839484e-11
2461,6.159770398931036e-10,2.7843203970768357e-11
2462,6.40140125523215e-10,3.004298484769616e-11
2463,6.167241021849752e-10,2.845971761594687e-11
2464,6.05504490085038e-10,2.7468312842602253e-11
2465,6.214937572893114e-10,2.8363873726509898e-11
2466,6.209610522159237e-10,2.8226582992074984e-11
2467,5.65486377824411e-10,2.4202708321913566e-11
2468,5.034330450243013e-10,2.0005519890150724e-11
2469,4.847142385016071e-10,1.8725772968610433e-11
2470,4.94500237953948e-10,1.9197326920697617e-11
2471,4.92770462252079e-10,1.8996935535656083e-11
2472,4.795483940296963e-10,1.814857468602102e-11
2473,4.88494871710098e-10,1.85929066655252e-11
2474,5.484149826487036e-10,2.243907285906899e-11
2475,6.341454625348864e-10,2.8684325320343907e-11
2476,6.942134249730132e-10,3.385943820559839e-11
2477,7.06123135726709e-10,3.546978443247512e-11
2478,7.182089954357694e-10,3.728633940019434e-11
2479,7.557239029311048e-10,4.143602438687639e-11
2480,7.977844321518418e-10,4.5877511181629235e-11
2481,8.099365755590927e-10,4.723432277283932e-11
2482,7.997649800643744e-10,4.624433043189635e-11
2483,7.959703990479221e-10,4.55354946348671e-11
2484,8.198726878247021e-10,4.732776886024761e-11
2485,8.356160121119679e-10,4.818918718690565e-11
2486,8.194769272615687e-10,4.639419334480658e-11
2487,8.003570890910326e-10,4.469697355272754e-11
2488,8.073365239365703e-10,4.54780680629858e-11
2489,8.309550354530971e-10,4.7706203444070227e-11
2490,8.318823020873877e-10,4.787234224451341e-11
2491,8.171468944174633e-10,4.6716374390903503e-11
2492,8.22267309245248e-10,4.7286705281222277e-11
2493,8.574635035213325e-10,5.012784606003572e-11
2494,8.811845781510005e-10,5.184855300015022e-11
2495,8.776356382533526e-10,5.179752024006212e-11
2496,8.685162039101982e-10,5.1539747759055264e-11
2497,8.733418704541117e-10,5.246423841654734e-11
2498,8.839867865786597e-10,5.431861234721481e-11
2499,8.355576659280332e-10,5.0212623398233636e-11
2500,7.599998792890113e-10,4.340180050406178e-11
2501,7.201981661635872e-10,3.9691862576465636e-11
2502,7.27888956057713e-10,3.989112636123382e-11
2503,7.507567986980162e-10,4.154257524381217e-11
2504,7.608571763454805e-10,4.237856874257615e-11
2505,7.632104010157639e-10,4.231054825638857e-11
2506,7.973212671981279e-10,4.500583941069381e-11
2507,8.485257369855901e-10,4.9581313914056556e-11
2508,8.521310797017424e-10,5.010504717377773e-11
2509,8.157582645346698e-10,4.747204789990658e-11
2510,7.875708196071467e-10,4.555233926091494e-11
2511,8.007774145078096e-10,4.6990888166053574e-11
2512,8.177476055201865e-10,4.830915522070291e-11
2513,7.857711567233985e-10,4.4871043971142716e-11
2514,7.025037143763119e-10,3.694440334958468e-11
2515,6.408351100631476e-10,3.141672060792024e-11
2516,6.27322755674894e-10,2.998172416292466e-11
2517,6.262281741302079e-10,2.9479923362939606e-11
2518,5.992458892823604e-10,2.7182895454175924e-11
2519,5.596596596506154e-10,2.4298357414574316e-11
2520,5.407075322902334e-10,2.2851797465626572e-11
2521,5.481989375381552e-10,2.3090348872802233e-11
2522,5.536202592404122e-10,2.3203885212755424e-11
2523,5.393506722989496e-10,2.2071443904368555e-11
2524,5.251776811361637e-10,2.0988520452643964e-11
2525,5.320020740335428e-10,2.1329620533555573e-11
2526,5.324057592040853e-10,2.132386507188572e-11
2527,5.044545891212794e-10,1.964162862291146e-11
2528,4.632042060859297e-10,1.7473963458126808e-11
2529,4.547838258838312e-10,1.7483197422858947e-11
2530,4.810779252142594e-10,1.9440977120712174e-11
2531,5.1980740078908e-10,2.2099231741024794e-11
2532,5.489317437587485e-10,2.414878504090892e-11
2533,5.873156007951438e-10,2.6945467329362742e-11
2534,6.581862753562905e-10,3.246592728703521e-11
2535,7.364337139660876e-10,3.904880881367514e-11
2536,7.76109565152165e-10,4.2866234751259533e-11
2537,7.7050654410641e-10,4.2927803151224454e-11
2538,7.555875991050169e-10,4.184748208189941e-11
2539,7.585240886561811e-10,4.214577129659449e-11
2540,7.492408257920343e-10,4.13558257096925e-11
2541,6.972129290004835e-10,3.671466983360904e-11
2542,6.352479067811455e-10,3.1305772128671856e-11
2543,5.97475338101056e-10,2.7741826017553997e-11
2544,5.766163249245852e-10,2.5258856881175752e-11
2545,5.522785612925919e-10,2.2919022882465288e-11
2546,5.235793520439812e-10,2.0853328990306022e-11
2547,5.006420236711069e-10,1.9392757590309847e-11
2548,5.14755950210284e-10,2.0531788814703295e-11
2549,5.555599934511674e-10,2.3644038311399796e-11
2550,6.144894057060528e-10,2.8380375943253876e-11
2551,6.862041227844825e-10,3.4346264774394584e-11
2552,7.632644484843977e-10,4.0820394615023916e-11
2553,8.326094596173463e-10,4.686042759957603e-11
2554,8.639447858934902e-10,4.958830282481768e-11
2555,8.67150066616054e-10,4.9953730379066806e-11
2556,8.406197672814664e-10,4.749839389563339e-11
2557,7.858092280282382e-10,4.268908380624203e-11
2558,7.123105365882342e-10,3.694355060414148e-11
2559,6.589823555126828e-10,3.3377517393581576e-11
2560,6.514180739756247e-10,3.3265625952823525e-11
2561,6.867375045124205e-10,3.6319030812184926e-11
2562,7.24018259517216e-10,3.918056478284337e-11
2563,7.455891983728577e-10,4.075554582351484e-11
2564,7.736157541460222e-10,4.3272944075665076e-11
2565,8.203956247111935e-10,4.778402336803011e-11
2566,8.629657746004353e-10,5.2483573083883194e-11
2567,8.621650814972036e-10,5.330922812531182e-11
2568,8.067960788765681e-10,4.814613943986841e-11
2569,7.370949256390568e-10,4.121033120350993e-11
2570,6.71563982432383e-10,3.4972474901093326e-11
2571,5.851926688035384e-10,2.755122484268441e-11
2572,4.998440484767679e-10,2.11676046740975e-11
2573,4.459332756291855e-10,1.729350375540574e-11
2574,4.23859256795579e-10,1.5225102500114505e-11
2575,4.030409845286634e-10,1.3287315292797698e-11
2576,3.7060765052326624e-10,1.1281932496288878e-11
2577,3.4772963913832326e-10,1.0119880741128025e-11
2578,3.5518470954774634e-10,1.0550308614677839e-11
2579,3.8583203331617876e-10,1.2251615245873752e-11
2580,4.015797759211016e-10,1.3286530858172594e-11
2581,3.963327422246621e-10,1.3154953740700407e-11
2582,4.0543443799234264e-10,1.3716750802330254e-11
2583,4.506203842915845e-10,1.6380335593163568e-11
2584,4.906205183964737e-10,1.8984084420988646e-11
2585,4.92246796084332e-10,1.9393951659749515e-11
2586,4.759574053214603e-10,1.857943499067092e-11
2587,4.910738436470997e-10,1.95152519076773e-11
2588,5.310546013828853e-10,2.2070372223035942e-11
2589,5.566453591401908e-10,2.3920219442584457e-11
2590,5.460857171153875e-10,2.3447302162674994e-11
2591,5.545186618635592e-10,2.4452046289647766e-11
2592,6.106203089999902e-10,2.8912564017204585e-11
2593,6.820281819958402e-10,3.475600415885359e-11
2594,7.202309911654909e-10,3.821176738255874e-11
2595,7.335186343997999e-10,3.9620272423328985e-11
2596,7.743600164888713e-10,4.335768760227938e-11
2597,8.366654370608633e-10,4.9188404104917356e-11
2598,8.549576570410071e-10,5.138792914885454e-11
2599,8.168371425115051e-10,4.8410897505853617e-11
2600,7.769392658583275e-10,4.439240112436243e-11
2601,7.73578966792071e-10,4.295675253394382e-11
2602,7.73671582586394e-10,4.186823200649347e-11
2603,7.356541918400035e-10,3.8062909000503186e-11
2604,6.965086192049099e-10,3.480293049875732e-11
2605,6.895367430433474e-10,3.4026589603699107e-11
2606,7.159674225088541e-10,3.602377204493604e-11
2607,7.393963230473211e-10,3.832602086906499e-11
2608,7.535339769399313e-10,4.022800998032155e-11
2609,7.892777059616522e-10,4.380857859222209e-11
2610,8.674877856338018e-10,5.1337802317919493e-11
2611,9.3108685884273e-10,5.7713097425886454e-11
2612,9.427281684777453e-10,5.915806518699968e-11
2613,9.40904276581732e-10,5.93912841774568e-11
2614,9.40971534004195e-10,5.927325679141025e-11
2615,9.323246509851433e-10,5.824354290135781e-11
2616,8.902785323724077e-10,5.467370548021203e-11
2617,8.35963873544616e-10,5.01273613365094e-11
2618,8.008364588151876e-10,4.686096588207082e-11
2619,7.838837262930722e-10,4.488141523608174e-11
2620,7.490183227090985e-10,4.1305161412753686e-11
2621,7.016405787551699e-10,3.697849490567937e-11
2622,6.869809371241256e-10,3.57134580633164e-11
2623,7.205469252093091e-10,3.84704598564992e-11
2624,7.487362585444342e-10,4.047165037587084e-11
2625,7.206586632619557e-10,3.7775875035118646e-11
2626,6.5017166634767e-10,3.1886969222353814e-11
2627,6.049992018883239e-10,2.844534473669394e-11
2628,6.065711465723061e-10,2.8640019154104034e-11
2629,6.308011435757149e-10,3.0627701307581346e-11
2630,6.321668451765394e-10,3.074567219492036e-11
2631,6.079318529084541e-10,2.856842328548179e-11
2632,5.907459404747409e-10,2.6879536772054507e-11
2633,5.864352214722071e-10,2.6274177402049354e-11
2634,5.758129845984749e-10,2.539033693221881e-11
2635,5.525966038745014e-10,2.3688862364273065e-11
2636,5.281739479674934e-10,2.1958340574451224e-11
2637,5.176995821581166e-10,2.10920304314056e-11
2638,5.168406877468799e-10,2.0905068783302693e-11
2639,5.064148389530509e-10,2.0197008802906972e-11
2640,4.998627713783748e-10,1.991149611596907e-11
2641,5.178617447297149e-10,2.1306256520921048e-11
2642,5.599186678066941e-10,2.441237187840186e-11
2643,6.109988895486009e-10,2.8491354463854327e-11
2644,6.640538864636714e-10,3.3112919808004964e-11
2645,7.211654897764528e-10,3.8247203460101526e-11
2646,7.938725197357531e-10,4.501908701834025e-11
2647,8.629759918662556e-10,5.185162194305813e-11
2648,8.878080457756622e-10,5.44488360637797e-11
2649,8.809787091398318e-10,5.388468562024091e-11
2650,8.705131547822933e-10,5.2849110838554094e-11
2651,8.607962948254618e-10,5.1653815711854286e-11
2652,8.635758240715147e-10,5.163599252595677e-11
2653,8.674954788917709e-10,5.1733484474644346e-11
2654,8.645219156112645e-10,5.126760219074901e-11
2655,8.628652910923716e-10,5.1346681276420095e-11
2656,8.609428615206152e-10,5.149231641668045e-11
2657,8.679182461644968e-10,5.2234218291779265e-11
2658,9.030991027309917e-10,5.559839879586066e-11
2659,9.597980803672947e-10,6.096811203724162e-11
2660,1.0090790037418506e-09,6.571140121338888e-11
2661,1.0377227133766595e-09,6.886697768816931e-11
2662,1.046113986918118e-09,7.036869332160082e-11
2663,1.0546563319528433e-09,7.19797634000494e-11
2664,1.0781687074237727e-09,7.508503619269152e-11
2665,1.075414361871032e-09,7.477474525237005e-11
2666,1.042951892542851e-09,7.116132618815979e-11
2667,1.0200010257705503e-09,6.87771621030119e-11
2668,1.007505987831208e-09,6.682044333389938e-11
2669,1.0027780210873672e-09,6.552562477228745e-11
2670,9.824794494014795e-10,6.332623357557676e-11
2671,9.521281626715551e-10,6.06133248939852e-11
2672,9.50895622115479e-10,6.08098684892003e-11
2673,9.868111835955495e-10,6.47303316902074e-11
2674,1.0143698014465088e-09,6.777663309422036e-11
2675,1.0126326495768887e-09,6.81446334334574e-11
2676,9.843101783922155e-10,6.577189634367871e-11
2677,9.569143831184118e-10,6.319446964484504e-11
2678,9.296908882455049e-10,6.046993897938138e-11
2679,8.927076153192681e-10,5.668154361968431e-11
2680,8.487858989377718e-10,5.224440637425188e-11
2681,8.328056737469985e-10,5.061177500316794e-11
2682,8.388618559454124e-10,5.104470722574273e-11
2683,8.534325213243524e-10,5.242484848519974e-11
2684,8.643260969801122e-10,5.354962134108667e-11
2685,8.659282429017929e-10,5.332239107371736e-11
2686,8.951162254688734e-10,5.568151821054257e-11
2687,9.38976080075087e-10,5.927763333594807e-11
2688,9.60760775755462e-10,6.091027983033647e-11
2689,9.47546214189121e-10,5.983948936839468e-11
2690,8.916893149826074e-10,5.4786651544027084e-11
2691,8.01127530693538e-10,4.634181977100436e-11
2692,7.068962199415848e-10,3.8021150300045026e-11
2693,6.149154439619397e-10,3.0122408882927134e-11
2694,5.488171664244872e-10,2.472366286034027e-11
2695,5.246144849397997e-10,2.283394659565308e-11
2696,5.373083622468888e-10,2.3710659861529685e-11
2697,5.939229757262733e-10,2.8051332416235784e-11
2698,6.760215306360095e-10,3.47205949637988e-11
2699,7.63261522227216e-10,4.2339601575349535e-11
2700,8.477628245151533e-10,5.039516212093598e-11
2701,9.177956468773187e-10,5.744640829548762e-11
2702,9.67749601739234e-10,6.260082776701733e-11
2703,9.898714193161265e-10,6.49239300652888e-11
2704,9.84961451978295e-10,6.457769452482008e-11
2705,9.641528475192559e-10,6.214851945074416e-11
2706,9.402513720837565e-10,5.915270815550001e-11
2707,8.870167552030625e-10,5.325262513028406e-11
2708,8.113239474195058e-10,4.582763080184473e-11
2709,7.475917742662741e-10,4.0138671476111943e-11
2710,7.313977637577148e-10,3.880162257317284e-11
2711,7.664530504271458e-10,4.200121629436243e-11
2712,7.912987266048976e-10,4.422615592233709e-11
2713,8.074378058792957e-10,4.625844148859372e-11
2714,8.277476641775758e-10,4.8767219397611685e-11
2715,8.771529569011135e-10,5.373237444171708e-11
2716,9.43661934559808e-10,6.017881658273342e-11
2717,9.636695767757309e-10,6.16191397099323e-11
2718,9.412417478356324e-10,5.88632585453893e-11
2719,9.174808310445716e-10,5.6137272028185464e-11
2720,9.015780324504553e-10,5.416986938919301e-11
2721,8.732295237663656e-10,5.1502584281791505e-11
2722,8.167240529367294e-10,4.6843725289318576e-11
2723,7.588243712275235e-10,4.209928589146763e-11
2724,7.40277898532342e-10,4.0642666862824693e-11
2725,7.423281758201849e-10,4.0688541720615414e-11
2726,7.335513422176098e-10,3.9774274740390704e-11
2727,7.176013894786525e-10,3.83194417678307e-11
2728,7.343534719300553e-10,3.955006276781053e-11
2729,7.891007076885012e-10,4.389722299046432e-11
2730,8.422611079529731e-10,4.854679090650664e-11
2731,8.402093908684474e-10,4.858839991392557e-11
2732,8.078028899549365e-10,4.5951236993591654e-11
2733,8.072925875547812e-10,4.639206088184862e-11
2734,8.479188810252574e-10,5.081258214257522e-11
2735,8.66384112834848e-10,5.292821191023837e-11
2736,8.453288375186095e-10,5.118111479597615e-11
2737,8.163956014155751e-10,4.828361718365724e-11
2738,8.209057410975086e-10,4.8199397172915263e-11
2739,8.415284527836809e-10,4.9791703627377214e-11
2740,8.201893535278992e-10,4.7925559540311815e-11
2741,7.911898324746271e-10,4.575490305295572e-11
2742,7.96249739435805e-10,4.631204659896241e-11
2743,8.464179735795598e-10,5.071084674249573e-11
2744,8.785151843466006e-10,5.35740145997478e-11
2745,8.450336766674191e-10,5.0404044483214994e-11
2746,8.015741892168619e-10,4.6454645419264886e-11
2747,7.98775467972711e-10,4.576593577170336e-11
2748,8.117288893931942e-10,4.617405485779237e-11
2749,7.666869022120449e-10,4.181421052057358e-11
2750,6.866987004791271e-10,3.54203760715092e-11
2751,6.323145637297905e-10,3.1247501553870555e-11
2752,6.376655954852521e-10,3.176759596855254e-11
2753,6.790034822737073e-10,3.5320889049242724e-11
2754,7.01867196710404e-10,3.744624789384634e-11
2755,7.34147377075273e-10,4.032855494734179e-11
2756,8.085411679318421e-10,4.673249115092996e-11
2757,9.153602743434576e-10,5.6315177776087586e-11
2758,9.977890940600785e-10,6.450164642687241e-11
2759,1.038133449919678e-09,6.947869492017326e-11
2760,1.0751358745883046e-09,7.426582869638353e-11
2761,1.1126381796990135e-09,7.856595764076604e-11
2762,1.1059920608083491e-09,7.796887882798621e-11
2763,1.0271529765589834e-09,6.976220692603824e-11
2764,9.380548101244092e-10,6.039788720649665e-11
2765,8.90489406711648e-10,5.48798436353056e-11
2766,8.652433324240914e-10,5.151336045120304e-11
2767,8.216025193794401e-10,4.694565870072577e-11
2768,7.759294023609499e-10,4.2850455921462785e-11
2769,7.592407964014346e-10,4.135204713997803e-11
2770,7.996365754312991e-10,4.5099103537464245e-11
2771,8.479791357894487e-10,4.98757660214456e-11
2772,8.633410213465409e-10,5.1635472171597506e-11
2773,8.622080593981693e-10,5.1673772666624404e-11
2774,8.707798903066912e-10,5.2161852572741905e-11
2775,9.089045799773033e-10,5.542488512104334e-11
2776,9.554777448783768e-10,5.996157138478606e-11
2777,9.85249155028514e-10,6.327095768650526e-11
2778,1.0110637459762643e-09,6.654439616551238e-11
2779,1.0300436823890065e-09,6.909919153299604e-11
2780,1.0299047983634716e-09,6.958634493197325e-11
2781,1.0101866418890679e-09,6.808785394806271e-11
2782,9.909071925445343e-10,6.648932008736699e-11
2783,9.81925008853503e-10,6.534440079027994e-11
2784,9.747160096222406e-10,6.394856716475022e-11
2785,9.759831643193008e-10,6.368742105326412e-11
2786,9.75423462412568e-10,6.310587926300354e-11
2787,9.710845661565677e-10,6.207845724391905e-11
2788,9.626624183279564e-10,6.109611427164634e-11
2789,9.42855245617571e-10,5.919043766508774e-11
2790,9.312723226219567e-10,5.8117993274706307e-11
2791,9.45142624487981e-10,5.966633231608862e-11
2792,9.631517802331673e-10,6.157350040685532e-11
2793,9.71384902143469e-10,6.252018935756759e-11
2794,9.735606836878448e-10,6.282069504031596e-11
2795,9.785531576868321e-10,6.328452733394466e-11
2796,9.932809050512774e-10,6.479569498841892e-11
2797,9.829762994119967e-10,6.37795019690076e-11
2798,9.646109592952053e-10,6.237343996619283e-11
2799,9.65699127293414e-10,6.302976380302925e-11
2800,9.93965103831373e-10,6.602369479259382e-11
2801,1.0204151576600432e-09,6.8509304155487e-11
2802,9.89713467925126e-10,6.514340020367878e-11
2803,9.21238824117091e-10,5.830369585935326e-11
2804,8.850392069966251e-10,5.469960932390942e-11
2805,8.77475770092546e-10,5.321457661033113e-11
2806,8.634374941731635e-10,5.121330983630496e-11
2807,8.268503026806645e-10,4.7966367648220914e-11
2808,8.0143887151748e-10,4.606654958774357e-11
2809,8.240340210849745e-10,4.8299667630664043e-11
2810,8.775889800768471e-10,5.3350342600380315e-11
2811,9.263621911016385e-10,5.85391271388592e-11
2812,9.915279951556084e-10,6.594145483986004e-11
2813,1.0958885161112997e-09,7.703889796611196e-11
2814,1.2044816830129942e-09,8.828530576362918e-11
2815,1.241760910304036e-09,9.255033503159074e-11
2816,1.2174856642733902e-09,9.098687545240808e-11
2817,1.2222410606518428e-09,9.235946354844223e-11
2818,1.2439112419591504e-09,9.428468552517696e-11
2819,1.1924151810286652e-09,8.766702874637034e-11
2820,1.042004513975583e-09,7.128568898521581e-11
2821,9.099070154607933e-10,5.767744413619927e-11
2822,8.903791628906701e-10,5.5235942870952585e-11
2823,9.453751029581594e-10,5.983092289649339e-11
2824,9.924704030327718e-10,6.434849030428729e-11
2825,1.0162863436516412e-09,6.75675928092571e-11
2826,1.0857174198968087e-09,7.549055471376712e-11
2827,1.2291425454087631e-09,9.131274747582183e-11
2828,1.3462628406152256e-09,1.0493705424946245e-10
2829,1.3441451100022279e-09,1.0568065780183488e-10
2830,1.2772018634724315e-09,9.864786469318573e-11
2831,1.26104232908638e-09,9.669526822642665e-11
2832,1.2963114898772425e-09,1.000780158368221e-10
2833,1.288768855500522e-09,9.864292746066296e-11
2834,1.2220711514163407e-09,9.10751954054976e-11
2835,1.177013243218049e-09,8.614692645841035e-11
2836,1.212080542954056e-09,8.98070846926166e-11
2837,1.276735826056625e-09,9.686454352062036e-11
2838,1.281085271401404e-09,9.766318833990797e-11
2839,1.2533197621416597e-09,9.540532114144592e-11
2840,1.2654994063588575e-09,9.714201350656616e-11
2841,1.364777249952448e-09,1.0898760517329379e-10
2842,1.4765185270602688e-09,1.2306795515745154e-10
2843,1.51634408564218e-09,1.288079042915541e-10
2844,1.5039405596151436e-09,1.277186235684004e-10
2845,1.5130321615336363e-09,1.2855335285879239e-10
2846,1.516399592571946e-09,1.275960660597193e-10
2847,1.4517251206061413e-09,1.187468216984992e-10
2848,1.3181440991003685e-09,1.0270618599537145e-10
2849,1.2027257441133528e-09,8.940593900956719e-11
2850,1.1402483497569896e-09,8.173071382774739e-11
2851,1.0802262357970642e-09,7.444364970931402e-11
2852,1.0110821528877968e-09,6.735298216284214e-11
2853,9.745491889891706e-10,6.411175980344222e-11
2854,1.0012595342080774e-09,6.653795030260119e-11
2855,1.0787889976600244e-09,7.432653390283619e-11
2856,1.1198857659996869e-09,7.889369580013397e-11
2857,1.1438090072993954e-09,8.267793931729277e-11
2858,1.1820678550765596e-09,8.769069770352581e-11
2859,1.2266523383660478e-09,9.259908480256711e-11
2860,1.1990373528415534e-09,8.937209232923894e-11
2861,1.0999724243763604e-09,7.871206428775488e-11
2862,1.0248821940803752e-09,7.040146317941211e-11
2863,1.0241017326372723e-09,6.92374291797146e-11
2864,1.0509764800518163e-09,7.119964129055067e-11
2865,1.0503905267238224e-09,7.136437902121862e-11
2866,1.0463652571755043e-09,7.148774890921696e-11
2867,1.0984835410298446e-09,7.690410727125802e-11
2868,1.1863337338585275e-09,8.5933689770812e-11
2869,1.2495632094646744e-09,9.319028936981207e-11
2870,1.2595183196957263e-09,9.484645134880353e-11
2871,1.2883895767113534e-09,9.86237756142214e-11
2872,1.3486856824667219e-09,1.0597640139907372e-10
2873,1.3633496491694293e-09,1.0810697847179417e-10
2874,1.273976685609875e-09,9.83135756978049e-11
2875,1.1793119447391575e-09,8.818982707352839e-11
2876,1.1411310256955397e-09,8.371151233607824e-11
2877,1.138113958611722e-09,8.250334886310306e-11
2878,1.106038476175871e-09,7.852305495622022e-11
2879,1.0683719369292999e-09,7.457675549200166e-11
2880,1.082271363991094e-09,7.54981961793694e-11
2881,1.153979763659185e-09,8.212482683640953e-11
2882,1.1797126150947443e-09,8.434358844927253e-11
2883,1.119189896990964e-09,7.793161796453115e-11
2884,1.0663690809404396e-09,7.275183893575397e-11
2885,1.0840344033349356e-09,7.43185555394831e-11
2886,1.137363790956118e-09,7.97199202094347e-11
2887,1.1247228875968654e-09,7.849601465389889e-11
2888,1.068365147580514e-09,7.324195084603736e-11
2889,1.0635933717110336e-09,7.327553344930018e-11
2890,1.1235564604049576e-09,7.929780819210284e-11
2891,1.1594261724102667e-09,8.265165196452439e-11
2892,1.1178174677517472e-09,7.840580111036852e-11
2893,1.0884742671577965e-09,7.599142836773973e-11
2894,1.1430539195318559e-09,8.176131563310968e-11
2895,1.2281393922943666e-09,9.05139832069141e-11
2896,1.234450805067655e-09,9.159654392956416e-11
2897,1.1621667441983092e-09,8.446777897471588e-11
2898,1.1632991738397388e-09,8.519533633489218e-11
2899,1.2683620072739777e-09,9.670078945804984e-11
2900,1.3590392806986636e-09,1.064881369045051e-10
2901,1.3448581902370113e-09,1.0518443932723146e-10
2902,1.2790852144967361e-09,9.767760291856572e-11
2903,1.2593412413169227e-09,9.442321173771622e-11
2904,1.2240026960518836e-09,8.910460306589758e-11
2905,1.0782372712304128e-09,7.313199128611423e-11
2906,9.046606122592903e-10,5.6259719428290916e-11
2907,8.189530161798026e-10,4.821346364296231e-11
2908,8.413353844258085e-10,4.9888676769850236e-11
2909,8.67462463832078e-10,5.184611440038602e-11
2910,8.377215017902978e-10,4.912061183149014e-11
2911,8.121236631225477e-10,4.680558240178283e-11
2912,8.577397844414089e-10,5.05049781568842e-11
2913,9.173760585872389e-10,5.5226454861459935e-11
2914,9.224255902292244e-10,5.5924653353366986e-11
2915,8.669185827781438e-10,5.138353699432966e-11
2916,8.360946891087359e-10,4.884427844218991e-11
2917,8.514409308622753e-10,5.031671907496239e-11
2918,8.483435166219756e-10,5.009481555036677e-11
2919,8.089398562565968e-10,4.6590772645919126e-11
2920,7.88283892728677e-10,4.4458847489345614e-11
2921,8.401273171558725e-10,4.868841132040113e-11
2922,9.362930228403847e-10,5.7473164705640536e-11
2923,9.934408407492652e-10,6.313232236066796e-11
2924,1.011801311930026e-09,6.557856020148825e-11
2925,1.0479902652999171e-09,6.994285671233972e-11
2926,1.1292954810660422e-09,7.914463328601254e-11
2927,1.2052922551923053e-09,8.859568202486841e-11
2928,1.2226282723578764e-09,9.191677470271162e-11
2929,1.2492959280261792e-09,9.631828607414697e-11
2930,1.3328987643118672e-09,1.0599657291379236e-10
2931,1.401827512488102e-09,1.122728425546075e-10
2932,1.3980778020823882e-09,1.1103506096005405e-10
2933,1.3201924767948336e-09,1.0174628578499972e-10
2934,1.274814644692234e-09,9.595719728440403e-11
2935,1.2880564115992984e-09,9.685301273033221e-11
2936,1.2866497295524638e-09,9.695202997450652e-11
2937,1.2198383252768188e-09,9.020570842244889e-11
2938,1.1511465912409978e-09,8.325588529793788e-11
2939,1.1558309830133716e-09,8.402193102586724e-11
2940,1.2104667249381224e-09,8.971317069965376e-11
2941,1.2482051349071282e-09,9.339993768274927e-11
2942,1.245000466545775e-09,9.259548832055847e-11
2943,1.282665853872673e-09,9.717800239170939e-11
2944,1.3718116546063047e-09,1.0767968086048845e-10
2945,1.4443641603229002e-09,1.1677055291841288e-10
2946,1.3980178546007331e-09,1.1213977233001119e-10
2947,1.2826934194421655e-09,9.991774767120636e-11
2948,1.232716995372105e-09,9.542011863039777e-11
2949,1.2665130930261597e-09,9.953055040613612e-11
2950,1.3036661600672342e-09,1.0343839223642238e-10
2951,1.2615021132453858e-09,9.769721608604491e-11
2952,1.2009526847848521e-09,8.969953440691863e-11
2953,1.186019298145527e-09,8.635126149791718e-11
2954,1.2004551370518603e-09,8.644781889469503e-11
2955,1.1808731022869871e-09,8.432215888945375e-11
2956,1.1262366535052759e-09,7.945632134449497e-11
2957,1.1053194254266936e-09,7.787693620352152e-11
2958,1.138515562730322e-09,8.159880945513166e-11
2959,1.1535468622602366e-09,8.30581927233064e-11
2960,1.1091566295127766e-09,7.799784067443973e-11
2961,1.0407788673825027e-09,7.02304107385898e-11
2962,1.0257797436115812e-09,6.805666162077285e-11
2963,1.0513688699064088e-09,6.997784572977565e-11
2964,1.0669392297243248e-09,7.147549242273217e-11
2965,1.0403667542094646e-09,6.896347774786951e-11
2966,9.990619918568561e-10,6.464719577247022e-11
2967,9.674338861731438e-10,6.11474971449308e-11
2968,9.286428556264186e-10,5.700216377308705e-11
2969,8.690208777519549e-10,5.116565298565916e-11
2970,8.164536253961364e-10,4.613979630900059e-11
2971,8.119653488946938e-10,4.5604003664679404e-11
2972,8.452250239529099e-10,4.8515508531702414e-11
2973,8.727068718094833e-10,5.121302384124405e-11
2974,8.899408240502629e-10,5.3581078627722195e-11
2975,9.39478689413228e-10,5.930298768390877e-11
2976,1.0376851604816018e-09,6.982311745380973e-11
2977,1.1358160743913505e-09,8.063904024298395e-11
2978,1.1954870286551832e-09,8.832655015562765e-11
2979,1.2487175693376878e-09,9.56024422190212e-11
2980,1.353391891916636e-09,1.0820836114963304e-10
2981,1.4679494007064053e-09,1.2162940570613398e-10
2982,1.5079987827875855e-09,1.2696431614694613e-10
2983,1.4777389063162248e-09,1.2436270064104745e-10
2984,1.4646240206562995e-09,1.2317925496561144e-10
2985,1.5089962469191264e-09,1.2853319038664527e-10
2986,1.5347642649371242e-09,1.3177310734035555e-10
2987,1.5054154475548822e-09,1.288954413384347e-10
2988,1.4827815488377831e-09,1.265029963013011e-10
2989,1.521506212515641e-09,1.3069151962237436e-10
2990,1.5697381473007248e-09,1.3560305025196986e-10
2991,1.563887590625005e-09,1.3487260242146583e-10
2992,1.52906621917327e-09,1.31271178115446e-10
2993,1.5421469257259432e-09,1.3289426443466736e-10
2994,1.585380367640138e-09,1.375574765409507e-10
2995,1.5715644863635923e-09,1.3578257898523663e-10
2996,1.4874734581132634e-09,1.2612048194519712e-10
2997,1.4301108216869568e-09,1.1950339207626845e-10
2998,1.4530928634773938e-09,1.2167340472540297e-10
2999,1.5010380038937174e-09,1.2687972451095171e-10
3000,1.5003410707298688e-09,1.2707564920929433e-10
3001,1.4914057841818469e-09,1.2690893855531705e-10
3002,1.5416828992350038e-09,1.335171552516724e-10
3003,1.64244074518819e-09,1.4670582447539075e-10
3004,1.6966596212448884e-09,1.5525545126101576e-10
3005,1.7012559248036475e-09,1.5917834712373094e-10
3006,1.6848357322874525e-09,1.5861101910111097e-10
3007,1.6615451293448406e-09,1.5406803518039126e-10
3008,1.5521790590479334e-09,1.3682537556347583e-10
3009,1.3647349891461168e-09,1.1133162030422123e-10
3010,1.1964138855811658e-09,9.007085729397836e-11
3011,1.1155793332560272e-09,7.991280923117105e-11
3012,1.1003274305868466e-09,7.762787669699758e-11
3013,1.0974669822188524e-09,7.749566371331311e-11
3014,1.1020762934072357e-09,7.849679210834544e-11
3015,1.1556993993917556e-09,8.476387541420493e-11
3016,1.269174178634972e-09,9.780715094643395e-11
3017,1.3806214911976435e-09,1.1138826796087045e-10
3018,1.419841347692711e-09,1.1697693787943462e-10
3019,1.4066198250083223e-09,1.1630784487059049e-10
3020,1.3779726277088184e-09,1.1254292486944395e-10
3021,1.344275194466658e-09,1.0718053919599396e-10
3022,1.2954201739412373e-09,1.006727130473553e-10
3023,1.2156693344797136e-09,9.088382732543076e-11
3024,1.1557393767925471e-09,8.370046150400934e-11
3025,1.1423173842270422e-09,8.199080186607181e-11
3026,1.1384405415825857e-09,8.098348727410067e-11
3027,1.1166731433290725e-09,7.800825114334176e-11
3028,1.1020052951800022e-09,7.637348548264464e-11
3029,1.1312617123632315e-09,7.973920380869226e-11
3030,1.2021503930109458e-09,8.784226243918246e-11
3031,1.265531469279412e-09,9.585983380578741e-11
3032,1.3026098866628048e-09,1.019171093517816e-10
3033,1.3545082132542294e-09,1.0991943910476529e-10
3034,1.457834421091109e-09,1.2365272921516485e-10
3035,1.592158663894966e-09,1.4171554446703257e-10
3036,1.6755891198416623e-09,1.5304411133797382e-10
3037,1.7066784918644879e-09,1.572603180162943e-10
3038,1.7413965465727874e-09,1.6152893270356293e-10
3039,1.784492321038018e-09,1.6630327992187537e-10
3040,1.7943330122380568e-09,1.676175699532134e-10
3041,1.754959651993506e-09,1.640422264881597e-10
3042,1.6955085928810843e-09,1.575379018078481e-10
3043,1.6301784414761023e-09,1.4840123208834112e-10
3044,1.5687124200234957e-09,1.3960439453872118e-10
3045,1.5125595001093246e-09,1.3197384435142552e-10
3046,1.484744156502042e-09,1.2731248991073866e-10
3047,1.4841308735461149e-09,1.252548743722081e-10
3048,1.506130544363401e-09,1.27271108200994e-10
3049,1.5482618630856058e-09,1.3327319788627502e-10
3050,1.6163679409262748e-09,1.4273679637438133e-10
3051,1.676658335618369e-09,1.5077565107939662e-10
3052,1.671467646988657e-09,1.5086543957341254e-10
3053,1.5827201440296741e-09,1.4010628340818936e-10
3054,1.515853801929389e-09,1.3218077325777032e-10
3055,1.516082269288515e-09,1.3171995831994165e-10
3056,1.5354372660668845e-09,1.3299510032455012e-10
3057,1.4998273257201072e-09,1.2777910803714832e-10
3058,1.4191057056263518e-09,1.17571531492401e-10
3059,1.358724327192988e-09,1.1005521429766537e-10
3060,1.3496140369663871e-09,1.0919733494223643e-10
3061,1.3193790548075075e-09,1.0622782296767711e-10
3062,1.2496606244160529e-09,9.944949516431306e-11
3063,1.1617893064737055e-09,8.99712367747334e-11
3064,1.1181773331790547e-09,8.459119528488024e-11
3065,1.1042249833616541e-09,8.181794427186224e-11
3066,1.089349771207994e-09,7.902173527746472e-11
3067,1.064964969222186e-09,7.54349544026015e-11
3068,1.0717339294148463e-09,7.525282393094018e-11
3069,1.1394412608616823e-09,8.193247147566354e-11
3070,1.2295447405115991e-09,9.183053846040089e-11
3071,1.310800281218531e-09,1.0218229589186989e-10
3072,1.3841846477198358e-09,1.1262128982032041e-10
3073,1.4880988986908123e-09,1.2734464866036986e-10
3074,1.606307146406909e-09,1.441430021685288e-10
3075,1.6320335178991934e-09,1.4744582465729435e-10
3076,1.5217846764902514e-09,1.3175093626719395e-10
3077,1.3819829724621461e-09,1.1288087681800985e-10
3078,1.302432760690109e-09,1.0159125621666518e-10
3079,1.294833744665992e-09,9.931212775191674e-11
3080,1.28597217400935e-09,9.795178968655647e-11
3081,1.2695271835971973e-09,9.711670548665529e-11
3082,1.277589474092925e-09,9.892832870207968e-11
3083,1.3421614401058316e-09,1.0674088242399463e-10
3084,1.4213077013308832e-09,1.1643241624829225e-10
3085,1.4589764813213423e-09,1.2145346264136033e-10
3086,1.4506737592437647e-09,1.2047953720281175e-10
3087,1.4476091832995467e-09,1.2014063074021524e-10
3088,1.4657532632183166e-09,1.2306629169941725e-10
3089,1.4621443191516455e-09,1.237023589906376e-10
3090,1.44052607358988e-09,1.2275452667717348e-10
3091,1.4371797844692168e-09,1.2398145895489662e-10
3092,1.4547473650456468e-09,1.2613349119882626e-10
3093,1.4940527093236007e-09,1.3063564832965727e-10
3094,1.5302771369465408e-09,1.3463893100282298e-10
3095,1.566732887582942e-09,1.383860165842078e-10
3096,1.6513264994820967e-09,1.4933526191539428e-10
3097,1.7474731750157273e-09,1.6215586389770788e-10
3098,1.8084065265627372e-09,1.7116561043732096e-10
3099,1.812714684056422e-09,1.733108245052467e-10
3100,1.7849926112583658e-09,1.7068607414646955e-10
3101,1.7609223826750421e-09,1.677772983343537e-10
3102,1.7366420732782752e-09,1.6443228788902084e-10
3103,1.6879611102756745e-09,1.572301325005149e-10
3104,1.6297322012675856e-09,1.4826526989309977e-10
3105,1.5834602117201975e-09,1.4016261403595726e-10
3106,1.569576007083659e-09,1.3668331312356727e-10
3107,1.5593906990397498e-09,1.3435734514007453e-10
3108,1.5357934709825174e-09,1.3142733398675105e-10
3109,1.5239776060917631e-09,1.3127164260000617e-10
3110,1.5284589124739498e-09,1.3288195030524734e-10
3111,1.5245845035347497e-09,1.3232168519695002e-10
3112,1.4781505495378553e-09,1.258210642619991e-10
3113,1.4467678598833147e-09,1.2216365484209269e-10
3114,1.4764136214536813e-09,1.2582890097520063e-10
3115,1.5499822934070444e-09,1.3394247314832628e-10
3116,1.5474002507555543e-09,1.3228457063810211e-10
3117,1.4104417627608093e-09,1.149710765332432e-10
3118,1.2587445053768286e-09,9.720455545866202e-11
3119,1.173872568573085e-09,8.702624368221055e-11
3120,1.1013492799266022e-09,7.7530133502715e-11
3121,9.796616793152782e-10,6.385985922747679e-11
3122,8.579664533453389e-10,5.1776622870941604e-11
3123,8.252827058969043e-10,4.8481247627118024e-11
3124,9.017753174930942e-10,5.529779620657567e-11
3125,1.0029945424544633e-09,6.515389278606183e-11
3126,1.0653827677466695e-09,7.257298552032548e-11
3127,1.149857803817767e-09,8.30587268973421e-11
3128,1.33799106296375e-09,1.0522220537594966e-10
3129,1.5841292014805935e-09,1.3570135336764599e-10
3130,1.74114260912577e-09,1.5817123490942163e-10
3131,1.75990311348321e-09,1.635101650288653e-10
3132,1.73202639118091e-09,1.5984834374321809e-10
3133,1.681603756982235e-09,1.5042910792232846e-10
3134,1.5401618011163648e-09,1.2989466852566383e-10
3135,1.3272562618164873e-09,1.0328556398430904e-10
3136,1.182361089205402e-09,8.651617734372305e-11
3137,1.1751917528205733e-09,8.560231015536488e-11
3138,1.2418554465990445e-09,9.336067829136566e-11
3139,1.2615142240648477e-09,9.64669268667036e-11
3140,1.2410541774772852e-09,9.538363410570627e-11
3141,1.2884499002404012e-09,1.015290874655679e-10
3142,1.4286167897213697e-09,1.1777654838984428e-10
3143,1.5485815295204384e-09,1.3223478471656016e-10
3144,1.5850603719322924e-09,1.3906261032828754e-10
3145,1.5932248878795608e-09,1.4286860532779297e-10
3146,1.644570517604104e-09,1.5031209058326095e-10
3147,1.6803336623573865e-09,1.5452457464876108e-10
3148,1.6241043343909494e-09,1.4798105305076043e-10
3149,1.5341106014454505e-09,1.3768099076783568e-10
3150,1.554941169471992e-09,1.4137758058669675e-10
3151,1.679774485975581e-09,1.577112220155036e-10
3152,1.766211690223911e-09,1.6870682358572578e-10
3153,1.7585204147106803e-09,1.6796098767949655e-10
3154,1.7482735658449436e-09,1.662532050043325e-10
3155,1.8124165696762203e-09,1.7359675498555282e-10
3156,1.8814325868872056e-09,1.8273036223435682e-10
3157,1.868174510894787e-09,1.8329079528174632e-10
3158,1.8069788975369396e-09,1.7711669154454245e-10
3159,1.8168389887488039e-09,1.7933049092284408e-10
3160,1.890921919663612e-09,1.888808455735903e-10
3161,1.9528083998312956e-09,1.9683983961755423e-10
3162,1.9396891872680092e-09,1.9350538356200387e-10
3163,1.9298808094023434e-09,1.9091086519123978e-10
3164,1.964387455700216e-09,1.9468333110596906e-10
3165,1.987915100566415e-09,1.973329158462026e-10
3166,1.9475597795126385e-09,1.9256843232611946e-10
3167,1.8835451669866492e-09,1.8543505224613852e-10
3168,1.8460131092703112e-09,1.8067934411079676e-10
3169,1.8320125677562093e-09,1.782831207175803e-10
3170,1.7903989972174004e-09,1.7187759934628662e-10
3171,1.7108035150164212e-09,1.5982945009388514e-10
3172,1.639590969604808e-09,1.4832991007451732e-10
3173,1.6006329980545415e-09,1.4129103782548542e-10
3174,1.5340594422113972e-09,1.3142692107999628e-10
3175,1.4149042139603086e-09,1.165811339554541e-10
3176,1.3047825614145659e-09,1.0387749211172855e-10
3177,1.2479690144713255e-09,9.69378257181125e-11
3178,1.2317342817309345e-09,9.435107684417278e-11
3179,1.1986263985741101e-09,9.007836058068372e-11
3180,1.1680173921273766e-09,8.669048647324385e-11
3181,1.1849821228761995e-09,8.788412982176795e-11
3182,1.2655836398216993e-09,9.550611028100667e-11
3183,1.3410482958765513e-09,1.0308292079036644e-10
3184,1.3723465475080887e-09,1.0721853932763698e-10
3185,1.3928320186105532e-09,1.1063929168919248e-10
3186,1.4518168893819392e-09,1.186684837083855e-10
3187,1.5145554875466747e-09,1.2774370466501951e-10
3188,1.5326961084014523e-09,1.3240372940161356e-10
3189,1.5355512113429357e-09,1.3486157642865675e-10
3190,1.5450052567241652e-09,1.3501555839194495e-10
3191,1.5543716622138424e-09,1.3357930777775772e-10
3192,1.531525140712214e-09,1.2913171506222622e-10
3193,1.4932780582529092e-09,1.237746778705504e-10
3194,1.480174588374727e-09,1.2153552774607122e-10
3195,1.5063022059011935e-09,1.250661357303635e-10
3196,1.4772391646978537e-09,1.225307328393402e-10
3197,1.4012602753119307e-09,1.1546565192145196e-10
3198,1.3569250317264887e-09,1.122490066306424e-10
3199,1.380821183348694e-09,1.1556064793037663e-10
3200,1.4272848930708567e-09,1.2025967621136367e-10
3201,1.431132628928166e-09,1.1978974556248768e-10
3202,1.383370383427501e-09,1.1314133431508387e-10
3203,1.365901639698734e-09,1.1067240915703576e-10
3204,1.378095455106256e-09,1.1184932097822842e-10
3205,1.3788985556337557e-09,1.1223749485935738e-10
3206,1.3518266136913748e-09,1.1007740160956991e-10
3207,1.331968349914909e-09,1.0839804675215221e-10
3208,1.352276114781194e-09,1.1091656119130475e-10
3209,1.3953092603237819e-09,1.1611034405071764e-10
3210,1.4350543105633308e-09,1.2092636558997575e-10
3211,1.4773620772244367e-09,1.2531826655684564e-10
3212,1.5414464079657584e-09,1.3198046612208828e-10
3213,1.6365179220420385e-09,1.4393492041207665e-10
3214,1.696900287615175e-09,1.5249132975302818e-10
3215,1.669317488900077e-09,1.4963511671117022e-10
3216,1.6104534078140777e-09,1.4373728695604267e-10
3217,1.5413575911038328e-09,1.3537963571023592e-10
3218,1.4733167846954158e-09,1.2563808726274858e-10
3219,1.3983757059814143e-09,1.1491247566402351e-10
3220,1.3028031133623882e-09,1.015930966396614e-10
3221,1.2451716797481402e-09,9.363977271361327e-11
3222,1.2833814427581595e-09,9.809075410412599e-11
3223,1.3919694304658063e-09,1.115096985754058e-10
3224,1.5166888262370737e-09,1.2837957779409223e-10
3225,1.6110287766516466e-09,1.431092029601314e-10
3226,1.6714577005130704e-09,1.533214888943078e-10
3227,1.745978365447841e-09,1.6500758240155986e-10
3228,1.8118567954217367e-09,1.7453280315613925e-10
3229,1.7938480463510569e-09,1.7103463471844183e-10
3230,1.6788071040211452e-09,1.536004182527896e-10
3231,1.5373055236018137e-09,1.3334385774236027e-10
3232,1.4023824828061004e-09,1.1484587460071617e-10
3233,1.269894261925948e-09,9.8209333419078e-11
3234,1.1658824414867805e-09,8.672508707647664e-11
3235,1.0833130084535211e-09,7.72908788430554e-11
3236,1.0484607200337759e-09,7.264463424346085e-11
3237,1.044622138918475e-09,7.135192052797733e-11
3238,1.0489975992975742e-09,7.10898179857625e-11
3239,1.059527575348914e-09,7.155979165743147e-11
3240,1.08901743767053e-09,7.416119969832286e-11
3241,1.1153417558850542e-09,7.645865307549185e-11
3242,1.128878899970765e-09,7.794096022287335e-11
3243,1.1513149923744945e-09,8.133550085106485e-11
3244,1.189066302791014e-09,8.639776496139291e-11
3245,1.253358520749815e-09,9.459982611680394e-11
3246,1.3042962901448004e-09,1.0128344269800704e-10
3247,1.3671339097623136e-09,1.099928983213646e-10
3248,1.4280327991698851e-09,1.171785452335957e-10
3249,1.4554235746838016e-09,1.1874044568051246e-10
3250,1.4179017062721158e-09,1.1292335280967686e-10
3251,1.3412708291204752e-09,1.0388996768363041e-10
3252,1.2628734139192186e-09,9.481267000683954e-11
3253,1.1991442977617983e-09,8.759826533321022e-11
3254,1.1281831123406584e-09,8.044110383101985e-11
3255,1.062152836862098e-09,7.44596886552481e-11
3256,1.0430894954830064e-09,7.301093920075644e-11
3257,1.0536967484652627e-09,7.33934923395126e-11
3258,1.0572140348295766e-09,7.286468347655081e-11
3259,1.0409021298029147e-09,7.077603980507907e-11
3260,1.0371980528539643e-09,7.00888183546402e-11
3261,1.058089691309666e-09,7.190686246768196e-11
3262,1.06758978106039e-09,7.307459006402024e-11
3263,1.0529182046313979e-09,7.261258310084318e-11
3264,1.045283995349644e-09,7.286475079319587e-11
3265,1.0717578436998012e-09,7.619537485595741e-11
3266,1.1206884171639492e-09,8.220491310913998e-11
3267,1.1691583813307418e-09,8.86170032602377e-11
3268,1.2373509654119535e-09,9.715518952395283e-11
3269,1.353184690513606e-09,1.1041241546120016e-10
3270,1.4819127853463848e-09,1.2498998625105907e-10
3271,1.551987351194472e-09,1.3339819410978243e-10
3272,1.5611593794396572e-09,1.3564688452396546e-10
3273,1.5234485365149308e-09,1.3119463597807744e-10
3274,1.471595341235316e-09,1.24607981617452e-10
3275,1.381749880488638e-09,1.1322283514002562e-10
3276,1.2647561981762958e-09,9.834987019319919e-11
3277,1.1959738166839258e-09,8.940679491724018e-11
3278,1.206696506092513e-09,8.966128370003384e-11
3279,1.2850527470838313e-09,9.831108831108292e-11
3280,1.389056977844105e-09,1.112340188473335e-10
3281,1.5124293331610587e-09,1.2810334956924276e-10
3282,1.68292392802475e-09,1.5237603880787364e-10
3283,1.8682705824773587e-09,1.7906901748984786e-10
3284,1.9957203775135714e-09,1.9854094486505612e-10
3285,2.01672050844191e-09,2.0304633852131187e-10
3286,1.9920768524159926e-09,1.998961904252945e-10
3287,1.919087325649209e-09,1.8632430470790283e-10
3288,1.7918723343834968e-09,1.657482289052075e-10
3289,1.607645818731666e-09,1.4034398559387375e-10
3290,1.43936824741719e-09,1.1886539889660138e-10
3291,1.3407704115416075e-09,1.0652191199748266e-10
3292,1.272064137290736e-09,9.763167949309808e-11
3293,1.1992158835238436e-09,8.898112763872361e-11
3294,1.1386769644682294e-09,8.204240975696843e-11
3295,1.113888892340434e-09,7.848656666098966e-11
3296,1.117891505874213e-09,7.790544222295079e-11
3297,1.1371179646578258e-09,7.971598971397817e-11
3298,1.1742802908626917e-09,8.401979982534783e-11
3299,1.2513830521707118e-09,9.298841928556226e-11
3300,1.3535858710827977e-09,1.0562208248353727e-10
3301,1.4157957942278546e-09,1.1440318906583996e-10
3302,1.4269572814221128e-09,1.174135404831699e-10
3303,1.4073466600858873e-09,1.1553950647556683e-10
3304,1.4284055314437585e-09,1.183085639750522e-10
3305,1.4547329408675233e-09,1.2074988454933052e-10
3306,1.4232118133508254e-09,1.1516342315842807e-10
3307,1.3505467788299201e-09,1.0582792528897554e-10
3308,1.289044701209165e-09,9.862604411537983e-11
3309,1.284320241157733e-09,9.843874856571377e-11
3310,1.2986952765497676e-09,1.0106600003093808e-10
3311,1.3066774505436e-09,1.0451948079196114e-10
3312,1.3122685569252357e-09,1.0813251987660814e-10
3313,1.3497604405223248e-09,1.1424836892328124e-10
3314,1.3881955245011419e-09,1.1783324685902117e-10
3315,1.3767998960554222e-09,1.1407665185411468e-10
3316,1.313998063332902e-09,1.0434197968723623e-10
3317,1.2643250677671104e-09,9.694173881642563e-11
3318,1.2450451989915294e-09,9.357402311361422e-11
3319,1.1937825608466361e-09,8.730491083545327e-11
3320,1.1053006989576328e-09,7.849479286795363e-11
3321,1.0506301920532885e-09,7.396017319180414e-11
3322,1.090038016340918e-09,7.902092035035071e-11
3323,1.2020325926486317e-09,9.218205331329905e-11
3324,1.302520891080829e-09,1.0515090922102634e-10
3325,1.3860599529347566e-09,1.171835504543481e-10
3326,1.5349596137105748e-09,1.373891381047032e-10
3327,1.744591591784427e-09,1.6401597638008341e-10
3328,1.8648318158431667e-09,1.78444962311223e-10
3329,1.8204175625859745e-09,1.7334748718265562e-10
3330,1.7211523503528255e-09,1.6197952061945131e-10
3331,1.6709450495624934e-09,1.546733685306896e-10
3332,1.6138677245960803e-09,1.4465030101802866e-10
3333,1.4711072273459029e-09,1.2480000685698374e-10
3334,1.3106845778705976e-09,1.0428358786556983e-10
3335,1.307846608002215e-09,1.0335621487749191e-10
3336,1.4568857374939914e-09,1.1994968054892758e-10
3337,1.633959837305694e-09,1.4231200767759495e-10
3338,1.7412560075912321e-09,1.5966266559747276e-10
3339,1.8583558700835308e-09,1.7953034307564678e-10
3340,2.1089805696816498e-09,2.1740035503721948e-10
3341,2.3995943707244686e-09,2.619659998965393e-10
3342,2.4883272413101357e-09,2.774265523162065e-10
3343,2.4035885747146685e-09,2.665121400579801e-10
3344,2.3487354260486653e-09,2.5672885812554467e-10
3345,2.3533144184360577e-09,2.5232324504735334e-10
3346,2.2202988026597268e-09,2.278787466661046e-10
3347,1.9282287953447347e-09,1.8608485192383864e-10
3348,1.6660259612100882e-09,1.5122589569523555e-10
3349,1.5504447617784993e-09,1.3484872976328186e-10
3350,1.480009997917017e-09,1.236093496053933e-10
3351,1.3346726553254712e-09,1.050683434021608e-10
3352,1.1773680259845218e-09,8.734148981742193e-11
3353,1.1196326812975498e-09,8.050129819750023e-11
3354,1.1436983480954942e-09,8.143914696259094e-11
3355,1.1442786221248307e-09,8.026722846346895e-11
3356,1.0993255463322084e-09,7.57684054763364e-11
3357,1.0986558971290541e-09,7.642442717931776e-11
3358,1.1952793249179106e-09,8.709697218236037e-11
3359,1.3080186429545212e-09,1.0018530554413727e-10
3360,1.3341843488130367e-09,1.0456700559797726e-10
3361,1.3106356473877783e-09,1.0287716922323022e-10
3362,1.3175907205649874e-09,1.0300036784036217e-10
3363,1.3244719658372317e-09,1.0199551576661228e-10
3364,1.2337522081325725e-09,9.046039847176532e-11
3365,1.0857970306732093e-09,7.426933032310801e-11
3366,9.97067788086282e-10,6.490149590731173e-11
3367,1.0041468852261332e-09,6.535078980897939e-11
3368,1.0336377259589958e-09,6.886369280762378e-11
3369,1.0322441231862183e-09,7.059576584016587e-11
3370,1.0234806419666645e-09,7.128592692245153e-11
3371,1.0543810455540007e-09,7.453172411836758e-11
3372,1.1047507734300873e-09,7.876921083897658e-11
3373,1.1361694387380016e-09,8.175713879379297e-11
3374,1.1760178341463877e-09,8.684769346074306e-11
3375,1.2435681796335398e-09,9.465824819872572e-11
3376,1.2994091695844675e-09,1.0065082119965361e-10
3377,1.2596573719971205e-09,9.58305098469892e-11
3378,1.165427812203477e-09,8.562414827679363e-11
3379,1.1156589788083378e-09,8.016795905339037e-11
3380,1.1322727264212726e-09,8.150083916395258e-11
3381,1.156608219695649e-09,8.43351521903872e-11
3382,1.139776606713016e-09,8.306517844992372e-11
3383,1.1402402076634552e-09,8.336896745260729e-11
3384,1.1917735404253015e-09,8.821395514190922e-11
3385,1.266558185054501e-09,9.576904773701055e-11
3386,1.2893437953154177e-09,9.846081106651085e-11
3387,1.2788129677189521e-09,9.85226387675267e-11
3388,1.2922720299564618e-09,1.0140745789839686e-10
3389,1.3373213449760769e-09,1.0740698185040867e-10
3390,1.3513912371218052e-09,1.0910953019905511e-10
3391,1.337237917103166e-09,1.0758624242635033e-10
3392,1.3556321743988387e-09,1.0968788335939232e-10
3393,1.4294308440551693e-09,1.177370412982933e-10
3394,1.5219226278776766e-09,1.284694909491122e-10
3395,1.5677982647783546e-09,1.3410514182075962e-10
3396,1.5868066750316748e-09,1.3687186962230594e-10
3397,1.6637119795080614e-09,1.481074452069649e-10
3398,1.7812328023147726e-09,1.650810520899781e-10
3399,1.8667084179663554e-09,1.7870499471939917e-10
3400,1.8702765676399992e-09,1.807751253841818e-10
3401,1.8434150025086894e-09,1.7711712515384638e-10
3402,1.813904775647026e-09,1.709711449000154e-10
3403,1.746238968774818e-09,1.588230932202078e-10
3404,1.626222231506472e-09,1.4161775713604194e-10
3405,1.4874568848741416e-09,1.2332166426373896e-10
3406,1.3770454057419215e-09,1.090419326332374e-10
3407,1.2715915627555395e-09,9.579845368969189e-11
3408,1.1444539378169499e-09,8.143331146895193e-11
3409,1.0211334246371866e-09,6.869361390430341e-11
3410,9.486001573407356e-10,6.146658941821629e-11
3411,9.266686244278543e-10,5.87743446959953e-11
3412,9.326971733800998e-10,5.852926702837514e-11
3413,9.373536202252056e-10,5.812676297877536e-11
3414,9.722314968087832e-10,6.13230731677892e-11
3415,1.0477379652044448e-09,6.910538123181947e-11
3416,1.1311507477205514e-09,7.833674793020857e-11
3417,1.187033130648495e-09,8.55315868259259e-11
3418,1.2091228632745396e-09,8.918991035892375e-11
3419,1.2457816103572516e-09,9.425476344257906e-11
3420,1.2444707919780074e-09,9.332573807305275e-11
3421,1.161987423386057e-09,8.29257238998347e-11
3422,1.0231134161800896e-09,6.762842828147834e-11
3423,9.124956594086444e-10,5.6072838994982404e-11
3424,8.762457365039438e-10,5.2065023189684144e-11
3425,8.784083571360943e-10,5.2209816647897794e-11
3426,8.639604055561762e-10,5.139788738738491e-11
3427,8.484705471001461e-10,5.094632243751391e-11
3428,8.848813540253198e-10,5.5268353507834715e-11
3429,9.690780487582488e-10,6.370872502281558e-11
3430,1.0458089146140042e-09,7.1442489643597e-11
3431,1.0895562163236775e-09,7.639226886509725e-11
3432,1.1317849833871806e-09,8.110459560407142e-11
3433,1.2121083506579533e-09,8.99204936435001e-11
3434,1.257323710851227e-09,9.461927866245244e-11
3435,1.204056031761289e-09,8.866279155699676e-11
3436,1.1016395977023623e-09,7.781821919881353e-11
3437,1.0307745001662558e-09,6.998464439701625e-11
3438,1.0247253294306804e-09,6.902830838671832e-11
3439,1.0235496730294084e-09,6.877154479413416e-11
3440,1.0019559911931986e-09,6.665101997177946e-11
3441,1.0186098287793882e-09,6.87551800103356e-11
3442,1.0936761675068691e-09,7.653746513210386e-11
3443,1.1790205858745073e-09,8.536140949856697e-11
3444,1.2043875367321595e-09,8.834311459016916e-11
3445,1.1987213892691677e-09,8.865321544535247e-11
3446,1.2376759339358479e-09,9.372487590032507e-11
3447,1.299681337478801e-09,1.0034104167435439e-10
3448,1.2853961754524266e-09,9.837899161105199e-11
3449,1.171285778713022e-09,8.569931310639891e-11
3450,1.0673355120040322e-09,7.420547574602591e-11
3451,1.0528408162517078e-09,7.191808092773123e-11
3452,1.0833455637992175e-09,7.409649578037547e-11
3453,1.0779642566977186e-09,7.314405724566697e-11
3454,1.0790714591734813e-09,7.413673500525576e-11
3455,1.154201999884811e-09,8.290947687134414e-11
3456,1.3234606115992606e-09,1.0243821367583968e-10
3457,1.4833521661292853e-09,1.2258478501674086e-10
3458,1.543110472537864e-09,1.3147489013212838e-10
3459,1.568594423099343e-09,1.357904226920125e-10
3460,1.6347062698487357e-09,1.4403571517388907e-10
3461,1.6753123781712767e-09,1.4806545386889718e-10
3462,1.5984628070657625e-09,1.3759119359780526e-10
3463,1.4085120639856041e-09,1.1310707541727687e-10
3464,1.2232427188600948e-09,9.006030543199958e-11
3465,1.0760384489890683e-09,7.249104696749408e-11
3466,9.340969443834014e-10,5.716659341754149e-11
3467,8.041741644023543e-10,4.4905859183440824e-11
3468,7.329015538203002e-10,3.8692432375742954e-11
3469,7.571829872160197e-10,4.0778037102656014e-11
3470,8.43699463914313e-10,4.859575561021208e-11
3471,9.171131314621444e-10,5.5803069145929354e-11
3472,9.793505411522192e-10,6.27894410682786e-11
3473,1.075951249379161e-09,7.348905151883455e-11
3474,1.211786685708942e-09,8.82875458791064e-11
3475,1.2973787363319301e-09,9.789291294796485e-11
3476,1.2957035635713729e-09,9.89209758247687e-11
3477,1.268121594289985e-09,9.690686157093533e-11
3478,1.2482227082999653e-09,9.39879027820332e-11
3479,1.1777919584541562e-09,8.500485953993476e-11
3480,1.0218153237676252e-09,6.832285507734968e-11
3481,8.908663446696703e-10,5.5630609133845315e-11
3482,8.655289961927823e-10,5.29420523988136e-11
3483,9.068630017098653e-10,5.62862979136599e-11
3484,9.246810000423748e-10,5.858187403449361e-11
3485,9.089800899464311e-10,5.864946507304955e-11
3486,9.364563066284586e-10,6.229822938770771e-11
3487,1.059336913512787e-09,7.504752200085937e-11
3488,1.1976442049358776e-09,8.994173267841862e-11
3489,1.2605332891450426e-09,9.757183960408163e-11
3490,1.2895376132049543e-09,1.016423619357532e-10
3491,1.3488333076860671e-09,1.0810954237068125e-10
3492,1.402136752297679e-09,1.1305750822090564e-10
3493,1.3491013219926385e-09,1.0593282702631101e-10
3494,1.2274981444871812e-09,9.21513661372228e-11
3495,1.1518307636117646e-09,8.364732287837404e-11
3496,1.1738293442444755e-09,8.606676018386808e-11
3497,1.2193844327982164e-09,9.169501597475424e-11
3498,1.19958209327846e-09,9.00547698430854e-11
3499,1.1722444421817236e-09,8.759592857591946e-11
3500,1.2215214710455107e-09,9.31323503319651e-11
3501,1.3478806499501685e-09,1.0710668258426194e-10
3502,1.4422079361528796e-09,1.178846284707906e-10
3503,1.4352501282520122e-09,1.1748707586240082e-10
3504,1.3925748680215704e-09,1.1273856184439467e-10
3505,1.3606242968553554e-09,1.0823531792501668e-10
3506,1.3221446364881782e-09,1.030546274943871e-10
3507,1.258149586062048e-09,9.613594913358945e-11
3508,1.1659598867378322e-09,8.538340739289762e-11
3509,1.1004409988263538e-09,7.70720973717665e-11
3510,1.0616485558904879e-09,7.179592868619044e-11
3511,1.016346545937547e-09,6.629673252825476e-11
3512,9.902489082083856e-10,6.347563410658585e-11
3513,1.0345052812684507e-09,6.842077868938618e-11
3514,1.1433141444912705e-09,8.05169821702819e-11
3515,1.2722738491430955e-09,9.595923311053317e-11
3516,1.3326830838729091e-09,1.0400657197377232e-10
3517,1.3739074976162906e-09,1.1044285267175803e-10
3518,1.411239074106679e-09,1.1463835544874089e-10
3519,1.4378254381483247e-09,1.1650560402418256e-10
3520,1.3986958969354032e-09,1.1093159888493543e-10
3521,1.2779392918126883e-09,9.60528462473261e-11
3522,1.1634853323030925e-09,8.268260212326651e-11
3523,1.0678402618016788e-09,7.155185854448718e-11
3524,9.890907189390993e-10,6.328936838308704e-11
3525,9.194343561581835e-10,5.672397902605265e-11
3526,8.947837977069979e-10,5.469331269379454e-11
3527,9.346885551437293e-10,5.870525552008255e-11
3528,1.0099024554630593e-09,6.610470638071625e-11
3529,1.0870719166459134e-09,7.420319144585854e-11
3530,1.1528670272650495e-09,8.13996015829678e-11
3531,1.2048551889049473e-09,8.691431765989762e-11
3532,1.2261614659907434e-09,8.899889603930966e-11
3533,1.2127358850543376e-09,8.797989453562382e-11
3534,1.1765768241510055e-09,8.464744175571769e-11
3535,1.128800945968633e-09,7.939632553423113e-11
3536,1.029826876897727e-09,6.810809644776587e-11
3537,8.943797753065807e-10,5.417339438852201e-11
3538,7.941427905056222e-10,4.485338822564464e-11
3539,7.707143701734827e-10,4.243812519881112e-11
3540,7.980295581435211e-10,4.446247340220635e-11
3541,8.297492831275219e-10,4.7805122443314585e-11
3542,8.506713485985248e-10,5.060126694573435e-11
3543,8.997031652897676e-10,5.5580451037616683e-11
3544,9.85978708413976e-10,6.399411125793052e-11
3545,1.0607653802552462e-09,7.201829641295136e-11
3546,1.0880064567030483e-09,7.58229499197217e-11
3547,1.1159839600108027e-09,7.965963505798107e-11
3548,1.1619305495045768e-09,8.442629305576947e-11
3549,1.178832203885633e-09,8.5504837849503e-11
3550,1.1333633442087234e-09,8.052945902407085e-11
3551,1.061303300064784e-09,7.272653954726298e-11
3552,1.0374734680549293e-09,6.994311762482703e-11
3553,1.0697286178872583e-09,7.339310516264455e-11
3554,1.0929317143705054e-09,7.63028690730869e-11
3555,1.0926125907485823e-09,7.697478759848012e-11
3556,1.1175035035536866e-09,8.01570911500269e-11
3557,1.2008487581054029e-09,8.939665505150408e-11
3558,1.3176549293955664e-09,1.0275277497775506e-10
3559,1.412906910002639e-09,1.1454306710692219e-10
3560,1.4395857790229978e-09,1.1768368292440786e-10
3561,1.4172085294500636e-09,1.1404798189139454e-10
3562,1.3606281877652732e-09,1.0647664620293734e-10
3563,1.2513266444236008e-09,9.296038876109163e-11
3564,1.1202086287577152e-09,7.784375876236113e-11
3565,9.850933925710897e-10,6.293875521418941e-11
3566,8.792331476929863e-10,5.1922574266560064e-11
3567,8.145780968515439e-10,4.557458851585046e-11
3568,7.872872999124022e-10,4.29394533012438e-11
3569,8.020289739241655e-10,4.426276106085571e-11
3570,8.653191605158254e-10,5.034271449654064e-11
3571,9.70864901149931e-10,6.103443254021778e-11
3572,1.1143324918461097e-09,7.669284370228447e-11
3573,1.2559278139430281e-09,9.327968928242891e-11
3574,1.3321120862334735e-09,1.0271854322277537e-10
3575,1.3276082520114826e-09,1.0268875526627858e-10
3576,1.2669310779704443e-09,9.560643291824345e-11
3577,1.2095902461083491e-09,8.887824546741647e-11
3578,1.150730694815784e-09,8.176593349108951e-11
3579,1.0854902008817357e-09,7.447300002266186e-11
3580,1.0229231360749355e-09,6.812921881386332e-11
3581,9.976336086338975e-10,6.575714416471509e-11
3582,1.0154235967492597e-09,6.735560751291555e-11
3583,1.045289013294106e-09,6.99924117614447e-11
3584,1.0400844395346734e-09,6.88271336348084e-11
3585,1.0299272418402534e-09,6.768335017320697e-11
3586,1.0213802408664962e-09,6.658411665538196e-11
3587,9.993843749232042e-10,6.405066569639356e-11
3588,9.634807882224592e-10,6.101315749012532e-11
3589,9.4582399868403e-10,6.023890550285628e-11
3590,9.544413496567108e-10,6.10243493202963e-11
3591,9.635679965992552e-10,6.106825236860717e-11
3592,8.999886734643136e-10,5.3978617181157246e-11
3593,7.890988302610851e-10,4.3152983551139945e-11
3594,7.033118190433517e-10,3.5173521015942604e-11
3595,6.694078793658981e-10,3.1932023050984684e-11
3596,6.616024719905808e-10,3.155649257911947e-11
3597,6.472863404526807e-10,3.159196350658392e-11
3598,6.417223529317464e-10,3.263397870501337e-11
3599,6.710985044277893e-10,3.6055196359652284e-11
3600,7.285692185289596e-10,4.128712676717893e-11
3601,7.895324107356899e-10,4.6566959630234224e-11
3602,8.478626128171064e-10,5.1620403530848785e-11
3603,9.285741157867861e-10,5.892335148230261e-11
3604,1.0173273411668518e-09,6.705004914551313e-11
3605,1.0707703534879288e-09,7.221304801393372e-11
3606,1.0546008051599255e-09,7.068155362122189e-11
3607,1.010418713777948e-09,6.647954634677834e-11
3608,9.92744628191171e-10,6.495739735624569e-11
3609,9.861472188476799e-10,6.433183661362517e-11
3610,9.810742920596624e-10,6.421346062904312e-11
3611,9.770850340396544e-10,6.408465628568842e-11
3612,1.0070132181352285e-09,6.715452604328146e-11
3613,1.0835256350945449e-09,7.50058064896934e-11
3614,1.1714011357298278e-09,8.436273799478506e-11
3615,1.234797198686307e-09,9.139186800346409e-11
3616,1.280961705330794e-09,9.692423917047462e-11
3617,1.307547445775279e-09,1.0006521796397576e-10
3618,1.2948175500279584e-09,9.853988627953983e-11
3619,1.2298859945780928e-09,9.136296546808836e-11
3620,1.1320540939659295e-09,8.039650647689736e-11
3621,1.0347918582652496e-09,6.929070534838073e-11
3622,9.45360967218585e-10,5.931055957395823e-11
3623,8.66435754017142e-10,5.1117628150264823e-11
3624,8.154961753620191e-10,4.599174628548345e-11
3625,8.039874594785988e-10,4.4433184539991806e-11
3626,8.512194179357093e-10,4.881968891767374e-11
3627,9.313267485472623e-10,5.715961784428635e-11
3628,1.0103753625518993e-09,6.603637444480927e-11
3629,1.088048045462071e-09,7.52098555861071e-11
3630,1.1431524818112437e-09,8.142665227881483e-11
3631,1.1753006970390217e-09,8.4802996761233e-11
3632,1.1423721665156828e-09,8.020652367550485e-11
3633,1.0713449261708823e-09,7.204794174749327e-11
3634,1.0058651588460997e-09,6.522909750543056e-11
3635,9.484983125644265e-10,5.917622686768703e-11
3636,9.257727885848051e-10,5.7293251864894626e-11
3637,9.140885452991595e-10,5.6578014185711267e-11
3638,9.173380516535879e-10,5.689815190464279e-11
3639,9.219268282440885e-10,5.675833952281062e-11
3640,9.375289591533156e-10,5.7863893252761754e-11
3641,9.651160484991127e-10,6.038551322765687e-11
3642,1.0079368224794247e-09,6.448578818849594e-11
3643,1.0274337903634594e-09,6.620714321942457e-11
3644,1.0038126070863656e-09,6.42399125334865e-11
3645,9.51698652620492e-10,5.974497971059162e-11
3646,9.068275640083053e-10,5.547250804637622e-11
3647,8.868888928425589e-10,5.351885989241312e-11
3648,8.546672404767327e-10,5.035852513240721e-11
3649,7.832840611796768e-10,4.362756444285859e-11
3650,7.143149954348868e-10,3.770346121546058e-11
3651,6.823847769255431e-10,3.513440634577407e-11
3652,6.867965224822586e-10,3.587721007648258e-11
3653,7.04938748129221e-10,3.849777461081256e-11
3654,7.278547904798529e-10,4.236802836339856e-11
3655,7.870713076691143e-10,5.002933828026477e-11
3656,8.891613905754734e-10,6.122332564277907e-11
3657,9.888016138444345e-10,7.101126170024306e-11
3658,1.0363054382605952e-09,7.482632570652603e-11
3659,1.0743859231708987e-09,7.792283278693973e-11
3660,1.1531686599852748e-09,8.52384752722562e-11
3661,1.2300869502605636e-09,9.211821917982634e-11
3662,1.2234310591574532e-09,9.073153445805191e-11
3663,1.1299912593503375e-09,8.052980983092519e-11
3664,1.0488583528291756e-09,7.16196787632434e-11
3665,1.019649782682078e-09,6.783352405683537e-11
3666,9.993109028709839e-10,6.528210427778209e-11
3667,9.638427255260034e-10,6.19441285409692e-11
3668,9.642553913205753e-10,6.253717289868037e-11
3669,1.0247020190257956e-09,6.867051337553952e-11
3670,1.1292355733804324e-09,8.007598498953996e-11
3671,1.2242482583853543e-09,9.180928948572617e-11
3672,1.3156761753248807e-09,1.0387868688099665e-10
3673,1.4192700801323402e-09,1.166258574956843e-10
3674,1.5140575327687727e-09,1.281891274233122e-10
3675,1.5493394345580372e-09,1.3311220187846058e-10
3676,1.5169896876168263e-09,1.2922607770706203e-10
3677,1.4540637358242284e-09,1.20424735845411e-10
3678,1.366176337089136e-09,1.0848422027367239e-10
3679,1.2445880192189442e-09,9.357879546925884e-11
3680,1.1019772852369378e-09,7.707507332920794e-11
3681,1.0054912117938396e-09,6.639282678369174e-11
3682,9.729131953681574e-10,6.277583198569343e-11
3683,9.742220875186213e-10,6.27726126179791e-11
3684,9.747621200702165e-10,6.282490527757276e-11
3685,9.717007175264673e-10,6.256934673358703e-11
3686,9.680377852852336e-10,6.167664688893128e-11
3687,9.760419542584584e-10,6.20941016748895e-11
3688,9.777957370550347e-10,6.205298035775791e-11
3689,9.633408884995293e-10,6.028307631230186e-11
3690,9.436459706123355e-10,5.817579731162933e-11
3691,9.174708034073278e-10,5.551392739731487e-11
3692,8.842701495355477e-10,5.2380540299213154e-11
3693,8.69505387877807e-10,5.140186345938902e-11
3694,8.854632647554501e-10,5.332588061116223e-11
3695,9.192043981823276e-10,5.656428569174094e-11
3696,9.288548462447267e-10,5.719187943859363e-11
3697,8.938751462391278e-10,5.337828285715695e-11
3698,8.553062695605211e-10,4.936036562776047e-11
3699,8.556054188903994e-10,4.9053524128535544e-11
3700,8.761040977948096e-10,5.070578033462198e-11
3701,8.588827697210884e-10,4.9223567057984227e-11
3702,8.177609001071632e-10,4.6162034532423574e-11
3703,7.979816888358869e-10,4.4776041317750836e-11
3704,8.159993734644411e-10,4.6391282722237466e-11
3705,8.210366675936529e-10,4.7006356956388484e-11
3706,7.958442193892584e-10,4.562903156127943e-11
3707,7.689228642100115e-10,4.4115296264281476e-11
3708,7.805957209365678e-10,4.540362270469821e-11
3709,8.121717910204829e-10,4.845691155916601e-11
3710,8.256333471494854e-10,5.0703004337563405e-11
3711,8.383120774028351e-10,5.333056975571442e-11
3712,8.91420738142159e-10,5.911312339439368e-11
3713,9.81959285739963e-10,6.769991249462459e-11
3714,1.044526089856647e-09,7.290485859036745e-11
3715,1.047696492711515e-09,7.200473108149868e-11
3716,1.0508427228804391e-09,7.140058158595083e-11
3717,1.0934742507138274e-09,7.494778589014319e-11
3718,1.1130477777892711e-09,7.59967933374253e-11
3719,1.0642331034007235e-09,7.114206690739683e-11
3720,9.664186522585088e-10,6.18023484397703e-11
3721,8.985661424373119e-10,5.5230222950998466e-11
3722,8.841515752006007e-10,5.3800468208452445e-11
3723,8.815238693454195e-10,5.3536257599421557e-11
3724,8.492340403136696e-10,5.000096639833862e-11
3725,8.194736415227002e-10,4.6565720917020846e-11
3726,8.244788024189205e-10,4.627727959735769e-11
3727,8.67875234262048e-10,4.972224365320288e-11
3728,9.015073465110384e-10,5.263586067969446e-11
3729,9.118106473628469e-10,5.4205968549744195e-11
3730,9.28291648606576e-10,5.707470440567615e-11
3731,9.70783631022871e-10,6.244554717140155e-11
3732,1.0259694078493953e-09,6.893673253547481e-11
3733,1.0457796734522627e-09,7.127491601129923e-11
3734,1.021094531325415e-09,6.837832648881722e-11
3735,1.0082399843223208e-09,6.65462090764617e-11
3736,1.0186463293589753e-09,6.676947380256823e-11
3737,1.0230014572587211e-09,6.651336458074925e-11
3738,9.63840575888911e-10,6.013060731455625e-11
3739,8.435006644782833e-10,4.838257666488587e-11
3740,7.247166475165256e-10,3.7842281740868116e-11
3741,6.588856165474362e-10,3.2423483846733873e-11
3742,6.277631559948372e-10,2.963934681914765e-11
3743,6.050822412338795e-10,2.7396486902004803e-11
3744,5.943511056469652e-10,2.6372701023682133e-11
3745,6.209943626816116e-10,2.821975243143097e-11
3746,6.832599945038649e-10,3.265468667075156e-11
3747,7.412627173280821e-10,3.71469808965892e-11
3748,7.476899843254406e-10,3.800660703537048e-11
3749,7.186455386508985e-10,3.617407185116576e-11
3750,7.104440256721678e-10,3.597679833215366e-11
3751,7.198973344776832e-10,3.7020687275490837e-11
3752,7.067655452669139e-10,3.614080923801746e-11
3753,6.596165039753155e-10,3.2273410157324543e-11
3754,6.105804484088802e-10,2.8074255344596703e-11
3755,5.956474486330468e-10,2.643431643787521e-11
3756,6.151817615028241e-10,2.743031916316808e-11
3757,6.288058604618864e-10,2.8192277670427312e-11
3758,6.27078638922206e-10,2.831747394644761e-11
3759,6.194321067513953e-10,2.8292222438451888e-11
3760,6.138540191244806e-10,2.827805548137563e-11
3761,6.001279000196322e-10,2.748401308671144e-11
3762,5.743722089951342e-10,2.5864282252428557e-11
3763,5.576716283262143e-10,2.515317945725266e-11
3764,5.696388436065054e-10,2.6606807212124608e-11
3765,6.060244204564089e-10,2.983664467267617e-11
3766,6.520240614138779e-10,3.3803856734602854e-11
3767,7.020152375431065e-10,3.805137494200692e-11
3768,7.641788447192661e-10,4.328294468651465e-11
3769,8.373826167172994e-10,4.970431750806012e-11
3770,8.948063810117502e-10,5.5183208680398305e-11
3771,9.149904217789159e-10,5.7214701852188455e-11
3772,9.057804149925062e-10,5.601108877519605e-11
3773,8.975667783590779e-10,5.492325838974708e-11
3774,9.037493764638222e-10,5.55689774075542e-11
3775,9.141911970888425e-10,5.669689103909098e-11
3776,9.08476473527187e-10,5.6085599147627347e-11
3777,8.81631130157402e-10,5.341077722525593e-11
3778,8.376537078930701e-10,4.901416420476848e-11
3779,8.079920648377283e-10,4.6021863626818536e-11
3780,8.079339983447219e-10,4.5904021735398157e-11
3781,8.15973554500612e-10,4.647513255960319e-11
3782,8.105323299682973e-10,4.5988616444367665e-11
3783,7.819627895204967e-10,4.3427260238878704e-11
3784,7.59939169480119e-10,4.1472587375976375e-11
3785,7.577403698661472e-10,4.099888297148002e-11
3786,7.596450630618885e-10,4.066926261033611e-11
3787,7.371463519114749e-10,3.823148910896635e-11
3788,7.01811952800393e-10,3.506900443488125e-11
3789,6.78352196748797e-10,3.3026371717641744e-11
3790,6.917089312885194e-10,3.40376269830299e-11
3791,7.336290521541498e-10,3.7722608309022754e-11
3792,7.739686878831036e-10,4.158461244707428e-11
3793,7.856910530350137e-10,4.287760919195574e-11
3794,7.968115303316327e-10,4.402796567731455e-11
3795,8.035414428077792e-10,4.431230322582972e-11
3796,7.872790196779278e-10,4.209131214599682e-11
3797,7.342587843082939e-10,3.690640578463469e-11
3798,6.570203931919056e-10,3.0320432062001816e-11
3799,5.933857939447439e-10,2.5277734788209917e-11
3800,5.535232588382366e-10,2.2332866846395936e-11
3801,5.261104117820668e-10,2.0534546043125277e-11
3802,5.061622596532159e-10,1.944892915020526e-11
3803,4.967487636641606e-10,1.8981986160598872e-11
3804,5.039961581896222e-10,1.9456544539840264e-11
3805,5.216592287779259e-10,2.0578500087741957e-11
3806,5.320545660254951e-10,2.120429275397712e-11
3807,5.437697543337538e-10,2.2026349974312336e-11
3808,5.653740569332612e-10,2.3662914667077463e-11
3809,5.829358984918515e-10,2.5015458782606415e-11
3810,5.836756563870018e-10,2.5342560911077643e-11
3811,5.66066628194718e-10,2.441578026907248e-11
3812,5.466020613285891e-10,2.3009198743159502e-11
3813,5.429912966442401e-10,2.24370774938349e-11
3814,5.483859044681924e-10,2.2512139281965552e-11
3815,5.59001433470231e-10,2.339031507805073e-11
3816,5.837327933355472e-10,2.5703041934269722e-11
3817,6.25390762261868e-10,2.955811943777191e-11
3818,6.470966056104219e-10,3.1790182116900017e-11
3819,6.323436129087357e-10,3.131232737263773e-11
3820,6.046620434729133e-10,3.009704212212311e-11
3821,5.977558978331884e-10,3.037899182517615e-11
3822,6.228630811650022e-10,3.2942911701611124e-11
3823,6.488443295688318e-10,3.508623073738739e-11
3824,6.65997859114644e-10,3.62678933909367e-11
3825,6.920957883877587e-10,3.824475858239736e-11
3826,7.530176408317019e-10,4.349016886472429e-11
3827,8.258639685669468e-10,5.024605085969479e-11
3828,8.710206582629407e-10,5.5072815249778805e-11
3829,8.764880765368977e-10,5.6097333485676845e-11
3830,8.787287267865893e-10,5.6591042126221347e-11
3831,9.134841660090559e-10,6.038925466359995e-11
3832,9.623937552257768e-10,6.559495161292095e-11
3833,9.990865416990457e-10,6.970539746183034e-11
3834,1.0204049687565731e-09,7.214279229942958e-11
3835,1.0325617083551834e-09,7.282809806076104e-11
3836,1.0252788278157952e-09,7.087019589151686e-11
3837,9.852442930340816e-10,6.58585523920979e-11
3838,9.235644380284049e-10,5.921032400519719e-11
3839,8.702775429414147e-10,5.354070777521543e-11
3840,8.297042022701957e-10,4.914758363596812e-11
3841,7.808423149369067e-10,4.423735717598874e-11
3842,7.306494397806566e-10,3.9741664112995225e-11
3843,7.092531340072904e-10,3.7952921873862526e-11
3844,7.034575639401783e-10,3.692585049052499e-11
3845,6.896587162839038e-10,3.5282986185620375e-11
3846,6.510691098052179e-10,3.188621375164505e-11
3847,6.142306003554052e-10,2.8518103438326114e-11
3848,6.166349447238168e-10,2.8072272971532696e-11
3849,6.430228369930396e-10,2.9663973206251944e-11
3850,6.789766945018293e-10,3.2549378503280766e-11
3851,6.936133626426644e-10,3.381088029960179e-11
3852,7.088521971339962e-10,3.507711611235319e-11
3853,7.243282668572384e-10,3.6351137760020526e-11
3854,7.109643136591005e-10,3.510269949631289e-11
3855,6.805208570053514e-10,3.2592166277409394e-11
3856,6.460404769829804e-10,2.9661345971866204e-11
3857,6.139503916861389e-10,2.6823399917284287e-11
3858,5.821324842453466e-10,2.4301859736921724e-11
3859,5.501105146596105e-10,2.211696999400707e-11
3860,5.230699965419609e-10,2.035763621906209e-11
3861,5.218014696364266e-10,2.0497648101290738e-11
3862,5.494515816089125e-10,2.283804288871337e-11
3863,5.856124499147361e-10,2.5852532303501027e-11
3864,6.305055454782122e-10,2.957213994976909e-11
3865,6.672316345791111e-10,3.2376635766126914e-11
3866,6.873710184105292e-10,3.363448751009454e-11
3867,6.909590490345494e-10,3.367016369417943e-11
3868,6.797959913859812e-10,3.259128212996045e-11
3869,6.573952152820003e-10,3.0618519067520826e-11
3870,6.342602588292357e-10,2.880409827881381e-11
3871,6.044881527961646e-10,2.6687704691158632e-11
3872,5.783756316436362e-10,2.5104809091978645e-11
3873,5.716596165202943e-10,2.503541548916151e-11
3874,5.870413218459901e-10,2.623671913101465e-11
3875,6.070828321646124e-10,2.7444723954637203e-11
3876,6.197185879677485e-10,2.8228710333821723e-11
3877,6.349094147894037e-10,2.96961957244399e-11
3878,6.651479577306696e-10,3.2527551185353544e-11
3879,6.925024163852008e-10,3.5200272492814545e-11
3880,6.939326148744621e-10,3.60026653509746e-11
3881,6.851531113433737e-10,3.615694113976085e-11
3882,6.893914656301747e-10,3.7131071207940536e-11
3883,7.121119235132839e-10,3.948597432985157e-11
3884,7.352045126861661e-10,4.212525777297972e-11
3885,7.584945313133304e-10,4.508912436273053e-11
3886,8.088730536881315e-10,5.045541693865048e-11
3887,8.890416714024131e-10,5.869240057731342e-11
3888,9.57962583195378e-10,6.637940480236758e-11
3889,9.916246494602952e-10,7.076785548110986e-11
3890,1.0123445670340735e-09,7.284859255408943e-11
3891,1.0432204274084662e-09,7.507727527353869e-11
3892,1.0533726913128637e-09,7.470789132654028e-11
3893,1.0060950760820794e-09,6.839548185001368e-11
3894,9.32586402344914e-10,5.990672995060296e-11
3895,9.002002119069578e-10,5.603376915679114e-11
3896,9.046333563830896e-10,5.569188793920484e-11
3897,8.797871375028723e-10,5.2644000190550425e-11
3898,8.084192647226685e-10,4.610213494203127e-11
3899,7.507039678910599e-10,4.1355305175032746e-11
3900,7.456290220414303e-10,4.0851319233684105e-11
3901,7.551514825567408e-10,4.102553577910871e-11
3902,7.117249247152434e-10,3.649628429284532e-11
3903,6.308434963184792e-10,2.9456366863374686e-11
3904,5.800691349240932e-10,2.5165773323033395e-11
3905,5.799087163678759e-10,2.4698353464903837e-11
3906,5.883507785972088e-10,2.5175061044930857e-11
3907,5.64461180486578e-10,2.3583033267749695e-11
3908,5.420750023714047e-10,2.220631477090263e-11
3909,5.582514104162175e-10,2.3269645179590585e-11
3910,5.890606975769713e-10,2.510757973744833e-11
3911,5.826700446447077e-10,2.4389223595172196e-11
3912,5.465785531344635e-10,2.1888285644990968e-11
3913,5.170070706982998e-10,1.9753807075683304e-11
3914,5.126507252038701e-10,1.919986978795581e-11
3915,5.033938438925391e-10,1.856645198521119e-11
3916,4.728413269086767e-10,1.690985223708064e-11
3917,4.5551039579810797e-10,1.6173470527399237e-11
3918,4.679562781506151e-10,1.7072428425831456e-11
3919,4.941862423429292e-10,1.8723851059222908e-11
3920,4.982883201654744e-10,1.8952713550310688e-11
3921,5.031830651965974e-10,1.934393797230599e-11
3922,5.284984217888022e-10,2.0861658346154746e-11
3923,5.608137982009747e-10,2.2771367421956014e-11
3924,5.657959241762642e-10,2.323748168587116e-11
3925,5.380694052185307e-10,2.175412574066645e-11
3926,5.251945854615675e-10,2.1126177503785065e-11
3927,5.484066807371127e-10,2.2707622190990025e-11
3928,5.693665181113421e-10,2.397559641775203e-11
3929,5.669922171873023e-10,2.375349508083088e-11
3930,5.550725096149841e-10,2.2819165147744947e-11
3931,5.782160096372704e-10,2.430571085760531e-11
3932,6.006980184913188e-10,2.5429005596386026e-11
3933,5.783993093449389e-10,2.374073711818688e-11
3934,5.25745230807306e-10,2.0603073900882456e-11
3935,4.96704254485112e-10,1.9196588512197473e-11
3936,5.164180357302984e-10,2.1068398329460678e-11
3937,5.525817603246428e-10,2.4482775723935274e-11
3938,5.759295756256171e-10,2.7316018567140972e-11
3939,5.971778734507797e-10,2.9554390510518663e-11
3940,6.358139327339995e-10,3.245552648299271e-11
3941,6.819479095596898e-10,3.617063904411198e-11
3942,6.946575259763635e-10,3.7808711600611257e-11
3943,6.775038586737958e-10,3.739436623330981e-11
3944,6.667811194618861e-10,3.7290791522357434e-11
3945,6.748901285532879e-10,3.8137901097122313e-11
3946,6.844667620068617e-10,3.8807053315124275e-11
3947,6.963353426319974e-10,3.984877915867101e-11
3948,7.256291542663309e-10,4.246153170398744e-11
3949,7.781074198357068e-10,4.694550692381209e-11
3950,8.311758906117477e-10,5.118383772990422e-11
3951,8.719856844619588e-10,5.420143733596377e-11
3952,9.261416325680558e-10,5.876705364871806e-11
3953,9.79744079112033e-10,6.296342378777527e-11
3954,9.942457411326588e-10,6.37527561233582e-11
3955,9.491062191170974e-10,5.994858841745617e-11
3956,8.722609733314996e-10,5.326464922040831e-11
3957,8.200681108865565e-10,4.842531705298421e-11
3958,7.714867021548224e-10,4.331562086070217e-11
3959,6.91867993928551e-10,3.5505173344666465e-11
3960,6.072529457099582e-10,2.8072538995801637e-11
3961,5.675928701416383e-10,2.4823933118321026e-11
3962,5.812770679347662e-10,2.5598387631331815e-11
3963,6.016688766193203e-10,2.683636013054937e-11
3964,5.876948018983391e-10,2.564929589245457e-11
3965,5.556809847350316e-10,2.3201957881822642e-11
3966,5.512475058909002e-10,2.2689847748163622e-11
3967,5.72218303368655e-10,2.3986465939999257e-11
3968,5.808873619563785e-10,2.4696566123233078e-11
3969,5.562841256258643e-10,2.3249163028174872e-11
3970,5.321182108349153e-10,2.178735654854605e-11
3971,5.322606125432677e-10,2.1732450913500174e-11
3972,5.420809924462183e-10,2.219731963823866e-11
3973,5.417804748933479e-10,2.217345242021657e-11
3974,5.332537249472105e-10,2.1871225180758203e-11
3975,5.408663175311324e-10,2.2807373314003902e-11
3976,5.814764473502783e-10,2.6258253504291253e-11
3977,6.235926619415007e-10,2.963850359885287e-11
3978,6.3147997728138e-10,2.998688163234543e-11
3979,6.208229290716915e-10,2.8949227084216076e-11
3980,6.186378233222737e-10,2.869682509535471e-11
3981,6.545497858377273e-10,3.1692248925334305e-11
3982,6.871172957686331e-10,3.436344737865509e-11
3983,6.909083597975706e-10,3.4673956727945135e-11
3984,6.616728267795163e-10,3.2129046532107906e-11
3985,6.4864186440714e-10,3.0923104420809477e-11
3986,6.730494374084084e-10,3.289830102330271e-11
3987,7.088187187805148e-10,3.6098394332633914e-11
3988,7.187121428031742e-10,3.717298395637002e-11
3989,7.051653094880212e-10,3.617542493656149e-11
3990,7.012472943860305e-10,3.582383695185408e-11
3991,7.129865471968261e-10,3.679585862731663e-11
3992,7.364393047138328e-10,3.958578379997564e-11
3993,7.448181235976192e-10,4.172477653613109e-11
3994,7.455190243368164e-10,4.311730927545502e-11
3995,7.546557297902554e-10,4.447884375030561e-11
3996,7.495626031817299e-10,4.3436535582154015e-11
3997,7.238953839537665e-10,4.065180576268215e-11
3998,7.077903018197228e-10,3.9531859748141655e-11
3999,7.211064694764797e-10,4.121274299873149e-11
4000,7.520122646919617e-10,4.410058813958715e-11
4001,7.676413067678645e-10,4.537210700849447e-11
4002,7.572581415325228e-10,4.384897578253706e-11
4003,7.546418712725323e-10,4.2826595396292856e-11
4004,7.866120632271301e-10,4.532867143337987e-11
4005,8.35485381661007e-10,5.018827504858588e-11
4006,8.84771169074137e-10,5.5727639138584475e-11
4007,9.222857937986218e-10,5.963673478275512e-11
4008,9.733299846924245e-10,6.446634825774001e-11
4009,1.0363475206488034e-09,7.037170894269668e-11
4010,1.0751205391424832e-09,7.358092428009464e-11
4011,1.0916221997258838e-09,7.53122498652022e-11
4012,1.0850115719806192e-09,7.500014597834305e-11
4013,1.0600859242572426e-09,7.236991286641443e-11
4014,1.0263010461818077e-09,6.862188830333271e-11
4015,9.77758429299238e-10,6.324240686614029e-11
4016,9.242407667498224e-10,5.7538323163434924e-11
4017,8.917275018315952e-10,5.4304310581843304e-11
4018,8.837563919103449e-10,5.3694070890334884e-11
4019,8.91254091215547e-10,5.4525541030359134e-11
4020,8.768774867174369e-10,5.265438220426284e-11
4021,8.345731193247202e-10,4.795825537666174e-11
4022,7.77885658542265e-10,4.227112748733806e-11
4023,7.284636044324009e-10,3.7757996774794586e-11
4024,7.127765875612016e-10,3.677335747217404e-11
4025,7.238354462957342e-10,3.836479618932321e-11
4026,7.443792962287422e-10,4.0872573114451084e-11
4027,7.532624245093306e-10,4.2065325872628635e-11
4028,7.66728885453219e-10,4.340744533523296e-11
4029,7.987678844223306e-10,4.614824582745569e-11
4030,8.52900104254436e-10,5.1159164757025334e-11
4031,8.923189299187866e-10,5.520725541699989e-11
4032,8.86777204542557e-10,5.5033725822028817e-11
4033,8.668153420638604e-10,5.343583499424189e-11
4034,8.721102296802362e-10,5.403885028016693e-11
4035,9.116908404676947e-10,5.7977697980373756e-11
4036,9.459599954798127e-10,6.15777597482841e-11
4037,9.397722575616673e-10,6.12554259185303e-11
4038,9.27193119065626e-10,6.031555205074386e-11
4039,9.159550559900969e-10,5.846636125389354e-11
4040,9.12563356929732e-10,5.706108660944382e-11
4041,8.84748605724688e-10,5.362216927800189e-11
4042,8.452110274565359e-10,4.963409789381875e-11
4043,8.340689552704513e-10,4.8584683698150115e-11
4044,8.493166598150495e-10,4.986670728849409e-11
4045,8.615655989299775e-10,5.09951247327316e-11
4046,8.468252193975056e-10,4.971104250993895e-11
4047,8.175624485227069e-10,4.691423015996238e-11
4048,7.983724565916067e-10,4.496547617566362e-11
4049,8.021869262444921e-10,4.562206582710272e-11
4050,7.980943046447344e-10,4.5688578582981204e-11
4051,7.774392382365114e-10,4.398676312201971e-11
4052,7.435184031553308e-10,4.077239419742214e-11
4053,7.300483487089514e-10,3.96972973526437e-11
4054,7.342343071214402e-10,4.0238181680702234e-11
4055,7.57456889774056e-10,4.262406864638695e-11
4056,7.959163541583713e-10,4.647510871829608e-11
4057,8.445732638412839e-10,5.077524950711867e-11
4058,9.151823266272577e-10,5.6899156442612664e-11
4059,9.836724886406644e-10,6.28691712134195e-11
4060,1.014135073662466e-09,6.549292318368797e-11
4061,9.97021548887675e-10,6.393090156978085e-11
4062,9.79444185811178e-10,6.281486367292382e-11
4063,9.909676785075357e-10,6.438391682902277e-11
4064,1.0277786027770164e-09,6.846894740118983e-11
4065,1.0436755752689986e-09,7.037361358082231e-11
4066,1.0408592456568324e-09,7.032297894063289e-11
4067,1.0448401351962184e-09,7.033106517498736e-11
4068,1.070258127456233e-09,7.198992809319905e-11
4069,1.0808516222464081e-09,7.215947970645468e-11
4070,1.039678985619488e-09,6.743452309199752e-11
4071,9.894826484949378e-10,6.249222061823373e-11
4072,9.71296953116792e-10,6.098558128088851e-11
4073,9.614039498670574e-10,5.999107984984933e-11
4074,9.011236321125783e-10,5.4151754647748225e-11
4075,8.144378455972885e-10,4.660325144480465e-11
4076,7.717956709729991e-10,4.308584810260866e-11
4077,7.997453347100656e-10,4.52314124287792e-11
4078,8.488332272158799e-10,4.912797613956968e-11
4079,8.429023481112078e-10,4.836755727815133e-11
4080,7.995508729765453e-10,4.450172256787479e-11
4081,7.828117117695428e-10,4.306474544968712e-11
4082,8.055870611276214e-10,4.529215758118366e-11
4083,8.103226086312055e-10,4.622962457667384e-11
4084,7.608250929103806e-10,4.23355456291685e-11
4085,7.098347380168312e-10,3.827184102603969e-11
4086,7.134848202370308e-10,3.87060885493384e-11
4087,7.563000082730836e-10,4.226764612014432e-11
4088,7.833642549216631e-10,4.471252480989775e-11
4089,7.969624404105953e-10,4.6697128738642535e-11
4090,8.313210210988962e-10,5.032172697498831e-11
4091,9.099255238679782e-10,5.7766663628009264e-11
4092,9.948278147757332e-10,6.624198683025965e-11
4093,1.0435548165650243e-09,7.186387422208078e-11
4094,1.060765188691474e-09,7.415080143429685e-11
4095,1.0940159782408056e-09,7.764744830904522e-11
4096,1.1009819153840502e-09,7.743653622437883e-11
4097,1.0174160208981151e-09,6.718845780448607e-11
4098,8.844414302459837e-10,5.301837295937617e-11
4099,7.85643291592007e-10,4.322075365042644e-11
4100,7.361801816528844e-10,3.827053792010359e-11
4101,6.87614155553029e-10,3.412107050457941e-11
4102,5.983957207276348e-10,2.7479231319393053e-11
4103,5.112188866571394e-10,2.1624471726007458e-11
4104,4.81867064945787e-10,2.008363143664667e-11
4105,5.044441040773986e-10,2.2103236660627832e-11
4106,5.314991987567838e-10,2.4574894180449273e-11
4107,5.401402495509414e-10,2.5549825774181956e-11
4108,5.536116451748636e-10,2.6284777531571943e-11
4109,6.136225534748905e-10,3.026837443874608e-11
4110,6.995646066833462e-10,3.656932525943637e-11
4111,7.514650844166915e-10,4.0980710382038245e-11
4112,7.691637995901167e-10,4.3352266624446736e-11
4113,7.951361612837119e-10,4.623975313157483e-11
4114,8.265040749049549e-10,4.859656192959947e-11
4115,8.261626952094421e-10,4.7892277980292356e-11
4116,8.00635165252904e-10,4.555970326287953e-11
4117,8.097774179747832e-10,4.6574361654820366e-11
4118,8.619101599619433e-10,5.109571482474133e-11
4119,8.917784662861627e-10,5.349882767345373e-11
4120,8.810828633671863e-10,5.294609180437478e-11
4121,8.793900529081491e-10,5.3121245090003514e-11
4122,9.508413605160528e-10,5.990164804954607e-11
4123,1.0593454959966705e-09,7.101147810160161e-11
4124,1.1099751214496763e-09,7.718233802409089e-11
4125,1.0903167402758064e-09,7.570265797274717e-11
4126,1.0791628107105727e-09,7.414749304825203e-11
4127,1.1081316396714673e-09,7.637734749718329e-11
4128,1.1207741484530148e-09,7.711814010945782e-11
4129,1.08444783458304e-09,7.32716586444406e-11
4130,1.0176555501918211e-09,6.621251831618425e-11
4131,9.634146133095498e-10,6.051662388306161e-11
4132,9.297229511436726e-10,5.7343604185443856e-11
4133,8.956143680761522e-10,5.4624530837206965e-11
4134,8.847716903662136e-10,5.446233858446642e-11
4135,9.051991065895556e-10,5.6938027293572847e-11
4136,9.542849679152387e-10,6.218432153062998e-11
4137,9.782112335308016e-10,6.461811512331547e-11
4138,9.46119443495701e-10,6.112223310441234e-11
4139,8.83605218413035e-10,5.4598862822993295e-11
4140,8.382453077207719e-10,5.0144686279684245e-11
4141,8.16557105231918e-10,4.827740138780693e-11
4142,7.887879977564865e-10,4.592976383758831e-11
4143,7.460079063557422e-10,4.238332269053186e-11
4144,6.986185660913076e-10,3.840042149355377e-11
4145,6.92794136603856e-10,3.823285966625134e-11
4146,7.206443414272516e-10,4.1041736187356456e-11
4147,7.697461836445043e-10,4.627721668505718e-11
4148,8.227939778802378e-10,5.2160393255391625e-11
4149,8.909428330489792e-10,5.92071879834601e-11
4150,9.771550685747229e-10,6.745335801628939e-11
4151,1.0516178516690425e-09,7.43485562592169e-11
4152,1.0918060438367318e-09,7.830602046633311e-11
4153,1.0955558781786386e-09,7.844188339787643e-11
4154,1.0603503705909936e-09,7.37720762391721e-11
4155,9.814960365902444e-10,6.46269765716606e-11
4156,8.809277579407809e-10,5.4290174894345414e-11
4157,7.847216172706249e-10,4.5002722013734327e-11
4158,7.018105831960458e-10,3.735199329428352e-11
4159,6.215860127356619e-10,3.0823331135122583e-11
4160,5.476907118546901e-10,2.5896309415866828e-11
4161,5.108968173916197e-10,2.436416833162059e-11
4162,5.073123995682111e-10,2.497812687111089e-11
4163,5.113003386391994e-10,2.5539752507347434e-11
4164,5.109952746098458e-10,2.533034382559297e-11
4165,5.155200850959268e-10,2.4955482177893847e-11
4166,5.549591245099063e-10,2.71647167103229e-11
4167,6.227196787445839e-10,3.180046677593897e-11
4168,6.834203358352311e-10,3.6479649932179666e-11
4169,7.354347799065186e-10,4.115417428480946e-11
4170,7.996731380839663e-10,4.701492791060324e-11
4171,8.661892745662583e-10,5.2729037035104946e-11
4172,9.117950453931215e-10,5.7005248643436465e-11
4173,9.202603006733873e-10,5.8181000473320497e-11
4174,9.310878644832917e-10,5.980146983202169e-11
4175,9.48444756482271e-10,6.177615798355641e-11
4176,9.484638290673652e-10,6.191138924916595e-11
4177,9.297727796415477e-10,6.013137252218836e-11
4178,9.407406378015663e-10,6.106664654857147e-11
4179,1.0223438210831437e-09,6.918895356431958e-11
4180,1.1317844069158378e-09,8.0692685923363e-11
4181,1.1952971948900539e-09,8.802489296267763e-11
4182,1.1974170599668693e-09,8.828560399522826e-11
4183,1.2292532176958267e-09,9.168938892473892e-11
4184,1.3346096889958121e-09,1.0376686812126364e-10
4185,1.4445361593234584e-09,1.1698036764872392e-10
4186,1.4656119495142296e-09,1.2035609313481196e-10
4187,1.4303818938236921e-09,1.1814803791743364e-10
4188,1.4209638521911766e-09,1.187401533695979e-10
4189,1.4235340012812786e-09,1.1893135484957608e-10
4190,1.4100742046489949e-09,1.177606070515475e-10
4191,1.3646184980957578e-09,1.135143364686598e-10
4192,1.3335159560665566e-09,1.1023521769204075e-10
4193,1.3606755784632587e-09,1.1374376482131332e-10
4194,1.3799701002054383e-09,1.1576194065658515e-10
4195,1.3300837846006072e-09,1.089406294988594e-10
4196,1.2589581031930882e-09,1.0004197916518131e-10
4197,1.2213143600718406e-09,9.518603973766194e-11
4198,1.2077714124782475e-09,9.3157064895244e-11
4199,1.1543078015544662e-09,8.656235851040165e-11
4200,1.0438796582138729e-09,7.368888736840079e-11
4201,9.3037427401949e-10,6.066232714716243e-11
4202,8.710921726701082e-10,5.3685501405063455e-11
4203,8.434832153897818e-10,5.0298855826770494e-11
4204,8.307138414846386e-10,4.91221406724595e-11
4205,8.31087162405688e-10,4.96350260755847e-11
4206,8.475054930406695e-10,5.125807565317769e-11
4207,8.973364339750193e-10,5.597562659681138e-11
4208,9.41996141408046e-10,6.012492091321598e-11
4209,9.73780601488594e-10,6.325102815466454e-11
4210,9.788535600093198e-10,6.360377805056567e-11
4211,9.61628742660087e-10,6.172024456360557e-11
4212,9.101053019281269e-10,5.634261665117079e-11
4213,8.361738258417204e-10,4.910520450337986e-11
4214,7.697779903752752e-10,4.3038795862771e-11
4215,7.258913706213554e-10,3.920725436390171e-11
4216,6.906869839387557e-10,3.6305827467379215e-11
4217,6.448702146772764e-10,3.2811037986519404e-11
4218,5.989089561627481e-10,2.964825108468203e-11
4219,5.801750558966976e-10,2.8787881830768637e-11
4220,5.902622741423954e-10,3.0016422185139e-11
4221,6.031312363544723e-10,3.122688409823047e-11
4222,6.133538659974634e-10,3.214825802490074e-11
4223,6.468756734420433e-10,3.4901647554384665e-11
4224,7.226056598187427e-10,4.101527132860817e-11
4225,8.206830022141182e-10,4.9459581040784696e-11
4226,8.910409090819251e-10,5.621104348694003e-11
4227,9.314305398550255e-10,6.053721530203623e-11
4228,9.942474086370088e-10,6.705561939387841e-11
4229,1.078897079118653e-09,7.547406760374942e-11
4230,1.1299277335559565e-09,8.078950812646196e-11
4231,1.112666450534438e-09,7.953245286620413e-11
4232,1.0777417973817087e-09,7.653559937114123e-11
4233,1.0784201083598315e-09,7.69598841610885e-11
4234,1.105736884475499e-09,7.99706324514449e-11
4235,1.1134141854547898e-09,8.07039542427904e-11
4236,1.116936822029587e-09,8.103260811535676e-11
4237,1.1442954493631121e-09,8.325084073564785e-11
4238,1.187000979842392e-09,8.650000040979096e-11
4239,1.2205355330483007e-09,8.96086509276986e-11
4240,1.2203774727612651e-09,8.955564288685657e-11
4241,1.2358241340905398e-09,9.162253574038408e-11
4242,1.279124657908241e-09,9.697713100406456e-11
4243,1.3538332161784075e-09,1.071855358975333e-10
4244,1.4292743560982537e-09,1.1840841433252623e-10
4245,1.4894383900551385e-09,1.2753009249271742e-10
4246,1.5461217691532293e-09,1.3642704314232598e-10
4247,1.5824249264651045e-09,1.422145223373654e-10
4248,1.576795952792803e-09,1.4162877819244772e-10
4249,1.5350863351820453e-09,1.358224616181944e-10
4250,1.4678318498729375e-09,1.2649350481624958e-10
4251,1.3925509920418145e-09,1.1630009021634543e-10
4252,1.315626412333759e-09,1.0637794052150394e-10
4253,1.2277900551649366e-09,9.525967383540036e-11
4254,1.134840382173838e-09,8.362554651806748e-11
4255,1.0531454952395005e-09,7.358099801403077e-11
4256,9.91283127817509e-10,6.608305005198504e-11
4257,9.610694086481143e-10,6.242234899742116e-11
4258,9.430247240425924e-10,6.010848184658451e-11
4259,9.214473694335827e-10,5.752451861098596e-11
4260,8.667297136003873e-10,5.172684733354097e-11
4261,7.942259860744129e-10,4.476104084604772e-11
4262,7.25015193420371e-10,3.838051507045458e-11
4263,6.74506758165618e-10,3.37869325133111e-11
4264,6.231207094718087e-10,2.9298731672328966e-11
4265,5.660991529022138e-10,2.4880643961529396e-11
4266,5.271370881905088e-10,2.2176523411809836e-11
4267,5.147164193487268e-10,2.1275101815157865e-11
4268,5.140619824108425e-10,2.105967388503542e-11
4269,4.969510852908275e-10,1.976644021555603e-11
4270,4.83785687981008e-10,1.9045754383414376e-11
4271,4.958805304991532e-10,1.9951627350482146e-11
4272,5.25141225608384e-10,2.1978052980153257e-11
4273,5.257944495254736e-10,2.213489326745554e-11
4274,4.737943630205689e-10,1.8838308479554295e-11
4275,4.099221445094191e-10,1.4927385688793735e-11
4276,3.825186911356228e-10,1.3475772896819398e-11
4277,3.9091524748053417e-10,1.4556557818538713e-11
4278,4.1691196328538335e-10,1.7212701930942882e-11
4279,4.474666630419735e-10,2.0248806518159203e-11
4280,4.899395238379383e-10,2.3373239571513168e-11
4281,5.531405098232426e-10,2.720312720380768e-11
4282,6.29221133151343e-10,3.216217024251729e-11
4283,7.126616298621842e-10,3.885883652033747e-11
4284,8.11173499867764e-10,4.8163182663933016e-11
4285,9.251307458692634e-10,5.963339796548625e-11
4286,1.0023581679263502e-09,6.738375765218989e-11
4287,9.946892877930165e-10,6.638856229263368e-11
4288,9.64753309521654e-10,6.386218603573725e-11
4289,9.739511663802764e-10,6.541110942881653e-11
4290,1.0243176611891875e-09,7.148033229652177e-11
4291,1.0383225540508666e-09,7.416166096875358e-11
4292,1.0165762678608803e-09,7.318017888965018e-11
4293,1.021821376188003e-09,7.318967037183546e-11
4294,1.0952096983576076e-09,7.855950414291414e-11
4295,1.1829288161741934e-09,8.617796208773855e-11
4296,1.2020376437381524e-09,8.821498725767154e-11
4297,1.185987079203773e-09,8.723087001990567e-11
4298,1.2379993244247419e-09,9.392437783646618e-11
4299,1.3310177882875007e-09,1.0498539628667477e-10
4300,1.3501005102048808e-09,1.0765434330090719e-10
4301,1.2930820228071643e-09,1.0242976921799146e-10
4302,1.236406816980931e-09,9.634128143568281e-11
4303,1.2537644079881793e-09,9.800267214942834e-11
4304,1.2843316382085693e-09,1.0125096419693232e-10
4305,1.2485881985682515e-09,9.724079596714517e-11
4306,1.1820428917464614e-09,8.981409466060704e-11
4307,1.1561210770815296e-09,8.646540772704264e-11
4308,1.1838211943714745e-09,8.928737023796501e-11
4309,1.2169759635510647e-09,9.373692433403878e-11
4310,1.2314252095333313e-09,9.664059212435674e-11
4311,1.2393165700309403e-09,9.755622001660776e-11
4312,1.2348294732854841e-09,9.538255064870245e-11
4313,1.17542796589371e-09,8.647843524051352e-11
4314,1.0716360266944222e-09,7.382559894670847e-11
4315,9.637712042967901e-10,6.17694615944216e-11
4316,8.502918381494393e-10,4.976265578534425e-11
4317,7.30599160311024e-10,3.860832143941439e-11
4318,6.169642072257097e-10,2.928984567554694e-11
4319,5.37040827277602e-10,2.3139385524241976e-11
4320,5.067965207821088e-10,2.0756630446796245e-11
4321,4.973755190067202e-10,1.9915160219992272e-11
4322,4.812306380664303e-10,1.8757028626744587e-11
4323,4.728410887481756e-10,1.8242283599791654e-11
4324,4.879432461508481e-10,1.9244272146846874e-11
4325,5.274728269883898e-10,2.1921112360939196e-11
4326,5.519838486175702e-10,2.3643543702751987e-11
4327,5.475193646495318e-10,2.348730218129088e-11
4328,5.504592931105089e-10,2.4080817995070966e-11
4329,5.727280383221323e-10,2.584046909088591e-11
4330,5.850639702050547e-10,2.660745045066808e-11
4331,5.367531173434395e-10,2.297669941761456e-11
4332,4.5846441916432463e-10,1.777215516530408e-11
4333,4.1729603238211363e-10,1.5442796330695954e-11
4334,4.2492684215620295e-10,1.6304431279915354e-11
4335,4.542161364827897e-10,1.8923210255575812e-11
4336,4.757839865203828e-10,2.1379096421771675e-11
4337,5.061920628906592e-10,2.425989350737311e-11
4338,5.81784565372151e-10,3.0025378239379115e-11
4339,6.84045333079451e-10,3.786774583413101e-11
4340,7.707161114931026e-10,4.5165209383248964e-11
4341,8.364980978735547e-10,5.139638904126367e-11
4342,9.335044669138177e-10,6.073845881708251e-11
4343,1.0648546469423977e-09,7.359083466857869e-11
4344,1.1339588308664155e-09,8.04398696860484e-11
4345,1.105642250928349e-09,7.804666142233228e-11
4346,1.0807929878670778e-09,7.691091894586177e-11
4347,1.1488646222166246e-09,8.619802326121352e-11
4348,1.2568265096281358e-09,1.0049266034748094e-10
4349,1.2762499153552399e-09,1.0484643531056121e-10
4350,1.2195319892274652e-09,9.976960208211657e-11
4351,1.2459207675389086e-09,1.0318494680874816e-10
4352,1.3955471437044703e-09,1.1955170794237394e-10
4353,1.520697480705319e-09,1.3300072303065616e-10
4354,1.4471355630067218e-09,1.2301839552460636e-10
4355,1.2744565992569223e-09,1.0185223674404684e-10
4356,1.1851524583054198e-09,9.009636174448725e-11
4357,1.1672055378991982e-09,8.613329874368986e-11
4358,1.10781982291044e-09,7.916934953251072e-11
4359,1.0088237430683625e-09,6.994262673131063e-11
4360,9.760498957267921e-10,6.73826449023586e-11
4361,1.0537741957455583e-09,7.512017493846673e-11
4362,1.1446996728357443e-09,8.429745765813994e-11
4363,1.1526646765567292e-09,8.59297638684176e-11
4364,1.1477282767922332e-09,8.680958938524272e-11
4365,1.2326556897031058e-09,9.724142717277265e-11
4366,1.3617623426974899e-09,1.1280007795527301e-10
4367,1.40917296821252e-09,1.1989152005086037e-10
4368,1.3405200247543642e-09,1.1214928345687336e-10
4369,1.265180070468467e-09,1.0140410460256134e-10
4370,1.2008571088724179e-09,9.061424652749082e-11
4371,1.0706585192119518e-09,7.353706501110271e-11
4372,8.723879223755164e-10,5.215363239011529e-11
4373,7.007247783577938e-10,3.580131896460402e-11
4374,6.094692323282407e-10,2.7736821330592645e-11
4375,5.665561054894892e-10,2.4172128824880504e-11
4376,5.215674336645285e-10,2.099681967782484e-11
4377,4.862292710655404e-10,1.887850080638243e-11
4378,4.86107794606871e-10,1.9016769438392744e-11
4379,5.226196219712099e-10,2.149323882504051e-11
4380,5.690903723073064e-10,2.4822459187952023e-11
4381,5.972503301219052e-10,2.6976548803311238e-11
4382,6.132634682084234e-10,2.8197707806407514e-11
4383,6.300605546513242e-10,2.940605857351014e-11
4384,6.230937569212216e-10,2.8738713489437653e-11
4385,5.746921643940164e-10,2.5123581199967203e-11
4386,5.142046519748171e-10,2.0967128186455977e-11
4387,4.683473972008039e-10,1.785531459629732e-11
4388,4.4456267225693404e-10,1.624199188077696e-11
4389,4.1550627846169854e-10,1.4319845408534102e-11
4390,3.835930208964395e-10,1.2492458671841342e-11
4391,3.7309558317917226e-10,1.2093296000131024e-11
4392,4.055083647673838e-10,1.4258733990400384e-11
4393,4.821226916486751e-10,1.957026394109659e-11
4394,5.768417082738883e-10,2.6995532838487606e-11
4395,6.67722869684452e-10,3.4901772873582956e-11
4396,7.562738550190248e-10,4.3019426371682986e-11
4397,8.505611144761731e-10,5.195927994883272e-11
4398,9.295556426819434e-10,5.959105796675869e-11
4399,9.824064684435955e-10,6.48706091062038e-11
4400,1.0056765207621752e-09,6.689971807408687e-11
4401,9.909536266269124e-10,6.449329113078538e-11
4402,9.461675835000183e-10,5.946001721237675e-11
4403,8.993184857986159e-10,5.519520836188172e-11
4404,8.977646511942978e-10,5.6134280437458583e-11
4405,9.446050575124673e-10,6.220453993833225e-11
4406,9.912643432299505e-10,6.838000491742123e-11
4407,1.0110980935456337e-09,7.205096684572335e-11
4408,1.053863076802233e-09,7.81343375875997e-11
4409,1.1901061093313992e-09,9.414177637191718e-11
4410,1.392949536760235e-09,1.1800141677373753e-10
4411,1.5306339165815436e-09,1.3464578896113222e-10
4412,1.5047390671962958e-09,1.307576683311555e-10
4413,1.3935580595658556e-09,1.1575654882291084e-10
4414,1.2926549447456917e-09,1.0188759156399448e-10
4415,1.190791314317404e-09,8.871275521699656e-11
4416,1.0676927215303017e-09,7.48856666463164e-11
4417,9.452579397828277e-10,6.207272878117134e-11
4418,8.572578551770983e-10,5.282008636559528e-11
4419,8.160728889865524e-10,4.8492792435450236e-11
4420,8.158486081137606e-10,4.8667229391557893e-11
4421,8.496420062555962e-10,5.218121175477407e-11
4422,9.226154882945768e-10,5.97011315052507e-11
4423,1.0265987849425819e-09,7.115345875171242e-11
4424,1.1265119906516897e-09,8.254309250870922e-11
4425,1.186345840882461e-09,8.90082397583054e-11
4426,1.2037162265747202e-09,9.007543683198794e-11
4427,1.1508634052191126e-09,8.261459679031076e-11
4428,1.0554411812953437e-09,7.129073433407463e-11
4429,9.38191814666201e-10,5.853232077274811e-11
4430,8.274137196727974e-10,4.7275354657707316e-11
4431,7.282320422700282e-10,3.799314720915442e-11
4432,6.384934304078522e-10,3.0332703059798925e-11
4433,5.712319896976632e-10,2.5022812446066618e-11
4434,5.310442624347814e-10,2.1932726696363862e-11
4435,5.016292165115716e-10,1.9702917482008093e-11
4436,4.83035804468803e-10,1.8434614418079347e-11
4437,4.881873362041531e-10,1.8946196854430334e-11
4438,5.145712040105703e-10,2.0717027884516957e-11
4439,5.456642463447864e-10,2.2868042176724577e-11
4440,5.518214412695279e-10,2.345508706872256e-11
4441,5.386201837740578e-10,2.2690842087752792e-11
4442,5.277128863305012e-10,2.1852861887319617e-11
4443,5.348365639064254e-10,2.2192897825587936e-11
4444,5.216574327460324e-10,2.1006213068142763e-11
4445,4.79887176834328e-10,1.806961980200424e-11
4446,4.2104979453966657e-10,1.4277278251865771e-11
4447,3.82508425152482e-10,1.2067791174142415e-11
4448,3.6755136952952473e-10,1.1400818564589721e-11
4449,3.721524554958273e-10,1.1918729844666271e-11
4450,3.930001052697569e-10,1.341886630754822e-11
4451,4.3541271840269275e-10,1.6254862456969694e-11
4452,4.98223320710488e-10,2.052492314443745e-11
4453,5.525205310893301e-10,2.431844847309427e-11
4454,5.899943030551316e-10,2.7235019392514276e-11
4455,6.284967667263421e-10,3.0573663278317014e-11
4456,6.964374666348251e-10,3.6681263159705365e-11
4457,7.824220640932977e-10,4.494056982876194e-11
4458,8.422570325780995e-10,5.17572457057478e-11
4459,8.403536520798457e-10,5.289123300658509e-11
4460,8.280334195188322e-10,5.28625410321283e-11
4461,8.523595981496e-10,5.626649116359224e-11
4462,9.028669825595178e-10,6.242321694487072e-11
4463,9.20925726483162e-10,6.522584818783456e-11
4464,9.212127719186653e-10,6.687196370027583e-11
4465,9.466735844319215e-10,7.092316292195835e-11
4466,1.0145852322020395e-09,7.868856436194301e-11
4467,1.092993840829821e-09,8.822783371919009e-11
4468,1.1150131508802391e-09,9.202805677358679e-11
4469,1.0918838035835788e-09,8.934492569798361e-11
4470,1.0844491457890787e-09,8.653620930333416e-11
4471,1.075407527818407e-09,8.205553357336815e-11
4472,1.0372306612287547e-09,7.516932479645872e-11
4473,9.966658465292144e-10,7.004298784358697e-11
4474,9.761456460622632e-10,6.693900675970917e-11
4475,9.67193963721032e-10,6.444093857107107e-11
4476,9.36806981743599e-10,6.05345710858207e-11
4477,8.67265951649915e-10,5.341078628313761e-11
4478,8.381206896290416e-10,5.081160086460387e-11
4479,8.826974257441332e-10,5.561506764691986e-11
4480,9.436901823681704e-10,6.21708032162445e-11
4481,9.47768067442861e-10,6.292819798935387e-11
4482,8.939307604690141e-10,5.718660842079193e-11
4483,8.777554899712191e-10,5.483169683296025e-11
4484,9.134147605330485e-10,5.7220502841541285e-11
4485,9.423243145386417e-10,5.935892281748355e-11
4486,9.066320733251233e-10,5.586418840739997e-11
4487,8.582758367109711e-10,5.1504557655467356e-11
4488,8.294868543703274e-10,4.807003926850126e-11
4489,7.857370892094094e-10,4.293231017850305e-11
4490,7.027942557125648e-10,3.555474024205278e-11
4491,6.037147106484061e-10,2.7692454721570898e-11
4492,5.482753955937699e-10,2.3430072080610317e-11
4493,5.227704164891209e-10,2.134936218439316e-11
4494,4.843433006065423e-10,1.8680432650107187e-11
4495,4.379666349347676e-10,1.5868543667207076e-11
4496,4.1641799010046216e-10,1.455554316365287e-11
4497,4.388404428859163e-10,1.5830637509506517e-11
4498,4.790038261269174e-10,1.846756418952214e-11
4499,4.842760558381886e-10,1.887043624776375e-11
4500,4.742597196174613e-10,1.8157604548485846e-11
4501,4.78417863458962e-10,1.8170148782563665e-11
4502,4.949611902053573e-10,1.8989586086011e-11
4503,4.673966323299544e-10,1.7090018271986036e-11
4504,4.122525076952393e-10,1.4071535455852567e-11
4505,3.8265218179101985e-10,1.2822353035952359e-11
4506,4.0241239121728603e-10,1.4308761583247626e-11
4507,4.4673038191814913e-10,1.73108492217264e-11
4508,4.686426389249892e-10,1.918568860616861e-11
4509,4.780496040561514e-10,2.0622720444406683e-11
4510,5.28114952250934e-10,2.5243462926084614e-11
4511,6.203424950676634e-10,3.343048151651665e-11
4512,6.884770425075463e-10,4.0142643388606134e-11
4513,6.75274974088291e-10,3.991521610649447e-11
4514,6.342321853351706e-10,3.708875100085007e-11
4515,6.44010013829308e-10,3.8485315198368856e-11
4516,6.981005378218072e-10,4.398107862046901e-11
4517,7.367611241336462e-10,4.838396422601577e-11
4518,7.365460132328427e-10,4.918280938815818e-11
4519,7.538987333623559e-10,5.1525163292126e-11
4520,8.243585688303813e-10,5.877450757661811e-11
4521,9.121797300440324e-10,6.863478331453871e-11
4522,9.725053303928925e-10,7.78372932328433e-11
4523,1.0332408627682726e-09,8.88425210129798e-11
4524,1.1342371301487987e-09,1.0330780219429103e-10
4525,1.2527090697408953e-09,1.186326010022005e-10
4526,1.2859935479457577e-09,1.22034469027232e-10
4527,1.2164395793447044e-09,1.1100134795398672e-10
4528,1.1593731040736483e-09,1.0075403831396863e-10
4529,1.155380888440186e-09,9.592778594784695e-11
4530,1.1551224125545608e-09,9.197417962241936e-11
4531,1.0759683474363812e-09,8.00760663547164e-11
4532,9.595108296661637e-10,6.583945030594721e-11
4533,8.962070208496528e-10,5.838801983731381e-11
4534,9.114291292829843e-10,5.952759440294153e-11
4535,9.61759010216656e-10,6.525420489204077e-11
4536,9.991640429946003e-10,7.028235977751748e-11
4537,1.0012363093962932e-09,7.046060117548015e-11
4538,1.0005585825526363e-09,6.92040126167817e-11
4539,1.0067684754975191e-09,6.832874079192857e-11
4540,1.0049565284091843e-09,6.672250924609428e-11
4541,9.840687285016728e-10,6.355329840123115e-11
4542,9.326998901103374e-10,5.763589794827104e-11
4543,8.578570220670977e-10,5.000410786649277e-11
4544,7.834385499279636e-10,4.3186260283866105e-11
4545,7.288574336450528e-10,3.8542620999197335e-11
4546,6.964840971855233e-10,3.586871006115964e-11
4547,6.776278708138923e-10,3.424142046767588e-11
4548,6.381744871823982e-10,3.05528716985973e-11
4549,5.869401762318627e-10,2.6208105888606138e-11
4550,5.353705301956314e-10,2.2194057499568557e-11
4551,5.070346710195313e-10,2.0145149739755923e-11
4552,5.009987298880803e-10,1.9736018631269615e-11
4553,5.008799424655563e-10,1.97756257928176e-11
4554,5.038064515860179e-10,2.0137002188958356e-11
4555,5.226425181983191e-10,2.1712718007220072e-11
4556,5.530395633474054e-10,2.389118017998929e-11
4557,5.850329640019868e-10,2.5984192943701067e-11
4558,5.955113554521354e-10,2.640423116281255e-11
4559,6.003085817842943e-10,2.670301415845047e-11
4560,6.034155439319926e-10,2.6983039323111843e-11
4561,5.82681619335892e-10,2.55907375497567e-11
4562,5.342920164147143e-10,2.2622611831061977e-11
4563,4.806756025610724e-10,1.946780550752031e-11
4564,4.628119604860863e-10,1.8551369457545377e-11
4565,4.832459699180397e-10,2.012774623856248e-11
4566,5.108759909238548e-10,2.2344859369730154e-11
4567,5.274715082421192e-10,2.3936746676648067e-11
4568,5.434690636952423e-10,2.5257153884597264e-11
4569,5.878983291392664e-10,2.8586287107766816e-11
4570,6.523124343364758e-10,3.4043959805778365e-11
4571,6.970603676160514e-10,3.9402392313137963e-11
4572,7.310004870583006e-10,4.5874763313728664e-11
4573,7.739103133261817e-10,5.45910170340015e-11
4574,8.307689641596047e-10,6.436163542913375e-11
4575,8.838834683611018e-10,7.276053797194152e-11
4576,9.139829745974683e-10,7.733475284413906e-11
4577,9.37327996278891e-10,8.011813563049818e-11
4578,9.864435363991366e-10,8.549730994638558e-11
4579,1.0596215491442366e-09,9.274059732306426e-11
4580,1.1126614912773763e-09,9.612859375208606e-11
4581,1.107673572286617e-09,9.248022258600761e-11
4582,1.0746214635242415e-09,8.733208696165474e-11
4583,1.0460979190825245e-09,8.414428077338337e-11
4584,1.03564332054783e-09,8.397590247956954e-11
4585,1.0301934577850457e-09,8.439575921013669e-11
4586,1.012318038722288e-09,8.17027016098885e-11
4587,9.882905758678786e-10,7.615909849072484e-11
4588,9.690159468616166e-10,7.020265156807591e-11
4589,9.491383688516567e-10,6.516625072988884e-11
4590,9.191403337245181e-10,6.096738515954137e-11
4591,8.782819635737129e-10,5.661003712007646e-11
4592,8.351511565959218e-10,5.195684755820361e-11
4593,7.829774788554067e-10,4.615135169344068e-11
4594,6.984935705913344e-10,3.717134059157151e-11
4595,6.134532700544498e-10,2.9189409757854586e-11
4596,5.676432336244715e-10,2.5270600815555453e-11
4597,5.76516752891744e-10,2.567400858796649e-11
4598,6.167154993873128e-10,2.8438248416388178e-11
4599,6.391401435987597e-10,2.997561904071276e-11
4600,6.305002586552051e-10,2.934485437917642e-11
4601,6.271967949467432e-10,2.9277447036479235e-11
4602,6.362223869970336e-10,3.0126930985116807e-11
4603,6.301606841084158e-10,2.983650285836126e-11
4604,5.866126168917254e-10,2.660487153082592e-11
4605,5.291402536174154e-10,2.2292583780049858e-11
4606,4.903626224809435e-10,1.9268809714583546e-11
4607,4.6026624348145984e-10,1.6874058087849966e-11
4608,4.2600024559653193e-10,1.4593319944479852e-11
4609,3.8863163140337985e-10,1.2475989125379103e-11
4610,3.744067619667224e-10,1.1872243160072909e-11
4611,3.8558516233741813e-10,1.2674428069495077e-11
4612,4.011388418408361e-10,1.3783682578729743e-11
4613,4.0763335078215603e-10,1.4556887802859818e-11
4614,4.2862882091048495e-10,1.639620992619251e-11
4615,4.810050169506275e-10,2.027558481027882e-11
4616,5.37442361912387e-10,2.450424347376415e-11
4617,5.48102075291255e-10,2.532068984116064e-11
4618,5.256376835889926e-10,2.3644939652634288e-11
4619,5.221358848176085e-10,2.3200651509531033e-11
4620,5.437807749228178e-10,2.4542176842430136e-11
4621,5.54554820609102e-10,2.5384325211292052e-11
4622,5.19288875985807e-10,2.305009939773862e-11
4623,4.644062604571563e-10,1.910051320875047e-11
4624,4.354359055474159e-10,1.6903290299589706e-11
4625,4.3993809448633307e-10,1.7287871376798797e-11
4626,4.6376331783769597e-10,1.96217703964761e-11
4627,4.935426950176045e-10,2.3330181191790268e-11
4628,5.393460999397183e-10,2.95203066670358e-11
4629,5.950592319928618e-10,3.668212022160044e-11
4630,6.395853771606896e-10,4.1874448441291223e-11
4631,6.687317093569978e-10,4.531229240219625e-11
4632,7.014616315733392e-10,4.981514894417446e-11
4633,7.718739203760659e-10,5.969177431757495e-11
4634,8.623882601412983e-10,7.238099207019172e-11
4635,9.157928256507427e-10,7.91864756591658e-11
4636,9.030932020048365e-10,7.581317097289272e-11
4637,8.72220007901938e-10,6.932908083769582e-11
4638,8.71446193702258e-10,6.661708087348045e-11
4639,9.103650550067231e-10,7.053548446260579e-11
4640,9.450485348400354e-10,7.5924778732065e-11
4641,9.33549793344988e-10,7.562513675880563e-11
4642,8.94627792176621e-10,7.090885466434185e-11
4643,8.699790970893021e-10,6.674791982084114e-11
4644,8.604068829333436e-10,6.356137906825561e-11
4645,8.303924724034055e-10,5.829915421019901e-11
4646,7.565196348515339e-10,4.9238919040872576e-11
4647,6.808634422054905e-10,4.119755012814258e-11
4648,6.478764826204251e-10,3.7542503482892627e-11
4649,6.553924899004764e-10,3.7503234873798365e-11
4650,6.623436830928868e-10,3.780621875735828e-11
4651,6.312052064727656e-10,3.5051436223475515e-11
4652,5.864245463896449e-10,3.0866961213665653e-11
4653,5.770230246302304e-10,2.9443928324172176e-11
4654,6.187446558146535e-10,3.22487834936819e-11
4655,6.743120043665741e-10,3.619040307770656e-11
4656,7.011531572289986e-10,3.776176483819805e-11
4657,6.827110424528398e-10,3.5536537976234015e-11
4658,6.48635892932596e-10,3.2243456732886955e-11
4659,6.210999904155577e-10,2.9781521350120413e-11
4660,6.019984715391813e-10,2.8324112276939673e-11
4661,5.686836382740743e-10,2.5896738330769135e-11
4662,5.150765605566247e-10,2.212810148735086e-11
4663,4.672830422221209e-10,1.8989391688311002e-11
4664,4.459328251791665e-10,1.776997501397251e-11
4665,4.5741916373826963e-10,1.8884871223316778e-11
4666,4.877416626899328e-10,2.152832260888885e-11
4667,5.11350344395631e-10,2.3970214894943174e-11
4668,5.224625516675842e-10,2.5534426966114812e-11
4669,5.175952264465718e-10,2.5595156251815482e-11
4670,5.061577618521208e-10,2.5107073327127716e-11
4671,5.023802123172885e-10,2.5389398144859023e-11
4672,5.202863070590812e-10,2.7415137485826934e-11
4673,5.479046117521125e-10,2.974760584445887e-11
4674,5.658321201433832e-10,3.081171909449176e-11
4675,5.582015943552526e-10,2.955634534421488e-11
4676,5.54919731333724e-10,2.8949349076063316e-11
4677,5.786099041728461e-10,3.092482255220269e-11
4678,6.135265850372977e-10,3.398139434605056e-11
4679,6.230079695384358e-10,3.4758481707310813e-11
4680,5.936675032232958e-10,3.1869689702715434e-11
4681,5.604416538526307e-10,2.861669982675659e-11
4682,5.615451104403426e-10,2.8507669894107966e-11
4683,6.096915663755457e-10,3.3205018600877194e-11
4684,6.876780585570072e-10,4.1793218807693577e-11
4685,7.624389722697624e-10,5.082123752614551e-11
4686,7.983953969312957e-10,5.544278362689266e-11
4687,7.935136595556535e-10,5.518567341865484e-11
4688,7.625738136154713e-10,5.192272050273355e-11
4689,7.363892621196105e-10,4.956772440232127e-11
4690,7.299806328599351e-10,5.010113837086178e-11
4691,7.357437102400078e-10,5.225153535960569e-11
4692,7.50202429008381e-10,5.498431130766584e-11
4693,7.716019611849566e-10,5.7477016188464444e-11
4694,8.143801965948426e-10,6.168829453338238e-11
4695,8.78260018270049e-10,6.838079924470841e-11
4696,9.430939153970557e-10,7.569910423502663e-11
4697,1.0081924724586445e-09,8.380291301492082e-11
4698,1.0302810550507375e-09,8.556447527451947e-11
4699,9.989876240319172e-10,8.00563161418192e-11
4700,9.084529433055072e-10,6.77681943597158e-11
4701,8.036737821994108e-10,5.5214928083615285e-11
4702,7.058146510645934e-10,4.4168080407026606e-11
4703,6.11037257952638e-10,3.4189469217479125e-11
4704,5.268252460047905e-10,2.6376624956475052e-11
4705,4.61830685455118e-10,2.084861096504169e-11
4706,4.4121060520040774e-10,1.8982321944796953e-11
4707,4.5891144893964205e-10,1.988785274943974e-11
4708,4.85963248317143e-10,2.1631423958072443e-11
4709,5.001613275693552e-10,2.2722070341613463e-11
4710,5.195703856184003e-10,2.425405834668668e-11
4711,5.691651686419561e-10,2.810322591052731e-11
4712,6.307124595054946e-10,3.303485531364781e-11
4713,6.640106778698641e-10,3.59120952650809e-11
4714,6.616467358981592e-10,3.60189122104379e-11
4715,6.564287528892619e-10,3.560017204380376e-11
4716,6.553755817322413e-10,3.475335264198459e-11
4717,6.26050888013299e-10,3.1398782136349154e-11
4718,5.602247648474072e-10,2.5904034156758618e-11
4719,4.982710170106943e-10,2.141306751967428e-11
4720,4.795825792572892e-10,2.0320516522367056e-11
4721,4.91548622431329e-10,2.1681563536376018e-11
4722,5.147392632161414e-10,2.4313417913645976e-11
4723,5.374304034405968e-10,2.702066077771111e-11
4724,6.068735948547188e-10,3.343314706026999e-11
4725,7.23947913449254e-10,4.371600942059068e-11
4726,8.48364215330024e-10,5.536823392812497e-11
4727,9.270097820842876e-10,6.342726042271788e-11
4728,9.38656007143091e-10,6.451837605670322e-11
4729,9.434830003086025e-10,6.506764761598614e-11
4730,9.290430253262967e-10,6.344371810162505e-11
4731,8.486953599444958e-10,5.49185423491604e-11
4732,7.24771237087859e-10,4.30917337253332e-11
4733,6.206403222967017e-10,3.410771655926025e-11
4734,5.79445257028285e-10,3.094776935881953e-11
4735,5.914145459823716e-10,3.248968979784212e-11
4736,6.160124656192457e-10,3.5273276357040345e-11
4737,6.448805205560682e-10,3.8259804840353104e-11
4738,7.106813271002777e-10,4.419799494057143e-11
4739,8.395605764354074e-10,5.609153350843578e-11
4740,1.0207239379434984e-09,7.526703438509458e-11
4741,1.1816016970634392e-09,9.449803323212935e-11
4742,1.2488095694542429e-09,1.0292804834616988e-10
4743,1.209482918044259e-09,9.740759520899874e-11
4744,1.1011166484577844e-09,8.361556951859966e-11
4745,9.764694028330577e-10,6.910230040199765e-11
4746,8.630905090471676e-10,5.6987577209229066e-11
4747,7.784045518257265e-10,4.881293080977223e-11
4748,7.190243502918339e-10,4.350017386181994e-11
4749,6.868034681046579e-10,4.0672584433138315e-11
4750,6.702461240178124e-10,3.868057525548857e-11
4751,6.889591543930771e-10,4.003381921133844e-11
4752,7.43978979877874e-10,4.539690088457315e-11
4753,8.468745435768472e-10,5.658030245872552e-11
4754,9.781427807072531e-10,7.201873329618739e-11
4755,1.0743089930117462e-09,8.378562909416733e-11
4756,1.0746329098777108e-09,8.348738625202654e-11
4757,9.822927778879429e-10,7.196331651378464e-11
4758,8.705736513694179e-10,5.935296955609753e-11
4759,7.699197039072626e-10,4.86543330035974e-11
4760,6.529666640030453e-10,3.7065878889147736e-11
4761,5.357551601018501e-10,2.7045368371884058e-11
4762,4.5764222975650133e-10,2.087370434945035e-11
4763,4.397015518330661e-10,1.9067090609019425e-11
4764,4.625223979905133e-10,2.010448851496881e-11
4765,4.781073421461185e-10,2.094678974207219e-11
4766,4.72047378201707e-10,2.056373277390872e-11
4767,4.913815365849316e-10,2.206443433410744e-11
4768,5.474579755242018e-10,2.602151810923203e-11
4769,6.07299197314637e-10,3.053132444389006e-11
4770,6.32091934214226e-10,3.283380499853234e-11
4771,6.459320900863278e-10,3.434574816138149e-11
4772,6.790108912487385e-10,3.6912077902682313e-11
4773,7.121002330958751e-10,3.919235448037959e-11
4774,6.931378724270911e-10,3.72892356747531e-11
4775,6.203425708147202e-10,3.111391617963058e-11
4776,5.7058316126359e-10,2.7363625964104438e-11
4777,5.749577780548251e-10,2.8234651213347385e-11
4778,5.981626777392771e-10,3.0953650328391046e-11
4779,6.076472001909329e-10,3.270532384305041e-11
4780,6.02522978847345e-10,3.286076600673695e-11
4781,6.224192953556187e-10,3.457748516990329e-11
4782,6.973092957469705e-10,4.104314661296402e-11
4783,7.956287600562742e-10,5.035607534659872e-11
4784,8.521547036857222e-10,5.622427015895909e-11
4785,8.44542955176484e-10,5.5335441410077843e-11
4786,7.864670066567481e-10,4.868005968259686e-11
4787,7.301863384476592e-10,4.2663502306114674e-11
4788,6.891110950024525e-10,3.88984141292614e-11
4789,6.642228364907419e-10,3.7557994834923136e-11
4790,6.567760909206733e-10,3.856014061295445e-11
4791,6.563370466059849e-10,3.9974115822246974e-11
4792,6.708453669741223e-10,4.2275211962327594e-11
4793,7.109230193794472e-10,4.648295154089556e-11
4794,7.799704072842326e-10,5.3141263699444244e-11
4795,8.732941309933715e-10,6.262108989345422e-11
4796,9.7108856347557e-10,7.340675150499184e-11
4797,1.0663447594226457e-09,8.406046435864714e-11
4798,1.1238309508906245e-09,8.96939878719152e-11
4799,1.1155288536245462e-09,8.708704086972345e-11
4800,1.0367390235875736e-09,7.674229806120583e-11
4801,9.297192596655531e-10,6.431264993106128e-11
4802,8.507681712802272e-10,5.5855915943745905e-11
4803,8.009824285790442e-10,5.038968389414652e-11
4804,7.528266875853549e-10,4.525100130867472e-11
4805,7.141316354567539e-10,4.15952579167793e-11
4806,7.121306349117769e-10,4.152589117279766e-11
4807,7.535735791422594e-10,4.543011357903494e-11
4808,8.106774510318461e-10,5.135642003579652e-11
4809,8.546106345206958e-10,5.699356850660412e-11
4810,8.867108244063783e-10,6.150468474259302e-11
4811,9.212367497498949e-10,6.53190218552126e-11
4812,9.386446670467105e-10,6.682088622036856e-11
4813,8.98286160102802e-10,6.249048732379976e-11
4814,8.075345181177538e-10,5.3567929984262756e-11
4815,7.290770339277045e-10,4.6611409069178905e-11
4816,6.793733807566625e-10,4.25102175797432e-11
4817,6.30984739249608e-10,3.8009277001811476e-11
4818,5.640187741347328e-10,3.165243534616754e-11
4819,5.107518647122473e-10,2.675111910701839e-11
4820,5.04917794006364e-10,2.5779960309867144e-11
4821,5.542036564800883e-10,2.955824129369068e-11
4822,6.282405005780164e-10,3.6030408388985315e-11
4823,6.971302568142107e-10,4.2711612505672867e-11
4824,7.529822175773736e-10,4.798916796975092e-11
4825,8.120645214249179e-10,5.2997910619538394e-11
4826,8.482363815668261e-10,5.553702789481197e-11
4827,8.401168983738769e-10,5.426130582576535e-11
4828,8.287385943575572e-10,5.3552537392434305e-11
4829,8.365788899053862e-10,5.4371425474312185e-11
4830,8.406922651222121e-10,5.411220590982242e-11
4831,8.083519702558814e-10,5.037314449707318e-11
4832,7.521053823429012e-10,4.463983008304964e-11
4833,7.414799000870732e-10,4.3383801540281586e-11
4834,7.804334340757914e-10,4.6796523286750966e-11
4835,8.200582776922363e-10,5.125724907648078e-11
4836,8.103016658142815e-10,5.2351884631340227e-11
4837,7.884049333905293e-10,5.250464342107303e-11
4838,8.116942452553139e-10,5.6117661512266326e-11
4839,8.684312482200304e-10,6.185417642270729e-11
4840,9.118277240026676e-10,6.574042846352514e-11
4841,9.300210718758613e-10,6.686303180399415e-11
4842,9.458973617070758e-10,6.716786775504514e-11
4843,9.611358118520187e-10,6.684229850611514e-11
4844,9.40510429230654e-10,6.321575529641416e-11
4845,8.691338252556758e-10,5.5755826719339245e-11
4846,8.08255538542462e-10,5.07759017072777e-11
4847,8.085130870735717e-10,5.243823468013092e-11
4848,8.392107119954459e-10,5.7649376039440086e-11
4849,8.502682252197853e-10,6.1325663679627e-11
4850,8.350486644886651e-10,6.16998260927635e-11
4851,8.587648863614188e-10,6.53789707011271e-11
4852,9.617649252050166e-10,7.726778732485606e-11
4853,1.1053689826699594e-09,9.40165548699321e-11
4854,1.2031278016640623e-09,1.061102120010481e-10
4855,1.2444658514118038e-09,1.1149411749550201e-10
4856,1.2610954291621564e-09,1.1173656148698014e-10
4857,1.253291872819803e-09,1.0733555003947306e-10
4858,1.1688761441533177e-09,9.401601381186267e-11
4859,1.0079776075360196e-09,7.339289768757791e-11
4860,8.604591615103684e-10,5.6174138757950793e-11
4861,7.772645618693243e-10,4.667511878250464e-11
4862,7.557817286883187e-10,4.393846902364598e-11
4863,7.469083986677006e-10,4.3076946275986934e-11
4864,7.474211298039464e-10,4.372739923451874e-11
4865,7.963581431464619e-10,4.934239255530551e-11
4866,8.998743264379913e-10,6.060441233045015e-11
4867,1.0146581298777264e-09,7.37723684825985e-11
4868,1.0773649817822975e-09,8.222536563579496e-11
4869,1.0908318369815958e-09,8.54426544277667e-11
4870,1.0978952323834886e-09,8.686786777589133e-11
4871,1.1106602075607276e-09,8.813941147125081e-11
4872,1.0776491228768474e-09,8.412755322939077e-11
4873,9.832157227329626e-10,7.36218142772847e-11
4874,8.620845570790608e-10,6.030149959113884e-11
4875,7.613772568873126e-10,4.9288118166990225e-11
4876,7.095665957582114e-10,4.3709747314091664e-11
4877,6.884858690220056e-10,4.138224981689999e-11
4878,7.179034059329225e-10,4.455519898528931e-11
4879,8.031827307922887e-10,5.384052820345446e-11
4880,9.245235510372037e-10,6.710922916129478e-11
4881,1.0534440702240346e-09,8.162215089975074e-11
4882,1.1655300401419132e-09,9.445876681475202e-11
4883,1.2745639449577988e-09,1.0708219613709436e-10
4884,1.3758944808187597e-09,1.1882437549502242e-10
4885,1.437998874482717e-09,1.2624206099369434e-10
4886,1.4217515991021067e-09,1.236886926031708e-10
4887,1.3353622481186012e-09,1.1141624133743516e-10
4888,1.2209339528918096e-09,9.539341784996371e-11
4889,1.087684389201612e-09,7.810573805110285e-11
4890,9.474423436048493e-10,6.203863171007069e-11
4891,8.375261941134155e-10,5.091985447797728e-11
4892,7.82333123874732e-10,4.573560144434908e-11
4893,7.686997949506465e-10,4.476405405669153e-11
4894,7.591131667243393e-10,4.4549714138603456e-11
4895,7.474835552969948e-10,4.427936784678499e-11
4896,7.693450428738008e-10,4.686873207260671e-11
4897,8.369535728065349e-10,5.330645188443912e-11
4898,9.196113386796176e-10,6.137948413039998e-11
4899,9.652794291574501e-10,6.596336207573848e-11
4900,9.584511040120333e-10,6.457511300756136e-11
4901,9.480100830898152e-10,6.262813069235284e-11
4902,9.389565573994517e-10,6.096337543844581e-11
4903,9.067492960172608e-10,5.7785356978043974e-11
4904,8.565000711255008e-10,5.4132121154603664e-11
4905,8.215047638605792e-10,5.265589736439139e-11
4906,8.278386275837844e-10,5.521846417586581e-11
4907,8.492441256435882e-10,5.862781256999486e-11
4908,8.598563804543499e-10,6.0670631972153e-11
4909,8.964264648561879e-10,6.582159882426403e-11
4910,1.0155182964676742e-09,8.045552557381646e-11
4911,1.2007640878747647e-09,1.024135306705928e-10
4912,1.3416448636085664e-09,1.1855663772229444e-10
4913,1.3579347767850967e-09,1.184242341546913e-10
4914,1.2996663030702014e-09,1.0799574838214417e-10
4915,1.2611921656813138e-09,1.0046680001394927e-10
4916,1.2110494586729468e-09,9.274854244217353e-11
4917,1.0853925984102996e-09,7.79273978673883e-11
4918,9.349320339038687e-10,6.204136105815362e-11
4919,8.415419438248165e-10,5.2330127695236604e-11
4920,8.299845383451761e-10,5.0405046886177906e-11
4921,8.456783510832743e-10,5.143601808302476e-11
4922,8.340299719062065e-10,5.0806882003026124e-11
4923,8.372911936731501e-10,5.243263035282034e-11
4924,8.802597665181527e-10,5.7366753476626766e-11
4925,9.317277212640021e-10,6.243228252598927e-11
4926,9.416496643035028e-10,6.374079258319831e-11
4927,9.098600099200871e-10,6.136742964973495e-11
4928,8.95480798202621e-10,6.05263580399509e-11
4929,8.996784888814002e-10,6.123379036696563e-11
4930,8.575730256565156e-10,5.71770647730662e-11
4931,7.649935248553242e-10,4.813523032657947e-11
4932,6.941748213226149e-10,4.105786101704049e-11
4933,6.841873635382994e-10,3.946403263069221e-11
4934,7.031099578704829e-10,4.108645832126835e-11
4935,7.141192119606882e-10,4.3254296754268084e-11
4936,7.292715411330392e-10,4.6336545525415193e-11
4937,7.860234845991058e-10,5.251198377590619e-11
4938,8.787985719020215e-10,6.12904670316325e-11
4939,9.454678663412692e-10,6.743938948500629e-11
4940,9.741295507818208e-10,7.048698672011702e-11
4941,1.022205837095421e-09,7.61218919978357e-11
4942,1.1203256968043005e-09,8.651684714558738e-11
4943,1.186805584303321e-09,9.18832662300429e-11
4944,1.1557074055483368e-09,8.649383202437604e-11
4945,1.0839438231297044e-09,7.769416151517171e-11
4946,1.0727994158594277e-09,7.571146581467357e-11
4947,1.0990797901986662e-09,7.713974028410514e-11
4948,1.0485500061110588e-09,7.068112108065716e-11
4949,8.910407572476932e-10,5.443083670435928e-11
4950,7.672668950871854e-10,4.2853620194845646e-11
4951,7.38230600511075e-10,3.978435991679826e-11
4952,7.53925371115402e-10,4.0785951199764904e-11
4953,7.329093425513109e-10,3.961959755855811e-11
4954,6.856918297268821e-10,3.6495270723270455e-11
4955,6.959342690797647e-10,3.741547451213257e-11
4956,7.718720820141786e-10,4.3053432394366066e-11
4957,8.193528395736033e-10,4.6145176922676576e-11
4958,7.756531223375974e-10,4.197819896516018e-11
4959,7.045375577131703e-10,3.597322002600968e-11
4960,6.870306229372846e-10,3.4493435660957635e-11
4961,7.039209413916834e-10,3.6100109299199365e-11
4962,6.95768496115502e-10,3.625218110836573e-11
4963,6.700058874820996e-10,3.512163186356611e-11
4964,6.923047112286399e-10,3.7811487356925044e-11
4965,7.731597326404348e-10,4.568809770574979e-11
4966,8.627155499838063e-10,5.526321436802727e-11
4967,9.054612983985706e-10,6.058789484955832e-11
4968,9.418487901068054e-10,6.455597828956596e-11
4969,1.0258621467825775e-09,7.260005589693938e-11
4970,1.1074943354862137e-09,8.036079622712909e-11
4971,1.1039250638585064e-09,8.011185441647186e-11
4972,1.0300602587078518e-09,7.326617147824949e-11
4973,9.738608557894886e-10,6.792363393863186e-11
4974,9.563321540536695e-10,6.554237026721323e-11
4975,9.380366122119746e-10,6.286051817486995e-11
4976,8.916735023097722e-10,5.7718859435897515e-11
4977,8.576314935262225e-10,5.4115107605303646e-11
4978,8.700050505585216e-10,5.511066104346734e-11
4979,8.810241726402526e-10,5.6223800008082534e-11
4980,8.403151297978966e-10,5.2993646666985326e-11
4981,7.700275498853967e-10,4.7241067268149445e-11
4982,7.362189996589657e-10,4.46749313330865e-11
4983,7.490148297474427e-10,4.604588649735379e-11
4984,7.463317231305124e-10,4.59164372456389e-11
4985,7.118780350977798e-10,4.3427786645079095e-11
4986,6.891837918167349e-10,4.194902332995513e-11
4987,7.113530555777414e-10,4.375365333075311e-11
4988,7.377696090239511e-10,4.564135938373284e-11
4989,7.17444987865523e-10,4.401101142405805e-11
4990,6.676061628946877e-10,4.031614582708797e-11
4991,6.573273270856098e-10,4.032044667858761e-11
4992,6.843673134056428e-10,4.314816621416456e-11
4993,6.932509523074706e-10,4.4318612228134496e-11
4994,6.612532554554205e-10,4.213424102942087e-11
4995,6.399700876622996e-10,4.063502437454565e-11
4996,6.809029299193554e-10,4.41937903947102e-11
4997,7.71159495628814e-10,5.207192845013159e-11
4998,8.389205009129672e-10,5.719651056003251e-11
4999,8.692563826517346e-10,5.826368190441382e-11
5000,9.109830250627003e-10,6.040645432607198e-11
5001,9.864036493784765e-10,6.63160522082778e-11
5002,1.0304553057448071e-09,6.993933985440782e-11
5003,9.948926888030995e-10,6.650339399429678e-11
5004,9.155299247599149e-10,5.862735306987056e-11
5005,8.487185646526082e-10,5.126550712479107e-11
5006,7.930070645122452e-10,4.484563147341655e-11
5007,7.306161536960968e-10,3.870094471136491e-11
5008,6.795966060890617e-10,3.4366086401428485e-11
5009,6.537990961935832e-10,3.201637193186293e-11
5010,6.547211105502117e-10,3.1781949222281486e-11
5011,6.482308029048501e-10,3.1083568216083586e-11
5012,6.371684816437133e-10,3.0178016917544496e-11
5013,6.493251985700586e-10,3.113923998657703e-11
5014,7.024617655306125e-10,3.5628868568372035e-11
5015,7.440894794110108e-10,3.9089428160865107e-11
5016,7.500607469190678e-10,3.9602435114160425e-11
5017,7.428529486924341e-10,3.908918364163334e-11
5018,7.602590009166846e-10,4.045108263466039e-11
5019,8.088566842563225e-10,4.463211551975668e-11
5020,8.556195981995665e-10,4.9575719806323824e-11
5021,8.870045263471403e-10,5.4166588622343325e-11
5022,9.389268195825055e-10,6.129280779729144e-11
5023,1.0200223869760527e-09,7.10701062568158e-11
5024,1.0848394186059933e-09,7.82394342904592e-11
5025,1.1032147375857542e-09,7.973071344528264e-11
5026,1.1008473590553045e-09,7.88508917918655e-11
5027,1.1349950291136362e-09,8.23586132760903e-11
5028,1.1793141207307914e-09,8.69635289707114e-11
5029,1.1770985502394011e-09,8.68746269744755e-11
5030,1.1188574226114097e-09,8.114495158652762e-11
5031,1.0539831443973342e-09,7.444113461622606e-11
5032,1.0312934872342626e-09,7.19989948949891e-11
5033,1.0292304343243396e-09,7.19502724367447e-11
5034,1.0178829144544443e-09,7.166180864584181e-11
5035,1.0200082714422262e-09,7.374446689184296e-11
5036,1.0539483862375764e-09,7.868873172803875e-11
5037,1.0889805379718954e-09,8.22879177834984e-11
5038,1.075481695027112e-09,7.990957678391558e-11
5039,1.0008564174045922e-09,7.062796413864991e-11
5040,9.278433238704093e-10,6.203504532709009e-11
5041,8.810514994122944e-10,5.686451529265921e-11
5042,8.553665357213887e-10,5.489364097859972e-11
5043,8.192631852359627e-10,5.2198237951953145e-11
5044,7.833586140400421e-10,4.9269568746886705e-11
5045,7.729183494277765e-10,4.8465738028388325e-11
5046,7.827588879368938e-10,4.9557620400924534e-11
5047,8.040594748128684e-10,5.2399619201181273e-11
5048,8.076816798999865e-10,5.371142043634241e-11
5049,7.93148147274254e-10,5.26874162046359e-11
5050,7.548697508510481e-10,4.8382437198283384e-11
5051,7.048957221957603e-10,4.2431071217258865e-11
5052,6.604772101546579e-10,3.732358876748716e-11
5053,6.294924661595687e-10,3.384532781151817e-11
5054,6.424685307151773e-10,3.449576219900997e-11
5055,6.921937477624077e-10,3.828106050571241e-11
5056,7.598368979787828e-10,4.340861443814959e-11
5057,8.185977722318453e-10,4.789437074848973e-11
5058,8.709152654647887e-10,5.249449391525368e-11
5059,9.280128588998429e-10,5.814559258408185e-11
5060,9.964054638556656e-10,6.555693190506958e-11
5061,1.0310949595056845e-09,6.9883906204864e-11
5062,9.868096427923765e-10,6.566985698081654e-11
5063,8.922423225443102e-10,5.592922700334574e-11
5064,8.274958962331902e-10,4.931646766171152e-11
5065,8.031380640924291e-10,4.638070956294947e-11
5066,7.755792216795456e-10,4.30558525142944e-11
5067,7.30641987445434e-10,3.877429034739757e-11
5068,6.909711502095699e-10,3.5117064032094e-11
5069,7.025363198025486e-10,3.5617789458481546e-11
5070,7.563666212092852e-10,3.9814754951314315e-11
5071,7.949433683201438e-10,4.3236678095314974e-11
5072,8.179000195373382e-10,4.61465852869254e-11
5073,8.754650731484964e-10,5.256491254744771e-11
5074,1.0019442919533533e-09,6.566562363688113e-11
5075,1.1502883196708598e-09,8.165870404165304e-11
5076,1.217577599295266e-09,8.93042875399109e-11
5077,1.2030043963206651e-09,8.783564285938288e-11
5078,1.1810501616988067e-09,8.517163042908388e-11
5079,1.1853060638437606e-09,8.555030204036331e-11
5080,1.171770798981395e-09,8.439234927580935e-11
5081,1.1052528456853339e-09,7.753889393162509e-11
5082,1.0297527621474099e-09,6.951755861786429e-11
5083,9.956922153747121e-10,6.557153924873541e-11
5084,9.956040407562027e-10,6.511152432298146e-11
5085,9.87603753907537e-10,6.40806468747651e-11
5086,9.605330291264303e-10,6.138013569617577e-11
5087,9.286858659716053e-10,5.7708423112022693e-11
5088,9.240701749327749e-10,5.6677839814927235e-11
5089,9.457321625180918e-10,5.859975859494569e-11
5090,9.756466959834202e-10,6.184563944153114e-11
5091,1.0135737562780488e-09,6.653248216829226e-11
5092,1.0481954898219528e-09,7.107680373663838e-11
5093,1.062537056215205e-09,7.317168903469706e-11
5094,1.0077405065086024e-09,6.675500055357887e-11
5095,9.238811794416073e-10,5.7647957619740827e-11
5096,8.542948902615956e-10,5.0433372796370295e-11
5097,8.119741507353093e-10,4.6102276037870005e-11
5098,7.772338256248953e-10,4.322667212175342e-11
5099,7.236408211683087e-10,3.922808618276164e-11
5100,6.605966773560983e-10,3.415083861532012e-11
5101,6.24720752959181e-10,3.106504934772089e-11
5102,6.280753634220842e-10,3.1309847588738875e-11
5103,6.568230443185464e-10,3.4172727000361524e-11
5104,6.965321675476199e-10,3.856630055462888e-11
5105,7.259749252306527e-10,4.1871262227626474e-11
5106,7.211618569956924e-10,4.091969453056487e-11
5107,6.815996227171925e-10,3.642998138901868e-11
5108,6.396154376487077e-10,3.228636626291617e-11
5109,6.333328860903368e-10,3.188946704799088e-11
5110,6.663527035134e-10,3.525636273718217e-11
5111,6.988490072533062e-10,3.8561736285982925e-11
5112,6.884038233002341e-10,3.760858376550711e-11
5113,6.607832189384047e-10,3.468785339903998e-11
5114,6.667615480323833e-10,3.439202476898982e-11
5115,7.251831444048369e-10,3.8852355156631557e-11
5116,7.672724613596062e-10,4.2239010600148994e-11
5117,7.524547725803466e-10,4.1329902243923804e-11
5118,7.065813555579053e-10,3.7778683958164436e-11
5119,6.748472924017354e-10,3.472684396605707e-11
5120,6.662139563759631e-10,3.334085702467584e-11
5121,6.579541017613238e-10,3.2381712872275167e-11
5122,6.473353378101516e-10,3.1618908450798376e-11
5123,6.552427738995313e-10,3.220705645537087e-11
5124,6.819973280396091e-10,3.393300423801184e-11
5125,6.923720895914001e-10,3.4187315509551246e-11
5126,6.885476598691792e-10,3.363117316417296e-11
5127,7.065922633436862e-10,3.5062011387341846e-11
5128,7.67728232411097e-10,4.0218514139284245e-11
5129,8.531290044155039e-10,4.82739009828846e-11
5130,9.10341523073705e-10,5.4746442376368535e-11
5131,9.46489766010257e-10,5.966820411950752e-11
5132,1.0102637274554647e-09,6.692394993856683e-11
5133,1.126872976970116e-09,7.949118212585965e-11
5134,1.2176227631915327e-09,8.88896724399074e-11
5135,1.2278633905486765e-09,8.97746690406137e-11
5136,1.1889780610959407e-09,8.572928091241228e-11
5137,1.1733097478703324e-09,8.409312970259676e-11
5138,1.1898950696876255e-09,8.603831554299388e-11
5139,1.1632372939723088e-09,8.336391591752648e-11
5140,1.0676886766824891e-09,7.349460710403227e-11
5141,9.56924526754396e-10,6.207672185450873e-11
5142,8.734528569397204e-10,5.3201512196756504e-11
5143,8.059216222542986e-10,4.609240598171401e-11
5144,7.402580398443485e-10,3.984545649951342e-11
5145,6.874758701116097e-10,3.4944721970802447e-11
5146,6.86523060729674e-10,3.4667190083472077e-11
5147,7.342648033693925e-10,3.887276504510821e-11
5148,7.840036905861227e-10,4.382727648300019e-11
5149,8.144723473553704e-10,4.7603634741328435e-11
5150,8.359588733531163e-10,5.026459353275113e-11
5151,8.640296553310517e-10,5.2763523599064044e-11
5152,8.726481469812479e-10,5.286983828394754e-11
5153,8.316341416269703e-10,4.8517729888353435e-11
5154,7.665353013104036e-10,4.265175134293303e-11
5155,7.083945768191685e-10,3.751981329539106e-11
5156,6.65595346935022e-10,3.37757263347526e-11
5157,6.210077489058342e-10,3.0176580198674485e-11
5158,5.715534052434997e-10,2.65052508752649e-11
5159,5.473081081377926e-10,2.4939469339099183e-11
5160,5.641739515939777e-10,2.6602836633748885e-11
5161,6.09550057745795e-10,3.068757384670546e-11
5162,6.505633961677831e-10,3.452195438465609e-11
5163,6.760613777348584e-10,3.6810606438339415e-11
5164,7.203558874870058e-10,4.0848416522753496e-11
5165,7.705839155858001e-10,4.545585905593811e-11
5166,8.046059545426695e-10,4.920471725698469e-11
5167,8.164945654796217e-10,5.1564496118989826e-11
5168,8.369043560799525e-10,5.418607986355291e-11
5169,8.716496946136174e-10,5.65127473381461e-11
5170,8.883884654553594e-10,5.638390152319567e-11
5171,8.316875290714319e-10,4.935534594253722e-11
5172,7.497493431527932e-10,4.093424412395293e-11
5173,6.998060317546715e-10,3.589271691821807e-11
5174,6.879356411810101e-10,3.447465001495967e-11
5175,6.653101167191658e-10,3.26468615886196e-11
5176,6.048047132635296e-10,2.8097607964984066e-11
5177,5.576739986183739e-10,2.4787860674312237e-11
5178,5.640655987044379e-10,2.5358252435535433e-11
5179,6.140488633582388e-10,2.904064577062106e-11
5180,6.654028357090654e-10,3.2918251130343346e-11
5181,7.047166540146493e-10,3.602816916390044e-11
5182,7.683264069701568e-10,4.131447601111829e-11
5183,8.565174026676974e-10,4.869660070626131e-11
5184,9.102275148771461e-10,5.330145072098375e-11
5185,8.868809614181978e-10,5.1685636171169084e-11
5186,8.39704716611442e-10,4.828325415417592e-11
5187,8.49115428685318e-10,4.994422688272313e-11
5188,8.927767090405011e-10,5.427544405302919e-11
5189,8.969045407989307e-10,5.4663062468047476e-11
5190,8.689424868950076e-10,5.2282978590411296e-11
5191,8.823289060189103e-10,5.3478141419858486e-11
5192,9.662886615368613e-10,6.09703674234089e-11
5193,1.054540627599836e-09,6.965427455077586e-11
5194,1.0466952203586704e-09,6.967393730141471e-11
5195,9.856474713305451e-10,6.483507308662222e-11
5196,9.533262956235517e-10,6.23075244834817e-11
5197,9.383223694993429e-10,6.044499484474301e-11
5198,8.695597938407259e-10,5.283742178713659e-11
5199,7.615090532421754e-10,4.2275536255626045e-11
5200,6.955082126431039e-10,3.6050678497588376e-11
5201,7.087387292558026e-10,3.6624277806055466e-11
5202,7.448820856803646e-10,3.924921632308775e-11
5203,7.394302005971764e-10,3.8898973504641926e-11
5204,7.195566887796404e-10,3.7697981179433234e-11
5205,7.374215624697917e-10,3.930948224889734e-11
5206,7.87012521369845e-10,4.331740806651973e-11
5207,8.136278275561764e-10,4.596048582336136e-11
5208,8.078426383514226e-10,4.638635571413346e-11
5209,8.222129732926988e-10,4.831883144766814e-11
5210,8.562994917144536e-10,5.0988147130252576e-11
5211,8.451775157353528e-10,4.911896202575703e-11
5212,7.602539757245899e-10,4.118735272319529e-11
5213,6.810744799487273e-10,3.4617940197142736e-11
5214,6.500782506939555e-10,3.2386382955954393e-11
5215,6.317322928271854e-10,3.1537896733241254e-11
5216,5.670121085998581e-10,2.7235784718135325e-11
5217,4.8912400569885e-10,2.1784588721972512e-11
5218,4.724939883793617e-10,2.041423193395498e-11
5219,5.347567590395034e-10,2.4587509910004707e-11
5220,6.229596072101612e-10,3.137978310942081e-11
5221,6.785923183209338e-10,3.641795403767201e-11
5222,7.170208569284118e-10,3.993967884136725e-11
5223,7.9950802460034e-10,4.684960670059061e-11
5224,9.294783686832371e-10,5.838255223148992e-11
5225,1.0339817867541165e-09,6.918614417923624e-11
5226,1.0551284562467706e-09,7.247822137056798e-11
5227,1.0161685381322548e-09,6.890280610525963e-11
5228,9.501130617497727e-10,6.161095511018454e-11
5229,8.661283345768203e-10,5.2556748580090035e-11
5230,7.694085974450461e-10,4.27373935248156e-11
5231,6.863052252542866e-10,3.4774540595642604e-11
5232,6.455771611988573e-10,3.117016565638743e-11
5233,6.437676763815212e-10,3.12757349865137e-11
5234,6.696485536654095e-10,3.391079205873761e-11
5235,7.146665795130749e-10,3.816691276080191e-11
5236,7.801209788892119e-10,4.431998843464482e-11
5237,8.526795020909323e-10,5.118433380199943e-11
5238,9.301095164503388e-10,5.864150333379338e-11
5239,1.0005607449934155e-09,6.53054229382578e-11
5240,1.0420818127735246e-09,6.876153729389106e-11
5241,1.0282866535767347e-09,6.647234229115363e-11
5242,9.914441771241119e-10,6.272051368435579e-11
5243,9.425600777960774e-10,5.790569589238344e-11
5244,8.997754267013244e-10,5.4006423309696266e-11
5245,8.575480946408509e-10,5.058486244365741e-11
5246,8.209104601998202e-10,4.785966318465457e-11
5247,8.184851515691249e-10,4.8058809475037125e-11
5248,8.553413179313755e-10,5.129191008853811e-11
5249,9.109800784411556e-10,5.605252043465537e-11
5250,9.540159060149358e-10,5.963710673264567e-11
5251,9.86992434530005e-10,6.261959830441715e-11
5252,1.0220264969909218e-09,6.630465870222487e-11
5253,1.0288143412128327e-09,6.710353378602129e-11
5254,9.774717570794467e-10,6.216494742889814e-11
5255,8.780459704552221e-10,5.2820476946422396e-11
5256,7.90929556002507e-10,4.479904172761637e-11
5257,7.469115574620999e-10,4.0519136657283225e-11
5258,7.253873082501026e-10,3.814012919041525e-11
5259,7.122191314171289e-10,3.683652743008232e-11
5260,7.096008723080305e-10,3.6461796480764945e-11
5261,7.427588811478996e-10,3.902506484447715e-11
5262,7.751614225000012e-10,4.1376570607536534e-11
5263,7.703578809157046e-10,4.1000123934733473e-11
5264,7.28581571498419e-10,3.77819850775875e-11
5265,6.89859705933757e-10,3.455049488752301e-11
5266,6.788512189924134e-10,3.344076584641111e-11
5267,6.583509233499229e-10,3.1481212689734213e-11
5268,6.03580925190613e-10,2.700223535021993e-11
5269,5.3068031932476e-10,2.1528510101315232e-11
5270,4.785343086825892e-10,1.8090715484425613e-11
5271,4.574781524862501e-10,1.7135580262919674e-11
5272,4.4360050186970064e-10,1.6893124026392936e-11
5273,4.270189567422524e-10,1.6478436253832937e-11
5274,4.2481156315946275e-10,1.6807149182690842e-11
5275,4.5650886229569105e-10,1.913562607385889e-11
5276,5.144784381775852e-10,2.3195264223601858e-11
5277,5.713658267477234e-10,2.722256487270189e-11
5278,6.061238672207964e-10,2.947898688709082e-11
5279,6.5214176131422e-10,3.263651000605078e-11
5280,7.170033391811047e-10,3.730026293960562e-11
5281,7.826427879017401e-10,4.2635115367264824e-11
5282,7.967026947107644e-10,4.396247759975463e-11
5283,7.826702379606465e-10,4.307524612316631e-11
5284,7.647964159490083e-10,4.144950926989362e-11
5285,7.52781664576291e-10,4.016428075278821e-11
5286,7.333119268849698e-10,3.8545583823426823e-11
5287,6.895118126235457e-10,3.479033624705376e-11
5288,6.485626960983396e-10,3.138744128454261e-11
5289,6.182484946601625e-10,2.9028687169201013e-11
5290,6.116303641849797e-10,2.8809402307487047e-11
5291,6.171854338640826e-10,2.9369195581399776e-11
5292,6.333220997950399e-10,3.05005835324274e-11
5293,6.440123006019747e-10,3.099366072450207e-11
5294,6.597676527677887e-10,3.218996242847005e-11
5295,6.776688667981004e-10,3.354920304840758e-11
5296,6.958445050279051e-10,3.4798640254533803e-11
5297,7.120665077382163e-10,3.6075748778359e-11
5298,7.167426717920817e-10,3.66462783275427e-11
5299,7.327590233850963e-10,3.8344420856367524e-11
5300,7.740676396605816e-10,4.227821726664943e-11
5301,8.209026058974872e-10,4.700128266619853e-11
5302,8.38041375825934e-10,4.9137475349537854e-11
5303,8.152377706100533e-10,4.725823194046742e-11
5304,7.989428409099908e-10,4.589698871531595e-11
5305,7.971933126814768e-10,4.531669545515018e-11
5306,7.802068758093526e-10,4.302639618187387e-11
5307,7.284002844177561e-10,3.811144859110031e-11
5308,6.65741088053773e-10,3.280519283551171e-11
5309,6.21694460857136e-10,2.9104370162151224e-11
5310,6.093547402528683e-10,2.7967750692733954e-11
5311,6.06696386771618e-10,2.7620727808364267e-11
5312,6.040878309644177e-10,2.7355475131523806e-11
5313,6.230510809565056e-10,2.888865952850728e-11
5314,6.704759367233839e-10,3.2693591993164766e-11
5315,7.281429768925217e-10,3.75559729075861e-11
5316,7.716985131653936e-10,4.17012561812659e-11
5317,7.903949214085071e-10,4.363971649103315e-11
5318,8.018716214069646e-10,4.4628627940374626e-11
5319,8.013708281496209e-10,4.422498776831271e-11
5320,7.774103842214953e-10,4.189259233631586e-11
5321,7.249766605024734e-10,3.727045040529878e-11
5322,6.736334644541356e-10,3.291840532259469e-11
5323,6.283332892890871e-10,2.912584008711914e-11
5324,5.67284234188792e-10,2.429983405264251e-11
5325,4.876472179912963e-10,1.8651588948672006e-11
5326,4.174910359908215e-10,1.4184512086371962e-11
5327,3.8652230124902503e-10,1.2394446147417237e-11
5328,3.991190216061548e-10,1.3441431277320688e-11
5329,4.312642508604919e-10,1.608771873965234e-11
5330,4.4689870522788314e-10,1.7724973889370206e-11
5331,4.4391957324060516e-10,1.774886996943899e-11
5332,4.408907772494622e-10,1.7261535861586794e-11
5333,4.523774405767168e-10,1.765298189784936e-11
5334,4.709189643146278e-10,1.8679175504349263e-11
5335,4.723220676123939e-10,1.8659410156305007e-11
5336,4.621643877773928e-10,1.7850310979781916e-11
5337,4.687622361782049e-10,1.8175001953810954e-11
5338,4.916188457288811e-10,1.955949185707531e-11
5339,5.14725387731627e-10,2.11790371182115e-11
5340,5.199993736961805e-10,2.1897835617596953e-11
5341,5.233063422121591e-10,2.2539385462299746e-11
5342,5.40793686027614e-10,2.391507086176443e-11
5343,5.624911679067521e-10,2.540795274553583e-11
5344,5.618047857131594e-10,2.527774444165714e-11
5345,5.407417060267345e-10,2.3776369515608448e-11
5346,5.384717800871363e-10,2.365385475463954e-11
5347,5.541463570044693e-10,2.4454468794872955e-11
5348,5.604046143215921e-10,2.459670021847247e-11
5349,5.277324504349018e-10,2.221433529994563e-11
5350,4.811776146161901e-10,1.9012824680452866e-11
5351,4.6164305571996015e-10,1.7713622290729606e-11
5352,4.779438467527024e-10,1.880767138707554e-11
5353,5.046250513168846e-10,2.0573642798589756e-11
5354,5.399231014530104e-10,2.308305549170029e-11
5355,5.94400405723428e-10,2.7103923464533286e-11
5356,6.969382396785537e-10,3.540686699112845e-11
5357,8.244136674483592e-10,4.681678645871611e-11
5358,9.356109734533277e-10,5.793260609075152e-11
5359,9.989266361731201e-10,6.488688008249738e-11
5360,1.0174003114258484e-09,6.706024429462215e-11
5361,1.0110364763311426e-09,6.658741116092682e-11
5362,9.729846658318983e-10,6.270131525352938e-11
5363,9.093472816535162e-10,5.626304514655061e-11
5364,8.251003900769805e-10,4.786226861538221e-11
5365,7.282364332089933e-10,3.864881886343058e-11
5366,6.327486091696459e-10,3.030814325804187e-11
5367,5.564168574084219e-10,2.4164286308072872e-11
5368,5.189277931958729e-10,2.1295848540362596e-11
5369,5.269263308467467e-10,2.1853341715893914e-11
5370,5.616165573530414e-10,2.4323398526241255e-11
5371,6.127992735414805e-10,2.828728031025871e-11
5372,6.744418560410624e-10,3.338446329059932e-11
5373,7.576244506305793e-10,4.061214234081198e-11
5374,8.629578492372628e-10,5.038955455052392e-11
5375,9.381989029538285e-10,5.749419277462874e-11
5376,9.35212734691672e-10,5.705272398973529e-11
5377,8.551873347513092e-10,4.931702041969689e-11
5378,7.636292208024193e-10,4.098166494672909e-11
5379,6.881812135882968e-10,3.430638810245977e-11
5380,6.12231576928449e-10,2.798492454780124e-11
5381,5.325083398635198e-10,2.2220881013564644e-11
5382,4.743107106919963e-10,1.857773700944223e-11
5383,4.496618360969568e-10,1.7161326571457185e-11
5384,4.569008587025106e-10,1.775282168506343e-11
5385,4.852271886237579e-10,1.9836021114515873e-11
5386,5.299011315287383e-10,2.3164887814430826e-11
5387,5.808913810582963e-10,2.686302772157346e-11
5388,6.229171029925253e-10,3.004060595237943e-11
5389,6.22812333158143e-10,2.99175509657946e-11
5390,6.019576358016337e-10,2.8220814051801173e-11
5391,5.923320669902926e-10,2.7260204194502477e-11
5392,5.719020058841979e-10,2.5275103612830576e-11
5393,5.240338106534389e-10,2.1712276551436175e-11
5394,4.54126322138815e-10,1.7212424797125992e-11
5395,4.0511011088271373e-10,1.4484118938534158e-11
5396,4.0138172096834645e-10,1.4702774962958174e-11
5397,4.0755592865610013e-10,1.549450041010082e-11
5398,3.986675455081561e-10,1.5317248889916685e-11
5399,3.8890737185104526e-10,1.4999771182394026e-11
5400,4.1149521469653645e-10,1.6506852803690262e-11
5401,4.737413917478328e-10,2.042107665449177e-11
5402,5.227499049795657e-10,2.337299615116236e-11
5403,5.170585081533475e-10,2.2467639788395556e-11
5404,4.889253505705783e-10,2.0043971733400375e-11
5405,4.973040015768858e-10,2.017228897271375e-11
5406,5.236918338682061e-10,2.1457791461446557e-11
5407,5.167512396838088e-10,2.088912313970659e-11
5408,4.736742575399687e-10,1.845098399084675e-11
5409,4.613443934129149e-10,1.818403467070683e-11
5410,5.051342213883476e-10,2.127714402342613e-11
5411,5.694303325649698e-10,2.587861393554231e-11
5412,6.042012509692422e-10,2.87386843797289e-11
5413,6.249822489987713e-10,3.0575915062919745e-11
5414,6.960351494672211e-10,3.62229275154364e-11
5415,8.108154486661231e-10,4.560641605535352e-11
5416,8.917420349450824e-10,5.272624026416749e-11
5417,8.990103976360957e-10,5.373814715773242e-11
5418,8.791614124194622e-10,5.2213177936761557e-11
5419,8.81931286105201e-10,5.2573786472896675e-11
5420,8.744916606450928e-10,5.1911569061575854e-11
5421,8.118017747348192e-10,4.611081532248949e-11
5422,7.365453837376681e-10,3.935703306382371e-11
5423,6.854900424062073e-10,3.4475088063587715e-11
5424,6.569109542911828e-10,3.140428437636226e-11
5425,6.170739098404894e-10,2.779003890282324e-11
5426,5.742904570927783e-10,2.4470463275480344e-11
5427,5.740354332651736e-10,2.450303983597482e-11
5428,6.17588058409016e-10,2.7696062306914448e-11
5429,6.671745954306272e-10,3.178322849731278e-11
5430,6.911053035670755e-10,3.4418908380115424e-11
5431,7.213232568914139e-10,3.76770786506524e-11
5432,7.929528536775517e-10,4.401426842840226e-11
5433,8.580063652246058e-10,4.9244674859297987e-11
5434,8.331587187255494e-10,4.642283107004409e-11
5435,7.415544668414514e-10,3.835165639648722e-11
5436,6.636200467498888e-10,3.171033488348513e-11
5437,6.329364429213586e-10,2.8976432648940527e-11
5438,5.905497038425597e-10,2.5593036742692104e-11
5439,5.019293922597494e-10,1.9401953305388967e-11
5440,4.2091819053086025e-10,1.4398291591855986e-11
5441,3.9705106882529046e-10,1.3087939598712417e-11
5442,4.160221088829616e-10,1.4089971655954942e-11
5443,4.491256698309245e-10,1.6088601462581086e-11
5444,4.699846271996538e-10,1.745656369868384e-11
5445,4.947026585177572e-10,1.9042088533298188e-11
5446,5.288637477035174e-10,2.1284585713127376e-11
5447,5.568170866551267e-10,2.3456257353145653e-11
5448,5.374884439873012e-10,2.2394664576440317e-11
5449,4.902381659759951e-10,1.9402842920737704e-11
5450,4.396956816842694e-10,1.6162852811157223e-11
5451,4.0157640081368667e-10,1.3817934076648409e-11
5452,3.678365001452848e-10,1.182561523347638e-11
5453,3.4378629579578275e-10,1.0525308052068603e-11
5454,3.264636362732475e-10,9.68536481794044e-12
5455,3.1194954265959573e-10,9.052237533764837e-12
5456,3.0644021293878395e-10,9.018404050286582e-12
5457,3.058495514397879e-10,9.178813731085812e-12
5458,3.1529881105256676e-10,9.710641230306949e-12
5459,3.332550401652744e-10,1.0603006246974252e-11
5460,3.475629397671267e-10,1.1233468195121408e-11
5461,3.6460932696343146e-10,1.2094445601284777e-11
5462,3.871810987632719e-10,1.3353660623284032e-11
5463,4.112251046339476e-10,1.4688263121496248e-11
5464,4.247774767157075e-10,1.5486103676634328e-11
5465,4.213029951693183e-10,1.5468286188889474e-11
5466,4.250908564499877e-10,1.6096311236436612e-11
5467,4.460153314234727e-10,1.7716055863525292e-11
5468,4.802169058262811e-10,2.013977676343124e-11
5469,4.998061626370676e-10,2.1307700558023204e-11
5470,5.067978086796883e-10,2.1397865188885136e-11
5471,5.258049551346318e-10,2.2265719540986766e-11
5472,5.649854278104498e-10,2.459469276007363e-11
5473,5.964031143389341e-10,2.6397213659444266e-11
5474,6.048446609210288e-10,2.6900117433376058e-11
5475,5.927462263255222e-10,2.598585873920949e-11
5476,5.941196719144257e-10,2.6090048580047395e-11
5477,6.148529470547498e-10,2.7733920349307573e-11
5478,6.251206766879224e-10,2.85738257195756e-11
5479,6.203805386084476e-10,2.832851825397069e-11
5480,6.008168489217108e-10,2.679132118175997e-11
5481,5.790147684681881e-10,2.4935416834041914e-11
5482,5.450995249921863e-10,2.2145877477020804e-11
5483,5.038309225762383e-10,1.9212480316438025e-11
5484,4.7212321278702e-10,1.7236337691852322e-11
5485,4.73273590929345e-10,1.7489056728635136e-11
5486,4.89893436852525e-10,1.8678174574478302e-11
5487,4.96846952742422e-10,1.9269120617414674e-11
5488,4.944043610151671e-10,1.9252830637527782e-11
5489,5.064569591132683e-10,2.0035005047268233e-11
5490,5.388918196607961e-10,2.193963457955044e-11
5491,5.633842316337929e-10,2.32464142840229e-11
5492,5.447250044501723e-10,2.167554827771788e-11
5493,5.026102520883555e-10,1.8779002326753578e-11
5494,4.6103072405633466e-10,1.5998936557311448e-11
5495,4.265315880950406e-10,1.3823984403826224e-11
5496,3.904094383650459e-10,1.186792322787078e-11
5497,3.606228567029673e-10,1.0524185413460704e-11
5498,3.5810387590785955e-10,1.0759150378847416e-11
5499,3.760807117168383e-10,1.2027083876750975e-11
5500,3.947078372250181e-10,1.322399918054267e-11
5501,4.046696740700584e-10,1.3781107577995042e-11
5502,4.289660522271483e-10,1.516524166515236e-11
5503,4.870709186409046e-10,1.8818006318014093e-11
5504,5.5932158523156e-10,2.386413652798727e-11
5505,5.947259037318353e-10,2.6655661703956545e-11
5506,5.764596198298438e-10,2.5516508387246077e-11
5507,5.253984161843835e-10,2.166460772673044e-11
5508,4.747239831513507e-10,1.8010449148625055e-11
5509,4.317103507824059e-10,1.5303668482766383e-11
5510,3.9443670345880053e-10,1.3375872697279523e-11
5511,3.6916703281842984e-10,1.2462052485886734e-11
5512,3.451850517805238e-10,1.1563043978736516e-11
5513,3.197206242688116e-10,1.0336949291283332e-11
5514,3.0315500807812243e-10,9.409087181297543e-12
5515,2.959833124456888e-10,8.767319790028323e-12
5516,3.045302079057144e-10,8.94313131341408e-12
5517,3.1948157346505114e-10,9.559382204136093e-12
5518,3.342664194380067e-10,1.0236382805031668e-11
5519,3.5672833472617865e-10,1.1352716887434276e-11
5520,3.826662597213629e-10,1.2656013938258461e-11
5521,3.998268258600645e-10,1.349420293448129e-11
5522,4.080563868642468e-10,1.4061742009851025e-11
5523,4.273097977903904e-10,1.557678589487453e-11
5524,4.726611764241723e-10,1.898983948287255e-11
5525,5.36759926107146e-10,2.3981088852582262e-11
5526,5.883575947889375e-10,2.8064211842248876e-11
5527,6.201067471626159e-10,3.035462999562641e-11
5528,6.56110956053719e-10,3.2627918037438946e-11
5529,6.885913636308921e-10,3.438262570866306e-11
5530,6.854082799551481e-10,3.3379692410364e-11
5531,6.620795950591851e-10,3.146018635004859e-11
5532,6.480264570280572e-10,3.042258576460906e-11
5533,6.580711744848218e-10,3.1069214093100833e-11
5534,6.609150311380546e-10,3.1115907277415104e-11
5535,6.416384739670597e-10,2.984302499321023e-11
5536,6.365218080276153e-10,2.9851649682744817e-11
5537,6.637028899199401e-10,3.202646661688312e-11
5538,6.949928368127383e-10,3.433349762825658e-11
5539,6.750438534273519e-10,3.254885702303456e-11
5540,6.14329504896125e-10,2.7736244240872105e-11
5541,5.870795151041103e-10,2.5646155205242555e-11
5542,6.116722007648175e-10,2.731554224043539e-11
5543,6.308721339611724e-10,2.858865073947097e-11
5544,5.896817364720024e-10,2.562463751221888e-11
5545,5.373915837045153e-10,2.2211154826232735e-11
5546,5.3020414901412e-10,2.170989641249654e-11
5547,5.563121277802165e-10,2.31203796668665e-11
5548,5.530383466699536e-10,2.2573467171389513e-11
5549,5.056244926532747e-10,1.9363468312647014e-11
5550,4.890947191261379e-10,1.847781855033752e-11
5551,5.372383636541508e-10,2.1743915105943983e-11
5552,5.906407359766481e-10,2.549862179137619e-11
5553,5.744863429629634e-10,2.4672006882220013e-11
5554,5.272251560443456e-10,2.1908977822230417e-11
5555,5.286984359903259e-10,2.2306891580985752e-11
5556,5.74484502346923e-10,2.552174699483082e-11
5557,5.808728834001465e-10,2.5887014886418666e-11
5558,5.269277010353907e-10,2.206552058099034e-11
5559,4.905691601045231e-10,1.937281595311015e-11
5560,5.233074184675274e-10,2.107060451617321e-11
5561,5.839100410486655e-10,2.4921607184775583e-11
5562,5.989302962131563e-10,2.6270105078959268e-11
5563,5.964211791916583e-10,2.6986201313193905e-11
5564,6.227880039370889e-10,2.938753823002974e-11
5565,6.619531903947771e-10,3.209271890467268e-11
5566,6.31516917922689e-10,2.930625576026222e-11
5567,5.6297238498362e-10,2.4490957611191735e-11
5568,5.294641738046781e-10,2.2254456819068324e-11
5569,5.488560452665176e-10,2.3549679895354497e-11
5570,5.458798774441758e-10,2.3573129074553067e-11
5571,4.814725826638541e-10,1.9507287202962296e-11
5572,4.2051899183423854e-10,1.5435517789504905e-11
5573,4.253984055321844e-10,1.5233549383039245e-11
5574,4.71927145318791e-10,1.7741631227810012e-11
5575,4.962972245390256e-10,1.9428548409236845e-11
5576,4.998237363350021e-10,2.0101905640805064e-11
5577,5.328671581883161e-10,2.244289906453656e-11
5578,6.017981413924539e-10,2.689001047828609e-11
5579,6.714930076720986e-10,3.211104109495037e-11
5580,7.007320594159255e-10,3.5055613615830894e-11
5581,7.330528749746501e-10,3.8731756003367476e-11
5582,7.962443177427101e-10,4.4994498887345274e-11
5583,8.51026168228569e-10,5.035811244586659e-11
5584,8.288578796852005e-10,4.800783164121696e-11
5585,7.781367119309145e-10,4.306331960812193e-11
5586,7.572897983307908e-10,4.049250393275031e-11
5587,7.734597643936535e-10,4.0969405750016456e-11
5588,7.748649793987596e-10,4.067899785254127e-11
5589,7.42932293391839e-10,3.813255850848927e-11
5590,7.1600860733628e-10,3.5975697319869824e-11
5591,7.297450957164006e-10,3.710257040194175e-11
5592,7.658239607869164e-10,4.042570133440028e-11
5593,7.668136481744862e-10,4.077684145012573e-11
5594,7.457168413557779e-10,3.921051709880511e-11
5595,7.547946781196848e-10,4.010775752633153e-11
5596,7.845260279493881e-10,4.2216224189166004e-11
5597,7.869307679485782e-10,4.197139083221774e-11
5598,7.506507886097451e-10,3.908411250969466e-11
5599,7.303605510897048e-10,3.778583560837112e-11
5600,7.408365282665058e-10,3.8422128202313336e-11
5601,7.309505424892826e-10,3.7123486087324746e-11
5602,6.730761167766398e-10,3.2550809561354777e-11
5603,6.105418692373933e-10,2.7803823147163373e-11
5604,6.001668675759867e-10,2.670870079956646e-11
5605,6.243015954078203e-10,2.809986143227762e-11
5606,6.194267477018359e-10,2.7675069878409716e-11
5607,5.731806555832833e-10,2.4322386673129666e-11
5608,5.448025292723884e-10,2.218572072674023e-11
5609,5.494426578842901e-10,2.2152759868984856e-11
5610,5.483041909530321e-10,2.1929025118175525e-11
5611,5.255483506139537e-10,2.0834624619877126e-11
5612,5.178932061379571e-10,2.099020770518918e-11
5613,5.443298987121407e-10,2.307695374941518e-11
5614,5.715228246095099e-10,2.4725429439057126e-11
5615,5.716269869619592e-10,2.4651242611318998e-11
5616,5.489801203160081e-10,2.290973521623442e-11
5617,5.5943587230351e-10,2.3474787984825907e-11
5618,6.00891438087341e-10,2.6325418667823162e-11
5619,6.208257044341489e-10,2.781619207103225e-11
5620,6.019992438246008e-10,2.6635238673169417e-11
5621,5.968566480113253e-10,2.6568197705344803e-11
5622,6.347381594975594e-10,2.9528310246424744e-11
5623,6.861628675614286e-10,3.3651037737614445e-11
5624,6.802418288797048e-10,3.3228544161622313e-11
5625,6.355550457214985e-10,2.989835641785813e-11
5626,5.854609412361659e-10,2.5689563007817594e-11
5627,5.419978241646364e-10,2.1885236749166515e-11
5628,4.907733481516559e-10,1.809537087810159e-11
5629,4.2614382223944266e-10,1.3948597358840692e-11
5630,3.9179374224780217e-10,1.200423925741001e-11
5631,3.9421823034116396e-10,1.2218075932057024e-11
5632,4.202600172828994e-10,1.3923485374048448e-11
5633,4.5043486774378454e-10,1.6081657057153874e-11
5634,5.024168731009497e-10,1.9855622441164685e-11
5635,5.992355451155357e-10,2.7087305218061775e-11
5636,7.25435022541544e-10,3.7304823762335277e-11
5637,8.335971469165325e-10,4.721889840118544e-11
5638,8.924908239416291e-10,5.345052069199433e-11
5639,9.224385667754526e-10,5.66920108772491e-11
5640,9.301591304748957e-10,5.718272918860412e-11
5641,9.096679907128519e-10,5.523307010781192e-11
5642,8.446088839504135e-10,4.909312370329394e-11
5643,7.718960523363252e-10,4.223256570622411e-11
5644,7.101917151790657e-10,3.6176674167648014e-11
5645,6.624558433977664e-10,3.152795035859436e-11
5646,6.334498209473267e-10,2.886647128645452e-11
5647,6.397870171753867e-10,2.9307295645691004e-11
5648,6.780871881658613e-10,3.238670043656262e-11
5649,7.26551994782984e-10,3.6788140830531484e-11
5650,7.569515920589637e-10,4.015370984511143e-11
5651,7.78381080745688e-10,4.2782797917887266e-11
5652,8.314396020893027e-10,4.827432207394758e-11
5653,8.891006069623799e-10,5.348631738757195e-11
5654,9.086160510714316e-10,5.4839407764857983e-11
5655,8.82621704202976e-10,5.209537925622132e-11
5656,8.480586037753454e-10,4.846252359721722e-11
5657,8.242422683028817e-10,4.5581051501620345e-11
5658,7.793533962224905e-10,4.117378677967433e-11
5659,7.031390316280296e-10,3.490984261676245e-11
5660,6.258047367501236e-10,2.887917491212459e-11
5661,5.962176800833608e-10,2.6659574519742185e-11
5662,6.045098444341448e-10,2.7293782285010365e-11
5663,6.144734466780677e-10,2.8143932394344338e-11
5664,6.186442985116884e-10,2.8505004416804787e-11
5665,6.353117029610597e-10,2.9517546604652313e-11
5666,6.733900660993815e-10,3.213232137552991e-11
5667,7.08945454976009e-10,3.48979906567181e-11
5668,7.034435910474252e-10,3.458532363604775e-11
5669,6.767676775339502e-10,3.279676635740227e-11
5670,6.564591340209052e-10,3.148191590167338e-11
5671,6.481327244797723e-10,3.095707754926581e-11
5672,6.401212776285732e-10,3.0348355557687726e-11
5673,6.354163496918065e-10,3.0008566294675675e-11
5674,6.440377856419434e-10,3.063684128401829e-11
5675,6.555155239343835e-10,3.133368992400388e-11
5676,6.676676410159854e-10,3.232146451430421e-11
5677,6.697936536613734e-10,3.252898526126307e-11
5678,6.714546733760138e-10,3.256239872773652e-11
5679,6.826134778973288e-10,3.350160023465041e-11
5680,6.880799708975202e-10,3.3988907908624066e-11
5681,6.87976381953657e-10,3.41861805054125e-11
5682,6.766755013105611e-10,3.327818515498139e-11
5683,6.48074040425763e-10,3.063927487561634e-11
5684,6.137581370750096e-10,2.7671551233880746e-11
5685,5.98851531273558e-10,2.6478562088462513e-11
5686,6.140704601812363e-10,2.7703235472220815e-11
5687,6.430937903670596e-10,3.0149059739847536e-11
5688,6.713398039737941e-10,3.328632497329258e-11
5689,6.806126444219852e-10,3.516287629413503e-11
5690,7.069840261248377e-10,3.816890380383114e-11
5691,7.782771729389331e-10,4.4766021107306575e-11
5692,8.719586156553023e-10,5.3349909896155825e-11
5693,9.453949652793156e-10,6.06200881699137e-11
5694,1.0006226473697987e-09,6.686110159373892e-11
5695,1.05332568432215e-09,7.253668583531633e-11
5696,1.118084153016512e-09,7.911193846182603e-11
5697,1.140213100043507e-09,8.087644818362818e-11
5698,1.1083648525221502e-09,7.736706832001889e-11
5699,1.046705343927684e-09,7.078328381664576e-11
5700,9.924475718838209e-10,6.488259767918945e-11
5701,9.220923322006317e-10,5.714281211126262e-11
5702,8.464111381479829e-10,4.975977580525023e-11
5703,8.021002966462853e-10,4.5746294592607245e-11
5704,8.22061282010657e-10,4.73708016032538e-11
5705,8.862030366899533e-10,5.3097684614667215e-11
5706,9.29081705248953e-10,5.730062988071363e-11
5707,9.38669433889049e-10,5.881031647646736e-11
5708,9.472126086887762e-10,5.978226134395303e-11
5709,9.721300693490001e-10,6.16454188565899e-11
5710,9.5935343150901e-10,5.95379171777786e-11
5711,8.852259483768276e-10,5.221653243223178e-11
5712,8.090839403782248e-10,4.538481618571878e-11
5713,7.700190513806513e-10,4.151468821409089e-11
5714,7.474033987138829e-10,3.884696299944789e-11
5715,7.086831544871534e-10,3.547116298014511e-11
5716,6.621096838399042e-10,3.194538739852913e-11
5717,6.727461796838883e-10,3.307335416925529e-11
5718,7.391243823363502e-10,3.851743062596182e-11
5719,7.890409729510016e-10,4.252797248471276e-11
5720,7.912743875176669e-10,4.312226072347008e-11
5721,8.144425236274251e-10,4.611030538716118e-11
5722,9.013722595442213e-10,5.438812711749027e-11
5723,9.855614704621754e-10,6.19915086502946e-11
5724,9.710540854806535e-10,6.076638419028586e-11
5725,8.917663096101875e-10,5.3800356776938996e-11
5726,8.850717851071342e-10,5.364589534522808e-11
5727,9.656194285534354e-10,6.145949078748528e-11
5728,1.0394065502237403e-09,6.937684216958153e-11
5729,1.0356449897631425e-09,7.004992273951277e-11
5730,1.0295679136170968e-09,6.991660444666389e-11
5731,1.09192049964213e-09,7.574115546182917e-11
5732,1.1454369704818882e-09,8.01334414837318e-11
5733,1.11052713169497e-09,7.65542340531517e-11
5734,1.02033053446568e-09,6.771481613207821e-11
5735,1.0031519172999225e-09,6.616195157290594e-11
5736,1.049360036156653e-09,7.039971084672928e-11
5737,1.0530899599269978e-09,7.061850576832448e-11
5738,9.88118208596486e-10,6.459792114615426e-11
5739,9.453514938102856e-10,6.052461963952815e-11
5740,9.804308016517783e-10,6.330960704987923e-11
5741,1.0320167512094389e-09,6.763971654009366e-11
5742,1.0048495017565926e-09,6.46457534115689e-11
5743,9.6090976203175e-10,6.087459265179901e-11
5744,1.0093682668644947e-09,6.6464949945153e-11
5745,1.1528941641951522e-09,8.246721446662207e-11
5746,1.2357304378984014e-09,9.255843566493629e-11
5747,1.2000260462993294e-09,9.023495643419187e-11
5748,1.168667985614995e-09,8.784624122430286e-11
5749,1.226248759456082e-09,9.31961455582084e-11
5750,1.296903855308531e-09,9.928095706694448e-11
5751,1.2415415771239685e-09,9.21252214295472e-11
5752,1.1115927998794204e-09,7.810359745734798e-11
5753,1.058382149757993e-09,7.240694348944706e-11
5754,1.0671814842191412e-09,7.218964671309268e-11
5755,1.0399306549381991e-09,6.911993458760709e-11
5756,9.471141713048359e-10,6.06467483902036e-11
5757,8.828272142029554e-10,5.4713662881133357e-11
5758,9.148500115975711e-10,5.7440026830249523e-11
5759,9.86592868923271e-10,6.419185409624562e-11
5760,1.0119960656587079e-09,6.676772916446097e-11
5761,1.008279703655606e-09,6.626582973551733e-11
5762,1.054558190470606e-09,7.051688305586002e-11
5763,1.141028707630555e-09,7.911248866796013e-11
5764,1.1493841604492895e-09,7.990848416555181e-11
5765,1.057635327730437e-09,7.097673507559819e-11
5766,9.892013782955073e-10,6.484540827825636e-11
5767,9.896444594332077e-10,6.46412791021914e-11
5768,9.90792090029376e-10,6.36636096591811e-11
5769,9.07451193880327e-10,5.482243317203123e-11
5770,7.916137842795685e-10,4.3796364860865845e-11
5771,7.435162630702245e-10,3.894359456278502e-11
5772,7.645038139187119e-10,3.993735145771867e-11
5773,7.640393796300741e-10,3.963166237838137e-11
5774,7.033406135207295e-10,3.510614080263964e-11
5775,6.600841456061843e-10,3.231850473020161e-11
5776,6.934101189250161e-10,3.543118730900497e-11
5777,7.618917103127826e-10,4.1385621494375354e-11
5778,7.865319625971628e-10,4.391027227499698e-11
5779,7.776493721451281e-10,4.3752072363406704e-11
5780,8.039376274041821e-10,4.622671424275195e-11
5781,8.958432733828751e-10,5.447047168650571e-11
5782,9.723791925521696e-10,6.159621452286403e-11
5783,9.843418680691038e-10,6.316582261009222e-11
5784,9.943550542742039e-10,6.490011928162956e-11
5785,1.0724920665925277e-09,7.371494708115447e-11
5786,1.1904866190845424e-09,8.752109616414122e-11
5787,1.2413061957826912e-09,9.417075448353222e-11
5788,1.231537811575257e-09,9.389297330720483e-11
5789,1.2437847909049549e-09,9.510596432856501e-11
5790,1.2960481833013428e-09,9.967509178622313e-11
5791,1.3244363968550075e-09,1.0192447489213883e-10
5792,1.2474034014075114e-09,9.284035959791791e-11
5793,1.1336841096788728e-09,8.062430952119376e-11
5794,1.0881579966752775e-09,7.63737077973084e-11
5795,1.0935250837145493e-09,7.708178681740927e-11
5796,1.0897275416995657e-09,7.676947446510179e-11
5797,1.053142236871655e-09,7.309627279933191e-11
5798,1.026222712758575e-09,6.977837491666581e-11
5799,1.065179459374452e-09,7.296073510751582e-11
5800,1.1225748379070867e-09,7.807212940453476e-11
5801,1.147522761101034e-09,8.075980456777254e-11
5802,1.1621603354208006e-09,8.356786752309345e-11
5803,1.1934943353973382e-09,8.790403553726464e-11
5804,1.2183812388419629e-09,9.08184921767643e-11
5805,1.1828576856619206e-09,8.703269993935124e-11
5806,1.1101707042434882e-09,7.926235955179888e-11
5807,1.0576172349015408e-09,7.287728244421644e-11
5808,1.0471787198197559e-09,7.050117550867144e-11
5809,1.014643179324051e-09,6.599793256188594e-11
5810,9.348717847314478e-10,5.7471233203531173e-11
5811,8.459815033938058e-10,4.873002228053399e-11
5812,7.843671410967413e-10,4.2836528921298454e-11
5813,7.366527072532598e-10,3.858855898860461e-11
5814,6.796425959631142e-10,3.409251429213616e-11
5815,6.162600343398308e-10,2.922971599992354e-11
5816,5.972327473331955e-10,2.793917445882423e-11
5817,6.246388627250929e-10,3.00576229912218e-11
5818,6.819795340817044e-10,3.467374657016069e-11
5819,7.44500181579027e-10,4.004625133863724e-11
5820,8.12128836170449e-10,4.6104040743028395e-11
5821,8.763865348137674e-10,5.171464203256392e-11
5822,9.144833941054725e-10,5.504090362694567e-11
5823,8.961852282285342e-10,5.334907358114399e-11
5824,8.272475417731236e-10,4.696214862088919e-11
5825,7.349327518926145e-10,3.855839191143397e-11
5826,6.503217377787052e-10,3.14451537018251e-11
5827,5.847519107271105e-10,2.6357519438460854e-11
5828,5.382987886411306e-10,2.2808152333998793e-11
5829,5.225736442786331e-10,2.158672842234314e-11
5830,5.281799693444851e-10,2.1956647841076886e-11
5831,5.509170812130172e-10,2.36340734984285e-11
5832,5.89603299027998e-10,2.6670035075479934e-11
5833,6.437335397025679e-10,3.113452056878413e-11
5834,7.117119633938584e-10,3.6969869523676974e-11
5835,7.74409182474304e-10,4.2566785275072257e-11
5836,8.248260803318954e-10,4.733942148270092e-11
5837,8.653281207643131e-10,5.1386276911714134e-11
5838,8.951720583644507e-10,5.4342365083628953e-11
5839,8.994383991141356e-10,5.453308459640619e-11
5840,8.835945313909503e-10,5.286362236215284e-11
5841,8.984153797831611e-10,5.4630748112422746e-11
5842,9.546420209833333e-10,6.030807766123741e-11
5843,1.0243539965284064e-09,6.735257568656045e-11
5844,1.040217557837888e-09,6.926988711561121e-11
5845,9.978622556253549e-10,6.537013001371177e-11
5846,9.614540720518413e-10,6.187328032901123e-11
5847,9.675945591716642e-10,6.245746086002382e-11
5848,9.57096177985092e-10,6.094439285769152e-11
5849,9.034637112364893e-10,5.563073201706399e-11
5850,8.545181361701484e-10,5.126143034175137e-11
5851,8.546538149065407e-10,5.107953768470626e-11
5852,8.855732237989201e-10,5.338597370410855e-11
5853,8.869052705229317e-10,5.3230973869766326e-11
5854,8.536281347215319e-10,5.031777257653968e-11
5855,8.428980953370163e-10,4.9313377628357807e-11
5856,8.880254922841069e-10,5.323472476976803e-11
5857,9.396743403382205e-10,5.812369015540984e-11
5858,9.368627217038921e-10,5.800737832132511e-11
5859,9.080225153333126e-10,5.5599775816307646e-11
5860,9.069071261261817e-10,5.570133027701119e-11
5861,9.323259421194364e-10,5.82193548554335e-11
5862,9.33129264124772e-10,5.85374362193862e-11
5863,8.915640767866037e-10,5.479268286702118e-11
5864,8.564721247942542e-10,5.1442265116475704e-11
5865,8.557632316046555e-10,5.0861607195745316e-11
5866,8.683881119157677e-10,5.160902555789621e-11
5867,8.414871142643263e-10,4.8871871161069077e-11
5868,7.772482191200456e-10,4.290502551109664e-11
5869,7.346693955234772e-10,3.9202076663965684e-11
5870,7.4208319512443e-10,3.978596290121047e-11
5871,7.718190540047037e-10,4.234602190473499e-11
5872,7.617034820675519e-10,4.138708678296647e-11
5873,7.09655875442482e-10,3.6907275765153455e-11
5874,6.686569048876106e-10,3.348124741088673e-11
5875,6.758211156756838e-10,3.40204015550647e-11
5876,6.931872093375257e-10,3.5168102283224486e-11
5877,6.929910945874728e-10,3.518525690509405e-11
5878,6.891678715997384e-10,3.5086689997117515e-11
5879,7.177567644217953e-10,3.744376184342302e-11
5880,7.640050265611299e-10,4.1058094718775e-11
5881,7.78985096788206e-10,4.2352484021337596e-11
5882,7.496592138435344e-10,4.010387059677319e-11
5883,7.08212497248859e-10,3.648285602154007e-11
5884,6.929806982036574e-10,3.488568186959288e-11
5885,6.886671887933801e-10,3.451273860147467e-11
5886,6.776833233276763e-10,3.394374549204144e-11
5887,6.860623391835771e-10,3.5142722814012216e-11
5888,7.379240897607257e-10,4.000014365754331e-11
5889,8.087629026401105e-10,4.656086643658838e-11
5890,8.532695473066319e-10,5.089619523756929e-11
5891,8.699470589212664e-10,5.270503234896255e-11
5892,9.064263656058399e-10,5.621193015414588e-11
5893,9.72808494556981e-10,6.250568172020502e-11
5894,1.023791564464897e-09,6.770651734526975e-11
5895,1.0293910095226782e-09,6.899174428059021e-11
5896,1.0177575687235577e-09,6.836592560829396e-11
5897,1.0322277647731035e-09,7.000124510608414e-11
5898,1.0691918217139906e-09,7.396582384667623e-11
5899,1.0819731313638306e-09,7.55750646523164e-11
5900,1.0846314448243097e-09,7.649401262945186e-11
5901,1.1231261001247879e-09,8.126834612606682e-11
5902,1.1853360430212785e-09,8.817592070114245e-11
5903,1.23194969061694e-09,9.373615708849726e-11
5904,1.2249869717184876e-09,9.333039572520202e-11
5905,1.1873884417272791e-09,8.864757337991718e-11
5906,1.1551648230580447e-09,8.41570969505647e-11
5907,1.0967015973691068e-09,7.676376928112621e-11
5908,1.0176381961232883e-09,6.811531593729969e-11
5909,9.79604861153611e-10,6.445736846691237e-11
5910,1.0046150758569795e-09,6.666753469767949e-11
5911,1.0433293312813248e-09,7.000060825711502e-11
5912,1.0307300977166224e-09,6.874892114751979e-11
5913,9.78680054614602e-10,6.34502434264445e-11
5914,9.905819238483323e-10,6.4540207921648e-11
5915,1.055857651663663e-09,7.066156207147257e-11
5916,1.0622779256914017e-09,7.088328199353014e-11
5917,9.594749000242516e-10,6.081853309654272e-11
5918,8.627099104546638e-10,5.1952734061705774e-11
5919,8.442686385699782e-10,4.966272214503391e-11
5920,8.819771483892286e-10,5.2538051935759196e-11
5921,8.932596066128966e-10,5.385194400363208e-11
5922,8.824733936489779e-10,5.351534494901667e-11
5923,9.242287906296115e-10,5.770011018437281e-11
5924,1.0365577588897389e-09,6.862530947441101e-11
5925,1.1145749982582051e-09,7.661631524164926e-11
5926,1.0754359043203508e-09,7.304072616675918e-11
5927,9.88755106395584e-10,6.464702411635058e-11
5928,9.363907705990978e-10,5.920980502466698e-11
5929,8.991867649294441e-10,5.5085089250303615e-11
5930,8.232723519153414e-10,4.79143971376944e-11
5931,7.200116989085245e-10,3.87386924849054e-11
5932,6.577092222515851e-10,3.3188261903055255e-11
5933,6.596469410704505e-10,3.277103211064854e-11
5934,6.834508153025775e-10,3.41647261158572e-11
5935,6.901623994771906e-10,3.450787838839697e-11
5936,7.02635458935881e-10,3.55805532182339e-11
5937,7.416364234100045e-10,3.875281964225235e-11
5938,7.932383621875705e-10,4.3316836461011874e-11
5939,8.238395610976722e-10,4.689704147572248e-11
5940,8.25802661778727e-10,4.803802290350068e-11
5941,8.36887905378128e-10,4.94827853926362e-11
5942,8.572003366737001e-10,5.106821329347022e-11
5943,8.565582410511009e-10,5.075328235840219e-11
5944,8.331865181656328e-10,4.884968580188771e-11
5945,8.214618756013983e-10,4.807624444700888e-11
5946,8.548026076639336e-10,5.126251273152684e-11
5947,8.99098784760457e-10,5.535836213626859e-11
5948,9.013767434494271e-10,5.557443995259196e-11
5949,8.72265946908796e-10,5.2975012233700667e-11
5950,8.772632324904582e-10,5.364764901657864e-11
5951,9.177090636814565e-10,5.734100978600405e-11
5952,9.428317088514156e-10,5.95748797659003e-11
5953,9.280997894663073e-10,5.859205197303166e-11
5954,9.10860133790831e-10,5.731567409358248e-11
5955,9.436924255177752e-10,6.047520327225737e-11
5956,1.004896895853472e-09,6.648702336662997e-11
5957,1.0210319945103875e-09,6.854003756811805e-11
5958,9.917888952468113e-10,6.662174630972816e-11
5959,9.86496875692286e-10,6.736831840334051e-11
5960,1.0301620778745967e-09,7.30859007111398e-11
5961,1.0801367259135074e-09,7.918034932773964e-11
5962,1.0706980071934827e-09,7.843391644108117e-11
5963,1.0509859593609963e-09,7.659920745946028e-11
5964,1.0755933716997998e-09,7.899028537691875e-11
5965,1.1198809270789898e-09,8.283531725798242e-11
5966,1.1099283031103651e-09,8.127211777235406e-11
5967,1.026099719169394e-09,7.201082714431242e-11
5968,9.474970493027506e-10,6.286701406847276e-11
5969,9.206608265229738e-10,5.852348613053689e-11
5970,9.149247116491872e-10,5.6766899853330494e-11
5971,8.952524030593289e-10,5.478155918062258e-11
5972,8.794244679238819e-10,5.347928226591017e-11
5973,9.037038029553036e-10,5.561188203768432e-11
5974,9.281649602221965e-10,5.715751763296158e-11
5975,9.35310742386004e-10,5.775393466376322e-11
5976,9.29158120573604e-10,5.7524031879926385e-11
5977,9.488209785990748e-10,5.954644525516071e-11
5978,9.75362310347223e-10,6.20481779817628e-11
5979,9.582080124426662e-10,6.075792277434202e-11
5980,9.230216922343702e-10,5.84432610631111e-11
5981,9.13198335459013e-10,5.7887487307031255e-11
5982,9.217743264907342e-10,5.8042529147050134e-11
5983,8.880049975697704e-10,5.4026049363883634e-11
5984,8.152830847510609e-10,4.7184367192613845e-11
5985,7.848764488794892e-10,4.436491034043546e-11
5986,8.128595774146031e-10,4.6156620999366153e-11
5987,8.347299109284186e-10,4.747648542502546e-11
5988,7.93407069321106e-10,4.3957553438450055e-11
5989,7.376337363027689e-10,3.946649464028134e-11
5990,7.489035088089629e-10,4.049550397053678e-11
5991,7.949304272449179e-10,4.41132324290432e-11
5992,7.960511292683438e-10,4.417266574957595e-11
5993,7.426145838090382e-10,3.977225467196937e-11
5994,7.15036532144506e-10,3.7383708576589955e-11
5995,7.540978974736194e-10,4.042110297038671e-11
5996,8.088293909009007e-10,4.531614364515774e-11
5997,7.955211841372871e-10,4.455294876261713e-11
5998,7.35171477250288e-10,3.9681913112374145e-11
5999,6.922411079027839e-10,3.616478184964854e-11
6000,6.818060718438814e-10,3.510461519014231e-11
