idx,dmg_UW,dmg_DW
0,7.95344344269223e-10,6.715324194196178e-11
1,8.464545107884369e-10,7.389326854548647e-11
2,9.012000325500375e-10,7.935822782919395e-11
3,9.041668454840994e-10,7.741009082366429e-11
4,8.840250545032373e-10,7.256706893432737e-11
5,9.160079647085655e-10,7.570352944841556e-11
6,1.0132123339363216e-09,8.787605633771269e-11
7,1.0953576967967831e-09,9.726624147328471e-11
8,1.0877538856450633e-09,9.331730355086944e-11
9,1.0262132969707e-09,8.097010999786574e-11
10,9.724119071872902e-10,6.932782845221187e-11
11,9.285341255850011e-10,6.057054418658104e-11
12,8.408737740156204e-10,4.9886004971982284e-11
13,7.219402844377769e-10,3.852522191488577e-11
14,6.480352086964722e-10,3.225978722464922e-11
15,6.40143423641043e-10,3.128454946916891e-11
16,6.508550537455698e-10,3.169439625978202e-11
17,6.140669154200485e-10,2.8587878588433865e-11
18,5.475387109570188e-10,2.3500149274205195e-11
19,5.063598325735642e-10,2.017166969404367e-11
20,4.950546356808163e-10,1.866783425548686e-11
21,4.667527483993058e-10,1.6047239083040993e-11
22,4.0296474733539563e-10,1.1823888427582526e-11
23,3.478665149014874e-10,8.799061674793796e-12
24,3.2144008703780643e-10,7.468660597911587e-12
25,3.079657124399885e-10,6.91038980036447e-12
26,2.770226510160032e-10,5.6855884434667915e-12
27,2.4042699708087454e-10,4.307964216890769e-12
28,2.279734290460039e-10,3.827589141467148e-12
29,2.400452303006583e-10,4.208530048577899e-12
30,2.5546079052864376e-10,4.8746997358559536e-12
31,2.565653576968135e-10,5.205465260158277e-12
32,2.52018824248974e-10,5.19579702335884e-12
33,2.5591583147766833e-10,5.2206067299403455e-12
34,2.620211382512702e-10,5.261651216573031e-12
35,2.5848050633539236e-10,5.1106173071035815e-12
36,2.472497274104403e-10,4.81458421000304e-12
37,2.4447447274038867e-10,4.952678570627866e-12
38,2.5419974677610894e-10,5.6361050952573615e-12
39,2.744131321485513e-10,7.0337959193533164e-12
40,2.9504471292586127e-10,9.04506864477426e-12
41,3.153229736357817e-10,1.22037880433269e-11
42,3.417700046751269e-10,1.7761482188166876e-11
43,3.9031748906156855e-10,2.751141164430781e-11
44,4.697047979505655e-10,4.065431806276833e-11
45,5.69360349059044e-10,5.466094130731463e-11
46,6.549162518321885e-10,6.706124230667458e-11
47,7.239367783544725e-10,7.896108100787568e-11
48,8.178989926867321e-10,9.622443187586789e-11
49,9.330946719937504e-10,1.1740580835927144e-10
50,9.888597474325182e-10,1.2740751604891467e-10
51,9.453709587664094e-10,1.2144753464641292e-10
52,8.986833217840118e-10,1.1331340090823981e-10
53,9.160188451721706e-10,1.1259693682823491e-10
54,9.83635493294836e-10,1.2100120131196565e-10
55,1.0235827514462527e-09,1.3098350399303633e-10
56,1.010222058361454e-09,1.3195608733887734e-10
57,1.0393580476726877e-09,1.3409937873698347e-10
58,1.1405945774009899e-09,1.413657267101705e-10
59,1.245459952504808e-09,1.4780022599473232e-10
60,1.2590293832591308e-09,1.444423233723537e-10
61,1.232174098586194e-09,1.3895233552619599e-10
62,1.2601978137398928e-09,1.409240936812571e-10
63,1.3521146677746798e-09,1.5041178939878359e-10
64,1.4332953401946339e-09,1.589455696535143e-10
65,1.4314150158176217e-09,1.551549091833823e-10
66,1.4163833100246281e-09,1.4756932018707606e-10
67,1.422371215427416e-09,1.405363501752142e-10
68,1.3864622054363537e-09,1.2737753035049583e-10
69,1.2732581538448979e-09,1.0845120791213276e-10
70,1.1537713108147103e-09,9.338780392965059e-11
71,1.103644907854088e-09,8.84864896176542e-11
72,1.077428287325118e-09,8.609721105930356e-11
73,9.967535130888256e-10,7.705788077724714e-11
74,8.500520049108639e-10,5.998760664850716e-11
75,7.49096178295828e-10,4.775512036078944e-11
76,7.268500959530492e-10,4.2844731821501864e-11
77,7.14610012954281e-10,3.8765389081449567e-11
78,6.518983943455629e-10,3.147050325575162e-11
79,5.668437197155324e-10,2.3869080783541726e-11
80,5.199883665553604e-10,1.98148997835875e-11
81,5.1482894853952e-10,1.8958249851957492e-11
82,4.898417710881511e-10,1.7087555029375322e-11
83,4.226566565169376e-10,1.2937120578727352e-11
84,3.609323654171067e-10,9.457723577686903e-12
85,3.4905969259699614e-10,8.709852550666223e-12
86,3.703059490974369e-10,9.606944791553315e-12
87,3.918609405489241e-10,1.0938853071338895e-11
88,3.8972552634464364e-10,1.148580017333527e-11
89,3.86472910052811e-10,1.2152224461782126e-11
90,3.947734643747432e-10,1.3314009385323184e-11
91,3.951999196921729e-10,1.3778645513622076e-11
92,3.723194865685276e-10,1.2997342183042619e-11
93,3.401152593335498e-10,1.189411211786674e-11
94,3.170070080831166e-10,1.1329925030867589e-11
95,3.0398920501980237e-10,1.1294825138300083e-11
96,2.947058892841706e-10,1.1411435530839208e-11
97,2.903641187543653e-10,1.1466230057384584e-11
98,3.001260640765554e-10,1.2046306400300365e-11
99,3.3772756969377206e-10,1.4577486745298097e-11
100,3.9991475131887283e-10,1.9411308791242917e-11
101,4.726622583163712e-10,2.606090405623923e-11
102,5.403983909300455e-10,3.311632234366335e-11
103,5.83752965927265e-10,3.817761233117644e-11
104,6.209497839871237e-10,4.411061124778605e-11
105,6.774218434861224e-10,5.4461414478132716e-11
106,7.841114039975099e-10,7.454779922624647e-11
107,9.266551484214642e-10,1.0415557434159117e-10
108,1.0470745734056214e-09,1.3294991850170451e-10
109,1.1179110227139396e-09,1.5167320251053022e-10
110,1.154405658818726e-09,1.607250271099325e-10
111,1.1715818085806063e-09,1.6239417037367133e-10
112,1.182898905703105e-09,1.61961233628674e-10
113,1.1780900569140227e-09,1.5777120983857855e-10
114,1.1765116165915554e-09,1.5050690325232546e-10
115,1.2262503921920192e-09,1.4899289601823267e-10
116,1.305380828680822e-09,1.5042152931662034e-10
117,1.3643831392884606e-09,1.500304340414549e-10
118,1.3950184811670247e-09,1.4972489384281017e-10
119,1.4483365170193887e-09,1.5649374452465542e-10
120,1.5657784614816622e-09,1.7311145346680766e-10
121,1.6771596302218275e-09,1.8829747962488487e-10
122,1.7041487280273408e-09,1.912086392532197e-10
123,1.663501722293831e-09,1.8404229606929597e-10
124,1.6421508924362278e-09,1.7871459820525076e-10
125,1.6282423063742075e-09,1.7186644585528349e-10
126,1.5508988295316336e-09,1.5595903123458373e-10
127,1.4140555903471619e-09,1.3437607920364116e-10
128,1.2869820759312632e-09,1.1431211168318802e-10
129,1.2181036797131927e-09,1.020724425092815e-10
130,1.1328038208158496e-09,8.881782065128336e-11
131,1.0075148225341041e-09,7.303662480971312e-11
132,8.948300720094383e-10,5.970802242238483e-11
133,8.372970542881083e-10,5.191530333021285e-11
134,8.035644989587659e-10,4.634395685686497e-11
135,7.415416632589241e-10,3.903935605624115e-11
136,6.612361533878131e-10,3.133114581124131e-11
137,6.200731046667582e-10,2.744805390473339e-11
138,6.122972861606115e-10,2.6140552423077488e-11
139,5.788348322679543e-10,2.307879841466026e-11
140,4.959528256767782e-10,1.7263438563816892e-11
141,4.2244277862945366e-10,1.2818544263157428e-11
142,3.9788881683155877e-10,1.1341821471558614e-11
143,3.949801112337426e-10,1.0915183430639099e-11
144,3.7216495976614085e-10,9.659211657761792e-12
145,3.2709358410060166e-10,7.593917632752035e-12
146,3.0128537346363767e-10,6.520256212139402e-12
147,3.032649910482821e-10,6.5578029442867995e-12
148,3.0809042387196496e-10,6.798345850217066e-12
149,2.9981079700248923e-10,6.660492621285891e-12
150,2.929051651566244e-10,6.6433514325841605e-12
151,3.0774204597483403e-10,7.616885835949818e-12
152,3.2634607870136224e-10,8.817045986360704e-12
153,3.2625064139420547e-10,9.277469061992394e-12
154,3.1329475806830566e-10,9.10303355665176e-12
155,3.0845630315095326e-10,9.003280904080689e-12
156,3.1292179822646614e-10,9.268628635374413e-12
157,3.0413639941849253e-10,9.13895334098052e-12
158,2.8146590459570443e-10,8.551853197354666e-12
159,2.782595215459422e-10,9.204223839196648e-12
160,3.0015678458626636e-10,1.135644719912772e-11
161,3.4456291370803695e-10,1.5640638046994002e-11
162,3.9397223830346537e-10,2.208972829830342e-11
163,4.5311857972628926e-10,3.1976908959955955e-11
164,5.499692538432834e-10,4.82604871595223e-11
165,6.788267080568552e-10,7.079107935202212e-11
166,7.921650320228557e-10,9.213893614619542e-11
167,8.701257902886291e-10,1.0810275039314612e-10
168,9.41161463138366e-10,1.2052832480391188e-10
169,1.0133932552380337e-09,1.3010928402951585e-10
170,1.0766832141241584e-09,1.3848009740135038e-10
171,1.1013981321327288e-09,1.403874970895729e-10
172,1.1074970409925849e-09,1.3711556182805115e-10
173,1.1652202614335042e-09,1.3895978838244299e-10
174,1.2693683782166337e-09,1.467164826218365e-10
175,1.3745880477723754e-09,1.5799041503181647e-10
176,1.4397160329996195e-09,1.666380197586987e-10
177,1.5100149062864072e-09,1.7920237834877096e-10
178,1.5889684725187602e-09,1.923091995161259e-10
179,1.6545311701681628e-09,2.0157755656985768e-10
180,1.6558560792834221e-09,1.9868967185618284e-10
181,1.6297606660322829e-09,1.8996602761713842e-10
182,1.623609123267173e-09,1.828568330380044e-10
183,1.633613088611629e-09,1.7723626674494064e-10
184,1.609199682555001e-09,1.6781608832582129e-10
185,1.5059389988114523e-09,1.4764628427129795e-10
186,1.3890594134351436e-09,1.2787939090862463e-10
187,1.3120981192753345e-09,1.1585827919072399e-10
188,1.2474491570495312e-09,1.0617598360752783e-10
189,1.1572189451438325e-09,9.477177794028615e-11
190,1.0283512745430444e-09,7.974238696581793e-11
191,9.35508239743866e-10,6.9491304276124e-11
192,8.90977362668285e-10,6.28526375810244e-11
193,8.510594044069049e-10,5.501685941405161e-11
194,7.612424018973383e-10,4.2680195522706083e-11
195,6.349918054595451e-10,2.965878809257407e-11
196,5.523796399542525e-10,2.2525517004734286e-11
197,5.147035103392804e-10,1.9256997728875094e-11
198,4.871165330379475e-10,1.70251580946658e-11
199,4.402560697333321e-10,1.4041283572943098e-11
200,3.9377268993155103e-10,1.1286205108227839e-11
201,3.8486704962660403e-10,1.0645727734210949e-11
202,3.9684287554650586e-10,1.1044242487437134e-11
203,3.879751345874357e-10,1.0433478261160188e-11
204,3.483893829967488e-10,8.523129117664558e-12
205,3.128865971088859e-10,7.016427415773915e-12
206,3.1348517489995967e-10,7.188298889735181e-12
207,3.3274518313789947e-10,8.238227313403048e-12
208,3.4126276331421194e-10,8.97012620296528e-12
209,3.356175518634248e-10,9.15277868050069e-12
210,3.2666524433498265e-10,9.072209523011111e-12
211,3.30460596701783e-10,9.567885058380645e-12
212,3.355885020761085e-10,1.0075749438861502e-11
213,3.3292101902472595e-10,1.0242777312800053e-11
214,3.3195053660607707e-10,1.0763569419913025e-11
215,3.4915313917939734e-10,1.2699433339041889e-11
216,3.8495195538703054e-10,1.6514993226949224e-11
217,4.2942359464396693e-10,2.201731709177503e-11
218,4.77075858735591e-10,2.8867432216628147e-11
219,5.244753714193444e-10,3.5812660296056014e-11
220,5.806852644400987e-10,4.326439956761869e-11
221,6.564869180214095e-10,5.2960451110028275e-11
222,7.58232702985721e-10,6.658665052288497e-11
223,8.750672401291302e-10,8.342892947961351e-11
224,1.0057513917786742e-09,1.0572224798565934e-10
225,1.1323758908014483e-09,1.292932681272085e-10
226,1.229475856737652e-09,1.4646963426500119e-10
227,1.310654602718556e-09,1.5998230357986983e-10
228,1.4018631368680974e-09,1.741539640402443e-10
229,1.4973110612109772e-09,1.8756779556506967e-10
230,1.6031274953630555e-09,2.051459686695209e-10
231,1.7090942249779207e-09,2.2535633735584714e-10
232,1.842367941889918e-09,2.5103862018853964e-10
233,1.9886121153246463e-09,2.7584288908027034e-10
234,2.082236754673024e-09,2.899599063664244e-10
235,2.085274113555394e-09,2.881506033774842e-10
236,2.012809059481363e-09,2.7341717494272054e-10
237,1.9614136827004163e-09,2.626480344746442e-10
238,1.9114464852454154e-09,2.4926345322797824e-10
239,1.8258785648119734e-09,2.3008247352733474e-10
240,1.7074004349191804e-09,2.053044181606219e-10
241,1.5736947714591116e-09,1.772851389077443e-10
242,1.4951285408930146e-09,1.6141106310004878e-10
243,1.4623179211598925e-09,1.5418233356849378e-10
244,1.4397002985902057e-09,1.4826954341999925e-10
245,1.3931377656876531e-09,1.3854820886726832e-10
246,1.323560513052949e-09,1.257072135607294e-10
247,1.258944033742381e-09,1.1427139531429939e-10
248,1.194290964036043e-09,1.0175007756666994e-10
249,1.1186976326236255e-09,8.866392341498861e-11
250,1.0141475021318745e-09,7.317667196817672e-11
251,8.991435307654186e-10,5.8092818734729105e-11
252,8.138693884860221e-10,4.7972423168470195e-11
253,7.570637728101954e-10,4.169992649134235e-11
254,7.098776811533304e-10,3.6855473680979024e-11
255,6.769929041532187e-10,3.3752133488548176e-11
256,6.525264786017475e-10,3.1241885984462016e-11
257,6.325584869098591e-10,2.8964399736526392e-11
258,6.069190411740083e-10,2.6405182946832485e-11
259,5.735316206013145e-10,2.3531630369805396e-11
260,5.305762952799618e-10,2.0086613161658674e-11
261,4.876787482954715e-10,1.6988344848852274e-11
262,4.576922078471695e-10,1.5123247844932612e-11
263,4.4809993455183236e-10,1.4575728019516485e-11
264,4.529800212656963e-10,1.481083596411728e-11
265,4.651909543670602e-10,1.559958830423654e-11
266,4.747181773445644e-10,1.6417322021110927e-11
267,4.858851823958737e-10,1.7516751780040843e-11
268,4.991467139596745e-10,1.8856640004357554e-11
269,5.115903259965865e-10,2.02468347672704e-11
270,5.183316620055658e-10,2.121055482062289e-11
271,5.31985463254115e-10,2.2856664595182215e-11
272,5.644957353714862e-10,2.637053992484297e-11
273,6.026753276913612e-10,3.120674895003464e-11
274,6.333788122988778e-10,3.653913504799046e-11
275,6.404288786377895e-10,3.939221746014054e-11
276,6.414706700390097e-10,4.017736798200444e-11
277,6.486021531613501e-10,3.9983429934827696e-11
278,6.825829352312708e-10,4.22368777017542e-11
279,7.546133954065705e-10,4.977614832385552e-11
280,8.642317087458699e-10,6.402150312003741e-11
281,9.926799351735304e-10,8.291426773683546e-11
282,1.138035444296344e-09,1.0645203974237248e-10
283,1.3063037347294922e-09,1.3354624398559545e-10
284,1.5215185633376034e-09,1.688489554973081e-10
285,1.7494139941991018e-09,2.0873873849256773e-10
286,1.9402512350419195e-09,2.4715915903540363e-10
287,2.0499094304510324e-09,2.726995900641088e-10
288,2.054357224092951e-09,2.755643018285967e-10
289,1.985152341215826e-09,2.6195867832393087e-10
290,1.8598128534597953e-09,2.353776064408072e-10
291,1.6978051212820761e-09,2.028529568782831e-10
292,1.5381475515248973e-09,1.739199229991224e-10
293,1.3897118409216894e-09,1.491105757165524e-10
294,1.2952803911252655e-09,1.335934276775484e-10
295,1.2670619038425395e-09,1.2585529526515652e-10
296,1.2608117830020657e-09,1.1815690032531938e-10
297,1.2276791908538338e-09,1.0705498586504996e-10
298,1.2030544124179806e-09,1.0099478662545234e-10
299,1.220922388200049e-09,1.022761346271768e-10
300,1.2494613700317936e-09,1.0500826286436911e-10
301,1.2447793736987884e-09,1.054671301325259e-10
302,1.1523953721906474e-09,9.476812760668198e-11
303,1.02888927333507e-09,7.876980859124043e-11
304,9.278158620055301e-10,6.484851755127595e-11
305,8.220959004438067e-10,5.0762635399369744e-11
306,6.967228532809675e-10,3.674078438384631e-11
307,5.935884204278443e-10,2.703257382524744e-11
308,5.423715382774697e-10,2.2366991286182537e-11
309,5.38970043738824e-10,2.1597266442895807e-11
310,5.283161763959767e-10,2.049554807680954e-11
311,4.880185411616443e-10,1.7638137898228846e-11
312,4.59445910074205e-10,1.585866093603732e-11
313,4.739187583717616e-10,1.673656358638417e-11
314,5.115325516467015e-10,1.8942627069830128e-11
315,5.145032718492633e-10,1.8840296296746928e-11
316,4.842812561707571e-10,1.680441002080685e-11
317,4.748664549510764e-10,1.6196413125273845e-11
318,5.088062738508145e-10,1.8277204999396364e-11
319,5.36582021604972e-10,2.0118402085445285e-11
320,5.15751017767707e-10,1.9194524524277277e-11
321,4.693750484673464e-10,1.6564531928968183e-11
322,4.5274993391958966e-10,1.5516269032138917e-11
323,4.695013601092219e-10,1.6588054853105686e-11
324,4.717183601133477e-10,1.7081388644271835e-11
325,4.5050650869366436e-10,1.6542422497633263e-11
326,4.383047990229072e-10,1.6553845991036116e-11
327,4.575069468913817e-10,1.803758907301411e-11
328,4.831489412538969e-10,1.961768018256383e-11
329,5.118013364878737e-10,2.2271266787903442e-11
330,5.670841090143865e-10,2.8107385220461734e-11
331,6.484928907431922e-10,3.6352762845425316e-11
332,7.157750002488537e-10,4.327500491484626e-11
333,7.096651431416522e-10,4.265507772500812e-11
334,6.881846715270402e-10,4.011884032738882e-11
335,7.42118892032027e-10,4.42711476384914e-11
336,8.50310273816225e-10,5.417994644151189e-11
337,9.306213250199991e-10,6.454662300024881e-11
338,9.414515553417163e-10,7.059895955622699e-11
339,9.824815516555499e-10,8.02448131687372e-11
340,1.0986157348337044e-09,9.622753224936994e-11
341,1.2176803648928724e-09,1.1122610643637434e-10
342,1.228138911801005e-09,1.1291512182193315e-10
343,1.2030725037573778e-09,1.1160781217317827e-10
344,1.284485998466042e-09,1.2411023071016655e-10
345,1.4683846247294705e-09,1.4940441036532995e-10
346,1.5245479749951894e-09,1.5316996187231086e-10
347,1.3719098663683054e-09,1.2773185282334042e-10
348,1.2037974911376452e-09,1.0261554467280063e-10
349,1.1438234283107407e-09,9.15778115882663e-11
350,1.143181837603673e-09,8.928168094398772e-11
351,1.0780538345878732e-09,8.234865287635144e-11
352,9.806107586905514e-10,7.284432844022658e-11
353,9.71030323543225e-10,7.211609238796999e-11
354,1.0718100438400623e-09,8.271744071995746e-11
355,1.1683486760097021e-09,9.417338143515771e-11
356,1.168721938518963e-09,9.645093841521908e-11
357,1.1504156896638963e-09,9.642302225426634e-11
358,1.1889174829176548e-09,1.0078929886960688e-10
359,1.2126259504855762e-09,1.0088014224409374e-10
360,1.0624435186200159e-09,7.889000504552919e-11
361,8.27358071782025e-10,5.158039140076748e-11
362,6.46388716610261e-10,3.3421045011574895e-11
363,5.712149964873678e-10,2.7056793363705317e-11
364,5.351851209175298e-10,2.480954416105661e-11
365,4.789960307799056e-10,2.1021299697144562e-11
366,4.30073499270125e-10,1.731197388958811e-11
367,4.3304762309319285e-10,1.658423505832233e-11
368,5.008057628149864e-10,2.0416638172278503e-11
369,5.797755944883692e-10,2.5635975781710873e-11
370,6.162953510103096e-10,2.804278708053893e-11
371,6.247263566244127e-10,2.8364879910492174e-11
372,6.394525960578553e-10,2.90105170140283e-11
373,6.560110531759367e-10,2.9985664381105924e-11
374,6.253913329845913e-10,2.7611718605052534e-11
375,5.645648789719021e-10,2.3544961861735654e-11
376,5.197267857068484e-10,2.0810376890513778e-11
377,5.043188205294357e-10,2.0001465697817153e-11
378,4.779468534545311e-10,1.8164430064388915e-11
379,4.3566538216389327e-10,1.542295069856094e-11
380,4.180290292164652e-10,1.4417253248256284e-11
381,4.5287233475575876e-10,1.696745691529266e-11
382,5.205807242593179e-10,2.289033726329845e-11
383,5.611339913098081e-10,2.8545083069736585e-11
384,5.757817740663284e-10,3.3026075833373743e-11
385,6.255993999353815e-10,3.969674574195382e-11
386,7.376810716895195e-10,5.0997873861773576e-11
387,8.51858249508401e-10,6.344926192902686e-11
388,8.851848731603048e-10,6.860926616824194e-11
389,8.497660327097234e-10,6.530415971289581e-11
390,8.496426201078035e-10,6.43844342729424e-11
391,8.819210151803545e-10,6.51860434370754e-11
392,8.865099228680396e-10,6.359673299599621e-11
393,8.342456942376785e-10,5.820973138859214e-11
394,8.247868102223299e-10,5.991074244061611e-11
395,9.275720840631519e-10,7.466592091016378e-11
396,1.0729368564462256e-09,9.244591877749487e-11
397,1.156259798720102e-09,1.0186294384189124e-10
398,1.1601622687665118e-09,1.0109696135637366e-10
399,1.1910504925191842e-09,1.0255909798217432e-10
400,1.2855520155148822e-09,1.1313089881652203e-10
401,1.3669788809840583e-09,1.2627742747111392e-10
402,1.3289926937960619e-09,1.242750001242689e-10
403,1.2268680624695113e-09,1.1018932258709766e-10
404,1.1515558678369726e-09,9.737511396951789e-11
405,1.1115198445392914e-09,8.905542490596879e-11
406,1.0468990344851387e-09,7.864205408668125e-11
407,9.74739036203712e-10,6.948789935931667e-11
408,9.472338386198491e-10,6.587351450658704e-11
409,9.69788434098794e-10,6.684059693699744e-11
410,9.90369268244944e-10,6.757256731409222e-11
411,9.5868807132054e-10,6.396523301007642e-11
412,9.272641490629496e-10,6.202534912757408e-11
413,9.387525621945603e-10,6.445836402076454e-11
414,9.75340223921218e-10,6.919519210702702e-11
415,9.610223814313553e-10,6.836726119722454e-11
416,8.675421790271902e-10,5.821203637060113e-11
417,7.867964218987229e-10,4.956559771035332e-11
418,7.579123251493504e-10,4.6007121892551504e-11
419,7.456448771889562e-10,4.442992221045112e-11
420,7.022058672960646e-10,4.0519798501889464e-11
421,6.435155780968946e-10,3.520141704907165e-11
422,6.130126048890522e-10,3.173840126362072e-11
423,6.295380433638579e-10,3.2111901991520144e-11
424,6.554386809483121e-10,3.3634887574064516e-11
425,6.668109048177052e-10,3.4392076547998535e-11
426,6.79571868677754e-10,3.5257696164303296e-11
427,7.120562857957208e-10,3.725477638069405e-11
428,7.367915970420171e-10,3.8367413600383546e-11
429,7.365606750179184e-10,3.800788995642539e-11
430,7.285170572073911e-10,3.7759850610964064e-11
431,7.384795913582959e-10,3.943434147639124e-11
432,7.635269428769943e-10,4.300074601235727e-11
433,7.510344787010089e-10,4.320346802315194e-11
434,6.77217493751833e-10,3.664021255429977e-11
435,5.878720281310207e-10,2.7940488074718982e-11
436,5.261976445768214e-10,2.1891167759663135e-11
437,5.058185328787093e-10,1.9927336006771336e-11
438,5.143530086736396e-10,2.1046017162262217e-11
439,5.353767729535762e-10,2.3918846171796343e-11
440,5.610713936187428e-10,2.7356466550907906e-11
441,5.853407494576558e-10,3.00907386006788e-11
442,6.102026111471258e-10,3.2273689796046845e-11
443,6.312765377322748e-10,3.402669053212861e-11
444,6.547388894664931e-10,3.703798191456438e-11
445,6.78437379126931e-10,4.13644248467967e-11
446,7.023701419210191e-10,4.631133117330748e-11
447,7.215591844357224e-10,5.039196324476607e-11
448,7.20215758588084e-10,5.0935601090579076e-11
449,7.222445522289362e-10,5.137222640091499e-11
450,7.49187728767794e-10,5.4586134621282724e-11
451,8.150586800816263e-10,6.254589727488432e-11
452,8.842125514312731e-10,7.044228378080735e-11
453,9.31851238994301e-10,7.415895768945891e-11
454,9.449461892690769e-10,7.159750128636225e-11
455,9.532168467232536e-10,6.805157692166284e-11
456,9.816996060367903e-10,6.834669711183722e-11
457,1.016456878357007e-09,7.140542032062579e-11
458,1.0394187377932005e-09,7.448691830648316e-11
459,1.0316058525931643e-09,7.435535288154162e-11
460,1.0007286147878634e-09,7.095543183088835e-11
461,9.545856550521698e-10,6.489238501809633e-11
462,9.196111543492337e-10,5.985333146889776e-11
463,9.110796513638352e-10,5.830681385965479e-11
464,9.018854376126827e-10,5.669496226563288e-11
465,8.81909982648377e-10,5.4296294943590156e-11
466,8.445940306854942e-10,5.023793194017488e-11
467,7.899644191913152e-10,4.4173420219786785e-11
468,7.280345241261649e-10,3.774348392549252e-11
469,6.58440081060243e-10,3.141826177857885e-11
470,5.976073187997807e-10,2.662875922285444e-11
471,5.625160728036614e-10,2.4396510908595728e-11
472,5.519914598236535e-10,2.3781214258295315e-11
473,5.426485872438e-10,2.265193231215301e-11
474,5.32750663621339e-10,2.14416085812612e-11
475,5.294839628544446e-10,2.0764240934804406e-11
476,5.273247105704206e-10,2.0023171911865726e-11
477,5.188200431647925e-10,1.91307419014844e-11
478,4.779064282711963e-10,1.634619681387926e-11
479,4.197516941178459e-10,1.2760255144907986e-11
480,3.694783232555837e-10,9.8487338756556e-12
481,3.3859725391204064e-10,8.168671451233606e-12
482,3.1946368733148324e-10,7.232296507356822e-12
483,3.040167166186156e-10,6.577412829001481e-12
484,3.06564058427204e-10,6.842819881150105e-12
485,3.302228406875693e-10,8.069244875805358e-12
486,3.663186769527841e-10,9.920043641674087e-12
487,3.931745545407741e-10,1.1422150917712889e-11
488,4.090630585378617e-10,1.2549509059051101e-11
489,4.203832333522788e-10,1.3540978421000983e-11
490,4.3256965687652653e-10,1.477179304293673e-11
491,4.316509799014931e-10,1.534761679771768e-11
492,4.130556592457087e-10,1.4657132753044666e-11
493,3.878485573439209e-10,1.3121991280900222e-11
494,3.785351594035878e-10,1.2461532114715663e-11
495,3.9366414120031693e-10,1.350288619814178e-11
496,4.160699997314423e-10,1.527945356070528e-11
497,4.507117192384829e-10,1.8513955611228536e-11
498,4.82958107814051e-10,2.1512525467953698e-11
499,5.020901279399715e-10,2.284354906943383e-11
500,5.078133131626855e-10,2.2908446578286195e-11
501,5.059825270147238e-10,2.2678815850630505e-11
502,5.08835869719633e-10,2.3059040443972434e-11
503,5.302918689102238e-10,2.557598066654259e-11
504,5.704537196626858e-10,3.0266451635333255e-11
505,6.160862447619408e-10,3.4429100430288926e-11
506,6.517277995782461e-10,3.6362509570521576e-11
507,6.432545328382619e-10,3.3377287877237916e-11
508,6.080090081988632e-10,2.8867575707845962e-11
509,5.928074643122667e-10,2.7064832692065554e-11
510,6.169441010824378e-10,2.8690735415573974e-11
511,6.612648041410609e-10,3.21885963596895e-11
512,6.757022760839523e-10,3.331068115754949e-11
513,6.654764538452129e-10,3.230749297092092e-11
514,6.766897549777063e-10,3.306593320300157e-11
515,7.246631617215507e-10,3.6996283247932074e-11
516,7.632974080237258e-10,4.0100978468394316e-11
517,7.479950826172267e-10,3.857684460700822e-11
518,6.843407771349419e-10,3.2987905730046034e-11
519,6.378142964628377e-10,2.936274481102744e-11
520,6.211868081969736e-10,2.8247587776128724e-11
521,5.992408039180602e-10,2.689084166600097e-11
522,5.450371461007134e-10,2.3428576212762268e-11
523,4.989326918226706e-10,2.082545644834982e-11
524,4.957301032513688e-10,2.0655812818231855e-11
525,5.261422708961503e-10,2.212056377513431e-11
526,5.564534879444863e-10,2.360780637355733e-11
527,5.713063493852381e-10,2.439034744998746e-11
528,6.046805042825153e-10,2.6865455330722774e-11
529,6.766742282558545e-10,3.272870885504294e-11
530,7.442782168273143e-10,3.8782352362153665e-11
531,7.363286948609196e-10,3.822008786234947e-11
532,6.759205385788846e-10,3.2968098409582045e-11
533,6.389643004115591e-10,2.975542670162016e-11
534,6.37281975044737e-10,2.9127531204769785e-11
535,6.374700385608952e-10,2.882928296531483e-11
536,6.19985716949648e-10,2.7727035999514735e-11
537,6.028269785082262e-10,2.6752677528685977e-11
538,6.045540365945698e-10,2.695502009473863e-11
539,6.062167680254651e-10,2.715718745998559e-11
540,5.8679844982779e-10,2.6212392784894526e-11
541,5.681679132038835e-10,2.5882414744178718e-11
542,5.830192353706591e-10,2.8239212680294207e-11
543,6.149101837421785e-10,3.182270743978642e-11
544,6.307827210382418e-10,3.437831617701648e-11
545,6.19527004420721e-10,3.458312869886825e-11
546,6.140084350424566e-10,3.49743456321554e-11
547,6.298873790428444e-10,3.689843375967478e-11
548,6.332415823450629e-10,3.757104047339292e-11
549,6.10088008620906e-10,3.647754316376932e-11
550,6.000030704493886e-10,3.736985088056164e-11
551,6.207254447822376e-10,4.0275816748202297e-11
552,6.555534428198428e-10,4.3695192592417525e-11
553,6.660949195208447e-10,4.4581402091839095e-11
554,6.554174336249535e-10,4.252260842630505e-11
555,6.756045568464041e-10,4.275134457037062e-11
556,7.247325813422569e-10,4.559990300798396e-11
557,7.507104850003946e-10,4.6486139749042786e-11
558,7.138366623761745e-10,4.190665060115505e-11
559,6.577330205103004e-10,3.622092091291496e-11
560,6.382388907102528e-10,3.3962927324136023e-11
561,6.420916381606192e-10,3.348546216846249e-11
562,6.2768768636215e-10,3.148669816353176e-11
563,5.818881610143832e-10,2.7111722736830453e-11
564,5.509139966329313e-10,2.392780664250911e-11
565,5.668026841794568e-10,2.417241095417269e-11
566,6.006118598055209e-10,2.5766045305246548e-11
567,6.156332519715447e-10,2.667094434109577e-11
568,6.282968797364712e-10,2.8259798471003156e-11
569,6.620407760673694e-10,3.127304211886369e-11
570,7.043953268817823e-10,3.456739091875013e-11
571,7.023104780073306e-10,3.43158436432467e-11
572,6.756057242911911e-10,3.2611249267942136e-11
573,6.541173065022155e-10,3.052569307266263e-11
574,6.649191817034646e-10,3.0833624940124e-11
575,6.668597572454438e-10,3.092381524670963e-11
576,6.260043195477793e-10,2.8101514162800273e-11
577,5.738158589526527e-10,2.453856970223544e-11
578,5.439037608088955e-10,2.2532853278164814e-11
579,5.196804312938166e-10,2.084329503456672e-11
580,4.894146754494509e-10,1.9139123816202926e-11
581,4.68747488733333e-10,1.8554431732598218e-11
582,5.046889954781746e-10,2.2089287953121194e-11
583,5.902453117449598e-10,2.871531690008327e-11
584,6.910665939707202e-10,3.6607942718342415e-11
585,7.516239455155985e-10,4.150240726527789e-11
586,8.026501610134079e-10,4.614640318723085e-11
587,8.88296977725261e-10,5.434984519125871e-11
588,9.597636536243925e-10,6.090525431819551e-11
589,9.187259785449835e-10,5.60867509859381e-11
590,8.077286172454201e-10,4.576475720015146e-11
591,7.524631644424683e-10,4.12748747304099e-11
592,7.78505917069547e-10,4.329601081112497e-11
593,7.898604291364942e-10,4.327816486356628e-11
594,7.084809139060256e-10,3.565334021931197e-11
595,5.981609973273876e-10,2.6429933853850928e-11
596,5.559102255979876e-10,2.2701130574094567e-11
597,5.672402508628246e-10,2.2855100195617107e-11
598,5.541905106590716e-10,2.190731199870712e-11
599,5.122093022257196e-10,1.9853420257714228e-11
600,5.049536804790099e-10,2.026037333048436e-11
601,5.604916940164907e-10,2.4755900585187837e-11
602,6.187665152405883e-10,2.955462582428798e-11
603,6.139659687433365e-10,2.9756570603992316e-11
604,5.819397443710148e-10,2.7861131504858395e-11
605,6.049159740447663e-10,3.0494250841995915e-11
606,6.732419777892806e-10,3.737918319921551e-11
607,6.963652514035801e-10,4.1043947897396173e-11
608,6.531043711669382e-10,3.957078460372601e-11
609,6.219697293758573e-10,3.860972982996865e-11
610,6.51720947319306e-10,4.1736728431208136e-11
611,6.965790430587309e-10,4.5296017243198476e-11
612,6.679011442298086e-10,4.096612783978666e-11
613,5.854585646951091e-10,3.142671809608586e-11
614,5.488601826532693e-10,2.6346767141179564e-11
615,5.840431115559726e-10,2.735129996360884e-11
616,6.263029867328881e-10,2.944569800670895e-11
617,6.224939928247905e-10,2.916901996350151e-11
618,6.006766906716464e-10,2.82097267673138e-11
619,6.209398031035999e-10,3.041885186257728e-11
620,6.728160460162176e-10,3.49955608587125e-11
621,6.846908791889369e-10,3.6087484354377845e-11
622,6.487746470530759e-10,3.29511072883083e-11
623,6.167263622250763e-10,2.926443584902107e-11
624,6.232216286521322e-10,2.841796861776859e-11
625,6.243935838323567e-10,2.7549256330064356e-11
626,5.762152989787456e-10,2.3599946143741026e-11
627,5.19142409785658e-10,1.956525299195128e-11
628,4.907715567951329e-10,1.7388569953154186e-11
629,4.958435736150406e-10,1.7563000532390676e-11
630,5.090541020003117e-10,1.868186317130152e-11
631,5.292986053425261e-10,2.0524599863829444e-11
632,5.71832343104736e-10,2.372716778390306e-11
633,6.321367193324197e-10,2.818485477282313e-11
634,6.80741012387732e-10,3.2236019352811207e-11
635,6.790432846359936e-10,3.222137111340857e-11
636,6.424946604411311e-10,2.9120480010585893e-11
637,6.135253481192257e-10,2.6948844807405987e-11
638,6.02429406989836e-10,2.6960092410094733e-11
639,6.039049043536722e-10,2.8685205492522786e-11
640,6.035661816510415e-10,2.984085099938669e-11
641,5.943678154843053e-10,2.868602195844768e-11
642,5.782047693398235e-10,2.5898166483284002e-11
643,5.832195729326653e-10,2.5127195266828204e-11
644,6.129022069061046e-10,2.6782668488243566e-11
645,6.659078897503828e-10,3.095150354097872e-11
646,7.121499102460429e-10,3.5217008703216444e-11
647,7.338793916267367e-10,3.7701154293587645e-11
648,7.604993397846014e-10,4.11935211031328e-11
649,7.866803787812438e-10,4.4397368043949194e-11
650,7.852828791417333e-10,4.4164573918587685e-11
651,7.436561810997496e-10,3.9577961060679856e-11
652,6.822199323079325e-10,3.3056265611572835e-11
653,6.349949871013371e-10,2.8381927778849187e-11
654,5.914803044412706e-10,2.4491541656645385e-11
655,5.477625168444337e-10,2.121968834688101e-11
656,5.179495398488545e-10,1.945650267494855e-11
657,5.134767618372632e-10,1.9745357485605214e-11
658,5.230213002550414e-10,2.1470060595724097e-11
659,5.222596643491381e-10,2.2660429054094305e-11
660,5.03259283981618e-10,2.1604065821251226e-11
661,4.962478786700563e-10,2.0592264428892277e-11
662,5.114951519303975e-10,2.0966586761845674e-11
663,5.328555577754855e-10,2.2501942122945273e-11
664,5.504789556279399e-10,2.5512587192763722e-11
665,5.701467793917204e-10,3.0051508231737725e-11
666,5.84438943176019e-10,3.3503991712503844e-11
667,5.660587144022503e-10,3.2401482156288075e-11
668,5.213701587181122e-10,2.8213522537476516e-11
669,4.871742678380362e-10,2.4851219522637616e-11
670,4.900058282994885e-10,2.4780404700775777e-11
671,5.264810576326736e-10,2.789339756003584e-11
672,5.629392894251226e-10,3.143301464631597e-11
673,6.019708865133686e-10,3.536025016806286e-11
674,6.64393655981142e-10,4.111177037214255e-11
675,7.558821562590101e-10,5.00108070411707e-11
676,8.30084807007786e-10,5.8150708441954726e-11
677,8.56331987865034e-10,6.16564850289019e-11
678,8.515595116704775e-10,6.128157438487633e-11
679,8.484584458537204e-10,5.984005905086237e-11
680,8.130879892959365e-10,5.341811133120759e-11
681,7.239815353767052e-10,4.23768943469724e-11
682,6.104341872676175e-10,3.117168964482799e-11
683,5.301314333413798e-10,2.465060463167939e-11
684,5.117100036272093e-10,2.397194874726182e-11
685,5.18309984133231e-10,2.5291079566096853e-11
686,5.277772465372729e-10,2.641718189811262e-11
687,5.479236732529625e-10,2.7713621113628017e-11
688,6.103711056202917e-10,3.2001159246854666e-11
689,7.097168606269391e-10,3.978818283100211e-11
690,7.91220309294168e-10,4.7466755600563937e-11
691,8.314434472646145e-10,5.2624742134391135e-11
692,8.576034376286955e-10,5.6163330777057086e-11
693,8.74984332482198e-10,5.7580256239960406e-11
694,8.53814143281952e-10,5.538213433471425e-11
695,7.942324235832478e-10,5.1064686039202984e-11
696,7.541138409551611e-10,4.9746207502298135e-11
697,7.845526285668794e-10,5.538179001564074e-11
698,8.463123960038068e-10,6.234053001312964e-11
699,8.575759988488814e-10,6.123462940128189e-11
700,8.279857284849303e-10,5.536599289352669e-11
701,8.32907310154256e-10,5.347771759170146e-11
702,8.856420846897863e-10,5.661502845713326e-11
703,9.224675133713817e-10,5.888822371304865e-11
704,8.836245408840312e-10,5.4337479763658527e-11
705,8.124047746303443e-10,4.678638644422667e-11
706,7.700978688804883e-10,4.192668470058298e-11
707,7.426902069839668e-10,3.8461331961192164e-11
708,6.749551537107781e-10,3.1647922977756065e-11
709,5.84704547689032e-10,2.4063538678717806e-11
710,5.300393512468912e-10,1.9931144963231823e-11
711,5.258704407443671e-10,1.947010280300129e-11
712,5.420962572545503e-10,2.063205168990615e-11
713,5.420723906396777e-10,2.130425866056218e-11
714,5.367461720219282e-10,2.2297327556402446e-11
715,5.557565755222646e-10,2.53003054383314e-11
716,5.78627217386048e-10,2.7657471811514476e-11
717,5.599258454430781e-10,2.5531033150290306e-11
718,5.127183755663114e-10,2.1400509795806106e-11
719,5.054522039978813e-10,2.0975574942154183e-11
720,5.701442505644186e-10,2.682002500848185e-11
721,6.547873933346754e-10,3.5940922520001925e-11
722,6.798048821962265e-10,4.1604800589826676e-11
723,6.476302244602935e-10,4.1496234011560065e-11
724,6.414857455271993e-10,4.2214591312813674e-11
725,6.898909682840269e-10,4.71037405919215e-11
726,7.522869167741779e-10,5.545367329730458e-11
727,7.858032451743178e-10,6.340205664121097e-11
728,8.101347657242152e-10,6.921502664387238e-11
729,8.735050979748624e-10,7.760166157674813e-11
730,9.541363180145057e-10,8.620353115597999e-11
731,1.0161750514719832e-09,9.251808398411074e-11
732,1.057975286407962e-09,9.884728252783629e-11
733,1.0991923527793925e-09,1.0681733234107626e-10
734,1.1670247581313726e-09,1.1924103984418453e-10
735,1.2034384172170014e-09,1.247723332663294e-10
736,1.1861987970732118e-09,1.1866269694946018e-10
737,1.1351702765269086e-09,1.0563585347625268e-10
738,1.073106924956578e-09,9.163460711002969e-11
739,1.0107218345099914e-09,8.1074999269412e-11
740,9.497584290442235e-10,7.400707391429993e-11
741,9.192342176683855e-10,7.185602790055975e-11
742,8.939701026186451e-10,6.783429272766124e-11
743,8.485578592326874e-10,5.956991691550402e-11
744,7.983059652795606e-10,5.168069714901141e-11
745,7.893304100007524e-10,4.985646702067671e-11
746,8.723728248118123e-10,5.941018279869177e-11
747,1.0273009433349526e-09,7.843433160503153e-11
748,1.1277913576557382e-09,9.006935832725114e-11
749,1.1352374572516702e-09,8.93823319947938e-11
750,1.1413225896512655e-09,8.817422264364925e-11
751,1.2013124481188294e-09,9.297866302088397e-11
752,1.237637537862307e-09,9.67859415886176e-11
753,1.1755756342477715e-09,9.29606531850946e-11
754,1.0534210915236346e-09,8.244969034030798e-11
755,9.906119401052665e-10,7.622656677415274e-11
756,1.0031478287482136e-09,7.569326437642145e-11
757,1.004546526933381e-09,7.336471419895329e-11
758,9.581949708012729e-10,6.690828975645841e-11
759,9.247229745118385e-10,6.237826762759967e-11
760,9.78668787350235e-10,6.657442497695909e-11
761,1.079656830823696e-09,7.50066008843195e-11
762,1.124542745312284e-09,7.804281320112969e-11
763,1.0711329692704525e-09,7.181518463189386e-11
764,1.003130873441354e-09,6.46902341359432e-11
765,9.558020638606544e-10,5.880452863529024e-11
766,8.833002717232125e-10,5.03643310797666e-11
767,7.562168222716197e-10,3.8285977426774294e-11
768,6.202108998542095e-10,2.6698533871841078e-11
769,5.401939703054828e-10,2.0252527169911133e-11
770,5.146065437477105e-10,1.8179108531936233e-11
771,4.915599002632246e-10,1.6830331529680616e-11
772,4.6072236130232846e-10,1.5661018409771763e-11
773,4.399946883274144e-10,1.5121248546734928e-11
774,4.3982982955643865e-10,1.525854725319134e-11
775,4.5373866859147783e-10,1.600276579130558e-11
776,4.762935420870067e-10,1.7662354109135624e-11
777,5.33151967937948e-10,2.2797991730926676e-11
778,6.418261338826202e-10,3.421575317757312e-11
779,7.752178235593086e-10,5.104531539099622e-11
780,8.805192708753217e-10,6.715117456804031e-11
781,9.40475867817686e-10,7.717624575856732e-11
782,9.930253984597833e-10,8.418916754625084e-11
783,1.0530459322365922e-09,9.312222243926597e-11
784,1.104539559207121e-09,1.0543269437817005e-10
785,1.1244265958058686e-09,1.168519936396846e-10
786,1.1547856382004278e-09,1.292386708677139e-10
787,1.1967309828866696e-09,1.3799441685793428e-10
788,1.2265587773892425e-09,1.3919958646461562e-10
789,1.243181219001072e-09,1.3788583176292469e-10
790,1.3089417397103825e-09,1.4753966520471432e-10
791,1.4415567289874789e-09,1.6715863833651333e-10
792,1.630571493330209e-09,1.959683531291012e-10
793,1.7504398123052448e-09,2.1084160673192596e-10
794,1.756710161604622e-09,2.0382208482168026e-10
795,1.7153450487909107e-09,1.8919760537342744e-10
796,1.6416123406891181e-09,1.6989378185336545e-10
797,1.5295917614594066e-09,1.4939410182730846e-10
798,1.366999705306212e-09,1.262306973593228e-10
799,1.2173875697817813e-09,1.0591525725804513e-10
800,1.1519363764835639e-09,9.590563630544506e-11
801,1.1308195759277613e-09,8.963754643148834e-11
802,1.111042625461276e-09,8.43052001998345e-11
803,1.1071803106113343e-09,8.307169797284132e-11
804,1.1487422614161728e-09,8.794860434542298e-11
805,1.20737522347937e-09,9.407660413943646e-11
806,1.1970632422204402e-09,9.20843063991183e-11
807,1.1121988152729034e-09,8.271491844724001e-11
808,1.0510334641913367e-09,7.652871291551608e-11
809,1.03869800666434e-09,7.415079777439734e-11
810,1.0103123614272753e-09,6.92741533091431e-11
811,9.131506293959566e-10,5.8024715190584725e-11
812,8.239638738983177e-10,4.847658867623028e-11
813,7.878333273713789e-10,4.336587378839399e-11
814,7.891910563900528e-10,4.221413741476009e-11
815,7.635967425988751e-10,4.002571898075844e-11
816,7.242880156861669e-10,3.731303336161926e-11
817,7.291505143576046e-10,3.8153484954470804e-11
818,7.81476008870632e-10,4.282682872831079e-11
819,8.147447454360357e-10,4.5832923909924516e-11
820,7.766266415935171e-10,4.177424856590973e-11
821,7.488660828716154e-10,3.895421745362266e-11
822,7.693612640607101e-10,4.00861537610874e-11
823,7.893767335498864e-10,4.089078140340272e-11
824,7.364739659697185e-10,3.6093981295356624e-11
825,6.337220135454266e-10,2.8112160433316257e-11
826,5.657497007800714e-10,2.3170764824745507e-11
827,5.546862432796372e-10,2.247639852064061e-11
828,5.440781985256991e-10,2.206423712357093e-11
829,4.915987866487019e-10,1.9006152478067797e-11
830,4.4533667297577816e-10,1.638234900282493e-11
831,4.3869259952929563e-10,1.5779480094753015e-11
832,4.58741406357007e-10,1.6853801218587536e-11
833,4.666296762634251e-10,1.810001577409225e-11
834,4.734802159806554e-10,2.06269506058959e-11
835,5.281034347011137e-10,2.7598067392333906e-11
836,6.335371946077039e-10,3.887126896541349e-11
837,7.070806388858375e-10,4.6736022200501985e-11
838,7.267659783970713e-10,5.021171850961764e-11
839,7.82857296648316e-10,5.861324700178202e-11
840,9.505540729480408e-10,8.071506504955296e-11
841,1.1858896381968635e-09,1.147546646634439e-10
842,1.3171326491009142e-09,1.393109623303625e-10
843,1.3322225057584895e-09,1.4719488604033338e-10
844,1.3988369322284577e-09,1.5902961526237257e-10
845,1.585137194961652e-09,1.8773692359011086e-10
846,1.7640182585990577e-09,2.1991571407780706e-10
847,1.7964490790694143e-09,2.329158740608984e-10
848,1.7392274738644378e-09,2.2622162193144013e-10
849,1.7456472704637744e-09,2.2441170751238084e-10
850,1.826316945232366e-09,2.321565724311264e-10
851,1.9027051900731904e-09,2.4104798981158976e-10
852,1.8921543348892474e-09,2.344386561833767e-10
853,1.8917123734735736e-09,2.298210110745562e-10
854,1.924327823032194e-09,2.2680191262956515e-10
855,1.924628773271142e-09,2.1677092677406768e-10
856,1.8323318642036053e-09,1.95367302038267e-10
857,1.6809873495884357e-09,1.6832072490190438e-10
858,1.5603473572179297e-09,1.477710122566884e-10
859,1.4978823381512723e-09,1.3710682235146193e-10
860,1.4294240808706423e-09,1.2692978693296371e-10
861,1.3423035342653724e-09,1.155772260011519e-10
862,1.2856647131029383e-09,1.0834188531806004e-10
863,1.2967210119326463e-09,1.0882241928648253e-10
864,1.3277980242282871e-09,1.108401080861238e-10
865,1.309472158598909e-09,1.0664646997960302e-10
866,1.213619725178806e-09,9.306242922240678e-11
867,1.0896998101546925e-09,7.668392280740494e-11
868,9.910821543729864e-10,6.464797843850225e-11
869,9.041614369034494e-10,5.502231075141247e-11
870,8.180175059970587e-10,4.6483810950642333e-11
871,7.520668277543405e-10,4.05629602623481e-11
872,7.194350531781057e-10,3.7526077556109825e-11
873,7.106683159948755e-10,3.6122933670615305e-11
874,7.048222811547831e-10,3.484054902155097e-11
875,6.945158515631779e-10,3.337022967658587e-11
876,7.007745555379646e-10,3.3575368964299115e-11
877,7.369658003574936e-10,3.673675825845945e-11
878,7.676482776515341e-10,3.991487193975799e-11
879,7.516929722830439e-10,3.92536213413206e-11
880,6.993421469901428e-10,3.5348369405524424e-11
881,6.560528312590882e-10,3.168162241150295e-11
882,6.404151005175415e-10,2.983128342685624e-11
883,6.161540790048502e-10,2.723364016255204e-11
884,5.623437564448942e-10,2.303247024969051e-11
885,5.104511101480082e-10,1.9660682245465898e-11
886,4.980992857374545e-10,1.9018056697921245e-11
887,5.144287846491134e-10,2.0141110553483375e-11
888,5.085817552763621e-10,1.997943527697958e-11
889,4.791940759636563e-10,1.8925833493363292e-11
890,4.764345679240876e-10,2.031512747857646e-11
891,5.455613408110854e-10,2.7526405824130258e-11
892,6.633843454539477e-10,3.964489765936609e-11
893,7.492021329957705e-10,4.9107278811448437e-11
894,7.778767321022803e-10,5.2674167656050107e-11
895,8.278681539217655e-10,5.811288001442361e-11
896,9.582765974079488e-10,7.301383211277472e-11
897,1.1374873241419146e-09,9.678710278791223e-11
898,1.2908045687206018e-09,1.2277702441781154e-10
899,1.420990394869953e-09,1.4957586461315397e-10
900,1.5923294811099945e-09,1.8236566748750442e-10
901,1.7707291462961204e-09,2.125954121328468e-10
902,1.8761963853392695e-09,2.318957601582103e-10
903,1.9133936274693997e-09,2.4147584718052857e-10
904,1.974660012724593e-09,2.5102520419212165e-10
905,2.0607036826216203e-09,2.586832676274583e-10
906,2.02831852388912e-09,2.4482146086961315e-10
907,1.901849564148633e-09,2.2085106402942585e-10
908,1.836696676652359e-09,2.089085611863334e-10
909,1.9503811601364354e-09,2.262910151807648e-10
910,2.1184366802835282e-09,2.530264868437429e-10
911,2.146583407294549e-09,2.5694790011322307e-10
912,2.0132661407833063e-09,2.3033255176416835e-10
913,1.9020919409449405e-09,2.0409587983667326e-10
914,1.891005950235248e-09,1.94054724437127e-10
915,1.872103908148275e-09,1.859545017594931e-10
916,1.7542184375711864e-09,1.6745676064495986e-10
917,1.5846735350676743e-09,1.436673927216139e-10
918,1.4738067598545179e-09,1.286920626727019e-10
919,1.427938796302752e-09,1.2224804597109894e-10
920,1.3807611005523453e-09,1.1583695637327415e-10
921,1.3146162888204286e-09,1.074255385293657e-10
922,1.2663605820038294e-09,1.0029951098474997e-10
923,1.2379988845951234e-09,9.404721159400412e-11
924,1.1656513978411809e-09,8.24918811787167e-11
925,1.0465272981032799e-09,6.809478816766851e-11
926,9.470420118399412e-10,5.753014372345168e-11
927,8.809945684190289e-10,5.0338952810659554e-11
928,8.134032942874029e-10,4.3741700919623476e-11
929,7.152307129305653e-10,3.568398328462577e-11
930,6.216454374355428e-10,2.832377164733269e-11
931,5.982848351893157e-10,2.6404914520748353e-11
932,6.522396761335344e-10,3.0471888871054825e-11
933,7.256987246147077e-10,3.627788771271037e-11
934,7.740589689863707e-10,4.0189762775609867e-11
935,7.921368219808789e-10,4.1396434854412093e-11
936,8.087103845031964e-10,4.2580460970798945e-11
937,8.172259188821273e-10,4.329669967135257e-11
938,7.989495131944517e-10,4.2129017369194207e-11
939,7.479271664916154e-10,3.8430341893951375e-11
940,6.97325343184761e-10,3.5031955855312765e-11
941,6.566904597302322e-10,3.2275743696653724e-11
942,6.185603484235467e-10,2.945134081149984e-11
943,5.932972481350956e-10,2.775881966298156e-11
944,5.931196955190525e-10,2.805854884122704e-11
945,6.328584992369305e-10,3.1932949225960446e-11
946,6.924118560113493e-10,3.8520902151245074e-11
947,7.401006807372952e-10,4.5701237361411997e-11
948,7.68471934320336e-10,5.180093552110964e-11
949,7.978451480531981e-10,5.672815847222023e-11
950,8.444272168666186e-10,6.130766281120844e-11
951,8.848817453430156e-10,6.412331417757989e-11
952,9.118006860259429e-10,6.58346802621389e-11
953,9.504468940738455e-10,6.96635714291791e-11
954,1.012462596955958e-09,7.653039048291786e-11
955,1.0914982929298272e-09,8.634436310566025e-11
956,1.1522207061629592e-09,9.5128907141792e-11
957,1.1875550132464695e-09,1.0177622540682056e-10
958,1.243245839613048e-09,1.128570946499177e-10
959,1.3258899452967452e-09,1.2905228892507688e-10
960,1.4181730438678186e-09,1.4737417133429017e-10
961,1.4824514061206874e-09,1.5933495523746844e-10
962,1.4877023281134308e-09,1.5604246621422794e-10
963,1.463562727741743e-09,1.4486040926171126e-10
964,1.4227418730195666e-09,1.3120188377609048e-10
965,1.379894602893166e-09,1.2032923349794378e-10
966,1.3309001991378982e-09,1.1168335492438273e-10
967,1.2733571824720138e-09,1.0399188977209963e-10
968,1.1807725439217898e-09,9.164988770403089e-11
969,1.0615530238988206e-09,7.636024436868133e-11
970,9.474004279783339e-10,6.238175329665779e-11
971,8.837478059723178e-10,5.462620682488352e-11
972,8.593859124088636e-10,5.063828990252082e-11
973,8.487491351724566e-10,4.8263292640953593e-11
974,8.21423818655384e-10,4.4944275702497715e-11
975,7.988892845947028e-10,4.2716595601668897e-11
976,7.818131226475285e-10,4.0800204012627764e-11
977,7.638978674745617e-10,3.9019629204665063e-11
978,7.231925538192885e-10,3.56324251857373e-11
979,6.539945530224686e-10,2.982279608071684e-11
980,5.883896906622824e-10,2.4419952850870574e-11
981,5.383982700150761e-10,2.0430626614083956e-11
982,4.867195063903043e-10,1.6570310109756374e-11
983,4.2841690942518117e-10,1.2794787973291937e-11
984,3.7732822608364443e-10,9.935226038098682e-12
985,3.46562425240158e-10,8.37528039911197e-12
986,3.481775405594772e-10,8.508862180551054e-12
987,3.7091256350327284e-10,9.74571434497341e-12
988,3.997358847314032e-10,1.1371035679664508e-11
989,4.3515241302425956e-10,1.3520922340556757e-11
990,4.692991580155244e-10,1.5612144342718394e-11
991,4.923473286450626e-10,1.6889808966361623e-11
992,5.05296539586285e-10,1.7606944128575515e-11
993,4.957557628021105e-10,1.6890815961649556e-11
994,4.676010480923391e-10,1.513563098289349e-11
995,4.3803099386095645e-10,1.3538959394239414e-11
996,4.247582767253252e-10,1.3080706917687547e-11
997,4.311186180815027e-10,1.3775741628791027e-11
998,4.6072340521307253e-10,1.606627560906176e-11
999,4.941008624869673e-10,1.8738990608320442e-11
1000,5.398162982907687e-10,2.2678288480443767e-11
1001,6.122780649413443e-10,2.9181473845507316e-11
1002,6.958213976803049e-10,3.7167756400839695e-11
1003,7.618355840728464e-10,4.5166759905019104e-11
1004,7.81998660540053e-10,5.010266763309767e-11
1005,7.858826519955035e-10,5.36219181075565e-11
1006,8.024854660485505e-10,5.767037507129696e-11
1007,8.144566685029029e-10,5.98015775863591e-11
1008,7.773648945076917e-10,5.526975900748813e-11
1009,7.056503548376136e-10,4.66107648958867e-11
1010,6.500665444043456e-10,3.919654842028858e-11
1011,6.460429004645624e-10,3.6839094579556535e-11
1012,6.62924724657381e-10,3.6790160199940144e-11
1013,6.60669462060683e-10,3.588817502909433e-11
1014,6.425659709406057e-10,3.476608323691997e-11
1015,6.566181280028165e-10,3.74441805538738e-11
1016,7.135492672613047e-10,4.467738903959956e-11
1017,7.956239826598367e-10,5.613672996829287e-11
1018,8.732553993851514e-10,6.9038700994348e-11
1019,9.289987507646705e-10,7.775713333899489e-11
1020,9.860223169759785e-10,8.297125335954932e-11
1021,1.0305430587158447e-09,8.488290261476613e-11
1022,1.0247940764026454e-09,8.006213159232734e-11
1023,9.643582907395193e-10,6.991390609195419e-11
1024,8.710641168665614e-10,5.7708853261475376e-11
1025,7.629501328077016e-10,4.5100393496171106e-11
1026,6.444738852102723e-10,3.2828583150921075e-11
1027,5.491718364827216e-10,2.4210699403755942e-11
1028,4.99257218267646e-10,1.996203519469648e-11
1029,4.929802648081934e-10,1.9070371367731477e-11
1030,5.016013022680373e-10,1.9352701619440562e-11
1031,5.050184427257807e-10,1.940031302208788e-11
1032,5.060101143350611e-10,1.905183719752257e-11
1033,5.201793139011802e-10,1.9336288605164684e-11
1034,5.362591016765614e-10,1.9946926761601248e-11
1035,5.207916894595071e-10,1.8864081636618653e-11
1036,4.705667931351175e-10,1.5849158023133926e-11
1037,4.2257421497184616e-10,1.3121818586331737e-11
1038,3.976563455445008e-10,1.1619157341543506e-11
1039,3.8477532716858917e-10,1.0754588974204624e-11
1040,3.661398740357284e-10,9.675048844208111e-12
1041,3.517976363011197e-10,8.873673742760853e-12
1042,3.5109730569553156e-10,8.65985275374642e-12
1043,3.599485669587699e-10,8.929000472560054e-12
1044,3.6263947136877026e-10,9.057483189238842e-12
1045,3.652296336500746e-10,9.338267673036576e-12
1046,3.8111903716475805e-10,1.025646855492235e-11
1047,4.0933410426505494e-10,1.1859294402914847e-11
1048,4.2589221886041775e-10,1.298389352202297e-11
1049,4.2150842088904935e-10,1.2893387634502405e-11
1050,4.2228889103079677e-10,1.2959118734898243e-11
1051,4.469010283524031e-10,1.4315224073816025e-11
1052,4.838390768291311e-10,1.6756919786315445e-11
1053,5.11616186546417e-10,1.951353352459587e-11
1054,5.446787880214937e-10,2.3891213892279504e-11
1055,5.943890834176653e-10,3.0339795010338084e-11
1056,6.60216695184748e-10,3.824826897410213e-11
1057,7.02422389410359e-10,4.326429092001053e-11
1058,7.149584656249072e-10,4.4695497324433565e-11
1059,7.409974827158704e-10,4.706331287736421e-11
1060,7.991014698927025e-10,5.1788256499043774e-11
1061,8.530771669182989e-10,5.573830919213139e-11
1062,8.494818543252964e-10,5.4222846784617746e-11
1063,8.054358794256907e-10,4.96324711243079e-11
1064,7.794531789623442e-10,4.751296651194287e-11
1065,7.813613013288007e-10,4.8530767111056425e-11
1066,7.765043835596349e-10,4.965520878955765e-11
1067,7.411440639005715e-10,4.767047406263593e-11
1068,7.106378888758833e-10,4.496584323466924e-11
1069,7.089176671593416e-10,4.38551843166324e-11
1070,7.205441566033264e-10,4.400080383027473e-11
1071,7.101737201507265e-10,4.288698911903791e-11
1072,6.885588462718332e-10,4.1876546695142364e-11
1073,6.808376385163937e-10,4.2467149412160084e-11
1074,6.785140384869974e-10,4.3305779486954916e-11
1075,6.523378797814132e-10,4.2227456675039994e-11
1076,6.090288961661712e-10,3.9733537436118106e-11
1077,5.668138103379099e-10,3.571206935531313e-11
1078,5.627227532893614e-10,3.4532719617039e-11
1079,5.690089960462001e-10,3.356217452209105e-11
1080,5.711387768718521e-10,3.2423598510900795e-11
1081,5.654432338365993e-10,3.097023224851157e-11
1082,5.53339022818264e-10,2.8642230269814896e-11
1083,5.315381942629655e-10,2.5259449269902546e-11
1084,4.932553814062485e-10,2.105526219532828e-11
1085,4.515873422873316e-10,1.7205414692979567e-11
1086,4.215613732697963e-10,1.4518824277932561e-11
1087,4.093600216665557e-10,1.3213702689857034e-11
1088,3.9324417300547e-10,1.1707846751613253e-11
1089,3.6973461752215e-10,9.954448599384488e-12
1090,3.537182051955812e-10,8.863742128716131e-12
1091,3.63556506993707e-10,9.292472019189593e-12
1092,3.8592088252595026e-10,1.0508473768202706e-11
1093,4.0214331051989747e-10,1.16257028345719e-11
1094,4.0203181342060334e-10,1.1860383049223468e-11
1095,3.9779555584073853e-10,1.1573772097497292e-11
1096,4.0795860122523665e-10,1.1895373022886088e-11
1097,4.24085715394059e-10,1.2532784051434046e-11
1098,4.283383925945516e-10,1.2600376432635446e-11
1099,4.260165343978419e-10,1.247700308738863e-11
1100,4.328104258687119e-10,1.2979058730455247e-11
1101,4.4776122764678077e-10,1.3890297383103668e-11
1102,4.6487414500055874e-10,1.5066757450037433e-11
1103,4.729166520562562e-10,1.5812130074942648e-11
1104,4.789821453685003e-10,1.6412381963386495e-11
1105,4.878211747910465e-10,1.700492419004642e-11
1106,4.962913321427092e-10,1.738302312601895e-11
1107,4.987072903083021e-10,1.735785180973282e-11
1108,5.086905726020527e-10,1.80153658491653e-11
1109,5.42090583656166e-10,2.0504901140236045e-11
1110,6.010329566850929e-10,2.5230183520553566e-11
1111,6.541376976983813e-10,2.981118556094231e-11
1112,6.901347307002157e-10,3.3385169530826314e-11
1113,7.357479775035535e-10,3.813347505177704e-11
1114,8.071961449978257e-10,4.516672013985487e-11
1115,8.827669618527732e-10,5.2630158440514936e-11
1116,9.068170374703953e-10,5.522116119895759e-11
1117,8.740296146040343e-10,5.238182089563504e-11
1118,8.396808674078014e-10,4.921142392419795e-11
1119,8.558356776371954e-10,5.09963577991122e-11
1120,8.983306067791618e-10,5.548069494406249e-11
1121,9.213620652614962e-10,5.865482737149718e-11
1122,9.300637487413589e-10,6.09282257645446e-11
1123,9.718205477060162e-10,6.624720783047726e-11
1124,1.0446519542289436e-09,7.358828241575476e-11
1125,1.085373454811758e-09,7.681749550493309e-11
1126,1.0394571673989856e-09,7.131226613579074e-11
1127,9.689358804327993e-10,6.480572028725352e-11
1128,9.474954639202634e-10,6.437012251648337e-11
1129,9.482281710008168e-10,6.577383771199242e-11
1130,9.090573984170028e-10,6.285203288116435e-11
1131,8.355588248979372e-10,5.629782614017683e-11
1132,7.864544341358911e-10,5.174999433311892e-11
1133,7.937893099943636e-10,5.341781434897867e-11
1134,8.112302032185859e-10,5.656849127583499e-11
1135,7.716541548380337e-10,5.216870123949656e-11
1136,6.948721599211915e-10,4.185653490914251e-11
1137,6.315321867950283e-10,3.26646006180746e-11
1138,5.963757385011098e-10,2.7389739528427238e-11
1139,5.520668603552301e-10,2.2953102977117305e-11
1140,4.88150952907413e-10,1.8104770286470073e-11
1141,4.318511947106189e-10,1.4262326673793857e-11
1142,4.1252296678567926e-10,1.282241138929219e-11
1143,4.17798542539456e-10,1.2842778137717536e-11
1144,4.320913763065048e-10,1.3659806859282958e-11
1145,4.2663936973301544e-10,1.319860528124909e-11
1146,4.235430819818501e-10,1.2893117108304336e-11
1147,4.424348215003066e-10,1.3993729740654747e-11
1148,4.706560727037275e-10,1.5749307786539967e-11
1149,4.758842143469317e-10,1.6051005844075887e-11
1150,4.492211503933206e-10,1.4425417847194029e-11
1151,4.2649312275765357e-10,1.3180957094948734e-11
1152,4.2862962178216907e-10,1.3294600779596424e-11
1153,4.432043320004849e-10,1.4065171085389896e-11
1154,4.487633783465272e-10,1.4408543231067333e-11
1155,4.387198562967671e-10,1.386453040609792e-11
1156,4.3285882549757905e-10,1.35410662297425e-11
1157,4.4367205693000017e-10,1.4192163570231248e-11
1158,4.642775596592722e-10,1.5510985887789913e-11
1159,4.810184717899685e-10,1.671112582281681e-11
1160,4.984383551862242e-10,1.8109096810137788e-11
1161,5.084327744368831e-10,1.9004086241522505e-11
1162,5.210639753376213e-10,2.0172932362372704e-11
1163,5.419634769306711e-10,2.1833019759572784e-11
1164,5.791181775797685e-10,2.4397766119754195e-11
1165,6.223584893760263e-10,2.7124944067834846e-11
1166,6.516793767556524e-10,2.8924713634456553e-11
1167,6.730410502647202e-10,3.0640614678002295e-11
1168,7.004357116566528e-10,3.3132018264356967e-11
1169,7.445802749951735e-10,3.731218620641299e-11
1170,8.015001289275097e-10,4.3395787565469156e-11
1171,8.546069439793091e-10,4.9794146671307027e-11
1172,8.897182233576166e-10,5.4065075214122184e-11
1173,9.230359410912203e-10,5.7531470516699904e-11
1174,9.586071540719841e-10,6.064966147561698e-11
1175,9.95581931334295e-10,6.34602266882212e-11
1176,1.0419187614943985e-09,6.751855132088807e-11
1177,1.0702019225680922e-09,7.004523944740844e-11
1178,1.0704505275427295e-09,7.058774701581879e-11
1179,1.0501987825336005e-09,6.976480563277474e-11
1180,1.0160707781042651e-09,6.726221714889054e-11
1181,9.77250043279836e-10,6.369873647270391e-11
1182,9.15314673328838e-10,5.709092942888344e-11
1183,8.670235160332398e-10,5.2251196036772314e-11
1184,8.588632206604499e-10,5.123239484192845e-11
1185,9.025947717050138e-10,5.510893649034707e-11
1186,9.49404713102935e-10,5.931862263976108e-11
1187,9.557426563438213e-10,6.004265552149667e-11
1188,9.185714045153625e-10,5.6694420152759275e-11
1189,8.685872143277162e-10,5.221109482455022e-11
1190,8.31000079491224e-10,4.9293830305538e-11
1191,7.951112405606234e-10,4.659443423506841e-11
1192,7.381624766787157e-10,4.1421376122641595e-11
1193,6.60628287747459e-10,3.3943975653371414e-11
1194,5.866392070982267e-10,2.7115754614349956e-11
1195,5.483061645299114e-10,2.3608480651488705e-11
1196,5.331035486992325e-10,2.1801638667113584e-11
1197,5.107118363642957e-10,1.9701314944515126e-11
1198,4.668052865792933e-10,1.6639096372628864e-11
1199,4.363545355272859e-10,1.4759943033607093e-11
1200,4.490553140626081e-10,1.548368272070216e-11
1201,4.922985412425983e-10,1.808720081984528e-11
1202,5.208661289200696e-10,1.9936188238029187e-11
1203,5.140975308953313e-10,1.9519223060080743e-11
1204,5.16495453946259e-10,1.9790582562945182e-11
1205,5.422290994964468e-10,2.1458661879064378e-11
1206,5.553492320370153e-10,2.224266729498209e-11
1207,5.321458288884704e-10,2.0886797805867277e-11
1208,4.934867342985931e-10,1.8490461275551792e-11
1209,4.884177563644611e-10,1.8207251207876227e-11
1210,5.163605190317317e-10,2.0029580817786504e-11
1211,5.306502530197692e-10,2.089798747392794e-11
1212,5.262103290295958e-10,2.0596682617609244e-11
1213,5.309874159909882e-10,2.083340424915114e-11
1214,5.717261385196643e-10,2.352832947370673e-11
1215,6.083212998109909e-10,2.5891856982614647e-11
1216,5.987550967359706e-10,2.5123620014196244e-11
1217,5.639484697893917e-10,2.2893673085827597e-11
1218,5.490224947248524e-10,2.1927962198465075e-11
1219,5.68146591564147e-10,2.324461891810324e-11
1220,5.808286106159757e-10,2.4129857838818572e-11
1221,5.581706434638375e-10,2.252107264699645e-11
1222,5.400199410771951e-10,2.1352247100188042e-11
1223,5.712036009589046e-10,2.3677349513836015e-11
1224,6.597017817819092e-10,3.05839636266421e-11
1225,7.542281883740996e-10,3.87412506413544e-11
1226,8.164219607839164e-10,4.494908259867828e-11
1227,8.808448336869823e-10,5.1968663041557353e-11
1228,9.918529252880031e-10,6.380771358295444e-11
1229,1.1040378981004267e-09,7.577632894190256e-11
1230,1.1546135464658573e-09,8.198316508021997e-11
1231,1.1720998537027806e-09,8.544897274325983e-11
1232,1.2346155464973162e-09,9.331774475156711e-11
1233,1.3271999824115804e-09,1.0338058391111063e-10
1234,1.3496402644359004e-09,1.0568112140045548e-10
1235,1.2971792199448983e-09,1.0064303495256163e-10
1236,1.2548787692140246e-09,9.603145511131363e-11
1237,1.2826787241990548e-09,9.865015643919239e-11
1238,1.289559111985274e-09,9.87845230003739e-11
1239,1.1973194580824134e-09,8.808766476250053e-11
1240,1.098601596465128e-09,7.742336671802227e-11
1241,1.0840753409186589e-09,7.532566536133825e-11
1242,1.1365326431784973e-09,8.02591489062909e-11
1243,1.1546064417112504e-09,8.237991351136672e-11
1244,1.108621483331149e-09,7.823612208964999e-11
1245,1.0940850046787579e-09,7.758417904790363e-11
1246,1.164140257144427e-09,8.577681524878896e-11
1247,1.2598957925593444e-09,9.715689481516764e-11
1248,1.2657446734348341e-09,9.8581895896648e-11
1249,1.193196106098945e-09,9.158260265767544e-11
1250,1.1385537508297245e-09,8.654795646222051e-11
1251,1.1375327007632674e-09,8.680135702904108e-11
1252,1.1209322444722488e-09,8.387709201164488e-11
1253,1.0481272822075183e-09,7.414693580610216e-11
1254,9.7627108831432e-10,6.514360828538341e-11
1255,9.375471817747205e-10,5.946867010479367e-11
1256,9.194001250131421e-10,5.6283844697560035e-11
1257,8.817796825207751e-10,5.2100964572504795e-11
1258,8.431785815430014e-10,4.84570779698508e-11
1259,8.456091651610147e-10,4.846756924345425e-11
1260,9.127619877195818e-10,5.506182461773778e-11
1261,9.76078361392685e-10,6.163557094536945e-11
1262,9.776300921342764e-10,6.197298048504477e-11
1263,9.47668524553796e-10,5.913365061536118e-11
1264,9.368031899030921e-10,5.769968791281437e-11
1265,9.513202529226784e-10,5.829366450342257e-11
1266,9.618790823346216e-10,5.904537345398698e-11
1267,9.321785254366702e-10,5.6423167758685725e-11
1268,8.759235087951168e-10,5.168071229744116e-11
1269,8.393361241342625e-10,4.9444198616575465e-11
1270,8.226179764695028e-10,4.866491911601136e-11
1271,7.96306220928138e-10,4.590821934900155e-11
1272,7.607077807885804e-10,4.2100919415616294e-11
1273,7.319933544237462e-10,3.9024271548483426e-11
1274,7.394620399369478e-10,3.91937330568521e-11
1275,7.629108854821806e-10,4.0497784157784614e-11
1276,7.679695193478239e-10,4.0371599818497514e-11
1277,7.517487121222225e-10,3.9047404825444765e-11
1278,7.49727435581591e-10,3.9247327824755935e-11
1279,7.923741408364785e-10,4.356412178523309e-11
1280,8.408288254387492e-10,4.851618300036145e-11
1281,8.665685457202974e-10,5.175528264598605e-11
1282,9.087672737557137e-10,5.716029660620465e-11
1283,1.0449384156857753e-09,7.299363946332383e-11
1284,1.2708200907644366e-09,1.0049093217253267e-10
1285,1.4744765639808353e-09,1.2821522593623548e-10
1286,1.5740009747973108e-09,1.447857648927135e-10
1287,1.6138479929910004e-09,1.5171535228655118e-10
1288,1.704390005710526e-09,1.6384333426716623e-10
1289,1.837986631965607e-09,1.825918687598405e-10
1290,1.8820327575197083e-09,1.8850560556072471e-10
1291,1.8459846516113488e-09,1.8437375187741305e-10
1292,1.799844029550395e-09,1.7715706321532789e-10
1293,1.7986478003783085e-09,1.7469624082693169e-10
1294,1.8031658871891249e-09,1.7360418048809023e-10
1295,1.7463016702234282e-09,1.6471879042219437e-10
1296,1.6579966660843041e-09,1.5198844855228256e-10
1297,1.588443663097561e-09,1.4143983635349906e-10
1298,1.5610890976130413e-09,1.3696129791622514e-10
1299,1.508586638337521e-09,1.288995107587833e-10
1300,1.4176757679507169e-09,1.1668271407475808e-10
1301,1.350221998085136e-09,1.0881610785426269e-10
1302,1.3309556116764199e-09,1.066064829370875e-10
1303,1.339821684896197e-09,1.0760746224047214e-10
1304,1.3026933705751795e-09,1.0293200831593204e-10
1305,1.2119757674376008e-09,9.182860828350212e-11
1306,1.1511443977976436e-09,8.455265837180895e-11
1307,1.1492441299940983e-09,8.342125015152891e-11
1308,1.1731119476206246e-09,8.512690133718042e-11
1309,1.1820064605648993e-09,8.599209682442774e-11
1310,1.1777531274890048e-09,8.560103912073312e-11
1311,1.1912038040345397e-09,8.671259834532023e-11
1312,1.2097029985628603e-09,8.817430195224032e-11
1313,1.1970679798898822e-09,8.668260734830107e-11
1314,1.173703374833566e-09,8.478409632149922e-11
1315,1.1744981198728418e-09,8.514003089558216e-11
1316,1.2053278154518769e-09,8.8198143608052e-11
1317,1.215398173423419e-09,8.889513900947945e-11
1318,1.1811008474250807e-09,8.477249374330037e-11
1319,1.1133884680278929e-09,7.653349738030791e-11
1320,1.056284999157821e-09,6.98518222230589e-11
1321,9.994261319806646e-10,6.368064599036796e-11
1322,9.341551736850863e-10,5.7085481598422524e-11
1323,8.866418953456336e-10,5.273153203220936e-11
1324,8.726900275830541e-10,5.14243735517788e-11
1325,8.710760437899017e-10,5.0555235163960316e-11
1326,8.638569301560648e-10,4.915324365163265e-11
1327,8.387433077111568e-10,4.645307168415827e-11
1328,8.143383357121412e-10,4.4181740196912276e-11
1329,7.9363464004378e-10,4.2212898569409686e-11
1330,7.907690773384932e-10,4.2334176388015114e-11
1331,7.944393658077926e-10,4.347622970683271e-11
1332,7.906989467937021e-10,4.40145822457592e-11
1333,7.833123486154455e-10,4.44057908416745e-11
1334,7.736043089460028e-10,4.3943847351636026e-11
1335,7.782870350991383e-10,4.399207619300234e-11
1336,8.050610173677018e-10,4.5816071024242005e-11
1337,8.473590180626666e-10,4.963440300185722e-11
1338,8.90885215721779e-10,5.4405441293426704e-11
1339,9.361133071471693e-10,6.005683382046036e-11
1340,9.691003729163356e-10,6.450448332794162e-11
1341,1.013832082144571e-09,7.09364392077132e-11
1342,1.100817127379783e-09,8.33592373235098e-11
1343,1.2298136764160816e-09,1.0128685026340901e-10
1344,1.3781164913551668e-09,1.2276287107128785e-10
1345,1.5007471686029796e-09,1.4169612187344587e-10
1346,1.60865792242643e-09,1.5832625411017054e-10
1347,1.71621059407152e-09,1.7224707639200112e-10
1348,1.8095185398016866e-09,1.828706011123256e-10
1349,1.8458619839643876e-09,1.8699843253772176e-10
1350,1.8520937920595624e-09,1.8922192703550184e-10
1351,1.8534273086645728e-09,1.8982236279443086e-10
1352,1.8346769135000247e-09,1.8553844290206833e-10
1353,1.7204369661490775e-09,1.66487970707698e-10
1354,1.5655502270308933e-09,1.4404989395674366e-10
1355,1.4917294577308244e-09,1.3380799304345208e-10
1356,1.5076079217723744e-09,1.3408224676904507e-10
1357,1.4888375051480392e-09,1.2863213902343018e-10
1358,1.349028426717503e-09,1.0939101053908651e-10
1359,1.1874965605745037e-09,8.98380233399573e-11
1360,1.1156524684868615e-09,8.067509162866178e-11
1361,1.1191185247817607e-09,7.972893210892151e-11
1362,1.0885894576795006e-09,7.618081104306328e-11
1363,1.0003366301420291e-09,6.799758866318695e-11
1364,9.305611190793409e-10,6.140967891422882e-11
1365,9.419612935399716e-10,6.204545716185037e-11
1366,9.861091651728716e-10,6.535356712400074e-11
1367,9.965790765996416e-10,6.572509821672103e-11
1368,9.883000016329912e-10,6.4564651175118e-11
1369,1.029081478640896e-09,6.844611890554543e-11
1370,1.0917662837693243e-09,7.407193421322691e-11
1371,1.1106836052201022e-09,7.603175867648529e-11
1372,1.0658704864867506e-09,7.207704563102623e-11
1373,1.0310925273993643e-09,6.897991565071278e-11
1374,1.0310614285467205e-09,6.862307609301876e-11
1375,1.01672402782113e-09,6.681395073059256e-11
1376,9.434361040041522e-10,5.924926188646835e-11
1377,8.484137545600549e-10,4.9492171263627813e-11
1378,8.116125110874974e-10,4.5323768183675367e-11
1379,8.158682922687401e-10,4.4846750946063886e-11
1380,8.008946191189307e-10,4.287942407486569e-11
1381,7.428862317828502e-10,3.765663227024106e-11
1382,7.002370566929064e-10,3.420288282008146e-11
1383,6.873356930065095e-10,3.3053959836980023e-11
1384,6.812734335180293e-10,3.243673016190456e-11
1385,6.501525639291605e-10,2.9912300765250757e-11
1386,6.018135383245659e-10,2.597999356550157e-11
1387,5.881730136457751e-10,2.475426567319809e-11
1388,6.161719352403448e-10,2.6775927123341274e-11
1389,6.400903679178641e-10,2.8642807049641337e-11
1390,6.170072050961336e-10,2.6981351481730522e-11
1391,5.794633931781387e-10,2.4409389451693382e-11
1392,5.698990842919616e-10,2.380295034218795e-11
1393,6.058111975835781e-10,2.6611462249298533e-11
1394,6.60699109447407e-10,3.158076572432317e-11
1395,7.090506594155747e-10,3.699274516471453e-11
1396,7.685718319762143e-10,4.387787481266408e-11
1397,8.643269281491806e-10,5.400595295155783e-11
1398,9.933556652551743e-10,6.792009027136575e-11
1399,1.103182459305189e-09,8.10326323079748e-11
1400,1.175525084094482e-09,9.156414139508771e-11
1401,1.2656770232549978e-09,1.0574801059525341e-10
1402,1.3946513581950876e-09,1.2526931561745548e-10
1403,1.5279417748856867e-09,1.453455025594444e-10
1404,1.6111209888279746e-09,1.583064337086774e-10
1405,1.65550605800219e-09,1.650158525083974e-10
1406,1.7262619939491527e-09,1.7524980503180111e-10
1407,1.8053638049203652e-09,1.8573398460174527e-10
1408,1.8472908362479267e-09,1.9148335085125974e-10
1409,1.810801489742561e-09,1.850209634421386e-10
1410,1.7588899633351829e-09,1.7602087834345336e-10
1411,1.6953296302896571e-09,1.64253565592681e-10
1412,1.5810734422005496e-09,1.459190360003069e-10
1413,1.4171369261289082e-09,1.2301482827669005e-10
1414,1.3057207197863697e-09,1.0946734678803154e-10
1415,1.2866052104926474e-09,1.0697999193749842e-10
1416,1.2666942376470388e-09,1.0224607708264537e-10
1417,1.1572285258696937e-09,8.724447476563831e-11
1418,1.039675736382654e-09,7.360100524734441e-11
1419,1.0024949897718942e-09,6.844200643706932e-11
1420,1.0479647498000182e-09,7.186888227042021e-11
1421,1.0437117853238566e-09,7.080964004515126e-11
1422,9.67234753016294e-10,6.389220655822338e-11
1423,9.03040879179667e-10,5.7537181617336094e-11
1424,9.242246970348236e-10,5.885894229901072e-11
1425,9.596230422696266e-10,6.151051169423478e-11
1426,9.282361270753299e-10,5.843489875294106e-11
1427,8.938935913843485e-10,5.581462951071144e-11
1428,9.407135521524144e-10,6.040166396246952e-11
1429,1.0413554925734343e-09,6.954054689808154e-11
1430,1.0695984666186946e-09,7.156263412109086e-11
1431,9.897821050714538e-10,6.321608120878206e-11
1432,9.136530245051514e-10,5.545954001451781e-11
1433,9.154731297027405e-10,5.514996027650552e-11
1434,9.176108428088151e-10,5.469659701799993e-11
1435,8.353947341941132e-10,4.681645177412793e-11
1436,7.143358225871052e-10,3.63516122183779e-11
1437,6.472754005958319e-10,3.0575606986486043e-11
1438,6.442327296813307e-10,2.943535237993731e-11
1439,6.437325131333479e-10,2.8525298218796724e-11
1440,6.090056970638692e-10,2.5832831785363148e-11
1441,5.75708742273081e-10,2.356099405695386e-11
1442,5.86101354391451e-10,2.4226793390911977e-11
1443,6.155107346155958e-10,2.6168109799269554e-11
1444,6.170270820467698e-10,2.6399728885149012e-11
1445,5.953977042377671e-10,2.5210100827041325e-11
1446,5.77115513179373e-10,2.4070528091909833e-11
1447,5.660178114408287e-10,2.31060675442863e-11
1448,5.396446070536082e-10,2.107721792365082e-11
1449,5.055020789019272e-10,1.874635389888441e-11
1450,5.123292608008406e-10,1.9284000278749555e-11
1451,5.822128418343423e-10,2.4464562548090125e-11
1452,6.708274423837083e-10,3.189686010269153e-11
1453,7.404252424786946e-10,3.894134892952088e-11
1454,7.983807335114975e-10,4.516557273781638e-11
1455,9.051800463125563e-10,5.57311265981711e-11
1456,1.0649984226315663e-09,7.26579739048896e-11
1457,1.2056342631171518e-09,8.985383809688991e-11
1458,1.2840064032031617e-09,1.0217327057504204e-10
1459,1.3655777587812427e-09,1.1632472203961843e-10
1460,1.4833531016013048e-09,1.345792791074971e-10
1461,1.5742574166917602e-09,1.4883231180120788e-10
1462,1.5946678106730332e-09,1.5493899563721619e-10
1463,1.5488261190621432e-09,1.4959571600937086e-10
1464,1.5289691088655854e-09,1.4544984713217645e-10
1465,1.5188653957182138e-09,1.4095341485686935e-10
1466,1.466057657083814e-09,1.3132057578977953e-10
1467,1.408779851491986e-09,1.2333260546188667e-10
1468,1.3830695868633802e-09,1.1945425815139654e-10
1469,1.3794433473319696e-09,1.1806876627879242e-10
1470,1.3303094826292495e-09,1.1158985279830308e-10
1471,1.2134538479642682e-09,9.647545885046086e-11
1472,1.1181517604812097e-09,8.435774734769784e-11
1473,1.096447172000385e-09,8.103548824735928e-11
1474,1.0945664285627847e-09,7.980459211267508e-11
1475,1.0881029670101854e-09,7.99200329847088e-11
1476,1.0743517631823488e-09,7.98757019308635e-11
1477,1.1052805226993095e-09,8.450519018153797e-11
1478,1.154442620076063e-09,8.992012802768609e-11
1479,1.1514821048033204e-09,8.88034853874547e-11
1480,1.0821639211551122e-09,8.006712568300227e-11
1481,9.871720106705503e-10,6.744726737190375e-11
1482,9.192516379033646e-10,5.810313090305554e-11
1483,8.66548269534396e-10,5.1402297320487754e-11
1484,7.90974845084353e-10,4.336914504963184e-11
1485,7.06957502027197e-10,3.5422982429638516e-11
1486,6.518301435956337e-10,3.070764109000399e-11
1487,6.355007514712373e-10,2.9304075134716455e-11
1488,6.295443673565515e-10,2.853508630633466e-11
1489,6.100548812851117e-10,2.6683700449399913e-11
1490,5.931680065244749e-10,2.5185146431576346e-11
1491,6.05050619408631e-10,2.5770777368007845e-11
1492,6.424948232574725e-10,2.81079167865235e-11
1493,6.615564890493941e-10,2.927851378023662e-11
1494,6.526068821924187e-10,2.8814696273995734e-11
1495,6.458450092212399e-10,2.8604917243168183e-11
1496,6.551880722742919e-10,2.936330980264277e-11
1497,6.461387302884728e-10,2.8552755815443768e-11
1498,5.998383267727474e-10,2.5135265914552528e-11
1499,5.554580631740633e-10,2.18803501242883e-11
1500,5.529149545170741e-10,2.1358699823962305e-11
1501,5.556750973327887e-10,2.0993331681065093e-11
1502,5.224381335380369e-10,1.874868132617235e-11
1503,4.746600628369912e-10,1.6082872545223804e-11
1504,4.676567703508112e-10,1.5909499664666646e-11
1505,5.158837829725348e-10,1.9251659209254215e-11
1506,5.653832511388108e-10,2.3185422504186807e-11
1507,6.075733344658781e-10,2.7480254412361765e-11
1508,6.700629629546951e-10,3.338750064478411e-11
1509,7.843573159818114e-10,4.348234145607079e-11
1510,8.983627797591118e-10,5.4035662246297556e-11
1511,9.423897770255193e-10,5.879055867379458e-11
1512,9.209632496539394e-10,5.673425688529819e-11
1513,9.375281109600207e-10,5.881232573568874e-11
1514,9.873340403186001e-10,6.491454947012409e-11
1515,1.035064924855438e-09,7.24626930685012e-11
1516,1.0567528815501781e-09,7.815183284207445e-11
1517,1.0905430718057335e-09,8.473424106338217e-11
1518,1.1512162083601326e-09,9.322769122626987e-11
1519,1.2057373476500256e-09,1.0057904265102792e-10
1520,1.2415882695545237e-09,1.060677136379212e-10
1521,1.2494139980540741e-09,1.0644094494919479e-10
1522,1.2595891462772374e-09,1.0623697956555324e-10
1523,1.254759403813546e-09,1.0399180184084231e-10
1524,1.2133391604243844e-09,9.807108534388526e-11
1525,1.1629668063973088e-09,9.263549823156923e-11
1526,1.1264409390396282e-09,8.893409271358024e-11
1527,1.0755980994200555e-09,8.230531614678438e-11
1528,9.92079864304036e-10,7.209756156798131e-11
1529,9.143277674087584e-10,6.333932381557752e-11
1530,9.05134338761129e-10,6.236208730569439e-11
1531,9.541410263573983e-10,6.747311222105844e-11
1532,1.0145345621271672e-09,7.542716669622246e-11
1533,1.0318294941532285e-09,7.974784482548936e-11
1534,1.0438958567005956e-09,8.324868632692292e-11
1535,1.0811711669939567e-09,8.755508872946927e-11
1536,1.1232623686343905e-09,9.122118045954014e-11
1537,1.0970391924748688e-09,8.575848952339236e-11
1538,1.009806194296334e-09,7.352262039537441e-11
1539,8.954735031157989e-10,5.870342194390224e-11
1540,7.827485545485102e-10,4.546879149180427e-11
1541,6.782006317142945e-10,3.500021520587606e-11
1542,5.917266967189952e-10,2.7417937813390616e-11
1543,5.381777187974649e-10,2.3184751451055323e-11
1544,5.310322777305864e-10,2.299800573687952e-11
1545,5.63929056934105e-10,2.6275663910678107e-11
1546,6.193567977011936e-10,3.1732782860419405e-11
1547,6.918307382540775e-10,3.880810564848413e-11
1548,7.6515012989175e-10,4.5741342406417566e-11
1549,8.126340563075697e-10,4.977600902068082e-11
1550,8.233068343752091e-10,5.026325864629049e-11
1551,8.340557395298755e-10,5.14658361980927e-11
1552,8.56668079871969e-10,5.3606396540906356e-11
1553,8.582462539112311e-10,5.300224957560982e-11
1554,8.005992613935823e-10,4.666388421901572e-11
1555,7.017939115247933e-10,3.6974039438812725e-11
1556,6.317792924336303e-10,3.028173268101396e-11
1557,6.278556024627575e-10,2.934140261815096e-11
1558,6.456805133219529e-10,3.025592943377262e-11
1559,6.467192910507213e-10,3.0378877131473606e-11
1560,6.426253200791964e-10,3.047320396343944e-11
1561,6.817049199136725e-10,3.385767173131586e-11
1562,7.776156735319545e-10,4.195703849731549e-11
1563,8.765669161403559e-10,5.112263681599125e-11
1564,9.079186586842865e-10,5.461659559748167e-11
1565,9.252964756490652e-10,5.7463466376664555e-11
1566,9.514475020244297e-10,6.003787697954892e-11
1567,9.583950228071779e-10,5.954717778629363e-11
1568,9.042319686105199e-10,5.3490302670341754e-11
1569,8.25422899457036e-10,4.579412979207149e-11
1570,8.043386883248522e-10,4.377198759403585e-11
1571,8.326981082982047e-10,4.656068056559597e-11
1572,8.339084462697544e-10,4.801180255910281e-11
1573,8.009075298387699e-10,4.790933102678409e-11
1574,7.857613482965242e-10,4.909311132105085e-11
1575,8.551138320148348e-10,5.8044043004134884e-11
1576,9.472172536451671e-10,6.959316674321339e-11
1577,9.815003588135326e-10,7.627706498154722e-11
1578,9.685136003309065e-10,7.732481143462282e-11
1579,9.800661620699057e-10,7.833984794053613e-11
1580,1.0311744793494172e-09,8.098823746821116e-11
1581,1.0640346558055183e-09,8.283185661047322e-11
1582,1.0484012514664682e-09,8.180836844368805e-11
1583,1.026719577017502e-09,8.078892485216489e-11
1584,1.0566521868373881e-09,8.571009314005122e-11
1585,1.0842698878720811e-09,8.909007986324167e-11
1586,1.0543656571837975e-09,8.46982720507692e-11
1587,1.0132937290159634e-09,7.915888852770149e-11
1588,1.0581438159566085e-09,8.495912634929235e-11
1589,1.1981568912777725e-09,1.0296063450030849e-10
1590,1.3442674552994796e-09,1.2433976485913501e-10
1591,1.3867109623166417e-09,1.329236093753879e-10
1592,1.3680172692645234e-09,1.3092089700623114e-10
1593,1.3789810493526686e-09,1.2952863355911037e-10
1594,1.399700964843792e-09,1.2725476746463636e-10
1595,1.3450835079665785e-09,1.1605024645849646e-10
1596,1.2021646102519962e-09,9.577946606685937e-11
1597,1.0754633308716472e-09,7.997225198999514e-11
1598,1.0001450271946874e-09,7.083190989883672e-11
1599,9.511161626560405e-10,6.595428640841952e-11
1600,8.886781111922718e-10,6.110875454810012e-11
1601,8.704988300835595e-10,6.250797991667979e-11
1602,9.346342630027068e-10,7.306286422364025e-11
1603,1.0808752738131843e-09,9.385007878263056e-11
1604,1.2199547782072969e-09,1.133140816512183e-10
1605,1.291783617546328e-09,1.2172681911741e-10
1606,1.306563842208597e-09,1.1995907654846735e-10
1607,1.3177192645780223e-09,1.1780121366042557e-10
1608,1.3299787658635133e-09,1.1843235289704153e-10
1609,1.2833445208197409e-09,1.1191343754258983e-10
1610,1.1509858270513027e-09,9.382095148019688e-11
1611,1.0000217262247873e-09,7.466215227348108e-11
1612,8.769447653165792e-10,5.90463742756506e-11
1613,8.185452658964973e-10,5.132295128236182e-11
1614,8.228843177046752e-10,5.10146641982553e-11
1615,8.80942780509103e-10,5.692250092225174e-11
1616,9.54649733189651e-10,6.39432180240742e-11
1617,1.0303658741291378e-09,7.12287043188302e-11
1618,1.111397899329963e-09,7.990353759373224e-11
1619,1.1907543135897424e-09,8.849863410665698e-11
1620,1.2357836176062634e-09,9.27237171506317e-11
1621,1.2241875783157925e-09,9.091873788924049e-11
1622,1.1693004852640097e-09,8.447994660458262e-11
1623,1.1094297611238356e-09,7.660272760457251e-11
1624,1.063966750862679e-09,7.012366473074889e-11
1625,9.833861030870548e-10,6.035413643373e-11
1626,8.708488386039269e-10,4.876642615090998e-11
1627,7.533209505832983e-10,3.776452290725509e-11
1628,6.849988588738118e-10,3.217094208811382e-11
1629,6.641673879286041e-10,3.119047590020575e-11
1630,6.493596640035248e-10,3.0843060755937546e-11
1631,6.277976394496277e-10,2.995184632831514e-11
1632,6.351385228815993e-10,3.162011332708523e-11
1633,6.844990181137405e-10,3.627177740695939e-11
1634,7.646322119701866e-10,4.359148360808122e-11
1635,8.318804222245611e-10,5.056672307040333e-11
1636,8.46062061628183e-10,5.236144740435731e-11
1637,8.440171306539605e-10,5.219614704407451e-11
1638,8.550957290270883e-10,5.366696896667555e-11
1639,8.86905780390106e-10,5.826037124310421e-11
1640,9.331771786379298e-10,6.561911960644969e-11
1641,9.675506617792162e-10,7.119219234474375e-11
1642,9.719436691345315e-10,7.196644143220967e-11
1643,9.529278014066596e-10,6.9223426060762e-11
1644,9.511585939961517e-10,6.850272490947825e-11
1645,9.903505323618394e-10,7.239902336915413e-11
1646,1.0377125669964183e-09,7.711707802990946e-11
1647,1.035683762126419e-09,7.591576745404412e-11
1648,9.847273589076695e-10,6.860186690931296e-11
1649,9.667259511903023e-10,6.539849434130399e-11
1650,9.975339665450439e-10,6.764899452465525e-11
1651,1.0520263377833485e-09,7.400857725459315e-11
1652,1.088970946376412e-09,8.047222445295562e-11
1653,1.1235511827061435e-09,8.694000673515127e-11
1654,1.2071804699121112e-09,9.828391507870916e-11
1655,1.3052721234091003e-09,1.0957764005329355e-10
1656,1.3474422670532154e-09,1.1417853709389952e-10
1657,1.3094635089352751e-09,1.1083020117362044e-10
1658,1.2716642936833375e-09,1.0942168792303683e-10
1659,1.2810914709779708e-09,1.1423514034313499e-10
1660,1.2829194499410576e-09,1.1701997746987447e-10
1661,1.207447301336332e-09,1.0756301571635364e-10
1662,1.1144876531013522e-09,9.591783839808426e-11
1663,1.077805949442416e-09,9.120330139712961e-11
1664,1.1383416693152394e-09,1.0036712190568119e-10
1665,1.2255676760417939e-09,1.1349604305917313e-10
1666,1.2693795149794086e-09,1.1978273916362218e-10
1667,1.2880237317128207e-09,1.2021940237994683e-10
1668,1.3198740479898837e-09,1.1984897890777085e-10
1669,1.3562005066619235e-09,1.2084815683390448e-10
1670,1.3379349050186562e-09,1.1729804871587225e-10
1671,1.2917151079495815e-09,1.1292914748444846e-10
1672,1.2692464621463812e-09,1.1085668758897828e-10
1673,1.2751076859705656e-09,1.0965778042063417e-10
1674,1.2305894880258485e-09,1.0020710678621761e-10
1675,1.1203889518397847e-09,8.369196693724561e-11
1676,1.0305515093532209e-09,7.122767217313119e-11
1677,1.0113294367527357e-09,6.689695450707902e-11
1678,1.0151855046092831e-09,6.540807467201406e-11
1679,9.688649617884464e-10,6.0395721890834e-11
1680,9.004337933837624e-10,5.4457415533634045e-11
1681,8.442512472246303e-10,4.877324774376365e-11
1682,8.246462948793158e-10,4.638343087374257e-11
1683,7.974214562894496e-10,4.3825655836670744e-11
1684,7.612024383985921e-10,4.092156932553894e-11
1685,7.428675363071871e-10,3.917556089563388e-11
1686,7.313598134034943e-10,3.731043473462862e-11
1687,7.083184922531152e-10,3.4859966091040696e-11
1688,6.685380051946241e-10,3.146715183849121e-11
1689,6.609091579979965e-10,3.116709577314721e-11
1690,6.909865961789146e-10,3.427537351786813e-11
1691,7.159356231062516e-10,3.753053396109099e-11
1692,7.155319361741934e-10,3.9058135868012155e-11
1693,7.009502547400548e-10,3.825436378380883e-11
1694,7.313147044219762e-10,4.0728912066201407e-11
1695,8.050660402133549e-10,4.748043866017071e-11
1696,8.627990409524277e-10,5.3895868331265494e-11
1697,8.799469853607397e-10,5.775206606480969e-11
1698,8.648651521916903e-10,5.720257251533175e-11
1699,8.422240584860403e-10,5.338800502099231e-11
1700,7.987099479519437e-10,4.6829763727535444e-11
1701,7.689744664223464e-10,4.345267753228838e-11
1702,7.801252738217966e-10,4.5071744927312723e-11
1703,8.369182945430437e-10,5.1215165725234485e-11
1704,8.832891707969161e-10,5.644530007846051e-11
1705,8.707514202824055e-10,5.521796632497999e-11
1706,8.444057734629365e-10,5.1762449153481866e-11
1707,8.801932474134081e-10,5.440127706390556e-11
1708,9.61670265719788e-10,6.290538027465736e-11
1709,1.0020769517730955e-09,6.973922550594882e-11
1710,9.720915360962079e-10,7.016910494773726e-11
1711,9.33877986923748e-10,6.766048840843525e-11
1712,9.305350131848391e-10,6.564094635159522e-11
1713,9.30992604647094e-10,6.284285148567192e-11
1714,8.936283563339467e-10,5.7310730481618217e-11
1715,8.377935430456982e-10,5.1372121900488424e-11
1716,8.194164613044538e-10,5.023691743861125e-11
1717,8.35897714989899e-10,5.279630493888263e-11
1718,8.376468499190546e-10,5.338876962266757e-11
1719,8.258531643483696e-10,5.2913485873829686e-11
1720,8.396693509158827e-10,5.5195086986226494e-11
1721,9.131739960446801e-10,6.449714734171137e-11
1722,1.0027559938485065e-09,7.67660616623547e-11
1723,1.0803407347365886e-09,9.002273298827242e-11
1724,1.152981790109165e-09,1.0158057720463102e-10
1725,1.2500547402472878e-09,1.1274017483181938e-10
1726,1.3277400795529446e-09,1.1970490475397864e-10
1727,1.3298614444177589e-09,1.1940062395478876e-10
1728,1.2830535328844603e-09,1.1540944532976694e-10
1729,1.266241716076552e-09,1.1487205497138413e-10
1730,1.2526266290389304e-09,1.110916890157472e-10
1731,1.172475330695207e-09,9.734682212449537e-11
1732,1.0321451959817236e-09,7.737718899670279e-11
1733,9.3317297282637e-10,6.457562322626857e-11
1734,9.109405214057342e-10,6.170740813830313e-11
1735,9.142450245832006e-10,6.33705194121102e-11
1736,8.837510848800832e-10,6.24571154817629e-11
1737,8.65503932544928e-10,6.247314288678483e-11
1738,9.006458178759919e-10,6.545261705629411e-11
1739,9.813765066244332e-10,7.267922783961539e-11
1740,1.0188001671745992e-09,7.675313225065965e-11
1741,9.893294057113812e-10,7.487000015027828e-11
1742,9.575166735342862e-10,7.180809472351206e-11
1743,9.615200437241838e-10,7.109860974688486e-11
1744,9.345294364681235e-10,6.614153558676007e-11
1745,8.724765160228825e-10,5.892688470239303e-11
1746,8.231121454558833e-10,5.419710776480345e-11
1747,8.570466817113759e-10,5.861839198593438e-11
1748,9.574052562996513e-10,7.02373159971734e-11
1749,1.0289029243602487e-09,7.812303194710995e-11
1750,1.045136470500552e-09,7.898385636681458e-11
1751,1.0632341207999627e-09,7.912964295862751e-11
1752,1.1265278917930477e-09,8.370538309822927e-11
1753,1.185734111580575e-09,8.885858763880252e-11
1754,1.1627692931398503e-09,8.565677454698925e-11
1755,1.1140894788372845e-09,8.06966712212264e-11
1756,1.0974759559301674e-09,7.854762877118272e-11
1757,1.12978076055879e-09,8.192059622922203e-11
1758,1.1537596495270767e-09,8.51710084648971e-11
1759,1.154418717398881e-09,8.626248806069178e-11
1760,1.1493511897423193e-09,8.52691877358018e-11
1761,1.1661932908043693e-09,8.586852487750356e-11
1762,1.1788550726360488e-09,8.635650330569208e-11
1763,1.1529293527346755e-09,8.285853259184879e-11
1764,1.1213508059909684e-09,7.93488496310808e-11
1765,1.1084172206443073e-09,7.843974383925206e-11
1766,1.0783604001404328e-09,7.553030014103175e-11
1767,1.0205544060781127e-09,7.046566007694923e-11
1768,9.447459056373616e-10,6.3310019645717e-11
1769,8.886944552004914e-10,5.733586231603998e-11
1770,8.523826049509254e-10,5.251399705418118e-11
1771,8.111360868054711e-10,4.713355802698339e-11
1772,7.706837498064608e-10,4.251576368712366e-11
1773,7.489244565575866e-10,3.986999095101517e-11
1774,7.361368189952353e-10,3.797896865130829e-11
1775,7.339320500582402e-10,3.8006795491151133e-11
1776,7.529155924567855e-10,4.094654490141745e-11
1777,8.00485537858684e-10,4.6605639998610134e-11
1778,8.60666579950939e-10,5.362323181574864e-11
1779,9.027006814953932e-10,5.952571007493052e-11
1780,9.277842579862854e-10,6.379068333487062e-11
1781,9.85758785644191e-10,7.110117774536067e-11
1782,1.069118817386381e-09,8.046705767840861e-11
1783,1.1532994747121415e-09,9.172184611442981e-11
1784,1.184431360105891e-09,9.767726956667649e-11
1785,1.1803050662168802e-09,9.978180355135448e-11
1786,1.1510026125309499e-09,9.797712412510834e-11
1787,1.102064519524136e-09,9.264557561857418e-11
1788,1.025425976013187e-09,8.202905822338315e-11
1789,9.461744797697679e-10,6.981653246949436e-11
1790,8.939657474787729e-10,6.168212605595244e-11
1791,8.842781252037348e-10,6.013592022864489e-11
1792,8.997947999065868e-10,6.213186711101262e-11
1793,9.112131196564443e-10,6.377887218613865e-11
1794,8.776570356489553e-10,5.98449623573507e-11
1795,7.995391365007426e-10,5.0333406204315754e-11
1796,7.281135252000531e-10,4.187820921247112e-11
1797,7.175924267477458e-10,4.0447313944356575e-11
1798,7.532580684148148e-10,4.376178450624909e-11
1799,8.257808859271615e-10,5.175654843529608e-11
1800,8.994418596668471e-10,6.061339789715932e-11
1801,9.638882460397284e-10,6.772786099307704e-11
1802,1.0279760300061084e-09,7.375804831558937e-11
1803,1.0790838649202971e-09,7.85471958626946e-11
1804,1.1104644621576832e-09,8.256690485796379e-11
1805,1.1342464673262204e-09,8.697769508685187e-11
1806,1.1777507467104864e-09,9.41110354192469e-11
1807,1.2096501472637292e-09,9.795078214732709e-11
1808,1.2039513411514703e-09,9.54316041387119e-11
1809,1.1934188871548757e-09,9.305395873096227e-11
1810,1.2524144843226225e-09,1.0002845918569602e-10
1811,1.393851664471607e-09,1.177468131774622e-10
1812,1.5777660861673068e-09,1.4385589085578685e-10
1813,1.7293069840858252e-09,1.6886957153737085e-10
1814,1.864239459706725e-09,1.9348312969230173e-10
1815,2.0358819597733404e-09,2.2437510495167504e-10
1816,2.162885134746967e-09,2.4622067221823225e-10
1817,2.1363534187745653e-09,2.4114063854781093e-10
1818,2.0004861056465052e-09,2.1903107647793045e-10
1819,1.8601192119805824e-09,1.9437613989918018e-10
1820,1.7315398932598652e-09,1.6973073077369815e-10
1821,1.5546112328601387e-09,1.4124644508901176e-10
1822,1.352706232719339e-09,1.1364448516302147e-10
1823,1.2076988124412298e-09,9.440883962864291e-11
1824,1.1375328421177682e-09,8.384392682429879e-11
1825,1.073301571437501e-09,7.48419913470765e-11
1826,9.785785880063809e-10,6.421340104728795e-11
1827,9.110860503455709e-10,5.7199946787837855e-11
1828,9.038897129076758e-10,5.6009803559688935e-11
1829,9.356217818633269e-10,5.95174198536402e-11
1830,9.389461120878003e-10,6.077561504535906e-11
1831,9.070033456428848e-10,5.729448252588302e-11
1832,8.852315513134132e-10,5.374457232537847e-11
1833,8.66851956863129e-10,5.0382741444881144e-11
1834,8.337067149592734e-10,4.660806444536188e-11
1835,7.77944126807216e-10,4.128705253541198e-11
1836,7.369505439257766e-10,3.780120780592171e-11
1837,7.348808484150092e-10,3.9011263244504005e-11
1838,7.580126254985526e-10,4.4361706094779135e-11
1839,7.683296903067969e-10,4.889206617035178e-11
1840,7.642627232587925e-10,5.061490404093793e-11
1841,7.684705432603775e-10,5.12205665288677e-11
1842,7.941995230940719e-10,5.2840883907658146e-11
1843,8.204921052388079e-10,5.4504075408839025e-11
1844,8.328006293460882e-10,5.5247147017933325e-11
1845,8.428989175749352e-10,5.558912458650282e-11
1846,8.469505200141097e-10,5.346808206542821e-11
1847,8.393685520910422e-10,5.0085093699513566e-11
1848,8.053341964248949e-10,4.587869483816971e-11
1849,7.58284186671359e-10,4.180572571574801e-11
1850,7.187554734378576e-10,3.8852927313462765e-11
1851,6.929542379244789e-10,3.7605496462196245e-11
1852,6.520335449756488e-10,3.468674078278922e-11
1853,6.046792893093987e-10,3.0255140538430324e-11
1854,5.846953293895033e-10,2.779215537227912e-11
1855,6.109765042535548e-10,2.9730849350073985e-11
1856,6.63515785328974e-10,3.497392487509331e-11
1857,7.156116292361917e-10,4.099741208842587e-11
1858,7.634499870789207e-10,4.5935114101934736e-11
1859,8.085346683950353e-10,4.890144616553779e-11
1860,8.555185239212146e-10,5.16520345499277e-11
1861,8.99433884937608e-10,5.5354318286757106e-11
1862,9.301034945278722e-10,5.850183082267316e-11
1863,9.655349758617655e-10,6.243683740767843e-11
1864,9.97381181544583e-10,6.593462666700409e-11
1865,1.0065391292119977e-09,6.724445036165116e-11
1866,9.979370126506088e-10,6.68825207735797e-11
1867,9.873349262162221e-10,6.592945338764648e-11
1868,1.0239519954008117e-09,7.114915659210941e-11
1869,1.1176271694639045e-09,8.434743612033104e-11
1870,1.2582370391633484e-09,1.0441925551628703e-10
1871,1.3843697188190165e-09,1.2190333969791682e-10
1872,1.4603152860489791e-09,1.317859128604544e-10
1873,1.4947729033844261e-09,1.352091751804162e-10
1874,1.5014704780901484e-09,1.3357452668107627e-10
1875,1.4772259069003092e-09,1.281122780609963e-10
1876,1.4319763738250898e-09,1.224028203677739e-10
1877,1.3604062537229273e-09,1.1332619950732933e-10
1878,1.2759649936115523e-09,1.014979522917807e-10
1879,1.1962137270786047e-09,9.0944925460157e-11
1880,1.1197126505013503e-09,8.166287637344766e-11
1881,1.0625596097774655e-09,7.436107199563631e-11
1882,1.0276077742375734e-09,6.935719572823377e-11
1883,1.011331039693481e-09,6.731344739651417e-11
1884,9.986276299043317e-10,6.620106848880253e-11
1885,9.875371597637149e-10,6.495671890264804e-11
1886,9.860845162780262e-10,6.443697280836719e-11
1887,9.914859564302802e-10,6.50764803480786e-11
1888,9.782137559024813e-10,6.386367060732994e-11
1889,9.274774889803531e-10,5.829620708749397e-11
1890,8.647773399890225e-10,5.172368098302755e-11
1891,8.124366085838863e-10,4.61741639877238e-11
1892,7.80307362927149e-10,4.255618171801225e-11
1893,7.505186125719328e-10,3.93742121420893e-11
1894,7.234520251469831e-10,3.725058615929303e-11
1895,7.19000305788437e-10,3.7817994348000186e-11
1896,7.511543132375603e-10,4.2244891845570195e-11
1897,8.21881531979136e-10,5.134296945438646e-11
1898,8.798828969341704e-10,5.888653720492658e-11
1899,9.138598296601659e-10,6.297378480414139e-11
1900,9.422940110134414e-10,6.604793963179856e-11
1901,9.642287024404668e-10,6.76663787821773e-11
1902,9.78642436253139e-10,6.881052269818253e-11
1903,9.712755332984891e-10,6.786020031637474e-11
1904,9.646493973672148e-10,6.67648466209761e-11
1905,9.80141815718734e-10,6.801347039563187e-11
1906,9.93974421450399e-10,6.944567184534945e-11
1907,9.996104077785794e-10,7.187218679254676e-11
1908,1.0084751354359177e-09,7.61675164180592e-11
1909,1.0220444382806493e-09,7.991380742350513e-11
1910,1.0196688557604658e-09,7.902581516406592e-11
1911,9.89907681023544e-10,7.389445615061941e-11
1912,9.471749250628778e-10,6.73382425130175e-11
1913,9.40012098857932e-10,6.577038450087895e-11
1914,1.0039109058475016e-09,7.375909421870862e-11
1915,1.088589493229972e-09,8.445663960283698e-11
1916,1.1198314706592545e-09,8.73335465140263e-11
1917,1.0828028610118559e-09,8.131862721561993e-11
1918,1.03178326439583e-09,7.403770253471016e-11
1919,1.0069219555840203e-09,7.007433457639023e-11
1920,9.908203641362367e-10,6.774196517858369e-11
1921,9.716457325080872e-10,6.658351193836914e-11
1922,9.285805711555777e-10,6.212002862369275e-11
1923,9.029345970806964e-10,5.917000076060271e-11
1924,9.247169446352131e-10,6.168733199074928e-11
1925,9.600983341457987e-10,6.540636177123623e-11
1926,9.753546885341914e-10,6.733636205928214e-11
1927,9.68740124302535e-10,6.723738657350357e-11
1928,9.73648890616465e-10,6.763050712727313e-11
1929,9.917117224224918e-10,6.789925039704053e-11
1930,1.018165480578105e-09,7.003872051965697e-11
1931,1.0177588069729723e-09,7.027218899162694e-11
1932,1.0040232339796432e-09,6.946667230897867e-11
1933,1.0246171046796255e-09,7.24642421696113e-11
1934,1.086877486097783e-09,7.992990533454081e-11
1935,1.1538573530873265e-09,8.77542201177889e-11
1936,1.1915425485779903e-09,9.184147460015035e-11
1937,1.1960118145657457e-09,9.153070232303465e-11
1938,1.1855767154491693e-09,8.956591569478677e-11
1939,1.173336481809176e-09,8.818452310978945e-11
1940,1.1545981667579275e-09,8.726466139516521e-11
1941,1.1353051187089955e-09,8.648125203019298e-11
1942,1.1212661842843592e-09,8.502484343335518e-11
1943,1.1242921769530182e-09,8.521612144645434e-11
1944,1.1412228437490168e-09,8.727359044685376e-11
1945,1.1551316433576754e-09,8.845555972957747e-11
1946,1.1693924740646126e-09,8.887062063025263e-11
1947,1.1857133540069326e-09,8.884612207925112e-11
1948,1.209918637578876e-09,8.983196353791952e-11
1949,1.2448202897307696e-09,9.289528205459148e-11
1950,1.2922264672382555e-09,9.936102832077748e-11
1951,1.3221634995328832e-09,1.0539719194075058e-10
1952,1.2914970903485191e-09,1.042300050874892e-10
1953,1.2284201357219497e-09,9.913083499090231e-11
1954,1.1862858103158833e-09,9.527142771774348e-11
1955,1.1857982580395593e-09,9.380743589016306e-11
1956,1.226938658934598e-09,9.706083246136633e-11
1957,1.2748148478686907e-09,1.0145025822908568e-10
1958,1.3034858671624334e-09,1.0313788747114069e-10
1959,1.2835384240970056e-09,9.860940849604829e-11
1960,1.2386079486601466e-09,9.329033704576147e-11
1961,1.191147547223817e-09,8.921365978791327e-11
1962,1.1585348631158389e-09,8.707680360669037e-11
1963,1.1440062945254552e-09,8.751802478697707e-11
1964,1.1486196033219722e-09,9.075388043896706e-11
1965,1.1859735374378298e-09,9.673985959148601e-11
1966,1.2698188179754316e-09,1.0652211544648898e-10
1967,1.3768689071774944e-09,1.1893316785534047e-10
1968,1.4798946616495084e-09,1.3224020385881597e-10
1969,1.5685749555786694e-09,1.4482657648823433e-10
1970,1.6264781394297114e-09,1.5279542700324186e-10
1971,1.629931802171827e-09,1.545063020585653e-10
1972,1.5361278308313155e-09,1.4306900025952427e-10
1973,1.4178506850188439e-09,1.2846138689910826e-10
1974,1.3233048534513388e-09,1.1533751354953277e-10
1975,1.255363861053982e-09,1.0494999110826898e-10
1976,1.1849013857371939e-09,9.434678338100912e-11
1977,1.1055821379365997e-09,8.26167932147924e-11
1978,1.0461974240055696e-09,7.364023287247362e-11
1979,1.0199683413722535e-09,6.904307851022696e-11
1980,1.0098463095211264e-09,6.736809769883549e-11
1981,9.969307358081206e-10,6.645357633679642e-11
1982,9.709831479259766e-10,6.454430609919305e-11
1983,9.517632103009797e-10,6.387954303933208e-11
1984,9.419404510034649e-10,6.401125025538575e-11
1985,9.58367336355774e-10,6.623028521152849e-11
1986,9.880644133879434e-10,6.875878346327599e-11
1987,1.0021498662875432e-09,6.877694447100685e-11
1988,9.682024055485133e-10,6.385250786280986e-11
1989,9.141025914909805e-10,5.80790981269781e-11
1990,8.919625252258485e-10,5.625445397713247e-11
1991,9.040869945016922e-10,5.743345883127461e-11
1992,9.271874045115577e-10,6.041649921514516e-11
1993,9.038952789494926e-10,5.897603559043102e-11
1994,8.625563921678414e-10,5.607142572523409e-11
1995,8.656262018837945e-10,5.777032573041917e-11
1996,9.303207313036936e-10,6.516418896293045e-11
1997,1.0015823854590223e-09,7.165667247967418e-11
1998,1.0488857316510336e-09,7.56675041187838e-11
1999,1.0845374047526887e-09,7.897751964358575e-11
2000,1.1520838240529915e-09,8.595878728107249e-11
2001,1.227755824047861e-09,9.411256316143721e-11
2002,1.260827797379033e-09,9.874367690903828e-11
2003,1.24973363628451e-09,9.905535155226411e-11
2004,1.2530201608311364e-09,1.0035866972638668e-10
2005,1.2929471338459093e-09,1.0523059579745976e-10
2006,1.3179862173729954e-09,1.0805422029271584e-10
2007,1.2950920688345323e-09,1.0511491625372175e-10
2008,1.2849340278177782e-09,1.04234363368914e-10
2009,1.340306869256544e-09,1.1124431126839082e-10
2010,1.4269976023962295e-09,1.2202867917545993e-10
2011,1.4460704301065415e-09,1.243337287453517e-10
2012,1.4344296176964961e-09,1.247269225666755e-10
2013,1.4431391468733528e-09,1.267426453076133e-10
2014,1.4780103636877485e-09,1.3023515461375976e-10
2015,1.4564465211842599e-09,1.2546872267635967e-10
2016,1.362290551446836e-09,1.126526593340491e-10
2017,1.2872299231918596e-09,1.029056840128478e-10
2018,1.3052242809951738e-09,1.0478989766194403e-10
2019,1.381822405285824e-09,1.1542039254515048e-10
2020,1.40794431476521e-09,1.208555931487621e-10
2021,1.370534305976172e-09,1.180705734914056e-10
2022,1.3497870037073447e-09,1.165514684574641e-10
2023,1.3781579785399377e-09,1.1997606221375316e-10
2024,1.4131403628283178e-09,1.2388239605216633e-10
2025,1.4045420071654566e-09,1.2258373237227888e-10
2026,1.3614051673928753e-09,1.164642465096514e-10
2027,1.2961775187748558e-09,1.0627971650643134e-10
2028,1.2247330921687862e-09,9.6141629361e-11
2029,1.1198731052649834e-09,8.242304854748491e-11
2030,1.0287645303961668e-09,7.17315945314379e-11
2031,9.414624163799563e-10,6.12005780059232e-11
2032,8.523447519895963e-10,5.0968239794376275e-11
2033,7.709654805319143e-10,4.302179330134366e-11
2034,7.273669386488846e-10,3.9166399118449706e-11
2035,7.192579204965117e-10,3.766232835403469e-11
2036,7.299715559296535e-10,3.7805551060747653e-11
2037,7.442633429356275e-10,3.9159368397080066e-11
2038,7.624599422659482e-10,4.1367492999206296e-11
2039,8.054061680389695e-10,4.61755273906265e-11
2040,8.562226176918326e-10,5.2144684599121143e-11
2041,8.938450252133041e-10,5.735310810583742e-11
2042,9.143325809373185e-10,6.036519283282802e-11
2043,9.338550103436797e-10,6.246833563262734e-11
2044,9.401980694593725e-10,6.304841950258e-11
2045,9.053724373123582e-10,5.955166494844663e-11
2046,8.373662596521896e-10,5.255272408209477e-11
2047,7.955851617279325e-10,4.852680366800984e-11
2048,8.113041939942335e-10,5.028468046411127e-11
2049,8.560875127493797e-10,5.4915209266295046e-11
2050,8.834581989883193e-10,5.859922286808069e-11
2051,8.961067184340894e-10,6.164804268278854e-11
2052,9.46289293383355e-10,6.824128337684833e-11
2053,1.038298789378441e-09,7.817493872413158e-11
2054,1.1475159965089353e-09,9.104702004835573e-11
2055,1.213507437594198e-09,9.966991824256634e-11
2056,1.2524437849330704e-09,1.0468290853412742e-10
2057,1.3049988445622098e-09,1.1234068806429829e-10
2058,1.3648458890937492e-09,1.2195499895696526e-10
2059,1.3837150085108548e-09,1.2608677542102176e-10
2060,1.3577580880857503e-09,1.2325935507120236e-10
2061,1.3200563090348525e-09,1.1686646044605263e-10
2062,1.301712866442854e-09,1.1205480915992324e-10
2063,1.2995522595281332e-09,1.0995304221576067e-10
2064,1.3201535128468388e-09,1.1266925534328833e-10
2065,1.329332375298174e-09,1.1351416922458624e-10
2066,1.3141717266896286e-09,1.1127962920203292e-10
2067,1.3389892317995172e-09,1.178377057028521e-10
2068,1.3845669315521437e-09,1.2628827309685072e-10
2069,1.4796843490170898e-09,1.4184053617479487e-10
2070,1.5653387983695486e-09,1.560461692452599e-10
2071,1.5872174203417306e-09,1.5900097694784632e-10
2072,1.5702322363621551e-09,1.5452313014292025e-10
2073,1.5511971680947803e-09,1.4845384133125627e-10
2074,1.513974419444059e-09,1.3980613200326328e-10
2075,1.4485459939724284e-09,1.2915164339007587e-10
2076,1.349814112405678e-09,1.1572480388358601e-10
2077,1.23682652340333e-09,1.0074832103880009e-10
2078,1.122604001595039e-09,8.591392723876447e-11
2079,1.041275631615321e-09,7.662836828029036e-11
2080,1.0161020877808496e-09,7.411514133642018e-11
2081,1.0552020771217258e-09,7.808425997410344e-11
2082,1.1251941104458876e-09,8.53928998149548e-11
2083,1.195845416114485e-09,9.432133475762333e-11
2084,1.2398533315504063e-09,1.0018740469746853e-10
2085,1.2668634623994948e-09,1.0367405684396234e-10
2086,1.25857963104234e-09,1.032417160047874e-10
2087,1.1758627808530797e-09,9.385740142112047e-11
2088,1.0517398490425137e-09,7.975267580331619e-11
2089,9.401040757887897e-10,6.6597164840587e-11
2090,8.681520864627036e-10,5.766757480640388e-11
2091,8.240842510953144e-10,5.1841393485357125e-11
2092,7.94467373181542e-10,4.8002717195357546e-11
2093,7.930555169783403e-10,4.731967312977463e-11
2094,8.075323142603713e-10,4.7813285800229495e-11
2095,8.228436213481993e-10,4.8809522775649276e-11
2096,8.187169207066711e-10,4.8359343058970136e-11
2097,8.047858941282597e-10,4.724143212844826e-11
2098,7.892559376489622e-10,4.600318291988248e-11
2099,7.628721071878164e-10,4.3740232102146033e-11
2100,7.304746510852522e-10,4.108448009309849e-11
2101,6.967163832440254e-10,3.776260420021219e-11
2102,6.89687548455772e-10,3.650245189971498e-11
2103,6.945460304708369e-10,3.600554468176333e-11
2104,7.009141947314137e-10,3.6217184922863064e-11
2105,7.290344585069715e-10,3.994746323045325e-11
2106,7.874981369653667e-10,4.728876964321227e-11
2107,8.858975237407938e-10,5.961826867360607e-11
2108,9.900226563624084e-10,7.353202360714784e-11
2109,1.0794206824710485e-09,8.570994023075494e-11
2110,1.1502358067662845e-09,9.465006903759743e-11
2111,1.2007370749691917e-09,1.0027588005661825e-10
2112,1.2075986695931133e-09,9.997447701276473e-11
2113,1.1796595439959632e-09,9.546632859648235e-11
2114,1.1694061926427829e-09,9.431269429160336e-11
2115,1.2132356054316235e-09,1.010557715757075e-10
2116,1.2816599765463863e-09,1.1247163662305915e-10
2117,1.3212324592581455e-09,1.23011230838909e-10
2118,1.3120698311939503e-09,1.294877964146001e-10
2119,1.3299786562151882e-09,1.412573873257428e-10
2120,1.4410916681400114e-09,1.638762376265134e-10
2121,1.5735453906237167e-09,1.8023784326917532e-10
2122,1.68566980194082e-09,1.9204895521648679e-10
2123,1.7597666819809587e-09,1.993398664455594e-10
2124,1.8867254666197835e-09,2.1687842157805296e-10
2125,2.0949280524840334e-09,2.4939718656473456e-10
2126,2.234753818306905e-09,2.7130762845759137e-10
2127,2.16809783683623e-09,2.575275920658648e-10
2128,2.0054005386128115e-09,2.3199929618312032e-10
2129,1.876633888059164e-09,2.1133254441920115e-10
2130,1.7882949353762017e-09,1.947606352825378e-10
2131,1.638031380433517e-09,1.6745421006482246e-10
2132,1.4392915887563277e-09,1.3607950811965779e-10
2133,1.2764563720562686e-09,1.1094785741114321e-10
2134,1.2125884018184083e-09,9.958009201350446e-11
2135,1.2050780753082976e-09,9.66878263350403e-11
2136,1.195124753406506e-09,9.569039230976566e-11
2137,1.1977053389870997e-09,9.848430551324625e-11
2138,1.2411612240237218e-09,1.0602940127312541e-10
2139,1.3168942868326128e-09,1.1647931311833602e-10
2140,1.3158811183796078e-09,1.1389589680141206e-10
2141,1.2461916419655646e-09,1.0273406296619777e-10
2142,1.1640753327389708e-09,9.046103385170747e-11
2143,1.081636849817034e-09,7.863220877579089e-11
2144,9.76051075672184e-10,6.594264901956288e-11
2145,8.388601896288552e-10,5.142145650117111e-11
2146,7.08760386496645e-10,3.800823302953803e-11
2147,6.399431619756781e-10,3.0982346399269945e-11
2148,6.172862305003924e-10,2.843326023940912e-11
2149,6.215942347190333e-10,2.8993214354231227e-11
2150,6.446737144829169e-10,3.154357563364671e-11
2151,6.780448506732882e-10,3.4423228243251075e-11
2152,7.005112531791497e-10,3.564291870632936e-11
2153,6.876872688665702e-10,3.395204106010084e-11
2154,6.765259572385531e-10,3.3445305162908855e-11
2155,6.860264094978166e-10,3.4695831059519986e-11
2156,7.049194506618862e-10,3.631766613372063e-11
2157,6.851614682826778e-10,3.436584749346919e-11
2158,6.217454409400844e-10,2.8521010596661005e-11
2159,5.63895703971104e-10,2.3120927152715996e-11
2160,5.508662445534914e-10,2.1483161817076998e-11
2161,5.566497534946442e-10,2.1790868948059695e-11
2162,5.614511402236699e-10,2.328023841054056e-11
2163,5.763630224514855e-10,2.6510718911089253e-11
2164,6.203407156053289e-10,3.168165222577864e-11
2165,7.035158970192107e-10,3.9912835943689515e-11
2166,7.956777465891886e-10,4.973654255671061e-11
2167,8.827040233048035e-10,6.067578271115849e-11
2168,9.82087967687769e-10,7.434377318741138e-11
2169,1.0861823017253546e-09,8.726241924427654e-11
2170,1.1582686800345264e-09,9.519454749066608e-11
2171,1.1690371534204676e-09,9.568815577548225e-11
2172,1.1453357932281058e-09,9.275432578301626e-11
2173,1.1008688191367957e-09,8.867994131182853e-11
2174,1.0660715385571861e-09,8.928125879414287e-11
2175,1.0582271258570934e-09,9.565514726767309e-11
2176,1.1011484875605517e-09,1.07275882734446e-10
2177,1.2163460569364209e-09,1.2822350381726193e-10
2178,1.3560789987945673e-09,1.506794726207395e-10
2179,1.4706350240994202e-09,1.6589900465699028e-10
2180,1.582393422179554e-09,1.7939413837210033e-10
2181,1.6894299039010175e-09,1.880422838593187e-10
2182,1.755772592549026e-09,1.8948670465571982e-10
2183,1.7443879559528201e-09,1.8515761753940047e-10
2184,1.6993254843355047e-09,1.8277136949356398e-10
2185,1.6519254806503778e-09,1.7836281196394675e-10
2186,1.5931428851292725e-09,1.6770994631100654e-10
2187,1.4338879276035696e-09,1.394388206865073e-10
2188,1.22322299901141e-09,1.0558781453421199e-10
2189,1.0806660872766684e-09,8.409517627268875e-11
2190,1.0596153282010087e-09,7.919960727619172e-11
2191,1.078464249990458e-09,8.036344726557644e-11
2192,1.0621703668340932e-09,8.069984365274355e-11
2193,1.0541291452171895e-09,8.504319977449892e-11
2194,1.1008380886597239e-09,9.394719193652697e-11
2195,1.1964821472536578e-09,1.0582530376111776e-10
2196,1.2029654824590876e-09,1.0324339717854414e-10
2197,1.0763783983875213e-09,8.372577755742434e-11
2198,9.35416398561813e-10,6.473914354631696e-11
2199,8.628770770455092e-10,5.496351394130637e-11
2200,8.309310038125485e-10,5.0822008791679347e-11
2201,7.774433929287862e-10,4.6044616504368776e-11
2202,7.035595294652127e-10,3.956499057895944e-11
2203,6.545816946997193e-10,3.488077711242865e-11
2204,6.470977746999182e-10,3.3868992290644954e-11
2205,6.62563037431124e-10,3.560796099585936e-11
2206,6.787611195566463e-10,3.7987063466081276e-11
2207,7.049428003318841e-10,4.068527645989925e-11
2208,7.220268461462455e-10,4.0983828555344535e-11
2209,7.139516703843267e-10,3.892666591434041e-11
2210,6.928414815731678e-10,3.712615984558447e-11
2211,6.915209064740243e-10,3.7988100748616004e-11
2212,7.370970344310442e-10,4.471930571594566e-11
2213,7.836676941154502e-10,5.2453985358476765e-11
2214,7.684051285745817e-10,5.227948919208389e-11
2215,7.211911450158125e-10,4.687952235468643e-11
2216,7.084279620786966e-10,4.386251168647251e-11
2217,7.334706173646294e-10,4.462835672986718e-11
2218,7.545297025877414e-10,4.7357015644821636e-11
2219,7.417592001678788e-10,4.952304380328831e-11
2220,7.417570440536932e-10,5.312938493799095e-11
2221,7.954170759670677e-10,5.93543455477169e-11
2222,8.565316764723189e-10,6.340757814313322e-11
2223,8.718432821002262e-10,6.465536014886045e-11
2224,8.794858533406838e-10,6.858650912381855e-11
2225,9.598103123289055e-10,8.198768804727264e-11
2226,1.1002527368329562e-09,1.0267304089158706e-10
2227,1.1842690888623654e-09,1.1846610129767247e-10
2228,1.1661816585619264e-09,1.206541709342673e-10
2229,1.1664199688061563e-09,1.2407738414466113e-10
2230,1.2571542253415886e-09,1.4004626280327912e-10
2231,1.3644822156280467e-09,1.6079555333957223e-10
2232,1.3630880800138729e-09,1.6321592323463682e-10
2233,1.2781662999174724e-09,1.4514875705155968e-10
2234,1.2597926987826442e-09,1.324183700109295e-10
2235,1.3391427708947242e-09,1.3260696713553565e-10
2236,1.4627331051876636e-09,1.4377973434864896e-10
2237,1.513971279262412e-09,1.467742462373862e-10
2238,1.5353129937145391e-09,1.5016475722461583e-10
2239,1.5966903423745235e-09,1.622593146062682e-10
2240,1.661970180151796e-09,1.7506877411494075e-10
2241,1.659879579324787e-09,1.7884315319524795e-10
2242,1.5763970518635086e-09,1.7029774021673012e-10
2243,1.5172153374902755e-09,1.6431378352456777e-10
2244,1.5422106319088842e-09,1.693468047906848e-10
2245,1.5629208495856113e-09,1.7174695184403794e-10
2246,1.4728865782630242e-09,1.5463368005085552e-10
2247,1.306660954876139e-09,1.2626171110417748e-10
2248,1.1923892261796355e-09,1.0775338201287707e-10
2249,1.171290740011038e-09,1.0491156994385609e-10
2250,1.162646268165346e-09,1.0578062013759881e-10
2251,1.090942803336736e-09,9.951488485839767e-11
2252,1.006377994771893e-09,9.003568292186161e-11
2253,9.633778539582027e-10,8.135368517916027e-11
2254,1.0043739528318697e-09,8.347343314755778e-11
2255,1.0982280432601862e-09,9.515882976430137e-11
2256,1.1974907296590501e-09,1.0913665086292841e-10
2257,1.2604442860940185e-09,1.164116615191279e-10
2258,1.2448428211366832e-09,1.1161882885927817e-10
2259,1.1504786740426637e-09,9.703132671613548e-11
2260,1.0511240793925092e-09,8.401809313911361e-11
2261,9.76323632825726e-10,7.431153112304695e-11
2262,9.101501601863918e-10,6.647624762143162e-11
2263,8.145953306383041e-10,5.67933731003585e-11
2264,7.297933437905471e-10,4.954721360381418e-11
2265,7.266755337066969e-10,5.003534260056492e-11
2266,7.847706606850116e-10,5.480011219448338e-11
2267,8.678085896026824e-10,6.331038461446512e-11
2268,8.975874457502339e-10,6.749663032114156e-11
2269,9.145612077208279e-10,7.160212932647916e-11
2270,9.653063895287098e-10,7.899434848083858e-11
2271,1.0209277445997727e-09,8.618922080534672e-11
2272,1.009918618394023e-09,8.600906624143943e-11
2273,9.363721420877842e-10,7.954302088451961e-11
2274,8.832337713237653e-10,7.554353897382141e-11
2275,9.10626543860228e-10,8.24493616329205e-11
2276,9.975174962731983e-10,9.847571788499442e-11
2277,1.1049248656387545e-09,1.1959085452523768e-10
2278,1.2436450136951858e-09,1.498526038829529e-10
2279,1.4439116641891886e-09,1.9369230895907306e-10
2280,1.6732893472124734e-09,2.441570597518877e-10
2281,1.8293837599160947e-09,2.79248007189168e-10
2282,1.868031053056228e-09,2.860105017982482e-10
2283,1.905137714246937e-09,2.860073238118963e-10
2284,1.998611890004289e-09,2.903941516375417e-10
2285,2.1032752606073786e-09,2.985195352271479e-10
2286,2.100317194069792e-09,2.9070283373430365e-10
2287,2.0380674979426444e-09,2.732134162937246e-10
2288,2.05788001080459e-09,2.706933073592372e-10
2289,2.17924419498731e-09,2.8699652294386513e-10
2290,2.274906544032929e-09,3.031697739698893e-10
2291,2.201782573127547e-09,2.911071677081552e-10
2292,2.0694976859715173e-09,2.7436545847259135e-10
2293,2.055030847592391e-09,2.7998042802666465e-10
2294,2.146269369549102e-09,2.991743769426924e-10
2295,2.1809317729126473e-09,3.0459091387663716e-10
2296,2.065710187765667e-09,2.811037154374117e-10
2297,1.8862950833511655e-09,2.4059354065695025e-10
2298,1.7713719600457843e-09,2.1081728036709622e-10
2299,1.7044045260841263e-09,1.9218522588452017e-10
2300,1.5553655333862035e-09,1.631788165033942e-10
2301,1.3522751210627337e-09,1.3217624606777798e-10
2302,1.208162860081754e-09,1.1348764813774897e-10
2303,1.1794762416102935e-09,1.1029327424478767e-10
2304,1.1972878272758467e-09,1.1305955970196098e-10
2305,1.1680666493042599e-09,1.1122533650175708e-10
2306,1.1265897132101032e-09,1.0900710683199238e-10
2307,1.156317079395043e-09,1.1402467645023338e-10
2308,1.2646222593045122e-09,1.26285046053668e-10
2309,1.3331092201331872e-09,1.3189752155744135e-10
2310,1.3003005446519168e-09,1.2504826897973258e-10
2311,1.2495919615096758e-09,1.1676680275216498e-10
2312,1.252240685161648e-09,1.148284049472345e-10
2313,1.2546058264130118e-09,1.130380888406545e-10
2314,1.1538948543821396e-09,9.792345104557298e-11
2315,9.902132977530415e-10,7.628669861340733e-11
2316,8.660328655229169e-10,5.98932437106002e-11
2317,8.380786323017e-10,5.611746096812488e-11
2318,8.85072271274267e-10,6.357727368841803e-11
2319,9.635362168315956e-10,7.806404142385814e-11
2320,1.0564563111436868e-09,9.539341693411811e-11
2321,1.1666470047991604e-09,1.1335327300778408e-10
2322,1.2488740601638872e-09,1.2386324822045724e-10
2323,1.2796301963620608e-09,1.2677836448415795e-10
2324,1.2579768981648898e-09,1.2245331837687558e-10
2325,1.2072979459145938e-09,1.1421402032220023e-10
2326,1.1631316901621164e-09,1.079089566821125e-10
2327,1.1407579301514623e-09,1.0637194560816492e-10
2328,1.1304210006810823e-09,1.0552733102947578e-10
2329,1.1638388994171289e-09,1.1225062203718134e-10
2330,1.2433303259426509e-09,1.2667026534871379e-10
2331,1.3781890059676789e-09,1.5196983094056018e-10
2332,1.5371971034592242e-09,1.8469377684887502e-10
2333,1.6634608503914612e-09,2.1268970612698563e-10
2334,1.7537793346736085e-09,2.3497437379946937e-10
2335,1.8497083661773897e-09,2.557974697974424e-10
2336,1.950545941726693e-09,2.712443597557482e-10
2337,1.99616244829638e-09,2.7198770416904183e-10
2338,1.972474240594108e-09,2.614561458555727e-10
2339,1.987435302103788e-09,2.61328105712322e-10
2340,2.1237848971965627e-09,2.820858639514828e-10
2341,2.2764499441491393e-09,3.0200245312974124e-10
2342,2.313803294851796e-09,3.039355006225949e-10
2343,2.2387615473294357e-09,2.894775328399028e-10
2344,2.1683116617329573e-09,2.75442484574658e-10
2345,2.1486455307912725e-09,2.7124584464101795e-10
2346,2.06435032231287e-09,2.615015223080577e-10
2347,1.87396974503432e-09,2.344757992012094e-10
2348,1.7246250114370486e-09,2.1360923917274864e-10
2349,1.6669229787404092e-09,2.0142538059675662e-10
2350,1.6722083549100058e-09,1.9650369995650667e-10
2351,1.600911514668646e-09,1.762118709558221e-10
2352,1.4616028112609482e-09,1.464782496852958e-10
2353,1.3460865292152793e-09,1.2408080699127007e-10
2354,1.2885131937154154e-09,1.1330403127218509e-10
2355,1.267192648559059e-09,1.129434344351725e-10
2356,1.2139437575329204e-09,1.1166157879277145e-10
2357,1.1543030254197784e-09,1.0989462153075038e-10
2358,1.1274096535826913e-09,1.1023500439716451e-10
2359,1.1375289406564755e-09,1.1393132920447711e-10
2360,1.1790238785858248e-09,1.2325043210098793e-10
2361,1.2501447729408909e-09,1.3838286357837362e-10
2362,1.3460508770492856e-09,1.5390732104327541e-10
2363,1.3881068948582736e-09,1.5448595862081103e-10
2364,1.3509040941906791e-09,1.4140508579505825e-10
2365,1.2532397345772787e-09,1.219164970245094e-10
2366,1.1733505034544043e-09,1.0883811393118299e-10
2367,1.1363383166980888e-09,1.055977278101812e-10
2368,1.0833924344878837e-09,1.0161497174488234e-10
2369,1.0326484085795194e-09,9.819823214519752e-11
2370,1.0299464093644464e-09,9.941707117968596e-11
2371,1.1302655649039811e-09,1.1288623080354133e-10
2372,1.2923780463307995e-09,1.3387425927047592e-10
2373,1.3848524504338312e-09,1.459242203830529e-10
2374,1.3961485258040617e-09,1.5151305327850235e-10
2375,1.4276010479857098e-09,1.6225629110840099e-10
2376,1.5320690040828557e-09,1.8046425178243802e-10
2377,1.6189623891829245e-09,1.9610897111591322e-10
2378,1.5827464888595274e-09,1.948402031479675e-10
2379,1.5188044141779306e-09,1.909508633158704e-10
2380,1.6254185245839582e-09,2.1804976619730136e-10
2381,1.901883351490971e-09,2.720791389600409e-10
2382,2.1355530386371137e-09,3.1504005444028386e-10
2383,2.1849481779366515e-09,3.262962305183786e-10
2384,2.1438278197421825e-09,3.1594303058256676e-10
2385,2.1860450708190412e-09,3.20726614510142e-10
2386,2.2919277599134135e-09,3.534973087891132e-10
2387,2.281409595523081e-09,3.740156643238147e-10
2388,2.2054120053468135e-09,3.8160530819472265e-10
2389,2.1598685782788255e-09,3.739261617402324e-10
2390,2.2135127743830426e-09,3.6834282527862763e-10
2391,2.3183450129671927e-09,3.6762029217655995e-10
2392,2.441398578060233e-09,3.7441471273344795e-10
2393,2.618525765650999e-09,3.9750580328634707e-10
2394,2.8816659829448874e-09,4.410863689012838e-10
2395,3.0552830088720546e-09,4.682781480280112e-10
2396,2.972005725717146e-09,4.5328069054363875e-10
2397,2.6919947605204067e-09,4.0346214824904035e-10
2398,2.402802014795167e-09,3.5064685031154636e-10
2399,2.2233988986517478e-09,3.2090154160851147e-10
2400,2.06336551577836e-09,2.906936680435206e-10
2401,1.8837790643557357e-09,2.553959192627524e-10
2402,1.757954200021235e-09,2.2724072667350563e-10
2403,1.6757609247775774e-09,2.0106187516373007e-10
2404,1.6961803820020675e-09,1.9832024918589194e-10
2405,1.7042733943428251e-09,1.9679509408745205e-10
2406,1.681498918629687e-09,1.941553934823937e-10
2407,1.637143464497967e-09,1.9421648733234217e-10
2408,1.5886207502917986e-09,1.9426047380611834e-10
2409,1.581270036719769e-09,2.0194087454987772e-10
2410,1.5884602150394606e-09,2.090838761840717e-10
2411,1.5792424549721462e-09,2.1086482961194524e-10
2412,1.5468571677184741e-09,2.1035056230987065e-10
2413,1.5210602178431289e-09,2.0949322923857366e-10
2414,1.4943624852079501e-09,2.03584882424564e-10
2415,1.4292107941311673e-09,1.8901106739256033e-10
2416,1.297825260183123e-09,1.6422447138250424e-10
2417,1.1946029964148112e-09,1.4600136458630027e-10
2418,1.1792439719336764e-09,1.4230853476889578e-10
2419,1.2371206793821655e-09,1.5131516077144358e-10
2420,1.2869291667813336e-09,1.5798311129962994e-10
2421,1.3161306930945452e-09,1.607824092302996e-10
2422,1.3792677685794785e-09,1.6694310617692247e-10
2423,1.5380688294636143e-09,1.89578988303964e-10
2424,1.7083440845978122e-09,2.1671675149226391e-10
2425,1.7744196819936736e-09,2.3277200909249836e-10
2426,1.779007019555327e-09,2.4629574957433747e-10
2427,1.7917913225997242e-09,2.6002537107834577e-10
2428,1.886198167439794e-09,2.8847617002537265e-10
2429,1.919966892107018e-09,3.014047738227593e-10
2430,1.8794908601795542e-09,2.969972887370297e-10
2431,1.904630653747261e-09,3.037195381732446e-10
2432,2.083554777898044e-09,3.34916460616489e-10
2433,2.3787440617972843e-09,3.906500479041259e-10
2434,2.585703807055304e-09,4.3252578127495584e-10
2435,2.59633387059899e-09,4.353691357411434e-10
2436,2.5644433976108047e-09,4.3500265532034026e-10
2437,2.5802663033475523e-09,4.4212063272921934e-10
2438,2.557942713865358e-09,4.3907293351719977e-10
2439,2.406717324105875e-09,4.12744515440947e-10
2440,2.205562201750342e-09,3.698335622000375e-10
2441,2.179337336179306e-09,3.58220841708337e-10
2442,2.4030053145444545e-09,3.970041650031547e-10
2443,2.6726385308746114e-09,4.3689211225102037e-10
2444,2.807577155588876e-09,4.506168930102556e-10
2445,2.8591477965269797e-09,4.5548721419601834e-10
2446,2.993534328901606e-09,4.778980595386388e-10
2447,3.1182224387494437e-09,4.986721493341238e-10
2448,2.9970964627143773e-09,4.747631850122404e-10
2449,2.626575758459438e-09,4.0779955339673544e-10
2450,2.2960425601245818e-09,3.478120322863163e-10
2451,2.1549050775837533e-09,3.221860286525161e-10
2452,2.0486170416130555e-09,2.985203500443127e-10
2453,1.8175264807915451e-09,2.470575698090924e-10
2454,1.581042724463722e-09,1.9805193987006488e-10
2455,1.497311696939789e-09,1.7511204753518987e-10
2456,1.6222441981838649e-09,1.9141324591021072e-10
2457,1.6998927006358401e-09,2.003955184951368e-10
2458,1.599637507696734e-09,1.8528333501313413e-10
2459,1.4581311859787836e-09,1.68697586153866e-10
2460,1.4368363528712798e-09,1.6957946327437587e-10
2461,1.4866069491530948e-09,1.7711281508844287e-10
2462,1.4530105133270039e-09,1.7353228271354759e-10
2463,1.3104153178150956e-09,1.5600532548084412e-10
2464,1.2422988701088006e-09,1.5290117288491688e-10
2465,1.3070857944615396e-09,1.684869197424887e-10
2466,1.3556549041743571e-09,1.7724204747368242e-10
2467,1.2595325524810034e-09,1.6123623582560386e-10
2468,1.1333810572286261e-09,1.3962392219419679e-10
2469,1.1049037526988938e-09,1.299043128472407e-10
2470,1.1687255768623212e-09,1.37101228795428e-10
2471,1.2305709394652164e-09,1.494631277604311e-10
2472,1.2550779916016325e-09,1.544400602146364e-10
2473,1.3308634096136444e-09,1.6257438234301166e-10
2474,1.490229393770029e-09,1.824487741772499e-10
2475,1.6428263072405204e-09,2.0294405353864038e-10
2476,1.67960060311024e-09,2.1031157810910545e-10
2477,1.6653621474800373e-09,2.1555440041079573e-10
2478,1.6796261317757442e-09,2.2385907416048432e-10
2479,1.6974523943021286e-09,2.3074961676440974e-10
2480,1.6429818128245698e-09,2.2319551480927538e-10
2481,1.548726164301498e-09,2.069933887918659e-10
2482,1.5399624570698561e-09,2.0589922544502554e-10
2483,1.6798350804245342e-09,2.348193605878951e-10
2484,1.8576311402988265e-09,2.6888650234894443e-10
2485,2.012081290490924e-09,3.018519610039979e-10
2486,2.1298227540340875e-09,3.2351024542589995e-10
2487,2.2543146619399953e-09,3.402480215888581e-10
2488,2.3417301158193048e-09,3.5328477168353164e-10
2489,2.2332103629026383e-09,3.298826407758991e-10
2490,2.0426753849381602e-09,2.953545452383778e-10
2491,1.899753703894846e-09,2.6682243259769494e-10
2492,1.799415030380007e-09,2.3964544062099985e-10
2493,1.6923294942983445e-09,2.1480879489869115e-10
2494,1.5737477770705503e-09,1.9182406228962876e-10
2495,1.5402290827774099e-09,1.82745723442943e-10
2496,1.6130514783105664e-09,1.8874976910715118e-10
2497,1.6939705869886482e-09,1.9833957397500646e-10
2498,1.6434964388905322e-09,1.8759494024528917e-10
2499,1.5304623797992048e-09,1.6967778173213878e-10
2500,1.4931848383443584e-09,1.669074426222282e-10
2501,1.5191130281805422e-09,1.751272004450094e-10
2502,1.4804944059474587e-09,1.7366782546677397e-10
2503,1.3651279704815158e-09,1.5963382705311473e-10
2504,1.2631518716783428e-09,1.4394279309309041e-10
2505,1.241492262139534e-09,1.3586419667160492e-10
2506,1.2519072135439787e-09,1.3133161083064313e-10
2507,1.2142823759204899e-09,1.211021950793748e-10
2508,1.1668733505580863e-09,1.1258818541019546e-10
2509,1.1379222462991032e-09,1.0742670002558154e-10
2510,1.1027078455638518e-09,1.0206860253829044e-10
2511,9.985349489297947e-10,8.906448420531235e-11
2512,8.724276262840661e-10,7.611298044290163e-11
2513,7.892732904218827e-10,6.792208105646457e-11
2514,7.594571392365298e-10,6.662648842706899e-11
2515,7.463987400669413e-10,7.086159935051618e-11
2516,7.452158684457396e-10,7.756453432892203e-11
2517,7.915454077955473e-10,8.800063151012508e-11
2518,8.935075442521608e-10,1.0396416516446839e-10
2519,1.0069256040199925e-09,1.2181562459734401e-10
2520,1.074218133692907e-09,1.3515163972576655e-10
2521,1.1119516036170612e-09,1.4392413172326785e-10
2522,1.1586050546779724e-09,1.4902997287802075e-10
2523,1.2299317285214113e-09,1.5814927850782456e-10
2524,1.2687146328232632e-09,1.628301416787455e-10
2525,1.2572166568697855e-09,1.605196923407999e-10
2526,1.2257272966516616e-09,1.541928252261064e-10
2527,1.211838841052517e-09,1.4989839836692865e-10
2528,1.2098980682047271e-09,1.461470620582741e-10
2529,1.1985262108858977e-09,1.4094321958625502e-10
2530,1.1728847198458771e-09,1.3516081159644094e-10
2531,1.180175649639822e-09,1.3915355062481891e-10
2532,1.2472511812274505e-09,1.529039483078021e-10
2533,1.373877786231687e-09,1.7715328014633302e-10
2534,1.4895348992583218e-09,1.9915510459577144e-10
2535,1.569839076470729e-09,2.1403572570218514e-10
2536,1.6358663939370957e-09,2.2489193714138803e-10
2537,1.6579485515361257e-09,2.217963400070489e-10
2538,1.5743973191973551e-09,1.9814755071914475e-10
2539,1.3798456044653956e-09,1.5837140306268073e-10
2540,1.20017099760145e-09,1.2636204378779406e-10
2541,1.115550639329206e-09,1.1155534214926715e-10
2542,1.1152945433562125e-09,1.0966437294022623e-10
2543,1.0955854036607185e-09,1.0558776716876614e-10
2544,1.0559274603128467e-09,1.0186071974811271e-10
2545,1.070711711966511e-09,1.0587859610988742e-10
2546,1.1595370157748608e-09,1.1599154753472398e-10
2547,1.2702748277262393e-09,1.3064018321078442e-10
2548,1.308694737034739e-09,1.367766272952465e-10
2549,1.306034534771977e-09,1.3829357093652309e-10
2550,1.3382938995117905e-09,1.4535680313460255e-10
2551,1.343065721559738e-09,1.4815938082090108e-10
2552,1.2505911187873598e-09,1.3624414473560133e-10
2553,1.097695848339046e-09,1.1349044371922684e-10
2554,9.79393098636134e-10,9.387364619457818e-11
2555,9.333197741208633e-10,8.409382816275969e-11
2556,8.942264479121292e-10,7.706497797182877e-11
2557,8.671103933553641e-10,7.422435666302717e-11
2558,9.061701482776085e-10,8.113970564153844e-11
2559,1.025704336131592e-09,9.83089950465369e-11
2560,1.1350704385672311e-09,1.1451597691073096e-10
2561,1.1238605874476652e-09,1.156783685866945e-10
2562,1.0395643832192394e-09,1.1003405528229669e-10
2563,9.80609682649669e-10,1.0739025723326753e-10
2564,9.74686111424862e-10,1.1166825236851718e-10
2565,9.262813620479538e-10,1.0728837156300107e-10
2566,8.510732404524095e-10,1.0100615968907922e-10
2567,8.476865719828161e-10,1.0722071348260773e-10
2568,9.89092084469021e-10,1.3579789186794985e-10
2569,1.2086438236269065e-09,1.738789597861629e-10
2570,1.3374131650312624e-09,1.917435526418672e-10
2571,1.3445379729819413e-09,1.8405709471882972e-10
2572,1.3789154665734599e-09,1.8188471083422107e-10
2573,1.5148093376517157e-09,2.0258328763135646e-10
2574,1.5664560341342027e-09,2.1136320625709015e-10
2575,1.4698117771688e-09,2.0332645830857318e-10
2576,1.3340142895756033e-09,1.8487842390685298e-10
2577,1.3213970336983837e-09,1.7907053651075387e-10
2578,1.3899159349551268e-09,1.8332974176138843e-10
2579,1.4198807815832475e-09,1.8691339627398078e-10
2580,1.4050151631559934e-09,1.8472684013025404e-10
2581,1.469363341010954e-09,1.8934785002742394e-10
2582,1.5913702990092708e-09,1.9814425438444422e-10
2583,1.643794326020241e-09,2.0221863383335245e-10
2584,1.5839047583566829e-09,1.9475721562160724e-10
2585,1.5822569207934556e-09,1.9952289116014764e-10
2586,1.689211470325822e-09,2.1939264049219333e-10
2587,1.7211308472968357e-09,2.2013872310576121e-10
2588,1.557674045361817e-09,1.888631716254124e-10
2589,1.3417731385498253e-09,1.50747536997866e-10
2590,1.2719632977633055e-09,1.355028419583339e-10
2591,1.3440881733670763e-09,1.4329214612501621e-10
2592,1.4068059726269e-09,1.554895573291541e-10
2593,1.3888985779754179e-09,1.6023788021813202e-10
2594,1.415421759042329e-09,1.7217488534805657e-10
2595,1.5607229939537046e-09,2.015811070510332e-10
2596,1.7533136748430193e-09,2.411016987449049e-10
2597,1.8374078081226674e-09,2.602041011432809e-10
2598,1.8201866964331479e-09,2.5819646489051987e-10
2599,1.8138393966067695e-09,2.516186514354278e-10
2600,1.8016981544104302e-09,2.400357641998255e-10
2601,1.727617950334229e-09,2.2245333116862155e-10
2602,1.5493359089683136e-09,1.892062103759548e-10
2603,1.4231606524546958e-09,1.7162166928094127e-10
2604,1.3732262433655674e-09,1.6575169311739638e-10
2605,1.3186539258679668e-09,1.5663493017859064e-10
2606,1.207722433775481e-09,1.3917273955564113e-10
2607,1.136640953436372e-09,1.335308439543445e-10
2608,1.2229453562775576e-09,1.527514222623741e-10
2609,1.39228847626291e-09,1.8031741878878532e-10
2610,1.4046137221894532e-09,1.7776031301005123e-10
2611,1.2298225357792784e-09,1.487496094354536e-10
2612,1.0815329744726413e-09,1.249377951500301e-10
2613,1.0840049859791715e-09,1.2325173851238025e-10
2614,1.12865777207284e-09,1.296149526445047e-10
2615,1.0538443257591678e-09,1.2136536802580375e-10
2616,8.986322827001322e-10,9.939155882571067e-11
2617,8.389643962107366e-10,8.866916802975939e-11
2618,8.92374661158086e-10,9.189422002616231e-11
2619,9.777375642210916e-10,1.0159220068562104e-10
2620,1.0273715892071987e-09,1.1116083777238233e-10
2621,1.108840103387002e-09,1.2661997468076302e-10
2622,1.2389361699368627e-09,1.4783601785804293e-10
2623,1.3461283016559633e-09,1.6626380578368352e-10
2624,1.3142640222169852e-09,1.6280669905344545e-10
2625,1.2173698366901737e-09,1.4899315895911827e-10
2626,1.1886003795500996e-09,1.4332534633135478e-10
2627,1.229644100954517e-09,1.4674731226153467e-10
2628,1.224064761594835e-09,1.4083061330249727e-10
2629,1.1481663969216855e-09,1.2527553824685549e-10
2630,1.0975224809826019e-09,1.140423294527784e-10
2631,1.1521670702889575e-09,1.1920441711411667e-10
2632,1.258119704003414e-09,1.3537720561963465e-10
2633,1.3283207388096608e-09,1.4987720064961677e-10
2634,1.381215764815165e-09,1.6335555777193977e-10
2635,1.4661819980006627e-09,1.7555993945410053e-10
2636,1.5343924182427015e-09,1.8171062247898754e-10
2637,1.5441074830625468e-09,1.822925379789129e-10
2638,1.4811903869768584e-09,1.7070315538503617e-10
2639,1.4402427462274633e-09,1.6353621834308992e-10
2640,1.443821577783157e-09,1.6517826445508603e-10
2641,1.4226871126885414e-09,1.652897415848952e-10
2642,1.3809274877016395e-09,1.639476049181526e-10
2643,1.3615889291124764e-09,1.6323677268942314e-10
2644,1.414572653701769e-09,1.7339384011304284e-10
2645,1.499082305004408e-09,1.8720910990018128e-10
2646,1.5681660816595558e-09,1.970249990300451e-10
2647,1.5777207678581353e-09,1.9091631550288399e-10
2648,1.557519161875693e-09,1.8175545019302655e-10
2649,1.5025221721640534e-09,1.688221032863946e-10
2650,1.4196481681648817e-09,1.553088857675705e-10
2651,1.283442342641818e-09,1.3470047368053448e-10
2652,1.1069108393797581e-09,1.0929206733104822e-10
2653,9.39980202419777e-10,8.702083461097226e-11
2654,8.456323616786269e-10,7.443671463838824e-11
2655,8.270845842864003e-10,7.11801475702366e-11
2656,8.517817493428467e-10,7.450314513848353e-11
2657,8.590254425573422e-10,7.671972147594102e-11
2658,8.325627445192389e-10,7.53015749205908e-11
2659,7.9499523448741e-10,7.066001887793829e-11
2660,7.675973064893079e-10,6.603546340886657e-11
2661,7.195415403351457e-10,6.015010740567773e-11
2662,6.552377263683437e-10,5.553835299520316e-11
2663,6.196832486934677e-10,5.7705730948263987e-11
2664,6.301378802752956e-10,6.539040718801251e-11
2665,6.417443690339356e-10,6.795275765462675e-11
2666,6.041103480897145e-10,6.101052924282452e-11
2667,5.538568798458156e-10,5.323299607357422e-11
2668,5.569057041266711e-10,5.2836720276016065e-11
2669,6.418924595091793e-10,6.603906511371136e-11
2670,7.278404934290695e-10,8.132211574008433e-11
2671,7.305592119523642e-10,8.583481541975695e-11
2672,6.888832444779885e-10,8.181407427781526e-11
2673,6.910661813292886e-10,8.027185912540604e-11
2674,7.461673145541908e-10,8.311741143830813e-11
2675,8.091937317094618e-10,9.281787666902188e-11
2676,8.562241307454583e-10,1.0301705040379653e-10
2677,9.521024889972306e-10,1.2115737248544757e-10
2678,1.1378140246055857e-09,1.524444400743593e-10
2679,1.3154015907020142e-09,1.7619968700464416e-10
2680,1.4017698457999172e-09,1.8608977539972007e-10
2681,1.4522587026933825e-09,1.9394394057195784e-10
2682,1.5930302725718795e-09,2.2202831427510487e-10
2683,1.7998707134180629e-09,2.642811067452481e-10
2684,1.858892153633925e-09,2.7544710240427606e-10
2685,1.720492879853982e-09,2.486455752079326e-10
2686,1.5718026444473856e-09,2.1641449393191368e-10
2687,1.5558481202019182e-09,2.0861655378560043e-10
2688,1.6059676850596332e-09,2.1678062572564966e-10
2689,1.587216559116439e-09,2.175472393834684e-10
2690,1.458871714649094e-09,1.9698757073089763e-10
2691,1.320634528705132e-09,1.6848033354800478e-10
2692,1.236972087986252e-09,1.4825086730889607e-10
2693,1.1996616464910615e-09,1.3676475446378972e-10
2694,1.1503817930062835e-09,1.246710175414492e-10
2695,1.0861889927062297e-09,1.1141217064087217e-10
2696,1.0155021614982974e-09,9.729396918181934e-11
2697,9.61216567406337e-10,8.606935456931112e-11
2698,8.920985593881412e-10,7.318507382933692e-11
2699,8.198870024299811e-10,6.29343272138911e-11
2700,7.703492894250779e-10,5.741761644303359e-11
2701,7.634220714596902e-10,5.770195983564999e-11
2702,7.521922459839554e-10,5.690769735788599e-11
2703,7.296265515876015e-10,5.715486779413393e-11
2704,6.87784424355253e-10,5.364617888695224e-11
2705,6.647058702347102e-10,4.974504218099274e-11
2706,6.465356941844068e-10,4.5388496042482305e-11
2707,6.108740283806298e-10,4.105153400605094e-11
2708,5.648397485642366e-10,3.887872649987903e-11
2709,5.489353503923908e-10,4.124886359911042e-11
2710,5.509299857981448e-10,4.444014955396066e-11
2711,5.21231847368295e-10,4.2904192901213166e-11
2712,4.620111012908771e-10,3.8159395829252164e-11
2713,4.246918391713825e-10,3.5698786280182204e-11
2714,4.424932155936591e-10,3.891432017180881e-11
2715,5.177252980056863e-10,4.956000065427604e-11
2716,5.918681306135032e-10,6.079991637834117e-11
2717,6.574536133470997e-10,7.066114863847791e-11
2718,7.362902447963399e-10,8.244925275144511e-11
2719,8.428139407624921e-10,9.753827207198975e-11
2720,9.106183438535279e-10,1.0762588367494611e-10
2721,8.886051028753554e-10,1.0704226844224027e-10
2722,8.741880137193626e-10,1.0984437972137976e-10
2723,9.275813981827165e-10,1.1952770657407214e-10
2724,1.031005224696158e-09,1.3387320145419167e-10
2725,1.0854295040632386e-09,1.4102531904803362e-10
2726,1.1127272170848594e-09,1.4848463663665404e-10
2727,1.2745737912498285e-09,1.780724721558473e-10
2728,1.520612182043742e-09,2.0830580038694305e-10
2729,1.6568503757179498e-09,2.2238336930188064e-10
2730,1.5982068850040508e-09,2.1443417633408384e-10
2731,1.5485407263847602e-09,2.0463916001529347e-10
2732,1.7257996942767904e-09,2.357217471176253e-10
2733,1.918595539769402e-09,2.724488524237747e-10
2734,1.8517607580402916e-09,2.6726226764844065e-10
2735,1.645468746394136e-09,2.370995888520671e-10
2736,1.5046219800697572e-09,2.0520046738540805e-10
2737,1.4573208317626473e-09,1.8790774530932578e-10
2738,1.3021274749007658e-09,1.5580461028086078e-10
2739,1.0799279540525698e-09,1.1925722066518655e-10
2740,9.643695004429743e-10,9.987359667738917e-11
2741,9.764655780281462e-10,9.672574000520618e-11
2742,9.747817242323404e-10,9.378356693693653e-11
2743,8.743323686311337e-10,8.0402802678165e-11
2744,7.687215974588569e-10,6.620067766898586e-11
2745,7.719171510472908e-10,6.467434564360186e-11
2746,8.166141715341995e-10,6.58960846017946e-11
2747,7.872283681084785e-10,6.02736972071717e-11
2748,6.901156326199322e-10,4.8127290002659895e-11
2749,6.668805246962406e-10,4.493222002266746e-11
2750,7.116086603100127e-10,4.7890295340343144e-11
2751,7.290224262587787e-10,4.962208812720885e-11
2752,6.625392250670258e-10,4.5009694944196476e-11
2753,5.920655295178014e-10,3.9904572040717186e-11
2754,6.078662028594862e-10,4.283327072634166e-11
2755,6.5324938421089e-10,4.64713675970905e-11
2756,6.22890598468602e-10,4.152036700290378e-11
2757,5.48693324705003e-10,3.399232459830448e-11
2758,5.336185483878619e-10,3.295535874324971e-11
2759,5.805522919565224e-10,3.665703508942066e-11
2760,5.746384893120267e-10,3.4970839482848145e-11
2761,4.704092645207835e-10,2.7104151246035823e-11
2762,3.816581900052381e-10,2.1048468084052338e-11
2763,3.9932883272374566e-10,2.4098667365549727e-11
2764,5.081904349515513e-10,3.681322522709788e-11
2765,6.01147245383175e-10,5.2148286399940774e-11
2766,6.502349381685267e-10,6.545561710164275e-11
2767,7.381628927573902e-10,8.291990717092712e-11
2768,9.220414202827899e-10,1.0941050557033359e-10
2769,1.0737182883574492e-09,1.2638156332462273e-10
2770,1.0666215906155589e-09,1.2364086969494323e-10
2771,9.997204756099362e-10,1.1300662254601264e-10
2772,1.0169420454005425e-09,1.1491977328295767e-10
2773,1.0763927016099779e-09,1.2186645667486457e-10
2774,1.0265554339247951e-09,1.1304558918353562e-10
2775,9.08755061414967e-10,9.458205007546603e-11
2776,8.783718601103814e-10,8.672785816995152e-11
2777,9.72801582074305e-10,9.454869565852963e-11
2778,1.0713658095993904e-09,1.0470094116544444e-10
2779,1.0515462831286729e-09,1.0175168762125277e-10
2780,9.970398265345994e-10,9.4555575316401e-11
2781,1.0416692799492956e-09,1.0056872957963435e-10
2782,1.1254649744682863e-09,1.1169584120397963e-10
2783,1.103481372189924e-09,1.0973095458599296e-10
2784,9.775101162667542e-10,9.517657653401376e-11
2785,8.76670916875172e-10,8.140720947325016e-11
2786,8.288198521098466e-10,7.117404147958334e-11
2787,7.804794240666388e-10,6.218948863025915e-11
2788,6.901636124238222e-10,5.037188896580076e-11
2789,6.172971453578295e-10,4.138501328321419e-11
2790,5.855914422862451e-10,3.655425253680935e-11
2791,5.791625251816931e-10,3.6248508750746244e-11
2792,5.401475332994634e-10,3.2806929279855434e-11
2793,4.892444745505513e-10,2.8103281983333448e-11
2794,4.637359285045337e-10,2.503729054074851e-11
2795,4.489140752279324e-10,2.2229934995688552e-11
2796,4.2658271306211433e-10,1.9020787315572035e-11
2797,4.044396407805629e-10,1.661067274311311e-11
2798,4.065554757249196e-10,1.6082406314926556e-11
2799,4.467732113805838e-10,1.9097126400375824e-11
2800,4.767123027683414e-10,2.1754571346867296e-11
2801,4.5307002722817184e-10,1.9885687596923396e-11
2802,4.114773116809387e-10,1.724072179289706e-11
2803,3.7651586556630997e-10,1.4759603606139467e-11
2804,3.509160623513289e-10,1.3021762282687372e-11
2805,3.095719854985282e-10,1.0747199339401783e-11
2806,2.5778448250554276e-10,8.08899918703252e-12
2807,2.2709851242574479e-10,6.441067902175386e-12
2808,2.3335818479282723e-10,6.819568280543406e-12
2809,2.53070576370143e-10,8.352596116692151e-12
2810,2.7556494467482913e-10,1.1560940295885597e-11
2811,3.1223654009946e-10,1.7776239013067915e-11
2812,3.952327762404432e-10,2.9693884264371715e-11
2813,5.229568725853294e-10,4.8029169584613484e-11
2814,6.513272677220334e-10,6.927474041200047e-11
2815,7.088113258725011e-10,8.191386281438879e-11
2816,7.46691890670288e-10,9.227339223493945e-11
2817,7.950815655590075e-10,1.0215606232975083e-10
2818,8.535385597544813e-10,1.1055309558510686e-10
2819,8.444978165887538e-10,1.0511847213837738e-10
2820,7.778623331479438e-10,9.202432593784053e-11
2821,7.111821967018689e-10,7.942248228492219e-11
2822,7.081248063243853e-10,7.741655166150295e-11
2823,7.604177330217555e-10,8.518536865359311e-11
2824,7.939765972193673e-10,8.90926519496738e-11
2825,7.79371819043154e-10,8.5979484080176e-11
2826,7.805842376067197e-10,8.455713328588468e-11
2827,8.174913448543286e-10,8.516109932629792e-11
2828,8.306136165986754e-10,8.053891281894523e-11
2829,7.869408779453654e-10,7.07721711530815e-11
2830,7.197611779536279e-10,6.088147580147315e-11
2831,7.042840897643849e-10,5.7524739366500156e-11
2832,7.030693049056889e-10,5.517891770014313e-11
2833,6.51742546978929e-10,4.822858527066653e-11
2834,5.672868903643834e-10,3.960790380068442e-11
2835,5.169430146903206e-10,3.3578402635530914e-11
2836,5.138211554349218e-10,3.181530114072165e-11
2837,4.986291892937546e-10,2.9000820207258712e-11
2838,4.493327888435728e-10,2.4206091953550967e-11
2839,4.186126764011168e-10,2.1398901726138992e-11
2840,4.506812000567594e-10,2.389452828789984e-11
2841,4.881114349000545e-10,2.5458734700573687e-11
2842,4.5358485795680416e-10,2.1425890209198516e-11
2843,3.912905929186348e-10,1.711110620154345e-11
2844,3.659408962428551e-10,1.489912931501791e-11
2845,3.801633376030643e-10,1.521522189784938e-11
2846,3.8610640070942624e-10,1.6219647138237063e-11
2847,3.602656436508193e-10,1.5442636618905585e-11
2848,3.581431711615195e-10,1.5490572298600643e-11
2849,3.977809406636357e-10,1.761457623144984e-11
2850,4.3910013488979736e-10,2.0118989582156123e-11
2851,4.2362985436394473e-10,1.854119297301391e-11
2852,3.860124021780042e-10,1.6131770052431946e-11
2853,3.75755161742614e-10,1.587673121849274e-11
2854,3.8846900552044334e-10,1.756107441068986e-11
2855,3.7071213514242355e-10,1.723219199653247e-11
2856,3.2738738886707984e-10,1.566662681595802e-11
2857,3.2326532818470163e-10,1.7619924303564797e-11
2858,3.9157551604253474e-10,2.6199978694251422e-11
2859,5.11839027297318e-10,4.208425040588128e-11
2860,6.158509231106094e-10,5.950138484084508e-11
2861,6.631924560618753e-10,6.832583473742121e-11
2862,7.447212745908147e-10,8.068331876571891e-11
2863,8.580964765552884e-10,9.434549915235356e-11
2864,9.284505182977105e-10,1.039526840385168e-10
2865,9.124166957622503e-10,1.072193220157474e-10
2866,8.637149717999838e-10,1.0372890895595209e-10
2867,8.513054965182934e-10,1.0249754070210012e-10
2868,8.100609384862943e-10,9.289146868375393e-11
2869,7.368629261202951e-10,8.145975671653654e-11
2870,6.996854148127657e-10,7.5884688695021e-11
2871,7.62669589134781e-10,8.341315864703979e-11
2872,9.092527948544278e-10,1.0295351287858223e-10
2873,1.0019935134158784e-09,1.1425857959706646e-10
2874,9.53606034438113e-10,1.0194962927670286e-10
2875,8.664448726166057e-10,8.493830326511054e-11
2876,8.234264195689573e-10,7.696334971530887e-11
2877,8.092590858833806e-10,7.661183294857935e-11
2878,7.619399287899016e-10,7.336595603608738e-11
2879,6.957293492732453e-10,6.812506693298541e-11
2880,6.455390314217534e-10,6.082115746448677e-11
2881,6.549796056487375e-10,5.947234767324328e-11
2882,6.708186913838633e-10,5.735133498344126e-11
2883,6.231974409199705e-10,4.7188220201411436e-11
2884,5.341995776655341e-10,3.4955883141367477e-11
2885,4.612451294479827e-10,2.720151109036065e-11
2886,4.361744439151779e-10,2.542120977618158e-11
2887,4.221198133506264e-10,2.452390926114729e-11
2888,3.991086874693834e-10,2.3180837308673573e-11
2889,3.7422223246392494e-10,2.106494816565503e-11
2890,3.6717064044182673e-10,1.9810947075472044e-11
2891,3.834965393320754e-10,2.064806642303164e-11
2892,3.93977483366475e-10,2.1030068219444688e-11
2893,4.075481293542382e-10,2.1714042906583805e-11
2894,4.3791552721864445e-10,2.348219511505757e-11
2895,4.696823852811586e-10,2.4994481640900712e-11
2896,4.687906800358667e-10,2.4518306155219383e-11
2897,4.278136533565835e-10,2.1360233068085443e-11
2898,3.8914875142674233e-10,1.846030521592166e-11
2899,3.678269142149833e-10,1.638931151039777e-11
2900,3.5577019907332565e-10,1.489314534300191e-11
2901,3.3630799314702745e-10,1.3156458157829502e-11
2902,3.3573729862077987e-10,1.3174640898396011e-11
2903,3.871048600849258e-10,1.7802662168826873e-11
2904,4.795736894625035e-10,2.7149288881234776e-11
2905,5.434394221632219e-10,3.55674375192619e-11
2906,5.571529923539626e-10,4.026959672525548e-11
2907,5.745100393071219e-10,4.462279114919217e-11
2908,6.482405647477271e-10,5.46095256124178e-11
2909,7.468302211954957e-10,6.846483759512534e-11
2910,7.970148790707271e-10,7.853576198290619e-11
2911,8.004940116661182e-10,8.303405938250179e-11
2912,8.137868639842624e-10,8.701411879999628e-11
2913,8.326238280566922e-10,8.778888305033553e-11
2914,8.3346278856983e-10,8.587857356819776e-11
2915,8.135168398228968e-10,8.256976444547185e-11
2916,8.404938592748749e-10,8.816473895487264e-11
2917,8.885035103250025e-10,9.605594213891011e-11
2918,9.108265942622693e-10,1.0072893483397406e-10
2919,9.043605964574809e-10,1.0071578288503353e-10
2920,9.023961652849017e-10,9.72039067338108e-11
2921,8.916074164401913e-10,8.840108237932046e-11
2922,8.129739961092754e-10,7.222370261355269e-11
2923,6.874494484263734e-10,5.453023241108762e-11
2924,6.057327937202727e-10,4.4439364668464833e-11
2925,5.820025937851944e-10,3.98382827578078e-11
2926,5.486414933684368e-10,3.494930779098338e-11
2927,4.3819059996556116e-10,2.3220675695558125e-11
2928,3.3441313504176724e-10,1.4129991532826534e-11
2929,3.0286451913786056e-10,1.1395856954815251e-11
2930,3.349200814653115e-10,1.3700029976348376e-11
2931,3.7180396333709227e-10,1.7482812375482052e-11
2932,3.8664114972280405e-10,2.1337642409400707e-11
2933,4.151870258438538e-10,2.6674082093540305e-11
2934,4.889634686048609e-10,3.48841334534437e-11
2935,5.664059777748797e-10,4.238484664437667e-11
2936,5.432707625965843e-10,3.966701038154353e-11
2937,4.745419357187201e-10,3.395388866232981e-11
2938,4.4232568976831466e-10,3.1254515453343324e-11
2939,4.4767354824674236e-10,3.061023655987664e-11
2940,4.1902396932215994e-10,2.6292858466133274e-11
2941,3.3196119880392096e-10,1.7736650016406478e-11
2942,2.7536510424199005e-10,1.3124079001705582e-11
2943,2.754288490501777e-10,1.2615055019465538e-11
2944,2.8606782488894284e-10,1.2269461256119977e-11
2945,2.608339524089295e-10,9.885090978913285e-12
2946,2.2715789038710608e-10,7.813569118031265e-12
2947,2.4173411475666097e-10,8.814716216232544e-12
2948,2.9972155204525184e-10,1.2731301428213183e-11
2949,3.308140601942547e-10,1.570272633503589e-11
2950,3.0554924802839e-10,1.488165445094023e-11
2951,3.0225382895331116e-10,1.556875093459831e-11
2952,3.6713914786048755e-10,2.2290471195549964e-11
2953,4.818347032872351e-10,3.676035682371365e-11
2954,5.484002874868093e-10,5.056298195338521e-11
2955,5.756230414339924e-10,6.103280805894497e-11
2956,6.251640791573553e-10,7.074260652603673e-11
2957,7.044622326539879e-10,8.052138571675357e-11
2958,7.341183540664342e-10,8.207192772901971e-11
2959,6.78821311399004e-10,6.986004548819269e-11
2960,6.477908227495588e-10,6.188643034878414e-11
2961,6.784683590034166e-10,6.234664269165754e-11
2962,7.32234796761095e-10,6.824216207538498e-11
2963,7.211826359732233e-10,6.691184020757594e-11
2964,6.405873215775439e-10,5.564764547666298e-11
2965,5.833855604220509e-10,4.7488470746818877e-11
2966,5.87822676138115e-10,4.6795062851884654e-11
2967,6.09066242436713e-10,4.851408218352952e-11
2968,5.781999431361937e-10,4.370666541152887e-11
2969,4.963899168651347e-10,3.3074129898833324e-11
2970,4.2030522508265933e-10,2.383813656465864e-11
2971,3.844013856398217e-10,1.8702723453675778e-11
2972,3.452768032414004e-10,1.3454873192225753e-11
2973,2.66601532368601e-10,7.103381570482127e-12
2974,1.860072396696271e-10,3.050726961027892e-12
2975,1.47093358533901e-10,1.7672253418703594e-12
2976,1.539972044532908e-10,2.3611758280730748e-12
2977,1.8645250071352226e-10,4.870036823237694e-12
2978,2.208451717718241e-10,9.024030464726326e-12
2979,2.6813761975840837e-10,1.5392981856446007e-11
2980,3.5168692472441915e-10,2.5109880359913244e-11
2981,4.5699514930169535e-10,3.7346771938258544e-11
2982,5.074955674870799e-10,4.2867569021738496e-11
2983,5.12618918020682e-10,4.456597196656052e-11
2984,5.101204226175067e-10,4.329594466999031e-11
2985,5.01375887588243e-10,3.9765328030550875e-11
2986,4.421130797870545e-10,3.236116860723624e-11
2987,3.3777496927237396e-10,2.216866015371578e-11
2988,2.718323981619082e-10,1.6568495728369576e-11
2989,2.589805506846225e-10,1.5136629977374993e-11
2990,2.646939755021165e-10,1.4631435257188537e-11
2991,2.602597304796908e-10,1.3504486841382089e-11
2992,2.683281712340165e-10,1.4220752244623197e-11
2993,3.301567895255222e-10,1.978409110211839e-11
2994,4.3166536748102444e-10,2.9864632795976134e-11
2995,5.083863129151266e-10,3.974230458812736e-11
2996,5.174048774638101e-10,4.2228557533121485e-11
2997,5.460503620408178e-10,4.7508217958003974e-11
2998,6.291307393755331e-10,5.979397483995094e-11
2999,7.088747788106294e-10,7.193409826176824e-11
3000,7.197427665280434e-10,7.56278385981995e-11
3001,6.676935707604887e-10,6.768006368336077e-11
3002,6.5144611662664e-10,6.148760336883626e-11
3003,6.82209544018254e-10,6.050916266362372e-11
3004,7.044938201690108e-10,6.051090007490974e-11
3005,6.875301183100694e-10,5.749256005010237e-11
3006,6.518328981575378e-10,5.3062084601404504e-11
3007,6.468379650790615e-10,5.350713034696706e-11
3008,6.596574628776872e-10,5.539796762158677e-11
3009,6.508278143341096e-10,5.364688010384864e-11
3010,6.177201497479654e-10,4.844151907906473e-11
3011,6.155386479320377e-10,4.8794054751966864e-11
3012,6.469716805110943e-10,5.168753232483254e-11
3013,6.765437889000735e-10,5.3230083466515425e-11
3014,6.208016136753844e-10,4.341491351721669e-11
3015,5.235996254514242e-10,3.158255501078519e-11
3016,4.6176549796112905e-10,2.51870966764671e-11
3017,4.4898779769435873e-10,2.3205894643043237e-11
3018,4.126825537547146e-10,1.9046341138158697e-11
3019,3.3164580350709157e-10,1.2512989818816247e-11
3020,2.5660619452752815e-10,7.359623631690626e-12
3021,2.410053298943376e-10,6.164175054351934e-12
3022,2.7802075439129887e-10,8.218058477867961e-12
3023,3.1285028242842833e-10,1.0913912765208062e-11
3024,3.1078562391118223e-10,1.2189217348535904e-11
3025,3.190921543897917e-10,1.4883891061199434e-11
3026,3.633007798831326e-10,1.9209773574360606e-11
3027,4.3641514451345243e-10,2.595383450550978e-11
3028,4.577840332845868e-10,2.852921015286579e-11
3029,4.3372413978865206e-10,2.7264097621987415e-11
3030,4.182981157178023e-10,2.5932973762460514e-11
3031,4.1953779583442737e-10,2.4987381604249262e-11
3032,3.900680518640372e-10,2.0659029938227375e-11
3033,3.175015940003686e-10,1.4030935833787531e-11
3034,2.6504403326574407e-10,1.066278454169063e-11
3035,2.764071554441489e-10,1.1906167974712974e-11
3036,3.209635447868179e-10,1.570207795322723e-11
3037,3.40011176631874e-10,1.8209707638240027e-11
3038,3.3750969918393226e-10,1.9374190149414447e-11
3039,3.8483628605118855e-10,2.50543051011448e-11
3040,4.927876369007367e-10,3.64137369930295e-11
3041,5.885955513812147e-10,4.783296259873908e-11
3042,5.671884570946794e-10,4.718746677456241e-11
3043,5.090653851221287e-10,4.1395133592513546e-11
3044,4.996060450607763e-10,3.890407025144979e-11
3045,5.04316617084536e-10,3.6489495179664114e-11
3046,4.6213792036377595e-10,3.085358558440666e-11
3047,3.822381177235392e-10,2.257329184645916e-11
3048,3.5895974263714035e-10,1.9690237848906976e-11
3049,4.1679729185972967e-10,2.3428577613693955e-11
3050,4.871292430114311e-10,2.784607173038802e-11
3051,5.113893015682393e-10,2.99157772641471e-11
3052,5.135569495543493e-10,3.035076479392806e-11
3053,5.678139914396929e-10,3.540465994783761e-11
3054,6.580633377379375e-10,4.487058897557689e-11
3055,6.897562463685019e-10,4.9238102189252655e-11
3056,6.319327656898347e-10,4.302741701659102e-11
3057,5.611513776886296e-10,3.4461308685622605e-11
3058,5.261644777834677e-10,2.920508098168514e-11
3059,4.746057576379991e-10,2.2169790498973202e-11
3060,3.749488229574489e-10,1.3049939005197706e-11
3061,2.80885259463885e-10,7.077032724914905e-12
3062,2.3616081338862735e-10,4.6978861244393784e-12
3063,2.335618676483802e-10,4.334456285638671e-12
3064,2.3182193993387484e-10,4.31939217537904e-12
3065,2.2377782086942463e-10,4.589459120004847e-12
3066,2.3275234069056902e-10,5.691719978495563e-12
3067,2.7974514131135884e-10,8.606191299015513e-12
3068,3.3272385116038065e-10,1.19852199200819e-11
3069,3.332099093568781e-10,1.1865918872272738e-11
3070,2.978179565841295e-10,9.908005092746167e-12
3071,2.8047536815829984e-10,9.242097662972004e-12
3072,3.0301654449254524e-10,1.1282173060116362e-11
3073,3.193042256591225e-10,1.2747626749188151e-11
3074,3.00064231962527e-10,1.161748574462642e-11
3075,2.790626143631224e-10,1.0321508466942817e-11
3076,2.861661601027249e-10,1.0192616831755074e-11
3077,3.2211977142847265e-10,1.2145725692119534e-11
3078,3.3163070467495763e-10,1.2637795093583915e-11
3079,2.9367629837544134e-10,1.0386317047697167e-11
3080,2.613878703896186e-10,8.871002013390657e-12
3081,2.727239828560932e-10,1.0078184541311847e-11
3082,3.2116860114438515e-10,1.3921228670885319e-11
3083,3.4645600716862463e-10,1.6156543948477706e-11
3084,3.253338725191873e-10,1.4707906626093497e-11
3085,3.199776506938418e-10,1.473277192152398e-11
3086,3.6588267047894407e-10,1.8432442818744946e-11
3087,4.2353967762694976e-10,2.328801209265912e-11
3088,4.336635254736597e-10,2.599518497236083e-11
3089,3.924622227315979e-10,2.443412269755086e-11
3090,3.704937958935077e-10,2.344099356163024e-11
3091,3.8115118047649445e-10,2.406107434929608e-11
3092,3.7730303300800925e-10,2.4128665094625982e-11
3093,3.4945720442834536e-10,2.3048171132863496e-11
3094,3.5282924429667594e-10,2.4183249311946772e-11
3095,4.1632433776092286e-10,2.891529007360664e-11
3096,4.986248273423648e-10,3.4053422866849506e-11
3097,5.348540257384705e-10,3.551146748801822e-11
3098,5.237449134384852e-10,3.341619585234808e-11
3099,5.499705979360205e-10,3.636080740039697e-11
3100,6.017325054079236e-10,4.2058354333601406e-11
3101,5.899594749714862e-10,4.117760539300379e-11
3102,4.915557176736236e-10,3.063301123676859e-11
3103,3.9970415077405396e-10,2.1255606320220976e-11
3104,3.6838080233085147e-10,1.7218134050505075e-11
3105,3.539874436060713e-10,1.423954453790223e-11
3106,3.1471043766292395e-10,1.0773161676888588e-11
3107,2.7386214174321143e-10,8.8495204409273e-12
3108,2.76054312919509e-10,9.612019327222196e-12
3109,3.2224559321310807e-10,1.2788156243328169e-11
3110,3.5327152438575975e-10,1.6475751923844464e-11
3111,3.350837209321085e-10,1.8696400259780915e-11
3112,3.321144669778418e-10,2.2008899825281055e-11
3113,3.776398674357858e-10,2.7767048532118167e-11
3114,4.271359402698866e-10,3.1229319874245677e-11
3115,4.064817095305709e-10,2.59277633347301e-11
3116,3.514315583968878e-10,1.8622627293023107e-11
3117,3.4109635877821666e-10,1.6579885003107347e-11
3118,3.8031733314579996e-10,1.9535721456441593e-11
3119,4.0191038371078103e-10,2.3537171329202557e-11
3120,3.522446461505566e-10,2.1543392503626697e-11
3121,2.970892095200534e-10,1.7819124115693954e-11
3122,2.945860380375064e-10,1.78180941044442e-11
3123,3.3977963822052594e-10,2.2331700939165087e-11
3124,3.6293988528404317e-10,2.609307661607e-11
3125,3.3759426504317184e-10,2.6424927055269832e-11
3126,3.2410960668255876e-10,2.7403923840957732e-11
3127,3.5585023604474233e-10,2.8713814056914293e-11
3128,4.1472352366465124e-10,3.0366355325600613e-11
3129,4.399776380376041e-10,3.081772190855721e-11
3130,4.27151740083012e-10,3.0480762938694034e-11
3131,4.3087353602718307e-10,3.3461400087383606e-11
3132,4.735570104424985e-10,4.049383090968043e-11
3133,5.056657917200268e-10,4.4149667599135874e-11
3134,5.079869412169964e-10,4.301123058156259e-11
3135,5.164731952591207e-10,4.1157592413907765e-11
3136,5.648002697122596e-10,4.3652087087561606e-11
3137,6.29683923100874e-10,5.129009710395635e-11
3138,6.697563541997436e-10,6.068442538705444e-11
3139,6.812884754449757e-10,6.615399469860293e-11
3140,7.237267257020158e-10,7.438597771995723e-11
3141,7.773855639127918e-10,7.950926316081185e-11
3142,7.726666973309886e-10,7.532301158703048e-11
3143,7.217958176732131e-10,6.707883662319233e-11
3144,6.869713120472891e-10,6.077462408951276e-11
3145,6.872516895947588e-10,5.599112467504329e-11
3146,6.896484409566286e-10,5.326459418859362e-11
3147,6.342242535903694e-10,4.453654399248308e-11
3148,5.562839463141724e-10,3.478836931586673e-11
3149,5.258811410854087e-10,3.17506456811408e-11
3150,5.118609247322686e-10,3.0046688941819654e-11
3151,4.841474719501376e-10,2.720537801395995e-11
3152,4.2955078141362234e-10,2.2141355468147706e-11
3153,4.0849688701780993e-10,2.0776260039187893e-11
3154,4.3213961702498623e-10,2.2500502334540367e-11
3155,4.74158357568607e-10,2.7270949807570747e-11
3156,5.036622573650425e-10,3.510803703377285e-11
3157,5.119884144686635e-10,4.115690417292207e-11
3158,5.452677845819805e-10,4.904950355216962e-11
3159,5.901182725135178e-10,5.507474928907679e-11
3160,5.984415409461091e-10,5.3644627485446204e-11
3161,5.645493432944151e-10,4.604975773364279e-11
3162,5.281964031040019e-10,3.919407034849088e-11
3163,5.047829113248196e-10,3.393934583336489e-11
3164,4.671895387318605e-10,2.7775165905721176e-11
3165,4.067459480187322e-10,2.12321387193178e-11
3166,3.414195739274069e-10,1.581025102941983e-11
3167,3.308479303670028e-10,1.594109637202823e-11
3168,3.7564273819570377e-10,2.1654227978311895e-11
3169,4.38190651024887e-10,3.066458481072358e-11
3170,4.935609790733005e-10,4.2265284954405254e-11
3171,5.266153921284784e-10,5.045512868904279e-11
3172,5.543250823627195e-10,5.387486038272694e-11
3173,5.717127506469164e-10,5.346284312597585e-11
3174,5.761810328401228e-10,5.13866625563124e-11
3175,5.97555532722462e-10,5.259977089963734e-11
3176,6.524766956347388e-10,5.959349720837965e-11
3177,7.116715597703019e-10,6.697542102689823e-11
3178,7.120323715941539e-10,6.601642158905225e-11
3179,6.445217527441206e-10,5.450785720575892e-11
3180,6.013079879301241e-10,4.708583147364316e-11
3181,5.960618707714538e-10,4.3097942215193466e-11
3182,6.134247910561814e-10,4.3084439470100874e-11
3183,6.145920567540988e-10,4.435853858920499e-11
3184,6.116304696662522e-10,4.634322441944832e-11
3185,6.36843285815279e-10,5.118477298993805e-11
3186,6.904675228875762e-10,5.943250537905682e-11
3187,6.926332701345764e-10,5.939234376582904e-11
3188,6.611520830793129e-10,5.4441243875217784e-11
3189,6.347262715859867e-10,4.929880598809176e-11
3190,6.314529568794669e-10,4.578048452735752e-11
3191,6.195222645793948e-10,4.1782963544972936e-11
3192,5.646861141206974e-10,3.3920218269865104e-11
3193,5.095425859679621e-10,2.7393664190454986e-11
3194,4.973317100073337e-10,2.5596383008318064e-11
3195,5.266638017515122e-10,2.8417652650751656e-11
3196,5.360782370806911e-10,2.9858302278109576e-11
3197,5.028705009364754e-10,2.7127046659179133e-11
3198,4.65823888183514e-10,2.2849826834901862e-11
3199,4.5732244795690363e-10,2.0302200544204704e-11
3200,4.655410716596797e-10,1.9638788884669695e-11
3201,4.687349497008535e-10,2.0161692612710466e-11
3202,4.6189827688080843e-10,2.232594913057381e-11
3203,4.673627045046319e-10,2.8472790846613516e-11
3204,4.924420912666489e-10,3.7532841316697074e-11
3205,5.079891833283171e-10,4.1072110230122154e-11
3206,5.045859168023101e-10,3.958052882030678e-11
3207,5.259480173537323e-10,4.090772501026718e-11
3208,5.583228716393528e-10,4.282220255721998e-11
3209,5.780994252389805e-10,4.3977046576685405e-11
3210,5.443971417875602e-10,3.931505082128945e-11
3211,4.754060558825424e-10,3.0737676228062217e-11
3212,4.248551968325059e-10,2.5502396365167007e-11
3213,4.087670014107573e-10,2.5356392520695637e-11
3214,3.986230047977568e-10,2.8069967579368623e-11
3215,3.787579899626892e-10,3.243289492681755e-11
3216,3.633055274604194e-10,3.634817682879664e-11
3217,3.735632880330081e-10,4.0489649875463046e-11
3218,4.190376641367535e-10,4.5312974943785725e-11
3219,4.6436900735056413e-10,4.700646732403699e-11
3220,4.822934837341045e-10,4.506084942131869e-11
3221,4.8916236401417e-10,4.311335576801594e-11
3222,5.1492905579092e-10,4.286210313087268e-11
3223,5.549424152975542e-10,4.461386716888428e-11
3224,5.429748384896553e-10,4.139209197250004e-11
3225,4.969646157580829e-10,3.6861967318031675e-11
3226,4.882978240919472e-10,3.807308639955478e-11
3227,5.599513450115033e-10,4.742481506174181e-11
3228,6.563315116273037e-10,5.7580169731078585e-11
3229,6.66599570236515e-10,5.603193542417373e-11
3230,5.953533291166413e-10,4.609904557668409e-11
3231,5.63303778238824e-10,4.2133505798921475e-11
3232,6.115116027891495e-10,4.98264844515342e-11
3233,6.316241678137693e-10,5.557792721051818e-11
3234,5.301672137019341e-10,4.476407564694754e-11
3235,3.9663163024599594e-10,2.8267718062510838e-11
3236,3.3813867539423813e-10,1.883294861422195e-11
3237,3.465304980523181e-10,1.655289688531067e-11
3238,3.5339472212248423e-10,1.5769081640395844e-11
3239,3.2564782587273044e-10,1.412320359044899e-11
3240,3.0938793821511265e-10,1.3256380904733776e-11
3241,3.357076085958838e-10,1.381741910174023e-11
3242,3.799937601117982e-10,1.5248904089082902e-11
3243,3.8217953622835025e-10,1.541781629106788e-11
3244,3.597217943692537e-10,1.5344666975913937e-11
3245,3.7553554827853613e-10,1.88898328152129e-11
3246,4.265495206499851e-10,2.5445793530473087e-11
3247,4.49659050447949e-10,2.7969962899919902e-11
3248,4.072313145665324e-10,2.290200217930227e-11
3249,3.6745835610370503e-10,1.8524591554336252e-11
3250,3.914701769474625e-10,2.0841244406297236e-11
3251,4.3860813716031215e-10,2.6453184442188117e-11
3252,4.5148557156629195e-10,3.189105381918856e-11
3253,4.0889033133819273e-10,3.028517484580973e-11
3254,3.6192086466862907e-10,2.4089341469085416e-11
3255,3.399136312203125e-10,1.9466311318279523e-11
3256,3.2371055398902394e-10,1.6963645210545515e-11
3257,3.041328470238316e-10,1.66020830109226e-11
3258,3.1392868958908456e-10,2.0241403549859596e-11
3259,3.533440804064078e-10,2.6597663761367366e-11
3260,3.9068414719312174e-10,3.3142530624055454e-11
3261,3.7646350445844704e-10,3.447540759852222e-11
3262,3.6400906294610903e-10,3.8622826318440975e-11
3263,4.120300538237463e-10,5.35543814065657e-11
3264,5.234116026981894e-10,7.944166233323532e-11
3265,6.287190937001526e-10,1.0418112113160943e-10
3266,6.292108956890864e-10,1.0436898723630866e-10
3267,5.759199813161657e-10,8.860467321146611e-11
3268,5.688503367259919e-10,7.805659239142675e-11
3269,6.094156579511396e-10,7.528989861641282e-11
3270,6.086834484324396e-10,6.818609687670472e-11
3271,5.365130423139131e-10,5.417062169949958e-11
3272,4.747903987464194e-10,4.372400962496452e-11
3273,4.982969280460101e-10,4.431823970076333e-11
3274,5.730551260667256e-10,5.177998296757062e-11
3275,6.084705609899901e-10,5.692820018156753e-11
3276,5.708125837402107e-10,5.295419057746228e-11
3277,5.265492535301719e-10,4.607145297334407e-11
3278,5.257239706210423e-10,4.291473483014006e-11
3279,5.192753961385191e-10,4.06789506124433e-11
3280,4.6507138262180393e-10,3.648626093015216e-11
3281,4.1778107351992217e-10,3.4972073759042234e-11
3282,4.078015764284022e-10,3.517460217379381e-11
3283,4.1528913970717167e-10,3.474260149946976e-11
3284,3.8902446858092293e-10,3.0023366070208164e-11
3285,3.3693340000335395e-10,2.3374641020175203e-11
3286,2.971500130969689e-10,1.8466207349607546e-11
3287,3.005480550438933e-10,1.751781183582694e-11
3288,3.108350813234395e-10,1.6566222475447965e-11
3289,3.031512172048878e-10,1.434402284161173e-11
3290,3.0438997889040254e-10,1.398810443340632e-11
3291,3.3877290377394853e-10,1.7030007843327565e-11
3292,4.07002201732531e-10,2.397492255770983e-11
3293,4.605477687043484e-10,3.0200742529517076e-11
3294,4.685850740250075e-10,3.170642242366345e-11
3295,4.6277901596099495e-10,2.994540427028654e-11
3296,4.739971873523622e-10,2.9033969834222407e-11
3297,4.870025030002443e-10,2.97937919284025e-11
3298,4.723914171224095e-10,2.9721706758296906e-11
3299,4.557165327439504e-10,3.1056645024577154e-11
3300,4.740836558133367e-10,3.661771958305878e-11
3301,5.325396770056843e-10,4.714657178422348e-11
3302,5.53305805638347e-10,5.155929421606661e-11
3303,5.105904887230996e-10,4.8222453370206095e-11
3304,4.728542584243714e-10,4.78581804118968e-11
3305,4.956497414792225e-10,5.5236794900029536e-11
3306,5.593116415976037e-10,6.730647713714626e-11
3307,5.644316872991569e-10,7.034247055175241e-11
3308,5.131595948485455e-10,6.52811759821472e-11
3309,4.994048352026072e-10,6.592654040532636e-11
3310,5.728627919003572e-10,7.880552476755492e-11
3311,6.888175912508474e-10,9.921126946317419e-11
3312,7.507985220384511e-10,1.101767594346171e-10
3313,7.579237614552342e-10,1.0541885913822837e-10
3314,7.796077423864604e-10,9.634519421575118e-11
3315,8.408687337545028e-10,9.557341993602268e-11
3316,8.634334187367348e-10,9.474284541727122e-11
3317,8.266302394649024e-10,9.006897044608341e-11
3318,7.580010802740962e-10,7.9496594461211e-11
3319,6.978862547459332e-10,6.997747693675325e-11
3320,6.409878325079603e-10,6.099764037016059e-11
3321,5.779861998106118e-10,5.234291841391484e-11
3322,5.260677898969522e-10,4.567689926337444e-11
3323,5.061520371883106e-10,4.257712975818595e-11
3324,4.995570541094005e-10,3.979481154400547e-11
3325,4.995559589129282e-10,3.816002398501622e-11
3326,4.829035714194225e-10,3.5890647229422967e-11
3327,4.670502438967339e-10,3.606650900721167e-11
3328,4.708888053936755e-10,4.008017869459302e-11
3329,4.776977863327401e-10,4.301076561129365e-11
3330,4.782817850824603e-10,4.136070152431211e-11
3331,4.664471138371427e-10,3.552409239889723e-11
3332,4.466903638187102e-10,2.7697878801701073e-11
3333,4.3282726142110817e-10,2.189512753241385e-11
3334,4.1837221652871204e-10,1.7784671379518695e-11
3335,3.96742663123802e-10,1.533690246922014e-11
3336,3.644209303609144e-10,1.3214612075364382e-11
3337,3.4263362495905947e-10,1.2759387608439409e-11
3338,3.2324177049508263e-10,1.218933056730599e-11
3339,3.2104788783409824e-10,1.3373184229008613e-11
3340,3.488776055979598e-10,1.776281037594894e-11
3341,3.9767514118132453e-10,2.3652424569876387e-11
3342,4.634468590368301e-10,3.1039009779051277e-11
3343,5.191329403989359e-10,3.6877316770667667e-11
3344,5.582950325135069e-10,3.8266185669338624e-11
3345,5.947502239126075e-10,3.960804727279767e-11
3346,6.085816363657427e-10,4.248104510877914e-11
3347,6.001065732340241e-10,4.626552566159847e-11
3348,5.532246174059528e-10,4.5509438543398886e-11
3349,4.989409645830087e-10,4.2319006095649554e-11
3350,4.5848713375585997e-10,3.690006866709955e-11
3351,4.5292731448919404e-10,3.335315318936506e-11
3352,4.914203802559677e-10,3.489459933517408e-11
3353,5.406986348064372e-10,3.906810921202534e-11
3354,5.73238413124803e-10,4.5337105876048386e-11
3355,5.916818459093137e-10,5.2996996597687884e-11
3356,6.11118106025305e-10,6.035626141713572e-11
3357,6.382725138862848e-10,6.605626779194958e-11
3358,6.292215627263609e-10,6.543691500911838e-11
3359,5.894699465261761e-10,6.158000474742225e-11
3360,5.701518616014518e-10,6.031257257477355e-11
3361,5.695265738596767e-10,5.781540721805385e-11
3362,5.621646872704266e-10,5.235063492246982e-11
3363,5.142464673970854e-10,4.268211307686631e-11
3364,4.4539019248322036e-10,3.266451366137401e-11
3365,4.1712644581386365e-10,2.95111762751722e-11
3366,4.2166078276070395e-10,3.107981931512619e-11
3367,4.1160366363326265e-10,3.200134868943798e-11
3368,3.6486175375562524e-10,2.8659331529345172e-11
3369,3.291832410178581e-10,2.4830340842487912e-11
3370,3.3935402569695086e-10,2.4202842554177574e-11
3371,3.7930335379727466e-10,2.5282884445700798e-11
3372,3.94826057748366e-10,2.4907928258209712e-11
3373,3.887499389800296e-10,2.4910508540665172e-11
3374,4.020648167968721e-10,2.7057032719788336e-11
3375,4.563685590772157e-10,3.364553705203043e-11
3376,5.16560842230385e-10,4.2894573230731275e-11
3377,4.991371625482347e-10,4.524832055972848e-11
3378,4.609427686059093e-10,4.536895029323915e-11
3379,4.445745080105609e-10,4.3344281647724934e-11
3380,4.267972153919019e-10,3.60882472312279e-11
3381,3.701218584370304e-10,2.464926097887347e-11
3382,2.893510156976336e-10,1.4265007076131314e-11
3383,2.494837232577907e-10,9.485314370538385e-12
3384,2.6270920896321824e-10,9.379359782465784e-12
3385,2.8411727157301477e-10,1.088754963343089e-11
3386,2.866069918389544e-10,1.2104613267870208e-11
3387,2.943306903881046e-10,1.4038118318712663e-11
3388,3.6903398589534286e-10,2.232844423330943e-11
3389,5.01204196022189e-10,3.781447658095481e-11
3390,6.195079187091646e-10,5.7344346786790056e-11
3391,6.552475641912727e-10,6.927986349175184e-11
3392,6.749347189381501e-10,7.587109750764843e-11
3393,7.482894128080575e-10,8.737624086394559e-11
3394,8.096988538050557e-10,9.438068142563916e-11
3395,7.671418096873209e-10,8.979968206812632e-11
3396,6.864768053522397e-10,8.455525099739365e-11
3397,6.666230781204651e-10,8.610294355456414e-11
3398,6.777637660952014e-10,8.461913915183154e-11
3399,6.35370755062563e-10,7.212735232074727e-11
3400,5.621300151532307e-10,5.778458909639712e-11
3401,5.184511510433807e-10,4.680046691958105e-11
3402,5.704554442722726e-10,5.201847704739076e-11
3403,6.392615528493687e-10,6.321394333928496e-11
3404,6.685754862182191e-10,7.34587852334461e-11
3405,6.65654998616925e-10,7.754605704795648e-11
3406,6.961321757756134e-10,7.986816522641722e-11
3407,7.357372113073287e-10,7.892347048658646e-11
3408,6.898563978066036e-10,6.77941408455117e-11
3409,5.938278621981449e-10,5.5598918527229164e-11
3410,5.178355864482472e-10,4.697812982463904e-11
3411,4.982617341687389e-10,4.4788965109774724e-11
3412,4.911400636444522e-10,4.24053877389829e-11
3413,4.624549528236169e-10,3.774818269229259e-11
3414,4.398066904238971e-10,3.5829404620267786e-11
3415,4.5312642606597495e-10,3.9523088991233116e-11
3416,5.018749160480413e-10,4.982001437409956e-11
3417,5.313802136698145e-10,5.83695114186655e-11
3418,5.162917239001381e-10,5.6763017736444996e-11
3419,4.778698665455696e-10,4.796617261405863e-11
3420,4.6138160651566473e-10,4.3753265061884123e-11
3421,4.800657169853266e-10,4.7734133081960765e-11
3422,5.218509266316642e-10,5.75384683954321e-11
3423,5.645581269480916e-10,6.675858589954178e-11
3424,5.727528832191334e-10,6.699586120389619e-11
3425,5.64744199660514e-10,6.09377553788799e-11
3426,5.477420563333295e-10,5.308134357040176e-11
3427,5.432828713531218e-10,4.967534641059435e-11
3428,5.674562146048887e-10,5.1363728370774e-11
3429,5.971582204963794e-10,5.2825543476093365e-11
3430,6.083335497930323e-10,5.096429439588218e-11
3431,5.947959065853894e-10,4.797624297361623e-11
3432,5.689158613826842e-10,4.49277553990671e-11
3433,5.657799640164961e-10,4.728898291978215e-11
3434,5.695623247778409e-10,5.053755694786424e-11
3435,5.882933976819171e-10,5.735495812744654e-11
3436,6.083070529539939e-10,6.142869000983992e-11
3437,6.428330577150638e-10,6.468514235878747e-11
3438,7.007184055420156e-10,7.158493046994748e-11
3439,7.489448749491739e-10,7.77798927102256e-11
3440,7.943800102219531e-10,8.730385581898013e-11
3441,8.512857966277592e-10,1.020282245022376e-10
3442,8.734992251915632e-10,1.0792418026316454e-10
3443,8.41352043846362e-10,1.040614259886887e-10
3444,7.640522561314648e-10,9.310810952798119e-11
3445,7.189388640014369e-10,8.506357524371361e-11
3446,7.23494836041616e-10,7.918012310956589e-11
3447,7.457520336242336e-10,7.530922342398253e-11
3448,7.387897323574819e-10,7.198678487154104e-11
3449,7.09662431492681e-10,6.691577699242146e-11
3450,7.136017621103414e-10,6.993754609562288e-11
3451,7.3330231928667e-10,7.778114209997558e-11
3452,7.570196545004258e-10,8.731895667823915e-11
3453,7.638647601418645e-10,9.178546447822857e-11
3454,7.585298339998127e-10,8.986223073213032e-11
3455,7.364201658987303e-10,8.007101718721068e-11
3456,6.908515993318325e-10,6.619136459803919e-11
3457,6.572182562075936e-10,5.688428166940915e-11
3458,6.466142744937427e-10,5.208010982111577e-11
3459,6.445863220257028e-10,5.090197989194782e-11
3460,6.263533861992237e-10,5.0878062509327385e-11
3461,6.015563090679e-10,5.0471203001204166e-11
3462,5.684729831038429e-10,4.691235762034004e-11
3463,5.398229534328544e-10,4.268199812851423e-11
3464,5.163096965798979e-10,4.05050570929807e-11
3465,5.377071151079482e-10,4.474338647278231e-11
3466,6.245818803056754e-10,5.6794823577221305e-11
3467,7.250452742210793e-10,6.783791582538263e-11
3468,7.509321714862234e-10,6.867515080122673e-11
3469,7.084876633318802e-10,6.249627560145182e-11
3470,6.923572145396554e-10,6.116009269888986e-11
3471,7.235373437401285e-10,6.641893870589917e-11
3472,7.317343733608507e-10,7.115018080354723e-11
3473,6.874203403280761e-10,6.918375125964367e-11
3474,6.277089442976574e-10,6.054180850125136e-11
3475,6.342217845458588e-10,5.7356973403085584e-11
3476,6.68527503869924e-10,5.619790634064116e-11
3477,7.093364881985383e-10,6.101469873959697e-11
3478,7.564017181391955e-10,6.846939481690532e-11
3479,8.382448074550265e-10,7.913546394371416e-11
3480,8.826817589134365e-10,8.223351244522712e-11
3481,8.453288532567423e-10,7.674053845752518e-11
3482,7.826544551814794e-10,7.044643930651492e-11
3483,7.863371161466828e-10,7.363835328934591e-11
3484,8.318952254926939e-10,8.336298982419565e-11
3485,8.185707551752268e-10,8.56514001865667e-11
3486,7.346883231995364e-10,7.718422323270387e-11
3487,6.923471041014037e-10,7.108923298820377e-11
3488,7.359006990263596e-10,7.436191542227901e-11
3489,8.295511239686092e-10,8.721185667985305e-11
3490,8.718030207137042e-10,9.821191755850587e-11
3491,8.535018244064302e-10,1.0095164222929359e-10
3492,8.460429903323261e-10,1.0062966548477009e-10
3493,8.199777669500944e-10,9.014755716372749e-11
3494,7.421370898515902e-10,7.238911476809051e-11
3495,6.537010665136553e-10,5.9039644599915e-11
3496,6.07736247304065e-10,5.385694973153215e-11
3497,6.268203474965099e-10,5.7751143869164955e-11
3498,6.158751171380725e-10,5.501945040474165e-11
3499,5.531373163711092e-10,4.593581726104271e-11
3500,5.124280887667925e-10,3.8318471862318656e-11
3501,5.577906156196488e-10,3.9754316644449076e-11
3502,6.550615365782234e-10,4.981715452734207e-11
3503,6.890595599334679e-10,5.792534838061207e-11
3504,6.400978758246567e-10,5.824877507972124e-11
3505,6.214207136463135e-10,6.012670765707394e-11
3506,6.922789405736313e-10,6.896484852253764e-11
3507,7.717001204827117e-10,7.833969289400749e-11
3508,7.679620759700333e-10,8.19165456101516e-11
3509,7.260677773953462e-10,8.454205264174715e-11
3510,7.310919828611387e-10,9.0228480105894e-11
3511,7.888821031038319e-10,9.877111211382856e-11
3512,7.825850978504563e-10,9.323678223246333e-11
3513,6.973557548214238e-10,7.545056205420252e-11
3514,6.503262894661803e-10,6.346316442749268e-11
3515,6.797396156048996e-10,6.027939822708956e-11
3516,7.220513971134671e-10,5.988981212446399e-11
3517,6.951191865124723e-10,5.5166330817735887e-11
3518,6.483925966463312e-10,5.0041808959367576e-11
3519,6.519884449912086e-10,4.843252873951778e-11
3520,6.63533795978179e-10,4.6780699471710273e-11
3521,6.169219605845279e-10,4.240502017671088e-11
3522,5.40172804772292e-10,3.794640851097548e-11
3523,5.373551681262065e-10,4.133557943404151e-11
3524,6.045315559490386e-10,5.031555664291406e-11
3525,6.588497096303104e-10,5.7678834176929836e-11
3526,6.612012344699963e-10,5.837847909348387e-11
3527,6.755509891686715e-10,5.610189046237187e-11
3528,7.580587281278879e-10,6.075290343887422e-11
3529,8.146691304218091e-10,6.390937932484727e-11
3530,7.50910262653349e-10,5.728264030519034e-11
3531,6.449672218330333e-10,4.90287820072979e-11
3532,6.090064581778111e-10,4.7949752733696794e-11
3533,6.435409581202434e-10,5.458120548214293e-11
3534,6.545994885190837e-10,6.021056610754269e-11
3535,6.185489399681927e-10,6.299176343090502e-11
3536,6.092327205295846e-10,6.770469097122573e-11
3537,6.648464274907081e-10,7.609078496381272e-11
3538,7.303683934782561e-10,8.16768342390458e-11
3539,7.051415924718091e-10,7.372288053217908e-11
3540,6.451090641840024e-10,6.400332247822743e-11
3541,6.306955104182777e-10,6.120973097496864e-11
3542,6.681794197308742e-10,6.401499194757163e-11
3543,6.663250600973561e-10,6.30928817650442e-11
3544,6.366972602359366e-10,6.101780804425361e-11
3545,6.375064730704438e-10,6.077544953889999e-11
3546,7.141487465552784e-10,6.867917856312629e-11
3547,7.784782056655677e-10,7.630206227734846e-11
3548,7.752592229819621e-10,7.840723654735269e-11
3549,7.718857448457087e-10,8.26538304690056e-11
3550,8.3267745544422e-10,9.041296167495737e-11
3551,9.218173797844284e-10,9.961575417385852e-11
3552,9.350013624578866e-10,1.0258201582504269e-10
3553,8.956382020085003e-10,1.0387625913610793e-10
3554,9.256831331370337e-10,1.1554754926836772e-10
3555,1.0500875186520372e-09,1.4224326991830302e-10
3556,1.1374812980430353e-09,1.622310308870711e-10
3557,1.1076751451330924e-09,1.574700579339252e-10
3558,1.039892549280541e-09,1.3802020741987344e-10
3559,1.0469572122812422e-09,1.2965731352524466e-10
3560,1.0887101797049799e-09,1.2988026410509947e-10
3561,1.098067944061355e-09,1.324631284003678e-10
3562,1.1064295225936505e-09,1.3751539883167114e-10
3563,1.1438329005960083e-09,1.4016375199532323e-10
3564,1.174868160153949e-09,1.3457750237314366e-10
3565,1.1106761160545317e-09,1.1588623968096719e-10
3566,9.850528180738282e-10,9.45382010354057e-11
3567,8.983802237473119e-10,8.206150413775259e-11
3568,8.793921252496497e-10,7.877734240561635e-11
3569,8.617388146781531e-10,7.547870623570544e-11
3570,7.783937684565176e-10,6.283789377510992e-11
3571,6.981458477814233e-10,5.054766768994517e-11
3572,6.976394760678413e-10,4.8519319969007106e-11
3573,7.540975561278058e-10,5.3028958380782626e-11
3574,8.087005189060517e-10,5.929798776220326e-11
3575,8.093460945462984e-10,5.9370277921332e-11
3576,8.026773018646009e-10,5.825716138547388e-11
3577,8.126664795667601e-10,5.811634974762775e-11
3578,8.244726288926312e-10,6.03943693608791e-11
3579,7.927390870337368e-10,5.890805024343988e-11
3580,7.324269760481914e-10,5.40500276945605e-11
3581,6.733901083667183e-10,4.753454565759545e-11
3582,6.224003632521334e-10,4.086903000750563e-11
3583,5.669200751408333e-10,3.427921118856776e-11
3584,5.196316752196557e-10,2.986867414878112e-11
3585,5.260253195529495e-10,3.249525276257143e-11
3586,5.768999708678609e-10,3.887495889445141e-11
3587,6.198744769689171e-10,4.380771983599301e-11
3588,6.034561803474231e-10,4.303121212908984e-11
3589,5.687262235949894e-10,4.116682985816459e-11
3590,5.598008327654095e-10,4.2047498512165604e-11
3591,5.780897414756826e-10,4.746053959444925e-11
3592,5.865667577649517e-10,5.326430830842561e-11
3593,5.886033326843489e-10,5.714309115761102e-11
3594,6.398907315136203e-10,6.446003257893944e-11
3595,7.389677182557619e-10,7.511253192249027e-11
3596,8.430119381154491e-10,8.812872001244896e-11
3597,9.490971395928599e-10,1.0926654923645164e-10
3598,1.0401959390919593e-09,1.3188738773700393e-10
3599,1.1275957613200353e-09,1.560064266614881e-10
3600,1.1962252063072706e-09,1.8090597374888535e-10
3601,1.1807960924890115e-09,1.8336145799388553e-10
3602,1.1505504639035829e-09,1.742409063961977e-10
3603,1.1336045187416477e-09,1.638604309000208e-10
3604,1.134504340447358e-09,1.5694757727177743e-10
3605,1.1393022751661637e-09,1.5273979877844952e-10
3606,1.165657267839354e-09,1.553264975958749e-10
3607,1.2000066348103669e-09,1.570473158680507e-10
3608,1.2088644245041659e-09,1.522133757372364e-10
3609,1.1768005724953367e-09,1.4500058100305494e-10
3610,1.151947804749079e-09,1.42389220055236e-10
3611,1.2187426424930968e-09,1.568358769336005e-10
3612,1.348683000581617e-09,1.7777373825297633e-10
3613,1.4259286678628405e-09,1.8227829053443806e-10
3614,1.4319258545796778e-09,1.7229118784055103e-10
3615,1.400013250706577e-09,1.5477130671302112e-10
3616,1.3840856649362442e-09,1.4022836504144324e-10
3617,1.367776446218406e-09,1.3175429094092027e-10
3618,1.2878346733111757e-09,1.188828603802984e-10
3619,1.1549547744643306e-09,9.90438877340733e-11
3620,1.0288941805211936e-09,8.194195200854416e-11
3621,9.107184898747588e-10,6.581532446369773e-11
3622,8.128939837698534e-10,5.3402946201822026e-11
3623,7.592318198465904e-10,4.6589655840519506e-11
3624,7.311901653462177e-10,4.187305495546673e-11
3625,7.4097476734103e-10,4.198895183621941e-11
3626,7.522265986153731e-10,4.223758132828448e-11
3627,7.302978703028225e-10,3.8615352781627864e-11
3628,6.937331966292363e-10,3.4780046245579897e-11
3629,6.294033658683644e-10,2.8839124391667793e-11
3630,5.498933834936662e-10,2.1891225747499908e-11
3631,4.6386541565634736e-10,1.5209275285443347e-11
3632,3.746492377898482e-10,9.385200305705253e-12
3633,3.1411635750539364e-10,6.390031105437516e-12
3634,2.8853728200379525e-10,5.496753459618967e-12
3635,2.964281556832343e-10,6.370537136976789e-12
3636,3.261374566528252e-10,8.988913137654184e-12
3637,3.68718563762136e-10,1.3071281265237033e-11
3638,4.1785064883271396e-10,1.773205723671309e-11
3639,4.736453875187477e-10,2.326653885963179e-11
3640,5.221875449794871e-10,3.002923971375186e-11
3641,5.463770215601359e-10,3.6708060219186015e-11
3642,5.599275524405714e-10,4.337346783621175e-11
3643,5.518577704319585e-10,4.523698573737157e-11
3644,5.375621797891635e-10,4.36243095485075e-11
3645,5.125075175194444e-10,4.007644348080034e-11
3646,5.106125204610491e-10,4.164442485103247e-11
3647,5.442290212899294e-10,4.890806343193022e-11
3648,6.15789955830515e-10,6.069155942568958e-11
3649,7.100455292698271e-10,7.241626972537552e-11
3650,8.074336944574079e-10,8.1177228912947e-11
3651,9.103497105763431e-10,9.061225280386914e-11
3652,1.0195678573829674e-09,1.0525996914345462e-10
3653,1.1121483518272554e-09,1.2476930777814415e-10
3654,1.149018602936531e-09,1.3960874083023776e-10
3655,1.1471795115727638e-09,1.4809366647566306e-10
3656,1.1098696932720274e-09,1.4436808935468428e-10
3657,1.0739461874370224e-09,1.3679587595593268e-10
3658,1.0658047556632204e-09,1.3431453699591536e-10
3659,1.08816645981306e-09,1.3851856524802413e-10
3660,1.1283940085272932e-09,1.4383539169863313e-10
3661,1.1904636377216935e-09,1.50972349911637e-10
3662,1.2360271030067439e-09,1.5120869503858554e-10
3663,1.2534644250790697e-09,1.4392732050163928e-10
3664,1.2624108305497783e-09,1.388207405545765e-10
3665,1.307651765127106e-09,1.4335779034160588e-10
3666,1.367629579368058e-09,1.4925197349173168e-10
3667,1.4015191249582233e-09,1.500804469281486e-10
3668,1.3419210431433332e-09,1.3513475211357692e-10
3669,1.2258838627236193e-09,1.1266956296235931e-10
3670,1.1224568928154884e-09,9.428678905595921e-11
3671,1.036361164844166e-09,8.06852779374099e-11
3672,9.131987387337064e-10,6.442896201536712e-11
3673,7.634603668077841e-10,4.802551691837396e-11
3674,6.357918755608507e-10,3.4891944462881604e-11
3675,5.779738909465902e-10,2.8985838569812603e-11
3676,5.902977302405373e-10,2.9658442173627934e-11
3677,6.260561570744457e-10,3.2144160195563e-11
3678,6.33652085804568e-10,3.162648128583448e-11
3679,6.173258373337246e-10,2.9048657380923218e-11
3680,5.921208898352209e-10,2.547164278286192e-11
3681,5.639524230119852e-10,2.2166759377797816e-11
3682,5.176138241216983e-10,1.837174395917706e-11
3683,4.556226370063585e-10,1.4548718395135552e-11
3684,4.0690351501421593e-10,1.248997324871001e-11
3685,3.824012224619093e-10,1.2645884290247796e-11
3686,3.598485297088408e-10,1.3109200637077467e-11
3687,3.430284843825759e-10,1.4354661575121012e-11
3688,3.4441682242617516e-10,1.6877364805859313e-11
3689,3.831217576092706e-10,2.3257912005268374e-11
3690,4.54894545577039e-10,3.736019635246286e-11
3691,5.264038238178088e-10,5.697204575485682e-11
3692,5.742716461982899e-10,7.087368200188027e-11
3693,5.933936763946392e-10,6.929619822574139e-11
3694,5.931815485146911e-10,5.902081717494082e-11
3695,5.714998119509965e-10,4.805205956494391e-11
3696,5.519800714746214e-10,4.362490997587225e-11
3697,5.602404676300912e-10,4.639644547648871e-11
3698,6.222154850049392e-10,5.700524193087417e-11
3699,6.869972373228706e-10,6.479906777752251e-11
3700,7.137446455137038e-10,6.467419927727847e-11
3701,7.186182021454928e-10,6.372885110718412e-11
3702,7.792389346421355e-10,7.529504510446392e-11
3703,9.345486298347485e-10,1.0705842416438203e-10
3704,1.1365992804395593e-09,1.5631679289747656e-10
3705,1.218780367331745e-09,1.882629085901983e-10
3706,1.2150741590007352e-09,1.9812050222089155e-10
3707,1.2467671317261628e-09,2.0235157650821285e-10
3708,1.3611036496256217e-09,2.1405249726371003e-10
3709,1.447224022161054e-09,2.1992363324332947e-10
3710,1.4441439669159702e-09,2.15814204238348e-10
3711,1.4026798291928657e-09,2.0146630583404576e-10
3712,1.3994376910329887e-09,1.864547048667355e-10
3713,1.4255339144418852e-09,1.808323936388339e-10
3714,1.3998500148803242e-09,1.7299901934766572e-10
3715,1.3544265882052713e-09,1.63797744058351e-10
3716,1.3572375325568154e-09,1.5987439280769504e-10
3717,1.3654130383498312e-09,1.528233449170023e-10
3718,1.3012309439617389e-09,1.351598585891422e-10
3719,1.180880712485805e-09,1.1247659136127836e-10
3720,1.0964167240037416e-09,9.621595963394907e-11
3721,1.0840655295464983e-09,9.158781067996277e-11
3722,1.0678507603806682e-09,8.899531912910731e-11
3723,9.752620779532606e-10,7.773428424937177e-11
3724,8.295859929017647e-10,5.973452166729306e-11
3725,7.237638428847813e-10,4.727727484243034e-11
3726,6.90259948904439e-10,4.300908870578211e-11
3727,6.838899088295079e-10,4.1117694804738055e-11
3728,6.47365861235504e-10,3.666788305666245e-11
3729,6.025427815787234e-10,3.288903783022726e-11
3730,5.937270881928579e-10,3.269168868560733e-11
3731,6.351158630744952e-10,3.665043561947645e-11
3732,6.703881052373817e-10,4.0352768687699036e-11
3733,6.35443719521862e-10,3.7572038152072896e-11
3734,5.804092883809793e-10,3.301947701587121e-11
3735,5.706600068243188e-10,3.1756301429176314e-11
3736,6.098782219774592e-10,3.492957900264223e-11
3737,6.15359523839063e-10,3.4053882428204565e-11
3738,5.502710276188794e-10,2.745037654196866e-11
3739,4.911904590676624e-10,2.2851927496545957e-11
3740,4.866223059121852e-10,2.2563483492317536e-11
3741,5.005302506838903e-10,2.3817366576249748e-11
3742,4.681317464531002e-10,2.2825596240009726e-11
3743,4.26844980454977e-10,2.2819382327530465e-11
3744,4.2592344816261615e-10,2.460973417367016e-11
3745,4.820155733013298e-10,3.0289071583117664e-11
3746,5.30435582622787e-10,3.6551887131281844e-11
3747,5.26153181294853e-10,3.903113971439131e-11
3748,5.239928687519999e-10,4.210301145089798e-11
3749,5.665672795963303e-10,4.899374298946335e-11
3750,6.148399343257728e-10,5.710275956689043e-11
3751,5.973450944285014e-10,5.959328623508621e-11
3752,5.471420422911945e-10,6.132457177110684e-11
3753,5.630082905796647e-10,7.296910186169335e-11
3754,6.69505741748449e-10,9.459858845673649e-11
3755,8.061546812616881e-10,1.1676195299871679e-10
3756,8.847754204715855e-10,1.22971913689195e-10
3757,9.394329745931792e-10,1.1902907489690842e-10
3758,1.0740343953436591e-09,1.2557767020044626e-10
3759,1.296738060538081e-09,1.4935119866155557e-10
3760,1.4854121647385656e-09,1.7800598312525704e-10
3761,1.5346682908107583e-09,1.8909255006948359e-10
3762,1.5366760686443612e-09,1.8897743926166556e-10
3763,1.550719211166155e-09,1.844970538505436e-10
3764,1.5662210114175236e-09,1.8098113363274512e-10
3765,1.5159258071162638e-09,1.7357324654310459e-10
3766,1.4417354920155645e-09,1.6481982810045828e-10
3767,1.4315544066244344e-09,1.6416309273047597e-10
3768,1.4314476534827105e-09,1.583675634958192e-10
3769,1.3593183180063981e-09,1.3835029788346912e-10
3770,1.2360197723698597e-09,1.1378444531171878e-10
3771,1.1371868482559076e-09,9.628379727293324e-11
3772,1.1245684507224832e-09,9.337510630714621e-11
3773,1.1450133424027673e-09,9.589243882292962e-11
3774,1.1282377362546053e-09,9.335028859060635e-11
3775,1.0678269368286307e-09,8.478477437658507e-11
3776,1.029148328533372e-09,7.900399381648757e-11
3777,1.0158938608572012e-09,7.614759070886253e-11
3778,1.0165728794554707e-09,7.610091337060415e-11
3779,9.91292731058248e-10,7.37079927751794e-11
3780,9.39093952355359e-10,6.80033159097315e-11
3781,8.862865043214219e-10,6.178099930323042e-11
3782,8.432719211187808e-10,5.627095275199603e-11
3783,8.104194089490706e-10,5.20841427483778e-11
3784,7.777945830530096e-10,4.8901371300604876e-11
3785,7.217330183065148e-10,4.378619174572767e-11
3786,6.293062299813099e-10,3.513419481847891e-11
3787,5.333838257000896e-10,2.6646742465523315e-11
3788,4.5769774769687093e-10,1.921601740725818e-11
3789,4.196311736764094e-10,1.493555178228135e-11
3790,3.9232307129886404e-10,1.2229525889107915e-11
3791,3.7620290380086844e-10,1.1089132801853452e-11
3792,3.7221923100631843e-10,1.0876210330803917e-11
3793,3.967282737693644e-10,1.2257324579004232e-11
3794,4.2115192999991186e-10,1.3217952667733557e-11
3795,4.210406019414943e-10,1.2919833259418508e-11
3796,4.025698150683756e-10,1.2038987186919045e-11
3797,3.964923442420844e-10,1.2270167038900203e-11
3798,3.992355263316716e-10,1.3424912501759605e-11
3799,3.883201756822551e-10,1.4513831058041596e-11
3800,3.63551242276728e-10,1.4753881292816068e-11
3801,3.6206330530789454e-10,1.583951656751441e-11
3802,3.97331416917614e-10,1.8952092135191516e-11
3803,4.194977187302811e-10,2.1505049666750584e-11
3804,4.09567362091325e-10,2.397858689555774e-11
3805,4.0917141138070405e-10,2.8415864209938653e-11
3806,4.6376969944804683e-10,3.472261096146376e-11
3807,5.725284986278958e-10,4.369634286907697e-11
3808,6.464269681042667e-10,4.800087826641556e-11
3809,6.498617143322557e-10,4.59865672587247e-11
3810,6.689208505472709e-10,4.787753330071075e-11
3811,7.370325219396207e-10,5.45330782763054e-11
3812,8.057608008771556e-10,6.138036017965964e-11
3813,8.078001906215483e-10,6.157025099158393e-11
3814,7.958014808138292e-10,5.951666155852287e-11
3815,8.34813480203793e-10,6.201319308594009e-11
3816,9.312558140173894e-10,7.307942883001305e-11
3817,9.83839576571585e-10,8.124507660911364e-11
3818,9.301698876898254e-10,7.541944321093273e-11
3819,8.573989241022217e-10,6.617446497159859e-11
3820,8.164027725334317e-10,5.866359718938242e-11
3821,7.815437429663244e-10,5.2285872241604254e-11
3822,7.215451442575317e-10,4.5735538870227e-11
3823,6.554132148786902e-10,3.932462929800195e-11
3824,6.316534171544147e-10,3.613568084258451e-11
3825,6.445414112667484e-10,3.481871768834228e-11
3826,6.574441605624639e-10,3.3723016194593487e-11
3827,6.602292006531293e-10,3.291896345329702e-11
3828,6.816264215379183e-10,3.441825732224956e-11
3829,7.189742222530972e-10,3.74607231065844e-11
3830,7.351846866836544e-10,3.9352422930261696e-11
3831,6.886604551151234e-10,3.5690102145566083e-11
3832,6.261658226846725e-10,3.0202134362230075e-11
3833,5.718188783874426e-10,2.463758705914975e-11
3834,5.295652118035031e-10,2.0480536067032044e-11
3835,4.677059637722738e-10,1.556601984493454e-11
3836,4.073634587755431e-10,1.1719429734607177e-11
3837,3.690766077408786e-10,9.673526856226627e-12
3838,3.474694877324412e-10,8.673698807754537e-12
3839,3.378899495217519e-10,8.505599733033895e-12
3840,3.255995643287876e-10,8.12524211998833e-12
3841,3.2901877658110284e-10,8.757377317884818e-12
3842,3.48757400577246e-10,1.0201791540826408e-11
3843,3.577550976733324e-10,1.0499462448146032e-11
3844,3.5444998288451566e-10,1.0024530270415379e-11
3845,3.4896633825757663e-10,9.352735283736334e-12
3846,3.4446333166796397e-10,8.519769629236666e-12
3847,3.427602713229757e-10,8.197288625718965e-12
3848,3.182284440881525e-10,7.1157360870469715e-12
3849,2.814358759171762e-10,5.78004139257399e-12
3850,2.610016130665804e-10,5.478987608644785e-12
3851,2.7300806167689343e-10,6.893720209304047e-12
3852,3.0465249347017813e-10,9.548646876750791e-12
3853,3.4542527164866964e-10,1.3293869257151107e-11
3854,3.818416875569435e-10,1.6963213329366652e-11
3855,4.3654425651318844e-10,2.195217449119956e-11
3856,5.115074646770264e-10,2.930443015634932e-11
3857,5.839374873311539e-10,3.699773670988563e-11
3858,6.300730803440111e-10,4.2597491371713034e-11
3859,6.52016131614474e-10,4.5493352219323655e-11
3860,6.759729756913281e-10,4.793737830685034e-11
3861,7.111435973745936e-10,5.123976107599722e-11
3862,7.197446197233368e-10,5.157151107097986e-11
3863,6.931105832669512e-10,4.867137778010161e-11
3864,6.661433042161152e-10,4.633047356361579e-11
3865,6.472658582901558e-10,4.465492707466785e-11
3866,6.533292684912374e-10,4.580600546366707e-11
3867,6.587319836477025e-10,4.709277316408264e-11
3868,6.601024272604807e-10,4.801702233914417e-11
3869,6.638677637153779e-10,4.8328321734521627e-11
3870,6.793449318625101e-10,4.915417674362582e-11
3871,6.846989486278659e-10,4.787150393974382e-11
3872,6.64588776032066e-10,4.296993425996792e-11
3873,6.323653674740993e-10,3.701225413810144e-11
3874,5.985271970307729e-10,3.1439800785692107e-11
3875,5.843568314831085e-10,2.8846598589563718e-11
3876,5.8123061770202e-10,2.8108699176088007e-11
3877,5.767762760717706e-10,2.7630816942360154e-11
3878,5.645767533588148e-10,2.6365342067382984e-11
3879,5.531837680092649e-10,2.4975692444127438e-11
3880,5.566258986663604e-10,2.445777069305831e-11
3881,5.765757724523338e-10,2.5215003853238012e-11
3882,6.098458714832275e-10,2.737319458643607e-11
3883,6.323527138098526e-10,2.8852532977091796e-11
3884,6.193251603345453e-10,2.7374870710694898e-11
3885,5.854633685124046e-10,2.4660893428679726e-11
3886,5.600415574021498e-10,2.2960182921452244e-11
3887,5.380624325403719e-10,2.1116928813985438e-11
3888,5.097383575859142e-10,1.8777361947928406e-11
3889,4.5356426749001554e-10,1.4598365689205933e-11
3890,3.8090175845760396e-10,9.739176907866622e-12
3891,3.338865343914122e-10,7.123471585861757e-12
3892,3.1455802288219666e-10,6.1805358271928395e-12
3893,3.062158050780192e-10,5.852523335691245e-12
3894,2.9265448875532847e-10,5.450633217356183e-12
3895,2.8702805894858766e-10,5.551399673492704e-12
3896,3.081351435846191e-10,6.774821950914431e-12
3897,3.4103564596255894e-10,8.207389514613705e-12
3898,3.683704869779497e-10,9.31213875189207e-12
3899,3.7669075159110026e-10,9.57289808949784e-12
3900,3.759111577913344e-10,9.347366086789612e-12
3901,3.7054108357954624e-10,8.880262743545407e-12
3902,3.5617901815104715e-10,8.208461689955273e-12
3903,3.304553163074386e-10,7.131797968040533e-12
3904,3.20868528583305e-10,6.886919961192978e-12
3905,3.4553886042363395e-10,8.423563362379763e-12
3906,4.0014284703420074e-10,1.2216399033562587e-11
3907,4.5948942708074435e-10,1.7490207109766737e-11
3908,5.135231533263204e-10,2.3815170752969172e-11
3909,5.783340422509151e-10,3.192089474862917e-11
3910,6.53524924163859e-10,4.1161819168857387e-11
3911,7.26933105402012e-10,5.040274757545768e-11
3912,7.727833078990565e-10,5.6836780077107305e-11
3913,8.096215316237824e-10,6.225646851351116e-11
3914,8.60169913256813e-10,6.875989057585182e-11
3915,9.024245492692081e-10,7.299693900412687e-11
3916,9.058112581486907e-10,7.135507155836508e-11
3917,8.681448770171025e-10,6.520114746016635e-11
3918,8.233667460869824e-10,5.78803824306004e-11
3919,7.95859353757632e-10,5.306013835500207e-11
3920,7.908506852928318e-10,5.207997841275806e-11
3921,7.767444680567767e-10,5.06006497356905e-11
3922,7.601816225130396e-10,4.916812964560443e-11
3923,7.468936944321882e-10,4.7964287688486336e-11
3924,7.283928290448277e-10,4.5067015179566644e-11
3925,6.908928446154555e-10,3.9543384852624496e-11
3926,6.221207845332115e-10,3.141624068096213e-11
3927,5.577144538036053e-10,2.487253093517753e-11
3928,5.214522918634601e-10,2.1306852517677972e-11
3929,5.157126641512893e-10,2.0530662652937618e-11
3930,5.273363105450397e-10,2.154382002522436e-11
3931,5.37962533293644e-10,2.2378399375116848e-11
3932,5.496349296558522e-10,2.3200181017343143e-11
3933,5.685611853499281e-10,2.4234764565981833e-11
3934,5.772761829169974e-10,2.404292736047134e-11
3935,5.647448428067965e-10,2.2426325019830888e-11
3936,5.323292361047962e-10,1.974887701271403e-11
3937,4.962932350710766e-10,1.7226670553132672e-11
3938,4.624083781368794e-10,1.5037923266550536e-11
3939,4.045583342444462e-10,1.1306952652612986e-11
3940,3.3951224556050707e-10,7.792345290878411e-12
3941,3.0486113773923446e-10,6.205687471433796e-12
3942,3.1298044507952975e-10,6.424394776876146e-12
3943,3.333918672385591e-10,7.006580277921082e-12
3944,3.097459390406393e-10,5.709712797091342e-12
3945,2.6674563367174085e-10,4.163727616316855e-12
3946,2.6188429818382054e-10,4.220937830616875e-12
3947,3.136960513340154e-10,6.431422946491439e-12
3948,3.7018706612193577e-10,9.147404065443258e-12
3949,3.584526616134087e-10,8.759936289037942e-12
3950,3.204420516269291e-10,7.127195625262717e-12
3951,3.2821905837560513e-10,7.32611603732094e-12
3952,3.827322243070092e-10,9.515953821337764e-12
3953,4.1309096597249435e-10,1.0787049668457019e-11
3954,3.8293474074198624e-10,9.39358789621871e-12
3955,3.6026185226538396e-10,8.533480058803023e-12
3956,3.7931099410912363e-10,9.505689338329132e-12
3957,4.107325134165261e-10,1.137662517203258e-11
3958,3.9655840224232175e-10,1.1111728100462262e-11
3959,3.642074949342814e-10,9.89482734436214e-12
3960,3.70129839950774e-10,1.0549170057116258e-11
3961,4.216654139067155e-10,1.3682936473921799e-11
3962,4.469288639896046e-10,1.5130341853706767e-11
3963,4.273232377411075e-10,1.40117996614143e-11
3964,4.09359806009579e-10,1.3054764906826475e-11
3965,4.464659196210496e-10,1.567400482427874e-11
3966,4.993532528340964e-10,1.9630930372533408e-11
3967,5.192236769369202e-10,2.2221509541526387e-11
3968,4.946454062831029e-10,2.1506104029503214e-11
3969,4.932595411486216e-10,2.1795275516002993e-11
3970,5.298065453964063e-10,2.4212270415516168e-11
3971,5.574461155051251e-10,2.597535922623496e-11
3972,5.375276828114263e-10,2.4504522830660567e-11
3973,5.167041111499314e-10,2.324573527293386e-11
3974,5.280746732826103e-10,2.363851398555677e-11
3975,5.426148331288931e-10,2.3567466577888577e-11
3976,5.012898437694685e-10,1.9554966325190507e-11
3977,4.3136320449215205e-10,1.4592921969757794e-11
3978,4.1042305662120527e-10,1.3428100659595023e-11
3979,4.504006417713679e-10,1.6090576240447118e-11
3980,4.838967564014072e-10,1.8366922523097507e-11
3981,4.5587882271297193e-10,1.663458487407058e-11
3982,4.147142425517595e-10,1.385261217015395e-11
3983,4.2813327370710684e-10,1.4176492930907686e-11
3984,4.890015182882888e-10,1.7713036807209643e-11
3985,5.186697129983527e-10,2.0019523910027318e-11
3986,5.061757392497439e-10,2.027726396590906e-11
3987,5.042017602280804e-10,2.04396621640884e-11
3988,5.225455494179632e-10,2.045670118957667e-11
3989,5.170728060653895e-10,1.901360179981055e-11
3990,4.43920768767697e-10,1.4001355709055399e-11
3991,3.683444381069738e-10,9.765568116582824e-12
3992,3.407738614198286e-10,8.410173930360836e-12
3993,3.465770094964718e-10,8.70688805038958e-12
3994,3.419926661646698e-10,8.34860999499235e-12
3995,3.2226249582702007e-10,7.2278024992790735e-12
3996,3.268271273913033e-10,7.38995326726847e-12
3997,3.549887322976289e-10,8.625685545562279e-12
3998,3.6675055294674394e-10,9.038496668932518e-12
3999,3.461303461738583e-10,7.96093034030086e-12
4000,3.3785787641358374e-10,7.565013692955628e-12
4001,3.753360035448284e-10,9.237339855589776e-12
4002,4.2999587471148565e-10,1.1995373263938538e-11
4003,4.34890811703371e-10,1.2387082822316675e-11
4004,4.035768178832021e-10,1.0934442612552439e-11
4005,3.987665299609139e-10,1.0651151954961762e-11
4006,4.3248406769999316e-10,1.2202483366087136e-11
4007,4.452255996328196e-10,1.28210613229544e-11
4008,4.051182038585394e-10,1.0979017211302515e-11
4009,3.681643736500518e-10,9.567036545403563e-12
4010,3.6919309057225534e-10,9.986516523651531e-12
4011,3.9116428743597275e-10,1.163132741265104e-11
4012,3.8676255091743455e-10,1.1936660361488213e-11
4013,3.631384383451775e-10,1.0661369886488095e-11
4014,3.7083901501428664e-10,1.0831147687706802e-11
4015,4.172059514124343e-10,1.3142004470004938e-11
4016,4.566996356016027e-10,1.54145470166062e-11
4017,4.6119401366456383e-10,1.6053248596567663e-11
4018,4.572693889857109e-10,1.620709053946498e-11
4019,4.841896984902345e-10,1.8159237226127447e-11
4020,5.216400599036311e-10,2.0833350264330243e-11
4021,5.363650192868144e-10,2.2579978366490078e-11
4022,5.3728470479958e-10,2.380959611791453e-11
4023,5.607238641580252e-10,2.6308861190489542e-11
4024,6.045601707824441e-10,2.9894353562526016e-11
4025,6.336170230436997e-10,3.2194766301946856e-11
4026,6.510974775963178e-10,3.389772400244857e-11
4027,6.872119846054902e-10,3.6557652009362046e-11
4028,7.434931617324364e-10,4.0587247048208396e-11
4029,7.690185997265454e-10,4.2500772902934067e-11
4030,7.38484994498651e-10,4.0285768590948735e-11
4031,7.053902982617339e-10,3.78334688048741e-11
4032,6.868349164017838e-10,3.5723539465928726e-11
4033,6.588216211482531e-10,3.290535298727853e-11
4034,6.055680216801962e-10,2.871765784953121e-11
4035,5.699950959654501e-10,2.5909644716864577e-11
4036,5.632215193815295e-10,2.4178985967589342e-11
4037,5.594887968387737e-10,2.2717755003581307e-11
4038,5.278933535891514e-10,2.0012701152108284e-11
4039,4.827683729605074e-10,1.6707675366188442e-11
4040,4.739231369975146e-10,1.59540171232357e-11
4041,4.797770711556397e-10,1.6041819550212917e-11
4042,4.624664531937792e-10,1.494397997773062e-11
4043,4.171520744795674e-10,1.2342027895302107e-11
4044,3.947418072422594e-10,1.1269463356718255e-11
4045,4.1288878899752027e-10,1.2331971311438505e-11
4046,4.5094493119398784e-10,1.4796589419860938e-11
4047,4.628499433104953e-10,1.5830991776582778e-11
4048,4.6544004902004323e-10,1.6302256545328633e-11
4049,4.757041196964263e-10,1.6636558855756856e-11
4050,4.909554856642652e-10,1.7182817906562515e-11
4051,4.830771729376943e-10,1.683849497707329e-11
4052,4.5769514194236007e-10,1.5826689793887e-11
4053,4.476103406942829e-10,1.539584665565771e-11
4054,4.5365358512019433e-10,1.530677873172513e-11
4055,4.658575739572989e-10,1.576688876989313e-11
4056,4.755902895463893e-10,1.641555549394493e-11
4057,5.147389253958395e-10,1.925582015951231e-11
4058,5.92579498968572e-10,2.5182165485892438e-11
4059,6.723595218458955e-10,3.2254885983673375e-11
4060,7.127271719642653e-10,3.708890187099527e-11
4061,7.465230309614551e-10,4.212533512022599e-11
4062,8.022838090984523e-10,4.867211974449078e-11
4063,8.516757465395336e-10,5.440886978523247e-11
4064,8.257718387910541e-10,5.272187044193021e-11
4065,7.432100595625561e-10,4.5023297301295595e-11
4066,6.989368898454188e-10,4.000060444235002e-11
4067,7.084795764017668e-10,3.8508783566097085e-11
4068,7.308268066107187e-10,3.87642915630484e-11
4069,7.13786877476327e-10,3.666865691311301e-11
4070,6.650329605895043e-10,3.182300439860759e-11
4071,6.407147334756705e-10,2.942408433228994e-11
4072,6.388191905641508e-10,2.913791807361237e-11
4073,6.375411228973533e-10,2.954551817600368e-11
4074,6.392433596315438e-10,3.092372681414512e-11
4075,6.725033106863372e-10,3.499041043804568e-11
4076,7.549514729888688e-10,4.357462756419426e-11
4077,8.338409643404145e-10,5.085316685191792e-11
4078,8.717341329561077e-10,5.3788874187327004e-11
4079,8.953538712760241e-10,5.594066427805507e-11
4080,9.293408234036753e-10,5.822883029744037e-11
4081,9.522517881158817e-10,5.892916241136437e-11
4082,9.032453626929135e-10,5.3289521550642785e-11
4083,7.894027672612333e-10,4.269801688883474e-11
4084,6.937414525408577e-10,3.475362553539634e-11
4085,6.47427635337682e-10,3.083081583653392e-11
4086,6.224096342188314e-10,2.864501590113474e-11
4087,5.960332305860774e-10,2.6548640138495494e-11
4088,5.966196782295977e-10,2.6576190063774848e-11
4089,6.40981694334351e-10,2.954628876845953e-11
4090,7.090315751870477e-10,3.458714242065628e-11
4091,7.529832185317274e-10,3.8419876233075496e-11
4092,7.521778084324946e-10,3.861453865409688e-11
4093,7.438473493194612e-10,3.831013657748662e-11
4094,7.305190837336481e-10,3.75122344207194e-11
4095,6.91053808519953e-10,3.457770062993987e-11
4096,6.256640664748115e-10,2.9317345799309906e-11
4097,5.742972825758439e-10,2.5237890989566327e-11
4098,5.749341674360386e-10,2.5241330983021075e-11
4099,6.127007144307973e-10,2.7789837977528813e-11
4100,6.514908242090332e-10,3.042213427772932e-11
4101,6.732868529313122e-10,3.243173606358296e-11
4102,7.041842292672336e-10,3.581712000731685e-11
4103,7.48775062692066e-10,3.9954171706767665e-11
4104,7.731271656098139e-10,4.21267528953626e-11
4105,7.539645500501588e-10,4.1210086826629236e-11
4106,7.128455494274463e-10,3.892887753239933e-11
4107,6.935215594112127e-10,3.8261393834146936e-11
4108,6.922074800878733e-10,3.834240353686189e-11
4109,6.733697204891624e-10,3.566859741573024e-11
4110,6.46758231474098e-10,3.22502256902823e-11
4111,6.477469384770489e-10,3.1498612512949537e-11
4112,6.905670351902674e-10,3.4563725966478745e-11
4113,7.363439674192127e-10,3.8500886272569334e-11
4114,7.421227351329411e-10,3.939975407276972e-11
4115,7.455500226000775e-10,4.0776189596560316e-11
4116,7.771315900156505e-10,4.430848285049061e-11
4117,8.226419808601333e-10,4.95119773161352e-11
4118,8.316190969343419e-10,5.1947977166386005e-11
4119,8.089106060677969e-10,5.0940396113901294e-11
4120,8.034519095905027e-10,5.0001164859878443e-11
4121,8.275765488725183e-10,5.062472048473991e-11
4122,8.520501391402299e-10,5.1698262014071626e-11
4123,8.630504823658758e-10,5.2994756249205176e-11
4124,8.839058236643081e-10,5.646895382265187e-11
4125,9.099252225638089e-10,6.033092585393702e-11
4126,8.925748852003364e-10,5.908982577437391e-11
4127,8.137554431234747e-10,5.061690991717361e-11
4128,7.196615588544887e-10,3.992275918209035e-11
4129,6.719199955540444e-10,3.4353232046535024e-11
4130,6.850753024109248e-10,3.495988597835813e-11
4131,7.183874843540621e-10,3.7034502824825605e-11
4132,7.211810680331724e-10,3.619663598064427e-11
4133,6.933112272906851e-10,3.30987701179363e-11
4134,6.497861231120485e-10,2.8922480136225476e-11
4135,6.241806923206974e-10,2.676983637264091e-11
4136,6.079417314300921e-10,2.5651340407240375e-11
4137,5.839585422656042e-10,2.4069712486438603e-11
4138,5.49123866995844e-10,2.170472816260855e-11
4139,5.189478911917807e-10,1.9533312631080024e-11
4140,5.29614587497468e-10,2.0402060106208006e-11
4141,5.837241854675114e-10,2.44964259166134e-11
4142,6.604705270999161e-10,3.0622813648787845e-11
4143,7.347836307980681e-10,3.750110201721549e-11
4144,7.581428386838667e-10,3.968463003556679e-11
4145,7.386423486797782e-10,3.76042275151328e-11
4146,6.809503140095986e-10,3.1870236867852084e-11
4147,6.046227839489671e-10,2.5287070708118044e-11
4148,5.313033740372719e-10,1.984456762182956e-11
4149,4.81090152955574e-10,1.659738057855443e-11
4150,4.6561782461044707e-10,1.5801670923897162e-11
4151,4.700482650797992e-10,1.6071725466866912e-11
4152,4.822971088932602e-10,1.682364458827434e-11
4153,5.040650144478154e-10,1.8305315333061116e-11
4154,5.491491249858812e-10,2.139692279042107e-11
4155,6.373390944319937e-10,2.834942480205863e-11
4156,7.520160436842009e-10,3.880348459966149e-11
4157,8.495821462803099e-10,4.9472037566443627e-11
4158,8.771577074388309e-10,5.380488448880585e-11
4159,8.710091119096266e-10,5.519712773168947e-11
4160,8.382594603956939e-10,5.21569612770048e-11
4161,7.813133151145585e-10,4.532051044985703e-11
4162,7.054182603006439e-10,3.743382857110427e-11
4163,6.284470701294661e-10,3.002398366587375e-11
4164,5.725834206625074e-10,2.4656307725865563e-11
4165,5.503070332041263e-10,2.2585854804450763e-11
4166,5.45461832917001e-10,2.2473749960573277e-11
4167,5.335968649754946e-10,2.175486481338802e-11
4168,5.263900022416041e-10,2.1378800941109113e-11
4169,5.184767356530815e-10,2.092561168600763e-11
4170,5.238162400615103e-10,2.16965115776462e-11
4171,5.364046471265054e-10,2.283118264412199e-11
4172,5.524669704609648e-10,2.4148451314986622e-11
4173,5.721227397842438e-10,2.5913825192827845e-11
4174,6.091541651343979e-10,2.9084543787020254e-11
4175,6.715913829482881e-10,3.432416016129788e-11
4176,7.250356389307506e-10,3.8888962058062356e-11
4177,7.537838495539586e-10,4.2729742663373574e-11
4178,7.874957841312495e-10,4.8804528363442506e-11
4179,8.522959758214679e-10,5.7972386460728747e-11
4180,9.236758565902803e-10,6.658265718141968e-11
4181,9.327221606934292e-10,6.653221959655686e-11
4182,8.632669286699858e-10,5.642654736226647e-11
4183,7.949781698998208e-10,4.705538837682086e-11
4184,7.628779211461851e-10,4.224761659355014e-11
4185,7.394817826962194e-10,3.917546540624322e-11
4186,6.847505164133751e-10,3.3983775626406517e-11
4187,6.232464250359209e-10,2.883418688610339e-11
4188,5.935298212310629e-10,2.6462774646693325e-11
4189,6.110005951296958e-10,2.805667743295622e-11
4190,6.280520983963071e-10,2.935147199224585e-11
4191,6.292257152146147e-10,2.9470067480581625e-11
4192,6.360721753936303e-10,3.0062074376533486e-11
4193,6.734789013157462e-10,3.2785021627396796e-11
4194,7.375144127460569e-10,3.797107899216329e-11
4195,7.83467514708123e-10,4.2135512842105746e-11
4196,7.985669280071589e-10,4.396836457303465e-11
4197,7.95625898811479e-10,4.3696654937874474e-11
4198,7.879830485215657e-10,4.2787760265471224e-11
4199,7.358630289485091e-10,3.7687968017335035e-11
4200,6.635400292130305e-10,3.194242777574193e-11
4201,6.086679283441967e-10,2.7981240727018723e-11
4202,6.065549237055728e-10,2.7730176772940543e-11
4203,6.342796140835772e-10,2.9271479766078325e-11
4204,6.562044990367232e-10,3.0653303432404225e-11
4205,6.561688439899948e-10,3.072814208509221e-11
4206,6.611923951830482e-10,3.1350709283487025e-11
4207,7.113343041099959e-10,3.6226150510609035e-11
4208,7.959647058666908e-10,4.473526554629994e-11
4209,8.556388127379471e-10,5.09158893261257e-11
4210,8.992472405137483e-10,5.6665566203746355e-11
4211,9.199173629230594e-10,5.919245295156932e-11
4212,9.330867465182948e-10,6.055238231531483e-11
4213,9.058972000885138e-10,5.798649202008784e-11
4214,8.199267635371873e-10,4.9227884180454763e-11
4215,7.386453420386002e-10,4.067920909793211e-11
4216,6.873166824519633e-10,3.433084297020016e-11
4217,6.466682146506178e-10,2.953310414556207e-11
4218,5.79096202375806e-10,2.3664767293152697e-11
4219,5.154820212625644e-10,1.9122906991590797e-11
4220,4.91785278731412e-10,1.7463654567667546e-11
4221,5.126168199512565e-10,1.882603521121577e-11
4222,5.38807733483645e-10,2.0995717540241262e-11
4223,5.564442643928909e-10,2.307075971976729e-11
4224,5.916522144100957e-10,2.6308384065209625e-11
4225,6.489911836450034e-10,3.059865702871722e-11
4226,7.05500311798121e-10,3.523057436990905e-11
4227,7.099733723899453e-10,3.586613626473791e-11
4228,6.891865115918385e-10,3.466298570684401e-11
4229,7.056501144082759e-10,3.700898037252633e-11
4230,7.428684471140045e-10,4.0799430526476676e-11
4231,7.550475408534053e-10,4.258247556099563e-11
4232,7.444733688123836e-10,4.330383997616886e-11
4233,8.169581143893276e-10,5.401448464256658e-11
4234,9.899996986407576e-10,7.554146228215266e-11
4235,1.158993528342304e-09,9.643163700010548e-11
4236,1.16758920861593e-09,9.608306144316236e-11
4237,1.0430525912561376e-09,7.745404453743277e-11
4238,9.729318908795848e-10,6.691074500602034e-11
4239,9.53419733472743e-10,6.261237496886429e-11
4240,8.605327798481835e-10,5.180343934558362e-11
4241,6.863551352088435e-10,3.5543033924518794e-11
4242,5.468177123952672e-10,2.413409543900093e-11
4243,5.119661992828412e-10,2.1465056177590266e-11
4244,5.255355823686201e-10,2.2130818366336818e-11
4245,5.190926193636608e-10,2.1402900557218493e-11
4246,4.796138462994983e-10,1.7934409628160158e-11
4247,4.919130301438073e-10,1.7988470973213465e-11
4248,5.789315478348545e-10,2.330411632227367e-11
4249,6.799870094100123e-10,3.102666073847795e-11
4250,7.136949959454084e-10,3.522998677205661e-11
4251,7.024883217300477e-10,3.645586927116679e-11
4252,7.017799511700995e-10,3.75015049383406e-11
4253,7.077184264236532e-10,3.818300015914718e-11
4254,6.552187156534747e-10,3.313724812885843e-11
4255,5.821932233817327e-10,2.6903769738574227e-11
4256,5.646821195688547e-10,2.5247444269079383e-11
4257,6.230707596188606e-10,2.913655849878121e-11
4258,6.838921029675195e-10,3.32421371075728e-11
4259,6.569267442173967e-10,3.063338723765025e-11
4260,5.957584641677183e-10,2.6212634541695326e-11
4261,6.004151501803558e-10,2.7443452695431317e-11
4262,6.833023111996711e-10,3.555059882427099e-11
4263,7.838452781137728e-10,4.689753871459675e-11
4264,8.431438066998038e-10,5.554749628638003e-11
4265,9.037718201389845e-10,6.334503740080682e-11
4266,1.006012562717933e-09,7.32335044984344e-11
4267,1.0703691931400765e-09,7.80439563613965e-11
4268,9.921309646778217e-10,6.851156764879563e-11
4269,8.155857425410866e-10,4.970458840111735e-11
4270,6.919625327484511e-10,3.6972575238682516e-11
4271,6.285103145141614e-10,2.961598366265901e-11
4272,5.627024972613434e-10,2.3134620691466207e-11
4273,4.865456626592838e-10,1.7709311648342457e-11
4274,4.538434225824694e-10,1.5776678981989653e-11
4275,4.992928585172026e-10,1.856218102495571e-11
4276,5.930405162418502e-10,2.481026154461022e-11
4277,6.73247823751275e-10,3.112018138554835e-11
4278,7.072955660134126e-10,3.3927124832510654e-11
4279,7.474313302174923e-10,3.724021987040028e-11
4280,8.052988381510159e-10,4.2817436165544904e-11
4281,7.871174313224954e-10,4.186245454302423e-11
4282,7.091321688784871e-10,3.695456822945293e-11
4283,6.355897121644037e-10,3.233660829521969e-11
4284,6.231313324231394e-10,3.171623160070039e-11
4285,6.370457192614617e-10,3.2507205473158485e-11
4286,6.443942192223845e-10,3.3037262324650663e-11
4287,6.585123994579612e-10,3.398439900584207e-11
4288,7.436769428259565e-10,4.1106226570179306e-11
4289,9.119405723710379e-10,5.7377618138773456e-11
4290,1.0706147455523898e-09,7.587858487141717e-11
4291,1.101821991741322e-09,8.172601110723496e-11
4292,1.0243641547537806e-09,7.430352691455438e-11
4293,9.348799178348194e-10,6.485250866564043e-11
4294,8.636888762493744e-10,5.6974193786144055e-11
4295,7.836380400673087e-10,4.806136739363654e-11
4296,6.909009288431476e-10,3.7739307303617385e-11
4297,6.07010168633023e-10,2.8485616906560834e-11
4298,5.742453910469429e-10,2.482213349533359e-11
4299,5.647178436754889e-10,2.3479236262976796e-11
4300,5.387067687253633e-10,2.1284946188935573e-11
4301,4.965377117338204e-10,1.8331484112036273e-11
4302,4.658538177546207e-10,1.622880769734775e-11
4303,4.70743240135349e-10,1.6531893162819893e-11
4304,4.840708788483209e-10,1.7446078344235273e-11
4305,4.699776943905395e-10,1.6627152379102645e-11
4306,4.4627173099796663e-10,1.530843411407609e-11
4307,4.41404797760664e-10,1.487562161605621e-11
4308,4.5835127484127104e-10,1.5493002415633605e-11
4309,4.66610161865264e-10,1.5598906798324183e-11
4310,4.300194089746345e-10,1.3074987372867626e-11
4311,3.9597139956325754e-10,1.1338882884810391e-11
4312,3.849647520002312e-10,1.108204094276541e-11
4313,3.878484050722645e-10,1.17097403285259e-11
4314,3.7883129335884094e-10,1.180462084538498e-11
4315,3.6116247063756e-10,1.1211496337270742e-11
4316,3.810175405361764e-10,1.2411672200133e-11
4317,4.5551033604656835e-10,1.6781239686972258e-11
4318,5.50337995399549e-10,2.2950541903705725e-11
4319,6.15719978352039e-10,2.7787072316011536e-11
4320,6.507305508656893e-10,3.04426068958477e-11
4321,6.963474369889211e-10,3.381586305174829e-11
4322,7.246133364283189e-10,3.549013004588781e-11
4323,6.844482878252613e-10,3.2005269222867166e-11
4324,5.920790047514602e-10,2.4935576371765494e-11
4325,5.305653512638988e-10,2.0663581451764254e-11
4326,5.298814692684091e-10,2.0613858053421742e-11
4327,5.457914721202682e-10,2.1317696337287158e-11
4328,5.356243475453173e-10,2.0260826290277857e-11
4329,5.158472912690245e-10,1.865960542204645e-11
4330,5.300743391824159e-10,1.934251622644188e-11
4331,5.815863951263378e-10,2.2787833611436528e-11
4332,6.141921905378015e-10,2.540262286498331e-11
4333,6.305864235115979e-10,2.7944405124981077e-11
4334,6.489410124134547e-10,3.0586664298050863e-11
4335,7.158529697724509e-10,3.7394537277061026e-11
4336,7.667947125700893e-10,4.2390481080494976e-11
4337,7.719349933565016e-10,4.36365556493865e-11
4338,7.545235479959915e-10,4.246783600782706e-11
4339,7.895029564978248e-10,4.5887185773422e-11
4340,8.435728624500415e-10,5.0059775690253624e-11
4341,8.750186982225745e-10,5.288271644994889e-11
4342,8.683549624247292e-10,5.294921720343287e-11
4343,8.713629497338059e-10,5.395332446977119e-11
4344,9.36959173427274e-10,6.249865036935513e-11
4345,1.0028363050970504e-09,7.128594616426346e-11
4346,1.025464234884848e-09,7.468364407405381e-11
4347,1.0174357316282926e-09,7.373368764454153e-11
4348,1.0158903984227215e-09,7.233790432836936e-11
4349,1.0288935389953166e-09,7.205942630626088e-11
4350,1.023188286530464e-09,6.986418824962368e-11
4351,9.641617927809252e-10,6.263328052683597e-11
4352,8.782380872720108e-10,5.3697313001582066e-11
4353,8.229915441394774e-10,4.8793007324565676e-11
4354,7.95793526114991e-10,4.6204892144651917e-11
4355,7.532763589993262e-10,4.177718222731875e-11
4356,6.845911897106706e-10,3.5450217504979495e-11
4357,6.35344542019404e-10,3.141872169733091e-11
4358,6.545848172681768e-10,3.2940654646970754e-11
4359,7.134292210758511e-10,3.691342324884112e-11
4360,7.294072185016859e-10,3.717267411877642e-11
4361,6.939923321560992e-10,3.405389575333275e-11
4362,6.72248116353263e-10,3.2244435636969795e-11
4363,6.899764849219711e-10,3.322465011682849e-11
4364,6.899923995458898e-10,3.295722432381888e-11
4365,6.283444733477072e-10,2.8368137277579223e-11
4366,5.519738527824416e-10,2.275282423501114e-11
4367,5.366430367057836e-10,2.1581662706992983e-11
4368,5.668662154564632e-10,2.3520412443135994e-11
4369,5.833987151570686e-10,2.4649956548720836e-11
4370,5.799557929054761e-10,2.473932683832348e-11
4371,6.021393816656676e-10,2.666843548774518e-11
4372,6.857734074966755e-10,3.3620455144117804e-11
4373,7.673561940943202e-10,4.063231187370219e-11
4374,7.725983277344511e-10,4.1134071782676314e-11
4375,7.247536460322393e-10,3.730653075573922e-11
4376,6.925718924768964e-10,3.471801566653747e-11
4377,6.950869953644917e-10,3.481196714375574e-11
4378,6.839235064124378e-10,3.364307967803353e-11
4379,6.478865590054946e-10,3.064412467189633e-11
4380,6.345333338009308e-10,2.961872249841753e-11
4381,6.744903565968403e-10,3.262222117348721e-11
4382,6.985295972136282e-10,3.3514453658820685e-11
4383,6.61766507857895e-10,3.0242801449136724e-11
4384,5.959823245281525e-10,2.5388510392965774e-11
4385,5.714756665307745e-10,2.3631037386037958e-11
4386,5.771393032424161e-10,2.3900057285757155e-11
4387,5.505790937585356e-10,2.209193873031256e-11
4388,4.997631370603426e-10,1.9225957608083578e-11
4389,4.945276856401869e-10,1.9681163080936336e-11
4390,5.454863868288486e-10,2.348147190398849e-11
4391,5.994246395922701e-10,2.7368965887202862e-11
4392,5.958685118181709e-10,2.6761232205658258e-11
4393,5.83614386329621e-10,2.5536227913297462e-11
4394,6.293293125450639e-10,2.8950802608544057e-11
4395,7.023451574978186e-10,3.501159655908287e-11
4396,7.097974464833421e-10,3.6073766982766986e-11
4397,6.545595786415239e-10,3.2069033927747296e-11
4398,6.322062983720766e-10,3.05475292507701e-11
4399,6.820721226630047e-10,3.4732048350934495e-11
4400,7.491744661546031e-10,4.078627720786443e-11
4401,7.514939564771865e-10,4.0887144696420534e-11
4402,7.249136955134468e-10,3.83978048706395e-11
4403,7.503643785334682e-10,4.0624789485409846e-11
4404,8.199359772445162e-10,4.7320979302178733e-11
4405,8.454438623213733e-10,5.083200703605911e-11
4406,7.947319231408504e-10,4.7691118028318604e-11
4407,7.479577805272596e-10,4.4846463465745135e-11
4408,7.82828638911813e-10,4.946756383528964e-11
4409,8.606169218486474e-10,5.7635328180079195e-11
4410,8.894515251581287e-10,6.013332616592856e-11
4411,8.556778793183412e-10,5.6142902038762e-11
4412,8.371802027836967e-10,5.3155131294353224e-11
4413,8.765046868861211e-10,5.5451848470476545e-11
4414,9.132181368538104e-10,5.737445780158646e-11
4415,8.759794631430992e-10,5.285979179201687e-11
4416,8.175731157211753e-10,4.766828919620477e-11
4417,8.247497812091379e-10,4.930579700172821e-11
4418,8.67465268560478e-10,5.38682458438743e-11
4419,8.652180373483625e-10,5.44654535561685e-11
4420,7.894308700978e-10,4.7597417281692937e-11
4421,7.398100209415778e-10,4.242210202750279e-11
4422,7.692933312093436e-10,4.375233337824163e-11
4423,8.463435609225485e-10,5.014016544994237e-11
4424,8.763786530249942e-10,5.370679434023934e-11
4425,8.564336954728742e-10,5.4200535056202453e-11
4426,8.485193027254826e-10,5.6564693434763633e-11
4427,8.843249720172823e-10,6.362966596144839e-11
4428,8.894090136591524e-10,6.50873752997782e-11
4429,8.27630602480308e-10,5.655782688105161e-11
4430,7.497464093204714e-10,4.575182696579596e-11
4431,7.333231898883606e-10,4.160774624558668e-11
4432,7.74125618660084e-10,4.306342661062079e-11
4433,7.978395881383219e-10,4.332470953494197e-11
4434,7.818262006070844e-10,4.1436861345275474e-11
4435,7.616799032530666e-10,3.9906402578612094e-11
4436,7.798103509855441e-10,4.189751414869009e-11
4437,8.005499840775775e-10,4.396562695981204e-11
4438,7.696782840637975e-10,4.1482758384653206e-11
4439,7.094800255363777e-10,3.6596659075105756e-11
4440,6.620464723558195e-10,3.236967752394256e-11
4441,6.362874022472516e-10,2.969382968440189e-11
4442,5.983862721123225e-10,2.6171122871014422e-11
4443,5.444417179123633e-10,2.187806512718376e-11
4444,5.051800179091423e-10,1.8930819870047316e-11
4445,4.870821886589347e-10,1.756977640360355e-11
4446,4.691921034145461e-10,1.644787416257704e-11
4447,4.4637201752850296e-10,1.5249275384125274e-11
4448,4.449699811845676e-10,1.5416921929390274e-11
4449,4.904670054492919e-10,1.8578276458186688e-11
4450,5.724374234836457e-10,2.4636273882869018e-11
4451,6.545298813230498e-10,3.144667279432911e-11
4452,7.227176007436075e-10,3.765209875908984e-11
4453,7.933067961543815e-10,4.428548950220012e-11
4454,8.368433840748792e-10,4.817396080266613e-11
4455,8.344712151338122e-10,4.8887242904248005e-11
4456,7.763687462727813e-10,4.4398557131847094e-11
4457,7.003549720868991e-10,3.783833199201662e-11
4458,6.318845628052416e-10,3.207251475448325e-11
4459,5.542601693909685e-10,2.5684944724587795e-11
4460,4.886146615819843e-10,2.0919129847634138e-11
4461,4.6271249672587636e-10,1.9396168439540504e-11
4462,4.810404116405023e-10,2.1141075007055784e-11
4463,5.194873378505483e-10,2.4689186304177368e-11
4464,5.426723155382913e-10,2.7038975874839345e-11
4465,5.648258984231097e-10,2.9071753465872868e-11
4466,6.125859886362296e-10,3.2436296268975484e-11
4467,6.802666077694507e-10,3.7509754709650295e-11
4468,7.265731008480608e-10,4.1272590310828934e-11
4469,7.251039096385486e-10,4.1047398479780595e-11
4470,6.994462888793573e-10,3.85305463667607e-11
4471,6.984019621206156e-10,3.850231855005011e-11
4472,7.170580624204861e-10,4.013370789952038e-11
4473,7.088745659701643e-10,3.87248296000156e-11
4474,6.612654071555447e-10,3.3750030550625316e-11
4475,6.068192652687644e-10,2.8546259583763343e-11
4476,5.716022412281076e-10,2.5175964751426372e-11
4477,5.562404996638231e-10,2.368694685296351e-11
4478,5.57049443048673e-10,2.4080885292779004e-11
4479,5.570667197133288e-10,2.4371992172341405e-11
4480,5.658361155998384e-10,2.4991070042497215e-11
4481,5.945998436816566e-10,2.7181335483612646e-11
4482,6.242081163090138e-10,2.9268570616095334e-11
4483,6.670899080731393e-10,3.253303711721844e-11
4484,7.290144740309918e-10,3.751329343576579e-11
4485,7.685275298773521e-10,3.978386762015355e-11
4486,7.409388757808228e-10,3.616361470626859e-11
4487,6.54098708100494e-10,2.8902920243070504e-11
4488,5.6411455799089e-10,2.2314466647459664e-11
4489,5.077215947578132e-10,1.8355067943676288e-11
4490,4.686801111482332e-10,1.5698909100845493e-11
4491,4.330181334587754e-10,1.3550481083309945e-11
4492,4.2756340788851536e-10,1.3365001943363388e-11
4493,4.782320929312534e-10,1.6410089910924663e-11
4494,5.757036831750302e-10,2.2805875586230623e-11
4495,6.580930260192455e-10,2.884177719567e-11
4496,6.685861650048972e-10,2.956797495236625e-11
4497,6.597622739534957e-10,2.9308196711374033e-11
4498,6.734751523302474e-10,3.129317835320417e-11
4499,6.905073220643073e-10,3.3715958121319466e-11
4500,6.86521785902733e-10,3.462684187313464e-11
4501,6.763405711106595e-10,3.495678125772778e-11
4502,6.803840066822645e-10,3.5498883895471515e-11
4503,7.080342895057618e-10,3.759693799612202e-11
4504,7.280207874639351e-10,3.8751060366785616e-11
4505,7.376254827008332e-10,3.897390250448637e-11
4506,7.58264471368278e-10,4.0345051306916895e-11
4507,7.647499675662745e-10,4.041089264538822e-11
4508,7.282979061024013e-10,3.722601173146193e-11
4509,6.570596155572557e-10,3.174056323575781e-11
4510,6.018990952994462e-10,2.7946742538806963e-11
4511,5.682215842652401e-10,2.526271396203759e-11
4512,5.394093106690404e-10,2.285102415757863e-11
4513,4.996575930441007e-10,1.9729074838805726e-11
4514,4.793080500387765e-10,1.8147948524509916e-11
4515,4.988550005712228e-10,1.9435293322956983e-11
4516,5.489255071913605e-10,2.3378222323318977e-11
4517,6.010163490900477e-10,2.8352361833871586e-11
4518,6.32312187842325e-10,3.1500582547229904e-11
4519,6.501938999723507e-10,3.304093277262436e-11
4520,6.582877357877396e-10,3.4019595073508705e-11
4521,6.565032276547787e-10,3.482700778540479e-11
4522,6.638941975328454e-10,3.657190994921233e-11
4523,7.009849271672091e-10,4.072015228514005e-11
4524,7.459768859777033e-10,4.4703158038236436e-11
4525,7.596837595489934e-10,4.4815165583703095e-11
4526,7.449589475411964e-10,4.262405759342539e-11
4527,7.509073642667292e-10,4.327896043371656e-11
4528,7.954757269159597e-10,4.7788026755981095e-11
4529,8.43167200182159e-10,5.2699283451497037e-11
4530,8.466491381162441e-10,5.340260357240799e-11
4531,8.1525020154973e-10,5.0479457553908475e-11
4532,8.057746162853009e-10,4.9574045116666334e-11
4533,8.222815084259295e-10,5.0788571152941225e-11
4534,8.26572091881869e-10,5.0911899850508876e-11
4535,8.04530411620132e-10,4.8501523343846315e-11
4536,7.770790996779795e-10,4.4753152400177415e-11
4537,7.764663063328012e-10,4.289266863738673e-11
4538,7.966157193996222e-10,4.358072101538299e-11
4539,8.228417214902283e-10,4.618985049795105e-11
4540,8.380449102388586e-10,4.823674554839025e-11
4541,8.419739853688451e-10,4.889477169112324e-11
4542,8.349147846343363e-10,4.852956800976719e-11
4543,8.118422324636516e-10,4.6368457033863235e-11
4544,7.797860749226242e-10,4.29621918231663e-11
4545,7.460677255740749e-10,3.906484878602061e-11
4546,7.268383875579462e-10,3.6821103259762234e-11
4547,7.180750359956174e-10,3.5589874509129326e-11
4548,7.244011520448464e-10,3.58572207841761e-11
4549,7.199121599838058e-10,3.527225380078188e-11
4550,7.152202384954923e-10,3.529619453712912e-11
4551,7.083976671963819e-10,3.510688302755986e-11
4552,7.149217655038104e-10,3.602870624668221e-11
4553,7.439147302572418e-10,3.9142684185094146e-11
4554,7.882928212833048e-10,4.3684550595980504e-11
4555,8.435516718763244e-10,4.9211548593866895e-11
4556,8.785035368118328e-10,5.227564414152832e-11
4557,8.62344645104218e-10,5.007796605155857e-11
4558,8.011307656229755e-10,4.3954235581310717e-11
4559,7.289079859430241e-10,3.719430449152412e-11
4560,6.860560817152401e-10,3.356810353869193e-11
4561,6.79892901314843e-10,3.353821779765735e-11
4562,6.831039898810273e-10,3.427856709959833e-11
4563,6.920751778493584e-10,3.557751593967975e-11
4564,6.906577872217003e-10,3.531246911630766e-11
4565,7.031048950379293e-10,3.6292350047992855e-11
4566,7.168846540052175e-10,3.7176504061111024e-11
4567,7.342999602857318e-10,3.849316892480051e-11
4568,7.335893977866638e-10,3.804667699262026e-11
4569,6.917841519904408e-10,3.3871563561102755e-11
4570,6.351856157953965e-10,2.936760403454909e-11
4571,5.95357189573981e-10,2.6747406683542896e-11
4572,5.877300156433389e-10,2.656725630929233e-11
4573,6.036491057978826e-10,2.8155137417602782e-11
4574,6.123595721263193e-10,2.896633443323947e-11
4575,6.212407901994861e-10,2.992630692143556e-11
4576,6.531705394080532e-10,3.3030632010923564e-11
4577,6.961113763633419e-10,3.695123964575343e-11
4578,7.291347297704818e-10,4.01284994825138e-11
4579,7.221768091620398e-10,3.937797949497863e-11
4580,6.850794470457562e-10,3.554876601697861e-11
4581,6.571679887655142e-10,3.326334930745336e-11
4582,6.681517413272982e-10,3.556656746942666e-11
4583,7.235006804801135e-10,4.286407426945519e-11
4584,7.981624342778496e-10,5.2365377319135085e-11
4585,8.494975226967498e-10,5.835691559393967e-11
4586,8.68293998138462e-10,5.960162751044244e-11
4587,8.853588291881702e-10,5.995590208440487e-11
4588,9.243398458910908e-10,6.310489740014474e-11
4589,9.687125180283736e-10,6.831796584216782e-11
4590,9.587898155160582e-10,6.821962877331865e-11
4591,9.021738704768641e-10,6.288185606613126e-11
4592,8.513283430778723e-10,5.763748121906223e-11
4593,8.312255024839216e-10,5.4407601437280844e-11
4594,8.181808386171559e-10,5.1448276270695897e-11
4595,7.893149761276252e-10,4.764750325278806e-11
4596,7.444198254718025e-10,4.2419133396246795e-11
4597,7.047325616370643e-10,3.7281409617477136e-11
4598,6.560721398193982e-10,3.127026328481494e-11
4599,5.932090267536658e-10,2.51294463574774e-11
4600,5.400310086225786e-10,2.0852463972050263e-11
4601,5.172923030591466e-10,1.9209496475329006e-11
4602,5.350469193535903e-10,2.0750444840926067e-11
4603,5.53640704544357e-10,2.248373919834442e-11
4604,5.598619331336835e-10,2.327551330766068e-11
4605,5.67861840292906e-10,2.3740504206253457e-11
4606,6.013401019428568e-10,2.575032938964717e-11
4607,6.565352846663066e-10,2.960459800892145e-11
4608,6.925875983559128e-10,3.2306248030006347e-11
4609,6.840571078182796e-10,3.152328820837352e-11
4610,6.501536656717359e-10,2.881377351155711e-11
4611,6.023459335413899e-10,2.512005534592095e-11
4612,5.362928583610466e-10,2.0428075604860337e-11
4613,4.703944104330819e-10,1.648292628943621e-11
4614,4.260171094171668e-10,1.4108464568346122e-11
4615,4.089720994653947e-10,1.2971216349244696e-11
4616,4.2286965714047534e-10,1.3608984786853269e-11
4617,4.6122208556355755e-10,1.6000481227149877e-11
4618,5.30347803958341e-10,2.0863423984311714e-11
4619,6.380427006194059e-10,2.9355414391659175e-11
4620,7.542077514091461e-10,3.947227306747524e-11
4621,8.175508533072822e-10,4.542329002177839e-11
4622,8.173011433496956e-10,4.591267891111557e-11
4623,7.800132295757954e-10,4.263083647163533e-11
4624,7.461126152686093e-10,3.940650981474261e-11
4625,7.030452906146588e-10,3.516755384191869e-11
4626,6.441089685202828e-10,2.984830395127499e-11
4627,5.875751760004058e-10,2.5084183255966184e-11
4628,5.691703646208195e-10,2.345080003668286e-11
4629,5.908543999602839e-10,2.4924871632032573e-11
4630,6.30689088164029e-10,2.8192305393104013e-11
4631,6.682146925260591e-10,3.178990093228478e-11
4632,6.999095470734721e-10,3.498442698086513e-11
4633,7.242620329401492e-10,3.707865944708859e-11
4634,7.204907689161224e-10,3.6469585934146863e-11
4635,7.10757626836081e-10,3.609978846115862e-11
4636,7.016905068932943e-10,3.569560625479469e-11
4637,7.158674469811591e-10,3.7202374103418804e-11
4638,7.394200187102844e-10,3.9831681941108206e-11
4639,7.665023789220723e-10,4.3432778367025925e-11
4640,7.821764051477537e-10,4.570340841290011e-11
4641,7.983340536182476e-10,4.7713507233818243e-11
4642,8.116784782452916e-10,4.894337798135725e-11
4643,8.168891480682114e-10,4.8938415634075554e-11
4644,7.981578629737079e-10,4.6226565286010543e-11
4645,7.695772227352685e-10,4.3368250407152966e-11
4646,7.400351667078872e-10,4.118098184344361e-11
4647,7.295488024428815e-10,4.115191355389165e-11
4648,7.408938724883532e-10,4.278504246981659e-11
4649,7.407405542357316e-10,4.1987509197602034e-11
4650,7.013181176436387e-10,3.6495711703630954e-11
4651,6.316568278016877e-10,2.8702116180098993e-11
4652,5.818774069866419e-10,2.3713881793938562e-11
4653,5.458577148588531e-10,2.007560980693664e-11
4654,5.044190300464358e-10,1.6800305477444673e-11
4655,4.568333894826852e-10,1.4137122331467978e-11
4656,4.1964507806429893e-10,1.2539286545240163e-11
4657,4.039421574718485e-10,1.2083898314195786e-11
4658,3.979126102299919e-10,1.2024140125788669e-11
4659,3.7717179371062e-10,1.0861865535002297e-11
4660,3.7503929461650226e-10,1.0740642628876693e-11
4661,4.082832950651774e-10,1.245411490274649e-11
4662,4.65686265481455e-10,1.5729201304969237e-11
4663,5.015276859575929e-10,1.8408307024865805e-11
4664,5.037588688163851e-10,1.954842305900486e-11
4665,5.108203715673053e-10,2.092608097238663e-11
4666,5.317749302583905e-10,2.2772325550826172e-11
4667,5.389308605219207e-10,2.386608641658341e-11
4668,5.140644735808961e-10,2.3102043056044595e-11
4669,4.955078214872046e-10,2.3006193316641856e-11
4670,5.282860581454322e-10,2.6833176319546702e-11
4671,5.822781149064261e-10,3.162491628011541e-11
4672,5.911000338571176e-10,3.193394838916616e-11
4673,5.573791083634625e-10,2.8758605153491782e-11
4674,5.414569394585436e-10,2.7431501939536048e-11
4675,5.593058785468153e-10,2.8690252888526563e-11
4676,5.734299662198657e-10,2.976147230776282e-11
4677,5.612060688035148e-10,2.8676244216989118e-11
4678,5.466136655334794e-10,2.6489089316860256e-11
4679,5.807094320547583e-10,2.7572785846867905e-11
4680,6.400368351006227e-10,3.053702944197996e-11
4681,6.736338154119671e-10,3.2241549841115283e-11
4682,6.618093240968081e-10,3.0873137687551136e-11
4683,6.553725457261139e-10,3.026319733718166e-11
4684,6.729018261763604e-10,3.181943661850672e-11
4685,6.77504935061474e-10,3.289174473987262e-11
4686,6.495875941311894e-10,3.1829372536777385e-11
4687,6.277679840343454e-10,3.113800173628237e-11
4688,6.436872238949068e-10,3.263998493698769e-11
4689,6.827447636516285e-10,3.539491191182856e-11
4690,7.075144175245049e-10,3.685691751234416e-11
4691,7.068548257860299e-10,3.592954844796518e-11
4692,7.094332941371133e-10,3.5200793294614655e-11
4693,7.163200492747435e-10,3.513113545588657e-11
4694,6.989869556497058e-10,3.3644365991011655e-11
4695,6.613166141927195e-10,3.11356411714941e-11
4696,6.569086290928289e-10,3.173849205454544e-11
4697,6.90387074250756e-10,3.506140571892399e-11
4698,7.167131273598733e-10,3.729828632605257e-11
4699,7.028953168896023e-10,3.6063567934648015e-11
4700,6.675833334515354e-10,3.263534984048787e-11
4701,6.606336159227311e-10,3.11821589316376e-11
4702,6.703410333129906e-10,3.1003998611704254e-11
4703,6.56420035237643e-10,2.9451818360661786e-11
4704,6.084392948007214e-10,2.5723527659035124e-11
4705,5.75912142988334e-10,2.3554269710042252e-11
4706,5.793379544152193e-10,2.410812298940862e-11
4707,5.759649146374693e-10,2.3810825167307387e-11
4708,5.297338660081532e-10,2.0291300818244932e-11
4709,4.847798180360766e-10,1.7288341554469396e-11
4710,4.5845180643100786e-10,1.5152579746459543e-11
4711,4.4873502089280104e-10,1.4025480362375978e-11
4712,4.275026159641992e-10,1.2613868272877745e-11
4713,3.901211637264197e-10,1.0637002415853955e-11
4714,3.747038534943266e-10,1.0101647423527427e-11
4715,3.872239094094031e-10,1.1336348913371635e-11
4716,4.031280194751199e-10,1.3353919238333067e-11
4717,4.12822723255886e-10,1.5920733957256055e-11
4718,4.449658209098592e-10,2.073081962047096e-11
4719,5.100933011129904e-10,2.745780066003262e-11
4720,5.95597278851245e-10,3.5690071957343896e-11
4721,6.669526691742321e-10,4.340441915983369e-11
4722,7.28695920579024e-10,5.0901868266777444e-11
4723,8.028546766358122e-10,6.025385928923586e-11
4724,8.373284368312312e-10,6.512379561760168e-11
4725,7.928899112288337e-10,6.183427486253162e-11
4726,6.97679385962783e-10,5.0896339466268334e-11
4727,6.206883477440044e-10,3.935866844639567e-11
4728,5.837657764097087e-10,3.1911418665665695e-11
4729,5.425540669880644e-10,2.5811702611687248e-11
4730,4.88677677314898e-10,2.0683495278682804e-11
4731,4.69710790389087e-10,1.9134398092028104e-11
4732,4.991830901860786e-10,2.06769152972343e-11
4733,5.310475983407029e-10,2.1720260110978508e-11
4734,5.199536187396315e-10,2.020319364195939e-11
4735,4.884977380133738e-10,1.8248419848220265e-11
4736,4.961827232041194e-10,1.9295406977080494e-11
4737,5.486471728295852e-10,2.3612124908695082e-11
4738,5.881508019841208e-10,2.7287061325464978e-11
4739,5.842187993548547e-10,2.7355594796641814e-11
4740,5.877568432039107e-10,2.7005212623374015e-11
4741,6.251128941335881e-10,2.8489276009931982e-11
4742,6.358068620883203e-10,2.8322704049434826e-11
4743,5.736009445750436e-10,2.4070806955936032e-11
4744,4.887863789752727e-10,1.8960366362713577e-11
4745,4.467663541203532e-10,1.632961994024274e-11
4746,4.377089440721083e-10,1.5179860118157654e-11
4747,4.1744089074046437e-10,1.3502055252476195e-11
4748,3.85763192683034e-10,1.1582880543103691e-11
4749,4.00631844515481e-10,1.2506905617422732e-11
4750,4.703926976122178e-10,1.6526355813934655e-11
4751,5.355782419075933e-10,2.0297027778614596e-11
4752,5.376866932767931e-10,2.0270143049053003e-11
4753,5.070494387610878e-10,1.8284169927426925e-11
4754,5.142226660069254e-10,1.8860028255280564e-11
4755,5.424211232010243e-10,2.0886222808622956e-11
4756,5.316417011245198e-10,2.055239574856277e-11
4757,4.826050970309449e-10,1.7715244383333237e-11
4758,4.478400904179792e-10,1.527663064103046e-11
4759,4.4005646267575896e-10,1.4097049452623912e-11
4760,4.3732426418495663e-10,1.3555920173438386e-11
4761,4.1577647060650007e-10,1.2293552876926504e-11
4762,4.058238073055421e-10,1.1851587247905815e-11
4763,4.2779402514305336e-10,1.3146250703716818e-11
4764,4.569347230137598e-10,1.4865650879101036e-11
4765,4.5761560153409776e-10,1.49082367517418e-11
4766,4.433724699574476e-10,1.403049195974321e-11
4767,4.5191137732791627e-10,1.4458521535372229e-11
4768,4.754825854577592e-10,1.5718495729777422e-11
4769,4.877047444590931e-10,1.6550954286754688e-11
4770,4.70583018760494e-10,1.5590168614511548e-11
4771,4.524975153927856e-10,1.4482319832300372e-11
4772,4.4977031514036924e-10,1.4326143591394131e-11
4773,4.5051996399693743e-10,1.481080670511104e-11
4774,4.5168005363237393e-10,1.6173791055721767e-11
4775,4.64814099343927e-10,1.8946760291037647e-11
4776,5.013728713550463e-10,2.316599971334657e-11
4777,5.408545139189202e-10,2.661195063416816e-11
4778,5.601926951773596e-10,2.7701737799043773e-11
4779,5.711712650982418e-10,2.822294691287647e-11
4780,5.930547240269858e-10,2.983208051175398e-11
4781,6.248710914263574e-10,3.227065341010546e-11
4782,6.140816213620549e-10,3.031292692829113e-11
4783,5.3555204422702e-10,2.2541935768320685e-11
4784,4.497722447835302e-10,1.5602119124174394e-11
4785,4.041734288965748e-10,1.2245370868985997e-11
4786,3.8876603499898465e-10,1.1089054059073392e-11
4787,3.61630610477918e-10,9.685355384374243e-12
4788,3.161149140898597e-10,7.618252355168647e-12
4789,2.930946768273718e-10,6.653875441446079e-12
4790,3.122077350077737e-10,7.421295714642944e-12
4791,3.5417614842644463e-10,9.355277072447454e-12
4792,3.637813378504742e-10,9.887312823889148e-12
4793,3.3159560564002034e-10,8.460337378597913e-12
4794,3.009579227564116e-10,7.223317493340378e-12
4795,2.935482523877829e-10,7.039621908628206e-12
4796,2.8126782927568716e-10,6.496349418702535e-12
4797,2.404022296800008e-10,4.837879511937948e-12
4798,1.9451853596844727e-10,3.2974407698102153e-12
4799,1.7043579860648272e-10,2.5767876113237054e-12
4800,1.671610887668797e-10,2.390985761714422e-12
4801,1.6805640168911106e-10,2.2759347832172113e-12
4802,1.6575262253635854e-10,2.0732019152911663e-12
4803,1.6896057608354703e-10,2.010116174885988e-12
4804,1.90693337076509e-10,2.5230569627786175e-12
4805,2.1861020658029614e-10,3.3692591610157282e-12
4806,2.2688441584568373e-10,3.6782801602489015e-12
4807,2.1620107742383797e-10,3.343243701786977e-12
4808,2.0838663022154383e-10,3.063263844284344e-12
4809,2.1142960715288906e-10,3.102120131830294e-12
4810,2.1217816482447052e-10,3.148332630302323e-12
4811,2.0563880146972242e-10,3.1851534275080116e-12
4812,2.0966562710042037e-10,3.7654534572952954e-12
4813,2.3576684222083404e-10,5.128255351396611e-12
4814,2.765424130452791e-10,6.996395245934618e-12
4815,2.9596944275830106e-10,7.72093915078347e-12
4816,2.9179867618049236e-10,7.384917314201082e-12
4817,2.992666341610449e-10,7.619364512739616e-12
4818,3.258411113631084e-10,8.498054433106663e-12
4819,3.43728490916883e-10,8.837667097927043e-12
4820,3.275271695887703e-10,7.593110111687376e-12
4821,2.968065940439584e-10,5.869758171718633e-12
4822,2.864548262280826e-10,5.211029080234015e-12
4823,2.8748517358652154e-10,5.1455012801195426e-12
4824,2.7393332011240817e-10,4.678938139711497e-12
4825,2.463111024604597e-10,3.765089459458692e-12
4826,2.313633255772003e-10,3.291998309263505e-12
4827,2.4515180263697774e-10,3.762159024479126e-12
4828,2.726265126903151e-10,4.830364948402672e-12
4829,3.0084614296113616e-10,6.192226487786112e-12
4830,3.3349258613568376e-10,7.975877448103089e-12
4831,3.7868592332212736e-10,1.0483092210305154e-11
4832,4.277907660162128e-10,1.3388048390262988e-11
4833,4.678327978722647e-10,1.6146926638461844e-11
4834,4.828245690858244e-10,1.715758749146854e-11
4835,4.862572485412385e-10,1.7124523785732296e-11
4836,4.749480910612761e-10,1.595730374480617e-11
4837,4.3394066646284443e-10,1.301360432084242e-11
4838,3.833586051169863e-10,1.0024777138365703e-11
4839,3.436198927929074e-10,7.966201771638981e-12
4840,3.2437155931138595e-10,7.0769792836281004e-12
4841,3.191363302976356e-10,6.979445677378068e-12
4842,3.1852322519587936e-10,7.17745986747282e-12
4843,3.3144552579317997e-10,8.092502325467156e-12
4844,3.667772000985455e-10,1.0136490912989586e-11
4845,3.9810998321889027e-10,1.1629251086145415e-11
4846,4.0666017456647534e-10,1.1801389840471337e-11
4847,3.891241583858893e-10,1.066311166555871e-11
4848,3.546720582910056e-10,8.714720471695609e-12
4849,3.1568463722128317e-10,6.844571318412247e-12
4850,2.6729496074625467e-10,4.900167547089786e-12
4851,2.1063704141818367e-10,2.943004757059101e-12
4852,1.6383842423450668e-10,1.65384082201897e-12
4853,1.4086115166991372e-10,1.181890908474449e-12
4854,1.3981221787224956e-10,1.2476930893039427e-12
4855,1.5212741104674871e-10,1.6722179221000659e-12
4856,1.6358396306242638e-10,2.12285490226105e-12
4857,1.7067780834485343e-10,2.4588017164716566e-12
4858,1.7951786498528517e-10,2.7947953834521003e-12
4859,1.9512707112391667e-10,3.3284256378243114e-12
4860,2.08184340266566e-10,3.960706026428695e-12
4861,2.0956379217187693e-10,4.406616211737935e-12
4862,2.0389471933728302e-10,4.469336409898752e-12
4863,2.08555252973244e-10,4.616806353473672e-12
4864,2.1554993857798516e-10,4.496010794578249e-12
4865,2.186873358037638e-10,4.28054393532065e-12
4866,2.09293256178642e-10,3.833264213837979e-12
4867,2.0273183294726992e-10,3.7744929683398665e-12
4868,2.0626397843211915e-10,4.214066797606479e-12
4869,2.1431363928698423e-10,4.7620747331971874e-12
4870,2.1601091808281733e-10,4.801945290736692e-12
4871,2.1585506047490554e-10,4.467178358152033e-12
4872,2.2621013738300288e-10,4.530425801984242e-12
4873,2.5696750582701853e-10,5.63036617621777e-12
4874,3.0325242023465443e-10,7.620394305870992e-12
4875,3.38753871115958e-10,9.111094486111983e-12
4876,3.4606944861374337e-10,9.063699091129474e-12
4877,3.3623774819800526e-10,8.217855577936972e-12
4878,3.270812386376683e-10,7.542937373255693e-12
4879,3.195160752228164e-10,7.0812191329164116e-12
4880,2.999896465088288e-10,6.231101387439998e-12
4881,2.458920653070484e-10,3.990073994182284e-12
4882,2.0098040599268985e-10,2.5212635197391908e-12
4883,1.9236637580281535e-10,2.292700815048624e-12
4884,2.2514708172050586e-10,3.2891297872983905e-12
4885,2.9290784864871213e-10,5.956692561153791e-12
4886,3.6138841036117366e-10,9.413435871320358e-12
4887,4.135281744039119e-10,1.2371068937060309e-11
4888,4.692594123173026e-10,1.5612922342452572e-11
4889,5.331105853088445e-10,1.954109476748865e-11
4890,5.737808271478231e-10,2.2226213525729374e-11
4891,5.68924343227642e-10,2.2173580074202044e-11
4892,5.280266330857452e-10,1.9532288700192913e-11
4893,4.696251236798935e-10,1.542200983743096e-11
4894,4.1102410353239447e-10,1.1628222103890368e-11
4895,3.5419358993665566e-10,8.4730081882672e-12
4896,3.2041441200127564e-10,6.8095661311273455e-12
4897,3.0849121073938097e-10,6.1200935979413055e-12
4898,3.1055063108006786e-10,6.0690360223920335e-12
4899,3.072399772541202e-10,5.931977584168426e-12
4900,3.021581651560503e-10,5.864523043907828e-12
4901,3.140099477227101e-10,6.526561858753238e-12
4902,3.3102423935435e-10,7.305506787084069e-12
4903,3.3685605129125095e-10,7.693049770041823e-12
4904,3.086659454533252e-10,6.512699527889568e-12
4905,2.745543421373468e-10,5.101737599641636e-12
4906,2.606320215069307e-10,4.497569992691101e-12
4907,2.546668946521201e-10,4.172262320689719e-12
4908,2.3449611234978247e-10,3.4570043565835616e-12
4909,2.0047383891638758e-10,2.4354186640996067e-12
4910,1.7030742970255074e-10,1.6413888417614446e-12
4911,1.4694332990050559e-10,1.075076967354441e-12
4912,1.2785645962155953e-10,7.192002847594296e-13
4913,1.1554553968529628e-10,5.623783132626321e-13
4914,1.1374153114115164e-10,5.575757907017595e-13
4915,1.2720738338327836e-10,7.678410934264397e-13
4916,1.4453943716587582e-10,1.0722109482843013e-12
4917,1.5699392257382625e-10,1.3723089330780254e-12
4918,1.7171762780953533e-10,1.8351958557329826e-12
4919,1.9536324565162455e-10,2.5905384706085518e-12
4920,2.1938213379393227e-10,3.3764329670353655e-12
4921,2.1810104457296734e-10,3.3060972237242426e-12
4922,1.989987330886886e-10,2.696038151207794e-12
4923,1.817000721503914e-10,2.1925617465074454e-12
4924,1.8361199105102142e-10,2.3046079784240445e-12
4925,1.9430888570758567e-10,2.7659157012071477e-12
4926,2.04839166690844e-10,3.320461312910634e-12
4927,2.2290801793807076e-10,4.074036347504701e-12
4928,2.5576723395064165e-10,5.267572706292527e-12
4929,3.043362025991405e-10,7.356934949079908e-12
4930,3.4362955530265413e-10,9.511324032120089e-12
4931,3.5603073685909605e-10,1.0482716704834341e-11
4932,3.583665277345954e-10,1.0879328945332376e-11
4933,3.709520853783409e-10,1.1468720463829201e-11
4934,3.8099801215648033e-10,1.1341715772899511e-11
4935,3.7688155006357956e-10,1.0561898368247799e-11
4936,3.6709171111209717e-10,9.89073655035075e-12
4937,3.5375420756942855e-10,9.021969783482151e-12
4938,3.387139967700465e-10,8.100650803986518e-12
4939,3.2150221762203244e-10,7.295172626125241e-12
4940,3.0246519134062156e-10,6.352917470804132e-12
4941,3.056944064008467e-10,6.389827819953022e-12
4942,3.350001197019466e-10,7.656272796584099e-12
4943,3.740825323148482e-10,9.597729246257474e-12
4944,4.1862968900872583e-10,1.2279734326167628e-11
4945,4.5780856178947057e-10,1.4763972842787935e-11
4946,4.919156310067645e-10,1.6874195581241674e-11
4947,5.07951552778706e-10,1.778266133750506e-11
4948,4.925131871847749e-10,1.6670295713761786e-11
4949,4.634003538570677e-10,1.487726630960082e-11
4950,4.2418712020101425e-10,1.2376869138843443e-11
4951,3.824968439240035e-10,9.864825663922505e-12
4952,3.3604870044551844e-10,7.389699763033797e-12
4953,2.8066494329907745e-10,4.859105068334716e-12
4954,2.3540008201015273e-10,3.210465346281184e-12
4955,2.0102797401412872e-10,2.1808252265693133e-12
4956,1.782755551783001e-10,1.6209261498929163e-12
4957,1.628574179969667e-10,1.3073934242929333e-12
4958,1.5826448905198887e-10,1.2525057283158943e-12
4959,1.657080090684553e-10,1.4268933629080696e-12
4960,1.906577703858649e-10,2.0293659871590687e-12
4961,2.2322657123374708e-10,2.9434873475975925e-12
4962,2.4760488550961e-10,3.713143146052627e-12
4963,2.522265995199982e-10,3.835887262434895e-12
4964,2.428018671295194e-10,3.5069320559394184e-12
4965,2.3516728714303945e-10,3.276360333890243e-12
4966,2.2255507706338654e-10,2.8723630049304413e-12
4967,1.9481306813738427e-10,2.0713979752881152e-12
4968,1.5840877971570706e-10,1.2409989708764306e-12
4969,1.3268265823858802e-10,7.798487426523647e-13
4970,1.276561413532689e-10,7.044799034440479e-13
4971,1.3605312380939906e-10,8.683216817330674e-13
4972,1.3822875357082862e-10,9.96332745954217e-13
4973,1.3403234535610782e-10,1.1137935323675657e-12
4974,1.324976772117674e-10,1.3069533301456043e-12
4975,1.3886457210456613e-10,1.6351587799057489e-12
4976,1.4598562804862048e-10,1.937394046235076e-12
4977,1.4640979742574344e-10,2.018298238731814e-12
4978,1.5253851093315512e-10,2.218147796312757e-12
4979,1.778807177782282e-10,2.971668439900748e-12
4980,2.1608081495046003e-10,4.2049173177398155e-12
4981,2.4326317534025395e-10,5.073576441156819e-12
4982,2.5562794840781793e-10,5.34448598332178e-12
4983,2.717855566477771e-10,5.648456587536261e-12
4984,2.956447845814425e-10,6.322772425188362e-12
4985,3.105390164725198e-10,7.0419904560309426e-12
4986,3.108125593943636e-10,7.632676615308812e-12
4987,3.1388771506648153e-10,8.470579319113229e-12
4988,3.2301281646174196e-10,9.276587100249602e-12
4989,3.228214968617284e-10,9.329960866181175e-12
4990,3.017846186224714e-10,8.347112632980408e-12
4991,2.929741578614458e-10,8.124939617675536e-12
4992,3.1049441239679675e-10,8.97921618563848e-12
4993,3.2714772018723717e-10,9.364472359710784e-12
4994,3.1209277147149743e-10,8.018441708924648e-12
4995,2.817011088691188e-10,6.051561901281552e-12
4996,2.798286837915852e-10,5.545142791819498e-12
4997,3.0578154572265844e-10,6.3594917769638385e-12
4998,3.331007860031743e-10,7.602618196021314e-12
4999,3.274241141069087e-10,7.4410910788154e-12
5000,3.1877014815359067e-10,7.077188320763648e-12
5001,3.249532949395832e-10,7.1264157578741425e-12
5002,3.353866900436079e-10,7.330818929001665e-12
5003,3.369808198452763e-10,7.360365741773096e-12
5004,3.325718923090258e-10,7.2012159129730184e-12
5005,3.5330932675617556e-10,8.248234013085722e-12
5006,3.6715461704475666e-10,8.849360596038756e-12
5007,3.458527321929285e-10,7.909604898724616e-12
5008,3.0220057207533237e-10,6.2006403748295636e-12
5009,2.7074301201420325e-10,4.947401245950854e-12
5010,2.6524210827204265e-10,4.580194431253664e-12
5011,2.5313030201137597e-10,3.928270387344292e-12
5012,2.2603897576590986e-10,2.9573676768126466e-12
5013,2.0922412472581855e-10,2.4379215074620733e-12
5014,2.194542749341474e-10,2.675328200030774e-12
5015,2.4306748495729673e-10,3.3745557639364065e-12
5016,2.4540581654144875e-10,3.5396638530520098e-12
5017,2.3170945716851622e-10,3.2598262511847037e-12
5018,2.2512333945345446e-10,3.1088374435988245e-12
5019,2.355069884007198e-10,3.4089377009657565e-12
5020,2.3588357968625235e-10,3.3685039935436472e-12
5021,2.2319356355032386e-10,3.024345608034612e-12
5022,2.205290619787985e-10,3.0354587532874304e-12
5023,2.560721658358978e-10,4.3757960692231775e-12
5024,3.143328464286509e-10,6.904043843035395e-12
5025,3.3752316449024103e-10,8.113876212088144e-12
5026,3.1980308633276996e-10,7.490615065250922e-12
5027,3.0813829323636577e-10,7.093887293512542e-12
5028,3.3129299641420686e-10,8.299961497624024e-12
5029,3.492880856865411e-10,9.46178335367644e-12
5030,3.1877635032502344e-10,8.463379007346273e-12
5031,2.715581925177867e-10,6.770276852171264e-12
5032,2.572683697839261e-10,6.285326377968848e-12
5033,2.7501612518045385e-10,6.942230052668355e-12
5034,2.8463316306093946e-10,7.482225041615207e-12
5035,2.714912237089094e-10,7.56583298314716e-12
5036,2.7073417149672833e-10,8.373988710495679e-12
5037,3.1087477853513937e-10,1.0820465448233052e-11
5038,3.728717206919687e-10,1.4116138525005218e-11
5039,3.998324146961832e-10,1.5102968816368938e-11
5040,3.9307863581140847e-10,1.4277500512369465e-11
5041,4.068043102579078e-10,1.488550322123179e-11
5042,4.474455731082223e-10,1.7079514465170573e-11
5043,4.597709208024877e-10,1.7433603872260312e-11
5044,4.262031008314432e-10,1.5199245724630896e-11
5045,4.0290196182208437e-10,1.3586218248449576e-11
5046,4.211912328069672e-10,1.407073899701445e-11
5047,4.6185105743180544e-10,1.612463243521465e-11
5048,4.6083884912300717e-10,1.603574384274442e-11
5049,4.378323723308029e-10,1.4979389608003075e-11
5050,4.5624055047958023e-10,1.6454592211686188e-11
5051,5.292367871958562e-10,2.146039324164098e-11
5052,5.936068833169889e-10,2.6318026911751055e-11
5053,6.005623902778577e-10,2.7291975591318242e-11
5054,5.691948721449958e-10,2.463115361725614e-11
5055,5.620973343618112e-10,2.331249020605865e-11
5056,5.604834655069051e-10,2.2249053498841056e-11
5057,5.144240754172736e-10,1.8367895857500197e-11
5058,4.424785790925303e-10,1.3624500261115012e-11
5059,3.9675058282048736e-10,1.092542366054613e-11
5060,3.947838470529958e-10,1.0739374830168212e-11
5061,4.064381965951352e-10,1.1400677124030082e-11
5062,3.788933204842165e-10,9.962956939763662e-12
5063,3.3601367623552974e-10,7.890132116734675e-12
5064,3.218876382068827e-10,7.2224667021706675e-12
5065,3.3916943125801466e-10,7.889123286449256e-12
5066,3.6010404975686326e-10,8.835321362165004e-12
5067,3.4425325356881686e-10,8.033689741356408e-12
5068,3.1079536779047243e-10,6.492292947947846e-12
5069,3.0295524768809553e-10,6.2247154591145315e-12
5070,3.088423116234033e-10,6.521152787174589e-12
5071,2.9968323186113343e-10,6.237785701284175e-12
5072,2.6745336150214336e-10,5.016850599296994e-12
5073,2.453697261943995e-10,4.1355678386731496e-12
5074,2.480536587204097e-10,4.0150523008627175e-12
5075,2.5892200323843473e-10,4.1719317368443206e-12
5076,2.5858299915369975e-10,4.084195337870683e-12
5077,2.519225173368864e-10,3.849565205928706e-12
5078,2.7237743308773874e-10,4.64491102843021e-12
5079,3.120904834600949e-10,6.3529128537072e-12
5080,3.418108272963078e-10,8.055050803301512e-12
5081,3.3981107095627176e-10,8.401912636768382e-12
5082,3.2934105926481354e-10,8.015385870845472e-12
5083,3.4038055977398813e-10,8.399918048709171e-12
5084,3.693630078501887e-10,9.685740269069217e-12
5085,3.7184544973778805e-10,9.589405129521265e-12
5086,3.4030775914985296e-10,7.880411389298863e-12
5087,3.136663028222335e-10,6.683405776908916e-12
5088,3.126483524804175e-10,6.6652184381637366e-12
5089,3.285877498385357e-10,7.44392238930196e-12
5090,3.4193086941185414e-10,8.281087008929649e-12
5091,3.4755415398656577e-10,8.728110716824193e-12
5092,3.626656019133969e-10,9.477289051737987e-12
5093,3.875049219344545e-10,1.05546403283435e-11
5094,4.06871294229819e-10,1.1360872774093482e-11
5095,4.2361034049761424e-10,1.230404932224408e-11
5096,4.520481994346113e-10,1.4090412569849544e-11
5097,4.944939103008054e-10,1.686020607022533e-11
5098,5.239416113926874e-10,1.9092463457237728e-11
5099,5.25684335467246e-10,1.9662493347582952e-11
5100,5.251934444223732e-10,1.989807836510252e-11
5101,5.496143027140903e-10,2.153136138971261e-11
5102,5.683576563750402e-10,2.2375187064593227e-11
5103,5.555558185831931e-10,2.1231651958240663e-11
5104,5.367898480888147e-10,2.010314698083867e-11
5105,5.568439375008959e-10,2.1700524020336296e-11
5106,5.956203351909437e-10,2.4406687509343054e-11
5107,6.074591523787491e-10,2.561310130714786e-11
5108,5.814352294272002e-10,2.434849746149101e-11
5109,5.679713326393982e-10,2.3629077532944847e-11
5110,5.882807303309229e-10,2.4770015306200305e-11
5111,5.903070602081319e-10,2.431541983118977e-11
5112,5.542269487713836e-10,2.167260727127352e-11
5113,5.200192703307712e-10,1.938574157000923e-11
5114,5.103085859334067e-10,1.8411648839675142e-11
5115,5.009885638731234e-10,1.7473202724242825e-11
5116,4.5301550552123167e-10,1.4512906602900135e-11
5117,4.0037465934201335e-10,1.1622702385041597e-11
5118,3.9891543329873317e-10,1.1536388210632343e-11
5119,4.4019321222904923e-10,1.3733107204311257e-11
5120,4.5471418909326273e-10,1.4437335824151395e-11
5121,4.124383001328634e-10,1.204636527455792e-11
5122,3.607778078644292e-10,9.387380854947614e-12
5123,3.3832490497154443e-10,8.202436125540284e-12
5124,3.314295257975991e-10,7.74710652267795e-12
5125,3.041438270990846e-10,6.5582538192827235e-12
5126,2.691106980589523e-10,5.303783582054359e-12
5127,2.613383121957431e-10,5.2277595161606495e-12
5128,2.857521443834195e-10,6.352849934470467e-12
5129,3.077127971259702e-10,7.114042311946898e-12
5130,2.984316895523454e-10,6.2871611319580045e-12
5131,2.816922391449836e-10,5.323245995817261e-12
5132,2.857378810594415e-10,5.316204015637117e-12
5133,2.981847330106832e-10,5.7144075336390625e-12
5134,2.867792719331501e-10,5.329738088252973e-12
5135,2.6104879833860073e-10,4.531925186265001e-12
5136,2.6046109936886e-10,4.668963736429706e-12
5137,2.912107059145688e-10,5.997209752159128e-12
5138,3.1700194969834056e-10,7.208358404739482e-12
5139,2.9287484723021533e-10,6.070049515467009e-12
5140,2.622692162031012e-10,4.7220596153594765e-12
5141,2.7030754336480206e-10,4.901700915365346e-12
5142,2.996842076783708e-10,5.893508918874663e-12
5143,2.9917850706688644e-10,5.8182429069081804e-12
5144,2.68135459187897e-10,4.736859542853372e-12
5145,2.577393544845016e-10,4.439029338788269e-12
5146,2.917875098922268e-10,5.740148616626229e-12
5147,3.318740720865894e-10,7.422113112477241e-12
5148,3.297562393362996e-10,7.387149924409382e-12
5149,3.12573339932652e-10,6.7241051458555595e-12
5150,3.230380331344955e-10,7.152749159988598e-12
5151,3.653657032689717e-10,9.271467313687674e-12
5152,3.930567108658857e-10,1.1165446405478689e-11
5153,3.916141651598005e-10,1.160841372135439e-11
5154,3.975747426985779e-10,1.2061251299174768e-11
5155,4.3613104125921343e-10,1.425358578205074e-11
5156,4.816319309186625e-10,1.7210752465546663e-11
5157,4.92540730429393e-10,1.80730004601319e-11
5158,5.053748042125837e-10,1.917567627772385e-11
5159,5.460043171006311e-10,2.182882851187541e-11
5160,5.962666783033153e-10,2.495465147018873e-11
5161,5.925749358087049e-10,2.4322736669383353e-11
5162,5.416491130090877e-10,2.076515634353858e-11
5163,5.208086082547687e-10,1.958239365298563e-11
5164,5.367797114805741e-10,2.0504762074218476e-11
5165,5.409917985038831e-10,2.0728287960349637e-11
5166,4.889254148542377e-10,1.7445322179894273e-11
5167,4.4691471795828286e-10,1.512033008155701e-11
5168,4.784981704137304e-10,1.7215028856491094e-11
5169,5.535839810025996e-10,2.17544255627361e-11
5170,5.826163243960438e-10,2.3197545175622567e-11
5171,5.458450154730551e-10,2.0449075638183653e-11
5172,5.303937303036268e-10,1.9253706872947183e-11
5173,5.795833640622193e-10,2.225155987151136e-11
5174,6.210422481102547e-10,2.5003189991217352e-11
5175,5.829505845771607e-10,2.289898167202419e-11
5176,4.855997315680138e-10,1.6746852105286552e-11
5177,4.2411668809484663e-10,1.3104457237496308e-11
5178,4.0016625172612826e-10,1.1590163135792397e-11
5179,3.606572043166078e-10,9.196398172669501e-12
5180,3.111883060305273e-10,6.717043167861465e-12
5181,2.9104549374735577e-10,5.754276510797753e-12
5182,3.103519237637707e-10,6.417390048318045e-12
5183,3.3650004646123675e-10,7.523843966679977e-12
5184,3.3179818428455067e-10,7.583387219409895e-12
5185,3.051666515946263e-10,6.631427947195834e-12
5186,3.021350409659756e-10,6.593490170847316e-12
5187,3.019686189969776e-10,6.4059466239841235e-12
5188,2.734115451054653e-10,5.097294109831315e-12
5189,2.2428387839185753e-10,3.2802325937878933e-12
5190,1.9444717311476247e-10,2.2860877291676444e-12
5191,1.9927213869468311e-10,2.3040082300542765e-12
5192,2.163672121508547e-10,2.770737400353412e-12
5193,2.1709477053697352e-10,2.9501088527862593e-12
5194,2.1375509210554003e-10,3.077349579071588e-12
5195,2.3156506392981088e-10,3.7994182969187775e-12
5196,2.6574659356216857e-10,5.012904646264317e-12
5197,2.916507774939709e-10,6.039743744322064e-12
5198,3.041348520657865e-10,6.658339873993819e-12
5199,3.1839415307808015e-10,7.138688685487185e-12
5200,3.3837381570056736e-10,7.693445663236095e-12
5201,3.40282171703415e-10,7.601116878464453e-12
5202,3.1178740238642606e-10,6.408498665813797e-12
5203,2.8674444304720425e-10,5.552229891522807e-12
5204,2.931828549624213e-10,6.110516835361851e-12
5205,3.14651801022978e-10,7.45817445504405e-12
5206,3.2214086058538863e-10,8.316437690561149e-12
5207,3.1753981341431304e-10,8.571785272238984e-12
5208,3.3250034466087774e-10,9.629375565140812e-12
5209,3.811372144671431e-10,1.2426457139622681e-11
5210,4.4051588339379673e-10,1.6036788082897686e-11
5211,4.676590391191455e-10,1.7540266339614093e-11
5212,4.67501098406831e-10,1.710712472891064e-11
5213,4.770361022414808e-10,1.740759562815437e-11
5214,4.925395388952364e-10,1.817691603765744e-11
5215,4.99397316303165e-10,1.861386582634242e-11
5216,4.874409848076585e-10,1.7749640062231808e-11
5217,4.780168984505104e-10,1.6900050022612573e-11
5218,4.854002201725006e-10,1.708006723951615e-11
5219,5.056616700700041e-10,1.8329077976525012e-11
5220,5.191041196181052e-10,1.9216068023950634e-11
5221,5.248865939629406e-10,1.966314530148075e-11
5222,5.508308688629168e-10,2.1855948120647756e-11
5223,5.993343965995069e-10,2.5827067147602056e-11
5224,6.375844176548418e-10,2.864456598960189e-11
5225,6.312437968187853e-10,2.7614202067855688e-11
5226,6.083070238574787e-10,2.5728725672865816e-11
5227,6.049482907587798e-10,2.5270090934717382e-11
5228,6.184186742663528e-10,2.5759309157592468e-11
5229,5.95240796342392e-10,2.3658605609077847e-11
5230,5.266629704189215e-10,1.9127731434235304e-11
5231,4.598896077113073e-10,1.529524106430952e-11
5232,4.250843493061807e-10,1.3353501805574895e-11
5233,3.998026492726235e-10,1.1844402076602154e-11
5234,3.6537722776503636e-10,1.0158672284596653e-11
5235,3.345755182454767e-10,8.899621472878684e-12
5236,3.390517149121219e-10,9.363094747173419e-12
5237,3.7958584808024036e-10,1.1580929082337704e-11
5238,4.0882209155816885e-10,1.297399057130559e-11
5239,4.026562011870038e-10,1.230634025586074e-11
5240,3.8389068949936085e-10,1.0977902386811915e-11
5241,3.753589920053031e-10,1.0223945600080194e-11
5242,3.567723850691125e-10,9.028013287866886e-12
5243,3.091418143979103e-10,6.672159156031725e-12
5244,2.533181563784024e-10,4.293208555524263e-12
5245,2.2147109001815246e-10,3.08464517027226e-12
5246,2.1058863302555213e-10,2.6443336949043493e-12
5247,2.0111733735778372e-10,2.3389484349963934e-12
5248,1.9062907825940492e-10,2.100140616948321e-12
5249,1.9735059120799333e-10,2.2966628147172944e-12
5250,2.418669057047306e-10,3.615973593898957e-12
5251,3.1626251028101747e-10,6.439767366194743e-12
5252,3.731924819409777e-10,9.172397931132705e-12
5253,3.9714153094381357e-10,1.0777807841729732e-11
5254,4.165084440265235e-10,1.227062530182248e-11
5255,4.5957415536264327e-10,1.5125165353657524e-11
5256,4.89007666243279e-10,1.705628330389342e-11
5257,4.679690484834256e-10,1.5825857978240996e-11
5258,4.238481905294343e-10,1.322745730887446e-11
5259,4.1752739788640035e-10,1.2869714217262272e-11
5260,4.445816972352802e-10,1.4331040357459974e-11
5261,4.5807331043850365e-10,1.507904070712493e-11
5262,4.3265413057292545e-10,1.3652368978886375e-11
5263,4.1643505724980384e-10,1.2934629177324623e-11
5264,4.478071294646656e-10,1.5092728922387247e-11
5265,5.021964188570916e-10,1.9189421152291772e-11
5266,5.342160513774683e-10,2.267144283516388e-11
5267,5.311203163854915e-10,2.3202715346471112e-11
5268,5.340723651887864e-10,2.2905954592452687e-11
5269,5.633040355000264e-10,2.402811407232098e-11
5270,5.771900902988749e-10,2.4191309293150675e-11
5271,5.51447265433036e-10,2.200292171422065e-11
5272,5.156242530379986e-10,1.9498625964219487e-11
5273,4.981922302440861e-10,1.8234441793916458e-11
5274,4.981426464713242e-10,1.8159452942871342e-11
5275,4.927577496981697e-10,1.7806347707330335e-11
5276,4.741097220388408e-10,1.653500308690426e-11
5277,4.6264714824827307e-10,1.5715798762803643e-11
5278,4.732579672828772e-10,1.6251538556961907e-11
5279,4.781551535345647e-10,1.6145537835857178e-11
5280,4.638741767425165e-10,1.5091452460806055e-11
5281,4.347174273651854e-10,1.3517638240935786e-11
5282,4.047672729016612e-10,1.1957822183526544e-11
5283,3.8943580517638704e-10,1.1241233457817384e-11
5284,3.727124126904214e-10,1.0256097665501053e-11
5285,3.5205395684805283e-10,9.070740372304163e-12
5286,3.198607805516213e-10,7.344966317421519e-12
5287,2.8884755527545663e-10,5.872960413232508e-12
5288,2.6329076038998247e-10,4.7773615732307954e-12
5289,2.384490724600645e-10,3.790380687845248e-12
5290,2.2086030914484045e-10,3.1961347096618035e-12
5291,2.1313860831144922e-10,2.984439463276526e-12
5292,2.1807135569651463e-10,3.272504630116649e-12
5293,2.2298711119267308e-10,3.6224098476391082e-12
5294,2.3190143244822513e-10,4.244174023347688e-12
5295,2.439985364940301e-10,4.848418148081297e-12
5296,2.598886595586872e-10,5.177223325414022e-12
5297,2.6695475459907153e-10,4.937307231222168e-12
5298,2.5610889731994424e-10,4.194084883498774e-12
5299,2.419359016245707e-10,3.6098738338581463e-12
5300,2.3613388872301884e-10,3.4293026115477485e-12
5301,2.2202080414348497e-10,2.9742084945065874e-12
5302,1.9244187889509108e-10,2.178305265005504e-12
5303,1.5749280941225307e-10,1.3661543991228112e-12
5304,1.3406712446290795e-10,8.763153266957009e-13
5305,1.3217348190554047e-10,8.093696722604428e-13
5306,1.44418655048732e-10,1.0074923493261725e-12
5307,1.6326826793178076e-10,1.3707881086313772e-12
5308,1.9425706606701107e-10,2.0765434623316206e-12
5309,2.405850761621249e-10,3.409614639998606e-12
5310,2.83599347215806e-10,4.9355300579582264e-12
5311,2.9778411975129644e-10,5.606114904055059e-12
5312,2.895049302786187e-10,5.444795268214865e-12
5313,2.7766894149353867e-10,5.026612797901194e-12
5314,2.734531481684002e-10,4.87214780010088e-12
5315,2.664551967534887e-10,4.621189263321534e-12
5316,2.5459911053703806e-10,4.223239144246231e-12
5317,2.533398910492442e-10,4.278237566321411e-12
5318,2.729543184080161e-10,5.175455167705381e-12
5319,3.0507055258238775e-10,6.66918538601705e-12
5320,3.276675409791424e-10,7.856375047843678e-12
5321,3.3946569949030836e-10,8.773503877994088e-12
5322,3.603118528426e-10,1.0728120014962292e-11
5323,4.0972786095323614e-10,1.5333654589157966e-11
5324,4.656650074113837e-10,2.0948038975180696e-11
5325,5.003419177407421e-10,2.4508319561723423e-11
5326,5.040880328663235e-10,2.4472304104479654e-11
5327,4.870875643856856e-10,2.1776358249114798e-11
5328,4.724428344802796e-10,1.952379312667996e-11
5329,4.5506414043537324e-10,1.778853078027573e-11
5330,4.3359961517756215e-10,1.6158669457627098e-11
5331,4.1701409424629855e-10,1.487458820445346e-11
5332,4.1305819891459166e-10,1.424692999432539e-11
5333,4.0380188540347674e-10,1.3055858436978492e-11
5334,3.8437852283794857e-10,1.152769419897672e-11
5335,3.5691876897862793e-10,9.750047060775973e-12
5336,3.3841670140449213e-10,8.444115654813612e-12
5337,3.271067663203283e-10,7.458763961310284e-12
5338,3.144888076951864e-10,6.587463303698269e-12
5339,2.974195265494028e-10,5.73220047382178e-12
5340,2.857070312317501e-10,5.204859667812304e-12
5341,2.7579104327211554e-10,4.77680561620045e-12
5342,2.549132799941664e-10,4.058604501264453e-12
5343,2.1239669695273271e-10,2.7323147164828876e-12
5344,1.6713972989381251e-10,1.5445789242593632e-12
5345,1.3718766678599917e-10,8.983621561149796e-13
5346,1.247427206462736e-10,6.722233719383399e-13
5347,1.2141837608241213e-10,6.197101012379964e-13
5348,1.2837027136491427e-10,7.245797590454957e-13
5349,1.4266195719455478e-10,9.3639609403167e-13
5350,1.5945202820799067e-10,1.1832705731861557e-12
5351,1.7481103687521038e-10,1.4587521074661437e-12
5352,1.8412076548395344e-10,1.6739521980000281e-12
5353,1.9314284252017627e-10,1.9112900916002528e-12
5354,2.0192595089079744e-10,2.1703831964171202e-12
5355,1.9426767063804804e-10,2.0057579733356898e-12
5356,1.7456855079695458e-10,1.565476937352249e-12
5357,1.5466367009515126e-10,1.1425369406644692e-12
5358,1.4462134990290014e-10,9.278290162591485e-13
5359,1.4584932191564813e-10,9.361032599893472e-13
5360,1.467009890821507e-10,9.590639636812509e-13
5361,1.4401020256764197e-10,9.160373898705093e-13
5362,1.3586829505563195e-10,7.676746227516171e-13
5363,1.3153891274056432e-10,7.013400917938003e-13
5364,1.370033066960055e-10,7.967805051856222e-13
5365,1.477229930663762e-10,9.79950647601138e-13
5366,1.6413660505826524e-10,1.3287869191227556e-12
5367,1.7810337253588678e-10,1.7126447462373084e-12
5368,1.9391951990799577e-10,2.1714776782235356e-12
5369,2.1530838423548217e-10,2.755501701936057e-12
5370,2.3242130293678194e-10,3.1990205493408725e-12
5371,2.473200239914953e-10,3.688887783626439e-12
5372,2.6090532508487074e-10,4.2319564460673455e-12
5373,2.6943720520498674e-10,4.547345449755975e-12
5374,2.629832305915117e-10,4.279223129064411e-12
5375,2.46758697654408e-10,3.775228789151423e-12
5376,2.469381782419947e-10,3.938743853606752e-12
5377,2.7538864896261625e-10,5.176101649568925e-12
5378,3.0780683267243257e-10,6.794213729755326e-12
5379,3.2549029719845153e-10,8.366101605803318e-12
5380,3.4256707346652914e-10,1.0450716184918473e-11
5381,3.9882784760869627e-10,1.488721896445602e-11
5382,4.926881335852046e-10,2.1969381558939143e-11
5383,5.4996644301169e-10,2.680720461431157e-11
5384,5.392370571127069e-10,2.6643355403250816e-11
5385,5.111017601852209e-10,2.4714785499788504e-11
5386,5.098992442913606e-10,2.4412908483204293e-11
5387,4.95089998825742e-10,2.2337229651959735e-11
5388,4.2165787984496075e-10,1.568479586438318e-11
5389,3.3539746507449835e-10,9.48267515297759e-12
5390,2.923642964502606e-10,6.647769226024089e-12
5391,2.8880505842097665e-10,5.978877073445877e-12
5392,2.888580315085794e-10,5.714598618302612e-12
5393,2.665227525780917e-10,4.669012577433277e-12
5394,2.5029672726886977e-10,3.939275812525534e-12
5395,2.692224353408561e-10,4.526944151333824e-12
5396,3.140309531359969e-10,6.3034633208228964e-12
5397,3.3345198858059203e-10,7.242936763979964e-12
5398,3.0751520052902477e-10,6.271792860977954e-12
5399,2.6667324716534905e-10,4.663662757993108e-12
5400,2.36716590109592e-10,3.4741660730100855e-12
5401,2.1147665666053615e-10,2.5615795392300804e-12
5402,1.8390711936283826e-10,1.7869057659371177e-12
5403,1.5944202680776336e-10,1.2250973557661084e-12
5404,1.5338632990562258e-10,1.0913809250779788e-12
5405,1.6239956614577086e-10,1.2232846173611036e-12
5406,1.753915099052197e-10,1.4541787820933602e-12
5407,1.8209362156153655e-10,1.5893062625662347e-12
5408,1.8669151276833987e-10,1.7149123728096087e-12
5409,1.9961984047500016e-10,2.044348440206719e-12
5410,2.2191621870869477e-10,2.676953607761375e-12
5411,2.3688690846343455e-10,3.193512917547169e-12
5412,2.3176620381721795e-10,3.109358635663007e-12
5413,2.164854871670227e-10,2.6907563937744134e-12
5414,1.9862182892128146e-10,2.1362415409644787e-12
5415,1.8992369058688335e-10,1.8903141776063454e-12
5416,1.829621910575362e-10,1.727409171196471e-12
5417,1.754728201772984e-10,1.5687322473189566e-12
5418,1.7320776364138943e-10,1.5290508991726198e-12
5419,1.6967912242927034e-10,1.4124281785901541e-12
5420,1.7176222090203909e-10,1.4400538310196695e-12
5421,1.787200036771092e-10,1.5950815383770586e-12
5422,1.9756983924817955e-10,2.071620339096145e-12
5423,2.1359250278332142e-10,2.495507437035168e-12
5424,2.152474042059516e-10,2.55536813027087e-12
5425,2.0764717889934112e-10,2.3845363557598886e-12
5426,2.130022863028191e-10,2.5677859742722245e-12
5427,2.310047405382394e-10,3.0606418860009165e-12
5428,2.3960999453753985e-10,3.283013486289849e-12
5429,2.344146571942762e-10,3.2192985914248244e-12
5430,2.2866145463529758e-10,3.156250919873494e-12
5431,2.349478388277278e-10,3.3982965407602167e-12
5432,2.426683333063165e-10,3.7439671357134226e-12
5433,2.397347012582137e-10,3.8731912890416404e-12
5434,2.3436350939632755e-10,3.906038868315985e-12
5435,2.4495804559642537e-10,4.4568049791844335e-12
5436,2.6270688163722264e-10,5.312693550429224e-12
5437,2.6776164813161093e-10,5.7084232410686925e-12
5438,2.6646850233031776e-10,5.813322522844205e-12
5439,2.849869044373641e-10,6.637274626170632e-12
5440,3.2347245849649446e-10,8.262643501781598e-12
5441,3.615223008656129e-10,1.0093023881724957e-11
5442,3.584752793034424e-10,9.672888350437054e-12
5443,3.3053944239663244e-10,7.96137361515781e-12
5444,3.148566657214897e-10,6.9506902331092396e-12
5445,3.1761760065223294e-10,6.825920291830631e-12
5446,3.200009086669969e-10,6.77610694657482e-12
5447,3.0593890622292854e-10,6.124793457298434e-12
5448,2.8120361002188883e-10,5.030208261798145e-12
5449,2.6513451551171346e-10,4.303916025977917e-12
5450,2.546256052091516e-10,3.768476065776479e-12
5451,2.38457866808098e-10,3.1381243157016567e-12
5452,2.212655458392982e-10,2.676744596375756e-12
5453,2.1542805411198128e-10,2.6713762964143273e-12
5454,2.2270916517703573e-10,3.0293559932363465e-12
5455,2.2641695194393125e-10,3.138007814885831e-12
5456,2.190755121090636e-10,2.8438322652508664e-12
5457,2.1245746358616003e-10,2.5892377760313734e-12
5458,2.2045791098545377e-10,2.781773871750726e-12
5459,2.326847602632964e-10,3.0970239208256107e-12
5460,2.2524203905518611e-10,2.7828865325708155e-12
5461,1.9573126115119484e-10,1.923450040312912e-12
5462,1.8101330578890517e-10,1.619203242080854e-12
5463,1.8321480869322116e-10,1.6684503116421634e-12
5464,1.9355867848297825e-10,1.9100902859218805e-12
5465,1.8378962119488176e-10,1.6777803120398831e-12
5466,1.6510021654830282e-10,1.293737846315992e-12
5467,1.5685736316553176e-10,1.1199713203610284e-12
5468,1.6128546928603046e-10,1.1696449308023744e-12
5469,1.645785184859814e-10,1.2259582053039608e-12
5470,1.552856423308406e-10,1.053633659920205e-12
5471,1.5033996991861509e-10,9.6465241197855e-13
5472,1.5766148217445326e-10,1.068611788355345e-12
5473,1.7153412034334892e-10,1.3309034002108734e-12
5474,1.755358369764782e-10,1.426446188165606e-12
5475,1.7743774736183711e-10,1.5093598820648635e-12
5476,1.8846555970034826e-10,1.7749970478343332e-12
5477,2.045076197391536e-10,2.161291287279106e-12
5478,2.1136636013635608e-10,2.3683727440254197e-12
5479,2.0489392599438185e-10,2.2247269111643434e-12
5480,1.9698230778970087e-10,1.9885755834050172e-12
5481,1.9149198885990386e-10,1.7995844039652096e-12
5482,1.767719973316785e-10,1.4534615716036455e-12
5483,1.5093746856668953e-10,9.762951053726514e-13
5484,1.2895936216588582e-10,6.502459362685848e-13
5485,1.226733319784804e-10,5.758179133107165e-13
5486,1.2588956874069997e-10,6.249282603423127e-13
5487,1.2916467653831535e-10,6.821168930475252e-13
5488,1.3257136883534939e-10,7.609870979134327e-13
5489,1.51624309027575e-10,1.1642375124538514e-12
5490,1.9074228781746118e-10,2.1921555525968795e-12
5491,2.372077882575274e-10,3.886346754397628e-12
5492,2.7351293411948383e-10,5.702947084819446e-12
5493,2.9740646147483073e-10,7.0384737542676665e-12
5494,3.127895429466729e-10,7.585902103485923e-12
5495,3.0537075004454314e-10,6.863747771836711e-12
5496,2.7606811914713404e-10,5.507844851932265e-12
5497,2.3688352880076805e-10,3.941886889097911e-12
5498,2.090260548080264e-10,2.9417005558813073e-12
5499,1.917057855202691e-10,2.3715822520586966e-12
5500,1.7778428053727257e-10,1.9787033542147707e-12
5501,1.6998468210590848e-10,1.7842169114819168e-12
5502,1.8231555187361142e-10,2.138518784373198e-12
5503,2.124970021197787e-10,3.0663951497405864e-12
5504,2.392896075499244e-10,3.911823919643806e-12
5505,2.4820688294610143e-10,4.156492612211126e-12
5506,2.479168425772125e-10,4.017628743474857e-12
5507,2.7275586487893455e-10,4.896525956148879e-12
5508,3.188080446858357e-10,6.905536463152502e-12
5509,3.5169095919728655e-10,8.69095238319653e-12
5510,3.4997242493728775e-10,8.92300606491918e-12
5511,3.3440787578413815e-10,8.127795877520555e-12
5512,3.2690830152954467e-10,7.383517686311597e-12
5513,3.087247031865923e-10,6.134296387263265e-12
5514,2.713268608905552e-10,4.521595739775883e-12
5515,2.323031076986095e-10,3.149734316643834e-12
5516,2.274210638180191e-10,3.0255151370722885e-12
5517,2.486820071337586e-10,3.733737344506623e-12
5518,2.603944065237253e-10,4.217013868627542e-12
5519,2.443502049070735e-10,3.834379632990478e-12
5520,2.2810546449748546e-10,3.3771624234501724e-12
5521,2.3313574039763676e-10,3.3903794677274915e-12
5522,2.4751197353196034e-10,3.642131080206418e-12
5523,2.448423214046806e-10,3.4782276878413995e-12
5524,2.284030855636434e-10,3.000617798822946e-12
5525,2.3347134467687695e-10,3.2478177732374826e-12
5526,2.6372560609684464e-10,4.326070884880579e-12
5527,2.850313395634595e-10,5.143958894947003e-12
5528,2.732432448002368e-10,4.730411834636515e-12
5529,2.518431584911159e-10,3.9450827710260474e-12
5530,2.5283485728059223e-10,3.915931306973224e-12
5531,2.7389348284124496e-10,4.6028656160646816e-12
5532,2.862039717858002e-10,5.021061509546882e-12
5533,2.732191841060094e-10,4.503938060090544e-12
5534,2.509802785585947e-10,3.710055992320778e-12
5535,2.3505963767374996e-10,3.2380615798881444e-12
5536,2.2343501676449738e-10,3.0006055448544357e-12
5537,2.008881641900146e-10,2.389214179073299e-12
5538,1.7186785499229332e-10,1.6445100840708477e-12
5539,1.4886406649230667e-10,1.127587355033205e-12
5540,1.392582136690429e-10,9.393959316637023e-13
5541,1.3482113685970806e-10,8.621995817559496e-13
5542,1.3038038886622125e-10,7.795816260855854e-13
5543,1.2804608525525072e-10,7.310767871303886e-13
5544,1.3737364788466644e-10,8.796414987246067e-13
5545,1.580769013664595e-10,1.2683017929732212e-12
5546,1.814442321422958e-10,1.9066086263701464e-12
5547,1.936804179203051e-10,2.4864549045691274e-12
5548,1.9723352242538342e-10,2.825265128878294e-12
5549,2.0116593227422748e-10,3.0154622656889936e-12
5550,2.0821971818562368e-10,3.242417020366156e-12
5551,2.1963664830819357e-10,3.7078135753124705e-12
5552,2.3627595278079483e-10,4.769037028240996e-12
5553,2.634868935752806e-10,6.647916353870647e-12
5554,2.9718264221681444e-10,8.732506146155052e-12
5555,3.2398452997750236e-10,9.890807393839469e-12
5556,3.3241825528311405e-10,9.635233158693917e-12
5557,3.3813674404048306e-10,9.507824830431916e-12
5558,3.6622415425421515e-10,1.1613460859461378e-11
5559,4.1798514309552847e-10,1.6431060329864794e-11
5560,4.741789913816327e-10,2.263404961967925e-11
5561,5.053551129121664e-10,2.625390460133701e-11
5562,5.034832518409498e-10,2.463199550592418e-11
5563,4.92583050276128e-10,2.136399617369665e-11
5564,4.998866822068253e-10,2.0639977391988577e-11
5565,5.044311044351207e-10,2.0133823145601474e-11
5566,4.883725023813141e-10,1.842513091186929e-11
5567,4.4825102377906564e-10,1.5190494545596466e-11
5568,3.9495579260177927e-10,1.1117546668119474e-11
5569,3.685464986397187e-10,9.319112931418559e-12
5570,3.640729787253696e-10,9.068645961804242e-12
5571,3.673789860751544e-10,9.379043945282101e-12
5572,3.742030972104573e-10,9.954683384818674e-12
5573,3.7222156729681723e-10,9.71848025893033e-12
5574,3.5947516526500484e-10,8.709046696478607e-12
5575,3.5445477564694625e-10,8.366440489913387e-12
5576,3.602822673272623e-10,8.682781231035948e-12
5577,3.748405253817719e-10,9.421929917570527e-12
5578,3.792360282343225e-10,9.795036167589965e-12
5579,3.5820264120987576e-10,8.971272001263093e-12
5580,3.3335074569809815e-10,8.006600762959394e-12
5581,3.2157415582601295e-10,7.461455277111366e-12
5582,3.2335943857888623e-10,7.463220717911455e-12
5583,3.2968571375010214e-10,7.660548935890268e-12
5584,3.345633889810056e-10,7.813309468183389e-12
5585,3.4751908827741114e-10,8.342385115403105e-12
5586,3.646138426484429e-10,9.06418156253502e-12
5587,3.557604314105159e-10,8.4081672090532e-12
5588,3.178354947363187e-10,6.620453585180454e-12
5589,2.828858325113797e-10,5.3641073087304195e-12
5590,2.7102970489734314e-10,5.143527536747163e-12
5591,2.682543636438175e-10,5.182326619043205e-12
5592,2.488206628738787e-10,4.506224590956134e-12
5593,2.112121861162425e-10,3.1334950863359694e-12
5594,1.8670407451902342e-10,2.268877253472865e-12
5595,1.885372215990479e-10,2.1489444494441286e-12
5596,1.9474338887496462e-10,2.1598646060381897e-12
5597,1.8239131351720551e-10,1.8143603086972653e-12
5598,1.5902622266458247e-10,1.3352299375419117e-12
5599,1.5330374148271896e-10,1.2789394412552086e-12
5600,1.7115988743182204e-10,1.7754208347002507e-12
5601,1.9413804749159626e-10,2.5100509479028063e-12
5602,2.0155149941828415e-10,2.770873036387001e-12
5603,1.9815016681559782e-10,2.540688030170565e-12
5604,2.0962416502683916e-10,2.687104394172306e-12
5605,2.396496378110375e-10,3.4973878555716546e-12
5606,2.71133774935679e-10,4.758845341101793e-12
5607,2.8776611990914916e-10,5.8750037463312145e-12
5608,2.934141214672333e-10,6.691185669151931e-12
5609,3.038999159218707e-10,7.693776148834428e-12
5610,3.1531475399944094e-10,8.54995395353536e-12
5611,3.1969462015953296e-10,9.098596749055013e-12
5612,3.0955184894233916e-10,8.884325930257131e-12
5613,3.0830070815996746e-10,9.167998808452336e-12
5614,3.2792594122875383e-10,1.0418183827735992e-11
5615,3.614730346766702e-10,1.1822493667807584e-11
5616,3.744811850828687e-10,1.153281836342218e-11
5617,3.384717873321303e-10,8.529347871870195e-12
5618,2.927302133080332e-10,5.884341104439759e-12
5619,2.695668506926334e-10,4.663292799970125e-12
5620,2.760384390379725e-10,4.776376532100421e-12
5621,2.8019105478266055e-10,4.870816053353146e-12
5622,2.651538488692936e-10,4.308585116632974e-12
5623,2.5562474095547727e-10,3.997761169988532e-12
5624,2.80065992029782e-10,4.883184552454087e-12
5625,3.3363193992150043e-10,7.073576131943157e-12
5626,3.808511563634526e-10,9.391982563037738e-12
5627,3.844600185592949e-10,9.578814708854335e-12
5628,3.63001489643059e-10,8.399411402652596e-12
5629,3.3752903896518246e-10,7.028895458152709e-12
5630,3.1348813474306724e-10,5.91768839467647e-12
5631,2.827491853390604e-10,4.6884797964673904e-12
5632,2.540085851917464e-10,3.6970995226273336e-12
5633,2.5022518391724077e-10,3.6923897953228e-12
5634,2.607292980492865e-10,4.076032211635922e-12
5635,2.8029644736394306e-10,4.835432815516851e-12
5636,3.0624934263779606e-10,6.029569342968852e-12
5637,3.4148319200581785e-10,7.68180880954726e-12
5638,3.8347273024525495e-10,9.676598590478885e-12
5639,3.97286068943123e-10,1.0286763603093935e-11
5640,3.771444479106457e-10,9.432114995643688e-12
5641,3.3847126943043134e-10,7.641491132084024e-12
5642,3.068648046072031e-10,6.201978271794105e-12
5643,2.716900937479241e-10,4.713994825752615e-12
5644,2.2425813552892056e-10,3.0226365572657935e-12
5645,1.875076796672927e-10,1.9598581518501096e-12
5646,1.7911037467971989e-10,1.7184642130173063e-12
5647,1.992288560494884e-10,2.180831375048354e-12
5648,2.1881483423526527e-10,2.7045023798787502e-12
5649,2.1517058183356018e-10,2.643070386301639e-12
5650,1.971674553228926e-10,2.1735543057499144e-12
5651,1.8787650777528018e-10,1.919117152538352e-12
5652,1.8876757301154276e-10,1.913393869046338e-12
5653,1.8279813441899337e-10,1.76982683524953e-12
5654,1.708487954249052e-10,1.5407783856147614e-12
5655,1.6449370350168795e-10,1.41247470503212e-12
5656,1.7350830788722825e-10,1.566041272743492e-12
5657,1.8585648761580085e-10,1.781914859357333e-12
5658,1.9602145525454786e-10,2.063048389205894e-12
5659,2.09732318529964e-10,2.58767042748936e-12
5660,2.3414476302733627e-10,3.5374918810242966e-12
5661,2.666377551920653e-10,4.923077548676842e-12
5662,2.750505413628591e-10,5.451915079549075e-12
5663,2.640196488304135e-10,5.252424197017446e-12
5664,2.54395397481895e-10,5.080642421470779e-12
5665,2.5932424010732716e-10,5.585195638935996e-12
5666,2.579118763275497e-10,5.951246467294081e-12
5667,2.4544552917375866e-10,6.029589660530036e-12
5668,2.3638102523875445e-10,6.1749626378091116e-12
5669,2.4500457847214386e-10,6.6965372711023255e-12
5670,2.6597837432957786e-10,7.53041174789668e-12
5671,2.7668854983045176e-10,7.952160865776957e-12
5672,2.827903970459076e-10,8.270812950485667e-12
5673,3.0158160711835916e-10,9.046560411245627e-12
5674,3.496863163337772e-10,1.1612084603480161e-11
5675,4.1000999402738014e-10,1.52405143434427e-11
5676,4.626259019573957e-10,1.8606523892233854e-11
5677,5.016084200530479e-10,2.088607837585138e-11
5678,5.250493199937602e-10,2.1529144962325865e-11
5679,5.308659714935801e-10,2.1006404213160207e-11
5680,4.987379365541139e-10,1.82563951160283e-11
5681,4.3966546712013707e-10,1.4421433538652978e-11
5682,3.95258018983213e-10,1.228966107231031e-11
5683,3.6877108764382644e-10,1.1222579969720916e-11
5684,3.4086018552978896e-10,9.597920250233227e-12
5685,2.931474836243409e-10,6.826934515933475e-12
5686,2.4514766903636973e-10,4.432518474376954e-12
5687,2.257514647713151e-10,3.5045172339210433e-12
5688,2.3989904261793325e-10,3.9268629739804755e-12
5689,2.642122272777118e-10,4.8536632561489525e-12
5690,2.750657303156392e-10,5.415822098985045e-12
5691,2.723148182303962e-10,5.478808830807699e-12
5692,2.7148849090861877e-10,5.5348489756073624e-12
5693,2.8694590379548894e-10,6.29320056341331e-12
5694,3.0073334105466624e-10,7.0029021914304234e-12
5695,2.9075788308211984e-10,6.545805837409077e-12
5696,2.666587278313646e-10,5.488468721220903e-12
5697,2.517338955457077e-10,4.852791490627187e-12
5698,2.469213841501539e-10,4.519058554813699e-12
5699,2.435056654246348e-10,4.252396546459937e-12
5700,2.2877142090128407e-10,3.640865049395125e-12
5701,2.1466910432278244e-10,3.104835416002066e-12
5702,2.1062322925891783e-10,2.891404437763214e-12
5703,2.06809017002791e-10,2.7204397569342453e-12
5704,1.9439960373694235e-10,2.4016926283729347e-12
5705,1.712227919726913e-10,1.8490021923562877e-12
5706,1.500944984036419e-10,1.3738876196572442e-12
5707,1.4049957841683103e-10,1.1783174396159112e-12
5708,1.3958323080090712e-10,1.139141296642662e-12
5709,1.3855478912524912e-10,1.0556517146676093e-12
5710,1.442276506598203e-10,1.1079512707013078e-12
5711,1.522598701970912e-10,1.2426113982409886e-12
5712,1.566321216958302e-10,1.360323298722141e-12
5713,1.5764891007805268e-10,1.5125692950805825e-12
5714,1.5891318504581802e-10,1.75574360101085e-12
5715,1.668887641362967e-10,2.2088911316327394e-12
5716,1.7874992286246172e-10,2.771759003264205e-12
5717,1.8286309400676716e-10,3.2153921449341728e-12
5718,1.812588654698708e-10,3.606730588423041e-12
5719,1.8362053777284697e-10,4.196399120507314e-12
5720,2.0411817248966476e-10,5.5174761496107496e-12
5721,2.3567164975034757e-10,7.281877044987356e-12
5722,2.563125086902588e-10,8.189775954923854e-12
5723,2.7369245434475233e-10,8.773375888286288e-12
5724,3.0462108337333087e-10,9.661388787765274e-12
5725,3.5475452826912463e-10,1.1458764201807229e-11
5726,4.159575642492375e-10,1.4506432985975026e-11
5727,4.716437597962406e-10,1.807912677643842e-11
5728,5.082239266848986e-10,2.053441631594406e-11
5729,5.452498218387391e-10,2.3404322297175658e-11
5730,5.73984953875271e-10,2.6021005001521414e-11
5731,5.890122066351168e-10,2.7679648446863138e-11
5732,6.089613108768541e-10,2.996323360005153e-11
5733,6.280361930751429e-10,3.173228815444429e-11
5734,6.426126093647451e-10,3.341838509756887e-11
5735,6.391509308234577e-10,3.408200487862149e-11
5736,6.380750691580899e-10,3.499960070015117e-11
5737,6.684995706065164e-10,3.802515220383231e-11
5738,6.809761612587542e-10,3.7507847467368426e-11
5739,6.453066254268044e-10,3.248425778132738e-11
5740,5.661841899312239e-10,2.4785121630259828e-11
5741,5.037396623474976e-10,1.9433946232002517e-11
5742,4.779728333892257e-10,1.7095062879194564e-11
5743,4.635951247134137e-10,1.583203921777464e-11
5744,4.218215474923361e-10,1.3100648163863941e-11
5745,3.562778828879512e-10,9.241136624944221e-12
5746,3.0307011075499126e-10,6.4934134274090305e-12
5747,2.7674853763835945e-10,5.312131145600381e-12
5748,2.655153759821195e-10,4.89561127553677e-12
5749,2.5981672288012983e-10,4.800674099274652e-12
5750,2.596415652253063e-10,4.926800219791418e-12
5751,2.6210630963845765e-10,5.009700791922859e-12
5752,2.6206171740352026e-10,4.927613215133765e-12
5753,2.5560582451655266e-10,4.679006180734619e-12
5754,2.5042111534149454e-10,4.517388482204072e-12
5755,2.542702445235262e-10,4.576789409213292e-12
5756,2.463591844599398e-10,4.074411005433032e-12
5757,2.208120492329155e-10,3.0921183112192366e-12
5758,1.9279519731771274e-10,2.237255737379907e-12
5759,1.7370371426636766e-10,1.707443947015868e-12
5760,1.6574507903554742e-10,1.4769229287719703e-12
5761,1.544240529809674e-10,1.2191478728902862e-12
5762,1.374985438126109e-10,9.08237206807587e-13
5763,1.2643585037837767e-10,7.298713928467234e-13
5764,1.183487044372371e-10,6.109767783788275e-13
5765,1.1665292632907752e-10,6.242159744377192e-13
5766,1.170860636607741e-10,7.060982478465453e-13
5767,1.2192125189509057e-10,8.703196251843157e-13
5768,1.37466164133899e-10,1.277066733972955e-12
5769,1.563097168579513e-10,1.832522512978054e-12
5770,1.740167360393433e-10,2.3994027580528404e-12
5771,1.8751936301788345e-10,2.848261599812058e-12
5772,2.0457734661229298e-10,3.4657275482011877e-12
5773,2.2029295961922682e-10,4.152941984975021e-12
5774,2.282218747377262e-10,4.6372465009351784e-12
5775,2.2942852429834042e-10,4.781112031334298e-12
5776,2.2629783229818592e-10,4.489106711384247e-12
5777,2.2847661313721735e-10,4.23990090326252e-12
5778,2.48089425303133e-10,4.8023589353969134e-12
5779,2.8370853145678677e-10,6.286053443850435e-12
5780,3.3187169828940894e-10,8.68909551403077e-12
5781,3.7663767840583365e-10,1.1203582430098964e-11
5782,4.3846043877541995e-10,1.529726947967092e-11
5783,5.178867719522031e-10,2.1018741278084602e-11
5784,6.103761904639541e-10,2.8633978561125017e-11
5785,6.903381492040729e-10,3.703439883098637e-11
5786,7.491163123781354e-10,4.518120378286977e-11
5787,8.130973457023054e-10,5.3660278152030456e-11
5788,8.805405673427945e-10,6.067659761367842e-11
5789,8.683975241309538e-10,5.714984233519509e-11
5790,8.106336271043988e-10,5.039496776214011e-11
5791,7.412231225608444e-10,4.2837473946341666e-11
5792,7.231959842781446e-10,4.0094542115569034e-11
5793,7.096179876652422e-10,3.77887629230644e-11
5794,6.236666153239557e-10,2.944881693377408e-11
5795,5.317989744524954e-10,2.2174515448596662e-11
5796,5.016630338620946e-10,1.9938321171956265e-11
5797,5.426839628206573e-10,2.2645001181741724e-11
5798,5.830508203374961e-10,2.5283519468338432e-11
5799,5.638456426671104e-10,2.3642968509605205e-11
5800,5.251334740339117e-10,2.0586854732515103e-11
5801,5.20403437958841e-10,1.9777800265076333e-11
5802,5.31218274613163e-10,2.0123510372503448e-11
5803,4.854433918832392e-10,1.685658876796233e-11
5804,3.9315336174487015e-10,1.1278113491664475e-11
5805,3.151946599577612e-10,7.198749569486071e-12
5806,2.7363977968763696e-10,5.2619487787153055e-12
5807,2.412958905324834e-10,3.94736556354861e-12
5808,1.989400594691414e-10,2.5649533579050265e-12
5809,1.6851381292819777e-10,1.7770082963734457e-12
5810,1.6844586029297032e-10,1.7908957577649542e-12
5811,1.8647564268094094e-10,2.224209846610434e-12
5812,1.98290659954545e-10,2.527209083515313e-12
5813,2.0105667415269967e-10,2.6496406774147276e-12
5814,2.168350263391071e-10,3.1543708453329845e-12
5815,2.526873812771784e-10,4.320868096804578e-12
5816,2.727385379332795e-10,5.037382353343962e-12
5817,2.4124039958370653e-10,3.974918139686606e-12
5818,1.948911368600874e-10,2.577871716250196e-12
5819,1.6847066279494913e-10,1.858929442285568e-12
5820,1.5496229747339293e-10,1.5251758873277691e-12
5821,1.4042756645516536e-10,1.2927735850301589e-12
5822,1.3018660309579264e-10,1.2536064683161958e-12
5823,1.4745327543514904e-10,1.8645344456309868e-12
5824,1.8870674783515254e-10,3.1462249328912933e-12
5825,2.3160135822934795e-10,4.712052891496951e-12
5826,2.5255532534332314e-10,5.751519835563267e-12
5827,2.7362917362455876e-10,6.928149605550721e-12
5828,3.0770005528619846e-10,8.522340846204764e-12
5829,3.24947380530822e-10,9.249041611205554e-12
5830,3.074312683913914e-10,8.469244756272583e-12
5831,2.850438731288468e-10,7.604400745573293e-12
5832,3.084127528492164e-10,9.19681864596187e-12
5833,3.6048733618003496e-10,1.2913599014878109e-11
5834,3.858930591478275e-10,1.6063807974793637e-11
5835,3.9609180232875515e-10,1.9063284042770016e-11
5836,4.5806088357181005e-10,2.5503366647498175e-11
5837,6.058638142024661e-10,3.8480730365801595e-11
5838,7.665995592935786e-10,5.4283522529428954e-11
5839,8.248617563902928e-10,6.213806910922184e-11
5840,8.351841052795386e-10,6.495119845284119e-11
5841,9.298089728069771e-10,7.550867378996786e-11
5842,1.0852326106361522e-09,9.190587516332788e-11
5843,1.137092843311222e-09,9.669582667598771e-11
5844,1.043030678704139e-09,8.475549238605138e-11
5845,9.455541581327386e-10,7.145537480337274e-11
5846,9.375080489180993e-10,6.738663593981275e-11
5847,9.274915708202656e-10,6.313150944282704e-11
5848,8.472050977720006e-10,5.346922775822533e-11
5849,7.901654345001272e-10,4.796100974152295e-11
5850,8.299067509153784e-10,5.151815568327957e-11
5851,9.341082395916958e-10,6.159946459356647e-11
5852,9.609299637710845e-10,6.46985860216607e-11
5853,8.901050124597953e-10,5.8052562285699726e-11
5854,8.733538789884732e-10,5.6336785969771895e-11
5855,9.171499662269854e-10,5.831289965450591e-11
5856,9.03692085686071e-10,5.424730984467757e-11
5857,7.519042654582827e-10,3.896125371139864e-11
5858,5.887136589585679e-10,2.5094978547846966e-11
5859,5.086108611117148e-10,1.8651506283589792e-11
5860,4.5957844347116993e-10,1.48236087013383e-11
5861,3.7718369924770097e-10,1.0067263812521587e-11
5862,2.793353185594363e-10,5.583354660907424e-12
5863,2.3195931569812856e-10,3.779965565404204e-12
5864,2.419854336451772e-10,4.0443114026480375e-12
5865,2.670106221142825e-10,4.903546533214039e-12
5866,2.602421835401629e-10,4.666105348176135e-12
5867,2.34157756858176e-10,3.744189432604919e-12
5868,2.2593349309623903e-10,3.411059354402771e-12
5869,2.3204126379977247e-10,3.540912660740328e-12
5870,2.2153787703519695e-10,3.218164898384222e-12
5871,1.8828217011916875e-10,2.3147967556191186e-12
5872,1.5807283529832278e-10,1.5719824544021647e-12
5873,1.4167933670069875e-10,1.17782071234052e-12
5874,1.2958074352703575e-10,9.267684157639065e-13
5875,1.1291740949884335e-10,6.440569303394816e-13
5876,1.0409808723054666e-10,5.315564548965088e-13
5877,1.1440141494690535e-10,7.901224440648533e-13
5878,1.38913467858388e-10,1.5608936959254906e-12
5879,1.5712491327374607e-10,2.4545096893488267e-12
5880,1.6050266684068776e-10,2.774841363977578e-12
5881,1.6583696116621917e-10,2.8306089360241668e-12
5882,1.8288799377315644e-10,3.209657979379878e-12
5883,2.001234259888763e-10,3.830215516652264e-12
5884,2.0834963665786194e-10,4.5046949298945665e-12
5885,2.1401217782998783e-10,5.305359738392412e-12
5886,2.2786943547858517e-10,6.458388709893856e-12
5887,2.4719016379089765e-10,7.822101189993804e-12
5888,2.675438567062655e-10,9.46505177886462e-12
5889,2.892568504208687e-10,1.1903820667174177e-11
5890,3.375419339389975e-10,1.750371428856867e-11
5891,4.24335416623374e-10,2.7878503640857443e-11
5892,5.3252070910894e-10,4.094291045722486e-11
5893,6.370881604782824e-10,5.2319542091652634e-11
5894,7.236882317292444e-10,5.876845088913243e-11
5895,8.120717260380019e-10,6.408826675821023e-11
5896,9.178610055012042e-10,7.253675138641791e-11
5897,9.884087432417567e-10,7.901421107669522e-11
5898,9.947669710312558e-10,8.05615986729684e-11
5899,9.659469641725861e-10,7.889334504879868e-11
5900,9.461796468700727e-10,7.788933076816264e-11
5901,9.411281949236595e-10,7.812168603438936e-11
5902,9.215776952578017e-10,7.631359460963988e-11
5903,8.87974922911152e-10,7.185204676242658e-11
5904,8.987462283669086e-10,7.099835252497617e-11
5905,9.576373070743366e-10,7.351107982005591e-11
5906,1.027071423226463e-09,7.71632089444983e-11
5907,1.0543767491387441e-09,7.746589703480016e-11
5908,1.041030878312549e-09,7.432602323547896e-11
5909,1.0387332255670499e-09,7.327499588909514e-11
5910,1.020650679489137e-09,7.018257873427564e-11
5911,9.463571357676761e-10,6.111020558520686e-11
5912,8.167276481938486e-10,4.692005585098866e-11
5913,7.050172041758017e-10,3.5801364813903046e-11
5914,6.209260099257288e-10,2.7588231142883087e-11
5915,5.466855966308269e-10,2.110067521457402e-11
5916,4.680079702212769e-10,1.5501320216046626e-11
5917,4.008635944068063e-10,1.1408108544678601e-11
5918,3.6455561159423173e-10,9.35264823060546e-12
5919,3.5460630498141435e-10,8.786354058031979e-12
5920,3.448685687334963e-10,8.335714166223186e-12
5921,3.264597261841453e-10,7.550579437231358e-12
5922,3.1511168512019035e-10,7.154264116316042e-12
5923,3.063555413828095e-10,6.7695932482845e-12
5924,2.8889046736210453e-10,6.022141024179686e-12
5925,2.5322022968742444e-10,4.637674298327705e-12
5926,2.1610868658317908e-10,3.3593297087595852e-12
5927,1.887971897854016e-10,2.4823968482246533e-12
5928,1.679106806796805e-10,1.8505186538479454e-12
5929,1.4069399647886177e-10,1.160758732282872e-12
5930,1.0841551926914326e-10,5.585185819417326e-13
5931,8.295114615055174e-11,2.380494213408246e-13
5932,7.093071205843474e-11,1.4048684269075437e-13
5933,6.956031021815614e-11,1.5132261617647438e-13
5934,7.53001738849517e-11,2.562863701420009e-13
5935,8.560426908615819e-11,4.834510922013759e-13
5936,1.0122804009147134e-10,8.834432732353692e-13
5937,1.2459072066198963e-10,1.584895745141385e-12
5938,1.5462499321520304e-10,2.6533558845834657e-12
5939,1.8238792696765372e-10,3.978255239337234e-12
5940,2.0207776342716736e-10,5.411007632688408e-12
5941,2.1604183001879985e-10,7.08816931520428e-12
5942,2.2929452220320755e-10,8.867823504489043e-12
5943,2.456682146933996e-10,1.1073978872841203e-11
5944,2.673657145782212e-10,1.4148693320888127e-11
5945,2.9690898937493116e-10,1.8104431898526646e-11
5946,3.3985537892445086e-10,2.3383245850109736e-11
5947,4.0671046303628516e-10,3.121127607958873e-11
5948,4.831578648530528e-10,3.968205315808919e-11
5949,5.606403639636825e-10,4.7402566077173554e-11
5950,6.35087138737083e-10,5.390694432575426e-11
5951,7.011065735597481e-10,5.7530605427693943e-11
5952,7.55069834796462e-10,5.908969652837509e-11
5953,7.957292784516166e-10,6.066865574262656e-11
5954,8.145640432817409e-10,6.143526848505732e-11
5955,8.243959268808004e-10,6.236620720612049e-11
5956,8.575522291648812e-10,6.632876576167839e-11
5957,8.95479711038153e-10,6.98368360987409e-11
5958,9.178828333483312e-10,7.088738087974103e-11
5959,9.155664538786189e-10,6.939762409879155e-11
5960,9.220529197374889e-10,6.961284719532512e-11
5961,9.646934858028313e-10,7.39120632122134e-11
5962,1.0274074975035301e-09,7.956146587964677e-11
5963,1.0339573608399449e-09,7.719403112503197e-11
5964,9.825856759582133e-10,6.845886455047462e-11
5965,8.992429699744643e-10,5.675485049132756e-11
5966,8.482223654086788e-10,4.98341413071535e-11
5967,7.82877417864542e-10,4.226934840901412e-11
5968,6.923742343194919e-10,3.3781683121691097e-11
5969,5.904934370743559e-10,2.5287184780120007e-11
5970,5.103929067146443e-10,1.8966260130749638e-11
5971,4.56358502559466e-10,1.4892495941870586e-11
5972,4.1129432008090493e-10,1.189604361670689e-11
5973,3.7315890745982945e-10,9.785351446716349e-12
5974,3.4479804603871025e-10,8.296450992234822e-12
5975,3.31255743730243e-10,7.563448278364359e-12
5976,3.136421402870547e-10,6.691673111630129e-12
5977,2.8458672227123475e-10,5.460654395522191e-12
5978,2.6505472408527e-10,4.758230478272097e-12
5979,2.5696376506328607e-10,4.4448674530283865e-12
5980,2.4678298939013016e-10,4.000424022646258e-12
5981,2.1962558782567268e-10,3.0510276511824414e-12
5982,1.8388783384805307e-10,2.0212891861315275e-12
5983,1.6181439953511073e-10,1.4743144054729233e-12
5984,1.578418156961494e-10,1.36914314292935e-12
5985,1.581285164655309e-10,1.3594815532044656e-12
5986,1.4676007019243152e-10,1.1217875324830854e-12
5987,1.2969459463070839e-10,8.08633569381047e-13
5988,1.1912571260191481e-10,6.300029278585084e-13
5989,1.207729438122962e-10,6.570786044325632e-13
5990,1.2987953305241027e-10,8.376521427190734e-13
5991,1.4236086023545677e-10,1.1802343926610632e-12
5992,1.569954548210169e-10,1.6991597444041632e-12
5993,1.7797939774082525e-10,2.5871854431413708e-12
5994,2.0667324291169903e-10,4.014035254372408e-12
5995,2.339589171695789e-10,5.84499860062138e-12
5996,2.5532023410152357e-10,8.302028809410024e-12
5997,2.7620861542858156e-10,1.1890723956809688e-11
5998,3.142264364686235e-10,1.7820443631910454e-11
5999,3.708113446111745e-10,2.6133700549341997e-11
6000,4.219177998247082e-10,3.3857156853598124e-11
