t,rpm,Mx,My,Mz,Fx,Fy,Fz
-1.37845e-12,3.49086,0.000322823,-26652.7,986.421,1099.2,9.2075,-4964.05
0.1,3.49075,-0.502976,-26659.8,1064.14,1099.92,7.677,-4963.01
0.2,3.49056,-0.444734,-26665.4,1134.72,1100.61,6.299,-4962.12
0.3,3.49038,-0.480296,-26670.7,1200.19,1101.16,5.09863,-4961.38
0.4,3.49021,-0.353061,-26676.8,1259.11,1101.49,3.81588,-4960.76
0.5,3.49015,0.00982497,-26684.4,1312.64,1101.66,2.19637,-4960.31
0.6,3.49013,-0.112802,-26695.1,1365.79,1101.76,0.22775,-4960.08
0.7,3.49006,-0.219614,-26709.5,1416.4,1101.96,-2.05387,-4960.11
0.8,3.49002,-0.0198731,-26728.2,1462.48,1102.39,-4.376,-4960.42
0.9,3.49001,0.00756369,-26751.0,1503.22,1103.05,-6.33337,-4960.91
1.0,3.49006,0.255255,-26776.5,1533.6,1103.86,-7.73119,-4961.46
1.1,3.49021,0.534498,-26803.0,1553.25,1104.66,-8.47262,-4961.89
1.2,3.49038,0.467212,-26829.0,1564.62,1105.27,-8.62056,-4962.12
1.3,3.49055,0.511813,-26853.4,1567.69,1105.62,-8.4675,-4962.17
1.4,3.49076,0.679213,-26876.4,1566.26,1105.71,-8.23441,-4962.12
1.5,3.491,0.684979,-26898.7,1563.61,1105.66,-8.0724,-4962.09
1.6,3.49125,1.4245,-26921.6,1559.83,1105.62,-8.08219,-4962.17
1.7,3.49147,5.65566,-26946.1,1557.08,1105.69,-8.1515,-4962.34
1.8,3.49157,11.9479,-26971.7,1554.15,1105.92,-8.13584,-4962.48
1.9,3.49161,18.6206,-26997.3,1548.23,1106.26,-7.91044,-4962.38
2.0,3.49169,24.2255,-27021.1,1538.96,1106.6,-7.37187,-4961.88
2.1,3.49183,27.5166,-27041.5,1525.77,1106.8,-6.58337,-4960.94
2.2,3.49204,31.8261,-27057.7,1510.25,1106.77,-5.71012,-4959.68
2.3,3.49226,35.1883,-27070.1,1495.33,1106.54,-4.94975,-4958.36
2.4,3.49244,38.6219,-27079.9,1485.1,1106.2,-4.447,-4957.28
2.5,3.49262,43.2928,-27088.2,1481.38,1105.89,-4.305,-4956.69
2.6,3.49285,48.5822,-27096.2,1486.12,1105.7,-4.47538,-4956.65
2.7,3.49311,54.2329,-27103.5,1499.65,1105.66,-4.827,-4957.06
2.8,3.49342,59.0013,-27108.9,1520.17,1105.71,-5.23812,-4957.69
2.9,3.49371,63.3175,-27110.8,1547.25,1105.75,-5.58075,-4958.28
3.0,3.494,67.2301,-27108.2,1579.81,1105.68,-5.81975,-4958.7
3.1,3.4943,72.9192,-27101.3,1618.19,1105.46,-5.96525,-4958.99
3.2,3.49462,78.7604,-27091.4,1662.31,1105.09,-6.072,-4959.32
3.3,3.49492,85.2934,-27080.9,1713.44,1104.68,-6.1535,-4959.97
3.4,3.4951,93.2354,-27072.3,1771.15,1104.29,-6.22025,-4961.13
3.5,3.49513,101.855,-27067.0,1834.11,1104.01,-6.23225,-4962.85
3.6,3.49506,108.028,-27065.0,1900.99,1103.85,-6.106,-4964.98
3.7,3.49494,115.093,-27064.6,1970.27,1103.73,-5.7725,-4967.19
3.8,3.49486,122.182,-27063.3,2038.2,1103.56,-5.25425,-4969.12
3.9,3.49487,128.018,-27058.6,2104.98,1103.26,-4.525,-4970.49
4.0,3.49489,132.789,-27050.3,2170.03,1102.79,-3.613,-4971.19
4.1,3.49492,136.691,-27038.2,2231.72,1102.2,-2.6435,-4971.34
4.2,3.49497,141.939,-27024.7,2293.42,1101.58,-1.57675,-4971.13
4.3,3.49499,146.073,-27012.4,2353.22,1101.04,-0.467,-4970.81
4.4,3.49504,148.547,-27003.9,2410.28,1100.63,0.693,-4970.49
4.5,3.49512,148.236,-27001.3,2465.77,1100.36,1.95913,-4970.2
4.6,3.49511,150.272,-27006.2,2517.32,1100.17,3.23863,-4969.77
4.7,3.4951,155.415,-27019.1,2563.85,1100.0,4.4415,-4969.04
4.8,3.49509,159.531,-27040.5,2606.57,1099.82,5.5135,-4967.89
4.9,3.49511,161.315,-27071.3,2643.75,1099.62,6.30487,-4966.31
5.0,3.49519,163.329,-27112.0,2676.36,1099.46,6.77612,-4964.46
5.1,3.49521,164.144,-27163.3,2705.31,1099.4,6.99125,-4962.56
5.2,3.49508,165.808,-27225.4,2729.54,1099.49,7.05538,-4960.87
5.3,3.49479,169.679,-27297.8,2747.26,1099.76,7.09056,-4959.55
5.4,3.49448,173.557,-27379.2,2758.31,1100.17,7.21644,-4958.66
5.5,3.49423,175.464,-27467.1,2762.9,1100.63,7.41869,-4958.14
5.6,3.4941,176.354,-27559.0,2762.52,1101.02,7.57831,-4957.88
5.7,3.49404,175.035,-27652.5,2760.18,1101.28,7.5687,-4957.77
5.8,3.49397,171.755,-27746.8,2757.82,1101.43,7.3011,-4957.77
5.9,3.4939,167.274,-27842.2,2755.11,1101.55,6.75017,-4957.93
6.0,3.49389,162.968,-27940.3,2752.12,1101.76,6.035,-4958.31
6.1,3.49392,158.729,-28042.9,2746.56,1102.13,5.30128,-4958.98
6.2,3.49398,153.687,-28151.4,2736.22,1102.68,4.70356,-4959.94
6.3,3.494,146.143,-28265.3,2719.73,1103.37,4.3575,-4961.12
6.4,3.49395,138.023,-28383.2,2695.86,1104.11,4.28369,-4962.41
6.5,3.49389,129.987,-28502.2,2663.76,1104.79,4.41012,-4963.69
6.6,3.49386,124.623,-28619.2,2625.06,1105.32,4.64787,-4964.86
6.7,3.49388,119.804,-28731.1,2579.77,1105.68,4.816,-4965.9
6.8,3.49393,116.784,-28835.7,2531.02,1105.89,4.81163,-4966.81
6.9,3.49387,115.596,-28931.5,2480.22,1106.04,4.5585,-4967.58
7.0,3.49374,113.931,-29017.4,2427.5,1106.21,4.07025,-4968.17
7.1,3.49357,109.371,-29092.7,2372.86,1106.41,3.472,-4968.51
7.2,3.49347,102.896,-29156.8,2314.87,1106.64,2.8855,-4968.5
7.3,3.49348,98.0039,-29209.0,2252.53,1106.82,2.38975,-4968.1
7.4,3.49356,95.5796,-29249.1,2185.98,1106.87,1.984,-4967.33
7.5,3.4937,93.8407,-29277.6,2116.48,1106.76,1.56975,-4966.33
7.6,3.49389,92.913,-29295.3,2046.17,1106.51,0.983,-4965.26
7.7,3.49416,94.0273,-29303.6,1977.6,1106.17,0.0935,-4964.34
7.8,3.49446,97.0959,-29303.8,1912.14,1105.81,-1.13325,-4963.68
7.9,3.4947,103.965,-29296.7,1849.34,1105.49,-2.61475,-4963.28
8.0,3.49485,111.001,-29283.1,1786.29,1105.24,-4.2235,-4963.05
8.1,3.49493,118.673,-29263.1,1723.22,1105.03,-5.75175,-4962.83
8.2,3.49502,124.173,-29236.5,1657.87,1104.8,-7.14375,-4962.48
8.3,3.49519,129.563,-29203.9,1592.95,1104.48,-8.31525,-4961.99
8.4,3.49539,134.005,-29166.1,1529.96,1104.05,-9.2655,-4961.47
8.5,3.49556,138.669,-29125.0,1469.5,1103.5,-10.0295,-4961.11
8.6,3.49566,143.705,-29083.0,1413.5,1102.91,-10.605,-4961.14
8.7,3.49567,148.199,-29042.6,1361.65,1102.35,-11.0328,-4961.69
8.8,3.49569,151.562,-29005.3,1313.82,1101.87,-11.3422,-4962.7
8.9,3.49572,155.563,-28971.6,1270.98,1101.47,-11.5021,-4963.99
9.0,3.49575,157.669,-28940.6,1230.39,1101.14,-11.5238,-4965.26
9.1,3.49582,159.839,-28911.0,1191.98,1100.82,-11.3109,-4966.23
9.2,3.4959,161.968,-28881.3,1153.73,1100.47,-10.822,-4966.75
9.3,3.49606,166.633,-28851.0,1115.2,1100.08,-10.0375,-4966.83
9.4,3.4963,171.678,-28820.2,1077.14,1099.66,-8.98337,-4966.64
9.5,3.49657,176.157,-28789.6,1041.49,1099.23,-7.72975,-4966.43
9.6,3.49679,178.415,-28760.0,1009.11,1098.83,-6.40156,-4966.41
9.7,3.49688,181.479,-28731.4,981.975,1098.45,-5.04931,-4966.62
9.8,3.49683,183.469,-28703.1,958.451,1098.09,-3.75919,-4966.98
9.9,3.49673,184.343,-28673.8,938.425,1097.71,-2.55594,-4967.29
10.0,3.49665,185.611,-28641.9,922.364,1097.28,-1.47464,-4967.31
10.1,3.49665,168.271,-28606.7,905.109,1096.81,-0.722794,-4966.9
10.2,3.49814,-18.9184,-28570.1,878.566,1096.38,-0.699297,-4966.04
10.3,3.49807,6.72179,-28532.2,932.643,1095.7,0.51825,-4965.02
10.4,3.4977,0.17578,-28494.8,908.658,1095.09,-0.369812,-4963.88
10.5,3.49814,-0.158345,-28466.9,946.153,1094.47,0.818375,-4963.11
10.6,3.49747,-1.09635,-28447.9,950.681,1093.73,1.89719,-4962.83
10.7,3.49884,7.39183,-28440.5,893.594,1092.5,1.546,-4962.82
10.8,3.5002,-0.690648,-28445.6,900.365,1090.31,2.62087,-4963.17
10.9,3.49882,-5.08882,-28454.8,885.389,1087.05,2.46462,-4963.62
11.0,3.49812,0.590035,-28465.7,841.393,1082.75,1.14025,-4963.86
11.1,3.49784,-2.08015,-28477.0,844.406,1077.41,1.63063,-4963.99
11.2,3.49768,2.06792,-28484.7,795.931,1071.19,1.75363,-4963.92
11.3,3.49965,7.19827,-28491.8,723.291,1064.19,2.01988,-4963.59
11.4,3.5007,-1.23609,-28499.4,694.91,1056.54,3.71625,-4963.3
11.5,3.5,-1.55718,-28505.0,633.361,1048.54,4.0895,-4963.0
11.6,3.50019,1.90513,-28511.0,577.232,1040.29,4.14275,-4962.71
11.7,3.50051,0.278428,-28516.3,550.51,1031.73,5.132,-4962.52
11.8,3.50164,5.97235,-28518.5,473.077,1022.77,5.3025,-4962.18
11.9,3.50422,6.87763,-28519.7,395.901,1013.21,6.009,-4961.62
12.0,3.50535,-0.190779,-28519.1,337.558,1002.96,7.33975,-4960.93
12.1,3.5055,1.23096,-28514.9,247.354,992.103,7.394,-4960.03
12.2,3.50628,2.39254,-28507.4,177.281,980.604,7.6535,-4958.97
12.3,3.50695,1.73012,-28493.2,112.289,968.45,8.3225,-4957.79
12.4,3.50845,6.07335,-28470.7,1.77956,955.637,8.51575,-4956.39
12.5,3.51031,3.35272,-28441.6,-104.735,942.092,9.61475,-4954.86
12.6,3.51048,-1.68541,-28404.9,-218.356,927.856,10.7638,-4953.34
12.7,3.51028,0.589843,-28360.5,-354.768,913.031,10.754,-4951.79
12.8,3.51066,1.25304,-28309.9,-462.499,897.679,10.7045,-4950.39
12.9,3.51133,2.68871,-28253.2,-569.265,881.947,10.1532,-4949.26
13.0,3.51301,5.81388,-28193.6,-692.573,865.983,9.101,-4948.43
13.1,3.51445,1.77921,-28134.4,-797.283,849.858,8.81137,-4948.04
13.2,3.51448,-1.03945,-28076.1,-910.365,833.643,8.3925,-4948.07
13.3,3.51451,1.01957,-28018.9,-1028.03,817.306,7.55275,-4948.37
13.4,3.51496,1.40913,-27962.1,-1119.32,800.723,7.003,-4948.9
13.5,3.51587,3.64848,-27903.8,-1216.98,783.82,6.02138,-4949.55
13.6,3.51754,4.81192,-27844.7,-1318.39,766.52,4.95463,-4950.29
13.7,3.51852,0.571655,-27786.3,-1405.75,748.774,4.417,-4951.28
13.8,3.51846,-0.508119,-27729.7,-1503.9,730.627,3.51956,-4952.62
13.9,3.5186,1.02281,-27677.0,-1594.56,712.137,2.46712,-4954.41
14.0,3.51903,1.35625,-27628.2,-1664.08,693.394,1.59619,-4956.66
14.1,3.51988,3.16865,-27581.1,-1738.61,674.526,0.465969,-4959.15
14.2,3.52093,2.11005,-27535.5,-1807.09,655.588,-0.2545,-4961.66
14.3,3.52092,-1.82731,-27490.3,-1868.75,636.579,-0.370813,-4963.98
14.4,3.5202,-1.72829,-27444.9,-1941.12,617.476,-0.597223,-4965.89
14.5,3.51984,-0.253648,-27400.0,-2001.76,598.235,-0.749188,-4967.32
14.6,3.51995,1.00978,-27356.1,-2047.71,578.9,-1.03038,-4968.37
14.7,3.52071,2.87949,-27314.2,-2092.38,559.574,-1.8085,-4969.2
14.8,3.5215,1.1429,-27276.8,-2122.04,540.303,-2.44044,-4970.05
14.9,3.52137,-1.51994,-27243.8,-2146.38,521.083,-2.89469,-4971.08
15.0,3.52092,-0.753478,-27214.2,-2175.75,501.86,-3.37788,-4972.17
15.1,3.52088,0.436057,-27186.5,-2193.15,482.593,-3.527,-4973.17
15.2,3.52127,1.74834,-27158.5,-2203.94,463.336,-3.675,-4973.85
15.3,3.5221,2.48249,-27129.3,-2210.76,444.17,-4.05725,-4974.01
15.4,3.52257,-0.049007,-27099.1,-2201.42,425.132,-4.371,-4973.59
15.5,3.52215,-1.85976,-27068.9,-2187.45,406.248,-4.90462,-4972.71
15.6,3.52159,-1.04227,-27040.9,-2171.02,387.555,-5.68475,-4971.59
15.7,3.52136,-0.17039,-27018.3,-2142.8,369.127,-6.38062,-4970.57
15.8,3.52148,0.797538,-27002.6,-2112.78,351.095,-7.14875,-4969.89
15.9,3.52173,0.319169,-26995.5,-2079.36,333.527,-7.804,-4969.63
16.0,3.52131,-2.38797,-26997.2,-2037.48,316.364,-8.0605,-4969.71
16.1,3.52016,-3.3683,-27007.5,-1998.28,299.501,-8.1635,-4969.91
16.2,3.51906,-2.30561,-27026.8,-1958.4,282.874,-8.08275,-4969.95
16.3,3.51839,-1.14084,-27055.6,-1913.43,266.532,-7.8345,-4969.68
16.4,3.51816,-0.0679881,-27094.2,-1870.61,250.618,-7.763,-4969.08
16.5,3.51801,-0.872802,-27142.9,-1824.84,235.217,-7.766,-4968.33
16.6,3.51725,-2.91693,-27200.2,-1777.06,220.284,-7.7145,-4967.66
16.7,3.51607,-3.07765,-27263.3,-1737.41,205.705,-7.607,-4967.23
16.8,3.51508,-2.02152,-27329.1,-1702.88,191.359,-7.08325,-4967.11
16.9,3.51448,-1.04919,-27395.2,-1674.02,177.234,-6.04525,-4967.23
17.0,3.51417,-0.684487,-27460.6,-1652.38,163.385,-4.70425,-4967.42
17.1,3.51361,-2.27701,-27525.5,-1628.15,149.801,-3.165,-4967.47
17.2,3.51233,-4.14793,-27590.6,-1600.62,136.439,-1.74075,-4967.18
17.3,3.5107,-4.15574,-27657.1,-1573.2,123.266,-0.67575,-4966.47
17.4,3.50924,-3.36763,-27727.0,-1543.8,110.336,0.1575,-4965.41
17.5,3.50807,-2.66338,-27801.7,-1518.78,97.7672,0.794,-4964.21
17.6,3.50701,-2.87034,-27881.6,-1501.58,85.6158,1.34162,-4963.11
17.7,3.50556,-4.59735,-27965.3,-1488.38,73.782,2.03212,-4962.27
17.8,3.50352,-5.76713,-28050.2,-1481.81,62.0394,2.84063,-4961.71
17.9,3.50137,-5.2424,-28134.6,-1481.06,50.1852,3.76437,-4961.29
18.0,3.49953,-4.20793,-28218.6,-1482.06,38.1854,4.8175,-4960.89
18.1,3.49805,-3.4412,-28303.1,-1486.95,26.168,5.753,-4960.4
18.2,3.49664,-3.88779,-28389.2,-1493.04,14.2993,6.39494,-4959.77
18.3,3.49482,-5.437,-28477.2,-1496.77,2.59666,6.61938,-4959.06
18.4,3.49256,-6.07638,-28565.5,-1501.61,-9.03845,6.29437,-4958.38
18.5,3.49032,-5.40905,-28651.4,-1508.36,-20.703,5.63397,-4957.86
18.6,3.48839,-4.5073,-28732.6,-1518.77,-32.4151,4.99341,-4957.59
18.7,3.48671,-4.12429,-28807.6,-1537.33,-44.1662,4.56856,-4957.6
18.8,3.48494,-5.06469,-28876.7,-1561.26,-55.9807,4.50178,-4957.89
18.9,3.48265,-6.63322,-28940.9,-1587.31,-67.9571,4.69462,-4958.38
19.0,3.47995,-7.15026,-29000.9,-1615.31,-80.1875,4.86375,-4958.94
19.1,3.47725,-6.70362,-29057.8,-1643.09,-92.6612,4.87494,-4959.45
19.2,3.47474,-6.17728,-29112.6,-1672.9,-105.221,4.65963,-4959.92
19.3,3.47232,-6.26213,-29165.7,-1708.73,-117.691,4.21863,-4960.4
19.4,3.46966,-7.39986,-29215.7,-1749.6,-130.06,3.69475,-4960.97
19.5,3.46655,-8.49613,-29259.7,-1794.97,-142.486,3.17512,-4961.6
19.6,3.46326,-8.3557,-29295.2,-1843.47,-155.183,2.75137,-4962.21
19.7,3.46018,-7.44501,-29322.4,-1891.46,-168.225,2.57625,-4962.77
19.8,3.45744,-6.66646,-29343.0,-1939.33,-181.512,2.67488,-4963.28
19.9,3.45483,-6.80528,-29358.0,-1988.71,-194.962,2.92875,-4963.75
20.0,3.45195,-7.95683,-29368.7,-2039.01,-208.442,3.25425,-4964.1
20.1,3.44866,-8.87767,-29377.2,-2091.64,-221.941,3.441,-4964.29
20.2,3.44522,-8.73755,-29385.7,-2145.84,-235.515,3.331,-4964.46
20.3,3.44195,-8.04705,-29394.4,-2198.39,-249.127,2.95375,-4964.74
20.4,3.4389,-7.63324,-29400.3,-2249.11,-262.649,2.30975,-4965.06
20.5,3.43584,-8.10129,-29401.8,-2296.96,-276.054,1.60025,-4965.3
20.6,3.43245,-9.29099,-29405.3,-2340.53,-289.365,1.0355,-4965.4
20.7,3.42868,-10.0135,-29420.3,-2380.22,-302.614,0.66725,-4965.52
20.8,3.42481,-9.84033,-29452.6,-2414.61,-315.793,0.43375,-4965.85
20.9,3.42106,-9.37913,-29504.8,-2443.44,-328.745,0.1675,-4966.26
21.0,3.41742,-9.35617,-29578.4,-2470.88,-341.246,-0.315,-4966.69
21.1,3.41362,-10.1649,-29679.1,-2501.63,-353.127,-0.9515,-4967.38
21.2,3.40943,-11.2799,-29809.5,-2541.35,-364.389,-1.655,-4968.57
21.3,3.40498,-11.516,-29962.8,-2592.71,-375.098,-2.31475,-4970.17
21.4,3.40063,-10.827,-30126.7,-2651.9,-385.364,-2.87,-4971.81
21.5,3.39658,-9.97836,-30294.8,-2712.86,-395.144,-3.366,-4973.25
21.6,3.39276,-9.71016,-30468.9,-2771.56,-404.249,-3.85475,-4974.7
21.7,3.38884,-10.421,-30649.2,-2825.89,-412.587,-4.22363,-4976.34
21.8,3.38459,-11.4136,-30831.2,-2877.51,-420.16,-4.37563,-4977.97
21.9,3.38007,-11.741,-31009.7,-2927.7,-427.03,-4.35725,-4979.32
22.0,3.37556,-11.4729,-31185.8,-2973.5,-433.244,-4.27738,-4980.51
22.1,3.37118,-11.0361,-31361.5,-3010.42,-438.746,-4.30075,-4982.02
22.2,3.36684,-11.2585,-31538.4,-3036.7,-443.431,-4.49837,-4983.83
22.3,3.36229,-12.1428,-31715.1,-3050.09,-447.343,-4.72188,-4985.47
22.4,3.35739,-12.9727,-31891.2,-3053.5,-450.636,-4.87738,-4986.77
22.5,3.3523,-13.0812,-32068.6,-3046.75,-453.512,-4.71025,-4987.96
22.6,3.34728,-12.7221,-32249.1,-3030.74,-455.968,-4.31356,-4989.01
22.7,3.34238,-12.5053,-32432.1,-3006.25,-457.831,-3.88162,-4989.55
22.8,3.33744,-12.9281,-32618.1,-2975.09,-458.864,-3.46159,-4989.67
22.9,3.33221,-13.9469,-32807.9,-2939.41,-458.948,-2.99222,-4989.8
23.0,3.32664,-14.621,-33003.0,-2903.71,-458.202,-2.57771,-4990.07
23.1,3.32097,-14.3344,-33198.0,-2874.04,-456.863,-2.43093,-4990.28
23.2,3.31551,-13.6341,-33387.3,-2854.41,-454.87,-2.28103,-4990.32
23.3,3.31032,-13.0458,-33572.8,-2846.73,-452.209,-2.00419,-4990.1
23.4,3.30524,-13.0004,-33756.0,-2851.06,-448.83,-1.53044,-4989.68
23.5,3.30003,-13.5772,-33939.2,-2859.66,-444.777,-0.75475,-4988.9
23.6,3.29462,-14.1277,-34118.9,-2863.76,-440.122,0.161062,-4987.68
23.7,3.28914,-13.9691,-34294.2,-2855.29,-434.941,1.04475,-4986.12
23.8,3.28378,-13.6128,-34463.8,-2828.21,-429.156,1.87388,-4984.69
23.9,3.27848,-13.5847,-34622.1,-2780.95,-422.641,2.73513,-4983.7
24.0,3.27312,-13.9942,-34759.0,-2712.45,-415.389,3.6985,-4983.07
24.1,3.26755,-14.5724,-34868.4,-2618.21,-407.559,4.7085,-4982.56
24.2,3.26184,-14.6821,-34950.8,-2492.97,-399.354,5.54238,-4982.21
24.3,3.25623,-14.1325,-35009.4,-2334.09,-390.896,5.99662,-4982.16
24.4,3.25085,-13.5045,-35042.4,-2145.49,-382.204,6.072,-4982.2
24.5,3.24563,-13.3426,-35044.2,-1940.1,-373.26,5.9525,-4981.95
24.6,3.24035,-13.7677,-35012.4,-1734.49,-364.119,5.9155,-4981.37
24.7,3.23486,-14.3954,-34949.0,-1542.62,-354.957,6.15575,-4980.76
24.8,3.22921,-14.5408,-34854.6,-1373.19,-346.019,6.65675,-4980.33
24.9,3.22363,-14.0795,-34727.2,-1228.53,-337.493,7.281,-4979.92
25.0,3.21826,-13.541,-34568.3,-1107.65,-329.42,7.90775,-4979.32
25.1,3.21301,-13.4267,-34388.5,-1009.48,-321.732,8.5035,-4978.66
25.2,3.20768,-13.9003,-34202.3,-931.592,-314.372,9.09675,-4978.11
25.3,3.20213,-14.5946,-34019.1,-869.392,-307.369,9.646,-4977.59
25.4,3.19637,-14.9285,-33841.3,-816.253,-300.778,9.99275,-4976.86
25.5,3.19057,-14.842,-33669.1,-764.458,-294.586,9.992,-4975.95
25.6,3.18481,-14.7247,-33502.5,-709.013,-288.703,9.62425,-4975.15
25.7,3.17904,-14.9351,-33338.3,-649.458,-283.055,9.017,-4974.61
25.8,3.1731,-15.5375,-33170.1,-587.894,-277.69,8.34925,-4974.12
25.9,3.16692,-16.1362,-32994.4,-527.295,-272.768,7.6965,-4973.41
26.0,3.1606,-16.304,-32814.9,-469.946,-268.437,6.9905,-4972.54
26.1,3.15428,-16.1366,-32638.4,-417.712,-264.735,6.1115,-4971.7
26.2,3.14801,-16.0741,-32466.9,-374.621,-261.589,4.97412,-4970.9
26.3,3.14167,-16.4933,-32297.7,-347.027,-258.901,3.6095,-4969.99
26.4,3.13507,-17.3886,-32128.9,-341.584,-256.632,2.12975,-4968.94
26.5,3.12812,-18.2469,-31960.9,-362.572,-254.793,0.658875,-4968.01
26.6,3.12093,-18.5965,-31793.0,-409.54,-253.376,-0.745625,-4967.29
26.7,3.11371,-18.4518,-31622.0,-477.465,-252.275,-2.0875,-4966.56
26.8,3.10657,-18.1881,-31447.7,-559.987,-251.283,-3.4045,-4965.56
26.9,3.09949,-18.2113,-31278.9,-651.505,-250.108,-4.676,-4964.35
27.0,3.09232,-18.5664,-31127.7,-748.403,-248.646,-5.82562,-4963.2
27.1,3.08502,-18.8891,-30998.9,-848.115,-247.034,-6.79006,-4962.26
27.2,3.07767,-18.8829,-30893.3,-946.18,-245.473,-7.57744,-4961.34
27.3,3.07035,-18.6704,-30811.3,-1037.16,-244.067,-8.36125,-4960.57
27.4,3.0631,-18.5777,-30755.9,-1117.16,-242.798,-9.30184,-4960.39
27.5,3.0558,-18.905,-30726.1,-1186.45,-241.609,-10.4064,-4961.03
27.6,3.04831,-19.5521,-30713.8,-1250.43,-240.479,-11.5392,-4962.16
27.7,3.04059,-20.0557,-30711.1,-1317.17,-239.373,-12.5247,-4963.21
27.8,3.03277,-20.091,-30719.3,-1392.85,-238.13,-13.2269,-4964.01
27.9,3.02501,-19.7607,-30745.3,-1481.5,-236.496,-13.6894,-4964.76
28.0,3.01739,-19.4205,-30791.0,-1586.64,-234.205,-14.0331,-4965.54
28.1,3.00983,-19.4126,-30851.8,-1712.87,-231.159,-14.2871,-4966.17
28.2,3.00222,-19.6412,-30923.8,-1865.89,-227.478,-14.349,-4966.63
28.3,2.99457,-19.66,-31008.2,-2048.63,-223.447,-14.0776,-4967.32
28.4,2.98699,-19.2027,-31106.1,-2256.72,-219.397,-13.4495,-4968.56
28.5,2.97968,-18.3801,-31213.7,-2478.24,-215.578,-12.6407,-4970.16
28.6,2.97267,-17.6247,-31326.7,-2697.48,-212.102,-11.9016,-4971.7
28.7,2.96586,-17.367,-31447.5,-2900.27,-208.968,-11.3527,-4973.04
28.8,2.95906,-17.6047,-31583.3,-3077.92,-206.154,-10.9126,-4974.29
28.9,2.95213,-17.9938,-31737.0,-3226.37,-203.668,-10.413,-4975.4
29.0,2.94508,-18.2371,-31904.6,-3342.92,-201.513,-9.76075,-4976.17
29.1,2.93797,-18.2846,-32081.1,-3424.64,-199.623,-9.00925,-4976.65
29.2,2.93084,-18.3615,-32263.8,-3468.94,-197.853,-8.266,-4977.33
29.3,2.92363,-18.6871,-32448.5,-3475.78,-196.071,-7.5715,-4978.59
29.4,2.91626,-19.1553,-32625.9,-3448.89,-194.233,-6.881,-4980.25
29.5,2.90874,-19.451,-32786.7,-3393.39,-192.365,-6.119,-4981.83
29.6,2.90118,-19.3599,-32928.9,-3312.74,-190.489,-5.2625,-4983.06
29.7,2.89372,-18.966,-33055.3,-3207.58,-188.574,-4.3865,-4983.95
29.8,2.8864,-18.6678,-33166.9,-3076.81,-186.584,-3.59875,-4984.38
29.9,2.87911,-18.8313,-33259.8,-2920.36,-184.55,-2.932,-4984.1
30.0,2.87165,-19.4712,-33332.0,-2740.56,-182.605,-2.28675,-4983.08
30.1,2.86391,-20.3093,-33387.1,-2540.5,-180.912,-1.491,-4981.74
30.2,2.85585,-21.0382,-33430.4,-2321.48,-179.559,-0.43975,-4980.55
30.3,2.84755,-21.5805,-33465.2,-2081.17,-178.436,0.82775,-4979.58
30.4,2.83904,-22.1338,-33494.3,-1815.12,-177.259,2.10975,-4978.74
30.5,2.83028,-22.8805,-33523.9,-1522.05,-175.693,3.1685,-4978.12
30.6,2.82119,-23.7991,-33559.8,-1206.92,-173.446,3.967,-4977.84
30.7,2.81174,-24.717,-33601.1,-879.602,-170.353,4.71325,-4977.67
30.8,2.80198,-25.3768,-33640.1,-549.856,-166.362,5.6545,-4977.12
30.9,2.79202,-25.7411,-33666.5,-221.796,-161.479,6.82975,-4976.0
31.0,2.78194,-26.0028,-33669.0,105.852,-155.7,8.03225,-4974.65
31.1,2.77177,-26.2098,-33643.5,434.16,-149.198,8.92175,-4973.1
31.2,2.76151,-26.4322,-33593.6,759.151,-142.201,9.30875,-4971.27
31.3,2.75115,-26.7559,-33525.6,1071.01,-134.803,9.29025,-4969.49
31.4,2.74063,-27.2091,-33445.0,1357.9,-127.004,9.1295,-4968.16
31.5,2.72991,-27.8372,-33350.6,1610.5,-118.694,8.99763,-4967.3
31.6,2.71893,-28.5084,-33235.1,1824.62,-109.766,9.02812,-4966.7
31.7,2.70773,-28.9694,-33088.1,2004.73,-100.278,9.54575,-4966.25
31.8,2.69637,-29.3192,-32905.2,2158.99,-90.1587,10.491,-4965.82
31.9,2.68487,-29.7288,-32675.5,2295.45,-79.0882,11.6466,-4965.54
32.0,2.67314,-30.4456,-32387.1,2417.96,-66.7701,12.7846,-4965.24
32.1,2.66112,-31.2245,-32036.8,2521.86,-53.1591,13.6594,-4964.59
32.2,2.64891,-31.3594,-31631.4,2595.36,-38.3774,14.0959,-4963.81
32.3,2.63684,-30.5347,-31187.7,2626.31,-22.687,13.9638,-4963.32
32.4,2.62524,-28.937,-30721.9,2605.16,-6.4219,13.1414,-4963.33
32.5,2.61434,-26.9967,-30245.8,2526.05,9.96913,11.6337,-4963.73
32.6,2.60412,-25.4341,-29771.6,2384.8,26.0513,9.56119,-4964.52
32.7,2.59439,-24.5282,-29314.3,2173.97,41.4464,7.18203,-4965.88
32.8,2.58495,-23.8564,-28886.4,1885.3,55.7227,5.03916,-4967.75
32.9,2.57581,-23.053,-28495.4,1516.35,68.5673,3.6112,-4969.56
33.0,2.56704,-21.8868,-28147.6,1074.47,79.9527,2.90018,-4970.69
33.1,2.55877,-20.5857,-27853.4,578.264,90.1672,2.44726,-4970.96
33.2,2.55091,-19.7604,-27624.7,52.0923,99.6199,1.69009,-4970.69
33.3,2.54327,-19.4949,-27466.5,-483.554,108.582,0.308906,-4970.11
33.4,2.53569,-19.4012,-27377.0,-1014.05,116.98,-1.67031,-4969.19
33.5,2.52819,-19.0796,-27347.6,-1524.07,124.596,-3.815,-4968.15
33.6,2.5209,-18.3066,-27368.0,-1993.16,131.197,-5.79294,-4967.42
33.7,2.51394,-17.4678,-27425.8,-2395.67,136.647,-7.69819,-4967.14
33.8,2.50722,-17.1194,-27512.5,-2711.34,140.847,-9.96963,-4966.99
33.9,2.5005,-17.4415,-27629.9,-2936.97,143.732,-12.8531,-4966.63
34.0,2.49356,-18.2519,-27791.6,-3087.64,145.206,-16.0974,-4965.92
34.1,2.48627,-19.1789,-28014.1,-3188.04,145.16,-19.2722,-4964.68
34.2,2.47865,-19.9448,-28307.2,-3259.4,143.546,-22.2288,-4962.67
34.3,2.47074,-20.7534,-28672.7,-3312.3,140.412,-25.1432,-4959.92
34.4,2.46242,-22.0042,-29109.3,-3351.3,136.006,-28.1661,-4956.91
34.5,2.45351,-23.8298,-29613.5,-3382.36,130.727,-31.0408,-4954.08
34.6,2.44381,-26.0047,-30175.6,-3413.07,124.998,-33.128,-4951.54
34.7,2.43331,-27.932,-30779.0,-3446.64,119.201,-33.8764,-4949.03
34.8,2.42219,-29.1441,-31405.6,-3474.69,113.758,-33.2605,-4946.33
34.9,2.41073,-29.7425,-32037.8,-3477.04,109.14,-31.7784,-4943.5
35.0,2.39908,-30.1454,-32655.7,-3430.75,105.752,-30.0495,-4940.7
35.1,2.38724,-30.7265,-33236.7,-3319.96,103.707,-28.4515,-4938.0
35.2,2.37511,-31.5745,-33758.0,-3139.56,102.76,-26.9015,-4935.5
35.3,2.36263,-32.5607,-34193.4,-2882.4,102.752,-24.6232,-4933.49
35.4,2.34974,-33.6298,-34527.8,-2538.83,103.457,-21.7345,-4931.95
35.5,2.3365,-34.3719,-34757.0,-2100.85,104.624,-19.0417,-4931.0
35.6,2.323,-35.0121,-34886.6,-1581.64,106.33,-17.5548,-4931.29
35.7,2.30927,-35.4929,-34912.7,-1019.14,109.377,-16.67,-4933.72
35.8,2.29537,-35.8747,-34831.3,-473.813,114.209,-15.385,-4937.61
35.9,2.28138,-35.9042,-34638.7,0.01156,120.988,-12.8405,-4941.83
36.0,2.26754,-35.1184,-34346.9,377.097,129.428,-8.923,-4945.93
36.1,2.25417,-33.4594,-33970.3,657.743,139.058,-4.67425,-4950.33
36.2,2.24163,-30.8643,-33514.4,846.983,149.294,-1.2215,-4954.96
36.3,2.23019,-27.8807,-32986.7,943.448,159.462,1.5905,-4958.77
36.4,2.21981,-25.3965,-32410.0,940.522,168.985,4.60125,-4961.4
36.5,2.21029,-23.4383,-31824.3,840.904,177.422,8.2305,-4963.86
36.6,2.20145,-21.8756,-31265.4,671.489,184.381,11.988,-4967.11
36.7,2.19317,-20.6199,-30751.5,473.139,189.578,14.8003,-4971.05
36.8,2.18539,-19.2303,-30293.8,277.705,193.032,16.049,-4975.31
36.9,2.17818,-17.814,-29912.6,100.133,195.146,16.3067,-4980.15
37.0,2.17144,-16.7207,-29628.5,-56.3499,196.509,16.719,-4985.97
37.1,2.16509,-15.9012,-29443.8,-185.849,197.555,17.798,-4992.31
37.2,2.15899,-15.4438,-29347.9,-271.178,198.445,18.931,-4998.16
37.3,2.15302,-15.1763,-29331.6,-299.409,199.011,18.9715,-5003.28
37.4,2.14721,-14.5879,-29392.0,-281.25,199.043,17.4665,-5008.16
37.5,2.14171,-13.6557,-29519.3,-246.448,198.408,15.378,-5012.73
37.6,2.13655,-12.7857,-29684.3,-229.893,197.089,13.6836,-5016.23
37.7,2.13167,-12.3197,-29853.7,-251.358,195.08,12.4132,-5018.12
37.8,2.12677,-12.8576,-30007.5,-306.754,192.317,11.0091,-5018.66
37.9,2.12144,-14.5019,-30137.6,-383.663,188.683,9.07487,-5018.25
38.0,2.11537,-16.6591,-30239.4,-474.97,184.128,6.90163,-5016.58
38.1,2.10841,-19.0601,-30313.0,-575.037,178.836,5.29262,-5012.84
38.2,2.10049,-21.6025,-30372.7,-671.011,173.321,4.709,-5006.9
38.3,2.09154,-24.3105,-30443.5,-737.309,168.312,4.72675,-4999.72
38.4,2.08146,-27.4731,-30543.2,-743.45,164.488,4.40212,-4992.31
38.5,2.0701,-30.8126,-30671.8,-674.809,162.272,3.1045,-4985.02
38.6,2.05755,-33.5791,-30817.2,-540.822,161.788,1.18438,-4977.87
38.7,2.04411,-35.3391,-30966.1,-364.987,163.023,-0.34875,-4971.15
38.8,2.03021,-35.9617,-31106.7,-172.199,166.006,-0.95675,-4965.14
38.9,2.01621,-35.9146,-31221.1,21.2401,170.688,-0.830562,-4959.66
39.0,2.00224,-35.8144,-31274.7,207.981,177.32,-0.240313,-4954.53
39.1,1.98825,-36.0443,-31239.3,378.187,185.938,0.617938,-4949.21
39.2,1.97413,-36.4113,-31100.2,516.647,196.396,1.66453,-4943.48
39.3,1.9599,-36.6502,-30860.2,608.3,208.565,2.82106,-4937.55
39.4,1.94567,-36.3102,-30528.1,647.794,222.138,3.99203,-4931.7
39.5,1.93169,-35.4358,-30111.9,635.584,236.743,4.38811,-4926.2
39.6,1.91812,-34.2095,-29640.4,574.341,252.193,3.45563,-4921.02
39.7,1.90502,-33.0247,-29157.5,462.465,268.517,1.48418,-4916.82
39.8,1.89234,-32.0552,-28711.2,295.124,285.736,-0.599555,-4914.4
39.9,1.88003,-31.0803,-28336.0,72.4807,303.688,-1.94791,-4913.8
40.0,1.86816,-29.8414,-28050.0,-193.538,322.014,-2.31791,-4914.5
40.1,1.85686,-28.1484,-27865.0,-483.645,340.295,-2.02,-4916.43
40.2,1.84631,-25.9779,-27788.5,-781.401,358.162,-1.45041,-4920.02
40.3,1.83665,-23.6037,-27813.8,-1079.12,375.29,-0.769375,-4925.24
40.4,1.82791,-21.2521,-27917.7,-1375.6,391.322,-0.04325,-4931.24
40.5,1.82007,-18.995,-28073.1,-1667.26,405.831,0.459437,-4937.23
40.6,1.81309,-16.8431,-28261.0,-1942.84,418.354,0.231438,-4943.23
40.7,1.80694,-14.7133,-28466.2,-2188.01,428.469,-1.17819,-4949.49
40.8,1.80162,-12.6242,-28669.2,-2392.98,435.908,-3.76794,-4955.63
40.9,1.79707,-10.8199,-28853.3,-2555.15,440.653,-6.97512,-4960.92
41.0,1.79311,-9.56678,-29017.3,-2674.78,442.92,-10.0591,-4965.17
41.1,1.78951,-9.05057,-29175.0,-2747.76,443.047,-12.6453,-4968.87
41.2,1.78596,-9.24532,-29342.2,-2764.18,441.296,-14.9065,-4972.26
41.3,1.78225,-9.85651,-29530.3,-2713.89,437.749,-17.2335,-4974.94
41.4,1.77828,-10.5524,-29751.8,-2593.34,432.46,-19.7814,-4976.65
41.5,1.77406,-11.146,-30020.8,-2406.21,425.546,-22.237,-4977.7
41.6,1.76961,-11.756,-30340.9,-2158.14,417.149,-24.1286,-4978.49
41.7,1.76485,-12.7625,-30695.5,-1851.27,407.424,-25.284,-4978.83
41.8,1.75957,-14.4685,-31053.0,-1485.82,396.503,-25.8808,-4978.38
41.9,1.75348,-16.8663,-31380.4,-1065.08,384.49,-26.0151,-4977.3
42.0,1.74637,-19.7236,-31646.8,-599.766,371.526,-25.5625,-4975.98
42.1,1.73814,-22.5794,-31820.1,-106.322,357.85,-24.4035,-4974.31
42.2,1.72885,-25.1247,-31872.2,400.428,343.839,-22.7121,-4971.75
42.3,1.71863,-27.3705,-31791.9,910.312,330.042,-21.0901,-4968.21
42.4,1.70758,-29.3298,-31589.0,1413.38,317.055,-20.1842,-4964.25
42.5,1.69583,-31.0005,-31283.5,1894.71,305.319,-20.1483,-4960.38
42.6,1.6835,-32.3054,-30896.3,2332.43,295.012,-20.564,-4956.52
42.7,1.67077,-32.9924,-30453.4,2701.13,286.116,-20.8035,-4952.47
42.8,1.65792,-32.9932,-29988.3,2980.44,278.54,-20.2992,-4948.68
42.9,1.64515,-32.5656,-29534.4,3156.77,272.251,-18.8468,-4945.92
43.0,1.63258,-31.9653,-29112.9,3219.24,267.308,-16.5343,-4944.36
43.1,1.62023,-31.4434,-28733.5,3157.72,263.839,-13.414,-4943.62
43.2,1.60805,-31.0565,-28403.2,2964.83,261.971,-9.402,-4943.47
43.3,1.59604,-30.5344,-28129.8,2641.68,261.786,-4.5725,-4944.11
43.4,1.58431,-29.6445,-27913.8,2203.76,263.298,0.63075,-4945.62
43.5,1.57301,-28.3234,-27746.1,1677.99,266.456,5.4885,-4947.65
43.6,1.5623,-26.5888,-27616.7,1093.66,271.178,9.44175,-4949.93
43.7,1.55232,-24.6595,-27523.7,475.096,277.371,12.4175,-4952.71
43.8,1.54308,-22.7401,-27470.1,-160.715,284.856,14.6823,-4956.31
43.9,1.53458,-20.8751,-27457.4,-801.193,293.319,16.4245,-4960.58
44.0,1.52679,-19.1002,-27488.2,-1434.18,302.329,17.5578,-4965.09
44.1,1.51968,-17.3655,-27573.0,-2048.93,311.428,17.8975,-4969.73
44.2,1.51325,-15.6009,-27728.2,-2638.4,320.224,17.4912,-4974.67
44.3,1.5075,-13.9,-27966.5,-3198.09,328.422,16.7195,-4979.74
44.4,1.50237,-12.4015,-28291.1,-3721.81,335.83,16.0518,-4984.33
44.5,1.49776,-11.2569,-28700.5,-4196.4,342.35,15.744,-4988.07
44.6,1.49351,-10.5918,-29190.2,-4601.51,347.916,15.7437,-4991.12
44.7,1.48944,-10.3194,-29746.7,-4915.83,352.479,15.8523,-4993.71
44.8,1.48543,-10.2317,-30343.2,-5123.06,356.009,15.9485,-4995.6
44.9,1.48146,-10.1629,-30945.2,-5213.35,358.53,16.0263,-4996.37
45.0,1.47753,-10.0205,-31520.5,-5180.1,360.15,16.0473,-4996.01
45.1,1.47365,-9.92623,-32041.1,-5016.04,361.021,15.779,-4994.86
45.2,1.46975,-10.1189,-32480.0,-4713.92,361.257,14.8667,-4993.04
45.3,1.46569,-10.7418,-32813.5,-4271.48,360.871,13.1053,-4990.35
45.4,1.4613,-11.8229,-33029.8,-3694.79,359.823,10.684,-4986.76
45.5,1.45641,-13.2929,-33131.9,-2998.27,358.097,8.064,-4982.63
45.6,1.4509,-15.0423,-33130.1,-2202.43,355.782,5.5935,-4978.34
45.7,1.44465,-17.0503,-33035.1,-1332.28,353.11,3.30975,-4973.91
45.8,1.43757,-19.2978,-32858.2,-418.656,350.458,1.11,-4969.29
45.9,1.42959,-21.6869,-32613.0,500.516,348.273,-0.970875,-4964.7
46.0,1.42069,-23.9995,-32311.3,1384.03,346.96,-2.648,-4960.38
46.1,1.41094,-25.9842,-31956.6,2194.74,346.788,-3.63888,-4956.17
46.2,1.40053,-27.4373,-31546.6,2906.55,347.876,-3.908,-4951.75
46.3,1.38966,-28.3395,-31080.5,3506.2,350.234,-3.64937,-4947.14
46.4,1.37852,-28.8225,-30563.0,3989.16,353.812,-3.07037,-4942.7
46.5,1.36724,-29.0531,-30001.8,4354.52,358.527,-2.25625,-4938.72
46.6,1.3559,-29.1765,-29406.8,4602.76,364.281,-1.27612,-4935.23
46.7,1.34452,-29.2109,-28794.3,4736.15,370.981,-0.360125,-4932.36
46.8,1.33317,-29.0481,-28188.4,4758.52,378.559,0.0715,-4930.56
46.9,1.32195,-28.53,-27614.4,4672.67,386.972,-0.392375,-4930.3
47.0,1.31103,-27.4912,-27092.7,4477.31,396.201,-1.85687,-4931.56
47.1,1.30062,-25.8703,-26638.9,4167.74,406.24,-4.00387,-4934.0
47.2,1.29095,-23.7475,-26267.4,3740.15,417.079,-6.28625,-4937.37
47.3,1.28217,-21.3177,-25990.7,3196.33,428.627,-8.2465,-4941.6
47.4,1.27435,-18.818,-25814.5,2545.2,440.653,-9.68538,-4946.43
47.5,1.26749,-16.4131,-25738.0,1800.69,452.782,-10.5836,-4951.29
47.6,1.26154,-14.1589,-25758.4,979.502,464.546,-10.9546,-4955.81
47.7,1.25643,-12.0485,-25873.5,101.958,475.487,-10.8433,-4959.92
47.8,1.25212,-10.0877,-26077.3,-805.339,485.215,-10.4707,-4963.67
47.9,1.24854,-8.34025,-26356.9,-1708.39,493.449,-10.2697,-4966.94
48.0,1.24557,-6.92246,-26695.2,-2568.51,500.028,-10.672,-4969.61
48.1,1.24308,-5.90024,-27076.4,-3347.72,504.883,-11.8219,-4971.81
48.2,1.24091,-5.24568,-27485.4,-4013.27,507.996,-13.5034,-4973.71
48.3,1.23895,-4.87678,-27906.1,-4539.03,509.359,-15.3331,-4975.23
48.4,1.2371,-4.72212,-28322.9,-4905.65,508.966,-17.0499,-4976.09
48.5,1.23526,-4.75924,-28725.6,-5101.84,506.821,-18.6034,-4976.24
48.6,1.23337,-5.02573,-29109.4,-5126.56,502.942,-20.02,-4975.89
48.7,1.23132,-5.56147,-29470.6,-4989.86,497.327,-21.2466,-4975.09
48.8,1.229,-6.3777,-29803.4,-4710.06,489.964,-22.1595,-4973.69
48.9,1.22632,-7.4586,-30101.6,-4308.21,480.86,-22.6688,-4971.53
49.0,1.22316,-8.77158,-30359.7,-3803.84,470.087,-22.7856,-4968.76
49.1,1.21946,-10.2837,-30570.7,-3214.35,457.831,-22.5631,-4965.54
49.2,1.21514,-11.9632,-30723.5,-2556.89,444.416,-21.9757,-4961.81
49.3,1.21013,-13.7672,-30806.5,-1849.7,430.302,-20.8971,-4957.4
49.4,1.20441,-15.6388,-30812.7,-1111.38,416.042,-19.2296,-4952.43
49.5,1.19796,-17.5122,-30741.3,-359.517,402.183,-17.0776,-4947.26
49.6,1.19079,-19.2847,-30595.8,389.199,389.175,-14.7644,-4942.25
49.7,1.18298,-20.8284,-30384.3,1117.16,377.312,-12.635,-4937.64
49.8,1.17462,-22.0278,-30121.8,1804.38,366.745,-10.8327,-4933.76
49.9,1.16588,-22.8288,-29829.9,2429.14,357.531,-9.26292,-4931.08
50.0,1.15689,-23.2882,-29531.3,2970.25,349.685,-7.74128,-4929.96
50.1,1.14777,-23.5567,-29245.2,3408.48,343.23,-6.14131,-4930.44
50.2,1.13855,-23.7847,-28986.1,3726.15,338.225,-4.3835,-4932.4
50.3,1.12923,-24.0272,-28764.7,3906.12,334.766,-2.35125,-4935.69
50.4,1.11983,-24.1951,-28586.6,3932.75,332.956,0.112656,-4940.16
50.5,1.11042,-24.1004,-28450.3,3795.4,332.874,3.06472,-4945.38
50.6,1.10112,-23.5572,-28350.4,3492.57,334.543,6.35169,-4950.85
50.7,1.09215,-22.4651,-28282.5,3033.89,337.919,9.6655,-4956.33
50.8,1.0837,-20.8495,-28245.9,2439.03,342.863,12.7238,-4961.83
50.9,1.07596,-18.8363,-28241.8,1735.19,349.133,15.3989,-4967.33
51.0,1.06905,-16.6057,-28272.9,955.003,356.385,17.7014,-4972.72
51.1,1.06302,-14.3516,-28344.2,134.845,364.206,19.6506,-4978.0
51.2,1.05784,-12.2301,-28462.2,-687.78,372.183,21.1856,-4983.34
51.3,1.05344,-10.3382,-28630.2,-1478.12,379.945,22.2031,-4988.86
51.4,1.04974,-8.69849,-28845.6,-2207.7,387.225,22.6656,-4994.43
51.5,1.04662,-7.27412,-29100.4,-2855.27,393.877,22.6583,-4999.73
51.6,1.04403,-6.02433,-29384.8,-3404.98,399.866,22.3264,-5004.51
51.7,1.04189,-4.93947,-29687.7,-3843.81,405.22,21.7735,-5008.59
51.8,1.04014,-4.04307,-29995.7,-4160.74,409.96,21.0311,-5011.64
51.9,1.0387,-3.37358,-30294.8,-4347.64,414.049,20.141,-5013.28
52.0,1.03747,-2.96629,-30573.2,-4400.36,417.393,19.2164,-5013.28
52.1,1.03634,-2.85601,-30821.6,-4318.54,419.854,18.3749,-5011.68
52.2,1.03519,-3.09212,-31031.3,-4104.42,421.301,17.588,-5008.6
52.3,1.03387,-3.73141,-31192.8,-3762.32,421.652,16.6444,-5004.15
52.4,1.03221,-4.80816,-31297.2,-3299.32,420.925,15.2824,-4998.52
52.5,1.03005,-6.29316,-31339.1,-2726.23,419.25,13.3673,-4992.09
52.6,1.02725,-8.08385,-31315.4,-2057.56,416.869,10.9514,-4985.18
52.7,1.02372,-10.0444,-31225.2,-1310.54,414.095,8.18812,-4978.0
52.8,1.01942,-12.0414,-31070.0,-504.628,411.281,5.2345,-4970.66
52.9,1.01434,-13.9769,-30856.0,337.469,408.774,2.24213,-4963.39
53.0,1.00854,-15.7905,-30592.3,1188.09,406.869,-0.609125,-4956.51
53.1,1.00207,-17.4239,-30288.1,2014.26,405.772,-3.12112,-4950.21
53.2,0.995001,-18.834,-29951.4,2780.04,405.587,-5.16225,-4944.55
53.3,0.98743,-19.9923,-29589.3,3450.36,406.336,-6.74625,-4939.6
53.4,0.979461,-20.8755,-29208.9,3994.59,407.989,-8.01112,-4935.51
53.5,0.971204,-21.4631,-28815.6,4388.77,410.518,-9.10563,-4932.33
53.6,0.96278,-21.7362,-28412.7,4616.97,413.925,-10.0708,-4929.92
53.7,0.954314,-21.6885,-28003.8,4672.38,418.266,-10.8405,-4928.07
53.8,0.945928,-21.3298,-27595.7,4557.77,423.656,-11.3406,-4926.77
53.9,0.937739,-20.6833,-27197.2,4284.46,430.206,-11.5705,-4926.09
54.0,0.929856,-19.7647,-26819.0,3869.31,437.975,-11.6149,-4926.11
54.1,0.922388,-18.5557,-26473.6,3331.43,446.911,-11.5711,-4926.86
54.2,0.915453,-17.0195,-26175.7,2690.45,456.827,-11.4849,-4928.49
54.3,0.909183,-15.1478,-25941.7,1966.6,467.42,-11.3834,-4931.2
54.4,0.903697,-12.995,-25785.5,1181.54,478.299,-11.322,-4935.01
54.5,0.899081,-10.7021,-25716.0,358.755,489.051,-11.348,-4939.78
54.6,0.895351,-8.45889,-25737.1,-477.294,499.291,-11.4185,-4945.21
54.7,0.892455,-6.44034,-25847.8,-1302.01,508.705,-11.3813,-4951.03
54.8,0.89028,-4.77235,-26041.1,-2090.95,517.064,-11.0645,-4956.88
54.9,0.888679,-3.49882,-26304.5,-2819.89,524.209,-10.418,-4962.32
55.0,0.887507,-2.57148,-26623.0,-3465.53,530.032,-9.5625,-4966.94
55.1,0.886649,-1.88794,-26982.1,-4006.64,534.453,-8.71425,-4970.53
55.2,0.88603,-1.33425,-27369.9,-4425.32,537.393,-8.07575,-4973.06
55.3,0.885617,-0.83933,-27776.4,-4707.15,538.758,-7.784,-4974.53
55.4,0.885382,-0.425779,-28193.6,-4840.71,538.435,-7.90525,-4974.96
55.5,0.885272,-0.20489,-28616.0,-4817.55,536.307,-8.44325,-4974.56
55.6,0.885185,-0.32452,-29038.5,-4633.56,532.279,-9.321,-4973.61
55.7,0.884963,-0.907077,-29454.2,-4290.82,526.313,-10.364,-4972.38
55.8,0.884415,-1.99656,-29852.9,-3798.94,518.462,-11.3427,-4970.94
55.9,0.883353,-3.53288,-30222.3,-3174.98,508.904,-12.0675,-4969.35
56.0,0.881629,-5.37941,-30549.6,-2442.21,497.944,-12.466,-4967.7
56.1,0.879155,-7.36078,-30821.9,-1628.74,485.985,-12.5907,-4966.01
56.2,0.875915,-9.29882,-31026.7,-766.124,473.466,-12.5382,-4964.19
56.3,0.87195,-11.0584,-31153.5,112.48,460.806,-12.3603,-4962.12
56.4,0.867345,-12.5823,-31196.2,974.571,448.349,-12.0393,-4959.79
56.5,0.862192,-13.8655,-31152.3,1790.35,436.332,-11.5358,-4957.29
56.6,0.856575,-14.9627,-31022.3,2533.78,424.897,-10.8313,-4954.73
56.7,0.850554,-15.9428,-30809.4,3182.44,414.129,-9.923,-4952.23
56.8,0.844166,-16.8444,-30520.5,3717.02,404.124,-8.80125,-4949.98
56.9,0.837441,-17.6578,-30166.7,4121.54,395.027,-7.45425,-4948.23
57.0,0.830427,-18.3217,-29761.7,4384.1,387.05,-5.91675,-4947.19
57.1,0.823199,-18.7375,-29321.4,4497.82,380.449,-4.27375,-4946.97
57.2,0.815876,-18.8036,-28863.1,4461.0,375.473,-2.604,-4947.58
57.3,0.80861,-18.4398,-28406.1,4276.62,372.306,-0.912,-4949.06
57.4,0.801577,-17.609,-27968.8,3951.71,371.005,0.892,-4951.41
57.5,0.794952,-16.351,-27567.9,3496.94,371.483,2.9235,-4954.5
57.6,0.788882,-14.7713,-27217.2,2926.2,373.516,5.23675,-4958.16
57.7,0.783463,-13.0152,-26928.3,2255.88,376.791,7.78925,-4962.24
57.8,0.778734,-11.2321,-26710.6,1504.33,380.965,10.4663,-4966.61
57.9,0.774685,-9.52373,-26570.5,691.728,385.721,13.1175,-4971.07
58.0,0.771279,-7.93324,-26511.7,-159.001,390.803,15.5758,-4975.36
58.1,0.768469,-6.4619,-26535.9,-1021.31,396.041,17.669,-4979.26
58.2,0.766216,-5.08188,-26643.4,-1865.14,401.331,19.2547,-4982.67
58.3,0.764486,-3.77708,-26832.7,-2658.5,406.599,20.272,-4985.5
58.4,0.763251,-2.55434,-27099.6,-3370.02,411.766,20.7703,-4987.71
58.5,0.762472,-1.45166,-27438.4,-3971.48,416.713,20.878,-4989.27
58.6,0.762085,-0.547077,-27842.1,-4439.9,421.275,20.719,-4990.28
58.7,0.761996,0.0660352,-28301.8,-4759.11,425.252,20.349,-4990.88
58.8,0.762073,0.320459,-28805.8,-4920.58,428.439,19.7677,-4991.12
58.9,0.762161,0.132878,-29339.3,-4923.36,430.675,18.964,-4991.01
59.0,0.762098,-0.474147,-29884.7,-4772.74,431.887,17.9508,-4990.5
59.1,0.761728,-1.44391,-30421.7,-4478.21,432.115,16.7617,-4989.57
59.2,0.76092,-2.72483,-30927.5,-4051.67,431.514,15.4277,-4988.13
59.3,0.759568,-4.23275,-31377.9,-3506.68,430.326,13.9792,-4986.07
59.4,0.757602,-5.87478,-31749.6,-2858.73,428.839,12.4515,-4983.31
59.5,0.754987,-7.56668,-32023.2,-2125.87,427.334,10.8795,-4979.86
59.6,0.751718,-9.22052,-32184.4,-1329.06,426.044,9.268,-4975.8
59.7,0.747822,-10.7739,-32224.8,-491.905,425.127,7.57075,-4971.25
59.8,0.743345,-12.1902,-32142.3,359.92,424.671,5.71275,-4966.39
59.9,0.738349,-13.4366,-31940.8,1199.46,424.723,3.653,-4961.47
60.0,0.732902,-14.5028,-31629.4,1999.66,425.328,1.44025,-4956.78
60.1,0.727075,-15.3849,-31219.7,2734.75,426.566,-0.7845,-4952.57
60.2,0.720944,-16.0664,-30725.4,3381.59,428.562,-2.837,-4949.0
60.3,0.714591,-16.5221,-30161.4,3920.51,431.48,-4.5515,-4946.19
60.4,0.708114,-16.7018,-29543.7,4335.42,435.489,-5.82275,-4944.18
60.5,0.701634,-16.534,-28888.5,4613.67,440.715,-6.62275,-4942.94
60.6,0.695299,-15.9559,-28212.6,4746.29,447.189,-7.014,-4942.3
60.7,0.689273,-14.9404,-27533.8,4728.45,454.828,-7.1455,-4942.07
60.8,0.683724,-13.5133,-26870.8,4560.34,463.431,-7.211,-4942.14
60.9,0.678791,-11.7788,-26243.4,4247.53,472.701,-7.39288,-4942.43
61.0,0.674568,-9.87673,-25671.5,3800.88,482.298,-7.79712,-4942.89
61.1,0.671093,-7.95328,-25174.4,3236.05,491.892,-8.42437,-4943.52
61.2,0.66835,-6.13739,-24770.9,2572.85,501.204,-9.19487,-4944.4
61.3,0.66628,-4.50099,-24477.7,1834.11,510.028,-10.0064,-4945.6
61.4,0.664812,-3.05873,-24307.6,1044.51,518.22,-10.7795,-4947.17
61.5,0.663873,-1.78456,-24268.6,229.327,525.671,-11.471,-4949.07
61.6,0.663407,-0.63031,-24362.8,-586.311,532.268,-12.0696,-4951.24
61.7,0.663371,0.426136,-24586.9,-1377.75,537.861,-12.5891,-4953.58
61.8,0.663719,1.38369,-24931.4,-2120.87,542.249,-13.0577,-4955.98
61.9,0.66438,2.09846,-25381.6,-2792.55,545.203,-13.5033,-4958.28
62.0,0.665244,2.45775,-25919.3,-3371.42,546.5,-13.9241,-4960.35
62.1,0.666157,2.35262,-26524.3,-3839.12,545.979,-14.2788,-4962.08
62.2,0.666935,1.73304,-27174.8,-4181.31,543.585,-14.5201,-4963.44
62.3,0.667389,0.625943,-27848.2,-4388.31,539.385,-14.6267,-4964.37
62.4,0.667356,-0.839299,-28521.5,-4455.42,533.569,-14.6325,-4964.83
62.5,0.666726,-2.46043,-29171.5,-4382.69,526.408,-14.6065,-4964.84
62.6,0.66545,-4.12963,-29775.8,-4174.34,518.207,-14.6105,-4964.46
62.7,0.663541,-5.7078,-30312.5,-3837.9,509.251,-14.6676,-4963.75
62.8,0.661047,-7.12683,-30762.1,-3383.35,499.78,-14.748,-4962.75
62.9,0.658029,-8.40147,-31108.9,-2822.86,489.978,-14.7764,-4961.56
63.0,0.654531,-9.58271,-31342.5,-2171.22,479.998,-14.6405,-4960.29
63.1,0.65058,-10.7264,-31457.8,-1446.65,469.992,-14.2114,-4959.06
63.2,0.646187,-11.8493,-31454.9,-671.319,460.147,-13.3826,-4957.96
63.3,0.641369,-12.8953,-31338.6,128.841,450.695,-12.113,-4957.05
63.4,0.636177,-13.7516,-31116.9,925.308,441.911,-10.4466,-4956.42
63.5,0.630711,-14.2924,-30800.2,1688.73,434.072,-8.49487,-4956.1
63.6,0.625116,-14.3999,-30400.0,2390.92,427.416,-6.39337,-4956.06
63.7,0.619572,-14.0186,-29928.9,3007.0,422.099,-4.2475,-4956.25
63.8,0.614266,-13.1836,-29401.6,3517.05,418.162,-2.11788,-4956.6
63.9,0.609355,-11.9966,-28835.4,3906.82,415.54,-0.0335,-4957.06
64.0,0.604945,-10.6119,-28250.6,4167.45,414.08,1.99525,-4957.59
64.1,0.601084,-9.18596,-27670.6,4294.39,413.587,3.96537,-4958.17
64.2,0.597765,-7.82753,-27120.7,4286.11,413.868,5.87388,-4958.88
64.3,0.594953,-6.57914,-26627.2,4143.39,414.759,7.70138,-4959.81
64.4,0.592608,-5.42466,-26214.2,3869.31,416.132,9.40588,-4961.09
64.5,0.590703,-4.31162,-25902.2,3469.71,417.886,10.94,-4962.8
64.6,0.589232,-3.20329,-25705.8,2953.93,419.912,12.2855,-4964.97
64.7,0.588191,-2.10418,-25632.9,2335.43,422.073,13.4749,-4967.55
64.8,0.587568,-1.07059,-25684.7,1632.1,424.187,14.577,-4970.41
64.9,0.587316,-0.212775,-25855.6,866.163,426.042,15.6566,-4973.34
65.0,0.587341,0.351238,-26135.1,63.1435,427.415,16.7286,-4976.13
65.1,0.587506,0.515315,-26509.1,-749.648,428.123,17.7432,-4978.56
65.2,0.587645,0.220058,-26961.5,-1544.73,428.051,18.6004,-4980.51
65.3,0.587596,-0.475346,-27475.1,-2295.78,427.189,19.1707,-4981.94
65.4,0.587224,-1.43686,-28032.1,-2978.51,425.618,19.3252,-4982.84
65.5,0.586446,-2.55718,-28614.8,-3571.04,423.493,18.9776,-4983.31
65.6,0.585225,-3.70719,-29204.5,-4054.44,421.01,18.1225,-4983.43
65.7,0.583568,-4.79607,-29782.0,-4413.2,418.361,16.8583,-4983.31
65.8,0.581504,-5.80594,-30326.6,-4635.51,415.717,15.3654,-4982.99
65.9,0.579059,-6.76244,-30816.7,-4713.71,413.216,13.8421,-4982.5
66.0,0.576243,-7.71023,-31231.6,-4644.61,410.983,12.441,-4981.81
66.1,0.573052,-8.68695,-31552.2,-4429.66,409.15,11.2339,-4980.92
66.2,0.569478,-9.67035,-31763.3,-4075.1,407.881,10.2061,-4979.81
66.3,0.56553,-10.5927,-31854.5,-3591.59,407.376,9.27662,-4978.46
66.4,0.561256,-11.3349,-31821.8,-2993.49,407.858,8.33169,-4976.87
66.5,0.55675,-11.7748,-31667.1,-2298.36,409.539,7.25681,-4975.08
66.6,0.552149,-11.8242,-31397.6,-1526.43,412.58,5.98206,-4973.11
66.7,0.547607,-11.4705,-31024.1,-700.391,417.051,4.50156,-4971.01
66.8,0.543272,-10.7617,-30560.0,154.731,422.92,2.87294,-4968.79
66.9,0.539263,-9.80468,-30020.7,1012.1,430.053,1.18469,-4966.51
67.0,0.53565,-8.73229,-29422.9,1843.87,438.248,-0.487437,-4964.22
67.1,0.532456,-7.64675,-28784.8,2622.21,447.275,-2.10206,-4961.97
67.2,0.529676,-6.6077,-28126.8,3320.75,456.909,-3.64331,-4959.8
67.3,0.527288,-5.62319,-27471.2,3915.96,466.955,-5.10406,-4957.77
67.4,0.525279,-4.65599,-26842.1,4388.38,477.242,-6.47434,-4955.96
67.5,0.523651,-3.67272,-26263.3,4723.56,487.597,-7.732,-4954.4
67.6,0.52241,-2.67021,-25757.3,4912.21,497.819,-8.84475,-4953.12
67.7,0.521558,-1.6857,-25342.3,4949.75,507.653,-9.77594,-4952.14
67.8,0.52107,-0.810195,-25031.9,4835.73,516.793,-10.5,-4951.44
67.9,0.520884,-0.146693,-24833.1,4573.31,524.907,-11.0188,-4950.97
68.0,0.520898,0.220163,-24747.4,4169.15,531.682,-11.3804,-4950.65
68.1,0.520985,0.235121,-24771.2,3633.7,536.88,-11.6693,-4950.38
68.2,0.521012,-0.102013,-24897.6,2981.6,540.372,-11.9771,-4950.09
68.3,0.52086,-0.689983,-25117.2,2231.95,542.157,-12.3671,-4949.71
68.4,0.520448,-1.44235,-25419.2,1408.22,542.334,-12.848,-4949.22
68.5,0.519731,-2.25861,-25791.9,537.743,541.07,-13.3727,-4948.63
68.6,0.518699,-3.0713,-26221.8,-349.612,538.544,-13.8604,-4948.03
68.7,0.517357,-3.85574,-26694.1,-1223.2,534.913,-14.2247,-4947.52
68.8,0.515715,-4.62034,-27192.1,-2053.5,530.298,-14.3916,-4947.2
68.9,0.513772,-5.39719,-27697.3,-2813.62,524.803,-14.3161,-4947.15
69.0,0.511524,-6.18906,-28190.1,-3480.16,518.55,-14.0001,-4947.4
69.1,0.50897,-6.96824,-28651.2,-4033.42,511.72,-13.4907,-4947.96
69.2,0.506127,-7.67069,-29061.9,-4457.31,504.569,-12.8576,-4948.76
69.3,0.503041,-8.21318,-29405.8,-4739.19,497.423,-12.1586,-4949.74
69.4,0.49979,-8.51447,-29669.9,-4869.81,490.638,-11.4235,-4950.81
69.5,0.496479,-8.52506,-29844.9,-4843.56,484.536,-10.6629,-4951.91
69.6,0.493221,-8.24245,-29926.4,-4659.0,479.351,-9.88645,-4953.01
69.7,0.490121,-7.7135,-29914.5,-4319.66,475.191,-9.1198,-4954.11
69.8,0.487261,-7.01132,-29814.0,-3834.71,472.039,-8.39384,-4955.25
69.9,0.48469,-6.22171,-29633.9,-3219.18,469.781,-7.74109,-4956.45
70.0,0.482429,-5.41072,-29386.2,-2493.5,468.263,-7.18155,-4957.77
70.1,0.480479,-4.61986,-29085.7,-1682.51,467.338,-6.71569,-4959.25
70.2,0.478829,-3.86438,-28748.1,-814.156,466.901,-6.30659,-4960.88
70.3,0.477477,-3.42897,-28389.4,84.1123,466.716,-5.80541,-4962.64
70.4,0.476415,-2.55444,-28027.1,973.823,467.467,-5.45247,-4964.55
70.5,0.475641,-1.65459,-27676.7,1822.76,469.08,-4.98475,-4966.58
70.6,0.475142,-0.96766,-27351.5,2597.32,471.103,-4.11878,-4968.6
70.7,0.47483,-0.588267,-27063.0,3266.99,472.967,-2.85672,-4970.5
70.8,0.474609,-0.473975,-26822.4,3807.17,474.144,-1.35184,-4972.17
70.9,0.474351,-0.780085,-26640.2,4201.8,474.251,0.344125,-4973.63
71.0,0.473915,-1.37284,-26526.0,4442.52,473.101,2.26062,-4974.89
71.1,0.473235,-2.05862,-26487.0,4530.65,470.686,4.31991,-4975.96
71.2,0.472263,-2.88205,-26527.6,4476.44,467.109,6.25044,-4976.8
71.3,0.470971,-3.70116,-26648.3,4292.33,462.511,7.73719,-4977.44
71.4,0.469378,-4.4476,-26844.9,3988.74,456.999,8.69519,-4977.85
71.5,0.467491,-5.20414,-27107.6,3572.36,450.621,9.31338,-4977.97
71.6,0.465324,-5.87794,-27421.9,3046.97,443.388,9.82931,-4977.73
71.7,0.462907,-6.50549,-27771.1,2418.51,435.335,10.3542,-4977.14
71.8,0.460235,-7.18403,-28138.2,1697.11,426.597,10.9074,-4976.29
71.9,0.457313,-7.78269,-28507.4,897.376,417.454,11.5807,-4975.31
72.0,0.454185,-8.24871,-28865.6,41.0467,408.326,12.5754,-4974.27
72.1,0.450909,-8.53084,-29202.3,-841.939,399.72,14.0015,-4973.27
72.2,0.447591,-8.47732,-29509.7,-1714.27,392.132,15.6918,-4972.42
72.3,0.444351,-8.13599,-29779.9,-2534.26,385.958,17.2845,-4971.77
72.4,0.441291,-7.55389,-30003.7,-3263.06,381.436,18.4575,-4971.27
72.5,0.438508,-6.72395,-30170.0,-3869.71,378.648,19.0812,-4970.86
72.6,0.436071,-5.78671,-30268.1,-4332.27,377.571,19.1571,-4970.47
72.7,0.434003,-4.83018,-30288.8,-4638.23,378.149,18.6689,-4970.08
72.8,0.432304,-3.90403,-30226.9,-4783.72,380.361,17.5977,-4969.68
72.9,0.430939,-3.12086,-30083.0,-4772.46,384.252,16.0621,-4969.23
73.0,0.429857,-2.44486,-29865.0,-4614.7,389.907,14.3637,-4968.74
73.1,0.42903,-1.81694,-29587.0,-4323.06,397.379,12.8351,-4968.29
73.2,0.428431,-1.27154,-29266.4,-3908.72,406.605,11.6216,-4967.92
73.3,0.428032,-0.792619,-28920.9,-3381.02,417.344,10.6156,-4967.65
73.4,0.427797,-0.427718,-28566.6,-2748.92,429.178,9.61462,-4967.51
73.5,0.427664,-0.267922,-28216.9,-2023.77,441.569,8.48769,-4967.52
73.6,0.427552,-0.312266,-27882.1,-1221.46,453.957,7.17537,-4967.68
73.7,0.427376,-0.598001,-27570.4,-362.323,465.86,5.60038,-4967.91
73.8,0.427035,-1.15653,-27289.4,528.202,476.943,3.6535,-4968.11
73.9,0.426437,-1.91162,-27046.9,1418.59,487.033,1.31025,-4968.19
74.0,0.42552,-2.79301,-26851.2,2272.45,496.072,-1.25762,-4968.08
74.1,0.424254,-3.69462,-26709.5,3051.6,504.033,-3.75688,-4967.71
74.2,0.422656,-4.48977,-26626.9,3721.05,510.842,-5.96562,-4967.04
74.3,0.420774,-5.15598,-26605.7,4253.69,516.342,-7.83712,-4966.1
74.4,0.418656,-5.69532,-26644.6,4631.71,520.31,-9.4395,-4964.99
74.5,0.416354,-6.10258,-26739.1,4846.49,522.535,-10.8228,-4963.78
74.6,0.413911,-6.41609,-26881.8,4898.14,522.904,-11.9819,-4962.52
74.7,0.411364,-6.6364,-27063.7,4794.01,521.483,-12.9465,-4961.23
74.8,0.408755,-6.743,-27274.9,4546.62,518.532,-13.8217,-4959.92
74.9,0.406126,-6.73865,-27504.2,4170.35,514.472,-14.7118,-4958.6
75.0,0.403532,-6.56325,-27739.4,3678.01,509.789,-15.6054,-4957.23
75.1,0.401053,-6.15537,-27966.8,3080.32,504.937,-16.3595,-4955.79
75.2,0.398779,-5.51363,-28173.1,2387.99,500.252,-16.8171,-4954.34
75.3,0.396798,-4.65873,-28345.6,1614.48,495.927,-16.9329,-4952.96
75.4,0.395175,-3.68321,-28473.9,778.352,492.035,-16.7568,-4951.73
75.5,0.393933,-2.70959,-28551.1,-95.9958,488.604,-16.3375,-4950.69
75.6,0.393057,-1.81144,-28574.9,-978.614,485.691,-15.6823,-4949.91
75.7,0.392507,-1.05132,-28546.9,-1834.54,483.429,-14.8158,-4949.42
75.8,0.392219,-0.468345,-28471.5,-2626.1,482.019,-13.8569,-4949.21
75.9,0.392128,-0.0480093,-28354.0,-3317.13,481.676,-12.9839,-4949.25
76.0,0.392173,0.237768,-28199.7,-3877.64,482.554,-12.3139,-4949.49
76.1,0.392305,0.413016,-28013.6,-4287.48,484.668,-11.8311,-4949.92
76.2,0.392487,0.510696,-27801.3,-4537.09,487.861,-11.4345,-4950.5
76.3,0.392687,0.501473,-27569.3,-4625.95,491.82,-11.0319,-4951.23
76.4,0.392853,0.334958,-27326.7,-4560.48,496.137,-10.5702,-4952.08
76.5,0.39292,-0.0347189,-27086.1,-4351.81,500.397,-9.98325,-4953.04
76.6,0.392803,-0.615068,-26862.6,-4013.39,504.257,-9.16325,-4954.15
76.7,0.392422,-1.38709,-26672.4,-3558.77,507.477,-8.02662,-4955.4
76.8,0.391716,-2.27974,-26530.0,-3000.09,509.915,-6.61375,-4956.77
76.9,0.390652,-3.2132,-26446.8,-2348.57,511.477,-5.10225,-4958.27
77.0,0.389234,-4.08605,-26429.3,-1617.03,512.066,-3.71338,-4959.87
77.1,0.387503,-4.81148,-26478.9,-822.417,511.54,-2.597,-4961.51
77.2,0.385525,-5.34343,-26592.2,12.7081,509.708,-1.80025,-4963.1
77.3,0.383377,-5.67534,-26763.3,860.337,506.371,-1.3095,-4964.54
77.4,0.381129,-5.8519,-26985.0,1688.33,501.383,-1.07113,-4965.74
77.5,0.37883,-5.93636,-27250.0,2462.16,494.712,-0.96,-4966.69
77.6,0.376509,-5.96098,-27551.1,3147.34,486.48,-0.760875,-4967.39
77.7,0.374189,-5.92707,-27881.0,3713.06,476.955,-0.229,-4967.89
77.8,0.371897,-5.80607,-28231.5,4135.71,466.505,0.784625,-4968.31
77.9,0.369676,-5.55453,-28592.9,4401.26,455.528,2.26012,-4968.76
78.0,0.367583,-5.1455,-28953.1,4505.53,444.389,4.038,-4969.33
78.1,0.365681,-4.57315,-29297.8,4452.61,433.383,5.9165,-4970.02
78.2,0.364028,-3.8638,-29611.8,4252.74,422.741,7.71663,-4970.8
78.3,0.362664,-3.09766,-29879.8,3920.24,412.654,9.28788,-4971.6
78.4,0.36159,-2.37594,-30088.3,3471.37,403.326,10.5071,-4972.35
78.5,0.360772,-1.79387,-30226.3,2922.27,395.004,11.3258,-4972.96
78.6,0.360141,-1.41683,-30287.3,2287.77,387.985,11.818,-4973.42
78.7,0.359619,-1.24,-30269.4,1581.68,382.58,12.1624,-4973.78
78.8,0.359136,-1.21451,-30175.4,818.726,379.062,12.5503,-4974.12
78.9,0.358647,-1.28013,-30011.7,16.9141,377.593,13.0898,-4974.5
79.0,0.358125,-1.38219,-29787.7,-801.084,378.191,13.7856,-4974.99
79.1,0.35756,-1.50049,-29514.3,-1607.79,380.72,14.583,-4975.59
79.2,0.356945,-1.65023,-29203.2,-2372.04,384.929,15.4065,-4976.29
79.3,0.35626,-1.86622,-28865.9,-3060.95,390.508,16.1581,-4977.02
79.4,0.35547,-2.1972,-28513.9,-3642.78,397.156,16.7013,-4977.69
79.5,0.354524,-2.66863,-28158.8,-4090.61,404.622,16.8936,-4978.25
79.6,0.353372,-3.25579,-27812.7,-4385.78,412.713,16.654,-4978.65
79.7,0.351983,-3.88266,-27488.8,-4519.92,421.271,15.9974,-4978.87
79.8,0.350362,-4.44183,-27200.6,-4494.68,430.12,15.0051,-4978.88
79.9,0.348556,-4.8336,-26961.2,-4319.67,439.029,13.7641,-4978.7
80.0,0.346639,-5.00653,-26782.6,-4009.57,447.695,12.3399,-4978.33
80.1,0.344697,-4.96301,-26673.6,-3581.39,455.762,10.7986,-4977.77
80.2,0.342805,-4.75043,-26639.5,-3052.3,462.879,9.22062,-4977.01
80.3,0.341014,-4.44795,-26681.1,-2438.19,468.764,7.67425,-4976.04
80.4,0.339344,-4.12919,-26795.2,-1753.46,473.267,6.16937,-4974.88
80.5,0.337793,-3.83806,-26975.2,-1012.34,476.389,4.64825,-4973.51
80.6,0.336349,-3.57503,-27211.8,-231.167,478.265,3.03238,-4971.95
80.7,0.33501,-3.29371,-27493.7,569.451,479.116,1.27725,-4970.18
80.8,0.333794,-2.93441,-27808.2,1363.98,479.18,-0.61,-4968.23
80.9,0.33274,-2.463,-28141.7,2122.98,478.656,-2.5915,-4966.13
81.0,0.331887,-1.89395,-28479.3,2815.34,477.683,-4.615,-4963.94
81.1,0.331262,-1.30101,-28805.5,3411.09,476.352,-6.6,-4961.72
81.2,0.330854,-0.78111,-29105.0,3884.4,474.751,-8.428,-4959.57
81.3,0.330617,-0.425577,-29363.1,4216.32,473.015,-9.97575,-4957.58
81.4,0.330477,-0.293309,-29567.0,4396.72,471.353,-11.1815,-4955.81
81.5,0.330343,-0.390759,-29706.1,4424.6,470.049,-12.079,-4954.29
81.6,0.330136,-0.669049,-29772.3,4306.7,469.418,-12.7747,-4953.01
81.7,0.329802,-1.04148,-29760.8,4055.04,469.742,-13.3865,-4951.94
81.8,0.329321,-1.41726,-29668.9,3684.43,471.206,-13.999,-4951.04
81.9,0.328706,-1.73737,-29496.9,3210.66,473.857,-14.6547,-4950.28
82.0,0.327978,-1.99691,-29247.7,2649.38,477.601,-15.348,-4949.65
82.1,0.327155,-2.23708,-28927.7,2015.73,482.243,-16.0165,-4949.18
82.2,0.326233,-2.51339,-28547.1,1324.71,487.545,-16.53,-4948.92
82.3,0.325191,-2.86237,-28119.6,592.328,493.284,-16.73,-4948.95
82.4,0.324,-3.27813,-27662.7,-162.844,499.281,-16.5007,-4949.29
82.5,0.322645,-3.7071,-27195.8,-918.56,505.404,-15.8293,-4949.95
82.6,0.321136,-4.06431,-26739.0,-1648.93,511.53,-14.8147,-4950.91
82.7,0.31952,-4.2576,-26311.0,-2325.76,517.504,-13.6202,-4952.1
82.8,0.317873,-4.22083,-25928.3,-2920.68,523.102,-12.4228,-4953.43
82.9,0.316288,-3.94335,-25604.1,-3407.67,528.031,-11.3737,-4954.79
83.0,0.31485,-3.47501,-25349.0,-3765.65,531.956,-10.5802,-4956.11
83.1,0.313614,-2.91127,-25171.8,-3980.78,534.556,-10.075,-4957.33
83.2,0.312597,-2.35229,-25079.6,-4047.93,535.589,-9.79625,-4958.41
83.3,0.311784,-1.86829,-25078.8,-3970.81,534.931,-9.59625,-4959.34
83.4,0.31114,-1.48068,-25173.9,-3760.39,532.589,-9.29725,-4960.15
83.5,0.310633,-1.16491,-25366.9,-3432.33,528.672,-8.76225,-4960.85
83.6,0.310242,-0.872354,-25655.5,-3004.24,523.347,-7.9315,-4961.49
83.7,0.309968,-0.562832,-26032.2,-2493.46,516.786,-6.82125,-4962.09
83.8,0.309818,-0.228539,-26483.9,-1915.88,509.142,-5.49625,-4962.68
83.9,0.309795,0.0950283,-26993.1,-1285.7,500.543,-4.05875,-4963.26
84.0,0.309881,0.342541,-27539.4,-616.348,491.123,-2.63425,-4963.83
84.1,0.310024,0.404637,-28101.2,77.7417,481.055,-1.3475,-4964.37
84.2,0.310143,0.220204,-28657.4,779.184,470.585,-0.284,-4964.87
84.3,0.310142,-0.220006,-29189.0,1466.33,460.037,0.543,-4965.31
84.4,0.309935,-0.8389,-29679.0,2113.55,449.782,1.18925,-4965.7
84.5,0.309464,-1.56248,-30112.6,2693.09,440.189,1.7465,-4966.06
84.6,0.30871,-2.28484,-30476.4,3177.98,431.573,2.311,-4966.45
84.7,0.307687,-2.92955,-30758.5,3545.14,424.149,2.971,-4966.9
84.8,0.306434,-3.46822,-30948.7,3778.13,418.027,3.813,-4967.45
84.9,0.304989,-3.91675,-31039.1,3869.02,413.223,4.8935,-4968.11
85.0,0.303378,-4.31748,-31025.8,3818.81,409.701,6.215,-4968.86
85.1,0.301613,-4.71431,-30909.0,3636.49,407.41,7.706,-4969.67
85.2,0.299691,-5.12039,-30693.9,3336.5,406.312,9.2435,-4970.5
85.3,0.297615,-5.49919,-30390.3,2935.84,406.379,10.6973,-4971.32
85.4,0.295411,-5.7756,-30011.6,2451.55,407.576,11.9635,-4972.11
85.5,0.293135,-5.86284,-29574.0,1899.41,409.82,12.9785,-4972.89
85.6,0.290875,-5.69711,-29095.4,1293.82,412.953,13.7195,-4973.69
85.7,0.288732,-5.26963,-28594.7,648.639,416.735,14.2122,-4974.52
85.8,0.286798,-4.62637,-28091.1,-21.5805,420.864,14.5312,-4975.37
85.9,0.28514,-3.85956,-27603.9,-700.156,425.016,14.7832,-4976.21
86.0,0.283787,-3.07358,-27151.6,-1367.26,428.899,15.0553,-4976.97
86.1,0.282728,-2.35284,-26752.0,-1999.88,432.294,15.371,-4977.58
86.2,0.28193,-1.74005,-26420.6,-2573.0,435.076,15.677,-4977.96
86.3,0.281351,-1.23039,-26170.6,-3061.91,437.205,15.8708,-4978.08
86.4,0.280958,-0.782972,-26011.9,-3444.76,438.7,15.8407,-4977.93
86.5,0.280736,-0.353894,-25950.5,-3704.92,439.601,15.4967,-4977.54
86.6,0.280681,0.0725125,-25988.6,-3832.47,439.939,14.79,-4976.95
86.7,0.280787,0.48666,-26124.7,-3824.9,439.731,13.7255,-4976.2
86.8,0.28103,0.798957,-26353.4,-3686.82,438.993,12.3757,-4975.36
86.9,0.281358,0.930147,-26665.8,-3428.71,437.771,10.8638,-4974.46
87.0,0.281689,0.816861,-27049.3,-3065.02,436.169,9.32575,-4973.51
87.1,0.281928,0.441625,-27488.4,-2611.97,434.368,7.85125,-4972.53
87.2,0.281983,-0.158284,-27965.0,-2085.84,432.62,6.45725,-4971.54
87.3,0.281785,-0.864699,-28458.9,-1502.15,431.216,5.09175,-4970.54
87.4,0.281304,-1.60739,-28949.1,-875.722,430.442,3.67125,-4969.52
87.5,0.280543,-2.29071,-29414.8,-221.311,430.533,2.1145,-4968.5
87.6,0.279538,-2.86169,-29836.6,445.412,431.639,0.3655,-4967.44
87.7,0.278332,-3.31736,-30197.0,1106.88,433.822,-1.58625,-4966.37
87.8,0.276965,-3.69326,-30481.3,1742.92,437.071,-3.68775,-4965.27
87.9,0.27546,-4.02855,-30677.2,2330.88,441.335,-5.8205,-4964.16
88.0,0.273827,-4.34674,-30775.7,2846.9,446.55,-7.8285,-4963.08
88.1,0.272076,-4.63445,-30771.2,3268.15,452.662,-9.57,-4962.09
88.2,0.270228,-4.83891,-30661.9,3575.46,459.62,-10.9595,-4961.23
88.3,0.268329,-4.89254,-30449.5,3755.62,467.36,-11.984,-4960.54
88.4,0.26645,-4.73498,-30140.0,3802.87,475.765,-12.6842,-4960.02
88.5,0.264678,-4.33915,-29743.1,3719.18,484.652,-13.1372,-4959.64
88.6,0.263103,-3.7322,-29272.0,3513.56,493.753,-13.4408,-4959.35
88.7,0.261793,-2.98687,-28742.9,3200.14,502.743,-13.694,-4959.08
88.8,0.260784,-2.1985,-28174.1,2795.73,511.268,-13.9745,-4958.79
88.9,0.260073,-1.45865,-27585.3,2317.32,518.997,-14.3127,-4958.44
89.0,0.259631,-0.823285,-26997.7,1780.45,525.662,-14.6805,-4958.03
89.1,0.259414,-0.302318,-26432.3,1198.81,531.076,-15.0095,-4957.57
89.2,0.259384,0.129185,-25910.0,585.134,535.136,-15.2185,-4957.07
89.3,0.259511,0.525903,-25450.2,-47.4012,537.797,-15.2332,-4956.54
89.4,0.259781,0.888747,-25070.3,-683.623,539.046,-14.9958,-4956.0
89.5,0.260181,1.21417,-24784.3,-1305.33,538.875,-14.4698,-4955.44
89.6,0.260689,1.45983,-24602.3,-1891.17,537.273,-13.6585,-4954.86
89.7,0.261263,1.55943,-24530.3,-2417.6,534.245,-12.6165,-4954.28
89.8,0.261835,1.44979,-24570.4,-2861.01,529.832,-11.4493,-4953.71
89.9,0.262323,1.10394,-24720.7,-3200.56,524.146,-10.2847,-4953.22
90.0,0.26264,0.544959,-24976.0,-3420.82,517.382,-9.235,-4952.85
90.1,0.26272,-0.156327,-25328.0,-3513.59,509.816,-8.37,-4952.63
90.2,0.262527,-0.872114,-25765.4,-3478.37,501.775,-7.709,-4952.61
90.3,0.262061,-1.55227,-26273.6,-3321.67,493.598,-7.2185,-4952.79
90.4,0.261349,-2.13396,-26834.9,-3055.36,485.589,-6.815,-4953.17
90.5,0.260431,-2.60485,-27428.6,-2694.58,477.989,-6.37975,-4953.71
90.6,0.259346,-2.98826,-28032.5,-2255.67,470.968,-5.791,-4954.4
90.7,0.258121,-3.32441,-28623.8,-1754.51,464.642,-4.968,-4955.21
90.8,0.256768,-3.64023,-29180.7,-1205.81,459.094,-3.9035,-4956.16
90.9,0.255294,-3.9405,-29683.7,-623.309,454.402,-2.66225,-4957.24
91.0,0.25371,-4.19261,-30116.7,-20.858,450.644,-1.351,-4958.47
91.1,0.252046,-4.33811,-30467.4,586.497,447.895,-0.0835,-4959.87
91.2,0.250356,-4.3212,-30726.8,1181.72,446.194,1.0535,-4961.44
91.3,0.248709,-4.11108,-30888.5,1745.62,445.515,2.0185,-4963.18
91.4,0.247178,-3.71993,-30949.0,2257.36,445.746,2.82925,-4965.05
91.5,0.245823,-3.20496,-30907.0,2695.76,446.692,3.56,-4967.02
91.6,0.244679,-2.6442,-30764.3,3041.06,448.094,4.32,-4969.05
91.7,0.243746,-2.11665,-30526.1,3277.04,449.669,5.21175,-4971.05
91.8,0.243001,-1.67895,-30201.6,3392.92,451.158,6.28825,-4972.96
91.9,0.242405,-1.35035,-29804.7,3384.51,452.348,7.532,-4974.72
92.0,0.241918,-1.11416,-29352.9,3254.41,453.091,8.86825,-4976.28
92.1,0.241512,-0.933754,-28866.6,3011.23,453.285,10.1932,-4977.59
92.2,0.241172,-0.775182,-28367.5,2668.16,452.855,11.404,-4978.62
92.3,0.240891,-0.626417,-27877.1,2241.15,451.728,12.423,-4979.37
92.4,0.240664,-0.506858,-27415.3,1747.14,449.824,13.214,-4979.86
92.5,0.240471,-0.459407,-26999.6,1202.61,447.07,13.7902,-4980.12
92.6,0.240275,-0.530049,-26644.7,622.869,443.424,14.21,-4980.15
92.7,0.240024,-0.748083,-26362.7,22.2953,438.91,14.5495,-4979.99
92.8,0.23966,-1.10737,-26163.4,-584.746,433.645,14.869,-4979.66
92.9,0.239137,-1.56695,-26054.0,-1182.73,427.838,15.1903,-4979.17
93.0,0.238428,-2.06149,-26039.1,-1754.16,421.769,15.4865,-4978.54
93.1,0.237534,-2.51875,-26119.8,-2279.46,415.753,15.6993,-4977.78
93.2,0.23648,-2.8819,-26294.1,-2737.79,410.096,15.7545,-4976.92
93.3,0.235308,-3.12537,-26555.4,-3108.68,405.057,15.5782,-4975.99
93.4,0.234065,-3.25794,-26893.3,-3374.19,400.84,15.114,-4975.02
93.5,0.232786,-3.31248,-27294.0,-3521.16,397.599,14.3315,-4974.04
93.6,0.231494,-3.32647,-27740.6,-3543.04,395.463,13.2395,-4973.05
93.7,0.2302,-3.32081,-28214.8,-3440.56,394.559,11.8892,-4972.07
93.8,0.228913,-3.29141,-28697.3,-3221.31,395.017,10.358,-4971.11
93.9,0.227647,-3.21119,-29168.9,-2898.06,396.972,8.73125,-4970.17
94.0,0.226429,-3.04527,-29611.0,-2486.7,400.526,7.0845,-4969.29
94.1,0.225296,-2.76946,-30006.3,-2004.11,405.72,5.474,-4968.5
94.2,0.224292,-2.38308,-30339.0,-1466.64,412.497,3.9315,-4967.81
94.3,0.223455,-1.91731,-30595.8,-889.364,420.694,2.4585,-4967.26
94.4,0.222804,-1.42752,-30766.1,-286.308,430.053,1.02,-4966.84
94.5,0.222336,-0.977433,-30842.6,328.608,440.248,-0.4445,-4966.54
94.6,0.222026,-0.618294,-30821.6,940.311,450.938,-1.997,-4966.33
94.7,0.221832,-0.377362,-30702.8,1531.63,461.794,-3.677,-4966.16
94.8,0.221709,-0.247147,-30489.3,2083.11,472.531,-5.48025,-4965.97
94.9,0.221621,-0.198561,-30187.4,2573.82,482.905,-7.35725,-4965.71
95.0,0.221542,-0.196658,-29806.4,2982.95,492.699,-9.21675,-4965.34
95.1,0.22146,-0.216306,-29358.5,3291.92,501.703,-10.9435,-4964.84
95.2,0.221367,-0.254799,-28858.3,3486.38,509.699,-12.417,-4964.2
95.3,0.221252,-0.329344,-28322.7,3557.92,516.461,-13.5472,-4963.43
95.4,0.221097,-0.466209,-27770.6,3504.84,521.775,-14.2985,-4962.54
95.5,0.220872,-0.688417,-27221.8,3332.06,525.472,-14.7045,-4961.55
95.6,0.220545,-0.997143,-26696.4,3050.05,527.462,-14.8555,-4960.51
95.7,0.220085,-1.36743,-26213.3,2673.18,527.756,-14.8652,-4959.44
95.8,0.219478,-1.75182,-25789.6,2217.92,526.471,-14.8398,-4958.38
95.9,0.21873,-2.09149,-25439.6,1701.31,523.809,-14.8448,-4957.36
96.0,0.217869,-2.33937,-25173.9,1140.01,520.024,-14.8947,-4956.39
96.1,0.216934,-2.47016,-25000.1,549.844,515.387,-14.9465,-4955.49
96.2,0.215972,-2.48542,-24922.0,-53.9305,510.155,-14.915,-4954.64
96.3,0.215023,-2.41338,-24940.3,-655.996,504.561,-14.7017,-4953.85
96.4,0.214112,-2.2882,-25052.8,-1240.23,498.819,-14.2327,-4953.13
96.5,0.213256,-2.1391,-25254.6,-1789.22,493.137,-13.4865,-4952.49
96.6,0.21246,-1.97933,-25538.4,-2284.36,487.731,-12.4987,-4951.98
96.7,0.21173,-1.80331,-25894.4,-2706.61,482.83,-11.349,-4951.63
96.8,0.211074,-1.59379,-26310.8,-3037.93,478.663,-10.1372,-4951.52
96.9,0.21051,-1.33495,-26773.1,-3262.93,475.435,-8.959,-4951.69
97.0,0.210057,-1.02346,-27265.1,-3370.74,473.293,-7.883,-4952.14
97.1,0.209732,-0.678069,-27768.7,-3356.35,472.298,-6.93325,-4952.88
97.2,0.209542,-0.33696,-28265.2,-3221.36,472.419,-6.08825,-4953.89
97.3,0.209474,-0.0482132,-28736.0,-2973.68,473.534,-5.29325,-4955.11
97.4,0.209499,0.149269,-29163.4,-2626.41,475.459,-4.4845,-4956.49
97.5,0.209575,0.222836,-29532.5,-2196.05,477.973,-3.61225,-4957.99
97.6,0.209652,0.164888,-29831.1,-1700.64,480.852,-2.654,-4959.57
97.7,0.209685,-0.00365164,-30051.2,-1158.18,483.877,-1.61425,-4961.2
97.8,0.20964,-0.238595,-30188.1,-585.669,486.841,-0.523,-4962.85
97.9,0.209494,-0.51291,-30240.8,1.0722,489.532,0.5775,-4964.49
98.0,0.209237,-0.804658,-30210.8,586.893,491.727,1.6395,-4966.07
98.1,0.208863,-1.10766,-30102.1,1156.4,493.186,2.62575,-4967.55
98.2,0.208367,-1.42755,-29920.4,1693.15,493.662,3.5205,-4968.88
98.3,0.20774,-1.77561,-29673.2,2179.33,492.934,4.33475,-4970.03
98.4,0.20697,-2.15493,-29369.9,2596.31,490.832,5.09925,-4970.97
98.5,0.206048,-2.55427,-29022.6,2925.95,487.267,5.85375,-4971.7
98.6,0.204971,-2.94546,-28645.3,3152.4,482.25,6.63925,-4972.24
98.7,0.203749,-3.28923,-28254.3,3263.99,475.881,7.48825,-4972.62
98.8,0.20241,-3.54487,-27867.1,3254.75,468.334,8.41925,-4972.87
98.9,0.200994,-3.68409,-27501.0,3125.19,459.825,9.423,-4973.01
99.0,0.199549,-3.69669,-27172.2,2882.21,450.587,10.465,-4973.09
99.1,0.198121,-3.59526,-26894.4,2538.02,440.856,11.4815,-4973.09
99.2,0.19675,-3.40761,-26678.3,2108.46,430.873,12.4,-4973.03
99.3,0.195463,-3.16536,-26531.1,1611.17,420.897,13.1562,-4972.91
99.4,0.194277,-2.89414,-26456.8,1064.08,411.216,13.7113,-4972.73
99.5,0.193199,-2.60953,-26457.0,484.534,402.154,14.0583,-4972.5
99.6,0.192235,-2.3125,-26531.2,-111.025,394.058,14.2238,-4972.24
99.7,0.191391,-1.99572,-26676.7,-706.712,387.27,14.26,-4971.98
99.8,0.190677,-1.6545,-26889.1,-1286.63,382.089,14.2365,-4971.77
99.9,0.1901,-1.29417,-27161.7,-1834.22,378.734,14.2122,-4971.65
100.0,0.189664,-0.935445,-27485.4,-2332.03,377.328,14.211,-4971.66
100.1,0.189362,-0.612914,-27848.9,-2761.98,377.887,14.2048,-4971.85
100.2,0.189173,-0.363515,-28238.5,-3106.46,380.345,14.1252,-4972.21
100.3,0.189061,-0.215789,-28639.1,-3349.74,384.575,13.8798,-4972.75
100.4,0.188985,-0.180645,-29034.6,-3479.62,390.42,13.3807,-4973.41
100.5,0.188903,-0.248825,-29409.3,-3488.84,397.707,12.5673,-4974.13
100.6,0.188779,-0.395388,-29748.2,-3375.96,406.248,11.4233,-4974.83
100.7,0.188589,-0.589067,-30038.2,-3145.7,415.825,9.98375,-4975.44
100.8,0.18832,-0.801237,-30268.0,-2808.43,426.177,8.33375,-4975.9
100.9,0.187968,-1.01465,-30428.6,-2379.12,436.988,6.5845,-4976.16
101.0,0.187533,-1.22524,-30513.9,-1875.7,447.891,4.8435,-4976.21
101.1,0.187016,-1.43915,-30520.3,-1317.41,458.496,3.186,-4976.04
101.2,0.186412,-1.66499,-30447.5,-723.44,468.421,1.63925,-4975.69
101.3,0.185718,-1.90166,-30297.8,-112.067,477.335,0.18625,-4975.15
101.4,0.184931,-2.13526,-30076.3,499.588,484.989,-1.2175,-4974.43
101.5,0.184058,-2.34021,-29790.5,1095.34,491.227,-2.6255,-4973.54
101.6,0.183117,-2.4858,-29449.8,1659.4,495.981,-4.082,-4972.47
101.7,0.182135,-2.54652,-29064.8,2175.87,499.25,-5.6085,-4971.19
101.8,0.181148,-2.50816,-28647.4,2628.35,501.076,-7.1875,-4969.71
101.9,0.180196,-2.37348,-28210.0,3000.37,501.528,-8.76425,-4968.03
102.0,0.17931,-2.16346,-27765.8,3276.28,500.694,-10.2622,-4966.17
102.1,0.178516,-1.90784,-27328.6,3442.8,498.694,-11.6045,-4964.17
102.2,0.177824,-1.6382,-26912.8,3490.73,495.695,-12.7324,-4962.08
102.3,0.177236,-1.37821,-26532.4,3416.23,491.922,-13.6129,-4959.96
102.4,0.176745,-1.139,-26200.7,3221.62,487.659,-14.2391,-4957.88
102.5,0.176345,-0.915277,-25929.2,2915.47,483.236,-14.6211,-4955.88
102.6,0.176031,-0.699674,-25726.7,2511.79,479.001,-14.7921,-4954.03
102.7,0.175801,-0.484817,-25599.1,2028.59,475.281,-14.8027,-4952.38
102.8,0.175655,-0.276963,-25548.4,1485.89,472.345,-14.7079,-4950.98
102.9,0.175586,-0.092574,-25573.5,903.861,470.388,-14.5469,-4949.87
103.0,0.175582,0.0509641,-25670.5,301.512,469.526,-14.3281,-4949.06
103.1,0.175621,0.13291,-25833.4,-303.618,469.81,-14.0336,-4948.57
103.2,0.175675,0.127536,-26055.1,-895.147,471.243,-13.6389,-4948.41
103.3,0.175711,0.0338361,-26327.5,-1457.23,473.795,-13.1255,-4948.59
103.4,0.175698,-0.134389,-26641.3,-1974.03,477.405,-12.4796,-4949.09
103.5,0.175611,-0.34874,-26986.2,-2429.51,481.979,-11.687,-4949.88
103.6,0.175437,-0.578196,-27350.8,-2807.66,487.372,-10.7495,-4950.96
103.7,0.175176,-0.796741,-27722.4,-3093.22,493.375,-9.70187,-4952.26
103.8,0.174836,-0.988163,-28087.3,-3273.02,499.717,-8.608,-4953.73
103.9,0.174426,-1.15095,-28431.8,-3337.6,506.069,-7.5405,-4955.3
104.0,0.173956,-1.29306,-28743.1,-3282.65,512.08,-6.54838,-4956.91
104.1,0.173433,-1.42271,-29010.1,-3109.83,517.4,-5.647,-4958.48
104.2,0.172861,-1.54481,-29224.2,-2826.64,521.719,-4.82037,-4959.98
104.3,0.172241,-1.65968,-29379.5,-2445.71,524.783,-4.034,-4961.38
104.4,0.171579,-1.75775,-29473.0,-1983.6,526.403,-3.238,-4962.67
104.5,0.170885,-1.81798,-29504.5,-1459.41,526.451,-2.3745,-4963.87
104.6,0.170177,-1.82515,-29475.7,-893.21,524.842,-1.3895,-4964.99
104.7,0.169476,-1.77624,-29390.2,-304.738,521.534,-0.275,-4966.03
104.8,0.168804,-1.66918,-29253.0,287.385,516.521,0.932,-4966.96
104.9,0.168181,-1.52706,-29070.2,865.908,509.838,2.16313,-4967.77
105.0,0.167611,-1.38433,-28849.2,1414.59,501.586,3.34188,-4968.39
105.1,0.167092,-1.26798,-28598.4,1917.82,491.935,4.41237,-4968.8
105.2,0.166606,-1.20455,-28327.7,2360.41,481.138,5.34587,-4968.98
105.3,0.166133,-1.20309,-28048.0,2727.51,469.52,6.14475,-4968.96
105.4,0.165649,-1.25212,-27771.2,3005.02,457.462,6.844,-4968.77
105.5,0.165139,-1.33589,-27509.3,3180.36,445.36,7.50863,-4968.5
105.6,0.164594,-1.42924,-27274.4,3243.64,433.605,8.21675,-4968.22
105.7,0.164014,-1.51583,-27077.5,3189.19,422.546,9.027,-4968.01
105.8,0.1634,-1.60087,-26927.7,3016.77,412.479,9.95475,-4967.94
105.9,0.162751,-1.69746,-26832.1,2731.97,403.658,10.9596,-4968.05
106.0,0.162059,-1.8201,-26794.6,2346.03,396.287,11.9827,-4968.35
106.1,0.161313,-1.9787,-26816.6,1874.92,390.536,12.9598,-4968.82
106.2,0.160501,-2.16266,-26896.7,1338.03,386.546,13.8275,-4969.44
106.3,0.159616,-2.35113,-27031.6,756.659,384.419,14.5253,-4970.16
106.4,0.158662,-2.52403,-27216.1,152.269,384.208,15.003,-4970.95
106.5,0.15765,-2.64511,-27444.2,-454.96,385.893,15.2479,-4971.78
106.6,0.156607,-2.69086,-27708.6,-1046.81,389.368,15.2914,-4972.62
106.7,0.155563,-2.65486,-28000.9,-1606.94,394.435,15.186,-4973.46
106.8,0.154549,-2.53873,-28311.9,-2120.25,400.814,14.9741,-4974.28
106.9,0.153592,-2.36924,-28631.3,-2572.18,408.173,14.6734,-4975.08
107.0,0.152707,-2.17313,-28947.9,-2948.58,416.159,14.2886,-4975.86
107.1,0.151901,-1.96408,-29250.3,-3235.9,424.43,13.8194,-4976.61
107.2,0.151177,-1.75221,-29527.1,-3421.74,432.678,13.2554,-4977.28
107.3,0.150538,-1.53238,-29767.9,-3495.99,440.633,12.5638,-4977.84
107.4,0.149989,-1.29436,-29963.5,-3452.17,448.063,11.6943,-4978.25
107.5,0.149536,-1.03695,-30106.1,-3288.79,454.758,10.6038,-4978.44
107.6,0.149187,-0.759641,-30190.0,-3010.37,460.524,9.282,-4978.37
107.7,0.148948,-0.477288,-30211.5,-2627.42,465.187,7.75612,-4978.02
107.8,0.148813,-0.220269,-30169.1,-2155.46,468.602,6.07562,-4977.37
107.9,0.148769,-0.0150253,-30063.4,-1613.5,470.674,4.29787,-4976.44
108.0,0.148788,0.11279,-29897.4,-1022.71,471.394,2.47112,-4975.24
108.1,0.148838,0.146037,-29676.3,-404.752,470.839,0.669125,-4973.81
108.2,0.148881,0.0781139,-29407.1,219.649,469.172,-1.035,-4972.2
108.3,0.148881,-0.079567,-29098.5,831.477,466.633,-2.623,-4970.45
108.4,0.148809,-0.289269,-28760.2,1413.58,463.508,-4.12962,-4968.6
108.5,0.148647,-0.540611,-28402.7,1950.21,460.094,-5.60012,-4966.67
108.6,0.148383,-0.808383,-28036.7,2426.31,456.678,-7.05538,-4964.73
108.7,0.148016,-1.06935,-27673.4,2827.44,453.517,-8.48812,-4962.84
108.8,0.147547,-1.32583,-27323.3,3140.25,450.838,-9.88113,-4961.04
108.9,0.14698,-1.58002,-26997.0,3352.96,448.846,-11.2113,-4959.39
109.0,0.146314,-1.83096,-26705.0,3456.05,447.731,-12.432,-4957.94
109.1,0.145552,-2.07457,-26456.6,3443.19,447.67,-13.461,-4956.73
109.2,0.144701,-2.29082,-26259.8,3312.45,448.812,-14.2074,-4955.78
109.3,0.143775,-2.45883,-26120.7,3067.1,451.272,-14.6496,-4955.08
109.4,0.1428,-2.54668,-26043.1,2715.86,455.105,-14.8271,-4954.6
109.5,0.141812,-2.52555,-26027.8,2272.25,460.283,-14.7924,-4954.32
109.6,0.140855,-2.39091,-26073.0,1753.78,466.684,-14.5861,-4954.22
109.7,0.139971,-2.15021,-26174.7,1180.74,474.107,-14.2577,-4954.26
109.8,0.139198,-1.82967,-26327.0,575.047,482.287,-13.8721,-4954.43
109.9,0.138558,-1.47262,-26523.4,-41.3464,490.929,-13.478,-4954.71
110.0,0.13806,-1.10805,-26756.7,-647.931,499.728,-13.0732,-4955.12
110.1,0.137703,-0.751541,-27019.1,-1226.32,508.385,-12.6039,-4955.65
110.2,0.137482,-0.41146,-27301.9,-1760.16,516.616,-12.009,-4956.28
110.3,0.137392,-0.0823429,-27596.2,-2234.65,524.147,-11.2634,-4957.01
110.4,0.137429,0.242995,-27891.5,-2636.31,530.711,-10.3807,-4957.8
110.5,0.137586,0.553046,-28177.0,-2952.93,536.046,-9.38675,-4958.62
110.6,0.137852,0.82817,-28441.3,-3173.79,539.907,-8.30612,-4959.39
110.7,0.13821,1.04342,-28673.8,-3289.94,542.086,-7.17438,-4960.06
110.8,0.138631,1.16476,-28865.7,-3294.81,542.434,-6.048,-4960.56
110.9,0.139075,1.16618,-29009.7,-3185.22,540.875,-4.98938,-4960.88
111.0,0.139493,1.03402,-29101.6,-2962.74,537.424,-4.04575,-4960.96
111.1,0.13984,0.788087,-29139.8,-2634.66,532.192,-3.22263,-4960.81
111.2,0.140078,0.455086,-29125.3,-2213.54,525.347,-2.45913,-4960.49
111.3,0.140176,0.0478807,-29060.8,-1716.27,517.112,-1.70987,-4960.07
111.4,0.140114,-0.380568,-28950.3,-1162.84,507.743,-0.963625,-4959.62
111.5,0.139881,-0.827351,-28799.2,-574.868,497.51,-0.21175,-4959.19
111.6,0.139469,-1.29472,-28614.1,25.551,486.698,0.58075,-4958.88
111.7,0.138874,-1.75511,-28402.8,617.118,475.604,1.46175,-4958.71
111.8,0.138101,-2.20378,-28173.5,1180.78,464.541,2.44587,-4958.72
111.9,0.137155,-2.63835,-27935.5,1700.07,453.831,3.49163,-4958.88
112.0,0.136047,-3.02925,-27698.5,2160.58,443.796,4.53137,-4959.19
112.1,0.134798,-3.3589,-27472.6,2549.3,434.739,5.5225,-4959.67
112.2,0.133437,-3.59733,-27267.3,2854.18,426.921,6.458,-4960.29
112.3,0.132006,-3.70871,-27091.7,3064.44,420.538,7.33913,-4961.06
112.4,0.130556,-3.69805,-26953.7,3171.39,415.707,8.15462,-4961.97
112.5,0.129132,-3.57259,-26860.3,3168.91,412.464,8.89262,-4963.02
112.6,0.127777,-3.34164,-26816.6,3054.19,410.772,9.5915,-4964.24
112.7,0.126526,-3.04397,-26825.6,2828.62,410.54,10.3097,-4965.61
112.8,0.1254,-2.69505,-26888.3,2498.38,411.644,11.0833,-4967.08
112.9,0.12442,-2.30122,-27003.8,2074.77,413.931,11.909,-4968.65
113.0,0.123596,-1.89895,-27169.3,1573.81,417.221,12.7526,-4970.32
113.1,0.12293,-1.4898,-27379.8,1014.79,421.307,13.56,-4972.05
113.2,0.122425,-1.07845,-27628.6,419.067,425.953,14.2732,-4973.77
113.3,0.122076,-0.690329,-27907.9,-191.252,430.892,14.8339,-4975.44
113.4,0.121873,-0.330071,-28208.6,-794.716,435.836,15.1929,-4977.02
113.5,0.121802,-0.0214257,-28520.8,-1371.33,440.497,15.3236,-4978.46
113.6,0.121836,0.21464,-28833.7,-1903.24,444.607,15.2361,-4979.67
113.7,0.121944,0.363908,-29136.4,-2375.03,447.943,14.9698,-4980.6
113.8,0.122089,0.41087,-29418.1,-2773.34,450.346,14.5761,-4981.23
113.9,0.122231,0.343364,-29668.6,-3086.58,451.726,14.0926,-4981.53
114.0,0.122331,0.182425,-29878.5,-3304.9,452.06,13.5251,-4981.49
114.1,0.122356,-0.0554733,-30039.9,-3420.48,451.389,12.8474,-4981.09
114.2,0.122282,-0.329333,-30146.7,-3427.78,449.792,12.0486,-4980.36
114.3,0.122097,-0.629295,-30194.8,-3324.12,447.376,11.1091,-4979.34
114.4,0.121793,-0.941419,-30182.0,-3110.18,444.276,9.99438,-4978.06
114.5,0.121367,-1.2575,-30108.2,-2790.77,440.654,8.67375,-4976.57
114.6,0.120817,-1.57548,-29975.7,-2375.47,436.708,7.155,-4974.93
114.7,0.120144,-1.88719,-29788.3,-1878.67,432.674,5.493,-4973.21
114.8,0.119354,-2.17076,-29552.0,-1318.82,428.816,3.76537,-4971.47
114.9,0.118463,-2.40888,-29273.8,-716.985,425.419,2.03625,-4969.75
115.0,0.11749,-2.58397,-28962.3,-95.5104,422.76,0.339375,-4968.07
115.1,0.116465,-2.67534,-28627.3,523.285,421.084,-1.304,-4966.46
115.2,0.115422,-2.67028,-28279.2,1118.3,420.585,-2.873,-4964.92
115.3,0.114401,-2.56239,-27928.6,1670.63,421.396,-4.3545,-4963.46
115.4,0.113441,-2.36006,-27586.3,2164.2,423.579,-5.76062,-4962.07
115.5,0.112572,-2.09208,-27263.0,2585.73,427.141,-7.12162,-4960.77
115.6,0.111814,-1.78808,-26969.1,2924.17,432.037,-8.454,-4959.61
115.7,0.111178,-1.46988,-26714.2,3170.13,438.189,-9.74263,-4958.62
115.8,0.110666,-1.14972,-26506.4,3315.71,445.484,-10.9469,-4957.83
115.9,0.110279,-0.831,-26352.5,3355.1,453.769,-12.0153,-4957.26
116.0,0.110015,-0.521724,-26257.3,3285.0,462.857,-12.9253,-4956.94
116.1,0.10987,-0.219824,-26223.1,3105.28,472.512,-13.6591,-4956.84
116.2,0.109841,0.073949,-26249.7,2819.59,482.458,-14.1805,-4956.94
116.3,0.109923,0.353952,-26333.9,2436.12,492.38,-14.4469,-4957.18
116.4,0.1101,0.586305,-26470.7,1967.93,501.95,-14.4529,-4957.5
116.5,0.110352,0.741513,-26653.0,1432.73,510.846,-14.246,-4957.85
116.6,0.110642,0.787619,-26872.7,851.391,518.781,-13.8958,-4958.19
116.7,0.11093,0.730913,-27120.6,246.249,525.521,-13.4579,-4958.46
116.8,0.111181,0.586272,-27387.3,-360.472,530.888,-12.9621,-4958.62
116.9,0.111367,0.383888,-27662.8,-947.676,534.761,-12.4331,-4958.67
117.0,0.111474,0.158179,-27937.3,-1496.2,537.066,-11.9025,-4958.61
117.1,0.111495,-0.0728461,-28200.6,-1989.46,537.767,-11.3921,-4958.44
117.2,0.111432,-0.28527,-28442.8,-2413.82,536.864,-10.8694,-4958.15
117.3,0.111287,-0.492966,-28654.8,-2758.13,534.396,-10.2519,-4957.79
117.4,0.11106,-0.705452,-28828.0,-3013.11,530.452,-9.473,-4957.4
117.5,0.11075,-0.927381,-28955.0,-3170.89,525.182,-8.52363,-4957.0
117.6,0.11035,-1.16401,-29030.7,-3225.37,518.794,-7.44275,-4956.6
117.7,0.109856,-1.40351,-29052.5,-3173.08,511.553,-6.2755,-4956.23
117.8,0.109275,-1.60745,-29020.8,-3013.98,503.755,-5.05875,-4955.92
117.9,0.108627,-1.74671,-28937.8,-2751.67,495.706,-3.83938,-4955.67
118.0,0.107939,-1.80394,-28808.0,-2393.7,487.691,-2.68613,-4955.48
118.1,0.107245,-1.77485,-28637.2,-1951.71,479.965,-1.66363,-4955.36
118.2,0.106574,-1.68145,-28432.6,-1441.53,472.735,-0.786,-4955.35
118.3,0.105946,-1.55251,-28202.4,-882.605,466.172,0.00075,-4955.46
118.4,0.10537,-1.41078,-27955.5,-296.551,460.415,0.77925,-4955.71
118.5,0.104845,-1.28533,-27701.8,294.514,455.578,1.6075,-4956.12
118.6,0.104362,-1.18597,-27451.9,869.251,451.755,2.5015,-4956.71
118.7,0.103913,-1.10892,-27216.9,1407.9,449.008,3.456,-4957.49
118.8,0.103491,-1.0434,-27007.4,1892.83,447.351,4.46763,-4958.45
118.9,0.103094,-0.970698,-26833.7,2308.97,446.739,5.52675,-4959.56
119.0,0.102727,-0.888401,-26704.3,2644.26,447.061,6.59637,-4960.83
119.1,0.10239,-0.812246,-26626.0,2889.5,448.14,7.6175,-4962.25
119.2,0.102078,-0.763727,-26603.1,3037.81,449.755,8.54688,-4963.79
119.3,0.101773,-0.767675,-26637.3,3084.26,451.664,9.385,-4965.39
119.4,0.101455,-0.836005,-26728.6,3025.95,453.63,10.166,-4967.03
119.5,0.101098,-0.964974,-26874.9,2862.64,455.442,10.9209,-4968.66
119.6,0.100682,-1.1409,-27072.1,2597.43,456.923,11.6541,-4970.21
119.7,0.100193,-1.33903,-27314.2,2237.18,457.926,12.3521,-4971.62
119.8,0.0996283,-1.52587,-27593.7,1792.62,458.33,13.0013,-4972.83
119.9,0.0989972,-1.68332,-27901.5,1278.41,458.029,13.5984,-4973.83
120.0,0.0983131,-1.79995,-28227.6,712.851,456.93,14.1292,-4974.61
120.1,0.0975915,-1.88071,-28560.6,117.077,454.966,14.5576,-4975.17
120.2,0.0968438,-1.93778,-28888.7,-486.293,452.108,14.8454,-4975.53
120.3,0.0960775,-1.98044,-29200.7,-1074.94,448.386,14.9714,-4975.71
120.4,0.0952977,-2.01067,-29485.9,-1628.31,443.89,14.9421,-4975.75
120.5,0.0945102,-2.02268,-29734.7,-2128.37,438.779,14.7794,-4975.67
120.6,0.0937242,-2.00471,-29938.4,-2559.98,433.262,14.4926,-4975.44
120.7,0.0929542,-1.94292,-30089.8,-2910.88,427.581,14.0778,-4975.07
120.8,0.0922189,-1.82899,-30183.1,-3171.57,421.984,13.5354,-4974.58
120.9,0.0915391,-1.66014,-30214.2,-3334.99,416.711,12.8796,-4973.97
121.0,0.0909343,-1.44699,-30180.9,-3396.11,411.976,12.1255,-4973.24
121.1,0.0904176,-1.21113,-30083.6,-3351.73,407.974,11.2673,-4972.42
121.2,0.089993,-0.976639,-29925.5,-3200.89,404.88,10.2762,-4971.55
121.3,0.089654,-0.773174,-29712.8,-2945.75,402.848,9.1195,-4970.65
121.4,0.0893863,-0.609542,-29454.0,-2592.37,402.015,7.79187,-4969.75
121.5,0.0891752,-0.48123,-29159.0,-2151.12,402.496,6.31563,-4968.88
121.6,0.089009,-0.377331,-28838.4,-1636.41,404.371,4.7165,-4968.09
121.7,0.0888793,-0.291389,-28503.4,-1066.19,407.665,3.014,-4967.4
121.8,0.0887804,-0.218768,-28165.0,-461.135,412.339,1.24337,-4966.83
121.9,0.0887057,-0.165544,-27834.0,156.404,418.286,-0.528625,-4966.38
122.0,0.0886459,-0.14228,-27521.1,763.841,425.342,-2.21675,-4966.06
122.1,0.0885864,-0.163511,-27236.4,1339.94,433.296,-3.75938,-4965.82
122.2,0.0885075,-0.241322,-26989.4,1865.92,441.909,-5.14288,-4965.66
122.3,0.0883864,-0.378202,-26788.1,2325.88,450.935,-6.39138,-4965.51
122.4,0.0882027,-0.560465,-26639.1,2706.76,460.129,-7.5385,-4965.36
122.5,0.0879442,-0.759589,-26546.7,2998.16,469.252,-8.6105,-4965.17
122.6,0.0876106,-0.945387,-26512.9,3192.24,478.075,-9.62988,-4964.93
122.7,0.0872114,-1.09494,-26537.0,3283.77,486.374,-10.6187,-4964.61
122.8,0.0867642,-1.19417,-26616.0,3269.92,493.935,-11.5828,-4964.19
122.9,0.0862885,-1.24261,-26744.9,3150.25,500.566,-12.4881,-4963.68
123.0,0.0858029,-1.24881,-26916.3,2926.98,506.103,-13.2636,-4963.07
123.1,0.0853208,-1.22931,-27122.2,2605.53,510.422,-13.8356,-4962.34
123.2,0.0848489,-1.19903,-27353.5,2195.02,513.455,-14.1553,-4961.52
123.3,0.0843908,-1.16227,-27600.4,1708.43,515.193,-14.2113,-4960.61
123.4,0.0839505,-1.10966,-27852.9,1162.26,515.687,-14.0189,-4959.68
123.5,0.0835375,-1.02448,-28100.2,575.949,515.04,-13.6123,-4958.72
123.6,0.0831669,-0.894713,-28331.8,-29.0472,513.389,-13.0427,-4957.75
123.7,0.0828567,-0.718381,-28537.7,-630.338,510.897,-12.3749,-4956.79
123.8,0.0826221,-0.510246,-28709.1,-1205.97,507.737,-11.6714,-4955.85
123.9,0.0824706,-0.29535,-28838.2,-1735.76,504.09,-10.967,-4954.92
124.0,0.0823999,-0.09891,-28918.8,-2202.25,500.144,-10.2639,-4953.98
124.1,0.0823992,0.0616082,-28947.2,-2591.2,496.093,-9.54425,-4953.04
124.2,0.082451,0.176225,-28922.1,-2891.63,492.127,-8.791,-4952.15
124.3,0.0825348,0.233569,-28844.2,-3095.71,488.433,-7.99388,-4951.37
124.4,0.0826311,0.24402,-28717.0,-3198.46,485.179,-7.14375,-4950.72
124.5,0.0827248,0.222525,-28546.1,-3197.51,482.502,-6.23338,-4950.28
124.6,0.0828073,0.185473,-28339.4,-3092.72,480.505,-5.261,-4950.08
124.7,0.0828721,0.13089,-28106.3,-2886.29,479.233,-4.25094,-4950.18
124.8,0.0829125,0.057256,-27857.1,-2583.18,478.678,-3.23706,-4950.56
124.9,0.0829184,-0.0496302,-27601.9,-2191.69,478.777,-2.24362,-4951.19
125.0,0.0828744,-0.197094,-27351.3,-1723.94,479.43,-1.27625,-4952.05
125.1,0.082763,-0.389807,-27114.9,-1195.69,480.513,-0.330813,-4953.11
125.2,0.0825682,-0.620006,-26901.9,-625.751,481.887,0.590187,-4954.32
125.3,0.0822778,-0.872718,-26720.6,-35.1816,483.407,1.47825,-4955.62
125.4,0.0818884,-1.1216,-26579.0,553.805,484.92,2.33387,-4956.97
125.5,0.0814065,-1.34123,-26484.4,1119.15,486.27,3.17744,-4958.37
125.6,0.0808472,-1.5133,-26442.4,1640.35,487.29,4.0325,-4959.77
125.7,0.0802307,-1.63067,-26456.6,2099.59,487.809,4.90569,-4961.14
125.8,0.0795766,-1.70404,-26528.6,2482.38,487.658,5.78394,-4962.46
125.9,0.0788982,-1.75181,-26657.3,2777.45,486.688,6.65,-4963.73
126.0,0.0782035,-1.78561,-26839.3,2976.55,484.79,7.49988,-4964.97
126.1,0.0774965,-1.81221,-27068.0,3074.18,481.907,8.33456,-4966.15
126.2,0.0767817,-1.82298,-27335.5,3067.52,478.042,9.14538,-4967.26
126.3,0.0760665,-1.81368,-27632.3,2956.34,473.255,9.91356,-4968.29
126.4,0.0753609,-1.77238,-27948.5,2743.02,467.656,10.6344,-4969.23
126.5,0.0746799,-1.68799,-28273.2,2432.66,461.381,11.3225,-4970.05
126.6,0.074041,-1.55887,-28595.6,2033.53,454.589,12.0074,-4970.73
126.7,0.0734586,-1.40079,-28904.6,1557.5,447.445,12.7034,-4971.23
126.8,0.0729396,-1.23729,-29189.9,1020.07,440.122,13.3914,-4971.6
126.9,0.0724796,-1.1012,-29441.4,439.757,432.8,14.0288,-4971.83
127.0,0.0720648,-1.00887,-29650.0,-162.76,425.678,14.5773,-4971.94
127.1,0.0716778,-0.960603,-29808.7,-765.638,418.973,15.0029,-4971.93
127.2,0.0713044,-0.9421,-29912.7,-1346.88,412.913,15.2627,-4971.84
127.3,0.0709363,-0.936051,-29959.4,-1885.44,407.722,15.308,-4971.7
127.4,0.070572,-0.925508,-29948.3,-2362.44,403.594,15.1104,-4971.52
127.5,0.0702157,-0.89894,-29880.6,-2762.17,400.678,14.685,-4971.3
127.6,0.0698732,-0.858655,-29759.7,-3072.39,399.061,14.0844,-4971.08
127.7,0.0695472,-0.818548,-29591.0,-3284.33,398.771,13.3688,-4970.88
127.8,0.0692336,-0.798038,-29380.8,-3392.36,399.774,12.5732,-4970.75
127.9,0.068922,-0.810774,-29137.0,-3393.87,402.001,11.7119,-4970.67
128.0,0.0685986,-0.859134,-28869.4,-3289.09,405.354,10.7895,-4970.64
128.1,0.0682525,-0.926439,-28588.9,-3080.97,409.722,9.80475,-4970.64
128.2,0.0678807,-0.989122,-28306.8,-2775.01,414.98,8.736,-4970.66
128.3,0.0674909,-1.01784,-28033.7,-2379.26,420.984,7.54087,-4970.65
128.4,0.0670985,-1.00147,-27779.0,-1904.71,427.558,6.17325,-4970.57
128.5,0.066721,-0.940277,-27551.0,-1365.62,434.494,4.62069,-4970.37
128.6,0.0663731,-0.848375,-27356.9,-779.491,441.564,2.91812,-4970.08
128.7,0.0660627,-0.747,-27202.1,-166.436,448.531,1.12531,-4969.68
128.8,0.0657893,-0.657482,-27090.8,451.828,455.169,-0.700063,-4969.17
128.9,0.0655451,-0.595291,-27026.0,1053.06,461.287,-2.50806,-4968.55
129.0,0.0653197,-0.55823,-27009.7,1615.6,466.742,-4.244,-4967.88
129.1,0.0651065,-0.530074,-27041.8,2119.53,471.442,-5.85144,-4967.17
129.2,0.0649056,-0.493991,-27120.1,2547.77,475.338,-7.29187,-4966.41
129.3,0.0647217,-0.441732,-27240.2,2886.88,478.411,-8.55875,-4965.59
129.4,0.0645614,-0.373209,-27395.4,3127.35,480.672,-9.66506,-4964.74
129.5,0.0644289,-0.300064,-27576.9,3263.29,482.151,-10.6308,-4963.85
129.6,0.0643236,-0.236666,-27774.4,3292.06,482.902,-11.463,-4962.89
129.7,0.0642375,-0.203059,-27977.1,3213.96,483.006,-12.1643,-4961.84
129.8,0.0641563,-0.214244,-28174.5,3031.92,482.573,-12.7448,-4960.72
129.9,0.0640625,-0.269282,-28357.1,2751.38,481.744,-13.2083,-4959.54
130.0,0.0639414,-0.356872,-28516.8,2380.37,480.693,-13.5446,-4958.32
130.1,0.0637843,-0.454537,-28646.4,1929.68,479.604,-13.7311,-4957.07
130.2,0.0635925,-0.538248,-28740.7,1413.06,478.661,-13.7461,-4955.85
130.3,0.0633739,-0.595205,-28795.8,847.359,478.022,-13.5801,-4954.75
130.4,0.0631395,-0.622915,-28808.8,251.991,477.813,-13.2389,-4953.8
130.5,0.0628994,-0.628698,-28777.8,-351.814,478.114,-12.7367,-4953.03
130.6,0.0626595,-0.626818,-28702.9,-942.126,478.971,-12.0919,-4952.45
130.7,0.0624207,-0.625932,-28586.2,-1497.5,480.397,-11.3306,-4952.08
130.8,0.062182,-0.628743,-28431.5,-1998.08,482.381,-10.489,-4951.91
130.9,0.0619423,-0.632727,-28244.3,-2426.65,484.892,-9.605,-4951.89
131.0,0.061704,-0.622336,-28031.7,-2769.36,487.879,-8.70356,-4951.98
131.1,0.0614749,-0.585752,-27802.4,-3016.13,491.26,-7.79469,-4952.19
131.2,0.0612673,-0.512078,-27565.6,-3160.55,494.92,-6.87356,-4952.51
131.3,0.061096,-0.399455,-27330.9,-3199.5,498.714,-5.93131,-4952.92
131.4,0.0609736,-0.261062,-27108.1,-3132.83,502.461,-4.96725,-4953.39
131.5,0.0609057,-0.117446,-26906.5,-2963.17,505.965,-3.991,-4953.94
131.6,0.0608907,0.0119921,-26735.0,-2695.88,509.022,-3.01344,-4954.56
131.7,0.060919,0.112611,-26600.8,-2339.11,511.442,-2.0475,-4955.23
131.8,0.0609761,0.170899,-26509.2,-1903.78,513.064,-1.11213,-4955.91
131.9,0.0610463,0.188081,-26464.5,-1403.56,513.763,-0.2285,-4956.58
132.0,0.0611149,0.16791,-26469.0,-854.758,513.458,0.588562,-4957.25
132.1,0.0611702,0.123282,-26523.0,-276.134,512.103,1.34344,-4957.92
132.2,0.0612042,0.0594418,-26625.0,311.762,509.682,2.06175,-4958.56
132.3,0.0612095,-0.0254872,-26772.2,887.489,506.204,2.77925,-4959.17
132.4,0.0611768,-0.13366,-26960.0,1429.83,501.701,3.52612,-4959.75
132.5,0.061094,-0.278691,-27182.4,1918.96,496.232,4.32094,-4960.3
132.6,0.0609454,-0.467219,-27431.8,2337.34,489.889,5.16587,-4960.8
132.7,0.060715,-0.693781,-27699.1,2670.58,482.804,6.05381,-4961.23
132.8,0.0603901,-0.949039,-27974.9,2907.97,475.155,6.96494,-4961.6
132.9,0.0599628,-1.21568,-28249.2,3042.67,467.153,7.86581,-4961.93
133.0,0.0594325,-1.47458,-28511.9,3071.56,459.029,8.7165,-4962.22
133.1,0.0588061,-1.70674,-28753.3,2994.85,451.022,9.49369,-4962.49
133.2,0.0580965,-1.89976,-28965.3,2815.73,443.36,10.1962,-4962.75
133.3,0.0573214,-2.04328,-29141.6,2540.05,436.244,10.8368,-4963.04
133.4,0.0565003,-2.13813,-29277.3,2176.23,429.84,11.4311,-4963.41
133.5,0.0556514,-2.18744,-29369.1,1735.13,424.282,11.9918,-4963.85
133.6,0.0547913,-2.19751,-29415.3,1230.03,419.666,12.5309,-4964.38
133.7,0.0539348,-2.17205,-29416.2,676.603,416.068,13.0562,-4965.01
133.8,0.0530963,-2.10715,-29373.4,92.7644,413.537,13.5632,-4965.77
133.9,0.0522924,-1.99774,-29289.6,-501.607,412.097,14.0263,-4966.62
134.0,0.0515414,-1.8396,-29169.1,-1085.41,411.745,14.4035,-4967.52
134.1,0.0508627,-1.62958,-29017.8,-1637.39,412.437,14.6505,-4968.44
134.2,0.0502762,-1.37137,-28842.5,-2137.36,414.09,14.7331,-4969.34
134.3,0.0497977,-1.08012,-28651.1,-2567.27,416.573,14.6283,-4970.18
134.4,0.0494366,-0.772432,-28452.0,-2912.11,419.722,14.3239,-4970.92
134.5,0.0491944,-0.473297,-28253.8,-3160.54,423.346,13.8138,-4971.54
134.6,0.0490637,-0.202567,-28065.3,-3305.21,427.248,13.1074,-4972.07
134.7,0.049031,0.0276155,-27894.8,-3342.66,431.243,12.2312,-4972.51
134.8,0.0490788,0.218708,-27749.6,-3273.02,435.168,11.2214,-4972.87
134.9,0.0491893,0.361791,-27636.1,-3099.52,438.884,10.1091,-4973.14
135.0,0.0493453,0.461697,-27558.9,-2828.03,442.281,8.91488,-4973.33
135.1,0.0495306,0.51858,-27521.0,-2466.94,445.266,7.648,-4973.43
135.2,0.0497292,0.533512,-27522.8,-2027.1,447.764,6.313,-4973.39
135.3,0.0499246,0.502092,-27562.6,-1521.77,449.719,4.91138,-4973.17
135.4,0.0500978,0.41739,-27637.0,-966.563,451.098,3.44175,-4972.75
135.5,0.0502284,0.276318,-27741.2,-379.191,451.9,1.90156,-4972.14
135.6,0.0502954,0.080378,-27869.2,220.884,452.166,0.296125,-4971.32
135.7,0.0502806,-0.153664,-28014.4,813.079,451.976,-1.35162,-4970.31
135.8,0.050172,-0.403322,-28170.1,1376.55,451.453,-3.00231,-4969.14
135.9,0.0499652,-0.654726,-28329.1,1891.29,450.741,-4.60781,-4967.84
136.0,0.0496638,-0.887059,-28484.1,2339.22,450.002,-6.122,-4966.47
136.1,0.0492783,-1.08572,-28627.5,2705.07,449.392,-7.50819,-4965.04
136.2,0.0488228,-1.24503,-28751.5,2977.01,449.054,-8.74006,-4963.59
136.3,0.0483132,-1.3633,-28849.1,3146.97,449.113,-9.80306,-4962.17
136.4,0.0477655,-1.44106,-28913.7,3210.74,449.675,-10.6952,-4960.82
136.5,0.0471951,-1.48091,-28940.4,3167.82,450.826,-11.4276,-4959.55
136.6,0.046617,-1.48144,-28926.0,3021.09,452.638,-12.0168,-4958.37
136.7,0.0460475,-1.4386,-28869.7,2776.38,455.166,-12.4739,-4957.3
136.8,0.0455046,-1.3471,-28773.0,2442.12,458.437,-12.7984,-4956.36
136.9,0.0450084,-1.20195,-28638.8,2029.08,462.448,-12.9808,-4955.55
137.0,0.0445797,-1.00442,-28471.7,1550.29,467.148,-13.0101,-4954.85
137.1,0.0442372,-0.76321,-28277.5,1020.85,472.446,-12.8799,-4954.28
137.2,0.0439953,-0.492495,-28062.5,457.79,478.205,-12.5914,-4953.82
137.3,0.0438617,-0.210925,-27833.8,-120.276,484.258,-12.1542,-4953.49
137.4,0.043837,0.0623078,-27598.9,-693.659,490.421,-11.5871,-4953.25
137.5,0.0439145,0.32373,-27366.1,-1242.25,496.504,-10.9186,-4953.09
137.6,0.0440833,0.547461,-27144.1,-1746.41,502.326,-10.1829,-4953.02
137.7,0.0443289,0.731813,-26941.4,-2188.0,507.719,-9.412,-4953.01
137.8,0.0446364,0.876568,-26766.4,-2551.35,512.525,-8.62781,-4953.06
137.9,0.0449909,0.981262,-26626.3,-2824.13,516.596,-7.83881,-4953.17
138.0,0.0453767,1.04346,-26527.0,-2997.77,519.792,-7.043,-4953.33
138.1,0.045777,1.05873,-26472.6,-3067.72,521.991,-6.2345,-4953.55
138.2,0.0461725,1.01941,-26465.0,-3033.28,523.09,-5.407,-4953.83
138.3,0.0465417,0.919669,-26504.5,-2897.27,523.022,-4.55575,-4954.14
138.4,0.0468615,0.75898,-26589.0,-2665.58,521.766,-3.67987,-4954.47
138.5,0.0471102,0.54394,-26715.4,-2346.7,519.351,-2.785,-4954.78
138.6,0.0472691,0.284125,-26878.6,-1951.28,515.857,-1.88456,-4955.06
138.7,0.0473248,-0.00226471,-27072.4,-1491.98,511.405,-0.9965,-4955.27
138.8,0.0472706,-0.286191,-27289.5,-983.309,506.148,-0.137125,-4955.43
138.9,0.0471069,-0.56017,-27521.7,-441.551,500.252,0.683125,-4955.55
139.0,0.0468399,-0.811343,-27760.6,115.444,493.891,1.46206,-4955.67
139.1,0.0464793,-1.03539,-27997.6,668.667,487.235,2.20544,-4955.8
139.2,0.0460365,-1.22832,-28224.2,1198.58,480.457,2.92681,-4955.99
139.3,0.0455227,-1.39427,-28432.8,1685.97,473.726,3.64669,-4956.26
139.4,0.0449486,-1.53371,-28616.4,2112.9,467.213,4.38863,-4956.65
139.5,0.044325,-1.64376,-28769.0,2463.72,461.087,5.17319,-4957.15
139.6,0.0436644,-1.72005,-28885.6,2725.93,455.503,6.01044,-4957.76
139.7,0.0429813,-1.75648,-28962.5,2890.74,450.595,6.89656,-4958.47
139.8,0.0422924,-1.74764,-28997.6,2953.29,446.46,7.815,-4959.28
139.9,0.0416157,-1.69312,-28990.4,2912.6,443.155,8.74006,-4960.16
140.0,0.0409684,-1.59558,-28942.4,2771.25,440.688,9.63975,-4961.11
140.1,0.0403653,-1.4666,-28857.0,2534.99,439.023,10.4827,-4962.08
140.2,0.0398163,-1.31975,-28739.6,2212.23,438.088,11.2436,-4963.08
140.3,0.0393258,-1.16742,-28597.0,1813.69,437.788,11.9094,-4964.08
140.4,0.0388944,-1.0191,-28436.9,1352.05,438.013,12.4806,-4965.09
140.5,0.0385195,-0.88025,-28267.7,841.792,438.645,12.9666,-4966.08
140.6,0.0381974,-0.751068,-28097.8,298.99,439.564,13.3795,-4967.06
140.7,0.0379243,-0.631596,-27935.4,-258.9,440.647,13.7269,-4968.01
140.8,0.037697,-0.519905,-27788.2,-813.427,441.765,14.0072,-4968.93
140.9,0.0375123,-0.416395,-27663.0,-1345.68,442.791,14.2063,-4969.79
141.0,0.0373663,-0.325242,-27565.9,-1836.98,443.601,14.2982,-4970.56
141.1,0.0372528,-0.25271,-27501.8,-2269.74,444.081,14.2497,-4971.23
141.2,0.0371634,-0.205161,-27474.5,-2628.33,444.142,14.0291,-4971.75
141.3,0.0370873,-0.18673,-27486.0,-2899.94,443.726,13.6139,-4972.12
141.4,0.0370135,-0.196039,-27536.8,-3075.18,442.814,12.9965,-4972.33
141.5,0.0369317,-0.229511,-27625.4,-3148.52,441.427,12.1854,-4972.37
141.6,0.0368341,-0.278222,-27748.8,-3118.35,439.624,11.2032,-4972.26
141.7,0.0367166,-0.332109,-27902.0,-2986.84,437.491,10.0812,-4972.0
141.8,0.0365788,-0.382423,-28078.8,-2759.51,435.138,8.85231,-4971.6
141.9,0.0364229,-0.424466,-28271.5,-2444.78,432.687,7.54556,-4971.07
142.0,0.0362521,-0.457762,-28471.9,-2053.42,430.268,6.18162,-4970.42
142.1,0.0360694,-0.484706,-28671.1,-1598.1,428.014,4.77281,-4969.68
142.2,0.0358765,-0.509098,-28860.3,-1093.12,426.061,3.32516,-4968.86
142.3,0.0356738,-0.534398,-29031.0,-554.08,424.549,1.84244,-4967.99
142.4,0.035461,-0.559373,-29175.4,2.23084,423.611,0.331187,-4967.1
142.5,0.0352387,-0.581401,-29286.9,558.125,423.374,-1.19606,-4966.22
142.6,0.0350091,-0.594791,-29359.8,1095.39,423.944,-2.71931,-4965.38
142.7,0.0347765,-0.5955,-29390.0,1595.83,425.399,-4.21097,-4964.59
142.8,0.0345462,-0.581459,-29375.0,2042.06,427.778,-5.63869,-4963.84
142.9,0.0343238,-0.553642,-29313.6,2418.32,431.081,-6.96891,-4963.15
143.0,0.0341142,-0.516134,-29206.2,2711.4,435.268,-8.172,-4962.49
143.1,0.0339199,-0.474974,-29054.9,2911.32,440.262,-9.22612,-4961.86
143.2,0.0337413,-0.435691,-28863.7,3011.92,445.96,-10.1187,-4961.26
143.3,0.0335774,-0.401187,-28638.2,3010.95,452.237,-10.8462,-4960.69
143.4,0.0334263,-0.370951,-28386.1,2909.96,458.952,-11.4136,-4960.16
143.5,0.0332871,-0.341315,-28116.2,2713.98,465.949,-11.8318,-4959.67
143.6,0.0331606,-0.308063,-27838.4,2430.96,473.061,-12.114,-4959.22
143.7,0.0330492,-0.265521,-27563.0,2071.21,480.109,-12.2722,-4958.82
143.8,0.0329574,-0.211121,-27300.0,1646.99,486.905,-12.3144,-4958.46
143.9,0.0328895,-0.146122,-27058.5,1172.09,493.265,-12.2434,-4958.12
144.0,0.032849,-0.0747504,-26846.6,661.61,499.014,-12.0574,-4957.79
144.1,0.032837,-0.0037361,-26671.1,131.741,504.0,-11.7541,-4957.46
144.2,0.0328521,0.0628848,-26537.4,-400.463,508.108,-11.3335,-4957.11
144.3,0.0328911,0.120211,-26449.5,-917.454,511.257,-10.8017,-4956.73
144.4,0.0329499,0.166111,-26410.1,-1401.71,513.409,-10.1725,-4956.3
144.5,0.033025,0.205189,-26420.4,-1836.42,514.561,-9.46719,-4955.82
144.6,0.0331146,0.241886,-26479.9,-2206.25,514.737,-8.71284,-4955.3
144.7,0.0332183,0.280182,-26586.3,-2498.11,513.989,-7.93716,-4954.75
144.8,0.0333369,0.320701,-26735.1,-2701.9,512.385,-7.16291,-4954.19
144.9,0.0334703,0.359135,-26920.1,-2810.99,510.017,-6.40291,-4953.64
145.0,0.0336161,0.387264,-27133.7,-2822.48,506.997,-5.65837,-4953.13
145.1,0.0337686,0.396468,-27367.0,-2737.21,503.46,-4.92028,-4952.69
145.2,0.0339189,0.378599,-27610.2,-2559.43,499.562,-4.17428,-4952.33
145.3,0.0340564,0.330934,-27853.9,-2296.46,495.47,-3.40666,-4952.07
145.4,0.0341705,0.257199,-28088.5,-1958.15,491.352,-2.60919,-4951.91
145.5,0.0342526,0.164817,-28305.2,-1556.39,487.364,-1.78284,-4951.85
145.6,0.0342971,0.0609232,-28495.7,-1104.67,483.64,-0.938937,-4951.9
145.7,0.0343009,-0.047288,-28653.0,-617.749,480.278,-0.0949375,-4952.07
145.8,0.0342624,-0.154615,-28771.5,-111.311,477.347,0.731188,-4952.35
145.9,0.0341796,-0.268765,-28847.1,398.246,474.882,1.52638,-4952.75
146.0,0.0340496,-0.393177,-28877.6,894.148,472.895,2.28709,-4953.28
146.1,0.0338676,-0.530586,-28862.6,1359.65,471.374,3.0205,-4953.92
146.2,0.0336288,-0.680722,-28803.8,1778.57,470.293,3.743,-4954.67
146.3,0.0333294,-0.836703,-28704.6,2135.95,469.604,4.47578,-4955.51
146.4,0.0329697,-0.987031,-28570.1,2418.77,469.242,5.23828,-4956.44
146.5,0.0325543,-1.11868,-28406.7,2616.69,469.116,6.042,-4957.44
146.6,0.0320925,-1.22183,-28222.0,2722.62,469.116,6.88703,-4958.5
146.7,0.0315968,-1.29067,-28024.5,2733.08,469.116,7.76147,-4959.6
146.8,0.0310811,-1.32429,-27823.4,2648.36,468.979,8.64319,-4960.73
146.9,0.0305581,-1.32803,-27628.1,2472.3,468.578,9.50269,-4961.87
147.0,0.0300384,-1.30832,-27448.0,2211.93,467.799,10.3096,-4962.99
147.1,0.0295301,-1.27062,-27292.0,1876.94,466.554,11.0377,-4964.08
147.2,0.0290401,-1.21648,-27168.1,1479.04,464.787,11.6688,-4965.1
147.3,0.0285754,-1.14326,-27082.6,1031.48,462.471,12.1933,-4966.03
147.4,0.0281442,-1.04737,-27040.3,548.634,459.606,12.6097,-4966.85
147.5,0.0277557,-0.926336,-27044.0,45.6818,456.219,12.9218,-4967.55
147.6,0.0274196,-0.781978,-27094.5,-461.611,452.355,13.1359,-4968.14
147.7,0.0271436,-0.621282,-27191.0,-957.113,448.085,13.257,-4968.6
147.8,0.0269317,-0.456461,-27330.7,-1424.64,443.498,13.2846,-4968.96
147.9,0.0267829,-0.300968,-27509.6,-1848.4,438.707,13.2121,-4969.22
148.0,0.0266913,-0.165911,-27722.1,-2213.57,433.849,13.0267,-4969.4
148.1,0.0266474,-0.0584443,-27961.2,-2507.06,429.075,12.7117,-4969.51
148.2,0.0266402,0.0205178,-28218.7,-2718.16,424.551,12.2502,-4969.56
148.3,0.0266593,0.0777537,-28485.1,-2839.25,420.442,11.6286,-4969.57
148.4,0.0266961,0.11437,-28750.2,-2866.19,416.901,10.84,-4969.54
148.5,0.0267439,0.135171,-29003.4,-2798.48,414.068,9.88781,-4969.49
148.6,0.0267967,0.140045,-29234.6,-2639.21,412.054,8.78716,-4969.4
148.7,0.0268478,0.125531,-29434.3,-2394.7,410.945,7.56316,-4969.27
148.8,0.0268887,0.0858009,-29594.2,-2073.99,410.797,6.24659,-4969.1
148.9,0.0269094,0.0172548,-29708.0,-1688.3,411.635,4.86894,-4968.87
149.0,0.026899,-0.0764308,-29770.8,-1250.51,413.459,3.45769,-4968.6
149.1,0.0268483,-0.189775,-29780.0,-774.725,416.238,2.03347,-4968.29
149.2,0.0267512,-0.311691,-29734.7,-275.898,419.914,0.610156,-4967.95
149.3,0.0266069,-0.430565,-29636.1,230.419,424.396,-0.803094,-4967.6
149.4,0.026419,-0.532621,-29487.1,728.379,429.569,-2.199,-4967.23
149.5,0.0261958,-0.610351,-29292.3,1202.16,435.29,-3.56825,-4966.86
149.6,0.0259475,-0.659879,-29057.9,1636.4,441.397,-4.89687,-4966.47
149.7,0.0256851,-0.681967,-28791.7,2016.66,447.717,-6.16494,-4966.04
149.8,0.0254185,-0.680804,-28502.2,2330.06,454.077,-7.34806,-4965.57
149.9,0.0251558,-0.661372,-28199.4,2565.84,460.305,-8.42094,-4965.03
150.0,0.0249042,-0.624078,-27893.2,2715.96,466.248,-9.36256,-4964.43
150.1,0.0246709,-0.567641,-27594.3,2775.55,471.767,-10.1606,-4963.75
150.2,0.0244643,-0.488353,-27312.9,2743.13,476.746,-10.8129,-4963.01
150.3,0.0242939,-0.382869,-27058.8,2620.66,481.094,-11.3253,-4962.2
150.4,0.0241701,-0.251759,-26840.5,2413.31,484.74,-11.7089,-4961.34
150.5,0.0241014,-0.102058,-26665.3,2129.14,487.645,-11.9744,-4960.42
150.6,0.0240935,0.0577005,-26538.8,1778.57,489.794,-12.1284,-4959.45
150.7,0.0241475,0.220042,-26464.3,1373.89,491.204,-12.1722,-4958.45
150.8,0.0242595,0.365039,-26443.3,928.709,491.924,-12.1027,-4957.42
150.9,0.024422,0.485437,-26474.8,457.542,492.031,-11.914,-4956.4
151.0,0.0246247,0.577675,-26556.3,-24.5708,491.63,-11.6015,-4955.4
151.1,0.0248572,0.642416,-26683.3,-502.354,490.84,-11.1658,-4954.45
151.2,0.02511,0.683272,-26849.9,-960.565,489.793,-10.6155,-4953.58
151.3,0.0253747,0.704509,-27049.2,-1384.32,488.621,-9.968,-4952.8
151.4,0.0256443,0.707685,-27273.0,-1759.49,487.448,-9.24772,-4952.14
151.5,0.0259111,0.68873,-27512.1,-2073.25,486.385,-8.48137,-4951.61
151.6,0.0261664,0.645051,-27756.8,-2314.62,485.525,-7.69384,-4951.22
151.7,0.0264003,0.574029,-27997.1,-2475.09,484.947,-6.90434,-4950.96
151.8,0.026602,0.473128,-28222.9,-2549.11,484.707,-6.12616,-4950.83
151.9,0.0267609,0.347145,-28424.8,-2534.49,484.847,-5.36334,-4950.84
152.0,0.0268689,0.203572,-28594.8,-2432.43,485.382,-4.61159,-4950.98
152.1,0.0269215,0.0539706,-28726.1,-2247.49,486.305,-3.86003,-4951.23
152.2,0.0269188,-0.0869584,-28814.1,-1987.14,487.579,-3.09541,-4951.6
152.3,0.0268642,-0.210588,-28855.9,-1661.25,489.136,-2.30728,-4952.06
152.4,0.0267639,-0.317793,-28850.6,-1281.57,490.879,-1.48922,-4952.63
152.5,0.0266243,-0.408044,-28799.4,-861.114,492.686,-0.640219,-4953.28
152.6,0.0264516,-0.484039,-28704.7,-413.784,494.421,0.234062,-4954.01
152.7,0.0262503,-0.549969,-28571.0,46.0219,495.943,1.1215,-4954.8
152.8,0.0260242,-0.606011,-28404.0,503.662,497.116,2.00569,-4955.63
152.9,0.0257776,-0.651046,-28210.8,944.482,497.818,2.86906,-4956.49
153.0,0.0255156,-0.679959,-27999.7,1354.09,497.942,3.69778,-4957.34
153.1,0.0252458,-0.687298,-27779.4,1718.71,497.401,4.48488,-4958.16
153.2,0.0249772,-0.671079,-27559.6,2025.68,496.127,5.23097,-4958.91
153.3,0.0247183,-0.634313,-27349.6,2263.99,494.071,5.94334,-4959.59
153.4,0.0244759,-0.584602,-27158.7,2424.89,491.206,6.63487,-4960.19
153.5,0.0242531,-0.532289,-26995.4,2502.36,487.532,7.31916,-4960.71
153.6,0.0240491,-0.487556,-26867.2,2493.51,483.081,8.006,-4961.16
153.7,0.0238599,-0.456728,-26780.5,2398.74,477.918,8.69634,-4961.56
153.8,0.0236791,-0.443379,-26740.2,2221.67,472.144,9.37959,-4961.93
153.9,0.023501,-0.444013,-26749.1,1968.94,465.895,10.0367,-4962.26
154.0,0.0233211,-0.453104,-26808.4,1649.72,459.329,10.6432,-4962.58
154.1,0.0231375,-0.464127,-26916.8,1275.21,452.623,11.1741,-4962.88
154.2,0.0229503,-0.472936,-27071.3,858.158,445.955,11.609,-4963.18
154.3,0.0227604,-0.480426,-27266.6,412.354,439.504,11.9345,-4963.47
154.4,0.022568,-0.48861,-27496.2,-47.8165,433.436,12.1458,-4963.77
154.5,0.0223717,-0.502712,-27752.1,-507.72,427.907,12.2458,-4964.09
154.6,0.0221691,-0.524739,-28025.7,-952.789,423.055,12.2407,-4964.44
154.7,0.0219572,-0.552747,-28307.9,-1368.82,419.003,12.1353,-4964.83
154.8,0.0217349,-0.581319,-28589.2,-1742.3,415.85,11.9299,-4965.27
154.9,0.0215033,-0.602947,-28860.3,-2060.78,413.671,11.6191,-4965.75
155.0,0.0212666,-0.61012,-29111.9,-2313.33,412.509,11.1943,-4966.28
155.1,0.0210313,-0.597311,-29335.2,-2491.02,412.371,10.6474,-4966.84
155.2,0.0208052,-0.565212,-29522.1,-2587.36,413.227,9.97272,-4967.41
155.3,0.0205952,-0.516728,-29665.6,-2598.71,415.006,9.17097,-4967.99
155.4,0.0204063,-0.457986,-29760.3,-2524.49,417.611,8.24975,-4968.54
155.5,0.0202415,-0.393824,-29802.8,-2367.31,420.915,7.22375,-4969.06
155.6,0.0201022,-0.327789,-29791.6,-2132.8,424.777,6.11219,-4969.51
155.7,0.0199889,-0.259901,-29727.5,-1829.32,429.044,4.93547,-4969.89
155.8,0.0199026,-0.188732,-29613.3,-1467.47,433.561,3.71216,-4970.17
155.9,0.0198445,-0.113468,-29453.6,-1059.56,438.169,2.45691,-4970.35
156.0,0.0198166,-0.0331288,-29254.3,-619.061,442.718,1.18147,-4970.41
156.1,0.0198203,0.0517814,-29022.5,-160.105,447.063,-0.105094,-4970.35
156.2,0.0198562,0.138057,-28766.1,302.909,451.075,-1.39462,-4970.15
156.3,0.0199222,0.214262,-28493.7,755.625,454.643,-2.67741,-4969.8
156.4,0.0200135,0.274012,-28214.6,1183.99,457.685,-3.94072,-4969.3
156.5,0.0201231,0.313037,-27937.9,1574.54,460.147,-5.168,-4968.65
156.6,0.020243,0.328769,-27672.9,1914.67,462.014,-6.34009,-4967.84
156.7,0.0203642,0.321033,-27428.6,2193.1,463.301,-7.43669,-4966.89
156.8,0.0204789,0.294128,-27213.1,2400.32,464.057,-8.43628,-4965.81
156.9,0.0205806,0.251853,-27033.2,2529.08,464.357,-9.31922,-4964.64
157.0,0.0206648,0.200196,-26894.4,2574.88,464.296,-10.07,-4963.41
157.1,0.020729,0.143582,-26800.6,2536.26,463.983,-10.6796,-4962.14
157.2,0.0207717,0.0843084,-26753.8,2414.95,463.539,-11.1459,-4960.87
157.3,0.0207925,0.0242885,-26753.8,2215.73,463.091,-11.4729,-4959.62
157.4,0.0207912,-0.0343804,-26799.1,1946.17,462.765,-11.6693,-4958.42
157.5,0.0207683,-0.0900319,-26886.2,1616.09,462.688,-11.7473,-4957.26
157.6,0.020725,-0.140781,-27010.0,1237.15,462.976,-11.7198,-4956.18
157.7,0.0206642,-0.181538,-27164.3,822.231,463.731,-11.5977,-4955.19
157.8,0.0205908,-0.207449,-27342.1,384.978,465.032,-11.3871,-4954.3
157.9,0.0205117,-0.213491,-27535.3,-60.5838,466.929,-11.088,-4953.55
158.0,0.0204351,-0.196843,-27735.9,-500.369,469.439,-10.6971,-4952.94
158.1,0.0203699,-0.157469,-27935.6,-920.506,472.542,-10.2104,-4952.49
158.2,0.0203243,-0.0986707,-28126.3,-1307.61,476.183,-9.62734,-4952.21
158.3,0.0203047,-0.0266359,-28300.3,-1649.14,480.278,-8.95314,-4952.07
158.4,0.020315,0.0548259,-28450.5,-1933.75,484.716,-8.19944,-4952.09
158.5,0.0203566,0.139052,-28570.7,-2151.78,489.368,-7.3855,-4952.22
158.6,0.0204291,0.219414,-28655.8,-2295.63,494.088,-6.53458,-4952.45
158.7,0.0205304,0.293957,-28702.1,-2360.21,498.723,-5.67098,-4952.76
158.8,0.0206582,0.362729,-28707.8,-2343.25,503.111,-4.81484,-4953.12
158.9,0.0208103,0.4251,-28672.5,-2245.47,507.091,-3.97809,-4953.51
159.0,0.0209837,0.47908,-28598.0,-2070.61,510.5,-3.16317,-4953.92
159.1,0.0211744,0.520417,-28487.7,-1825.2,513.188,-2.36442,-4954.32
159.2,0.0213764,0.542519,-28346.4,-1518.24,515.021,-1.57195,-4954.72
159.3,0.0215809,0.53814,-28180.1,-1160.77,515.888,-0.775484,-4955.1
159.4,0.0217773,0.502796,-27995.7,-765.307,515.714,0.0319844,-4955.45
159.5,0.0219535,0.434832,-27800.6,-345.335,514.46,0.851531,-4955.77
159.6,0.0220978,0.337063,-27602.5,85.1664,512.128,1.67775,-4956.06
159.7,0.0222001,0.215364,-27409.2,512.159,508.761,2.49988,-4956.31
159.8,0.0222529,0.0768898,-27228.3,921.881,504.434,3.3052,-4956.52
159.9,0.0222514,-0.0690717,-27067.2,1301.14,499.255,4.08337,-4956.69
160.0,0.0221933,-0.214065,-26932.6,1637.58,493.355,4.82737,-4956.82
160.1,0.0220779,-0.36017,-26830.3,1919.99,486.887,5.53542,-4956.93
160.2,0.0219053,-0.505604,-26765.1,2138.66,480.02,6.20981,-4957.04
160.3,0.0216759,-0.648764,-26740.4,2285.73,472.933,6.85561,-4957.16
160.4,0.0213913,-0.787252,-26758.0,2355.6,465.818,7.47823,-4957.32
160.5,0.0210544,-0.915606,-26818.4,2345.3,458.865,8.08139,-4957.55
160.6,0.0206706,-1.02633,-26920.1,2254.75,452.263,8.66461,-4957.87
160.7,0.0202486,-1.11131,-27060.3,2086.86,446.186,9.22236,-4958.29
160.8,0.0197999,-1.16358,-27234.9,1847.44,440.785,9.74527,-4958.82
160.9,0.0193381,-1.17917,-27438.1,1544.91,436.183,10.2216,-4959.45
161.0,0.0188774,-1.15945,-27663.4,1189.86,432.465,10.6392,-4960.18
161.1,0.018431,-1.10789,-27903.4,794.511,429.681,10.9857,-4961.0
161.2,0.0180102,-1.03071,-28150.3,372.178,427.84,11.2496,-4961.9
161.3,0.0176237,-0.934671,-28396.0,-63.2425,426.92,11.4212,-4962.87
161.4,0.0172779,-0.824601,-28632.8,-497.722,426.866,11.4943,-4963.9
161.5,0.0169778,-0.702957,-28853.4,-917.439,427.596,11.4658,-4964.97
161.6,0.0167277,-0.571355,-29050.9,-1309.07,429.003,11.3346,-4966.05
161.7,0.0165315,-0.429909,-29219.4,-1660.02,430.961,11.0992,-4967.13
161.8,0.0163923,-0.281781,-29353.7,-1958.78,433.325,10.7582,-4968.16
161.9,0.0163115,-0.132551,-29449.8,-2195.21,435.941,10.3092,-4969.12
162.0,0.0162881,0.0104627,-29504.8,-2360.99,438.648,9.75027,-4969.98
162.1,0.016318,0.143819,-29517.4,-2450.0,441.287,9.07958,-4970.72
162.2,0.0163936,0.253725,-29487.6,-2458.67,443.712,8.29561,-4971.31
162.3,0.0165054,0.336034,-29417.1,-2386.24,445.797,7.399,-4971.73
162.4,0.0166427,0.389451,-29309.2,-2234.92,447.441,6.39527,-4971.99
162.5,0.0167949,0.416192,-29168.5,-2009.81,448.573,5.29637,-4972.07
162.6,0.0169528,0.420123,-29000.8,-1718.68,449.155,4.12066,-4971.97
162.7,0.0171085,0.405558,-28812.4,-1371.54,449.18,2.89008,-4971.69
162.8,0.0172556,0.374997,-28610.1,-980.193,448.67,1.62664,-4971.24
162.9,0.0173883,0.329093,-28400.8,-557.687,447.681,0.350734,-4970.63
163.0,0.0175007,0.268309,-28191.4,-117.832,446.29,-0.920359,-4969.86
163.1,0.0175875,0.193277,-27988.5,325.266,444.606,-2.17347,-4968.95
163.2,0.0176437,0.10579,-27798.2,757.611,442.755,-3.39994,-4967.92
163.3,0.0176658,0.0120973,-27626.5,1165.66,440.882,-4.59412,-4966.79
163.4,0.0176525,-0.0793727,-27478.5,1536.61,439.144,-5.74959,-4965.58
163.5,0.0176048,-0.163873,-27358.8,1858.69,437.698,-6.85516,-4964.34
163.6,0.0175263,-0.23682,-27270.5,2121.48,436.694,-7.89323,-4963.1
163.7,0.0174223,-0.294095,-27215.9,2316.26,436.269,-8.84191,-4961.89
163.8,0.0172996,-0.333263,-27195.4,2436.38,436.535,-9.67841,-4960.75
163.9,0.0171651,-0.354731,-27208.3,2477.59,437.578,-10.3824,-4959.72
164.0,0.0170257,-0.359665,-27252.4,2438.3,439.455,-10.9383,-4958.8
164.1,0.0168875,-0.349345,-27324.4,2319.74,442.193,-11.3371,-4958.01
164.2,0.0167564,-0.32482,-27419.9,2126.04,445.784,-11.5791,-4957.35
164.3,0.0166379,-0.286,-27533.9,1864.05,450.19,-11.6737,-4956.82
164.4,0.0165378,-0.23236,-27660.8,1543.09,455.34,-11.6368,-4956.4
164.5,0.016462,-0.163847,-27794.7,1174.44,461.129,-11.4854,-4956.08
164.6,0.0164161,-0.0812272,-27929.5,770.881,467.421,-11.2344,-4955.86
164.7,0.0164052,0.0129591,-28059.5,346.081,474.053,-10.8942,-4955.71
164.8,0.0164328,0.118198,-28179.1,-85.8795,480.842,-10.4721,-4955.64
164.9,0.0165006,0.22452,-28283.2,-510.981,487.591,-9.9723,-4955.64
165.0,0.0166081,0.327029,-28367.4,-915.645,494.1,-9.39766,-4955.68
165.1,0.0167523,0.419515,-28428.1,-1287.07,500.176,-8.75037,-4955.75
165.2,0.016929,0.498659,-28462.7,-1613.47,505.641,-8.0342,-4955.83
165.3,0.0171324,0.561778,-28469.5,-1884.36,510.334,-7.25647,-4955.9
165.4,0.0173564,0.608167,-28447.8,-2090.79,514.123,-6.4295,-4955.95
165.5,0.0175946,0.637952,-28398.1,-2225.7,516.9,-5.56964,-4955.96
165.6,0.0178407,0.6508,-28322.0,-2284.27,518.59,-4.69425,-4955.92
165.7,0.0180882,0.646522,-28222.3,-2264.22,519.15,-3.81967,-4955.83
165.8,0.0183302,0.623982,-28102.5,-2166.05,518.571,-2.95992,-4955.68
165.9,0.0185597,0.581388,-27967.4,-1993.12,516.883,-2.12577,-4955.48
166.0,0.0187688,0.518097,-27822.2,-1751.58,514.153,-1.32381,-4955.22
166.1,0.0189496,0.434257,-27672.3,-1450.09,510.483,-0.555109,-4954.93
166.2,0.019095,0.332126,-27523.5,-1099.46,506.007,0.184766,-4954.62
166.3,0.0191987,0.21616,-27381.4,-712.062,500.885,0.903266,-4954.29
166.4,0.0192564,0.0908438,-27251.2,-301.33,495.296,1.60763,-4953.98
166.5,0.0192655,-0.03877,-27137.8,118.818,489.429,2.30302,-4953.71
166.6,0.0192254,-0.162537,-27045.4,534.43,483.472,2.99148,-4953.5
166.7,0.0191368,-0.283385,-26977.9,931.908,477.607,3.67177,-4953.36
166.8,0.0190013,-0.400027,-26938.2,1298.34,472.004,4.33945,-4953.33
166.9,0.0188205,-0.512188,-26928.5,1621.77,466.815,4.98847,-4953.42
167.0,0.0185962,-0.619671,-26950.0,1891.51,462.168,5.61316,-4953.65
167.1,0.0183307,-0.720821,-27002.7,2098.41,458.165,6.21009,-4954.02
167.2,0.0180274,-0.811506,-27085.5,2235.18,454.877,6.77925,-4954.56
167.3,0.0176913,-0.887379,-27196.1,2296.73,452.345,7.32336,-4955.24
167.4,0.0173291,-0.943777,-27331.3,2280.43,450.576,7.84608,-4956.07
167.5,0.0169494,-0.976876,-27486.8,2186.34,449.54,8.34984,-4957.03
167.6,0.0165616,-0.985914,-27657.9,2017.31,449.179,8.83347,-4958.09
167.7,0.0161748,-0.971903,-27839.4,1778.91,449.4,9.29091,-4959.23
167.8,0.0157976,-0.937385,-28025.9,1479.27,450.089,9.71108,-4960.43
167.9,0.0154375,-0.88628,-28212.0,1128.72,451.11,10.0794,-4961.65
168.0,0.0151005,-0.820582,-28392.2,739.299,452.319,10.3804,-4962.88
168.1,0.0147921,-0.74172,-28561.7,324.302,453.565,10.6002,-4964.09
168.2,0.0145174,-0.650746,-28715.6,-102.312,454.702,10.7293,-4965.26
168.3,0.0142814,-0.54677,-28849.8,-526.409,455.596,10.7627,-4966.37
168.4,0.0140885,-0.432346,-28960.8,-934.143,456.126,10.6992,-4967.4
168.5,0.0139422,-0.311023,-29045.8,-1312.34,456.196,10.5402,-4968.33
168.6,0.0138441,-0.187725,-29102.8,-1648.82,455.731,10.2874,-4969.13
168.7,0.0137939,-0.0683725,-29130.6,-1932.69,454.686,9.94081,-4969.79
168.8,0.0137887,0.0418372,-29129.0,-2154.55,453.045,9.49727,-4970.28
168.9,0.0138241,0.142803,-29098.9,-2306.83,450.827,8.95084,-4970.6
169.0,0.0138941,0.225923,-29041.9,-2384.02,448.079,8.29509,-4970.75
169.1,0.0139922,0.291926,-28960.8,-2382.99,444.885,7.52575,-4970.72
169.2,0.0141122,0.341462,-28859.0,-2303.2,441.352,6.64305,-4970.54
169.3,0.0142477,0.374699,-28740.8,-2146.82,437.616,5.653,-4970.22
169.4,0.0143926,0.391311,-28610.7,-1918.84,433.826,4.56794,-4969.76
169.5,0.0145405,0.391033,-28473.5,-1626.83,430.146,3.40583,-4969.21
169.6,0.0146848,0.372493,-28334.0,-1280.74,426.739,2.18898,-4968.57
169.7,0.0148185,0.334931,-28196.7,-892.369,423.768,0.941766,-4967.87
169.8,0.0149347,0.279621,-28065.9,-474.907,421.382,-0.312719,-4967.13
169.9,0.0150272,0.209289,-27945.4,-42.3055,419.719,-1.55473,-4966.37
170.0,0.0150908,0.126912,-27838.7,391.234,418.894,-2.7687,-4965.62
170.1,0.015122,0.0373033,-27748.8,811.746,418.996,-3.94247,-4964.9
170.2,0.0151189,-0.0532689,-27678.1,1205.9,420.084,-5.06631,-4964.22
170.3,0.0150818,-0.13768,-27628.2,1561.32,422.184,-6.13236,-4963.59
170.4,0.015013,-0.214586,-27600.2,1866.85,425.283,-7.13364,-4963.02
170.5,0.0149162,-0.280228,-27593.9,2112.82,429.333,-8.06184,-4962.52
170.6,0.0147967,-0.33123,-27608.3,2291.25,434.248,-8.90566,-4962.08
170.7,0.0146604,-0.365746,-27641.5,2396.15,439.912,-9.65034,-4961.7
170.8,0.014514,-0.382569,-27691.0,2423.8,446.183,-10.2794,-4961.37
170.9,0.014365,-0.380232,-27753.4,2372.97,452.897,-10.7779,-4961.08
171.0,0.014221,-0.357733,-27825.2,2245.17,459.88,-11.1339,-4960.82
171.1,0.0140901,-0.314113,-27902.7,2044.64,466.947,-11.3407,-4960.57
171.2,0.0139808,-0.248792,-27982.0,1778.25,473.91,-11.3978,-4960.32
171.3,0.0139014,-0.163311,-28059.4,1455.28,480.586,-11.3115,-4960.06
171.4,0.0138591,-0.0607063,-28131.1,1087.03,486.799,-11.0951,-4959.77
171.5,0.01386,0.0563937,-28193.7,686.289,492.39,-10.7663,-4959.44
171.6,0.013908,0.185634,-28244.1,266.795,497.22,-10.3441,-4959.08
171.7,0.0140048,0.314766,-28279.5,-157.32,501.182,-9.84556,-4958.67
171.8,0.0141495,0.438753,-28297.6,-572.044,504.2,-9.28277,-4958.21
171.9,0.014339,0.552228,-28297.1,-963.909,506.237,-8.66355,-4957.7
172.0,0.0145687,0.651126,-28277.1,-1320.35,507.29,-7.99261,-4957.13
172.1,0.0148322,0.732005,-28237.7,-1630.0,507.395,-7.27362,-4956.51
172.2,0.0151224,0.792437,-28179.8,-1882.98,506.617,-6.51047,-4955.85
172.3,0.0154309,0.830108,-28104.9,-2071.14,505.046,-5.70898,-4955.16
172.4,0.0157487,0.842562,-28015.6,-2188.28,502.797,-4.87839,-4954.46
172.5,0.0160657,0.827068,-27914.6,-2230.43,500.0,-4.03145,-4953.77
172.6,0.0163713,0.782828,-27805.4,-2196.0,496.798,-3.18292,-4953.13
172.7,0.0166546,0.710169,-27692.0,-2085.98,493.344,-2.34663,-4952.55
172.8,0.0169053,0.611335,-27578.3,-1903.97,489.793,-1.53291,-4952.05
172.9,0.0171142,0.489856,-27468.5,-1656.21,486.296,-0.747312,-4951.66
173.0,0.0172737,0.350387,-27366.3,-1351.31,482.994,0.00904687,-4951.38
173.1,0.0173779,0.197961,-27275.6,-999.946,480.009,0.738422,-4951.23
173.2,0.0174231,0.0388073,-27199.4,-614.456,477.442,1.44498,-4951.21
173.3,0.0174077,-0.118505,-27140.8,-208.278,475.362,2.13295,-4951.33
173.4,0.0173316,-0.270548,-27101.9,204.581,473.81,2.80504,-4951.59
173.5,0.0171965,-0.416741,-27084.7,610.093,472.793,3.46167,-4952.0
173.6,0.0170054,-0.553953,-27090.4,994.686,472.288,4.10066,-4952.54
173.7,0.0167629,-0.676837,-27119.5,1345.67,472.247,4.71898,-4953.23
173.8,0.0164753,-0.781383,-27171.8,1651.56,472.594,5.31388,-4954.03
173.9,0.016151,-0.862511,-27246.2,1902.36,473.237,5.88344,-4954.94
174.0,0.0157998,-0.916222,-27341.1,2089.76,474.064,6.4272,-4955.93
174.1,0.0154329,-0.941454,-27453.6,2207.4,474.952,6.9463,-4957.0
174.2,0.0150615,-0.93768,-27580.4,2251.03,475.774,7.4428,-4958.1
174.3,0.0146967,-0.906894,-27717.9,2218.73,476.398,7.91819,-4959.22
174.4,0.0143484,-0.853035,-27861.9,2111.11,476.699,8.37214,-4960.34
174.5,0.0140249,-0.779612,-28008.4,1931.36,476.563,8.80141,-4961.41
174.6,0.0137331,-0.691706,-28153.1,1685.25,475.894,9.19856,-4962.44
174.7,0.0134779,-0.593465,-28292.2,1381.04,474.619,9.55357,-4963.38
174.8,0.0132629,-0.487875,-28421.9,1029.11,472.694,9.85382,-4964.23
174.9,0.0130904,-0.377516,-28539.0,641.583,470.103,10.0855,-4964.98
175.0,0.0129617,-0.266194,-28640.3,231.8,466.864,10.2349,-4965.62
175.1,0.0128764,-0.15747,-28723.4,-186.264,463.022,10.2905,-4966.15
175.2,0.0128327,-0.0556962,-28786.4,-598.547,458.654,10.2454,-4966.57
175.3,0.0128269,0.0353009,-28827.9,-991.391,453.859,10.0968,-4966.88
175.4,0.0128539,0.114241,-28847.5,-1351.97,448.759,9.84629,-4967.09
175.5,0.0129073,0.174062,-28845.2,-1668.6,443.496,9.49769,-4967.2
175.6,0.0129799,0.214177,-28822.3,-1931.04,438.222,9.05598,-4967.23
175.7,0.0130643,0.235367,-28780.2,-2130.73,433.098,8.52597,-4967.2
175.8,0.0131539,0.239368,-28721.5,-2261.0,428.288,7.91126,-4967.11
175.9,0.0132425,0.22849,-28649.0,-2317.28,423.948,7.21297,-4967.0
176.0,0.013325,0.205687,-28565.8,-2297.29,420.224,6.42976,-4966.86
176.1,0.0133971,0.172441,-28475.6,-2201.2,417.243,5.55965,-4966.73
176.2,0.0134553,0.130433,-28381.8,-2031.75,415.11,4.60267,-4966.59
176.3,0.0134966,0.0819186,-28287.9,-1794.23,413.9,3.56349,-4966.47
176.4,0.0135188,0.028905,-28197.2,-1496.38,413.66,2.45268,-4966.35
176.5,0.0135209,-0.024646,-28112.8,-1148.1,414.403,1.28648,-4966.24
176.6,0.0135031,-0.0738945,-28037.3,-761.122,416.114,0.0860234,-4966.14
176.7,0.0134668,-0.118301,-27973.2,-348.527,418.746,-1.12433,-4966.05
176.8,0.0134145,-0.154313,-27922.3,75.7941,422.222,-2.31956,-4965.97
176.9,0.0133502,-0.178951,-27886.0,497.682,426.44,-3.47691,-4965.9
177.0,0.0132784,-0.191021,-27865.2,903.251,431.275,-4.57882,-4965.84
177.1,0.0132043,-0.189554,-27859.8,1279.35,436.582,-5.61341,-4965.77
177.2,0.0131328,-0.175573,-27869.5,1613.97,442.202,-6.57284,-4965.69
177.3,0.013069,-0.149515,-27892.7,1896.53,447.969,-7.45098,-4965.58
177.4,0.0130176,-0.11149,-27927.6,2118.15,453.721,-8.24215,-4965.42
177.5,0.012983,-0.0628369,-27971.6,2271.88,459.299,-8.94064,-4965.21
177.6,0.0129691,-0.00590828,-28021.7,2352.84,464.562,-9.53987,-4964.91
177.7,0.0129786,0.0591402,-28074.6,2358.37,469.386,-10.0314,-4964.53
177.8,0.0130136,0.12814,-28127.2,2288.17,473.671,-10.4063,-4964.05
177.9,0.0130748,0.197566,-28176.3,2144.4,477.34,-10.6565,-4963.48
178.0,0.0131619,0.264786,-28219.2,1931.7,480.344,-10.778,-4962.81
178.1,0.0132737,0.327532,-28253.1,1657.14,482.66,-10.7712,-4962.04
178.2,0.0134082,0.383485,-28275.9,1330.01,484.292,-10.6411,-4961.21
178.3,0.0135626,0.431523,-28285.7,961.519,485.271,-10.3954,-4960.31
178.4,0.0137337,0.470349,-28281.2,564.352,485.655,-10.0447,-4959.37
178.5,0.0139178,0.498088,-28261.3,152.151,485.523,-9.60137,-4958.4
178.6,0.0141104,0.514001,-28225.7,-261.042,484.978,-9.07877,-4957.42
178.7,0.014307,0.51753,-28174.8,-661.343,484.134,-8.48917,-4956.46
178.8,0.0145027,0.508197,-28109.4,-1035.53,483.115,-7.84296,-4955.53
178.9,0.0146931,0.487912,-28031.4,-1371.47,482.044,-7.14905,-4954.65
179.0,0.0148745,0.458972,-27942.9,-1658.42,481.037,-6.4159,-4953.84
179.1,0.015044,0.423659,-27846.7,-1887.28,480.199,-5.65221,-4953.12
179.2,0.0151995,0.383828,-27745.9,-2050.82,479.616,-4.8667,-4952.5
179.3,0.0153392,0.34015,-27644.0,-2143.86,479.356,-4.06784,-4951.99
179.4,0.0154619,0.292896,-27544.4,-2163.38,479.467,-3.26418,-4951.62
179.5,0.0155659,0.242051,-27450.5,-2108.71,479.973,-2.46494,-4951.39
179.6,0.0156498,0.187637,-27365.7,-1981.55,480.876,-1.67971,-4951.3
179.7,0.0157125,0.130891,-27293.0,-1786.09,482.153,-0.916766,-4951.35
179.8,0.0157532,0.0734763,-27234.9,-1528.9,483.757,-0.181531,-4951.53
179.9,0.0157722,0.0181739,-27193.7,-1218.81,485.616,0.524297,-4951.83
180.0,0.0157705,-0.0327942,-27170.9,-866.573,487.639,1.20142,-4952.24
180.1,0.0157496,-0.0774494,-27167.6,-484.444,489.713,1.85323,-4952.74
180.2,0.0157113,-0.117894,-27183.9,-85.7228,491.718,2.4844,-4953.32
180.3,0.0156573,-0.15383,-27219.8,315.808,493.526,3.10002,-4953.97
180.4,0.0155893,-0.186551,-27274.4,706.406,495.014,3.70377,-4954.67
180.5,0.0155081,-0.217705,-27346.3,1072.88,496.063,4.29622,-4955.41
180.6,0.0154144,-0.247801,-27433.2,1403.03,496.571,4.87463,-4956.16
180.7,0.0153086,-0.277031,-27532.7,1685.96,496.45,5.43367,-4956.9
180.8,0.0151911,-0.305451,-27641.5,1912.43,495.635,5.9674,-4957.62
180.9,0.0150625,-0.331757,-27756.1,2074.99,494.082,6.47141,-4958.31
181.0,0.0149238,-0.355837,-27872.9,2168.24,491.772,6.94276,-4958.94
181.1,0.0147759,-0.377841,-27988.2,2188.95,488.713,7.3807,-4959.52
181.2,0.0146197,-0.398158,-28098.5,2136.18,484.939,7.78631,-4960.03
181.3,0.0144558,-0.417371,-28200.7,2011.37,480.517,8.16186,-4960.49
181.4,0.0142849,-0.435152,-28292.1,1818.37,475.536,8.50898,-4960.89
181.5,0.0141076,-0.450903,-28370.7,1563.36,470.111,8.82659,-4961.25
181.6,0.0139252,-0.463386,-28434.9,1254.76,464.375,9.10934,-4961.58
181.7,0.0137393,-0.470228,-28483.6,902.918,458.473,9.34759,-4961.88
181.8,0.0135525,-0.469759,-28516.0,519.789,452.556,9.52886,-4962.17
181.9,0.0133679,-0.460971,-28532.2,118.451,446.779,9.63988,-4962.46
182.0,0.013189,-0.442888,-28532.4,-287.393,441.291,9.66843,-4962.75
182.1,0.0130196,-0.415436,-28517.8,-683.951,436.232,9.60468,-4963.06
182.2,0.0128631,-0.379166,-28490.1,-1057.87,431.729,9.44224,-4963.38
182.3,0.0127229,-0.335138,-28451.4,-1396.7,427.892,9.17876,-4963.73
182.4,0.0126017,-0.284546,-28404.4,-1689.31,424.81,8.81586,-4964.09
182.5,0.0125018,-0.228772,-28352.2,-1926.19,422.543,8.35791,-4964.49
182.6,0.0124248,-0.169284,-28297.9,-2099.7,421.126,7.80977,-4964.92
182.7,0.0123718,-0.107437,-28244.5,-2204.21,420.563,7.17575,-4965.38
182.8,0.0123434,-0.0445939,-28194.9,-2236.23,420.826,6.45957,-4965.87
182.9,0.0123397,0.0180971,-28151.4,-2194.53,421.864,5.66467,-4966.37
183.0,0.0123601,0.0819725,-28116.3,-2080.17,423.601,4.79475,-4966.87
183.1,0.0124038,0.141703,-28090.9,-1896.55,425.939,3.85403,-4967.36
183.2,0.0124688,0.195985,-28076.5,-1649.41,428.77,2.84828,-4967.81
183.3,0.0125526,0.242739,-28073.5,-1346.65,431.971,1.78601,-4968.2
183.4,0.0126521,0.280224,-28082.0,-998.22,435.416,0.679219,-4968.52
183.5,0.0127634,0.307293,-28101.4,-615.726,438.976,-0.456684,-4968.75
183.6,0.0128826,0.323653,-28130.6,-212.033,442.527,-1.60366,-4968.89
183.7,0.0130055,0.32907,-28168.1,199.257,445.949,-2.74226,-4968.91
183.8,0.0131284,0.324927,-28211.8,604.338,449.138,-3.85271,-4968.82
183.9,0.013248,0.312571,-28259.4,989.737,452.005,-4.91603,-4968.61
184.0,0.0133614,0.293035,-28308.1,1342.81,454.486,-5.91509,-4968.27
184.1,0.0134662,0.26717,-28355.1,1652.14,456.541,-6.83605,-4967.82
184.2,0.0135601,0.235192,-28397.3,1907.9,458.156,-7.66853,-4967.23
184.3,0.0136411,0.198122,-28431.9,2102.07,459.342,-8.40491,-4966.53
184.4,0.0137071,0.156398,-28456.2,2228.62,460.135,-9.03926,-4965.72
184.5,0.0137572,0.112779,-28467.9,2283.68,460.589,-9.56678,-4964.81
184.6,0.0137913,0.0705978,-28465.4,2265.59,460.777,-9.9832,-4963.82
184.7,0.0138108,0.0336183,-28447.4,2175.0,460.782,-10.2843,-4962.77
184.8,0.0138182,0.00524857,-28413.6,2014.87,460.698,-10.4661,-4961.68
184.9,0.0138173,-0.0120745,-28364.2,1790.47,460.623,-10.5252,-4960.59
185.0,0.0138122,-0.0180917,-28299.9,1509.22,460.655,-10.4602,-4959.51
185.1,0.013807,-0.0143434,-28222.2,1180.54,460.892,-10.2732,-4958.47
185.2,0.0138053,-0.00202713,-28133.0,815.532,461.421,-9.97071,-4957.48
185.3,0.0138102,0.018217,-28034.6,426.608,462.316,-9.56294,-4956.57
185.4,0.0138245,0.0460882,-27929.7,27.0109,463.635,-9.06302,-4955.75
185.5,0.0138512,0.0816867,-27821.3,-369.689,465.412,-8.48548,-4955.03
185.6,0.013893,0.125209,-27712.7,-750.114,467.658,-7.84475,-4954.41
185.7,0.0139529,0.175856,-27607.6,-1101.57,470.356,-7.15392,-4953.92
185.8,0.0140331,0.231927,-27509.3,-1412.49,473.467,-6.424,-4953.54
185.9,0.0141349,0.289871,-27421.3,-1672.82,476.926,-5.66393,-4953.28
186.0,0.0142579,0.34453,-27346.5,-1874.28,480.65,-4.88102,-4953.14
186.1,0.0144,0.39107,-27287.5,-2010.6,484.538,-4.0819,-4953.11
186.2,0.0145571,0.425799,-27246.2,-2077.62,488.477,-3.27412,-4953.18
186.3,0.0147245,0.446752,-27223.8,-2073.4,492.344,-2.46689,-4953.34
186.4,0.0148968,0.454277,-27220.8,-1998.26,496.012,-1.67037,-4953.57
186.5,0.0150691,0.448634,-27237.1,-1854.79,499.354,-0.89493,-4953.86
186.6,0.0152366,0.431495,-27271.7,-1647.8,502.246,-0.149164,-4954.18
186.7,0.0153951,0.403637,-27323.1,-1384.24,504.577,0.560891,-4954.51
186.8,0.0155405,0.364888,-27389.2,-1073.02,506.247,1.23212,-4954.85
186.9,0.0156683,0.313412,-27467.6,-724.742,507.178,1.86465,-4955.17
187.0,0.0157735,0.248019,-27555.3,-351.396,507.313,2.46203,-4955.48
187.1,0.0158509,0.168404,-27649.2,34.1002,506.623,3.03017,-4955.76
187.2,0.0158955,0.0764141,-27745.8,418.393,505.103,3.57576,-4956.02
187.3,0.0159031,-0.0248021,-27841.7,788.217,502.777,4.10371,-4956.25
187.4,0.0158712,-0.126384,-27933.4,1130.91,499.694,4.61666,-4956.46
187.5,0.0157989,-0.228863,-28017.6,1434.89,495.928,5.11506,-4956.64
187.6,0.0156874,-0.325958,-28091.4,1690.04,491.575,5.59693,-4956.8
187.7,0.0155389,-0.416109,-28152.3,1888.0,486.747,6.05843,-4956.94
187.8,0.0153565,-0.498331,-28198.5,2022.36,481.573,6.495,-4957.07
187.9,0.0151433,-0.572775,-28228.9,2088.86,476.19,6.90253,-4957.21
188.0,0.0149026,-0.638479,-28243.1,2085.36,470.739,7.27793,-4957.36
188.1,0.0146382,-0.693883,-28241.7,2011.96,465.36,7.61935,-4957.55
188.2,0.0143547,-0.736449,-28225.9,1870.98,460.185,7.92595,-4957.79
188.3,0.0140578,-0.762535,-28197.6,1666.88,455.338,8.19759,-4958.09
188.4,0.0137547,-0.769292,-28159.1,1406.24,450.923,8.43409,-4958.46
188.5,0.0134532,-0.755448,-28113.1,1097.57,447.03,8.63418,-4958.91
188.6,0.0131616,-0.720629,-28062.8,751.114,443.724,8.79435,-4959.44
188.7,0.0128876,-0.66752,-28011.4,378.511,441.049,8.90804,-4960.05
188.8,0.0126377,-0.599712,-27962.0,-7.58443,439.024,8.96611,-4960.73
188.9,0.0124169,-0.520947,-27917.9,-393.997,437.643,8.95781,-4961.46
189.0,0.0122288,-0.434838,-27882.3,-767.538,436.875,8.87204,-4962.25
189.1,0.0120757,-0.344145,-27857.7,-1115.51,436.669,8.69866,-4963.07
189.2,0.0119597,-0.248311,-27846.8,-1426.19,436.954,8.42964,-4963.9
189.3,0.011882,-0.149379,-27851.3,-1689.23,437.643,8.06028,-4964.74
189.4,0.0118437,-0.0489165,-27872.2,-1896.01,438.639,7.59042,-4965.57
189.5,0.0118447,0.0512683,-27909.9,-2039.84,439.838,7.02451,-4966.37
189.6,0.0118837,0.149615,-27963.8,-2116.14,441.136,6.36999,-4967.13
189.7,0.0119576,0.237187,-28032.6,-2122.52,442.435,5.63505,-4967.82
189.8,0.0120618,0.310679,-28114.1,-2058.77,443.643,4.82759,-4968.43
189.9,0.0121905,0.367321,-28205.4,-1926.92,444.681,3.95491,-4968.93
190.0,0.0123371,0.406416,-28303.3,-1731.15,445.485,3.02445,-4969.32
190.1,0.0124951,0.428434,-28404.2,-1477.73,446.011,2.04387,-4969.58
190.2,0.0126583,0.435317,-28503.9,-1174.84,446.233,1.02138,-4969.71
190.3,0.0128214,0.428962,-28598.6,-832.356,446.145,-0.0333721,-4969.68
190.4,0.0129797,0.410451,-28684.3,-461.582,445.763,-1.10799,-4969.52
190.5,0.0131287,0.380528,-28757.1,-74.8521,445.126,-2.1867,-4969.22
190.6,0.0132641,0.339083,-28813.7,314.898,444.288,-3.25114,-4968.79
190.7,0.0133818,0.286321,-28850.9,694.619,443.322,-4.28243,-4968.24
190.8,0.013478,0.224914,-28866.4,1051.65,442.315,-5.26324,-4967.58
190.9,0.0135496,0.156305,-28858.5,1374.19,441.361,-6.17844,-4966.84
191.0,0.0135947,0.0843312,-28826.4,1651.7,440.56,-7.01487,-4966.02
191.1,0.0136127,0.0128493,-28770.3,1875.27,440.011,-7.76136,-4965.15
191.2,0.0136048,-0.0519128,-28691.0,2037.9,439.807,-8.40973,-4964.25
191.3,0.0135736,-0.107048,-28590.6,2134.66,440.03,-8.95474,-4963.34
191.4,0.0135231,-0.150991,-28471.8,2162.78,440.748,-9.39271,-4962.44
191.5,0.013458,-0.182465,-28338.2,2121.7,442.014,-9.71987,-4961.58
191.6,0.0133834,-0.200391,-28194.0,2012.99,443.859,-9.93203,-4960.75
191.7,0.0133046,-0.205242,-28043.8,1840.36,446.295,-10.026,-4959.99
191.8,0.0132267,-0.197106,-27892.2,1609.57,449.308,-10.0011,-4959.3
191.9,0.0131548,-0.175496,-27744.3,1328.24,452.865,-9.85965,-4958.68
192.0,0.0130944,-0.140337,-27604.7,1005.71,456.908,-9.60657,-4958.13
192.1,0.0130508,-0.0907611,-27477.9,652.766,461.36,-9.24928,-4957.65
192.2,0.0130294,-0.0283186,-27367.8,281.277,466.126,-8.79781,-4957.24
192.3,0.013035,0.046526,-27277.8,-96.1728,471.093,-8.26541,-4956.88
192.4,0.0130714,0.132093,-27210.8,-466.769,476.142,-7.66715,-4956.59
192.5,0.013141,0.222121,-27168.9,-817.965,481.143,-7.01841,-4956.35
192.6,0.0132444,0.311091,-27153.0,-1137.98,485.967,-6.33283,-4956.15
192.7,0.0133802,0.394391,-27163.5,-1416.26,490.488,-5.62132,-4956.0
192.8,0.0135456,0.467671,-27199.3,-1643.79,494.587,-4.89223,-4955.88
192.9,0.0137359,0.527901,-27258.8,-1813.4,498.157,-4.15252,-4955.78
193.0,0.013946,0.573488,-27338.9,-1919.93,501.11,-3.4082,-4955.7
193.1,0.0141701,0.603064,-27435.9,-1960.34,503.373,-2.66408,-4955.62
193.2,0.0144017,0.615745,-27545.5,-1933.72,504.899,-1.92409,-4955.54
193.3,0.0146345,0.610563,-27662.9,-1841.32,505.663,-1.19263,-4955.44
193.4,0.0148612,0.58574,-27783.0,-1686.44,505.663,-0.475551,-4955.32
193.5,0.0150743,0.539979,-27900.8,-1474.37,504.922,0.219972,-4955.18
193.6,0.0152657,0.473123,-28011.5,-1212.26,503.485,0.887096,-4955.02
193.7,0.0154276,0.385935,-28110.6,-908.92,501.417,1.52092,-4954.85
193.8,0.015553,0.2813,-28194.2,-574.625,498.798,2.11909,-4954.68
193.9,0.0156359,0.16336,-28258.8,-220.749,495.724,2.68174,-4954.51
194.0,0.0156724,0.0363225,-28301.8,140.609,492.301,3.21133,-4954.36
194.1,0.0156599,-0.0920554,-28321.7,497.05,488.642,3.71265,-4954.25
194.2,0.0155981,-0.216249,-28317.6,836.346,484.862,4.19206,-4954.19
194.3,0.0154877,-0.337736,-28289.9,1146.9,481.074,4.65562,-4954.19
194.4,0.0153304,-0.454288,-28239.9,1418.18,477.383,5.10762,-4954.26
194.5,0.0151286,-0.56345,-28170.0,1641.09,473.883,5.54968,-4954.4
194.6,0.0148857,-0.663102,-28083.5,1808.29,470.653,5.9805,-4954.63
194.7,0.0146063,-0.74921,-27984.5,1914.38,467.753,6.39608,-4954.95
194.8,0.0142965,-0.817192,-27877.7,1956.05,465.223,6.79069,-4955.36
194.9,0.0139643,-0.863329,-27768.2,1932.13,463.084,7.15809,-4955.86
195.0,0.013619,-0.884436,-27661.4,1843.56,461.336,7.49245,-4956.46
195.1,0.0132706,-0.879496,-27562.7,1693.35,459.961,7.78923,-4957.14
195.2,0.012929,-0.849783,-27477.1,1486.46,458.926,8.04512,-4957.89
195.3,0.0126037,-0.797803,-27409.1,1229.69,458.182,8.25727,-4958.71
195.4,0.0123026,-0.727165,-27362.9,931.473,457.668,8.42272,-4959.57
195.5,0.0120323,-0.641534,-27341.5,601.661,457.313,8.53753,-4960.46
195.6,0.0117983,-0.543667,-27347.1,251.227,457.039,8.59628,-4961.37
195.7,0.0116049,-0.436003,-27380.9,-108.073,456.768,8.59221,-4962.27
195.8,0.0114557,-0.319907,-27443.1,-464.107,456.423,8.51723,-4963.16
195.9,0.0113532,-0.198741,-27532.8,-804.812,455.934,8.36281,-4964.03
196.0,0.0112986,-0.0768012,-27647.7,-1118.65,455.242,8.12175,-4964.85
196.1,0.0112913,0.0414236,-27784.9,-1395.05,454.301,7.78963,-4965.61
196.2,0.0113285,0.155413,-27940.1,-1624.79,453.083,7.36495,-4966.3
196.3,0.0114057,0.253584,-28108.3,-1800.31,451.578,6.84857,-4966.91
196.4,0.0115166,0.333599,-28283.9,-1915.94,449.79,6.24388,-4967.43
196.5,0.0116539,0.393641,-28460.5,-1968.05,447.746,5.55656,-4967.84
196.6,0.0118101,0.433324,-28631.8,-1955.13,445.487,4.79433,-4968.13
196.7,0.0119777,0.453702,-28791.6,-1877.76,443.07,3.96593,-4968.32
196.8,0.0121497,0.456702,-28933.8,-1738.56,440.568,3.07998,-4968.39
196.9,0.0123197,0.44281,-29053.3,-1542.06,438.064,2.14489,-4968.35
197.0,0.0124813,0.412611,-29145.3,-1294.63,435.649,1.16972,-4968.22
197.1,0.0126287,0.367059,-29206.5,-1004.26,433.417,0.164977,-4967.99
197.2,0.0127562,0.306933,-29234.2,-680.347,431.463,-0.857211,-4967.69
197.3,0.0128589,0.234995,-29227.0,-333.449,429.877,-1.88366,-4967.33
197.4,0.0129331,0.155716,-29184.7,25.0575,428.741,-2.90031,-4966.92
197.5,0.0129766,0.0725545,-29108.3,383.338,428.125,-3.8918,-4966.46
197.6,0.012989,-0.00930234,-28999.9,729.512,428.085,-4.8413,-4965.99
197.7,0.0129715,-0.0822881,-28863.0,1052.1,428.66,-5.73168,-4965.49
197.8,0.0129272,-0.146434,-28701.9,1340.46,429.871,-6.54772,-4964.98
197.9,0.01286,-0.198288,-28522.2,1585.21,431.718,-7.27758,-4964.48
198.0,0.0127753,-0.236342,-28330.0,1778.5,434.18,-7.91273,-4963.98
198.1,0.0126785,-0.259434,-28131.8,1914.32,437.218,-8.44703,-4963.49
198.2,0.0125757,-0.266562,-27934.5,1988.59,440.77,-8.87649,-4963.01
198.3,0.0124733,-0.257558,-27744.9,1999.31,444.759,-9.19946,-4962.56
198.4,0.0123778,-0.231864,-27569.5,1946.54,449.095,-9.41657,-4962.12
198.5,0.0122956,-0.189433,-27414.1,1832.35,453.675,-9.52964,-4961.7
198.6,0.0122334,-0.130888,-27283.7,1660.74,458.394,-9.54021,-4961.29
198.7,0.012197,-0.0581872,-27182.5,1437.48,463.14,-9.44925,-4960.89
198.8,0.0121915,0.0258953,-27113.5,1169.98,467.806,-9.25815,-4960.49
198.9,0.0122204,0.120932,-27078.3,867.084,472.288,-8.97016,-4960.1
199.0,0.0122856,0.21767,-27077.5,538.805,476.491,-8.59112,-4959.69
199.1,0.0123871,0.312714,-27110.2,196.038,480.329,-8.12928,-4959.28
199.2,0.0125234,0.400968,-27174.5,-149.817,483.732,-7.59507,-4958.85
199.3,0.012691,0.478877,-27266.9,-487.235,486.644,-7.00039,-4958.42
199.4,0.0128857,0.543618,-27383.4,-804.976,489.028,-6.3583,-4957.97
199.5,0.013102,0.593606,-27518.5,-1092.5,490.866,-5.68236,-4957.52
199.6,0.013334,0.627146,-27666.2,-1340.34,492.16,-4.98521,-4957.05
199.7,0.0135754,0.642863,-27820.1,-1540.46,492.929,-4.27709,-4956.59
199.8,0.0138191,0.639942,-27973.4,-1686.55,493.209,-3.56529,-4956.12
199.9,0.0140579,0.61693,-28119.4,-1774.14,493.052,-2.85467,-4955.66
200.0,0.014284,0.573727,-28251.7,-1800.8,492.519,-2.14905,-4955.2
