idx,dmg_UW,dmg_DW
0,6.744348309430503e-10,3.863211995536384e-11
1,7.005040751943769e-10,4.171200688535653e-11
2,7.080701672329899e-10,4.2759433545470754e-11
3,7.063641204029643e-10,4.276275911374309e-11
4,7.258073232278319e-10,4.46947529038423e-11
5,7.856544933716318e-10,5.116233973301895e-11
6,8.566791988363185e-10,6.020201923127852e-11
7,8.967741811984714e-10,6.671173503963987e-11
8,8.959776487783163e-10,6.75625265658238e-11
9,8.874906807072837e-10,6.558983436976174e-11
10,8.671539718952624e-10,6.093638829492059e-11
11,8.215100216855742e-10,5.456219713349277e-11
12,7.404908587072934e-10,4.5759818822204136e-11
13,6.662549176055954e-10,3.8167072633252744e-11
14,6.185611252672057e-10,3.273145302359944e-11
15,5.981398265469393e-10,2.952418172393854e-11
16,5.838098057842527e-10,2.7070204414280684e-11
17,5.803951101360094e-10,2.6218608358349946e-11
18,6.019030052261451e-10,2.7997734463923446e-11
19,6.506986869089139e-10,3.2268713104140717e-11
20,7.041502445417483e-10,3.6990834190020276e-11
21,7.397127187246626e-10,4.001895187495244e-11
22,7.67645724261151e-10,4.228755375534617e-11
23,8.036192500756925e-10,4.5285523270002925e-11
24,8.251366303186732e-10,4.6964643475154106e-11
25,7.940848631360495e-10,4.4175313114567615e-11
26,7.330548382876821e-10,3.934911551738146e-11
27,6.940953803725393e-10,3.633168660701287e-11
28,6.892786179938626e-10,3.574939047372763e-11
29,6.717657785534219e-10,3.4101932464977294e-11
30,6.203221620819552e-10,3.024491832407863e-11
31,5.733456632196074e-10,2.7137320986158894e-11
32,5.697603367252948e-10,2.703713881048702e-11
33,5.952710206657451e-10,2.8445687509556487e-11
34,5.905620399181585e-10,2.7182864780871897e-11
35,5.489825548395899e-10,2.3534040119540408e-11
36,5.129775442440405e-10,2.0742565728467303e-11
37,5.044351457032247e-10,2.0169315555314187e-11
38,5.028168454190526e-10,2.0592454845985405e-11
39,4.791216994319113e-10,1.9850617114431596e-11
40,4.583318370812754e-10,1.9321787379200193e-11
41,4.653529573188969e-10,2.033754270353465e-11
42,4.964843681389716e-10,2.318125682988028e-11
43,5.242482470174853e-10,2.6798534608791496e-11
44,5.366146511417388e-10,3.0221128285018824e-11
45,5.618817469140903e-10,3.4810118857774363e-11
46,6.059080195297012e-10,4.032758427720257e-11
47,6.315206070971616e-10,4.3487072893561365e-11
48,6.260148995180197e-10,4.4091055593163664e-11
49,6.251468591726435e-10,4.585693984713228e-11
50,6.739873404300466e-10,5.3030282881129795e-11
51,7.671183669986301e-10,6.458037627591197e-11
52,8.336069152422629e-10,7.151076517809088e-11
53,8.429421362936193e-10,6.969224125016478e-11
54,8.200586509527872e-10,6.232525831244996e-11
55,8.163006862608487e-10,5.7647657723251845e-11
56,8.329834280078028e-10,5.737269350197613e-11
57,8.322942862558414e-10,5.74560412412987e-11
58,8.060873277565753e-10,5.62041834867482e-11
59,7.822832160571971e-10,5.5603287852878786e-11
60,7.867031733117337e-10,5.7389359668807016e-11
61,8.040691085818051e-10,5.980681600376151e-11
62,8.283860393912569e-10,6.38924167457115e-11
63,8.686488577468979e-10,7.107680201096806e-11
64,9.647971474311918e-10,8.539847823927909e-11
65,1.1022442764148724e-09,1.0318228029991609e-10
66,1.2104910702372005e-09,1.1459292839342775e-10
67,1.2286197979984216e-09,1.1299313624575216e-10
68,1.1867995213272448e-09,1.0391661027627385e-10
69,1.1447134252026612e-09,9.532337464020386e-11
70,1.0912982344069543e-09,8.581893302238443e-11
71,9.981385446676912e-10,7.32130992626303e-11
72,8.603841757016321e-10,5.6590584634449226e-11
73,7.626013131382172e-10,4.549932859365736e-11
74,7.352761096504098e-10,4.195842090069997e-11
75,7.458282266743863e-10,4.255383199070846e-11
76,7.515166456878868e-10,4.358025638983524e-11
77,7.495519377047489e-10,4.409799374023521e-11
78,7.673850980628159e-10,4.535787487637247e-11
79,7.972818933968786e-10,4.642695782451106e-11
80,7.975725209053341e-10,4.497091397405432e-11
81,7.507838218764055e-10,4.023842560520396e-11
82,6.858268670537824e-10,3.444602124107697e-11
83,6.450077244408967e-10,3.087257919672343e-11
84,6.154862929835409e-10,2.8145771724107923e-11
85,5.685467743039706e-10,2.4057088680997585e-11
86,5.216769860537843e-10,2.042531016471668e-11
87,5.02448103054384e-10,1.898774917347107e-11
88,5.195769048175443e-10,2.01270299957838e-11
89,5.394523262268972e-10,2.1556675670217638e-11
90,5.30347822472296e-10,2.1054982341653663e-11
91,4.996254487940659e-10,1.9027416841265087e-11
92,4.790390452982038e-10,1.7722039480712257e-11
93,4.667985574593508e-10,1.7068539354803952e-11
94,4.339219173260065e-10,1.5340387861992133e-11
95,3.7527302554986627e-10,1.231580922973359e-11
96,3.2245456337957807e-10,9.688212636427612e-12
97,2.9874354848306877e-10,8.446183843734026e-12
98,3.018537714572427e-10,8.525719594489644e-12
99,3.1275093848552456e-10,9.167323128088443e-12
100,3.2509131816740286e-10,1.0221712928312555e-11
101,3.5082883907714765e-10,1.2348758631907173e-11
102,3.950957141882765e-10,1.584420278181161e-11
103,4.4309746598407954e-10,1.9912290460929413e-11
104,4.663948864000946e-10,2.2578358142788693e-11
105,4.672010715068337e-10,2.3789245554797675e-11
106,4.747311715908744e-10,2.5912076363833457e-11
107,5.08338435176433e-10,3.0634787375074424e-11
108,5.56037852698911e-10,3.674728341501567e-11
109,5.969540910317283e-10,4.199031925018875e-11
110,6.363982590056205e-10,4.6462834328997765e-11
111,6.849342182145224e-10,5.049089108549624e-11
112,7.330530115843175e-10,5.399997866090325e-11
113,7.571886873992543e-10,5.60398006699581e-11
114,7.546544962419018e-10,5.6001555483879966e-11
115,7.578659394507142e-10,5.663652708684923e-11
116,7.886813983948665e-10,5.984837076223362e-11
117,8.089121830022338e-10,6.128763493973724e-11
118,7.862784032146092e-10,5.837149641644342e-11
119,7.546816049638308e-10,5.510808212075444e-11
120,7.59204226001372e-10,5.5352562360369015e-11
121,8.064313569466895e-10,6.0203894814355e-11
122,8.398247003542866e-10,6.397685783180335e-11
123,8.305581824516117e-10,6.340518950434736e-11
124,8.15502625558984e-10,6.162662464206268e-11
125,8.332647201002057e-10,6.230339014827892e-11
126,8.741348906696605e-10,6.508792164702092e-11
127,8.938614516197446e-10,6.608458611311561e-11
128,8.981600619074648e-10,6.55014688387238e-11
129,9.054345208489828e-10,6.402692806356637e-11
130,9.042526588090699e-10,6.078969191350848e-11
131,8.921383785074065e-10,5.7479245634411136e-11
132,8.539598246698093e-10,5.234118226120184e-11
133,8.314541449496993e-10,4.948782957756301e-11
134,8.095375698205626e-10,4.663893603539513e-11
135,7.586966364252374e-10,4.1316261572795994e-11
136,6.588492680903426e-10,3.206920705379607e-11
137,5.661637934041384e-10,2.4287040697725187e-11
138,5.156064228263823e-10,2.0154527500769416e-11
139,5.036524190437406e-10,1.8972094797387154e-11
140,5.049563178530788e-10,1.8881340671938443e-11
141,5.027844349103451e-10,1.864438699004708e-11
142,5.117555759667493e-10,1.915397920249971e-11
143,5.467845040790817e-10,2.1542561469097356e-11
144,5.786337187062658e-10,2.3659536213374637e-11
145,5.849639538665934e-10,2.4143841364909287e-11
146,5.539651538166479e-10,2.1897238067603124e-11
147,4.93532085327249e-10,1.742822511631251e-11
148,4.243029631382556e-10,1.2903191532927895e-11
149,3.4321290767031796e-10,8.430252771142886e-12
150,2.726258723957196e-10,5.314960181004576e-12
151,2.2518721383616988e-10,3.6036342737679457e-12
152,2.0473502716285497e-10,3.0318462603912288e-12
153,1.9924925138186622e-10,3.0045751087776684e-12
154,1.9585246870665782e-10,3.0405580083719384e-12
155,1.9791309174414437e-10,3.233569046513817e-12
156,2.1332178142806587e-10,3.920237447178995e-12
157,2.413438033918597e-10,5.279916654055207e-12
158,2.7204649294623224e-10,7.213497418615154e-12
159,2.9385106716365567e-10,9.182078982776512e-12
160,3.057669486371831e-10,1.0623110689813113e-11
161,3.1298698479925317e-10,1.150727681644638e-11
162,3.142209454898805e-10,1.2087297026848653e-11
163,3.140877898312855e-10,1.3298287860531375e-11
164,3.2747125698009716e-10,1.674793662565996e-11
165,3.648382270459278e-10,2.3204510796449192e-11
166,4.1552572297055574e-10,3.049067312672771e-11
167,4.5764162630827044e-10,3.502958435999321e-11
168,4.942232077476358e-10,3.710847742515635e-11
169,5.510086115609582e-10,4.0919918171073976e-11
170,6.425944220056274e-10,4.9297423449770636e-11
171,7.331983697606584e-10,5.936325049928042e-11
172,7.945535563428983e-10,6.789000469006665e-11
173,8.440622602261491e-10,7.383151608278946e-11
174,9.038121086553307e-10,7.850704697354644e-11
175,9.51366617938996e-10,8.134359370805665e-11
176,9.571875003539282e-10,8.196192844279181e-11
177,9.505764294535619e-10,8.372084248786579e-11
178,9.855982694524157e-10,9.069493991036454e-11
179,1.0565679645250796e-09,1.004964837134911e-10
180,1.0802561081004473e-09,1.016345626733412e-10
181,1.0609863431650481e-09,9.706307767605568e-11
182,1.0479616910140281e-09,9.295910646003359e-11
183,1.0871207618390402e-09,9.507822060638454e-11
184,1.1105618766203603e-09,9.504859884589713e-11
185,1.0367794311066816e-09,8.340378598911245e-11
186,9.258457827785455e-10,6.781320440964402e-11
187,8.613644073109324e-10,5.71663071018954e-11
188,8.647537108041249e-10,5.442338797307268e-11
189,8.812269731614309e-10,5.445736881460107e-11
190,8.615220592313091e-10,5.182854080122482e-11
191,7.911975490987575e-10,4.3848084941116833e-11
192,7.206296092692755e-10,3.646528781329028e-11
193,6.619162075746047e-10,3.093215713567819e-11
194,6.289309480951195e-10,2.8310972661386265e-11
195,6.132325729624787e-10,2.7319582159369082e-11
196,6.098113452036425e-10,2.7413584457914085e-11
197,6.120525813735507e-10,2.795438983821346e-11
198,6.273415160259408e-10,2.923811551300978e-11
199,6.443514391203442e-10,3.007987986014252e-11
200,6.443480216598825e-10,2.940000505268203e-11
201,6.120404261147982e-10,2.642993411349976e-11
202,5.638412765443195e-10,2.2548491853745347e-11
203,5.081533995424841e-10,1.8266013911078596e-11
204,4.404429194990149e-10,1.3732373845753858e-11
205,3.539971838190965e-10,8.967093642311156e-12
206,2.723164261661501e-10,5.333337169442248e-12
207,2.2128131066985267e-10,3.47615943384019e-12
208,1.9376099844322845e-10,2.5914189354154153e-12
209,1.7197037851173081e-10,2.0191544084225146e-12
210,1.5072541752059994e-10,1.5969775152729444e-12
211,1.4045718937009374e-10,1.4937878238747106e-12
212,1.5561955618792505e-10,2.0249921659618457e-12
213,1.9028698377652365e-10,3.200324158968297e-12
214,2.2558605192486392e-10,4.730739297105501e-12
215,2.517288563859473e-10,6.333073646421883e-12
216,2.773383609726374e-10,8.131189146328648e-12
217,3.09945631112012e-10,1.0412078905001077e-11
218,3.38576436826471e-10,1.2780567696199153e-11
219,3.505023288445952e-10,1.4656619493813016e-11
220,3.5309220540711536e-10,1.6459588030058307e-11
221,3.7394946486566507e-10,1.995238558739113e-11
222,4.1104052067771114e-10,2.4946184581305682e-11
223,4.4720420113259235e-10,2.9911238091575357e-11
224,4.796435278422041e-10,3.4642167752512524e-11
225,5.230723217077742e-10,4.0086493130993994e-11
226,5.893854743059839e-10,4.836121511715125e-11
227,6.796929376359103e-10,6.041050546339883e-11
228,7.754857205831339e-10,7.408310957280679e-11
229,8.483330879030939e-10,8.374572412027821e-11
230,8.993552159188097e-10,8.873242586031655e-11
231,9.40657358936356e-10,9.169699210859513e-11
232,9.800352553423977e-10,9.381483875960202e-11
233,1.0266680669982416e-09,9.730647386420803e-11
234,1.0878241629995635e-09,1.0417209616664689e-10
235,1.14393368618633e-09,1.1042890771619289e-10
236,1.2030010375291623e-09,1.1702795629003973e-10
237,1.253368256886405e-09,1.2248249995816552e-10
238,1.2808397117619642e-09,1.2445137384804046e-10
239,1.2554389656151823e-09,1.1807552072211944e-10
240,1.198764817395489e-09,1.082549226657219e-10
241,1.1228703215184708e-09,9.622905419776319e-11
242,1.039381709009684e-09,8.341079348665134e-11
243,9.563568903722286e-10,7.145333904843554e-11
244,8.841805734482107e-10,6.134752216105503e-11
245,8.347113586501709e-10,5.3724144037788574e-11
246,8.310633645552237e-10,5.118956115099272e-11
247,8.669817921950189e-10,5.299281306205689e-11
248,8.91423869852704e-10,5.365432960112543e-11
249,8.889710007417687e-10,5.243320135351389e-11
250,8.568196451280684e-10,4.879636621407577e-11
251,8.357073070908412e-10,4.677214845703282e-11
252,8.387964406282812e-10,4.7419274698295834e-11
253,8.192281966632135e-10,4.582841945221874e-11
254,7.700430467252778e-10,4.167912499723035e-11
255,7.277340904111127e-10,3.828948188735325e-11
256,6.776650453404324e-10,3.319462435465324e-11
257,6.27250676484161e-10,2.8246742241910546e-11
258,5.601368163239159e-10,2.276546846303243e-11
259,4.942384102699412e-10,1.7921162920515117e-11
260,4.5880652699241445e-10,1.5394473379212788e-11
261,4.4344809425117944e-10,1.4237742163195768e-11
262,4.2256184550174526e-10,1.299704627770373e-11
263,3.962040920111363e-10,1.1664087292695098e-11
264,3.76222162757956e-10,1.05974629139869e-11
265,3.711998464187233e-10,1.0221160805032913e-11
266,3.5865141589056296e-10,9.410944845377006e-12
267,3.281139702679028e-10,7.903239675047828e-12
268,2.9365110413696925e-10,6.520564718451434e-12
269,2.6988344472573436e-10,5.811903619604793e-12
270,2.6559577656200867e-10,6.0482713915014576e-12
271,2.6879986391697874e-10,6.625333664626117e-12
272,2.8076161181072153e-10,7.730107340010309e-12
273,3.062461820166885e-10,9.69452005960171e-12
274,3.3603484047843623e-10,1.1968215308472309e-11
275,3.604497092429435e-10,1.3826335999267705e-11
276,3.7383286028724474e-10,1.4563252634523807e-11
277,3.872240360250861e-10,1.4908034739189736e-11
278,4.098203195415189e-10,1.589523045447849e-11
279,4.275353522365641e-10,1.6936606602346383e-11
280,4.31059457622842e-10,1.7695999661970574e-11
281,4.270615763636183e-10,1.8359856853296817e-11
282,4.2697263970564793e-10,1.926972299111505e-11
283,4.372635835300336e-10,2.124382064273652e-11
284,4.738374092277746e-10,2.6638652188340768e-11
285,5.518578405235577e-10,3.7728837038265016e-11
286,6.854565656773548e-10,5.670358195699814e-11
287,8.393811840194343e-10,7.861017920005898e-11
288,9.68294269665962e-10,9.524798550600936e-11
289,1.056334272404193e-09,1.0409572939267802e-10
290,1.1347092197011948e-09,1.1052212119875894e-10
291,1.2023831681232411e-09,1.1607883631859761e-10
292,1.2300493412620705e-09,1.1840846692268147e-10
293,1.2038149905723082e-09,1.1340725030200937e-10
294,1.1511645482165696e-09,1.0293977538673233e-10
295,1.111713040991757e-09,9.396635390410216e-11
296,1.0503468240227052e-09,8.228310214884256e-11
297,9.809299584379359e-10,7.176819289284517e-11
298,9.228118216751149e-10,6.470162142312041e-11
299,8.93471200322283e-10,6.16485110948615e-11
300,8.785461391013924e-10,5.994752635711856e-11
301,8.702699416777501e-10,5.902614604807788e-11
302,8.76503391585381e-10,5.917275327046616e-11
303,9.257299310986495e-10,6.337003091715368e-11
304,1.0236318509947102e-09,7.261655266044267e-11
305,1.100195319938405e-09,7.889211963639823e-11
306,1.1151760876748778e-09,7.830399165616787e-11
307,1.0643435536803904e-09,7.073669778689273e-11
308,9.892571100448693e-10,6.156622833363948e-11
309,8.987017723552225e-10,5.2167654759506054e-11
310,7.729928919500403e-10,4.061803476046121e-11
311,6.316601461364959e-10,2.9048082964136413e-11
312,5.037248622075506e-10,1.9544168908550327e-11
313,4.265531847772899e-10,1.4273355566779035e-11
314,3.9280715798444e-10,1.1951968253214023e-11
315,3.8817471277184016e-10,1.145885512590067e-11
316,3.917176482669598e-10,1.1534840269181556e-11
317,3.9619829562850387e-10,1.1730682158240828e-11
318,4.0220399251843824e-10,1.2015037721881411e-11
319,4.063401493337002e-10,1.217965299970134e-11
320,3.9530941316721373e-10,1.1527896926363886e-11
321,3.6253494614571974e-10,9.792083440334987e-12
322,3.198213332224219e-10,7.761183401446607e-12
323,2.74982640414912e-10,5.850540245487105e-12
324,2.3850705328562517e-10,4.595874445619281e-12
325,2.149280865327539e-10,4.064449288672158e-12
326,2.041221075372012e-10,4.1012271794258136e-12
327,2.0657976095610955e-10,4.583614446839472e-12
328,2.1856889685196112e-10,5.339614246530336e-12
329,2.3708947207510325e-10,6.402289686796837e-12
330,2.6071212351671164e-10,7.81103581229543e-12
331,2.9012804086765297e-10,9.565817758695822e-12
332,3.160852579577668e-10,1.1080880462359031e-11
333,3.3188475350334053e-10,1.1696542099329888e-11
334,3.3474063359517446e-10,1.1238000999098755e-11
335,3.3713693295759597e-10,1.0794509621481118e-11
336,3.4982134995834924e-10,1.1241257431187466e-11
337,3.700749097682968e-10,1.2609608461837e-11
338,3.976572834077025e-10,1.5096341059994485e-11
339,4.3776277897983776e-10,1.909349284522481e-11
340,4.882449929787735e-10,2.44123659645974e-11
341,5.522011845059477e-10,3.155756660953719e-11
342,6.297596260142837e-10,4.079064788192934e-11
343,7.318706690794314e-10,5.3084705850868494e-11
344,8.505255446376585e-10,6.691938846417741e-11
345,9.547238314484018e-10,7.7979585059965e-11
346,1.0089609592034264e-09,8.193242100092514e-11
347,1.0464051056020635e-09,8.396469856993124e-11
348,1.1085271706071337e-09,8.942719385276449e-11
349,1.1848081236254986e-09,9.746224347059162e-11
350,1.2097595413521076e-09,1.0072707929478146e-10
351,1.163160927523544e-09,9.61655220430604e-11
352,1.1144994480941693e-09,9.145830405458758e-11
353,1.123443945300384e-09,9.290721085699454e-11
354,1.1803146180832527e-09,9.992828994564178e-11
355,1.2093549291959862e-09,1.03549998776701e-10
356,1.2084853466149424e-09,1.0424863401581788e-10
357,1.2280113551817466e-09,1.0736300356942143e-10
358,1.2824851792106046e-09,1.1338850287524279e-10
359,1.2767570331143834e-09,1.0917759617614642e-10
360,1.1711664418322463e-09,9.28875475172968e-11
361,1.064877600254257e-09,7.837520018882843e-11
362,1.031061317276764e-09,7.201435916795019e-11
363,1.0231479015320515e-09,6.842373281161664e-11
364,9.618799853826368e-10,6.108196253979056e-11
365,8.332645712324827e-10,4.830865915805109e-11
366,7.584972660782436e-10,4.1388027088344534e-11
367,7.638433469171845e-10,4.1382780442170455e-11
368,7.789600687739931e-10,4.22297314484416e-11
369,7.266033771765827e-10,3.755970462466634e-11
370,6.318159707905947e-10,2.96286130033436e-11
371,5.828718598501844e-10,2.558347709052057e-11
372,5.764739673717411e-10,2.4502811389408324e-11
373,5.411534937263276e-10,2.142992539794216e-11
374,4.50945977592807e-10,1.543870383067626e-11
375,3.6691939410546145e-10,1.0630309944167722e-11
376,3.3068979281197156e-10,8.656573077347097e-12
377,3.2659349624699154e-10,8.407334471453098e-12
378,3.133479882593341e-10,7.94592072388999e-12
379,2.8395498438287566e-10,6.8353518360554565e-12
380,2.7956177727768624e-10,6.81773649598018e-12
381,3.094515482013033e-10,8.301145502287909e-12
382,3.380718566679663e-10,9.886855534168309e-12
383,3.394649926146259e-10,1.0515454725758774e-11
384,3.279112233941607e-10,1.0561973372835373e-11
385,3.398839644202512e-10,1.1576529234633446e-11
386,3.737435036615168e-10,1.3590612956686107e-11
387,3.7984408962920784e-10,1.3956896099453884e-11
388,3.454858694281608e-10,1.1975876338587513e-11
389,3.0891231186479124e-10,9.915712876949531e-12
390,2.984436322941878e-10,9.240863085936197e-12
391,3.0422045858240474e-10,9.32473646893409e-12
392,3.018621962164075e-10,8.93542154886928e-12
393,2.9461743535271163e-10,8.422913891986415e-12
394,3.079968806100127e-10,9.085832853270966e-12
395,3.5645278315351987e-10,1.1785960102862587e-11
396,4.216737826559541e-10,1.5994385270481846e-11
397,4.830808032718444e-10,2.0746876349648213e-11
398,5.51669123785699e-10,2.6641299483760766e-11
399,6.489321714095969e-10,3.514070758212201e-11
400,7.898055279482699e-10,4.861749120874495e-11
401,9.352833529216145e-10,6.429057015716325e-11
402,1.055093103267219e-09,7.863603438496011e-11
403,1.1496345023334332e-09,9.036168674510065e-11
404,1.2472962326997099e-09,1.0302498399604868e-10
405,1.3358625827118607e-09,1.1522772829843688e-10
406,1.3683663459449937e-09,1.1975775917119168e-10
407,1.328498218623917e-09,1.1459410377487388e-10
408,1.2508980608289933e-09,1.0445526868326599e-10
409,1.177985175847996e-09,9.406318047387542e-11
410,1.1468571864243141e-09,8.882311666771688e-11
411,1.138352241014035e-09,8.679450068467351e-11
412,1.1546861709552556e-09,8.922208117471128e-11
413,1.2013634100510945e-09,9.644040488177438e-11
414,1.299194485580135e-09,1.1106534084299743e-10
415,1.406267919516325e-09,1.26696933932197e-10
416,1.4609307552342633e-09,1.3419362089100424e-10
417,1.4255218110791624e-09,1.2728395760350033e-10
418,1.332316436723045e-09,1.114487860829902e-10
419,1.267215443898587e-09,1.0061196575999537e-10
420,1.2691256344540385e-09,9.947485633272785e-11
421,1.2539954991221364e-09,9.562304532708824e-11
422,1.157775537631408e-09,8.294856874799677e-11
423,1.002444472016737e-09,6.575248860959668e-11
424,8.69812239623549e-10,5.203490736440678e-11
425,7.842399424304705e-10,4.298150592344712e-11
426,7.10478116310888e-10,3.570037057939903e-11
427,6.177437211601325e-10,2.7861207521850887e-11
428,5.308160372702062e-10,2.1115018095822903e-11
429,4.893406271004176e-10,1.7971741922248956e-11
430,4.878376917886393e-10,1.7728456279358106e-11
431,4.738667070689995e-10,1.6714629582845056e-11
432,4.338262306571145e-10,1.4231015932140675e-11
433,3.90250171532954e-10,1.1712326095625671e-11
434,3.552971854101122e-10,9.715432400351831e-12
435,3.3015446009753716e-10,8.393787919935673e-12
436,2.9952609764076974e-10,6.980718604268702e-12
437,2.763781519638146e-10,6.036603881964424e-12
438,2.657108622468373e-10,5.631791996094052e-12
439,2.610785700673412e-10,5.491102410297679e-12
440,2.4935793735732687e-10,5.144903239073337e-12
441,2.377087491527087e-10,4.853225833375325e-12
442,2.410886648106149e-10,5.098227070417002e-12
443,2.6086134649408124e-10,5.960172476532383e-12
444,2.854065941690626e-10,7.121447829495623e-12
445,3.036566205728459e-10,8.022150968259189e-12
446,3.215737959617685e-10,8.800545607433625e-12
447,3.443754798603688e-10,9.683046081124236e-12
448,3.6757829726448617e-10,1.063288693089423e-11
449,3.789617242970594e-10,1.113466006905968e-11
450,3.8898886954968e-10,1.1707633224987126e-11
451,4.128167371711095e-10,1.3212805786428677e-11
452,4.5325457111345666e-10,1.6060490551422177e-11
453,4.903773420141378e-10,1.896672768061307e-11
454,5.382060311440385e-10,2.291917553464974e-11
455,6.057142160470323e-10,2.8337234292221822e-11
456,6.821470927168856e-10,3.4433771964932115e-11
457,7.560241048756789e-10,4.112675308479608e-11
458,8.095363762659099e-10,4.686442984921661e-11
459,8.582497545607894e-10,5.2221964586100624e-11
460,9.09374733606004e-10,5.748414617219364e-11
461,9.608603302758928e-10,6.300755993959601e-11
462,1.0225957416779533e-09,7.032055510346371e-11
463,1.0826363277217993e-09,7.69814669356786e-11
464,1.121954873237602e-09,8.101773116598329e-11
465,1.1181600401078397e-09,8.080394147672358e-11
466,1.0952197706277752e-09,7.861905757124294e-11
467,1.0810389797136018e-09,7.657288197461696e-11
468,1.060095740311503e-09,7.327579573928671e-11
469,9.895179628670108e-10,6.525165308175735e-11
470,9.095223721309613e-10,5.76823757291862e-11
471,8.949332664089032e-10,5.7397683647555806e-11
472,9.504333740531363e-10,6.391754416977065e-11
473,9.702942588503924e-10,6.551169637148376e-11
474,9.37726140854314e-10,6.203878526667305e-11
475,9.048495389460237e-10,5.820569477150782e-11
476,9.344234477824163e-10,5.996173355801064e-11
477,1.0166335166129566e-09,6.801534350301737e-11
478,1.0538999447804074e-09,7.231776949371012e-11
479,1.029181533959949e-09,7.018612978774089e-11
480,1.0027586254244302e-09,6.74679742210145e-11
481,9.796327861172199e-10,6.461715077585216e-11
482,9.275299273288492e-10,5.922155174675937e-11
483,8.471434467485448e-10,5.143784573485888e-11
484,7.6245509377535e-10,4.266636740986097e-11
485,6.826327423736601e-10,3.418406265642044e-11
486,5.839259145063524e-10,2.5163309559351738e-11
487,4.865147532409085e-10,1.792747891063763e-11
488,4.167018723386869e-10,1.3297274282145236e-11
489,3.8234280835432784e-10,1.1004840414822721e-11
490,3.6031255384474113e-10,9.601556960211732e-12
491,3.2014251023200173e-10,7.529780508359773e-12
492,2.823839595962718e-10,5.908562411538264e-12
493,2.6277506267654906e-10,5.115581717750287e-12
494,2.6042274587766566e-10,5.041963268763959e-12
495,2.4867985320811487e-10,4.610176886584944e-12
496,2.227182995397331e-10,3.737691041839347e-12
497,2.0436649643321766e-10,3.1965714762591563e-12
498,2.0251714021613957e-10,3.1888107669963168e-12
499,2.0220764807401023e-10,3.2581384774747047e-12
500,1.8792850111996249e-10,2.9134399415667245e-12
501,1.7144061581957084e-10,2.4891978404239295e-12
502,1.803496660344173e-10,2.752301424756803e-12
503,2.1497490015314752e-10,3.8252340027955915e-12
504,2.496999440230642e-10,5.1031029240700244e-12
505,2.6319548741441926e-10,5.765323352850801e-12
506,2.77456740723643e-10,6.533490420822374e-12
507,3.279626434923907e-10,8.969249210588161e-12
508,4.0040421375873023e-10,1.2826937950345e-11
509,4.4243090807154014e-10,1.5641538204443162e-11
510,4.397486953495521e-10,1.6084280113867747e-11
511,4.47955221690164e-10,1.7062216323179908e-11
512,4.995414390153798e-10,2.0565124823174176e-11
513,5.450759128504209e-10,2.3404683411228412e-11
514,5.4290127048486e-10,2.3035422864155356e-11
515,5.432381166955369e-10,2.317135981038369e-11
516,6.127733097772914e-10,2.8275254809680022e-11
517,7.301814632363125e-10,3.716381529601064e-11
518,8.156789285727498e-10,4.482734750324475e-11
519,8.487350850463022e-10,4.9347738813012484e-11
520,9.111486401267357e-10,5.657414724074873e-11
521,1.035263462178003e-09,6.940049180972335e-11
522,1.1153384456469102e-09,7.79555880859565e-11
523,1.0559137123012925e-09,7.182299281505056e-11
524,9.497832889412667e-10,6.051864653940235e-11
525,9.077161706909e-10,5.522473054468834e-11
526,9.123257702919379e-10,5.478422333679154e-11
527,8.845793433565894e-10,5.2418367517397614e-11
528,8.113485029936929e-10,4.636839408007487e-11
529,7.651485633233635e-10,4.2717168146037014e-11
530,7.945717460830248e-10,4.610583025625521e-11
531,8.601778341851849e-10,5.302019082747316e-11
532,9.287046902731265e-10,6.083722617221672e-11
533,1.0033962588325137e-09,6.945841716647971e-11
534,1.105846475205461e-09,8.062988538577366e-11
535,1.211219898893005e-09,9.243953744975268e-11
536,1.2548394111250505e-09,9.77733141226109e-11
537,1.2051536032772904e-09,9.236268297296477e-11
538,1.1405701952383797e-09,8.600504941563166e-11
539,1.1191011488194296e-09,8.512242142341872e-11
540,1.1122912288609433e-09,8.545538625430106e-11
541,1.0646554826794684e-09,8.001123682033545e-11
542,9.552547868264436e-10,6.618973040491409e-11
543,8.268174712074921e-10,5.0256374293129684e-11
544,7.340124597394906e-10,3.9456208718988245e-11
545,6.602642192870978e-10,3.1690533708729506e-11
546,5.801475703673434e-10,2.4634491601588314e-11
547,5.000517492139742e-10,1.856486023218935e-11
548,4.459282249580922e-10,1.4829119683651807e-11
549,4.151833702611152e-10,1.271819527432483e-11
550,3.84891174215078e-10,1.0934978987775183e-11
551,3.4427614422017715e-10,8.90279626588815e-12
552,3.01818245630116e-10,6.826878813679385e-12
553,2.7736926966721785e-10,5.6515280127623495e-12
554,2.651787436213922e-10,5.0980621796561155e-12
555,2.4796272737136694e-10,4.50762828849161e-12
556,2.273783328338728e-10,3.922425290248971e-12
557,2.13616516456243e-10,3.567806135264197e-12
558,2.153579854900817e-10,3.689547637671786e-12
559,2.2545917372655745e-10,4.075718747564784e-12
560,2.358379085936273e-10,4.47475448702256e-12
561,2.4634411634002337e-10,4.935388208733908e-12
562,2.6913576435419856e-10,6.024522360877938e-12
563,3.0084075692624636e-10,7.618505341082208e-12
564,3.342443255261699e-10,9.466530722049324e-12
565,3.667619519013468e-10,1.1442018513190943e-11
566,3.9451652363999046e-10,1.3180748300751833e-11
567,4.278140895093766e-10,1.5372430489422643e-11
568,4.6042773259846465e-10,1.7608357803062478e-11
569,4.90159518102945e-10,1.9706240456831932e-11
570,5.08600308035592e-10,2.0788746892778032e-11
571,5.322235169602321e-10,2.2125102619527656e-11
572,5.686670451599808e-10,2.4362483075315928e-11
573,6.12279092797555e-10,2.7283595943093787e-11
574,6.546291555835291e-10,3.040786360312256e-11
575,6.898709284730164e-10,3.3502585286986805e-11
576,7.285961546949876e-10,3.7419869754223406e-11
577,7.648232650587138e-10,4.105455278300815e-11
578,8.194369104580105e-10,4.683823797470832e-11
579,8.831651776031073e-10,5.3740611749570143e-11
580,9.423865671238224e-10,5.981413303321155e-11
581,9.821542116671326e-10,6.366761982535283e-11
582,9.93822312485786e-10,6.466198529305488e-11
583,1.0147397740196506e-09,6.692788570628122e-11
584,1.0635880335601754e-09,7.221025966573322e-11
585,1.0929396360495643e-09,7.536129455710189e-11
586,1.0799366889643672e-09,7.494343132484528e-11
587,1.0637347003904847e-09,7.502003007386402e-11
588,1.1090776363386555e-09,8.176766622222739e-11
589,1.2260181604396402e-09,9.676850660444893e-11
590,1.2981600660075165e-09,1.0567911701445237e-10
591,1.2680800418863192e-09,1.0185747146950152e-10
592,1.2436646264478705e-09,9.965116292887571e-11
593,1.3237904520358774e-09,1.100961670931927e-10
594,1.4364500231568134e-09,1.2372284960767453e-10
595,1.4239776178440555e-09,1.2228919357707813e-10
596,1.2968186151377847e-09,1.0832733959928213e-10
597,1.2168109257341798e-09,1.001047439711855e-10
598,1.239496958402225e-09,1.0286796577112908e-10
599,1.2445056666978106e-09,1.021954338894288e-10
600,1.1063661936212391e-09,8.378618079863177e-11
601,9.301589383976554e-10,6.242409993034151e-11
602,8.444275787122512e-10,5.139119005075529e-11
603,8.391532708021481e-10,4.8716649154832835e-11
604,7.948367389446731e-10,4.3297790840513516e-11
605,6.862723620322566e-10,3.3670218718567334e-11
606,5.923805721612556e-10,2.5840702570387364e-11
607,5.573559916716029e-10,2.249370843098966e-11
608,5.205485258472039e-10,1.9159865574853375e-11
609,4.2892706752441134e-10,1.3166498381028825e-11
610,3.3108179324629696e-10,8.037040148145252e-12
611,2.893649100464171e-10,6.144158721082594e-12
612,2.89880679796675e-10,6.0350512964066795e-12
613,2.8002037593832344e-10,5.627451818117173e-12
614,2.36387131591167e-10,4.097522751942339e-12
615,2.069485041570718e-10,3.2187254063897716e-12
616,2.1822745197265156e-10,3.6164826421817363e-12
617,2.5167213647549243e-10,4.7910067911621e-12
618,2.679067535183014e-10,5.523497714916852e-12
619,2.642019049967028e-10,5.563593329504577e-12
620,2.7942032934009e-10,6.334607613729185e-12
621,3.232701214462009e-10,8.367425591955072e-12
622,3.6145326908154545e-10,1.0365273361893048e-11
623,3.6499742190615916e-10,1.0732008426387917e-11
624,3.7116160845528433e-10,1.1205765793634215e-11
625,4.1345064989345123e-10,1.3586457633118296e-11
626,4.905209410752784e-10,1.84500761636696e-11
627,5.526507869645294e-10,2.2979966992411692e-11
628,5.743956660257565e-10,2.4719163416414813e-11
629,5.963661840255686e-10,2.636580645829761e-11
630,6.23087751683295e-10,2.8110108490689037e-11
631,6.235368895156721e-10,2.7920921386195594e-11
632,5.910149141478382e-10,2.5766238101162303e-11
633,5.66309046833629e-10,2.4492222388030494e-11
634,5.834211841260386e-10,2.6163239093722784e-11
635,6.199954820187615e-10,2.9100726976005883e-11
636,6.549098676480636e-10,3.224043280841125e-11
637,6.927880537070115e-10,3.556923905777553e-11
638,7.571050958877932e-10,4.0540482845490743e-11
639,8.466504430895532e-10,4.7844246575380205e-11
640,9.301428779037111e-10,5.583094348674098e-11
641,9.85539520162359e-10,6.197444653761464e-11
642,1.0114355537552865e-09,6.49959901074297e-11
643,1.0034214886600092e-09,6.46832250196731e-11
644,9.447093439679903e-10,5.949476725113422e-11
645,8.640201307590583e-10,5.2192749449323526e-11
646,8.351210777367373e-10,5.007148637931271e-11
647,8.547857826986656e-10,5.184318111805907e-11
648,8.681671277089572e-10,5.2270764752171434e-11
649,8.6593512265156e-10,5.191485073699609e-11
650,8.925899525012485e-10,5.472764246324827e-11
651,9.848902648719683e-10,6.386014345641741e-11
652,1.081103757511391e-09,7.388732321983377e-11
653,1.08721177820098e-09,7.615143374476934e-11
654,1.0261808842616917e-09,7.24380660485114e-11
655,9.896456919580722e-10,7.034096069947684e-11
656,9.872668235474362e-10,6.994273582061148e-11
657,9.226991891660743e-10,6.11522325121488e-11
658,8.045301891909687e-10,4.788416829145669e-11
659,7.231168077799318e-10,3.9093519468212215e-11
660,7.046218327089647e-10,3.5701908698946156e-11
661,6.906022966500242e-10,3.3117640385432043e-11
662,6.217473516068107e-10,2.732125182591883e-11
663,5.380798265541616e-10,2.1215040498990932e-11
664,4.947132827389861e-10,1.8016959314821117e-11
665,4.6246765996237887e-10,1.551745531849888e-11
666,3.9721073524830575e-10,1.1556475936255323e-11
667,3.2151026314299116e-10,7.729959289653943e-12
668,2.8177966857134303e-10,5.8931762830803486e-12
669,2.783820781858962e-10,5.604871100030477e-12
670,2.679561578011781e-10,5.1362730598977e-12
671,2.3159769416276568e-10,3.877057116769135e-12
672,2.0742058553959379e-10,3.1516465534045492e-12
673,2.1992900516950063e-10,3.6067547715673916e-12
674,2.5202657662627395e-10,4.837802101815304e-12
675,2.635397847013306e-10,5.527575627732563e-12
676,2.546268285872944e-10,5.4840520864717315e-12
677,2.639909997141338e-10,6.004665289721913e-12
678,3.0070278251222334e-10,7.42470525827865e-12
679,3.3674226089170737e-10,8.884789416890083e-12
680,3.488375852696642e-10,9.546343259379148e-12
681,3.64323891954839e-10,1.0698964297906767e-11
682,4.1817330869569693e-10,1.4267690139508102e-11
683,4.855192607484858e-10,1.914257693963845e-11
684,5.234987981703016e-10,2.2349527761008148e-11
685,5.273467078323903e-10,2.263856187864857e-11
686,5.423068124132715e-10,2.333448049657877e-11
687,5.681844047453255e-10,2.505618219887636e-11
688,5.699046566054037e-10,2.5933827336221642e-11
689,5.462617313649187e-10,2.537276203666369e-11
690,5.34907975277921e-10,2.497344509158296e-11
691,5.446191390302748e-10,2.4923245703964427e-11
692,5.541257827958314e-10,2.473341682139239e-11
693,5.533871776765584e-10,2.4513281703987746e-11
694,5.736798151530399e-10,2.6412212617888957e-11
695,6.275213920995391e-10,3.086074239767976e-11
696,6.86493403703553e-10,3.551588757955511e-11
697,7.112954444009153e-10,3.721447536903475e-11
698,7.254196278817013e-10,3.808822959773091e-11
699,7.68410307639318e-10,4.1622598804203966e-11
700,8.130486397747658e-10,4.5361271928433345e-11
701,8.030101378674638e-10,4.4366352983560915e-11
702,7.534625512441859e-10,4.014255959402612e-11
703,7.271234291803174e-10,3.7779204119918955e-11
704,7.570851994034596e-10,4.019925067919133e-11
705,8.065111167901901e-10,4.4832976869005586e-11
706,8.263492327551265e-10,4.7424702979640193e-11
707,8.400957934187401e-10,4.974722559271994e-11
708,8.813891312203044e-10,5.404863302598419e-11
709,9.504925964480338e-10,6.067330916059838e-11
710,9.854696324460594e-10,6.377424163661984e-11
711,9.40703994304143e-10,5.84442372462302e-11
712,8.75955140439411e-10,5.1554611964292176e-11
713,8.366085175939987e-10,4.739116171764107e-11
714,7.778828550332532e-10,4.129379409777763e-11
715,6.63532931672507e-10,3.13258927673155e-11
716,5.341389542120826e-10,2.1645519437211294e-11
717,4.422475600143186e-10,1.5284531695197328e-11
718,4.001824089812233e-10,1.2274559657174204e-11
719,3.711423395267712e-10,1.0256193111765977e-11
720,3.3756364671457597e-10,8.411942367268303e-12
721,3.1119936678105023e-10,7.16653826458557e-12
722,3.13774773492921e-10,7.376374473727192e-12
723,3.4000293821321536e-10,8.875189016950357e-12
724,3.692940325590541e-10,1.0988502502829889e-11
725,3.8419553423353025e-10,1.2621721951224521e-11
726,3.9041467028656123e-10,1.3705912560673481e-11
727,3.892696562098759e-10,1.3955730556241736e-11
728,3.7925783332397586e-10,1.3368885254780431e-11
729,3.6626293313876533e-10,1.2649724236649617e-11
730,3.604059490259262e-10,1.2512677379428162e-11
731,3.6027869669715614e-10,1.2732898363128119e-11
732,3.520121042699758e-10,1.2401390232450735e-11
733,3.3380072499172654e-10,1.1336912490992694e-11
734,3.2413067039796175e-10,1.0647367987537362e-11
735,3.378437766738369e-10,1.1153383446973265e-11
736,3.722848091660023e-10,1.2886822825805542e-11
737,4.0763954792945765e-10,1.4991007977646176e-11
738,4.403148159432069e-10,1.731158617901851e-11
739,4.883127541786082e-10,2.104057538191293e-11
740,5.709146909713973e-10,2.793584364560068e-11
741,6.678682559368998e-10,3.684169356046578e-11
742,7.289079813322924e-10,4.280050379862813e-11
743,7.349292385828493e-10,4.320882905767989e-11
744,7.023365970658974e-10,3.9441005506736084e-11
745,6.669036577484456e-10,3.572069057859421e-11
746,6.537212384941455e-10,3.503379076875613e-11
747,6.429727765857926e-10,3.4873659297563495e-11
748,6.210560220148079e-10,3.352749540409377e-11
749,5.921736419299984e-10,3.115037148161816e-11
750,5.645619729335554e-10,2.81325410581884e-11
751,5.713094287231211e-10,2.791600170010991e-11
752,6.12481792481796e-10,3.082696924133884e-11
753,6.712007851118501e-10,3.548620487535454e-11
754,7.122877011220708e-10,3.8501906837470634e-11
755,7.24774414081184e-10,3.883076307646164e-11
756,7.351598384539845e-10,3.9152603381459734e-11
757,7.507993390946515e-10,4.0052206506187935e-11
758,7.665378364210394e-10,4.140696022331193e-11
759,7.493462496405495e-10,4.011363936155157e-11
760,7.078245721019117e-10,3.6923383868684156e-11
761,6.788395587256613e-10,3.481382054474506e-11
762,6.760008570347667e-10,3.441705504534113e-11
763,6.882425876762181e-10,3.494818513402696e-11
764,7.053502796326993e-10,3.6114336734624596e-11
765,7.18470849822378e-10,3.693826311850793e-11
766,7.609440912460858e-10,4.0659562585690685e-11
767,8.073299874870924e-10,4.457554066834486e-11
768,8.134063217538833e-10,4.4680843763786146e-11
769,7.608059343012428e-10,3.993475291899092e-11
770,6.756876355279326e-10,3.2935724064252396e-11
771,5.978864272467246e-10,2.6673601539622628e-11
772,5.209685474442971e-10,2.0401817445489383e-11
773,4.41980315342589e-10,1.472368316197706e-11
774,3.654010343081314e-10,1.0133412873642432e-11
775,3.2102674276288414e-10,7.835243476361932e-12
776,3.181419120745936e-10,7.663233713500946e-12
777,3.304448865521408e-10,8.143718744029767e-12
778,3.3249442660979575e-10,8.216843441328128e-12
779,3.3496638658832477e-10,8.662978428158016e-12
780,3.6207420464456275e-10,1.057839057918855e-11
781,4.181383090300657e-10,1.4182200072147412e-11
782,4.678215087420357e-10,1.7483902041783653e-11
783,4.698733539346992e-10,1.7870363774780154e-11
784,4.5488062543746923e-10,1.7572629529852796e-11
785,4.468408241755047e-10,1.775193897705322e-11
786,4.400486636000233e-10,1.7912153072086116e-11
787,4.0181759077446075e-10,1.5778877443268985e-11
788,3.4221088209024347e-10,1.2100196715331542e-11
789,3.0886111410962104e-10,9.936920902581272e-12
790,3.2094504379461733e-10,1.0356961211104816e-11
791,3.6211585068307516e-10,1.2767246523134382e-11
792,4.1258710064598057e-10,1.6380512694342635e-11
793,4.745309281368181e-10,2.1008767864433628e-11
794,5.720201512827273e-10,2.8142713893181555e-11
795,6.967999963441727e-10,3.789882399095732e-11
796,8.022438453083752e-10,4.7352064250848026e-11
797,8.695347042147789e-10,5.471074901008831e-11
798,9.236845624899822e-10,6.106540954155973e-11
799,9.581775277471162e-10,6.453088421491472e-11
800,9.281279337210901e-10,6.068077264782417e-11
801,8.351253363911954e-10,5.095857664063082e-11
802,7.519546902059608e-10,4.286263297508453e-11
803,7.314578780967186e-10,4.095831027507656e-11
804,7.360731084913904e-10,4.139034923712313e-11
805,7.089694422563282e-10,3.9088815550250727e-11
806,6.651977748471392e-10,3.5252537043940395e-11
807,6.504812710076713e-10,3.308938548910003e-11
808,6.970430995066351e-10,3.5900961401868956e-11
809,7.555834535983821e-10,4.045998745393175e-11
810,7.613430350725978e-10,4.118678657821981e-11
811,7.344718459503707e-10,3.933186927650715e-11
812,7.377057040048738e-10,3.98364443138759e-11
813,7.940202200561996e-10,4.4774785926351096e-11
814,8.228246609995071e-10,4.652304290395526e-11
815,7.697720904025849e-10,4.0822882836486e-11
816,6.907703680810532e-10,3.3628083162921205e-11
817,6.468353104355074e-10,2.9524955745744774e-11
818,6.312376315139706e-10,2.775332750577967e-11
819,5.876368238292354e-10,2.448653366979661e-11
820,5.262208590356706e-10,2.0709871674162114e-11
821,5.020373053628792e-10,1.9521428362992594e-11
822,5.426674976668426e-10,2.258051904129523e-11
823,6.039628609213667e-10,2.716793554913396e-11
824,6.256107713580374e-10,2.8689734375184183e-11
825,6.226407156192012e-10,2.8015527330931065e-11
826,6.440664247880131e-10,2.8895264701410335e-11
827,6.639779085144095e-10,2.955009035723481e-11
828,6.199103402769704e-10,2.6041959335830506e-11
829,5.059558926727574e-10,1.8290304512240987e-11
830,4.056924255501616e-10,1.2254273019096074e-11
831,3.3759491969926956e-10,8.40775959504383e-12
832,2.806198833935623e-10,5.616680926433951e-12
833,2.2939033585421392e-10,3.6858911877338765e-12
834,2.02809672120612e-10,2.8932222099159457e-12
835,2.225731755035547e-10,3.660814880242812e-12
836,2.672570572721608e-10,5.394964171713508e-12
837,3.0335526522076026e-10,7.040874441718282e-12
838,3.170356862666504e-10,7.867522719654119e-12
839,3.347182689018978e-10,8.914345177466573e-12
840,3.5945507833227104e-10,1.0441419270754824e-11
841,3.592435326026495e-10,1.0950671989527844e-11
842,3.261072757419673e-10,9.746397704772196e-12
843,2.9397999021278405e-10,8.306010147786893e-12
844,2.859344377348755e-10,7.799851730623217e-12
845,2.846015923444616e-10,7.730707438308904e-12
846,2.804051487959864e-10,8.089114612402023e-12
847,2.911754804480099e-10,9.6805400035171e-12
848,3.447400730272405e-10,1.3873554874736108e-11
849,4.289093330905553e-10,1.9995782077085265e-11
850,5.0052558430478e-10,2.5139757733942128e-11
851,5.419432514439636e-10,2.803621077896652e-11
852,5.918438660978067e-10,3.169524707101735e-11
853,6.664737064746934e-10,3.745079919356568e-11
854,7.199925289734715e-10,4.159755105859752e-11
855,7.122189599840213e-10,4.0331460651640066e-11
856,6.689651654181314e-10,3.552655353081702e-11
857,6.641505290439562e-10,3.430189584275233e-11
858,6.98343154736787e-10,3.6935119027479344e-11
859,7.316538811074654e-10,4.0465493843290724e-11
860,7.411806337227579e-10,4.277852534601742e-11
861,7.502696031074533e-10,4.507586462901371e-11
862,7.868238259902292e-10,4.897848129172772e-11
863,8.278316016592165e-10,5.2273118975578353e-11
864,8.43422912958913e-10,5.2937719033050914e-11
865,8.363961593194539e-10,5.1609430562937195e-11
866,8.521208133992644e-10,5.25850714357772e-11
867,8.911076986021801e-10,5.5528030594261107e-11
868,8.9978859340396e-10,5.530481635623719e-11
869,8.520789875380717e-10,5.004580888752847e-11
870,7.985772788266396e-10,4.483599948579568e-11
871,7.815193438318801e-10,4.286642218818608e-11
872,7.852617310234567e-10,4.278083966274701e-11
873,7.616101850359677e-10,4.0656942839547574e-11
874,7.278736723772672e-10,3.818466916957332e-11
875,7.211637466271842e-10,3.770042556394514e-11
876,7.516272387693338e-10,4.009890796805425e-11
877,7.664541368849778e-10,4.127977812102604e-11
878,7.416643038861584e-10,3.9465176487907025e-11
879,7.210910734940739e-10,3.802200342511878e-11
880,7.201940461391883e-10,3.7421350976664585e-11
881,7.022590333854589e-10,3.495146896343891e-11
882,6.337823306885669e-10,2.8863360495097296e-11
883,5.530275420845342e-10,2.258360858534928e-11
884,5.078848021676119e-10,1.9099181026558336e-11
885,4.949766033686732e-10,1.787237276322945e-11
886,4.705242448200904e-10,1.6064627084933234e-11
887,4.234942391404659e-10,1.3118575636093279e-11
888,3.813816686278582e-10,1.0624516623362585e-11
889,3.620052634653089e-10,9.467196639228753e-12
890,3.6181529650008726e-10,9.478128644668785e-12
891,3.5881670299894516e-10,9.473636118486588e-12
892,3.538674998374492e-10,9.444762239920694e-12
893,3.5866820993190577e-10,9.885291924094482e-12
894,3.7547475088088124e-10,1.0846855627530496e-11
895,3.9804091475981616e-10,1.213439425858111e-11
896,4.1872827028707247e-10,1.3526160046460802e-11
897,4.307805696828349e-10,1.4726024281906296e-11
898,4.3214713254968165e-10,1.5617930632769078e-11
899,4.1870726217896443e-10,1.567412421895017e-11
900,3.8847249700897893e-10,1.444003274810174e-11
901,3.5917445492234155e-10,1.3197837127666615e-11
902,3.5250784998429493e-10,1.3459090215180581e-11
903,3.7143016098673095e-10,1.563100661329475e-11
904,4.0527945738260263e-10,1.9206322182121545e-11
905,4.4014790501491024e-10,2.2993152618976002e-11
906,4.842738399592538e-10,2.670786882892742e-11
907,5.536964624977377e-10,3.168922526039954e-11
908,6.417267421658428e-10,3.813768245585829e-11
909,7.103182086232567e-10,4.315675184673488e-11
910,7.342452648860367e-10,4.4622107847077025e-11
911,7.345791819519435e-10,4.405708178692694e-11
912,7.336876909359574e-10,4.318534737206313e-11
913,7.296484752089594e-10,4.2368070964533807e-11
914,7.167563601914919e-10,4.176564257550762e-11
915,7.211189711190516e-10,4.335434658964595e-11
916,7.554183432634604e-10,4.733992145470564e-11
917,7.8859851539074e-10,5.055185344253319e-11
918,7.901416015027417e-10,5.064159154116164e-11
919,7.991220042240126e-10,5.190458130091748e-11
920,8.497656596737444e-10,5.667307478491364e-11
921,9.352168834594705e-10,6.468710838317247e-11
922,9.786659915074455e-10,6.8532413291127e-11
923,9.521549305234355e-10,6.502688189235598e-11
924,9.326309428276249e-10,6.201182275611203e-11
925,9.405251859576287e-10,6.109329382536252e-11
926,9.264930186830471e-10,5.808201019839569e-11
927,8.634500883205133e-10,5.1322364499234284e-11
928,8.076870674275773e-10,4.578438566072658e-11
929,8.103429495191248e-10,4.523195645925812e-11
930,8.636840616320421e-10,4.969626151087628e-11
931,9.064875493207231e-10,5.42667320516658e-11
932,9.123227449837255e-10,5.5940956565060317e-11
933,9.226483383514154e-10,5.8146715441513434e-11
934,9.587423297048454e-10,6.294808506772748e-11
935,9.841271222330847e-10,6.613427399315694e-11
936,9.64703075299163e-10,6.366537167757442e-11
937,9.056016128804761e-10,5.614584481051571e-11
938,8.511584511883218e-10,4.9317652005282995e-11
939,8.070450185936524e-10,4.400886793867058e-11
940,7.619719175342243e-10,3.932211050936477e-11
941,7.028882191775171e-10,3.398478086297825e-11
942,6.553095455472115e-10,3.021574190804514e-11
943,6.148179193645139e-10,2.696336736625514e-11
944,5.797233665726156e-10,2.4208999876357566e-11
945,5.520549515080718e-10,2.22293559129174e-11
946,5.388126489741234e-10,2.1231307764005788e-11
947,5.480098372075346e-10,2.1796958303716268e-11
948,5.644405477569384e-10,2.3017845218510452e-11
949,5.791599748916122e-10,2.434526070531331e-11
950,6.16689000069881e-10,2.7558271292473355e-11
951,6.799925160306794e-10,3.2729425267035535e-11
952,7.268340449274743e-10,3.673454886268831e-11
953,7.217219212230093e-10,3.715336004031295e-11
954,6.731500888899624e-10,3.4044938645054105e-11
955,6.339335427933039e-10,3.1182868213627695e-11
956,6.017419613842835e-10,2.819351345412442e-11
957,5.41282629818613e-10,2.3234309282506642e-11
958,4.748784856304129e-10,1.8932682050713022e-11
959,4.4614100986800216e-10,1.793913296257299e-11
960,4.820178470972173e-10,2.189837405158468e-11
961,5.37935767547874e-10,2.7427697059549696e-11
962,5.512295312251995e-10,2.8851030107306903e-11
963,5.422491694263917e-10,2.7655406360752276e-11
964,5.793725787193673e-10,2.970620189535719e-11
965,6.812741611474953e-10,3.743730799661801e-11
966,7.841264019663521e-10,4.6506506448296416e-11
967,8.148715197173992e-10,4.977359995193742e-11
968,8.089537856584926e-10,4.9047226729194344e-11
969,8.214249939255302e-10,4.8875186728493826e-11
970,8.088745765098841e-10,4.580452159751265e-11
971,7.341696371275334e-10,3.889618249042598e-11
972,6.459296302373301e-10,3.238554143008331e-11
973,6.192906148140553e-10,3.101425199642765e-11
974,6.441665610596507e-10,3.3248095946655705e-11
975,6.495459871489299e-10,3.361035339114348e-11
976,6.101700014031731e-10,3.000673601174279e-11
977,6.073220233143154e-10,2.927476444299142e-11
978,6.85130092284357e-10,3.500461983896712e-11
979,7.964322175199761e-10,4.440139691492825e-11
980,8.585634619930252e-10,5.077248268381916e-11
981,8.811947887598095e-10,5.368259436932854e-11
982,9.380686644260673e-10,5.901115318124416e-11
983,1.0033373021598971e-09,6.425435500064345e-11
984,9.88881077175852e-10,6.205840665982877e-11
985,8.76058224683786e-10,5.091906849978412e-11
986,7.843851495587957e-10,4.2426435225255136e-11
987,7.577980179528906e-10,3.964003865187948e-11
988,7.501971525371656e-10,3.875786647451246e-11
989,7.043520410404679e-10,3.5094773215899925e-11
990,6.458668170515042e-10,3.050840161451778e-11
991,6.265693592403948e-10,2.8713768402422322e-11
992,6.612726283061689e-10,3.125311572802187e-11
993,7.18343580833535e-10,3.627075122111421e-11
994,7.480844120531151e-10,3.8981980683571625e-11
995,7.678992205577953e-10,4.08079730692398e-11
996,7.870374203215801e-10,4.236725137144648e-11
997,8.018239110443839e-10,4.364170774358943e-11
998,7.976738207801875e-10,4.336970740937744e-11
999,7.488008560399186e-10,3.867266936449632e-11
1000,6.671952007683951e-10,3.1237264987938425e-11
1001,5.842203455357718e-10,2.442099723276962e-11
1002,5.051936253469961e-10,1.837211364867547e-11
1003,4.512730289024106e-10,1.4674132813924022e-11
1004,4.184948550458791e-10,1.273416630196156e-11
1005,4.069196992415281e-10,1.2242518267997023e-11
1006,4.2324703326702455e-10,1.344050855879553e-11
1007,4.529300414161725e-10,1.54134319148325e-11
1008,4.887219328406667e-10,1.78658979670429e-11
1009,5.129134872938373e-10,1.9575957745018928e-11
1010,5.351769778149886e-10,2.1151196353005836e-11
1011,5.505791235479521e-10,2.207082793075031e-11
1012,5.423079124239687e-10,2.1407687076301718e-11
1013,5.105375302121142e-10,1.9575132437699163e-11
1014,4.5875592638529764e-10,1.6717632174783236e-11
1015,4.1712310407971755e-10,1.4831405863773075e-11
1016,3.931839907620809e-10,1.4096007723339871e-11
1017,3.865289823500962e-10,1.425586463968208e-11
1018,3.9892689278597945e-10,1.549081311571829e-11
1019,4.2837335382798066e-10,1.7769725156018193e-11
1020,4.769259704607508e-10,2.1452039852199406e-11
1021,5.360797840650234e-10,2.5932450682865058e-11
1022,5.93326727264308e-10,3.0068228724817785e-11
1023,6.264585451745623e-10,3.1845787267016115e-11
1024,6.268265461332598e-10,3.087557815796067e-11
1025,6.197545135951388e-10,2.9784997711337556e-11
1026,6.216067458357129e-10,2.9905897738067204e-11
1027,6.247014048350886e-10,3.040561052396813e-11
1028,6.022838133000264e-10,2.902441868423511e-11
1029,5.480871624525259e-10,2.517969297839722e-11
1030,5.051626056740667e-10,2.214802740766781e-11
1031,5.013939000423727e-10,2.172589704357869e-11
1032,5.257333658049613e-10,2.330478283796045e-11
1033,5.47526910732999e-10,2.4966952265939734e-11
1034,5.526676777842941e-10,2.5375932220867384e-11
1035,5.696803884881233e-10,2.6426836106955253e-11
1036,6.305967775874846e-10,3.0809198388129187e-11
1037,7.185263735371015e-10,3.7807561833768936e-11
1038,7.765478870088884e-10,4.2620342399028426e-11
1039,7.9556952287305e-10,4.430415736290197e-11
1040,8.128351251674939e-10,4.570937999579375e-11
1041,8.411980250587504e-10,4.744976712161106e-11
1042,8.288408848681585e-10,4.509821612193249e-11
1043,7.572047390621933e-10,3.841182545667459e-11
1044,6.705700740764597e-10,3.134022437135102e-11
1045,6.318887205716597e-10,2.841481232787912e-11
1046,6.158664478320749e-10,2.700861820206028e-11
1047,5.778795159572816e-10,2.4239494896493014e-11
1048,5.278749207427283e-10,2.0994539814214992e-11
1049,5.313601768270747e-10,2.1444701856912006e-11
1050,6.145280009692614e-10,2.7447866541279817e-11
1051,7.154116711355659e-10,3.515337973470054e-11
1052,7.535769975912589e-10,3.846532892026282e-11
1053,7.637352539077674e-10,3.9954148194646156e-11
1054,8.145406915608192e-10,4.4509312396701876e-11
1055,8.739729005613149e-10,4.9298792069592696e-11
1056,8.078323684069087e-10,4.273630765909942e-11
1057,6.234105746677697e-10,2.7445035761221075e-11
1058,4.76054273032455e-10,1.6926143917061977e-11
1059,4.2277233527676775e-10,1.3309418213525505e-11
1060,4.1261158917710737e-10,1.2439003565981229e-11
1061,3.9188648366777613e-10,1.1388012221656274e-11
1062,3.5623571233906636e-10,9.583294186408923e-12
1063,3.5995498159518626e-10,9.77862005129615e-12
1064,4.1910588295245143e-10,1.301300063493728e-11
1065,4.919268422447786e-10,1.7640496430671656e-11
1066,5.332830489861894e-10,2.0877922962318792e-11
1067,5.711509416867567e-10,2.4174624650746674e-11
1068,6.249385250810386e-10,2.8235447930876546e-11
1069,6.624881388413745e-10,3.0760845373062155e-11
1070,6.201868969119778e-10,2.7145063540729137e-11
1071,5.13434528053651e-10,1.936615439817759e-11
1072,4.2744825343307124e-10,1.3991302103207805e-11
1073,3.850236255568514e-10,1.1784924519800684e-11
1074,3.510121085854081e-10,1.026372030680976e-11
1075,3.096265078200431e-10,8.552009935272643e-12
1076,2.8801271494534246e-10,7.98626441212384e-12
1077,3.1462835531970266e-10,9.954115326291468e-12
1078,3.8072752427008556e-10,1.442670828285871e-11
1079,4.4391296742166543e-10,1.9000919060576184e-11
1080,4.812719297540872e-10,2.132730206309274e-11
1081,5.234863180628249e-10,2.3257270816862135e-11
1082,5.784509609621577e-10,2.5770605122029376e-11
1083,6.006964185840236e-10,2.6442345773178945e-11
1084,5.601145158153354e-10,2.3672172512785176e-11
1085,5.04524023798525e-10,2.0569939829087936e-11
1086,4.778763982748107e-10,1.951458208889139e-11
1087,4.5793720827612955e-10,1.878757579241397e-11
1088,4.284996260503762e-10,1.7602203598763932e-11
1089,4.1310417935127684e-10,1.7287276024928293e-11
1090,4.566270943840254e-10,2.0718207990187396e-11
1091,5.630637816675035e-10,2.8712207217795917e-11
1092,6.620304053654701e-10,3.586207011922699e-11
1093,7.006004154621632e-10,3.756465054012292e-11
1094,7.43949970321769e-10,3.9948030709261346e-11
1095,8.364534013345184e-10,4.69837043807527e-11
1096,9.230390063843312e-10,5.4359108846176533e-11
1097,9.265198265010873e-10,5.5454122678664904e-11
1098,8.434510986277804e-10,4.807560718400109e-11
1099,7.759285501691148e-10,4.1567278114675264e-11
1100,7.380890050561178e-10,3.744356006831638e-11
1101,6.953324243496208e-10,3.341893436036567e-11
1102,6.388042352756978e-10,2.873827494525425e-11
1103,6.111115785992631e-10,2.6493011673950506e-11
1104,6.252026437157935e-10,2.748167910987555e-11
1105,6.510359333809518e-10,2.963282128857985e-11
1106,6.704859443883687e-10,3.175112981793393e-11
1107,7.180017418211956e-10,3.642703617769108e-11
1108,8.203361537280495e-10,4.5949928688863016e-11
1109,9.298690912246486e-10,5.649043415927819e-11
1110,9.786183851507804e-10,6.193773763390555e-11
1111,9.771746386223223e-10,6.261383797876954e-11
1112,9.803112190786308e-10,6.288682578121732e-11
1113,9.729567923196414e-10,6.12387036991761e-11
1114,8.871076814377743e-10,5.2240732809305053e-11
1115,7.696337177096859e-10,4.176846682056381e-11
1116,6.834587143748526e-10,3.407190781366721e-11
1117,6.523054052171231e-10,3.082927638512059e-11
1118,6.32232737950987e-10,2.900765887706306e-11
1119,5.82803837883202e-10,2.5184793357248047e-11
1120,5.550489261685869e-10,2.3168062633965437e-11
1121,5.936926198507177e-10,2.60243692703621e-11
1122,6.874627256528483e-10,3.34801201914837e-11
1123,7.756704429725918e-10,4.127950034124242e-11
1124,8.258653325542489e-10,4.6443403843427464e-11
1125,8.630790872424941e-10,5.0463184073467825e-11
1126,9.064145471597701e-10,5.460233143120171e-11
1127,8.923319116076865e-10,5.245653228205854e-11
1128,7.690670059022405e-10,4.0186304889897884e-11
1129,6.032639265881057e-10,2.6058623482047972e-11
1130,4.957596802674428e-10,1.8157339239126135e-11
1131,4.466017981601541e-10,1.468524018004698e-11
1132,4.145582328492992e-10,1.2646085655063591e-11
1133,3.825155067311467e-10,1.1191320353881786e-11
1134,3.6787282110551566e-10,1.0809086622769376e-11
1135,3.9308663490264755e-10,1.2385127233576688e-11
1136,4.379334505228202e-10,1.4942163352631813e-11
1137,4.507107725505767e-10,1.5507985070797513e-11
1138,4.322435823377076e-10,1.4281922291759552e-11
1139,4.19369633083559e-10,1.3404669439930815e-11
1140,4.249826224627668e-10,1.353707905118302e-11
1141,4.2263702428599065e-10,1.332928294432495e-11
1142,3.8889780505405585e-10,1.1546440119267486e-11
1143,3.499163145127055e-10,9.62679932055617e-12
1144,3.4021584627833856e-10,9.260636907594495e-12
1145,3.700977278260184e-10,1.106725752215955e-11
1146,4.199092890520447e-10,1.434271307817765e-11
1147,4.665873579880738e-10,1.770572577125233e-11
1148,5.26318222730007e-10,2.21281919391363e-11
1149,6.190567956765101e-10,2.9051935048450778e-11
1150,7.330110985322984e-10,3.802331760467552e-11
1151,8.167232843932014e-10,4.5165751285470046e-11
1152,8.50281994687282e-10,4.851821884121616e-11
1153,8.555640127171361e-10,4.8858069129765106e-11
1154,8.571143162916545e-10,4.8352641583775026e-11
1155,8.337236174694068e-10,4.5655131896220164e-11
1156,7.657248379625536e-10,3.9419617283277575e-11
1157,6.707648738676221e-10,3.1078521131179475e-11
1158,6.084272655200279e-10,2.599092941496528e-11
1159,5.793256711421727e-10,2.364961175055464e-11
1160,5.816243335949008e-10,2.3925266429364675e-11
1161,6.089058531931242e-10,2.637622764720829e-11
1162,6.650310750404246e-10,3.125366189907792e-11
1163,7.46490426239429e-10,3.850397669784996e-11
1164,8.376991596797004e-10,4.7206580340755904e-11
1165,9.219187660843002e-10,5.5825788050215196e-11
1166,9.903631678452933e-10,6.3104350614763e-11
1167,1.0290707822135039e-09,6.722595294820885e-11
1168,1.0225544254637746e-09,6.677463784053385e-11
1169,9.92562038673926e-10,6.46159594364146e-11
1170,9.447413825163766e-10,6.022222293045212e-11
1171,9.021673542576315e-10,5.633417856868957e-11
1172,8.628660346349822e-10,5.302208342061212e-11
1173,8.334752831384049e-10,5.084471695934168e-11
1174,8.143164379934069e-10,4.899645519213663e-11
1175,8.161722876978764e-10,4.8717370658910105e-11
1176,8.174165497671812e-10,4.789993895140853e-11
1177,8.152020295461944e-10,4.685435756190895e-11
1178,8.164118184216405e-10,4.6583675849042134e-11
1179,8.163570446245149e-10,4.6294367081632874e-11
1180,8.095668818233616e-10,4.541749892849204e-11
1181,7.996480425046037e-10,4.4530514485169514e-11
1182,7.86565627672736e-10,4.323938403302499e-11
1183,7.574377181135872e-10,4.0023444006204616e-11
1184,6.999594927286943e-10,3.4270872864609386e-11
1185,6.130376783879692e-10,2.6646205905284838e-11
1186,5.230916534063014e-10,1.965999174001671e-11
1187,4.655959883405258e-10,1.5665594261027698e-11
1188,4.261227306708843e-10,1.3098185395532404e-11
1189,3.8773686120236985e-10,1.1003283831493523e-11
1190,3.4694503568298223e-10,9.068930183122186e-12
1191,3.2073983399840356e-10,7.948191429219611e-12
1192,3.202273674634442e-10,8.022728106442722e-12
1193,3.4264044329584347e-10,9.222023733095374e-12
1194,3.632338784561587e-10,1.032332965579324e-11
1195,3.703619415657908e-10,1.0640460008236569e-11
1196,3.767757733639133e-10,1.0920991978030676e-11
1197,3.892114304201702e-10,1.1504906302846654e-11
1198,4.0078515097059644e-10,1.2031472014225624e-11
1199,3.960530814566773e-10,1.1800700817073974e-11
1200,3.7230627941392486e-10,1.0684330425212238e-11
1201,3.4389727575022147e-10,9.3432962001063e-12
1202,3.2162332787287287e-10,8.274027796696956e-12
1203,3.1294812214663196e-10,7.862705852387412e-12
1204,3.2892167319741954e-10,8.69888634949206e-12
1205,3.789896118924757e-10,1.1347159539145473e-11
1206,4.69655597824425e-10,1.674187505498408e-11
1207,5.792180700726567e-10,2.4260643834284687e-11
1208,6.70578519314062e-10,3.129051161911604e-11
1209,7.405762618866032e-10,3.7227086968808934e-11
1210,7.944779965824757e-10,4.1876127399067356e-11
1211,8.170658739843507e-10,4.3713663275548814e-11
1212,7.993238475965356e-10,4.238933469674113e-11
1213,7.384228163923109e-10,3.714462722838238e-11
1214,6.826360007693729e-10,3.236529122654085e-11
1215,6.48568091152444e-10,2.9349089467928135e-11
1216,6.412658073605161e-10,2.8670662836871273e-11
1217,6.775073233726938e-10,3.194608287550169e-11
1218,7.512638318455223e-10,3.852953410089745e-11
1219,8.461545838767567e-10,4.7482380254081105e-11
1220,9.097689022373679e-10,5.41377500645029e-11
1221,9.452096642653862e-10,5.866700199047662e-11
1222,9.937100786857225e-10,6.450160040694372e-11
1223,1.0660853188264938e-09,7.258722685386976e-11
1224,1.1191943930178717e-09,7.919823785612855e-11
1225,1.1055280159916882e-09,7.884226248092027e-11
1226,1.0462143115056069e-09,7.25278084603316e-11
1227,9.86405033528969e-10,6.52654656948402e-11
1228,9.253932595090631e-10,5.7930251026143286e-11
1229,8.530390270713572e-10,5.041553566800274e-11
1230,7.883043529541866e-10,4.418975625937743e-11
1231,7.682334088481938e-10,4.210048456961805e-11
1232,7.973516506009735e-10,4.4568271867166405e-11
1233,8.338496270687786e-10,4.803831185521399e-11
1234,8.632541851882936e-10,5.150226863056972e-11
1235,8.975566532729069e-10,5.5373824763609193e-11
1236,9.504064482190542e-10,6.041581895621049e-11
1237,9.984547843816278e-10,6.463244051353111e-11
1238,9.950903962733529e-10,6.373589784891138e-11
1239,9.55328084534424e-10,5.9619060116874e-11
1240,9.147478713419158e-10,5.536242529466783e-11
1241,8.570834413422381e-10,4.893059175066266e-11
1242,7.551152964656825e-10,3.90182411255071e-11
1243,6.351419166844667e-10,2.9060119022431825e-11
1244,5.504946502728459e-10,2.2795306077843818e-11
1245,5.104220108651937e-10,1.9955911785162852e-11
1246,4.850677498079289e-10,1.8194255708327374e-11
1247,4.548998935557305e-10,1.6240204131560613e-11
1248,4.4634839843360723e-10,1.5737638742299453e-11
1249,4.718065903435535e-10,1.7230176089201192e-11
1250,5.082290566268661e-10,1.9543438663229485e-11
1251,5.126602926905164e-10,1.995929594048918e-11
1252,4.810966375973843e-10,1.7915319182733946e-11
1253,4.666638734642943e-10,1.6939662742358418e-11
1254,4.838973875908223e-10,1.788109055155786e-11
1255,4.93309204898338e-10,1.8263158036714257e-11
1256,4.599766672085414e-10,1.6021523604772878e-11
1257,4.1002559290511376e-10,1.3034565801882905e-11
1258,3.818463511480427e-10,1.133033733220016e-11
1259,3.9213870860148087e-10,1.180858733182018e-11
1260,4.108622085297765e-10,1.2901866158393852e-11
1261,4.2774195475025353e-10,1.4171227381174095e-11
1262,4.672092516229906e-10,1.7153762000610773e-11
1263,5.672619318885227e-10,2.480447196505781e-11
1264,7.077154712416355e-10,3.6262917766552096e-11
1265,8.243819559369023e-10,4.6461304585665087e-11
1266,8.786233696568734e-10,5.141686376909659e-11
1267,9.091144321625668e-10,5.386377784862521e-11
1268,9.405386674446968e-10,5.58849737186149e-11
1269,9.326245704258155e-10,5.4394062609646624e-11
1270,8.44266865873089e-10,4.6197850866385205e-11
1271,7.339729567357423e-10,3.6941972786328164e-11
1272,6.773262761763287e-10,3.2493528487684134e-11
1273,6.875373474007549e-10,3.343203686653337e-11
1274,7.405680593646536e-10,3.852886944501709e-11
1275,8.229772855552479e-10,4.7220609417624384e-11
1276,9.373722631159135e-10,5.923328853768581e-11
1277,1.0633923429110784e-09,7.20318924403062e-11
1278,1.170893766222491e-09,8.368503675561799e-11
1279,1.2484257785074988e-09,9.339483236489422e-11
1280,1.2913337210016782e-09,9.888668503597057e-11
1281,1.301601681413615e-09,1.0058577826152088e-10
1282,1.2285877356357542e-09,9.263285999595766e-11
1283,1.087201709561271e-09,7.699848564616539e-11
1284,9.852547000622866e-10,6.622634949842159e-11
1285,9.600542002064818e-10,6.287976202844251e-11
1286,9.68087717158488e-10,6.238226500766534e-11
1287,9.479806535619366e-10,5.947045716338585e-11
1288,9.083538701718259e-10,5.51888268470537e-11
1289,9.271706614183051e-10,5.709942748409131e-11
1290,1.0202657951782618e-09,6.696434273939389e-11
1291,1.1010501198024144e-09,7.622486815126655e-11
1292,1.0883803579702159e-09,7.598899090681576e-11
1293,1.0275745188559462e-09,7.040320195735647e-11
1294,1.005969196188761e-09,6.804194565138648e-11
1295,1.009309907987962e-09,6.710016183882954e-11
1296,9.586044969878015e-10,6.039365708506625e-11
1297,8.555800361749971e-10,4.962944152299311e-11
1298,7.649405219020172e-10,4.075564713748337e-11
1299,7.235642789654649e-10,3.652475399384549e-11
1300,6.837661806683802e-10,3.278546333222459e-11
1301,6.292746247116358e-10,2.8825019955753246e-11
1302,5.95430695883513e-10,2.70203366463718e-11
1303,6.176106461976303e-10,2.934870315025962e-11
1304,6.632704986190719e-10,3.302232561713203e-11
1305,6.778823865227319e-10,3.3942440001802e-11
1306,6.62160960581958e-10,3.232030213411789e-11
1307,6.624397412010094e-10,3.173218639282925e-11
1308,6.986605653022335e-10,3.410033939551062e-11
1309,7.181342177967271e-10,3.5524621527705626e-11
1310,6.785957280788537e-10,3.251565859916711e-11
1311,6.261771754366079e-10,2.860912284084396e-11
1312,6.05092828675371e-10,2.686680941383821e-11
1313,6.039505151003008e-10,2.6474075954766123e-11
1314,5.791958913631948e-10,2.4502392871983284e-11
1315,5.218878796752414e-10,2.0460136572237283e-11
1316,4.982324906799156e-10,1.9010971227265834e-11
1317,5.281583768024873e-10,2.1041046766566503e-11
1318,5.986827859078322e-10,2.6167553082980492e-11
1319,6.596893727094626e-10,3.1140827091828856e-11
1320,6.922165247782204e-10,3.414433760527659e-11
1321,7.37767925581699e-10,3.8206392231702545e-11
1322,8.149598122431074e-10,4.4936338056757245e-11
1323,8.629804909113192e-10,4.885267744685936e-11
1324,8.290007007012004e-10,4.538388687489493e-11
1325,7.49198464549607e-10,3.8324116107765666e-11
1326,6.96851958210444e-10,3.382089027417563e-11
1327,6.759215939619844e-10,3.175615074133662e-11
1328,6.442711565552823e-10,2.907669246577541e-11
1329,5.971060822383078e-10,2.568842666815207e-11
1330,5.712952563325052e-10,2.3886577478126155e-11
1331,6.223556823202515e-10,2.7873054587558627e-11
1332,7.307566447064182e-10,3.690063254115931e-11
1333,8.39983576826127e-10,4.701776100291173e-11
1334,9.233668713916858e-10,5.554759261733873e-11
1335,1.0107506185737036e-09,6.474188036744583e-11
1336,1.1002731572140242e-09,7.394054830700396e-11
1337,1.1329192029137696e-09,7.737419177165196e-11
1338,1.067127686361062e-09,7.093990980474155e-11
1339,9.772487910879742e-10,6.256377694537161e-11
1340,9.311829790520586e-10,5.823017621196949e-11
1341,9.580418633667958e-10,6.157683424405314e-11
1342,1.0108904066543501e-09,6.810907311238364e-11
1343,1.0354958394914558e-09,7.111596476067999e-11
1344,1.0518662155755378e-09,7.284404018072866e-11
1345,1.0971466284237635e-09,7.759597013923216e-11
1346,1.1698296807403024e-09,8.53740099341389e-11
1347,1.2329658349252753e-09,9.297262698876791e-11
1348,1.2260550246241517e-09,9.302419094048071e-11
1349,1.1605368125470008e-09,8.62058017466621e-11
1350,1.0898495285829417e-09,7.840688963901565e-11
1351,1.0386224459045755e-09,7.20426075684352e-11
1352,9.9227249536282e-10,6.601201687267468e-11
1353,9.290795462346749e-10,5.863462873270165e-11
1354,8.738725600874134e-10,5.284763482516124e-11
1355,8.560527198215414e-10,5.106559945256246e-11
1356,8.627517199662022e-10,5.152165132496586e-11
1357,8.71191037181218e-10,5.2581433237394394e-11
1358,8.644829782597279e-10,5.254702635136546e-11
1359,8.790289854100772e-10,5.4923014215090906e-11
1360,9.269039499348035e-10,6.06203789385401e-11
1361,9.64195464427291e-10,6.45708965403398e-11
1362,9.536719909897115e-10,6.293821807362172e-11
1363,9.125682095135768e-10,5.766559413225668e-11
1364,8.619366843255007e-10,5.094482629194124e-11
1365,8.171790660110682e-10,4.5613228365988466e-11
1366,7.619261642232465e-10,4.040031014120275e-11
1367,6.960103335415095e-10,3.4763767309909325e-11
1368,6.405628364430929e-10,3.0078819640602236e-11
1369,6.130814277714967e-10,2.776116950197994e-11
1370,6.035130325521135e-10,2.6867451636911305e-11
1371,6.054163934099293e-10,2.6971342675191426e-11
1372,6.093661852852921e-10,2.7310928703788765e-11
1373,6.100575649448685e-10,2.7390897636779342e-11
1374,6.161246269981659e-10,2.7896192926989157e-11
1375,6.274434970901034e-10,2.8652502309635296e-11
1376,6.668283191526387e-10,3.1833008115468397e-11
1377,7.340449260756838e-10,3.78489360345192e-11
1378,7.925977574517018e-10,4.339864665163891e-11
1379,8.177835074911245e-10,4.593724156193504e-11
1380,8.071386166091641e-10,4.490991258411481e-11
1381,7.733315170973925e-10,4.11572524444627e-11
1382,7.44580086657072e-10,3.799667425933946e-11
1383,7.146113745165056e-10,3.51393245760259e-11
1384,6.719011500186382e-10,3.153037414539995e-11
1385,6.363568456482446e-10,2.885557883407712e-11
1386,6.305124921216339e-10,2.8773286119996456e-11
1387,6.584889337660813e-10,3.1364423475367976e-11
1388,7.234758310407599e-10,3.729130035756896e-11
1389,8.189233336795985e-10,4.650719850846865e-11
1390,9.270863466632933e-10,5.70391302714947e-11
1391,1.0385660211862212e-09,6.81086019160846e-11
1392,1.121693212403255e-09,7.646740836184832e-11
1393,1.1678438874705341e-09,8.13779783918857e-11
1394,1.1743491886113516e-09,8.258933224224476e-11
1395,1.129104289846848e-09,7.853008881440186e-11
1396,1.070502661164625e-09,7.41019463410058e-11
1397,1.0155052037583585e-09,7.008829290638668e-11
1398,9.925371359880566e-10,6.916391331753924e-11
1399,1.0203038242762933e-09,7.379805074974846e-11
1400,1.056391078711153e-09,7.801271360054529e-11
1401,1.0883481969837677e-09,8.0666967961371e-11
1402,1.1169613662488308e-09,8.253177708501192e-11
1403,1.1569350521647722e-09,8.559453388872914e-11
1404,1.1851870459324332e-09,8.784409886221298e-11
1405,1.1826606643343662e-09,8.855589841366409e-11
1406,1.1577745614010126e-09,8.825223969561805e-11
1407,1.1362330982032478e-09,8.775008554200036e-11
1408,1.1473725893687689e-09,9.011459339925941e-11
1409,1.1709829443613181e-09,9.291920588486523e-11
1410,1.1644155032904221e-09,9.054823292113202e-11
1411,1.1519386811917412e-09,8.734959409864916e-11
1412,1.172275720255892e-09,8.84479008796734e-11
1413,1.2056837901550271e-09,9.102009620536234e-11
1414,1.2239903924525863e-09,9.286456579809483e-11
1415,1.2042135057177096e-09,9.138377924761216e-11
1416,1.1572008901895262e-09,8.6753687147119e-11
1417,1.1166313253901953e-09,8.272855844999966e-11
1418,1.0854170139111408e-09,7.940325950203619e-11
1419,1.079997686839476e-09,7.865810918737172e-11
1420,1.090656830109712e-09,7.843998058810212e-11
1421,1.125667534025993e-09,8.052557938346393e-11
1422,1.1609853364647637e-09,8.295315004591451e-11
1423,1.1559528607984614e-09,8.143826928585601e-11
1424,1.1280215012612083e-09,7.877039473121896e-11
1425,1.1030066518925027e-09,7.724711528258837e-11
1426,1.0774758928547026e-09,7.534481850221456e-11
1427,1.0319066659707872e-09,7.07348056942425e-11
1428,9.526289455052992e-10,6.199210515553947e-11
1429,8.718358138969496e-10,5.2988257679068235e-11
1430,8.185698282620517e-10,4.667399575898478e-11
1431,7.96269790122052e-10,4.359762148666318e-11
1432,7.803654094253649e-10,4.16751792212902e-11
1433,7.661631437371134e-10,4.0371849331585255e-11
1434,7.741372046380762e-10,4.1311660236600195e-11
1435,7.970085645061198e-10,4.357850979167711e-11
1436,8.190706065835301e-10,4.593823583695662e-11
1437,8.163383816152747e-10,4.590640527819321e-11
1438,7.893711984964883e-10,4.319067390894666e-11
1439,7.642167382375132e-10,4.0434934473953263e-11
1440,7.468447669160311e-10,3.846683320866841e-11
1441,7.320132889964732e-10,3.692123355822163e-11
1442,7.289950909161281e-10,3.660600378092571e-11
1443,7.466969197659075e-10,3.815181693005888e-11
1444,7.832940234970292e-10,4.1515556985641595e-11
1445,8.340664465309902e-10,4.6949782540031817e-11
1446,8.851691219436327e-10,5.29761120676545e-11
1447,9.455951404833925e-10,5.999800360425976e-11
1448,1.0355378030732165e-09,6.997425829413016e-11
1449,1.14946035893709e-09,8.250759893876298e-11
1450,1.2619023371074146e-09,9.52847936118742e-11
1451,1.3070132539678039e-09,1.0034864582112111e-10
1452,1.3032727384286188e-09,1.0073895665018008e-10
1453,1.3071893337493606e-09,1.023888949685043e-10
1454,1.3284734059412042e-09,1.0492409451774631e-10
1455,1.3250963964461715e-09,1.0423642875017945e-10
1456,1.242011663657182e-09,9.47287374248523e-11
1457,1.1611833048323365e-09,8.65685132959394e-11
1458,1.1549991474799072e-09,8.639602178457904e-11
1459,1.21196616790184e-09,9.266387357786716e-11
1460,1.2390710103208513e-09,9.568259769042573e-11
1461,1.2023920931095481e-09,9.183385710600341e-11
1462,1.1868154793885274e-09,9.053004491234707e-11
1463,1.2316575735904035e-09,9.532909458588894e-11
1464,1.2583061982758524e-09,9.733790300976349e-11
1465,1.2174408700447941e-09,9.266728304220627e-11
1466,1.161241989706035e-09,8.67660452694794e-11
1467,1.1655562169950464e-09,8.677855094853006e-11
1468,1.1914662804674424e-09,8.831596382520311e-11
1469,1.1777241840321899e-09,8.678049667861015e-11
1470,1.1116151414383672e-09,7.965730750598845e-11
1471,1.0768394046988747e-09,7.489024548815846e-11
1472,1.092855875115803e-09,7.510527666883649e-11
1473,1.096402395037705e-09,7.498506636594713e-11
1474,1.0573025950320087e-09,7.158443734659024e-11
1475,1.053735797770095e-09,7.25421477772776e-11
1476,1.1285997473528156e-09,8.143324830309055e-11
1477,1.2372777266441002e-09,9.39460817499955e-11
1478,1.3018027869270972e-09,1.0215106402229268e-10
1479,1.323451023370608e-09,1.0532214638405709e-10
1480,1.3681340880756397e-09,1.1033541294940798e-10
1481,1.452862866879874e-09,1.202852621685409e-10
1482,1.479783928323571e-09,1.2349502674133733e-10
1483,1.3963673568592858e-09,1.1328048774116116e-10
1484,1.2926581449102377e-09,1.0121039663890048e-10
1485,1.2045847334130822e-09,9.009267496902063e-11
1486,1.1047831531460609e-09,7.758793234189428e-11
1487,9.718602196507827e-10,6.290451149387392e-11
1488,8.571324302419181e-10,5.122765739533779e-11
1489,8.067270029771345e-10,4.5564105645579895e-11
1490,7.901431085119655e-10,4.2770553736791176e-11
1491,7.720040061882407e-10,4.078773319373907e-11
1492,7.531214346450957e-10,3.943909878782494e-11
1493,7.777902383220458e-10,4.181480668216085e-11
1494,8.454912079174847e-10,4.790282646195727e-11
1495,8.825654660843991e-10,5.1417024339581717e-11
1496,8.695529394483979e-10,5.086105969572207e-11
1497,8.52744520216522e-10,4.962452116849592e-11
1498,8.814949939584046e-10,5.180529282920739e-11
1499,9.251025490843402e-10,5.5007660585212595e-11
1500,9.313171704291059e-10,5.516672652883604e-11
1501,8.910130960161144e-10,5.139582658188961e-11
1502,8.527938839200164e-10,4.822064401080648e-11
1503,8.240426417686059e-10,4.6116845957692464e-11
1504,7.98580920955331e-10,4.459265561037861e-11
1505,7.896560603131393e-10,4.495738305198629e-11
1506,8.054942714063531e-10,4.747452760083459e-11
1507,8.281218736614577e-10,5.0059479089743444e-11
1508,8.369419406614437e-10,5.0841376810757544e-11
1509,8.215676075156709e-10,4.847852573091661e-11
1510,8.188618486727955e-10,4.717634280857516e-11
1511,8.360711752394638e-10,4.811866297559233e-11
1512,8.478324482617246e-10,4.91213273296392e-11
1513,8.417304327207166e-10,4.898616316824884e-11
1514,8.343315214301151e-10,4.890107727534707e-11
1515,8.444897320796476e-10,5.0185701294176493e-11
1516,8.784560295826583e-10,5.366062239027562e-11
1517,9.127424402451987e-10,5.713142485430656e-11
1518,9.612327144516382e-10,6.256648528394769e-11
1519,1.0276656898519128e-09,7.008039217333157e-11
1520,1.063212746551808e-09,7.383433086546389e-11
1521,1.0238251533255674e-09,6.96172684405859e-11
1522,9.249672259609727e-10,5.950999178853017e-11
1523,8.471293368854749e-10,5.178332993744446e-11
1524,8.366966148129193e-10,5.0576410845068836e-11
1525,8.487325406408402e-10,5.148689910527606e-11
1526,8.232699941142229e-10,4.90277143346605e-11
1527,7.821402215727833e-10,4.517318223689056e-11
1528,7.836024304244599e-10,4.4643433061331104e-11
1529,8.466420215829184e-10,4.935147943123903e-11
1530,8.949720191156337e-10,5.275462065368198e-11
1531,8.847783714915975e-10,5.18059184612737e-11
1532,8.580306297572114e-10,5.002276584693001e-11
1533,8.966004924560057e-10,5.4461466481913646e-11
1534,9.892857051783319e-10,6.421142454660042e-11
1535,1.0586214472465886e-09,7.230141331546707e-11
1536,1.071781945281069e-09,7.496280808582221e-11
1537,1.072560943678137e-09,7.53742214529202e-11
1538,1.1017317623372527e-09,7.77782648277286e-11
1539,1.1181077920198372e-09,7.859812688312378e-11
1540,1.070357272073787e-09,7.280878456673097e-11
1541,1.0071447663101026e-09,6.610275672800464e-11
1542,9.773485483913698e-10,6.273401638098348e-11
1543,9.627138036945886e-10,6.082933230645747e-11
1544,8.94262712681781e-10,5.3775931142325185e-11
1545,7.940004536665074e-10,4.444470134285648e-11
1546,7.4060748518793e-10,3.9635110305871357e-11
1547,7.509770389100645e-10,3.984189346025533e-11
1548,7.655590496911086e-10,4.022824060087455e-11
1549,7.439703845642421e-10,3.820153479479755e-11
1550,7.092297959161105e-10,3.5242367300228e-11
1551,7.234273856282334e-10,3.606655026283798e-11
1552,7.66033999456136e-10,3.93163490223761e-11
1553,7.624092038483352e-10,3.920773167044597e-11
1554,7.107713509683273e-10,3.5530606989929736e-11
1555,6.904512704793604e-10,3.4380472967591726e-11
1556,7.307824372362491e-10,3.779624841337451e-11
1557,7.988732262217488e-10,4.3814097085615935e-11
1558,8.132738469209854e-10,4.5181772181953796e-11
1559,7.868072671840463e-10,4.2943035998829214e-11
1560,7.752307970248472e-10,4.1954281715082845e-11
1561,7.901867882567855e-10,4.351388828343176e-11
1562,7.990170102145014e-10,4.5367543478387685e-11
1563,7.641318433652776e-10,4.375614939437575e-11
1564,7.193637856056691e-10,4.1381055914389016e-11
1565,7.016715227149398e-10,4.115788343958015e-11
1566,7.066812302843e-10,4.2226349786397524e-11
1567,7.083190750087663e-10,4.221453682467045e-11
1568,6.965652174795985e-10,4.0458855590001816e-11
1569,6.950942571944601e-10,3.947769071785296e-11
1570,7.347643200122342e-10,4.255310644876025e-11
1571,8.051899694952659e-10,4.896814913589903e-11
1572,8.544785959524633e-10,5.375290713221099e-11
1573,8.785721876179692e-10,5.6785484805718626e-11
1574,8.947494650669334e-10,5.886092534804739e-11
1575,9.261119667526381e-10,6.178958146847181e-11
1576,9.642708202062159e-10,6.534323347981205e-11
1577,9.56638109048914e-10,6.400927311071021e-11
1578,9.072137863401174e-10,5.841458888688825e-11
1579,8.552399369739695e-10,5.283136825008019e-11
1580,8.3137534679591e-10,5.034490593029661e-11
1581,8.408226087874662e-10,5.175715801494912e-11
1582,8.522270874901627e-10,5.371380331238192e-11
1583,8.51886056099794e-10,5.448224805969415e-11
1584,8.464676918094476e-10,5.423784973673649e-11
1585,8.610193235401219e-10,5.5189072127463776e-11
1586,8.889700276082168e-10,5.641370893898662e-11
1587,9.339276555924614e-10,5.946117236425242e-11
1588,9.73718084847842e-10,6.252744647175417e-11
1589,1.0102202990895694e-09,6.59172209081302e-11
1590,1.0243486178038815e-09,6.72131396849091e-11
1591,1.0043661346703836e-09,6.537332597924905e-11
1592,9.727670094675176e-10,6.2961222500593e-11
1593,9.560939473226417e-10,6.192632956454731e-11
1594,9.601829419561318e-10,6.238623673345759e-11
1595,9.543628539884528e-10,6.135883070140212e-11
1596,9.299798798739763e-10,5.851860163845344e-11
1597,9.247885378217681e-10,5.772278747276848e-11
1598,9.568741605002796e-10,6.042522434481056e-11
1599,9.967984909470633e-10,6.404180922368903e-11
1600,9.908458012262449e-10,6.364329012057478e-11
1601,9.428982725584195e-10,5.931184845935137e-11
1602,9.118235193928214e-10,5.6291131263138005e-11
1603,9.074522456699938e-10,5.5279546423280784e-11
1604,9.006144033167902e-10,5.405646070106137e-11
1605,8.66934697175916e-10,5.040913290193033e-11
1606,8.482200475861676e-10,4.841644910071398e-11
1607,8.794464370519779e-10,5.1065401384556996e-11
1608,9.341854077116568e-10,5.611634110748347e-11
1609,9.552022494960012e-10,5.856955031399882e-11
1610,9.396440969021906e-10,5.7868523729029704e-11
1611,9.39437887169097e-10,5.850403035817452e-11
1612,9.779555031513549e-10,6.249616435191382e-11
1613,1.0106272384700411e-09,6.571457272535268e-11
1614,9.690123164324947e-10,6.107331427457512e-11
1615,9.081307595555707e-10,5.5110334016127136e-11
1616,8.720950377897944e-10,5.157938686388659e-11
1617,8.529772222322752e-10,4.9623575670695794e-11
1618,8.049308973265409e-10,4.563851000200361e-11
1619,7.394440952617905e-10,4.070776698684169e-11
1620,7.11975794652126e-10,3.8903790465977334e-11
1621,7.245141760592768e-10,3.993543359359494e-11
1622,7.32383909754953e-10,4.067183529965558e-11
1623,6.999252470475971e-10,3.812864348797576e-11
1624,6.752359255069901e-10,3.6235942246389703e-11
1625,7.098683954897863e-10,3.918615876522126e-11
1626,7.747375049885699e-10,4.4796676120825345e-11
1627,8.208388993883153e-10,4.986612205557634e-11
1628,8.413253707845576e-10,5.310221255686399e-11
1629,8.822040690011266e-10,5.745275195412522e-11
1630,9.608378672047662e-10,6.482869926110846e-11
1631,1.0266142896378187e-09,7.110344625952346e-11
1632,1.037660314003015e-09,7.172908535701905e-11
1633,1.0476301914145298e-09,7.228794254044595e-11
1634,1.064492792839148e-09,7.30023840894374e-11
1635,1.0745796732991007e-09,7.378468390158654e-11
1636,1.046179191873945e-09,7.169796854076971e-11
1637,1.041761140221758e-09,7.319610953398182e-11
1638,1.0888887284447324e-09,7.99321707113403e-11
1639,1.1709230027425269e-09,9.083168003779101e-11
1640,1.2048199563452404e-09,9.610580423079741e-11
1641,1.1880502019119282e-09,9.427334581619229e-11
1642,1.1955097631909132e-09,9.368446491180505e-11
1643,1.2284803522071276e-09,9.451009198211861e-11
1644,1.2351810925069077e-09,9.266955242930445e-11
1645,1.1811241991581163e-09,8.55789220275422e-11
1646,1.116821762697532e-09,7.839017852253708e-11
1647,1.077240223359545e-09,7.365252774545389e-11
1648,1.0498766206809009e-09,7.056563077478744e-11
1649,9.884842822564597e-10,6.433621534597601e-11
1650,9.282790538905874e-10,5.852939118521974e-11
1651,9.349414837946768e-10,5.927799417190375e-11
1652,9.836381188778561e-10,6.339483322417766e-11
1653,1.0280373557953623e-09,6.758328203750315e-11
1654,1.0060770184815004e-09,6.487440259984243e-11
1655,9.622214071483936e-10,5.992550877880613e-11
1656,9.631509888191296e-10,5.996656805089845e-11
1657,9.83266159403957e-10,6.205918716754996e-11
1658,9.555773405007547e-10,5.95268051731539e-11
1659,8.725451999548154e-10,5.1761079370870105e-11
1660,7.830838845256898e-10,4.322121618375071e-11
1661,7.512883776519788e-10,4.010129486920419e-11
1662,7.631366873439341e-10,4.09138858455095e-11
1663,7.687410721425393e-10,4.104056270506243e-11
1664,7.680567114461663e-10,4.081887465574292e-11
1665,8.064224211032254e-10,4.436311418251486e-11
1666,8.872009548628964e-10,5.176192880566497e-11
1667,9.557436204813613e-10,5.842727265509742e-11
1668,9.577273023355454e-10,5.929502845131563e-11
1669,9.243634792929108e-10,5.678278405454784e-11
1670,9.249389106040626e-10,5.72932881828546e-11
1671,9.716471097380325e-10,6.240466659231833e-11
1672,9.951062565166984e-10,6.51755183100235e-11
1673,9.64630919162987e-10,6.235077033062598e-11
1674,9.191448982242015e-10,5.7631454482478436e-11
1675,9.080920285412796e-10,5.6117617668486035e-11
1676,9.077912855029065e-10,5.5708291433696285e-11
1677,8.754314324836459e-10,5.284631809764977e-11
1678,8.122638366052381e-10,4.749529708922793e-11
1679,7.513723569049308e-10,4.193876365096023e-11
1680,7.101633836910296e-10,3.7722209933841865e-11
1681,6.806366467639743e-10,3.473241978173876e-11
1682,6.662816809225885e-10,3.349348761468128e-11
1683,6.732060155830455e-10,3.403648680125621e-11
1684,7.267079112290435e-10,3.876823393823732e-11
1685,8.043080790404951e-10,4.598352512397692e-11
1686,8.783558648501347e-10,5.3455725199244063e-11
1687,9.424404872235354e-10,6.060970452575775e-11
1688,9.892214217412422e-10,6.618577800757338e-11
1689,1.0368539325237712e-09,7.215420866297252e-11
1690,1.0574828342179523e-09,7.47160666888459e-11
1691,1.0543312086411948e-09,7.418073122885177e-11
1692,1.0441448915920887e-09,7.270015398021953e-11
1693,1.050335859033811e-09,7.314807565999794e-11
1694,1.0673580097204698e-09,7.495548678079629e-11
1695,1.092490879281872e-09,7.826357958424621e-11
1696,1.1079297652473409e-09,8.053318531037737e-11
1697,1.1300706237588523e-09,8.334946162135553e-11
1698,1.1759278607357427e-09,8.900985450130021e-11
1699,1.2358383513245242e-09,9.62889820072609e-11
1700,1.2794240833510769e-09,1.0112088596630457e-10
1701,1.2939500248374971e-09,1.0184418119497243e-10
1702,1.3033690090174142e-09,1.0174402034235609e-10
1703,1.3163221828729857e-09,1.018938743420454e-10
1704,1.3191778547237765e-09,1.0130283638899128e-10
1705,1.2794625262996294e-09,9.632873704550573e-11
1706,1.2241505307864151e-09,9.055717302053425e-11
1707,1.1784842386240788e-09,8.595365254347684e-11
1708,1.1358864614100992e-09,8.104261677855769e-11
1709,1.0785900472027995e-09,7.440455030298434e-11
1710,1.0190191433219056e-09,6.785179550375808e-11
1711,9.810299504832832e-10,6.323887076902564e-11
1712,9.675934827555071e-10,6.083674682167124e-11
1713,9.372892176629846e-10,5.6946683365935306e-11
1714,8.775649637206213e-10,5.099590737910812e-11
1715,8.234769719214314e-10,4.611683454297395e-11
1716,7.979987668202218e-10,4.391081943094037e-11
1717,7.656173410034105e-10,4.093923108545968e-11
1718,6.987349405291235e-10,3.517626933497602e-11
1719,6.335841032517526e-10,2.9960270964883036e-11
1720,6.20724048591704e-10,2.885186729413872e-11
1721,6.828026591135416e-10,3.369115505137062e-11
1722,7.711656119877711e-10,4.1008129828974045e-11
1723,8.470598531987314e-10,4.82822994116255e-11
1724,9.156664783627281e-10,5.569347037600173e-11
1725,9.9523067054502e-10,6.400315319621783e-11
1726,1.0584100617106855e-09,7.031355815209243e-11
1727,1.0484157721791035e-09,6.907087424090343e-11
1728,9.63518444183386e-10,6.032038569276046e-11
1729,8.852621045695464e-10,5.288509614830291e-11
1730,8.387463756871354e-10,4.861975723341839e-11
1731,7.8398608032136e-10,4.3448146913981384e-11
1732,7.206773697923426e-10,3.793181379223066e-11
1733,6.74128044070186e-10,3.386622156007009e-11
1734,6.540974561661111e-10,3.1690199910484144e-11
1735,6.61595935117846e-10,3.220322218556226e-11
1736,6.726689552841361e-10,3.347148655874233e-11
1737,6.870284244884804e-10,3.5011997142180004e-11
1738,7.256822083679948e-10,3.845076596216582e-11
1739,7.756253157331932e-10,4.3012888271263395e-11
1740,8.037742246729353e-10,4.602242246826279e-11
1741,8.209412546454813e-10,4.887217817748361e-11
1742,8.635756955872445e-10,5.479049583229863e-11
1743,9.36334941560374e-10,6.359525697417095e-11
1744,1.008275749558805e-09,7.196744090359061e-11
1745,1.057005604836484e-09,7.776202302888737e-11
1746,1.1035823757905224e-09,8.300583459879188e-11
1747,1.1850506017174852e-09,9.198957123498206e-11
1748,1.2924147173654217e-09,1.0489681206169593e-10
1749,1.3962305736942247e-09,1.1931230210657017e-10
1750,1.4821023127518298e-09,1.3256505962111641e-10
1751,1.5576815653593475e-09,1.4366875420619395e-10
1752,1.6196454552668884e-09,1.520058006120036e-10
1753,1.6587993379750505e-09,1.5760258527071025e-10
1754,1.7025215904920751e-09,1.6402778778222288e-10
1755,1.7539433011880858e-09,1.6984788835749734e-10
1756,1.8221965590230692e-09,1.7794401337278933e-10
1757,1.8314860579063106e-09,1.7754686769509254e-10
1758,1.7601157020025499e-09,1.6573418091813237e-10
1759,1.6517264029951614e-09,1.4945851383054637e-10
1760,1.5617929629969424e-09,1.3653918924176175e-10
1761,1.4759225190602896e-09,1.2440532081437655e-10
1762,1.3770281461323057e-09,1.1139968442177142e-10
1763,1.2806620866649236e-09,9.956773399774056e-11
1764,1.2297661392283527e-09,9.332613173799625e-11
1765,1.1979400269895417e-09,8.824295179304968e-11
1766,1.15506264093487e-09,8.226573606425627e-11
1767,1.0718257057984272e-09,7.267947672084926e-11
1768,9.965978946809166e-10,6.462349828671601e-11
1769,9.671845831335993e-10,6.14528089803159e-11
1770,9.511081360781808e-10,5.953380225143545e-11
1771,9.026926927610552e-10,5.474134868868793e-11
1772,8.468495265724756e-10,4.979539428379373e-11
1773,8.136669020924064e-10,4.662396891714129e-11
1774,8.058914476774578e-10,4.540397486599634e-11
1775,7.947313465063116e-10,4.4089134948179995e-11
1776,7.667527930007366e-10,4.147161610137402e-11
1777,7.804366957093626e-10,4.2852323980754625e-11
1778,8.689702767588195e-10,5.125805256514803e-11
1779,1.0054653004226035e-09,6.516922556826677e-11
1780,1.1170970737627844e-09,7.779058123245099e-11
1781,1.1759505374132933e-09,8.50627958643996e-11
1782,1.2188415987257767e-09,8.994066776994185e-11
1783,1.2611720888610022e-09,9.42064922326016e-11
1784,1.2504198761751437e-09,9.234202048469014e-11
1785,1.163216551509608e-09,8.247775698756459e-11
1786,1.0545337829878456e-09,7.104409558824783e-11
1787,9.53606597939045e-10,6.028538561520134e-11
1788,8.725221501595007e-10,5.2038283292470456e-11
1789,7.985572511858853e-10,4.5142328977572916e-11
1790,7.528785340791323e-10,4.128214157567578e-11
1791,7.604452076420211e-10,4.2522661636238774e-11
1792,8.027979722007186e-10,4.703390900174064e-11
1793,8.273058676793838e-10,4.975701232085396e-11
1794,8.192698073984437e-10,4.89864939834421e-11
1795,8.287189564466243e-10,4.969948706024342e-11
1796,8.767172974408597e-10,5.4013807150035464e-11
1797,9.333096696374566e-10,5.9879220329042e-11
1798,9.511646414056235e-10,6.305355159064279e-11
1799,9.583082027376407e-10,6.564093700767764e-11
1800,1.0025742703690549e-09,7.108995913808388e-11
1801,1.080896352130085e-09,7.930846242374543e-11
1802,1.114363086730323e-09,8.265421877824714e-11
1803,1.1034236640872554e-09,8.270248039395978e-11
1804,1.1374359109805692e-09,8.896603900949018e-11
1805,1.2896028665354027e-09,1.0940231723679589e-10
1806,1.4963495890302138e-09,1.3667203983547106e-10
1807,1.6547833533953338e-09,1.5878757616536284e-10
1808,1.7445319178519152e-09,1.7170451671903335e-10
1809,1.870608535532319e-09,1.8864187307476728e-10
1810,2.087143884945432e-09,2.194146996777571e-10
1811,2.2817636168342208e-09,2.4873302129412685e-10
1812,2.313636028171498e-09,2.5364615290656865e-10
1813,2.236616000016741e-09,2.4141024208243053e-10
1814,2.169948933359575e-09,2.3006936023422294e-10
1815,2.1444425068863395e-09,2.248445546470439e-10
1816,2.0421010705644265e-09,2.0740895542395864e-10
1817,1.867408148567075e-09,1.8142142523994883e-10
1818,1.7256205381650518e-09,1.615681689549051e-10
1819,1.6581764687337424e-09,1.505032435782053e-10
1820,1.6228588398874665e-09,1.4372003872020892e-10
1821,1.5306694752901575e-09,1.3087123270185096e-10
1822,1.363653063139563e-09,1.0897642688897995e-10
1823,1.207713524047573e-09,8.9070592125089e-11
1824,1.099769544232787e-09,7.584001524299794e-11
1825,1.0202905147299422e-09,6.719152184708591e-11
1826,9.646013910104559e-10,6.202543636856831e-11
1827,9.403659334640132e-10,5.981745842278455e-11
1828,9.59311129396913e-10,6.150529711477666e-11
1829,9.720359695300035e-10,6.213131741893652e-11
1830,9.702748732654931e-10,6.189652258554133e-11
1831,9.711858030764952e-10,6.205091471884538e-11
1832,9.768947327722823e-10,6.200433113721942e-11
1833,9.795176391129702e-10,6.179927294652653e-11
1834,9.533539506790376e-10,5.945098668477285e-11
1835,9.339884765161695e-10,5.832799877374557e-11
1836,9.703443207511224e-10,6.274442835379659e-11
1837,1.0462634070007882e-09,7.089627040756046e-11
1838,1.1015617856122897e-09,7.701803544803679e-11
1839,1.107263957158057e-09,7.766971816609416e-11
1840,1.1239572027726822e-09,7.906610466760697e-11
1841,1.1966471134689529e-09,8.618344733909724e-11
1842,1.2749367172278918e-09,9.440480892930036e-11
1843,1.2677013913703989e-09,9.405974066693187e-11
1844,1.1617222688244692e-09,8.294514121784169e-11
1845,1.0579882445343824e-09,7.198803933679035e-11
1846,9.945118434073383e-10,6.504265586224865e-11
1847,9.596649067204238e-10,6.165387131035825e-11
1848,9.394705266523034e-10,6.057551447251327e-11
1849,9.31212180559771e-10,6.005446163308717e-11
1850,9.302042717411517e-10,5.89217052505393e-11
1851,9.455882530625875e-10,5.946581035622699e-11
1852,9.61527196495512e-10,6.055306467454174e-11
1853,9.887794276656964e-10,6.354185938610617e-11
1854,1.0394590492240109e-09,7.013678897570356e-11
1855,1.107366180768216e-09,7.972671194129027e-11
1856,1.1631680558080528e-09,8.786282861843047e-11
1857,1.191098636530561e-09,9.168446186229749e-11
1858,1.2137267122396574e-09,9.429030756362957e-11
1859,1.229427909300415e-09,9.516073197343153e-11
1860,1.2722141349052254e-09,9.972656002240193e-11
1861,1.3278775367047238e-09,1.0630087281217656e-10
1862,1.4203603405827166e-09,1.1880448617946724e-10
1863,1.5308355048148919e-09,1.344212424140393e-10
1864,1.6442914140034096e-09,1.5127742641825568e-10
1865,1.7739181661196973e-09,1.72841888772227e-10
1866,1.9121177360593253e-09,1.9599534948337412e-10
1867,2.0920949707599275e-09,2.2500848644507383e-10
1868,2.264720694138958e-09,2.508044257316515e-10
1869,2.3641611151862305e-09,2.632353374761385e-10
1870,2.3583285543419612e-09,2.5864969016504786e-10
1871,2.3075560570230283e-09,2.4832434603421477e-10
1872,2.2060012562725855e-09,2.2985191272236355e-10
1873,2.0235200216291456e-09,2.0084121454407008e-10
1874,1.7926535019495173e-09,1.6887164417915507e-10
1875,1.588934923044417e-09,1.4234190501646216e-10
1876,1.4449074793547252e-09,1.2306860265621624e-10
1877,1.3454341357911194e-09,1.0974229626993035e-10
1878,1.2639072158532382e-09,9.934685950499422e-11
1879,1.1930234987425223e-09,8.969195343761574e-11
1880,1.1718435636970342e-09,8.586427608073853e-11
1881,1.180606812466513e-09,8.569334019422079e-11
1882,1.1746296524509684e-09,8.445374425421627e-11
1883,1.127926484049592e-09,7.934229218523278e-11
1884,1.0578680992651063e-09,7.19696710533174e-11
1885,9.956896064130366e-10,6.557958137232999e-11
1886,9.4068115244655e-10,6.00818881958875e-11
1887,8.829690255367778e-10,5.4378494684879084e-11
1888,8.388511082249013e-10,4.996573948440935e-11
1889,8.365413591562051e-10,4.9392145002192146e-11
1890,8.778809613599396e-10,5.2660726596438446e-11
1891,9.353076645786935e-10,5.7628946469854735e-11
1892,9.999387551654375e-10,6.440275009052768e-11
1893,1.0750407417635268e-09,7.288193917948688e-11
1894,1.1652729770815557e-09,8.30658710912391e-11
1895,1.2283088015044975e-09,9.027649894624549e-11
1896,1.206865379887039e-09,8.800328824100567e-11
1897,1.13804189483243e-09,8.065716865134175e-11
1898,1.1102683588143026e-09,7.788920348177281e-11
1899,1.1360500537759437e-09,8.070976442410827e-11
1900,1.1595188419135677e-09,8.35955186821681e-11
1901,1.1234886500997727e-09,8.04248144236505e-11
1902,1.0603600820748357e-09,7.417726791873064e-11
1903,1.043154922583806e-09,7.249210603679068e-11
1904,1.0783527631087985e-09,7.597580331394567e-11
1905,1.1255389740619856e-09,8.120653233338894e-11
1906,1.1522588052754984e-09,8.476607815688945e-11
1907,1.1635105186116345e-09,8.609099582998244e-11
1908,1.165885297535233e-09,8.547450777190069e-11
1909,1.1553923163731744e-09,8.362913329494622e-11
1910,1.1287436805637222e-09,8.084330344063773e-11
1911,1.1162013395184478e-09,8.01536723334053e-11
1912,1.1487805687051204e-09,8.474690615090933e-11
1913,1.2085508456950866e-09,9.257936045045022e-11
1914,1.2573127887749634e-09,9.927640536492393e-11
1915,1.2762600537205371e-09,1.0199577975958384e-10
1916,1.3023582419036853e-09,1.0526458496275348e-10
1917,1.3827230264911609e-09,1.1567269926413695e-10
1918,1.5162222652671117e-09,1.336596450513753e-10
1919,1.6708264239168583e-09,1.560819372641988e-10
1920,1.778468354489862e-09,1.7273923017957238e-10
1921,1.8334978383457753e-09,1.817049265746074e-10
1922,1.862732597979978e-09,1.8596207469664297e-10
1923,1.9389860038037736e-09,1.973270301408956e-10
1924,2.043748992472375e-09,2.123269148673674e-10
1925,2.151065690390079e-09,2.2797105506151182e-10
1926,2.189131610959615e-09,2.32236236602056e-10
1927,2.1566497580000693e-09,2.2578087228136068e-10
1928,2.0497722929192206e-09,2.077942438055469e-10
1929,1.914452443398493e-09,1.8665626149446035e-10
1930,1.749276219451428e-09,1.6225403146443985e-10
1931,1.594707178461719e-09,1.41003068872815e-10
1932,1.463727976490595e-09,1.2342513711036762e-10
1933,1.3817344999232547e-09,1.1274868995782848e-10
1934,1.3347624698760793e-09,1.067250816593862e-10
1935,1.3078939080288687e-09,1.0317474993569606e-10
1936,1.2904788437914438e-09,1.0056070348017723e-10
1937,1.2806606476504805e-09,9.862651804390132e-11
1938,1.297430118432805e-09,1.0045863402490107e-10
1939,1.3227016309934743e-09,1.0336388847683497e-10
1940,1.3408369316943764e-09,1.0550151092354026e-10
1941,1.3457444237198535e-09,1.0685515956637299e-10
1942,1.3351905165545875e-09,1.065896772627581e-10
1943,1.3214737681242485e-09,1.0508867580889042e-10
1944,1.2989744658295383e-09,1.0189310112761349e-10
1945,1.2541122456515206e-09,9.588502715529161e-11
1946,1.2065773610550267e-09,8.976763059089577e-11
1947,1.2055012271756585e-09,8.931899686415936e-11
1948,1.2790199257188317e-09,9.786124479143906e-11
1949,1.4035942234089018e-09,1.1326782167413491e-10
1950,1.5445424619730393e-09,1.3260874010117297e-10
1951,1.6842126938054573e-09,1.5332131635339896e-10
1952,1.8223657470955522e-09,1.739629636092307e-10
1953,1.9416212283918307e-09,1.9157025219621596e-10
1954,1.9503463020958946e-09,1.9137827425310213e-10
1955,1.8654411388777424e-09,1.783001198781882e-10
1956,1.7435312043924757e-09,1.6073467382203777e-10
1957,1.6093464526671545e-09,1.4141420080303798e-10
1958,1.4804489624966643e-09,1.2464574689462664e-10
1959,1.3646756785551563e-09,1.1136359219907815e-10
1960,1.3176931274324704e-09,1.0693653134748948e-10
1961,1.3461040515199566e-09,1.1070726482606665e-10
1962,1.4169285740968165e-09,1.1947468461832737e-10
1963,1.4675505459469353e-09,1.2563904084737473e-10
1964,1.4919011064963154e-09,1.2805384187715946e-10
1965,1.545065661157571e-09,1.3408754724345302e-10
1966,1.6416798657137026e-09,1.4612930310842612e-10
1967,1.7378523979645197e-09,1.5940420197338337e-10
1968,1.7773779118792968e-09,1.66273493608292e-10
1969,1.7635761328054372e-09,1.6638374816468614e-10
1970,1.7713441902744875e-09,1.6986556420691996e-10
1971,1.7805255374253065e-09,1.716164487792656e-10
1972,1.761727557720239e-09,1.6862294810080078e-10
1973,1.7357779173695156e-09,1.653874089893078e-10
1974,1.7452711084283274e-09,1.6580638949297775e-10
1975,1.8210020737136736e-09,1.7417776361962789e-10
1976,1.8938195318012836e-09,1.8272771453197e-10
1977,1.941238529683342e-09,1.911655529249983e-10
1978,1.9709282623619134e-09,1.978159830206926e-10
1979,2.0396720684411068e-09,2.0986084127336867e-10
1980,2.1227656443011362e-09,2.2441541152872796e-10
1981,2.1717756300401413e-09,2.341236616736724e-10
1982,2.186781699910329e-09,2.3637435901623427e-10
1983,2.1656247963557413e-09,2.292915767043156e-10
1984,2.1291599460973583e-09,2.2053617014709259e-10
1985,2.0649452438390423e-09,2.092198477614394e-10
1986,1.9635294796459927e-09,1.924425334252724e-10
1987,1.8730818256464186e-09,1.788681024285198e-10
1988,1.7492683017912695e-09,1.613377194042371e-10
1989,1.6015704035296578e-09,1.4198460037923088e-10
1990,1.4762722363569658e-09,1.2646586685146452e-10
1991,1.428273642281338e-09,1.2078976262141267e-10
1992,1.4256269139251263e-09,1.192520190741601e-10
1993,1.423584344353659e-09,1.174937819833448e-10
1994,1.405501799019435e-09,1.1438293316316113e-10
1995,1.403194438981923e-09,1.1334415661827512e-10
1996,1.4173062671562162e-09,1.1411650021871902e-10
1997,1.4045060168905085e-09,1.124529631338205e-10
1998,1.3232240450717832e-09,1.0345876115493676e-10
1999,1.2282950225767453e-09,9.355379849276749e-11
2000,1.1871055113986633e-09,8.974229867197116e-11
2001,1.2130226809065113e-09,9.319942334443939e-11
2002,1.254418483532928e-09,9.77390746874586e-11
2003,1.292246395978084e-09,1.0171781228275555e-10
2004,1.353820269333128e-09,1.0853907749441645e-10
2005,1.4601057038611407e-09,1.2071927539927106e-10
2006,1.6056355674085947e-09,1.3903935441607166e-10
2007,1.6937698867705454e-09,1.5096119401282277e-10
2008,1.7102391381003801e-09,1.548846344188807e-10
2009,1.707203898323025e-09,1.5663213461188898e-10
2010,1.7158757380643321e-09,1.5869747269881355e-10
2011,1.6939031469308926e-09,1.5520536228004517e-10
2012,1.5895393997242977e-09,1.404527519804804e-10
2013,1.4456431104413885e-09,1.210048858880962e-10
2014,1.3515045781857463e-09,1.0797926415048092e-10
2015,1.3226648923992673e-09,1.0295519911569381e-10
2016,1.3021288059710909e-09,9.976921951324635e-11
2017,1.2573224822778917e-09,9.511554934676068e-11
2018,1.2175306336541696e-09,9.131197102822495e-11
2019,1.2190800987975254e-09,9.179186274661815e-11
2020,1.2622312236914303e-09,9.71531452067758e-11
2021,1.3030019007446066e-09,1.0256676024177891e-10
2022,1.3245184635701248e-09,1.0540105743050476e-10
2023,1.3586497006384155e-09,1.094911328364206e-10
2024,1.408418255621177e-09,1.1523159551124237e-10
2025,1.4400533280367387e-09,1.1896984133452495e-10
2026,1.463137446214224e-09,1.227932403809648e-10
2027,1.4891790538262992e-09,1.271630866034198e-10
2028,1.5365396653640656e-09,1.3400843762219978e-10
2029,1.556380323360802e-09,1.3657482359216798e-10
2030,1.5326544922619076e-09,1.336532669419944e-10
2031,1.5300753669705664e-09,1.3383201565271685e-10
2032,1.5808421113335955e-09,1.3957230089939436e-10
2033,1.6347581788191176e-09,1.4456588960843016e-10
2034,1.6427455535086429e-09,1.4524318416375344e-10
2035,1.619049074150884e-09,1.4288514683794025e-10
2036,1.6384166597313663e-09,1.45721651750682e-10
2037,1.7003511337312286e-09,1.5392293610079484e-10
2038,1.7305973923058e-09,1.5906973695095144e-10
2039,1.7062364913650653e-09,1.5764119778835024e-10
2040,1.6727268887093537e-09,1.537290392089964e-10
2041,1.6546893502486199e-09,1.5015596527356604e-10
2042,1.619447458628714e-09,1.4429440786146618e-10
2043,1.5139056391666584e-09,1.295081319221498e-10
2044,1.3803299974474306e-09,1.1199025966197628e-10
2045,1.3202222113347082e-09,1.0487548522673356e-10
2046,1.300553851154117e-09,1.0218121538952385e-10
2047,1.2713330183278066e-09,9.845769384783703e-11
2048,1.20420910555748e-09,9.111447318514789e-11
2049,1.1488528290645582e-09,8.515890991142254e-11
2050,1.1381739648301978e-09,8.296548600734957e-11
2051,1.1603701568038352e-09,8.414134002589351e-11
2052,1.1839575583080325e-09,8.644917189318389e-11
2053,1.2123261849336657e-09,8.998397696019139e-11
2054,1.262909790669398e-09,9.564815670323008e-11
2055,1.322336682144384e-09,1.0253622739165861e-10
2056,1.3338562610644188e-09,1.0463037735984776e-10
2057,1.309940047680071e-09,1.0321655058846e-10
2058,1.2999402903573557e-09,1.0264590891712953e-10
2059,1.307688613435877e-09,1.0280909281639562e-10
2060,1.2948090869991253e-09,1.0037109498848198e-10
2061,1.2559668170559445e-09,9.572898306841914e-11
2062,1.227512911812227e-09,9.224519804765025e-11
2063,1.2370985087038377e-09,9.271653419597756e-11
2064,1.259827100350013e-09,9.515707603290341e-11
2065,1.2450685069453958e-09,9.391235588649644e-11
2066,1.211853197897887e-09,9.090467436835393e-11
2067,1.195958660249e-09,8.93734846373073e-11
2068,1.188652341650261e-09,8.821077783403953e-11
2069,1.1546115503718267e-09,8.40316915825045e-11
2070,1.1038320164685124e-09,7.832794198326713e-11
2071,1.0784498605691095e-09,7.534935986924617e-11
2072,1.0971847216905602e-09,7.69037027537193e-11
2073,1.1373194272651946e-09,8.107660222725113e-11
2074,1.1674323943381645e-09,8.487092444183248e-11
2075,1.193516665046812e-09,8.847195755396654e-11
2076,1.2400632965626416e-09,9.433681490610477e-11
2077,1.2848739023811876e-09,9.994607436105686e-11
2078,1.3239166161487004e-09,1.0555981623213478e-10
2079,1.3655814497772618e-09,1.1149343855827213e-10
2080,1.4099754208110285e-09,1.1659640597475835e-10
2081,1.4482950363652858e-09,1.2052495364166351e-10
2082,1.4585448132007176e-09,1.2165748667540952e-10
2083,1.4859152198166796e-09,1.2605481570304398e-10
2084,1.544431437494118e-09,1.3398227629077653e-10
2085,1.6109016782989367e-09,1.4281499913489035e-10
2086,1.6364881898698491e-09,1.473412619936825e-10
2087,1.6037362968921281e-09,1.4380850071184041e-10
2088,1.6035347486966287e-09,1.4418060497242714e-10
2089,1.6380849265355255e-09,1.4781683663611295e-10
2090,1.6300908616128783e-09,1.4497965934245227e-10
2091,1.5650431745736182e-09,1.358711087064326e-10
2092,1.5182907242546366e-09,1.2998010364763417e-10
2093,1.5253272979908775e-09,1.2976505944994443e-10
2094,1.5113543047576787e-09,1.2628495477975758e-10
2095,1.409981029003953e-09,1.1388264241615728e-10
2096,1.2643486772152921e-09,9.736611066500096e-11
2097,1.181001342554602e-09,8.778166721417873e-11
2098,1.1565213305678967e-09,8.415109850659599e-11
2099,1.104075401452901e-09,7.785252833093797e-11
2100,1.0113349915793622e-09,6.822182357876455e-11
2101,9.98712600019664e-10,6.756071948628142e-11
2102,1.1026013267038997e-09,7.835962579042877e-11
2103,1.2363719645944616e-09,9.24411741657232e-11
2104,1.2889842336115542e-09,9.924152332984241e-11
2105,1.2710614185960361e-09,9.837170704342897e-11
2106,1.271549716674387e-09,9.771845024662032e-11
2107,1.2848726697578917e-09,9.745169007783179e-11
2108,1.2063864863220836e-09,8.770783892363688e-11
2109,1.075213070091419e-09,7.388067239026673e-11
2110,1.028707738556813e-09,6.949268284064397e-11
2111,1.0850458005499425e-09,7.504811367501861e-11
2112,1.1544853983700032e-09,8.261685330910885e-11
2113,1.142374138183192e-09,8.249344190338169e-11
2114,1.130157580887167e-09,8.244009864956046e-11
2115,1.2308435884581994e-09,9.391845471912272e-11
2116,1.410380666130415e-09,1.1393504859610525e-10
2117,1.505451582660892e-09,1.2493208808965158e-10
2118,1.47280142929941e-09,1.221716792536841e-10
2119,1.4421492658855851e-09,1.1971847085402742e-10
2120,1.4589477372514594e-09,1.2114008384702613e-10
2121,1.4476901796256184e-09,1.1919595051946755e-10
2122,1.357884864778106e-09,1.0948888938504784e-10
2123,1.2875493523690967e-09,1.0268395363666514e-10
2124,1.3238379600289727e-09,1.0736066842739993e-10
2125,1.3953501863003712e-09,1.1480432911735487e-10
2126,1.3604810559561061e-09,1.0920751983329446e-10
2127,1.2573538900858485e-09,9.681876641135204e-11
2128,1.2305227124659833e-09,9.366348897561362e-11
2129,1.2966889316672969e-09,1.0074192073466244e-10
2130,1.3334238957304921e-09,1.0546160200280435e-10
2131,1.232977566715002e-09,9.497541570868513e-11
2132,1.1324462132486007e-09,8.47577374072248e-11
2133,1.1450493653374174e-09,8.572294839840417e-11
2134,1.2327385767794733e-09,9.410820385709691e-11
2135,1.2801527614585161e-09,9.946094454713642e-11
2136,1.2706177890432504e-09,9.936314078834704e-11
2137,1.3104434831807163e-09,1.0391278169292255e-10
2138,1.4353216493807406e-09,1.1748646292485078e-10
2139,1.5317939518270256e-09,1.289267374005099e-10
2140,1.5414496792131958e-09,1.3250340039982833e-10
2141,1.5594424075210616e-09,1.3746668706218116e-10
2142,1.6747431311370105e-09,1.5352870005802265e-10
2143,1.8014267468300843e-09,1.7054747775808162e-10
2144,1.8188452047921752e-09,1.7387597296899124e-10
2145,1.7843511134774517e-09,1.70110161058174e-10
2146,1.834118708436703e-09,1.7602516218552994e-10
2147,1.9622921888277865e-09,1.9210706163578167e-10
2148,1.99309465570576e-09,1.954313954156438e-10
2149,1.894975567805306e-09,1.828658041920093e-10
2150,1.793802428268171e-09,1.694034246320147e-10
2151,1.749868003983958e-09,1.616261656013483e-10
2152,1.672813141064264e-09,1.4952816921641645e-10
2153,1.4980937552907825e-09,1.2687970238382618e-10
2154,1.3138025440627911e-09,1.0432225720117582e-10
2155,1.1924774323902595e-09,8.891553699168384e-11
2156,1.1367858646829794e-09,8.191666454094572e-11
2157,1.0881702541605088e-09,7.702536692600771e-11
2158,1.0304381477511786e-09,7.126515637779706e-11
2159,1.0478431379800968e-09,7.337368095998368e-11
2160,1.1401437128782506e-09,8.298721852969933e-11
2161,1.2444065075386126e-09,9.427515717877529e-11
2162,1.2850986120986892e-09,9.899193426060481e-11
2163,1.2713310715686668e-09,9.748931672180413e-11
2164,1.2735711406597258e-09,9.762878550445256e-11
2165,1.3003416457465194e-09,1.0019110374079648e-10
2166,1.2909535785081913e-09,9.8384127805921e-11
2167,1.2258234432636786e-09,9.08791106456118e-11
2168,1.1566649555129749e-09,8.346909081117488e-11
2169,1.132590250074144e-09,8.095273922809262e-11
2170,1.1462140627718853e-09,8.245248649123337e-11
2171,1.1534730213201145e-09,8.322292930111445e-11
2172,1.1422443607882402e-09,8.175776033282313e-11
2173,1.1443397446282514e-09,8.157604309162077e-11
2174,1.1806420161265893e-09,8.494778979255757e-11
2175,1.2336502807766062e-09,9.074033564431575e-11
2176,1.271580030304104e-09,9.580776409227861e-11
2177,1.2979594882690796e-09,1.0002123528143642e-10
2178,1.3491902251948023e-09,1.0736428232076452e-10
2179,1.415561862884328e-09,1.1618896677828007e-10
2180,1.4550253816310577e-09,1.2158903341765225e-10
2181,1.4418939955813553e-09,1.2047862371860098e-10
2182,1.4139701221005465e-09,1.1704621454252e-10
2183,1.395908279921543e-09,1.1375129605999222e-10
2184,1.3686186582667998e-09,1.0923528785611043e-10
2185,1.3214569926203936e-09,1.0377873550043662e-10
2186,1.2746019474565527e-09,9.934769891325152e-11
2187,1.2709728836709595e-09,1.0019050969648517e-10
2188,1.3005347884807057e-09,1.0440133873117199e-10
2189,1.3054443377159042e-09,1.0506655239515176e-10
2190,1.2766846800095396e-09,1.0139786281634443e-10
2191,1.2339894985695823e-09,9.497406568867904e-11
2192,1.2337679532274868e-09,9.357938576731156e-11
2193,1.2483277550289025e-09,9.406138777021615e-11
2194,1.2447394116007172e-09,9.310912389732388e-11
2195,1.2218942126430771e-09,9.074932128439569e-11
2196,1.2238714298978244e-09,9.187999567405118e-11
2197,1.2767835401784463e-09,9.929197728874296e-11
2198,1.372643237867554e-09,1.1246106350976872e-10
2199,1.476178495232149e-09,1.2687515093490456e-10
2200,1.5726413764385993e-09,1.3978719347389693e-10
2201,1.6431971875343015e-09,1.4774730447157389e-10
2202,1.6585661681036333e-09,1.4737559959948872e-10
2203,1.65376635161312e-09,1.457240178336125e-10
2204,1.6669541486829949e-09,1.479469675400842e-10
2205,1.708174152884077e-09,1.5444571559009828e-10
2206,1.6761319418805323e-09,1.5032416129332928e-10
2207,1.5420877007906758e-09,1.3351492989123746e-10
2208,1.3593692394309748e-09,1.1066016027708403e-10
2209,1.230204870407073e-09,9.408486617893955e-11
2210,1.1787155622667645e-09,8.66131749159683e-11
2211,1.1634108645764478e-09,8.388331292252133e-11
2212,1.1418612786351912e-09,8.096650303666053e-11
2213,1.1368015321070044e-09,8.065556980927946e-11
2214,1.157995993907072e-09,8.341403053933189e-11
2215,1.1539800083500152e-09,8.324542831721452e-11
2216,1.1160768817351756e-09,7.979413710516894e-11
2217,1.0710740314250073e-09,7.512098103234913e-11
2218,1.0468710112993747e-09,7.182225685174741e-11
2219,1.0304272544658556e-09,6.91865049757935e-11
2220,9.69575216996723e-10,6.221137182594467e-11
2221,9.034472435811949e-10,5.53556397255867e-11
2222,8.808388430689422e-10,5.247764390464691e-11
2223,9.077291031651795e-10,5.4285198825475064e-11
2224,9.335712073582882e-10,5.695563060002873e-11
2225,9.150158105491936e-10,5.6167126485307906e-11
2226,8.860838770785265e-10,5.418788117290508e-11
2227,8.984519585958657e-10,5.545500362317794e-11
2228,9.325668605189281e-10,5.830724965878937e-11
2229,9.42803896893129e-10,5.906843854662482e-11
2230,9.182513601337733e-10,5.676524172170054e-11
2231,9.153471721919963e-10,5.6713113423333115e-11
2232,9.64932801318433e-10,6.164101333184592e-11
2233,1.0291315431470128e-09,6.817750114224696e-11
2234,1.0469332662355311e-09,7.043313250701013e-11
2235,1.0311854121126175e-09,6.95517556698182e-11
2236,1.0386638215948006e-09,7.098166712571019e-11
2237,1.0821352168942256e-09,7.618016768106159e-11
2238,1.1280402682867757e-09,8.22207908404002e-11
2239,1.1278091171951e-09,8.316885448023906e-11
2240,1.1099403037998976e-09,8.168091410739855e-11
2241,1.117084575115675e-09,8.22984614071837e-11
2242,1.1607140401071995e-09,8.687025219828601e-11
2243,1.2013691619259376e-09,9.150563641361223e-11
2244,1.2175229845646055e-09,9.40610655155118e-11
2245,1.2288259913985578e-09,9.617643350731946e-11
2246,1.244381509565488e-09,9.784738825829451e-11
2247,1.251865703873378e-09,9.807174732499465e-11
2248,1.186180917703287e-09,8.899553108610555e-11
2249,1.0843362565447335e-09,7.675948213377127e-11
2250,9.97069786032702e-10,6.709214767116896e-11
2251,9.505116807107656e-10,6.219660297069065e-11
2252,9.332052731189692e-10,6.121467259282488e-11
2253,9.433940148722852e-10,6.397098245061614e-11
2254,9.836700621589706e-10,6.925254412950804e-11
2255,1.0879354235022334e-09,8.059955006590574e-11
2256,1.2329249701153242e-09,9.632441470167864e-11
2257,1.3399297909223376e-09,1.0773696830383275e-10
2258,1.3756068785650864e-09,1.1134030611854175e-10
2259,1.38134524117129e-09,1.120000146885007e-10
2260,1.4171993660083549e-09,1.1644476512464533e-10
2261,1.4672827900622428e-09,1.2257231589470856e-10
2262,1.4881500607045731e-09,1.2604293931090099e-10
2263,1.4602546180957505e-09,1.2384921057858496e-10
2264,1.4230096559458254e-09,1.2026606659684727e-10
2265,1.4088183029804138e-09,1.190658083937144e-10
2266,1.379586176424176e-09,1.1485121303200484e-10
2267,1.3136541319911678e-09,1.0545721438680758e-10
2268,1.230458106711909e-09,9.383514579382765e-11
2269,1.1847361300077024e-09,8.715225057695037e-11
2270,1.1561625081362592e-09,8.272409143541544e-11
2271,1.0961989352090812e-09,7.546746505600548e-11
2272,1.005474446194958e-09,6.59829661670759e-11
2273,9.231542041510529e-10,5.765393325632562e-11
2274,8.931142359962681e-10,5.442517890460755e-11
2275,8.988254159819412e-10,5.4666152611640964e-11
2276,8.834512477789223e-10,5.2933946769435956e-11
2277,8.743389295021072e-10,5.234237600089295e-11
2278,8.919862489475056e-10,5.4101650732731297e-11
2279,9.239038240512591e-10,5.683268272423256e-11
2280,9.382114141460376e-10,5.861269166689933e-11
2281,9.295987191942514e-10,5.907083925590299e-11
2282,9.30515977848451e-10,6.040389535446945e-11
2283,9.606068792593987e-10,6.425111552323346e-11
2284,9.953420656561625e-10,6.885850703150314e-11
2285,9.883031528902215e-10,6.855719235124298e-11
2286,9.627609607643118e-10,6.54179821455984e-11
2287,9.490191609017285e-10,6.299532538625836e-11
2288,9.339754631149547e-10,6.024271014667033e-11
2289,9.185418124053399e-10,5.817116782613907e-11
2290,9.08155866317417e-10,5.722198795521195e-11
2291,9.192975035704355e-10,5.865437926181847e-11
2292,9.46435280557142e-10,6.190286576958324e-11
2293,9.623786164401066e-10,6.43211047397637e-11
2294,9.603253674937306e-10,6.488016910970461e-11
2295,9.717417802159207e-10,6.650021493625832e-11
2296,1.00655260526028e-09,7.027733526485998e-11
2297,1.0611227869344496e-09,7.63016033207315e-11
2298,1.1183285584909345e-09,8.271205037430835e-11
2299,1.1541037543402762e-09,8.614951107556532e-11
2300,1.1722821632538083e-09,8.766090867457665e-11
2301,1.1696086447850407e-09,8.723950202769612e-11
2302,1.1568799972491299e-09,8.609012015949611e-11
2303,1.1507384073515133e-09,8.586411303439119e-11
2304,1.1579542845872853e-09,8.716186666931078e-11
2305,1.1567556967547576e-09,8.666900816209234e-11
2306,1.1347304302333554e-09,8.301310056691773e-11
2307,1.107302854229807e-09,7.878194291452457e-11
2308,1.0699432726191587e-09,7.374051272899922e-11
2309,1.0552458528142895e-09,7.24493873196887e-11
2310,1.0831347536369527e-09,7.690496930315289e-11
2311,1.1311557704350846e-09,8.322571683320289e-11
2312,1.1766834765606274e-09,8.859101879205628e-11
2313,1.2174774824826926e-09,9.354473712460913e-11
2314,1.268135043353238e-09,9.953943917390422e-11
2315,1.355962370567021e-09,1.0994898009891772e-10
2316,1.4652892839080885e-09,1.2354898975257588e-10
2317,1.5429579840777042e-09,1.3364711956384875e-10
2318,1.5378660313360407e-09,1.3271302013949311e-10
2319,1.503336177655596e-09,1.2849218949486709e-10
2320,1.493210130170233e-09,1.2772375894930702e-10
2321,1.5065691573084636e-09,1.2999695464172264e-10
2322,1.4903190914182621e-09,1.2863445204509611e-10
2323,1.3944517828402507e-09,1.1656602372518387e-10
2324,1.2862795264512217e-09,1.0262175343723079e-10
2325,1.2408547713275772e-09,9.545529973011582e-11
2326,1.2369853548218948e-09,9.226343029936458e-11
2327,1.1957405774282305e-09,8.561567989146973e-11
2328,1.0815947341329177e-09,7.252242090200215e-11
2329,9.719693262680219e-10,6.12241664690601e-11
2330,9.054804101552465e-10,5.4430724514641945e-11
2331,8.648504675993731e-10,5.058340777787712e-11
2332,8.021485699676212e-10,4.531231678137986e-11
2333,7.425765532710322e-10,4.0616802476700187e-11
2334,7.362833507434356e-10,4.0429792108414956e-11
2335,7.686603386620362e-10,4.318673183036168e-11
2336,7.882871657101895e-10,4.488652986458429e-11
2337,7.616168973081142e-10,4.266803436404821e-11
2338,7.441510860212989e-10,4.135210228064987e-11
2339,7.757326994909665e-10,4.42566940075321e-11
2340,8.210437597998039e-10,4.8375316990438377e-11
2341,8.208187929074168e-10,4.859469194592277e-11
2342,7.812287201472354e-10,4.515608569542993e-11
2343,7.577755631347723e-10,4.2643140735719495e-11
2344,7.580484409532847e-10,4.182378331912407e-11
2345,7.431980122939194e-10,3.9912446863483965e-11
2346,7.062763042542004e-10,3.678829887908021e-11
2347,6.887791038451732e-10,3.5444340751819076e-11
2348,7.20207859011629e-10,3.806668670586496e-11
2349,7.68344640091737e-10,4.232254934918512e-11
2350,7.931319978821679e-10,4.5083915938079644e-11
2351,8.074589624360987e-10,4.7134426634115926e-11
2352,8.651606319062193e-10,5.3087743721030997e-11
2353,9.777881923036382e-10,6.451620870158198e-11
2354,1.0620409018044952e-09,7.298012098941236e-11
2355,1.0774563062704784e-09,7.439219349482112e-11
2356,1.0509514793743615e-09,7.121083686233611e-11
2357,1.048019668258532e-09,7.037515809822914e-11
2358,1.0617951230939535e-09,7.137202085031743e-11
2359,1.060727310945964e-09,7.159911489442975e-11
2360,1.034360894993979e-09,6.958045920426671e-11
2361,1.024597876445336e-09,6.92143897311803e-11
2362,1.0132426713320578e-09,6.767745730253293e-11
2363,9.77241946306641e-10,6.350678354959686e-11
2364,9.422401601506142e-10,6.026032354963308e-11
2365,9.477693850263244e-10,6.094481012700844e-11
2366,1.0068125024900729e-09,6.663646288453519e-11
2367,1.0776120674279763e-09,7.427980309150017e-11
2368,1.0889656207843043e-09,7.623227602207311e-11
2369,1.0859105261463499e-09,7.683979781074434e-11
2370,1.1113789981138818e-09,7.986866008543042e-11
2371,1.1334236755011798e-09,8.149388252612223e-11
2372,1.1155612686248045e-09,7.915170373581005e-11
2373,1.045952228496238e-09,7.151857570911276e-11
2374,9.878030583782653e-10,6.511146651458614e-11
2375,9.575943434065873e-10,6.147856476402252e-11
2376,9.327476530816001e-10,5.88764863962315e-11
2377,8.975418410433255e-10,5.5663814101463243e-11
2378,8.608183982657261e-10,5.217664831680959e-11
2379,8.509508605435185e-10,5.1414391529144926e-11
2380,8.545257810239252e-10,5.200349125430891e-11
2381,8.570693453806551e-10,5.252094398664932e-11
2382,8.663360830288531e-10,5.325522603935981e-11
2383,8.891358911312334e-10,5.4525977996965096e-11
2384,8.90181426551871e-10,5.3189165063149296e-11
2385,8.5915414833286e-10,4.946023079898061e-11
2386,8.140136115672267e-10,4.512589076237733e-11
2387,7.834888569464025e-10,4.2410539655880774e-11
2388,7.522183080216362e-10,3.968419498332426e-11
2389,7.046661298265285e-10,3.598610791733773e-11
2390,6.458019232970416e-10,3.155601850766698e-11
2391,6.013573556287476e-10,2.810124012799935e-11
2392,5.78878936648614e-10,2.6356030866546554e-11
2393,5.621869124927069e-10,2.5452350377562677e-11
2394,5.41508932249173e-10,2.4624935839163494e-11
2395,5.364527756548064e-10,2.501016641264353e-11
2396,5.597067180288125e-10,2.709944281865676e-11
2397,5.865899604975974e-10,2.8899676599429012e-11
2398,5.926980663480232e-10,2.8913392760647694e-11
2399,5.808222262656231e-10,2.7512892051597927e-11
2400,5.685794199820762e-10,2.5893048304821548e-11
2401,5.64117139310003e-10,2.4886362970552776e-11
2402,5.525714162674522e-10,2.3568350578227017e-11
2403,5.24577800102077e-10,2.1273896005835454e-11
2404,5.075830517578519e-10,2.0033465914730408e-11
2405,5.170636341066195e-10,2.0750387926798765e-11
2406,5.487546045759505e-10,2.321145500902033e-11
2407,5.735929529838924e-10,2.55304215624606e-11
2408,6.055585860713464e-10,2.880692820751894e-11
2409,6.635487883221204e-10,3.425876668567353e-11
2410,7.560776029521198e-10,4.261470675023902e-11
2411,8.558164580162085e-10,5.203179563416343e-11
2412,9.410071057776224e-10,6.067632851956592e-11
2413,9.861056255385817e-10,6.477911883035309e-11
2414,1.0182662925211177e-09,6.73252313825905e-11
2415,1.0101843437732607e-09,6.571432638112112e-11
2416,9.513698984131588e-10,5.948351059961192e-11
2417,8.754165473964838e-10,5.2290852865053964e-11
2418,8.21575743458152e-10,4.748395142084908e-11
2419,7.990319063655948e-10,4.557199938221729e-11
2420,7.764348528084479e-10,4.347930374153093e-11
2421,7.649426932168179e-10,4.257771327735926e-11
2422,7.810741255752971e-10,4.401085068426424e-11
2423,8.413772525384325e-10,4.9394360958871146e-11
2424,9.114751863840678e-10,5.5846982751347585e-11
2425,9.46199259284533e-10,5.925430796244721e-11
2426,9.389612423261077e-10,5.882973091220778e-11
2427,9.292296132291049e-10,5.813674526983415e-11
2428,9.185317719065871e-10,5.6961608389645574e-11
2429,8.921748515872742e-10,5.4452552734131734e-11
2430,8.353318750283097e-10,4.931998367142269e-11
2431,7.991422731748809e-10,4.656912952393001e-11
2432,7.975612713208481e-10,4.6627289493218477e-11
2433,8.169925668147329e-10,4.819145428682235e-11
2434,8.355187753388854e-10,4.997236220771812e-11
2435,8.367132390514789e-10,5.015352110911e-11
2436,8.465074592806774e-10,5.1455155534153183e-11
2437,8.661414189656698e-10,5.42783180352002e-11
2438,8.730809225019559e-10,5.6179741466144037e-11
2439,8.66336741813015e-10,5.623176830423161e-11
2440,8.609295781594101e-10,5.5542094813546644e-11
2441,8.580470429355164e-10,5.445313943430778e-11
2442,8.555519624345504e-10,5.3555439532073716e-11
2443,8.531839649363629e-10,5.3140887464692715e-11
2444,8.530948821790978e-10,5.295148391820933e-11
2445,8.4750760775759e-10,5.203511421795091e-11
2446,8.177240262225996e-10,4.877495380783051e-11
2447,7.523497393497882e-10,4.2255113861097054e-11
2448,6.853403430772349e-10,3.620382761202109e-11
2449,6.294405301214193e-10,3.161239065469581e-11
2450,5.831412500239995e-10,2.818664643501681e-11
2451,5.462110939601993e-10,2.5719522848462698e-11
2452,5.070343971055949e-10,2.290603419169207e-11
2453,4.902113915352122e-10,2.1627529377306034e-11
2454,5.051588226409863e-10,2.2650830020225023e-11
2455,5.478477695588599e-10,2.5816987906253076e-11
2456,5.87931324110295e-10,2.880524913475849e-11
2457,6.09392922417522e-10,3.0274705390615214e-11
2458,6.140093567371501e-10,3.022058322217081e-11
2459,5.976451118534259e-10,2.805550231450703e-11
2460,5.751660088307714e-10,2.576937881021826e-11
2461,5.405258154459313e-10,2.3074951173385877e-11
2462,5.037664550258852e-10,2.0464846476683303e-11
2463,4.998644916015262e-10,2.0360339287124966e-11
2464,5.294691098722484e-10,2.2621881668389945e-11
2465,5.876073207847544e-10,2.7159212294570206e-11
2466,6.526705935614286e-10,3.2707492181219636e-11
2467,7.23632310122969e-10,3.9539305902912984e-11
2468,8.184248043989516e-10,4.92654893516741e-11
2469,9.381217157208812e-10,6.178706179127563e-11
2470,1.0314815752102328e-09,7.130226659233904e-11
2471,1.0690827071151225e-09,7.517435124464095e-11
2472,1.0872355861602936e-09,7.741725595433279e-11
2473,1.1105172883821664e-09,7.959588783513769e-11
2474,1.1182312045890785e-09,7.970412900466198e-11
2475,1.0666596786095079e-09,7.389599358314971e-11
2476,9.775512689942794e-10,6.427562834389276e-11
2477,9.172316900445077e-10,5.742680485307734e-11
2478,9.021737310204377e-10,5.493489622885953e-11
2479,8.832407623212883e-10,5.249705681111686e-11
2480,8.507188939490943e-10,4.96317589807952e-11
2481,8.512110578902938e-10,5.0368624710062847e-11
2482,9.176846231771476e-10,5.722069868404008e-11
2483,9.87213907819979e-10,6.377180897376155e-11
2484,9.895205382137868e-10,6.37857769216891e-11
2485,9.412058211376822e-10,5.903170864785608e-11
2486,9.310246513574231e-10,5.789898898559973e-11
2487,9.80844012186893e-10,6.233995964845035e-11
2488,1.010059577478244e-09,6.490411947851567e-11
2489,9.675057153055607e-10,6.084708497074286e-11
2490,8.962173098984932e-10,5.391046085082395e-11
2491,8.619012783307733e-10,5.0272432190182607e-11
2492,8.388269875374476e-10,4.776063580598238e-11
2493,7.881299718006908e-10,4.371641586573088e-11
2494,7.431051824380231e-10,4.112731723797289e-11
2495,7.628829204155222e-10,4.4095374461282975e-11
2496,8.480247860042273e-10,5.2403493970034945e-11
2497,9.280430821431775e-10,6.036358520620114e-11
2498,9.549964649555791e-10,6.372118428473038e-11
2499,9.729068978626713e-10,6.616190068904143e-11
2500,1.0231456683772353e-09,7.115725495079377e-11
2501,1.0520823865119608e-09,7.333136084409928e-11
2502,9.939858934400143e-10,6.66122459433165e-11
2503,8.945431757787266e-10,5.625626914431489e-11
2504,8.393507409605756e-10,5.03922114252948e-11
2505,8.158476949273007e-10,4.7428924670633273e-11
2506,7.69621979759807e-10,4.314119753024608e-11
2507,6.936703866509742e-10,3.697024141841407e-11
2508,6.477397067555251e-10,3.333756665571486e-11
2509,6.749156482872132e-10,3.5402537452720705e-11
2510,7.292456249396004e-10,3.9569488817485436e-11
2511,7.472819080673123e-10,4.094671397412304e-11
2512,7.494037069821892e-10,4.148975022639248e-11
2513,7.876286137634557e-10,4.515140325355111e-11
2514,8.375804374212697e-10,4.910524158958054e-11
2515,8.306418030443104e-10,4.792024206803619e-11
2516,7.45698155462842e-10,4.026254077357328e-11
2517,6.668493754127584e-10,3.3499725038644466e-11
2518,6.440123707876268e-10,3.1286122862105645e-11
2519,6.374077882799881e-10,3.0484423807649684e-11
2520,6.009258764598034e-10,2.7939847063649633e-11
2521,5.591892925747767e-10,2.536533734257934e-11
2522,5.675407950423134e-10,2.6259958556454166e-11
2523,6.284012791289136e-10,3.0946776187844194e-11
2524,6.783805433346003e-10,3.506642869960199e-11
2525,6.961801656476295e-10,3.720638625194696e-11
2526,7.315577250204932e-10,4.102782916379495e-11
2527,8.104567561785706e-10,4.8062311982729345e-11
2528,8.95579264188434e-10,5.5768929670716563e-11
2529,9.230273104670477e-10,5.850599716019914e-11
2530,9.142595190937301e-10,5.752231524170253e-11
2531,9.378625777743116e-10,5.930291189043852e-11
2532,9.71420274960064e-10,6.180382222849236e-11
2533,9.221226051823791e-10,5.6145977070711385e-11
2534,8.043256044957429e-10,4.4848634931488015e-11
2535,7.368257125898615e-10,3.895999595951866e-11
2536,7.4726305105495e-10,3.9370118027526243e-11
2537,7.773578568528247e-10,4.136028135360654e-11
2538,7.509079117210458e-10,3.9015692616845035e-11
2539,6.937269480577654e-10,3.4348256045923443e-11
2540,6.751515800695626e-10,3.2486290840844796e-11
2541,6.995861776950492e-10,3.39739404660651e-11
2542,7.129586690769469e-10,3.510383593190506e-11
2543,6.930533536161888e-10,3.4022471531593974e-11
2544,6.88520205956118e-10,3.404268793092155e-11
2545,7.296056123976924e-10,3.753489678829133e-11
2546,7.664248199487545e-10,4.052776396760497e-11
2547,7.321760090818598e-10,3.739248242889578e-11
2548,6.512461278244243e-10,3.0682121315108813e-11
2549,6.089266710827714e-10,2.730780204302263e-11
2550,6.189165077959841e-10,2.7951032565073403e-11
2551,6.33445438886534e-10,2.912861122799831e-11
2552,6.231377519479295e-10,2.882929414605471e-11
2553,6.188495215124255e-10,2.9101581103204976e-11
2554,6.757898992376687e-10,3.416515275861629e-11
2555,7.926104795276091e-10,4.473123677688306e-11
2556,8.850067403059548e-10,5.381691622435004e-11
2557,9.051451009117308e-10,5.6192985377858546e-11
2558,9.101727290218858e-10,5.6687267681447104e-11
2559,9.327545526550226e-10,5.796187741680534e-11
2560,9.294108248794227e-10,5.664071141834453e-11
2561,8.633769535506783e-10,5.042836800908748e-11
2562,7.525193948714853e-10,4.071352058538306e-11
2563,6.911696328551592e-10,3.579240175104925e-11
2564,6.727269384828575e-10,3.423969143829204e-11
2565,6.674705977770332e-10,3.383043773621633e-11
2566,6.64798353795031e-10,3.382706428763395e-11
2567,6.969058652949853e-10,3.651171884888573e-11
2568,7.829228080822673e-10,4.3709091218399103e-11
2569,8.831575640193786e-10,5.25957991691135e-11
2570,9.274954506623832e-10,5.663409046542704e-11
2571,9.246715840166302e-10,5.635787320974937e-11
2572,9.075699396437043e-10,5.44563426313048e-11
2573,8.714561534477036e-10,5.076977648517271e-11
2574,8.030088656410887e-10,4.479978770816181e-11
2575,7.290081611519318e-10,3.881664347105508e-11
2576,6.816941905731388e-10,3.495641111992872e-11
2577,6.687447942804281e-10,3.401933726806288e-11
2578,6.68523591659695e-10,3.451099273146188e-11
2579,6.741198075531328e-10,3.5649668493316723e-11
2580,7.018250824868981e-10,3.838445058253451e-11
2581,7.668133850799051e-10,4.438682358608522e-11
2582,8.394821385596591e-10,5.129928666470026e-11
2583,8.540112315871709e-10,5.240090159428351e-11
2584,8.189833875420288e-10,4.894403454327409e-11
2585,7.855127019098389e-10,4.573316749461849e-11
2586,7.952180358370302e-10,4.639153633949246e-11
2587,8.180955581464322e-10,4.784372982914559e-11
2588,8.066671096249678e-10,4.6111256240070184e-11
2589,7.624491122079976e-10,4.168641351517878e-11
2590,7.394340471592114e-10,3.920281862821279e-11
2591,7.476977375718002e-10,3.921525833785986e-11
2592,7.45518466099185e-10,3.843457391821954e-11
2593,7.1202337089115e-10,3.571195909233922e-11
2594,6.70212998093882e-10,3.263217877182993e-11
2595,6.667603911285415e-10,3.249420999692376e-11
2596,6.822544672933505e-10,3.361976561079062e-11
2597,6.554885103698042e-10,3.123195124641989e-11
2598,6.078499588139697e-10,2.763813851811445e-11
2599,6.036823975918857e-10,2.7503869512587882e-11
2600,6.438841958925877e-10,3.029977702858156e-11
2601,6.68786446078507e-10,3.197710524965335e-11
2602,6.248849816537952e-10,2.8707670829211483e-11
2603,5.631584505007295e-10,2.430431566046544e-11
2604,5.334156123151765e-10,2.2029392605663734e-11
2605,5.185778984028419e-10,2.0814237159262464e-11
2606,4.756077651941146e-10,1.8068793143832575e-11
2607,4.161934918291107e-10,1.455494957281997e-11
2608,3.988670420477964e-10,1.3577493081555419e-11
2609,4.461535488468559e-10,1.6373472949056352e-11
2610,5.253196334555395e-10,2.1563478752507383e-11
2611,5.932976204702806e-10,2.6719250954777066e-11
2612,6.620890325903394e-10,3.2710011835780405e-11
2613,7.773785984008462e-10,4.346709369160898e-11
2614,9.30575838743183e-10,5.899530588689722e-11
2615,1.0666762739761577e-09,7.467837726919021e-11
2616,1.1132621879860106e-09,8.114396098362372e-11
2617,1.1032398050545117e-09,8.03706774383084e-11
2618,1.116630245855801e-09,8.165724104775453e-11
2619,1.1440778148539014e-09,8.387917947578608e-11
2620,1.0964959614569557e-09,7.681446003231802e-11
2621,9.713189598319287e-10,6.249467010161821e-11
2622,8.807157295259029e-10,5.327454746690889e-11
2623,8.79709544972602e-10,5.258987186653123e-11
2624,9.299725231947105e-10,5.6653418608159286e-11
2625,9.474747983466059e-10,5.880513872221486e-11
2626,9.225673801529353e-10,5.780961527332461e-11
2627,9.444171398101805e-10,6.092808874954112e-11
2628,1.0354747734887549e-09,7.00587911133792e-11
2629,1.1204641857488528e-09,7.872665132600627e-11
2630,1.1053676108951815e-09,7.685436750235091e-11
2631,1.0365183326950674e-09,6.897179217000735e-11
2632,9.969742652118858e-10,6.408490412448701e-11
2633,9.597608820802318e-10,5.985467975855224e-11
2634,8.716876880975517e-10,5.1982785801241414e-11
2635,7.602229987751968e-10,4.307586634173199e-11
2636,6.845565184621491e-10,3.7092864244145295e-11
2637,6.52603651321266e-10,3.418325591833865e-11
2638,6.277053733927925e-10,3.172685498860353e-11
2639,6.090212450873172e-10,3.014955070874431e-11
2640,6.31792274805104e-10,3.2114706437329765e-11
2641,7.301700885404104e-10,4.05356356599991e-11
2642,8.450200424983648e-10,5.067017804705529e-11
2643,9.11372327392133e-10,5.7121959560955905e-11
2644,9.237008769385164e-10,5.844291879363053e-11
2645,9.269336319280031e-10,5.8155025043623114e-11
2646,9.165343733640129e-10,5.633768064592507e-11
2647,8.259410493860727e-10,4.718694747108609e-11
2648,6.988817101840572e-10,3.602217450896467e-11
2649,6.164996410011953e-10,2.922737125648685e-11
2650,6.028531765733273e-10,2.776761047428431e-11
2651,6.145719961059662e-10,2.8422954944823108e-11
2652,6.128684953983996e-10,2.8447158755673692e-11
2653,6.26059907071384e-10,2.971946459535154e-11
2654,6.878723400344372e-10,3.447663263296201e-11
2655,7.837579220969014e-10,4.2352247853995274e-11
2656,8.300804690737728e-10,4.654636846312337e-11
2657,7.937080667079053e-10,4.345516156904001e-11
2658,7.359952169396147e-10,3.850601458227243e-11
2659,6.883773939176185e-10,3.42909911295796e-11
2660,6.257501762687533e-10,2.9005839638183718e-11
2661,5.454860729695e-10,2.3131225733623724e-11
2662,4.747862511787837e-10,1.8393804402693306e-11
2663,4.5740661556035447e-10,1.7340977332889535e-11
2664,4.873482540530152e-10,1.9402761125252376e-11
2665,5.235729695738523e-10,2.2157414471022614e-11
2666,5.49593276518244e-10,2.4622966191054744e-11
2667,5.94435689277542e-10,2.8646849188103026e-11
2668,6.825236547728787e-10,3.6144880945702615e-11
2669,7.919144366752058e-10,4.6372309400504773e-11
2670,8.768934915368781e-10,5.60023296195583e-11
2671,9.53490009167993e-10,6.58504938407894e-11
2672,1.0587272973255924e-09,7.826940820070843e-11
2673,1.1711283487789298e-09,9.057953294606584e-11
2674,1.2016649737415995e-09,9.293799569729822e-11
2675,1.1646097357032377e-09,8.78107339874859e-11
2676,1.1599322592403408e-09,8.624300381129001e-11
2677,1.2093598102547293e-09,9.012931380460547e-11
2678,1.2177483314040535e-09,8.972693034266422e-11
2679,1.1581660734639493e-09,8.356012605484776e-11
2680,1.125493327205801e-09,8.089484071178088e-11
2681,1.2008791686193823e-09,8.930202068417873e-11
2682,1.3076928409596822e-09,1.0056996651574711e-10
2683,1.3017330994267204e-09,9.949404927051549e-11
2684,1.1987390960497176e-09,8.779375296552894e-11
2685,1.1325509692971797e-09,7.951829080305604e-11
2686,1.1641747206581618e-09,8.181249595808811e-11
2687,1.1877749477664104e-09,8.394355774531454e-11
2688,1.1117235086025076e-09,7.635597414356124e-11
2689,1.002537145646732e-09,6.593984439681687e-11
2690,9.375174955696092e-10,5.960429071800451e-11
2691,9.269793707905779e-10,5.854445113256825e-11
2692,9.00561628632007e-10,5.602627993869554e-11
2693,8.645427463426924e-10,5.29655924762036e-11
2694,8.702626687856467e-10,5.3644274400403684e-11
2695,9.41134989205161e-10,6.012239699150541e-11
2696,1.0031242321640682e-09,6.548005603391169e-11
2697,9.76160192854074e-10,6.242502745576856e-11
2698,9.085012662909844e-10,5.599979202824509e-11
2699,8.784686480285683e-10,5.2959634195814175e-11
2700,8.819423040858278e-10,5.2785967632750696e-11
2701,8.499521104727277e-10,4.957630640691225e-11
2702,7.584428616290439e-10,4.1368670950756436e-11
2703,6.74983756500831e-10,3.410644928712396e-11
2704,6.479468204227461e-10,3.152325806016268e-11
2705,6.48946416056901e-10,3.128489814603743e-11
2706,6.336774919943368e-10,3.0225193684738624e-11
2707,6.183665251828429e-10,2.959137335557628e-11
2708,6.492494757243787e-10,3.237521501862401e-11
2709,7.152769778588167e-10,3.759028911428253e-11
2710,7.701262349217367e-10,4.2194738661825774e-11
2711,7.824046200192505e-10,4.368190554693485e-11
2712,7.749156257337302e-10,4.3142162485664246e-11
2713,8.009610588077676e-10,4.52667261198454e-11
2714,8.168942936068521e-10,4.6077390454550626e-11
2715,7.6142800567868e-10,4.051348953977372e-11
2716,6.639291127451983e-10,3.215236882763547e-11
2717,5.892136974077822e-10,2.6348912625114794e-11
2718,5.621738227063488e-10,2.4418915473914257e-11
2719,5.353826879140504e-10,2.2628198602415035e-11
2720,4.893877307192133e-10,1.9808388259497054e-11
2721,4.544863823743729e-10,1.783244823098511e-11
2722,4.812833904905418e-10,2.0006925498292208e-11
2723,5.490068105405214e-10,2.5310348237237372e-11
2724,5.990433919608041e-10,2.991985107452744e-11
2725,6.255680975039669e-10,3.3046154586050725e-11
2726,6.816575469535858e-10,3.818256562828073e-11
2727,8.00532003141136e-10,4.856159188199231e-11
2728,9.237013214240623e-10,6.050609842695284e-11
2729,9.723909335346424e-10,6.677498822456562e-11
2730,9.950314808265187e-10,7.067611341946124e-11
2731,1.0440630617042716e-09,7.513182391263699e-11
2732,1.1180899236003058e-09,8.128236380673097e-11
2733,1.150831789502675e-09,8.410340813208821e-11
2734,1.164516699480361e-09,8.602209900468021e-11
2735,1.2276362996150802e-09,9.296631926854246e-11
2736,1.3244732401467415e-09,1.0320903357666301e-10
2737,1.359018612989456e-09,1.0714808512694968e-10
2738,1.3046459042241735e-09,1.012978082969638e-10
2739,1.2635399043101318e-09,9.652370284271193e-11
2740,1.2806284997248509e-09,9.777279224737516e-11
2741,1.276295307760875e-09,9.694667601090477e-11
2742,1.181682464972789e-09,8.69250101271391e-11
2743,1.0719468151590155e-09,7.568513795738403e-11
2744,1.0410192276436628e-09,7.210789396357699e-11
2745,1.071118992656634e-09,7.395187584452525e-11
2746,1.0683867300972138e-09,7.270637638477265e-11
2747,1.0073910516395639e-09,6.652770881247184e-11
2748,9.80756763808247e-10,6.452780416151743e-11
2749,1.0334270713435423e-09,7.018578666182998e-11
2750,1.0904641185987057e-09,7.585225034365908e-11
2751,1.0737585949032332e-09,7.433676630606261e-11
2752,9.998405110404395e-10,6.686936885785527e-11
2753,9.773341306367971e-10,6.463690044989635e-11
2754,9.988975796646915e-10,6.642494285022712e-11
2755,9.99765382165902e-10,6.678863131207097e-11
2756,9.554577809896306e-10,6.320061107356206e-11
2757,8.916217555201507e-10,5.6569155463736834e-11
2758,8.461192066392938e-10,5.10006157020438e-11
2759,8.048439697595959e-10,4.6429525253492153e-11
2760,7.545026930159586e-10,4.1890507150488994e-11
2761,7.120665130146147e-10,3.825145443288346e-11
2762,7.117216735949028e-10,3.8255408070210306e-11
2763,7.133217022178756e-10,3.8049471082968276e-11
2764,6.865503052960484e-10,3.539234107489296e-11
2765,6.57397866513865e-10,3.2872646389419534e-11
2766,6.723389488348575e-10,3.40988090019767e-11
2767,7.124263603806232e-10,3.706996325529591e-11
2768,7.168099980966073e-10,3.722508702329672e-11
2769,6.747055724052241e-10,3.41296944443624e-11
2770,6.41482475574513e-10,3.172202891416622e-11
2771,6.560810577588728e-10,3.2609917004493266e-11
2772,6.701916565876106e-10,3.326740668187603e-11
2773,6.10554482764671e-10,2.8610101359252685e-11
2774,5.155990208265922e-10,2.20462241611142e-11
2775,4.653844068100901e-10,1.8766623699814966e-11
2776,4.674785945635214e-10,1.8665815086089203e-11
2777,4.6391813749187296e-10,1.8160087892617498e-11
2778,4.2542492226993095e-10,1.57439922420693e-11
2779,4.045007718995612e-10,1.4852223313553994e-11
2780,4.371937417971396e-10,1.7507386740653866e-11
2781,4.955368260748423e-10,2.2117761199536324e-11
2782,5.215206875020237e-10,2.4787144844635127e-11
2783,5.226903451777636e-10,2.5639963593655434e-11
2784,5.796882616670128e-10,3.0455491941092985e-11
2785,7.193113222346563e-10,4.234398046554195e-11
2786,8.939621597216801e-10,5.951872757644888e-11
2787,1.0101997856586619e-09,7.24959538703182e-11
2788,1.1002387440863118e-09,8.25612922158198e-11
2789,1.2594674688122378e-09,9.994441195842815e-11
2790,1.4294218994970043e-09,1.184172369294865e-10
2791,1.5017462695421115e-09,1.274759535395932e-10
2792,1.4639949427450296e-09,1.2450088605587803e-10
2793,1.4208548790767719e-09,1.196475326876106e-10
2794,1.4081798903674447e-09,1.170944961476782e-10
2795,1.357130734363356e-09,1.101653174734915e-10
2796,1.2599551094207093e-09,9.8741160695362e-11
2797,1.1860722080821629e-09,8.955190585660043e-11
2798,1.2069313194601304e-09,9.113153284314734e-11
2799,1.2460948962244574e-09,9.483692508164849e-11
2800,1.2214947813279035e-09,9.202154414664791e-11
2801,1.173828278044248e-09,8.751530158280956e-11
2802,1.1923082985002807e-09,8.987783147322341e-11
2803,1.26561670024454e-09,9.751912946589424e-11
2804,1.3256238656953634e-09,1.0469104591732514e-10
2805,1.3202570752079702e-09,1.0521249789667939e-10
2806,1.3159005449020366e-09,1.0549346999542828e-10
2807,1.3817157238584603e-09,1.1327262087187277e-10
2808,1.4312875125009965e-09,1.180021282966902e-10
2809,1.3697906483376586e-09,1.0956065177874628e-10
2810,1.2211422651518725e-09,9.187671044555172e-11
2811,1.093339620722265e-09,7.754854233507584e-11
2812,1.0269154569275444e-09,7.071780335955722e-11
2813,9.827187397264086e-10,6.721333294768683e-11
2814,9.297579532101201e-10,6.309017806267176e-11
2815,8.933227582493414e-10,5.976137692377595e-11
2816,9.061271951108603e-10,6.016606710122617e-11
2817,9.5177034560338e-10,6.326735477754768e-11
2818,9.826953673056697e-10,6.51649483921355e-11
2819,1.007259514193086e-09,6.725346902793521e-11
2820,1.023541403612555e-09,6.823948058290603e-11
2821,1.0217989838392634e-09,6.719766247656029e-11
2822,9.760417833919984e-10,6.250041236560561e-11
2823,9.075471112443919e-10,5.6306786756528205e-11
2824,8.589632227126315e-10,5.196957439921962e-11
2825,8.426967837022273e-10,5.04084904072174e-11
2826,8.293099019420402e-10,4.9346080459367336e-11
2827,7.933995938209894e-10,4.622164593316861e-11
2828,7.385718470712826e-10,4.100767535170559e-11
2829,6.951164985376639e-10,3.671679147080021e-11
2830,6.562072725427218e-10,3.304827855012221e-11
2831,6.354974311826828e-10,3.128643381206554e-11
2832,6.241229282092966e-10,3.0393833109672666e-11
2833,6.032696102933545e-10,2.8783399738253078e-11
2834,5.683364325401745e-10,2.6208106819040323e-11
2835,5.332083240808293e-10,2.3609118767673208e-11
2836,5.117689469159372e-10,2.1730774016602558e-11
2837,5.098425366886078e-10,2.122329701034987e-11
2838,5.178779025524294e-10,2.1778914505802916e-11
2839,5.517258162316485e-10,2.4701278029889707e-11
2840,6.228315408219133e-10,3.0873841616689545e-11
2841,7.478588870765187e-10,4.2289638206639496e-11
2842,8.987660382426329e-10,5.747206345084916e-11
2843,1.0314200890387002e-09,7.232032234987586e-11
2844,1.1657314792863485e-09,8.876016060213581e-11
2845,1.3236364673598552e-09,1.087149518563614e-10
2846,1.4959129748560168e-09,1.3072982690302262e-10
2847,1.6205556288827747e-09,1.463115586100847e-10
2848,1.6715902944872698e-09,1.5198917824660484e-10
2849,1.6883354889783347e-09,1.5321168237458011e-10
2850,1.7016402433705498e-09,1.539530911567052e-10
2851,1.6967615343323624e-09,1.5331748833346545e-10
2852,1.6398402765698694e-09,1.469853494417433e-10
2853,1.5441631961963838e-09,1.3590713931051614e-10
2854,1.4792402880056165e-09,1.2823500412040847e-10
2855,1.4202910692351868e-09,1.1930251392709606e-10
2856,1.3892010907992474e-09,1.1430604343256608e-10
2857,1.363317706463384e-09,1.1020269174549341e-10
2858,1.3686555884639696e-09,1.1017710886623861e-10
2859,1.4199820633036518e-09,1.1653598851892145e-10
2860,1.4841458693562091e-09,1.2530886073244777e-10
2861,1.4656916649113833e-09,1.231104660202682e-10
2862,1.4005840020102224e-09,1.158252039015148e-10
2863,1.3128685371396723e-09,1.0542882670307624e-10
2864,1.261609859706745e-09,9.923194291650716e-11
2865,1.2446427668262371e-09,9.726121800446419e-11
2866,1.2175543376342894e-09,9.387530804597064e-11
2867,1.1633882616105783e-09,8.68856651632221e-11
2868,1.0970727319565812e-09,7.84383811736736e-11
2869,1.050102107740823e-09,7.267249820237806e-11
2870,1.0150358714391812e-09,6.865805425365729e-11
2871,9.722112791275844e-10,6.428806492856773e-11
2872,9.196617989155213e-10,5.920822670376988e-11
2873,8.624690074750302e-10,5.3418776105314677e-11
2874,8.183481323010405e-10,4.8741528583554216e-11
2875,7.842000099939879e-10,4.506276253458043e-11
2876,7.648990956493122e-10,4.307795216262082e-11
2877,7.791056743762687e-10,4.4325582937404845e-11
2878,8.062076807763251e-10,4.6343494469391664e-11
2879,8.151754197358816e-10,4.654901893830368e-11
2880,7.699773227025882e-10,4.205611510216939e-11
2881,6.92362795898501e-10,3.5235143220911533e-11
2882,6.375683844764402e-10,3.0720834130032445e-11
2883,6.11484805177716e-10,2.8620891140480653e-11
2884,5.900588883341534e-10,2.7074418540123615e-11
2885,5.606051233718795e-10,2.505673791710587e-11
2886,5.108089830431152e-10,2.1550924388259622e-11
2887,4.775337020120045e-10,1.933414583863687e-11
2888,4.6517182564371156e-10,1.8610008088575103e-11
2889,4.734426033442669e-10,1.9266632367368345e-11
2890,4.904136510446062e-10,2.0484794480395705e-11
2891,4.978864191334003e-10,2.089204279018755e-11
2892,4.854569277440858e-10,1.9830083144181743e-11
2893,4.6133149789921236e-10,1.7983824544596703e-11
2894,4.43712980477175e-10,1.668513438281698e-11
2895,4.3701941314363707e-10,1.624851619777407e-11
2896,4.343330195560918e-10,1.625887368746127e-11
2897,4.454170756346207e-10,1.7427663206305607e-11
2898,4.911857440207412e-10,2.0904175420086618e-11
2899,5.796249090796384e-10,2.7476254479658295e-11
2900,6.982040314692919e-10,3.709685323893476e-11
2901,8.307005016371292e-10,4.9456459592687815e-11
2902,9.597497361913616e-10,6.25692430717693e-11
2903,1.1058618677266107e-09,7.821520806755773e-11
2904,1.2291082691182764e-09,9.1922029070506e-11
2905,1.2881614448281377e-09,9.9189196037641e-11
2906,1.3065243426663512e-09,1.0266144922718351e-10
2907,1.3486557816000452e-09,1.0916485493377132e-10
2908,1.4137374104857353e-09,1.1776424690531575e-10
2909,1.4506890575854867e-09,1.2267882028631782e-10
2910,1.4321645001635842e-09,1.2056348742012625e-10
2911,1.4109390542983413e-09,1.1730459002405325e-10
2912,1.4052712706502327e-09,1.1462887474712295e-10
2913,1.3764888332149357e-09,1.0930493332038803e-10
2914,1.2869984445894835e-09,9.849814295595659e-11
2915,1.1917566559083826e-09,8.842254714820636e-11
2916,1.1581165976930684e-09,8.54023658051726e-11
2917,1.1829313567514754e-09,8.886129430326813e-11
2918,1.1828206761724955e-09,8.925271790901987e-11
2919,1.1588733655327994e-09,8.710762614971606e-11
2920,1.1528726035312247e-09,8.63133875498586e-11
2921,1.167690913712007e-09,8.690969059145059e-11
2922,1.1799489122876895e-09,8.80359090030526e-11
2923,1.1603595490333997e-09,8.637154729082258e-11
2924,1.1267923637313257e-09,8.2768965772797e-11
2925,1.088776575511762e-09,7.801742213981355e-11
2926,1.0265537873281546e-09,7.090598355756606e-11
2927,9.433937431706527e-10,6.243295730239868e-11
2928,8.879989995644151e-10,5.7090695381748054e-11
2929,9.03998114428822e-10,5.845304820118448e-11
2930,9.611808148816298e-10,6.350479019063659e-11
2931,9.94972220839014e-10,6.604029978204746e-11
2932,1.0040979340005273e-09,6.645275449563721e-11
2933,9.998303669253474e-10,6.527447958933018e-11
2934,1.0233400022714153e-09,6.724291494249961e-11
2935,1.0158442869802638e-09,6.615914120003769e-11
2936,9.406254385563325e-10,5.885692452459107e-11
2937,8.293719690474591e-10,4.861834607149442e-11
2938,7.502562589533697e-10,4.151744942402424e-11
2939,7.064839970577675e-10,3.732034982131158e-11
2940,6.574857235608025e-10,3.281891631413242e-11
2941,5.968034213998599e-10,2.801793371714377e-11
2942,5.517605444531005e-10,2.4716623548681507e-11
2943,5.536383331934691e-10,2.4870271460829065e-11
2944,5.888097710119492e-10,2.7493518870633763e-11
2945,6.090596878122444e-10,2.921141523831725e-11
2946,6.119040876600739e-10,2.992471789516435e-11
2947,6.399840195119225e-10,3.2742552688388244e-11
2948,7.052561472193564e-10,3.8330127809404586e-11
2949,7.459844680921707e-10,4.157279305070469e-11
2950,7.163397665485704e-10,3.875678939039739e-11
2951,6.40503499899247e-10,3.209515475721147e-11
2952,5.993394936844997e-10,2.840736876864905e-11
2953,5.933069120763152e-10,2.7504724835408464e-11
2954,5.703731500508619e-10,2.5749367402528457e-11
2955,5.261542785118122e-10,2.3021447771076112e-11
2956,5.109275410554773e-10,2.2422696811364374e-11
2957,5.54460568600303e-10,2.577718720406909e-11
2958,6.578903091661414e-10,3.4144805228990386e-11
2959,7.878715076134045e-10,4.605057029684524e-11
2960,9.375228167678226e-10,6.109188481922878e-11
2961,1.1433082893788923e-09,8.313431262518681e-11
2962,1.3670987389416052e-09,1.0857712837694934e-10
2963,1.5269115841767599e-09,1.2867157298931492e-10
2964,1.585455903145724e-09,1.3808653546130075e-10
2965,1.5791847509738356e-09,1.3881446861825553e-10
2966,1.560501674602392e-09,1.3710981755671002e-10
2967,1.5036319297208764e-09,1.301608619154435e-10
2968,1.3710059765607545e-09,1.1296519231463346e-10
2969,1.222610595545783e-09,9.409867444747501e-11
2970,1.1329902434179306e-09,8.287749081753791e-11
2971,1.1114913178887174e-09,7.965041407118374e-11
2972,1.1174347651823058e-09,7.988417009087856e-11
2973,1.12518873711112e-09,8.12250031681032e-11
2974,1.1508754629169665e-09,8.499078375157167e-11
2975,1.2156333367069736e-09,9.31343609090381e-11
2976,1.3044631931494985e-09,1.0432803196449266e-10
2977,1.3551710297378096e-09,1.1114447642858643e-10
2978,1.3462007933025295e-09,1.1031069526760303e-10
2979,1.3140259670147063e-09,1.0574953276736891e-10
2980,1.2842075927661007e-09,1.0053215364476339e-10
2981,1.2582959544186e-09,9.604835252014195e-11
2982,1.212744903699656e-09,8.996997419696538e-11
2983,1.158827517526709e-09,8.360278511342005e-11
2984,1.1139235099175807e-09,7.859099683280276e-11
2985,1.0680031055969985e-09,7.34783358987191e-11
2986,1.0167443208309203e-09,6.807234825460648e-11
2987,9.831765401147945e-10,6.485295229939872e-11
2988,1.0076727774410147e-09,6.761227693531881e-11
2989,1.0861799438155608e-09,7.574800731308461e-11
2990,1.176974714503831e-09,8.563760590195295e-11
2991,1.243416846688474e-09,9.367953475666209e-11
2992,1.2939652259267375e-09,9.99491760374311e-11
2993,1.3477370590383594e-09,1.0603386976005591e-10
2994,1.3676949915377697e-09,1.0799186698933407e-10
2995,1.3032718118045456e-09,1.0034340278502291e-10
2996,1.181949268242667e-09,8.665842666308204e-11
2997,1.0647361310428612e-09,7.337490226949344e-11
2998,9.614294669118301e-10,6.185298017322706e-11
2999,8.541972089233699e-10,5.0906533301395765e-11
3000,7.531592053409619e-10,4.180256963969835e-11
3001,6.975703631960599e-10,3.7111428592013674e-11
3002,7.108571482614602e-10,3.817510614730966e-11
3003,7.657597607305585e-10,4.296155015988285e-11
3004,8.016343258273082e-10,4.63508320197183e-11
3005,8.160897564065696e-10,4.7781920905877334e-11
3006,8.311028761293126e-10,4.901995233373291e-11
3007,8.498438055358193e-10,5.040717427076764e-11
3008,8.231992461899411e-10,4.772906970554399e-11
3009,7.523314228052668e-10,4.164142821299581e-11
3010,6.755304889786664e-10,3.530395096133058e-11
3011,6.3371179181469e-10,3.180112644547565e-11
3012,6.25768409227775e-10,3.0948328440619536e-11
3013,6.107804833605483e-10,2.9431522843481527e-11
3014,6.036654740824861e-10,2.8738099852221906e-11
3015,6.44428896732299e-10,3.196551118624342e-11
3016,7.699413682714352e-10,4.273125569834633e-11
3017,9.428063385984012e-10,5.906970947162164e-11
3018,1.0870568794879336e-09,7.442720094407448e-11
3019,1.1607623057771995e-09,8.357273107829243e-11
3020,1.2121085078573413e-09,9.041011870784573e-11
3021,1.277172264696049e-09,9.854766030897368e-11
3022,1.329174061588736e-09,1.0554089414003757e-10
3023,1.3215429244206064e-09,1.0578063154826444e-10
3024,1.2723606231012833e-09,1.0028309452808477e-10
3025,1.249073146619426e-09,9.708848414137224e-11
3026,1.2424818498390902e-09,9.521750997235192e-11
3027,1.2209096606455032e-09,9.19933561136079e-11
3028,1.1959299540258612e-09,8.932656111726157e-11
3029,1.206648339815239e-09,9.111390694609107e-11
3030,1.2730261154649262e-09,9.943064575784994e-11
3031,1.358195848085789e-09,1.1037236321934652e-10
3032,1.4040552881969732e-09,1.169057090249643e-10
3033,1.4217473086290124e-09,1.1982169818304958e-10
3034,1.4812265068122997e-09,1.277002536201084e-10
3035,1.5341559869094757e-09,1.3289289146995862e-10
3036,1.5008500968599193e-09,1.2645888752703945e-10
3037,1.3634077535946695e-09,1.082940452295924e-10
3038,1.2201911991672842e-09,9.095850084754267e-11
3039,1.157870011855965e-09,8.355313131173337e-11
3040,1.1474380181832872e-09,8.215002049035213e-11
3041,1.1213979000834158e-09,7.952764474261851e-11
3042,1.0585865564988895e-09,7.318409341787778e-11
3043,1.0203394900235647e-09,6.935220803369326e-11
3044,1.0607816868716735e-09,7.353520326447981e-11
3045,1.1437605825618496e-09,8.197363526324279e-11
3046,1.2165944024831563e-09,8.966954801802731e-11
3047,1.2619890911634322e-09,9.480424695134818e-11
3048,1.2748748116100282e-09,9.577264361348572e-11
3049,1.279864062216963e-09,9.627098564559276e-11
3050,1.2497824385114053e-09,9.339081077167496e-11
3051,1.1878161555887082e-09,8.719942275097449e-11
3052,1.1144394335856202e-09,7.937881514180817e-11
3053,1.0351168526143228e-09,7.05327171139203e-11
3054,9.26271636389403e-10,5.852755003708342e-11
3055,8.206472439193934e-10,4.7913149421546234e-11
3056,7.473990775217834e-10,4.10774644231807e-11
3057,7.210647665300604e-10,3.855745627242512e-11
3058,7.154860059667982e-10,3.793448943218757e-11
3059,7.054624683464438e-10,3.7131248142951035e-11
3060,6.957610521001028e-10,3.6477332628823526e-11
3061,7.146802661015398e-10,3.832491609047973e-11
3062,7.556139607643242e-10,4.191909479520065e-11
3063,7.700830491902961e-10,4.291876859417152e-11
3064,7.59145663638159e-10,4.2016083258149545e-11
3065,7.640271026649509e-10,4.2678630262519156e-11
3066,7.956687439344918e-10,4.5239675768912986e-11
3067,8.117025825024626e-10,4.628240964167627e-11
3068,7.514757595227479e-10,4.099521849661607e-11
3069,6.464415846941869e-10,3.2386097741591136e-11
3070,5.724253284789213e-10,2.644040370114128e-11
3071,5.517773847719133e-10,2.4572447817018857e-11
3072,5.50117742085795e-10,2.4249764353565745e-11
3073,5.533401237464222e-10,2.473874432530236e-11
3074,5.926666870855947e-10,2.8283166977824016e-11
3075,7.000647551631159e-10,3.7395236072972204e-11
3076,8.634949480638951e-10,5.221603713611659e-11
3077,9.991249056899987e-10,6.582335010341953e-11
3078,1.0532853868621128e-09,7.185844481253239e-11
3079,1.0925527949386876e-09,7.66968146216652e-11
3080,1.1485626443679086e-09,8.291581549517071e-11
3081,1.1785749829784636e-09,8.602282409919426e-11
3082,1.1422084181549707e-09,8.238617939352891e-11
3083,1.0669588504803438e-09,7.45786422988182e-11
3084,1.032984646525671e-09,7.090098275757673e-11
3085,1.0668268190680092e-09,7.429290968017e-11
3086,1.119656562885456e-09,7.983700644322039e-11
3087,1.1571079222802886e-09,8.41681363774362e-11
3088,1.1845798516997987e-09,8.743434182169918e-11
3089,1.2095272971685242e-09,8.988646406404362e-11
3090,1.2466166939004198e-09,9.421417588492518e-11
3091,1.2665473484169214e-09,9.711577819297487e-11
3092,1.2298645288866571e-09,9.275516211806316e-11
3093,1.1422850846050294e-09,8.239582821210387e-11
3094,1.0376604388245085e-09,7.06797269829008e-11
3095,9.613364189626618e-10,6.242087044449407e-11
3096,9.187333614314516e-10,5.745101895623154e-11
3097,8.850608800882565e-10,5.3517066621064335e-11
3098,8.543892093935036e-10,5.0509430523751366e-11
3099,8.468795640983859e-10,4.998781681350542e-11
3100,8.569105528579595e-10,5.0780695610686694e-11
3101,8.724478449103801e-10,5.229930491375893e-11
3102,8.622654578921986e-10,5.1804274284834316e-11
3103,8.457130556117739e-10,5.0706215934932304e-11
3104,8.427046652692214e-10,5.047602972204995e-11
3105,8.597328902989409e-10,5.2016543146797604e-11
3106,8.58998860810827e-10,5.182562524738487e-11
3107,8.401606616704972e-10,5.004260108815919e-11
3108,8.237537785865392e-10,4.8480444772639594e-11
3109,8.219528198923593e-10,4.8150965542144963e-11
3110,8.153216603758792e-10,4.7332838492630364e-11
3111,7.755593270310741e-10,4.371347395131481e-11
3112,7.170165201915736e-10,3.8685667665308666e-11
3113,6.65213658623619e-10,3.437606338599877e-11
3114,6.343443837318061e-10,3.1819967890009885e-11
3115,6.164972864233128e-10,3.0491181917148614e-11
3116,6.093692794089589e-10,3.0145398888270705e-11
3117,6.048300087449025e-10,2.993222649138879e-11
3118,5.978259873118465e-10,2.9313597945371334e-11
3119,5.924997846211328e-10,2.8709699762208604e-11
3120,5.884496508907775e-10,2.8192147430547154e-11
3121,5.955158124249869e-10,2.8508105524895386e-11
3122,6.070676714652803e-10,2.918651295009264e-11
3123,6.125614298638425e-10,2.9550938837536593e-11
3124,6.04561706654575e-10,2.890857091286039e-11
3125,5.897598486279024e-10,2.7687339502788293e-11
3126,5.802299296287785e-10,2.6861882587303472e-11
3127,5.75824296625599e-10,2.6467113728403593e-11
3128,5.772654635567252e-10,2.6671564052556676e-11
3129,5.879746562819008e-10,2.782272886255675e-11
3130,6.308623094990024e-10,3.187073901476304e-11
3131,7.193944542469382e-10,4.0065739870698914e-11
3132,8.274477690775797e-10,5.01471482742398e-11
3133,9.226518825069425e-10,5.95596640942275e-11
3134,9.941900178611818e-10,6.747781898258189e-11
3135,1.0758835630350174e-09,7.700618164601516e-11
3136,1.1845407562058363e-09,8.932094210441463e-11
3137,1.2622897743793477e-09,9.779963497060737e-11
3138,1.2735359589854548e-09,9.888288098712394e-11
3139,1.2653601896969925e-09,9.810599311026315e-11
3140,1.3095899977834037e-09,1.031898465462368e-10
3141,1.4046341871519373e-09,1.1433100496515911e-10
3142,1.4757662442253483e-09,1.233488963355911e-10
3143,1.497749087434828e-09,1.2702233180982476e-10
3144,1.5180816469033378e-09,1.2986304328078034e-10
3145,1.5915928713214217e-09,1.391878879746725e-10
3146,1.618433919164783e-09,1.4148829799266074e-10
3147,1.5611022710028429e-09,1.340155674832924e-10
3148,1.4745664748608925e-09,1.2364774092611092e-10
3149,1.442388212645457e-09,1.1934428452574668e-10
3150,1.4118674397088177e-09,1.1406547023961479e-10
3151,1.3054916901246233e-09,1.0085118101083516e-10
3152,1.157562534731294e-09,8.459695157975621e-11
3153,1.0632230641344e-09,7.42735607111681e-11
3154,1.0484590021231336e-09,7.19436656885132e-11
3155,1.0390721974431755e-09,7.039370312626076e-11
3156,9.777251440560063e-10,6.41978858095478e-11
3157,9.041230216131812e-10,5.685774608209456e-11
3158,8.931701524281801e-10,5.5636482982879093e-11
3159,9.239088525491817e-10,5.840632933898101e-11
3160,9.168244965159067e-10,5.753331428606858e-11
3161,8.546787963787791e-10,5.1581381499179983e-11
3162,8.034262980978142e-10,4.689409193339747e-11
3163,8.088147592781808e-10,4.7160374982822915e-11
3164,8.396011179083737e-10,4.9679680817680365e-11
3165,8.423995907558881e-10,4.9996597785839284e-11
3166,8.191063064913326e-10,4.80313613261669e-11
3167,7.830812835377527e-10,4.427584602787453e-11
3168,7.533799934995421e-10,4.112845749322883e-11
3169,7.029540840767952e-10,3.6591781084517406e-11
3170,6.299122290541853e-10,3.060685896786474e-11
3171,5.668403923061368e-10,2.566243623028431e-11
3172,5.216313500302261e-10,2.2341267763404986e-11
3173,4.838221660793277e-10,1.9846385704431338e-11
3174,4.4758056731962263e-10,1.770579293812413e-11
3175,4.2652617974222634e-10,1.6524253495300126e-11
3176,4.425210943005965e-10,1.763071586309686e-11
3177,5.062247484746183e-10,2.20219779207553e-11
3178,5.693632569265378e-10,2.6588195884971082e-11
3179,6.053270016942461e-10,2.940699868302639e-11
3180,6.227080663366363e-10,3.101016670916605e-11
3181,6.519145426381452e-10,3.33101737707656e-11
3182,6.719582398120734e-10,3.447218463780556e-11
3183,6.706070757697626e-10,3.4209808932829655e-11
3184,6.386136818437844e-10,3.183278886352346e-11
3185,6.339431012091088e-10,3.1831612545615145e-11
3186,6.672985991427982e-10,3.472316425113175e-11
3187,7.033750967062728e-10,3.792267916723101e-11
3188,7.210535184591185e-10,3.9969272470402116e-11
3189,7.497159253130135e-10,4.301662003406058e-11
3190,8.374432991436684e-10,5.1393774499675106e-11
3191,9.788517611451048e-10,6.576216832093474e-11
3192,1.135933787838348e-09,8.357040654325361e-11
3193,1.2810642929171618e-09,1.0128186423991516e-10
3194,1.4146550485392028e-09,1.1728020300833971e-10
3195,1.525533576752634e-09,1.3022114524679864e-10
3196,1.5612686439451083e-09,1.3422001404272998e-10
3197,1.542418910715712e-09,1.3185150119734733e-10
3198,1.542865609141702e-09,1.3163853998263224e-10
3199,1.5634240821774987e-09,1.3314657643873788e-10
3200,1.5518913478144032e-09,1.3120602651922329e-10
3201,1.4626776483386334e-09,1.205004361425565e-10
3202,1.3897513272183233e-09,1.1277019974279823e-10
3203,1.3785229660503235e-09,1.1155895674120728e-10
3204,1.3778155728002415e-09,1.1051888762310016e-10
3205,1.3600190400256793e-09,1.0895659577473904e-10
3206,1.324456623349464e-09,1.0554210402954597e-10
3207,1.3372165440642355e-09,1.0711898477032382e-10
3208,1.3742176014951551e-09,1.1090099245215282e-10
3209,1.3541914301437005e-09,1.0813001117664524e-10
3210,1.2447456922717979e-09,9.52482128485192e-11
3211,1.1395056620784253e-09,8.321602807448145e-11
3212,1.0885924743934167e-09,7.687414595319493e-11
3213,1.0610470916401675e-09,7.318815131531862e-11
3214,9.959694845444684e-10,6.621574189235364e-11
3215,9.1763919003112e-10,5.867675394208004e-11
3216,8.699200040973874e-10,5.394996394676531e-11
3217,8.679000978864586e-10,5.348728757319812e-11
3218,8.716497495176536e-10,5.387117851087787e-11
3219,8.56202048841856e-10,5.27206312561401e-11
3220,8.395136791088773e-10,5.140701947500168e-11
3221,8.519799036182855e-10,5.251420996295509e-11
3222,8.46691365140053e-10,5.1336511080447996e-11
3223,7.764228064827597e-10,4.4280173594684846e-11
3224,6.633715312078633e-10,3.426604691652028e-11
3225,5.81358051244805e-10,2.7603860350045266e-11
3226,5.550800815382512e-10,2.540947138443865e-11
3227,5.566991072166944e-10,2.523567693309372e-11
3228,5.406284256541015e-10,2.3854558550730097e-11
3229,5.062674964140766e-10,2.126378118108298e-11
3230,4.872387369082089e-10,1.9835045146217504e-11
3231,4.880410282292608e-10,1.9729107507297595e-11
3232,4.755570748036062e-10,1.8737905241610546e-11
3233,4.275595176561482e-10,1.5667044095606617e-11
3234,3.836536689764347e-10,1.321676867807419e-11
3235,3.7356603237653217e-10,1.281415656279801e-11
3236,3.969504360487266e-10,1.4364820346875314e-11
3237,4.1361791435973603e-10,1.5553632490021947e-11
3238,4.0651073515344034e-10,1.522621833681827e-11
3239,4.159285410026274e-10,1.5904341698519767e-11
3240,4.672537781331119e-10,1.914776305814282e-11
3241,5.41956136033057e-10,2.4198996607900874e-11
3242,6.006693168974395e-10,2.890416255918373e-11
3243,6.380209021376601e-10,3.260820523636564e-11
3244,6.958330734592691e-10,3.796799202077097e-11
3245,7.65093234831645e-10,4.417210334786181e-11
3246,8.044021003159379e-10,4.8119502758373365e-11
3247,8.020916653975709e-10,4.843267654646443e-11
3248,8.25833941007736e-10,5.0997625949019784e-11
3249,9.198652274053185e-10,6.014551258564845e-11
3250,1.0420958774286576e-09,7.239539022590655e-11
3251,1.1047708174820447e-09,7.861975800360554e-11
3252,1.1329431931452819e-09,8.144914722959113e-11
3253,1.1838287112856174e-09,8.629048261283665e-11
3254,1.2879164632793145e-09,9.754024487489166e-11
3255,1.3570394856061145e-09,1.0601913610745763e-10
3256,1.3422086482799745e-09,1.0564969868069883e-10
3257,1.30591973534747e-09,1.0252656534101911e-10
3258,1.3015306051438776e-09,1.017556218152497e-10
3259,1.2943072080978819e-09,9.980697025528624e-11
3260,1.2279758433701528e-09,9.159051285498939e-11
3261,1.1452302026045341e-09,8.256764831337037e-11
3262,1.126311042579911e-09,8.079189960355357e-11
3263,1.1684529737795208e-09,8.559110034075166e-11
3264,1.1761392139391505e-09,8.689767978060277e-11
3265,1.0934302761442593e-09,7.818551318897775e-11
3266,1.007784505597326e-09,6.917351169223461e-11
3267,9.623979561295765e-10,6.351571598971434e-11
3268,9.264979773842838e-10,5.875927675293e-11
3269,8.574113049672066e-10,5.1704970805387925e-11
3270,7.788054616250523e-10,4.430696800124536e-11
3271,7.552906059845637e-10,4.1967404844876945e-11
3272,7.779566909619634e-10,4.372911760580333e-11
3273,7.768200369091045e-10,4.364687643266103e-11
3274,7.4081423746397e-10,4.08545544399816e-11
3275,7.291957025329101e-10,4.010879480711642e-11
3276,7.845245277624731e-10,4.496111134733892e-11
3277,8.497724425271291e-10,5.057945812246939e-11
3278,8.494638484605418e-10,5.048365578904476e-11
3279,7.89926455145406e-10,4.506067308182786e-11
3280,7.309425445292313e-10,3.948352415959695e-11
3281,6.825181812438921e-10,3.487492279686883e-11
3282,6.141839756806011e-10,2.921988448167886e-11
3283,5.255987713072903e-10,2.2686781859610094e-11
3284,4.6025873429326456e-10,1.810291429742694e-11
3285,4.271346454554555e-10,1.5664872475622848e-11
3286,3.9630771659786717e-10,1.3459369592982742e-11
3287,3.5567791172076796e-10,1.1036595227599702e-11
3288,3.312635904550544e-10,9.747897184448374e-12
3289,3.34972863081047e-10,9.89921689314258e-12
3290,3.6060124754333506e-10,1.128631638794367e-11
3291,3.7654167716388586e-10,1.2356218553754012e-11
3292,3.937511550657812e-10,1.367008163308474e-11
3293,4.2932247478935524e-10,1.614655783471368e-11
3294,4.788588152426061e-10,1.960382756982777e-11
3295,4.951291563910536e-10,2.09352700427916e-11
3296,4.672085712920148e-10,1.9273426475935392e-11
3297,4.435012665565249e-10,1.7772317019524542e-11
3298,4.602170998727158e-10,1.885658680701068e-11
3299,5.070851032983027e-10,2.2191784082398494e-11
3300,5.578759455904134e-10,2.649967144545619e-11
3301,6.144268790128549e-10,3.184399433266298e-11
3302,6.997454990643708e-10,3.964923494310257e-11
3303,8.122020170613561e-10,5.000353806046921e-11
3304,9.106120748898855e-10,5.955532929171535e-11
3305,9.659360286883376e-10,6.546542146268249e-11
3306,1.026970359550613e-09,7.254335125230585e-11
3307,1.1177848050184451e-09,8.278371180594488e-11
3308,1.2029113085221492e-09,9.198012776253995e-11
3309,1.2261527459334988e-09,9.37681925079733e-11
3310,1.2202872479835604e-09,9.262072845289288e-11
3311,1.271725815024379e-09,9.85345943409534e-11
3312,1.391554496464417e-09,1.1275970301139989e-10
3313,1.4966075282870297e-09,1.2554445037584627e-10
3314,1.4948223233013978e-09,1.2523295675776252e-10
3315,1.4053678898046392e-09,1.1377414179874403e-10
3316,1.3368290143435423e-09,1.0512151287122525e-10
3317,1.3021456978821368e-09,1.0057951482686822e-10
3318,1.2617480844971765e-09,9.631818515334161e-11
3319,1.1823380479381823e-09,8.818568566452858e-11
3320,1.1152817071838624e-09,8.162212628795086e-11
3321,1.115670995659225e-09,8.194232558459228e-11
3322,1.1325191690651754e-09,8.276944171406308e-11
3323,1.104695653400021e-09,7.859263012381545e-11
3324,1.0432362066049407e-09,7.155297715292889e-11
3325,9.95529850701724e-10,6.568659531436318e-11
3326,9.763874225528732e-10,6.254071958996837e-11
3327,9.169247551411325e-10,5.5881550443738224e-11
3328,7.984285166787425e-10,4.482927455016102e-11
3329,7.014249278500398e-10,3.67165397843608e-11
3330,6.693202179740596e-10,3.400857340355256e-11
3331,6.87500987936556e-10,3.5383196040956816e-11
3332,7.005168502021343e-10,3.6693732405226425e-11
3333,7.151114337526591e-10,3.8517141380760255e-11
3334,7.810269310810005e-10,4.460183300375303e-11
3335,9.005781093940463e-10,5.5323752441114267e-11
3336,9.676492456440605e-10,6.103398229758194e-11
3337,9.254532424704947e-10,5.7045293714407864e-11
3338,8.515031814863613e-10,5.054603271458078e-11
3339,8.26855538475472e-10,4.8322772632836426e-11
3340,8.156995900919783e-10,4.7032602612017566e-11
3341,7.216516220140742e-10,3.8479652809155034e-11
3342,5.862663367141357e-10,2.7401939298997475e-11
3343,4.916451714013241e-10,2.0146764009651533e-11
3344,4.6260108284145866e-10,1.772018718778606e-11
3345,4.4838819812949357e-10,1.6492804505205082e-11
3346,4.225364255730878e-10,1.4815525339079174e-11
3347,3.995722797249809e-10,1.345261823127387e-11
3348,4.2187562391091694e-10,1.4815882436246406e-11
3349,4.64034842947224e-10,1.757397408875276e-11
3350,4.811088448907548e-10,1.9073020082905757e-11
3351,4.727739246645126e-10,1.9018633059929893e-11
3352,4.758241016213243e-10,1.9449465420234304e-11
3353,5.090295171920834e-10,2.1720891832061587e-11
3354,5.475909373944614e-10,2.466971686890346e-11
3355,5.641025362453662e-10,2.633658724606764e-11
3356,5.840448000902639e-10,2.825323927070173e-11
3357,6.415212110168118e-10,3.2814021073726054e-11
3358,7.060935073359018e-10,3.776527758453706e-11
3359,7.394395752923126e-10,4.072745258778409e-11
3360,7.588247142327683e-10,4.3550872163234226e-11
3361,8.075818665029883e-10,4.936242700090761e-11
3362,8.850818317308728e-10,5.742210589740099e-11
3363,9.316546653918224e-10,6.196730472663286e-11
3364,9.361239531467974e-10,6.200074996989976e-11
3365,9.548131954546212e-10,6.291439113611042e-11
3366,1.0523705733234907e-09,7.214589096318784e-11
3367,1.1813543560548095e-09,8.588810313021083e-11
3368,1.2540052006947494e-09,9.484391622520826e-11
3369,1.2728620820194048e-09,9.829892563731242e-11
3370,1.2887390054547364e-09,1.0057059093076284e-10
3371,1.3364519462691248e-09,1.0619691312372758e-10
3372,1.3629943021124106e-09,1.0928986180573109e-10
3373,1.3211060236036294e-09,1.0398723030514567e-10
3374,1.2154247363876683e-09,9.08370215800165e-11
3375,1.1200431190548688e-09,7.968791310557036e-11
3376,1.045695251432926e-09,7.118396695236028e-11
3377,9.807412442821445e-10,6.398907105217218e-11
3378,9.288110219389625e-10,5.878139384876197e-11
3379,8.933227820286844e-10,5.5293000705960024e-11
3380,8.801135404578414e-10,5.370513311320464e-11
3381,8.72421074589681e-10,5.25338391216547e-11
3382,8.44785824974979e-10,4.9532639620765504e-11
3383,7.993459006585174e-10,4.5048107126179696e-11
3384,7.609654999947153e-10,4.1530439698075535e-11
3385,7.42207075703949e-10,3.989599548887743e-11
3386,7.218077608772934e-10,3.8150423521117825e-11
3387,6.808174393811033e-10,3.475750319188297e-11
3388,6.428469835045175e-10,3.1925064316447075e-11
3389,6.352349732861838e-10,3.148457642727886e-11
3390,6.638540106186016e-10,3.3732740511094636e-11
3391,6.994862627867718e-10,3.652883696519266e-11
3392,7.024346589179542e-10,3.649199963322571e-11
3393,6.915895603235347e-10,3.536288916763729e-11
3394,6.956875240911288e-10,3.561154544857739e-11
3395,7.139299716335646e-10,3.708017353617967e-11
3396,7.108344094951518e-10,3.698771867522954e-11
3397,6.677073067770791e-10,3.376369625501473e-11
3398,5.971607386764826e-10,2.8149332513992455e-11
3399,5.435803650342876e-10,2.4005349746346956e-11
3400,5.091328732309871e-10,2.1216339740240824e-11
3401,4.696200853387686e-10,1.8283587943660432e-11
3402,4.224315856525522e-10,1.514336381171988e-11
3403,4.0582718894641843e-10,1.4127373292451915e-11
3404,4.283398733325936e-10,1.539332761422578e-11
3405,4.705372700238831e-10,1.7902357744670508e-11
3406,4.868574679459745e-10,1.895446018510187e-11
3407,4.790867204375485e-10,1.864922639803344e-11
3408,4.955489109516095e-10,2.0001142477879454e-11
3409,5.462339558940199e-10,2.3581478158047814e-11
3410,5.767244351364159e-10,2.5792671171535374e-11
3411,5.571118443066433e-10,2.4698255219423093e-11
3412,5.218364110324655e-10,2.2675287913497478e-11
3413,5.416687718909607e-10,2.4527050147870507e-11
3414,5.917673349974542e-10,2.8332863901448173e-11
3415,6.196822885641716e-10,3.052842581599224e-11
3416,6.078870805972208e-10,2.9812162751452505e-11
3417,6.139522983716264e-10,3.043823784766868e-11
3418,6.850894214748719e-10,3.627274845930227e-11
3419,7.787758694876103e-10,4.442517315194756e-11
3420,8.338139851355194e-10,4.989431246398234e-11
3421,8.446792042979528e-10,5.1286562784282804e-11
3422,8.731516945232738e-10,5.3925410548777954e-11
3423,9.386879359406696e-10,6.003551530849069e-11
3424,1.0019432612482362e-09,6.646750331238351e-11
3425,1.0215025360757559e-09,6.893522746619393e-11
3426,1.0203434196954074e-09,6.909838189806822e-11
3427,1.018669402679099e-09,6.860829248883684e-11
3428,1.0108575467129993e-09,6.732814337065677e-11
3429,9.831730242025937e-10,6.428804783677142e-11
3430,9.41759542568391e-10,5.989001368351645e-11
3431,9.179848462389032e-10,5.738494506999273e-11
3432,8.9815379165772e-10,5.5280970691057153e-11
3433,8.699145954284522e-10,5.265055824481256e-11
3434,8.36378020070066e-10,4.955192263739438e-11
3435,8.194933572395787e-10,4.796851167879421e-11
3436,8.251172642394505e-10,4.8414383731599655e-11
3437,8.339052676823289e-10,4.922781546150407e-11
3438,8.289072788991682e-10,4.8691259662158124e-11
3439,8.142320197712715e-10,4.710755325560915e-11
3440,7.812705512517786e-10,4.371195801549852e-11
3441,7.273689696723825e-10,3.863045735888211e-11
3442,6.561859288444497e-10,3.254042005178304e-11
3443,5.985547333152347e-10,2.7884502794158735e-11
3444,5.671784264799213e-10,2.520659922505087e-11
3445,5.417879837067463e-10,2.302736607576911e-11
3446,5.074754196825327e-10,2.051331242615608e-11
3447,4.706888392019948e-10,1.8155729525891805e-11
3448,4.665653613778894e-10,1.7981455144365282e-11
3449,5.066297631343289e-10,2.0727444656683822e-11
3450,5.579173933736355e-10,2.4225788665047026e-11
3451,5.72968963168721e-10,2.5368506990559584e-11
3452,5.599640875513049e-10,2.4671036147618834e-11
3453,5.662825443108165e-10,2.5439410733446525e-11
3454,5.896940293662994e-10,2.7154473831334408e-11
3455,5.902383913988558e-10,2.695937287377159e-11
3456,5.425719085515247e-10,2.3356727166392842e-11
3457,4.91051750316722e-10,1.9747684967695212e-11
3458,4.815633094949063e-10,1.9032259128316638e-11
3459,4.940594048678225e-10,1.9692177934092804e-11
3460,4.967989703702638e-10,1.9900111008729815e-11
3461,4.851146046640527e-10,1.929409274438317e-11
3462,4.89285219376171e-10,1.956089481075017e-11
3463,5.307223589642805e-10,2.2294234881386307e-11
3464,5.761021434989295e-10,2.5570149311899818e-11
3465,5.946917090236616e-10,2.7238084361382417e-11
3466,6.052722808663842e-10,2.8449508872375328e-11
3467,6.232096565522893e-10,3.010051394152404e-11
3468,6.512218557892111e-10,3.258777441467977e-11
3469,6.482050645835217e-10,3.2634828975162284e-11
3470,6.287852717522098e-10,3.145521964904165e-11
3471,6.19118681896768e-10,3.0783703086016923e-11
3472,6.227550915465558e-10,3.072538536295532e-11
3473,6.198014266390181e-10,2.999536479209225e-11
3474,5.911160102243408e-10,2.7543474891582993e-11
3475,5.738678560649017e-10,2.6440917101349178e-11
3476,5.910954048455137e-10,2.819674100798333e-11
3477,6.375673035634798e-10,3.221866585841253e-11
3478,6.615952720956193e-10,3.4043261191448977e-11
3479,6.514122333072195e-10,3.2813133581549646e-11
3480,6.563846587825942e-10,3.2945513997981507e-11
3481,7.162862383960338e-10,3.7831244271784635e-11
3482,8.052588160182503e-10,4.5607885410247565e-11
3483,8.751710780950255e-10,5.2410471928688137e-11
3484,8.920664291101514e-10,5.447499693689617e-11
3485,9.02339286240288e-10,5.571335066465776e-11
3486,9.307488875986904e-10,5.864574491885136e-11
3487,9.57702441548295e-10,6.181476144900456e-11
3488,9.562150851503663e-10,6.251812405103866e-11
3489,9.520338505168668e-10,6.302625314950428e-11
3490,9.646314941178923e-10,6.438665559364558e-11
3491,9.693601058227515e-10,6.377078683996502e-11
3492,9.645052832032415e-10,6.240838426092615e-11
3493,9.51249965724196e-10,6.067195846607848e-11
3494,9.59127028667121e-10,6.12834647258873e-11
3495,9.912170883266307e-10,6.465461052122287e-11
3496,1.0000523660727145e-09,6.572800534288856e-11
3497,9.407877745201438e-10,5.964857220005302e-11
3498,8.414538412207047e-10,4.988277555100132e-11
3499,7.726215900227894e-10,4.363965630076646e-11
3500,7.453378035892857e-10,4.07959899795602e-11
3501,7.281386452717411e-10,3.8468722625470264e-11
3502,6.963927611984985e-10,3.529983861909802e-11
3503,6.505204799380689e-10,3.147865291567889e-11
3504,6.255856812011206e-10,2.945807125742193e-11
3505,6.550879916501282e-10,3.194494572266616e-11
3506,7.15182959282288e-10,3.724607130985614e-11
3507,7.831801191832169e-10,4.372635107660134e-11
3508,8.431536129912793e-10,4.9709602229111095e-11
3509,8.741909181432185e-10,5.265904431378011e-11
3510,8.766008351081533e-10,5.291261844898187e-11
3511,8.567241834965492e-10,5.136781846245986e-11
3512,8.250534290074475e-10,4.838266582478501e-11
3513,7.928738266458887e-10,4.496046048234119e-11
3514,7.605841404122703e-10,4.164065852150025e-11
3515,7.341966605533605e-10,3.934403464511936e-11
3516,7.221696185507644e-10,3.8594964823412626e-11
3517,7.328163470464e-10,3.9750874386990484e-11
3518,7.714696987185685e-10,4.330604673850423e-11
3519,7.874241701242289e-10,4.438968144257186e-11
3520,7.792517266913091e-10,4.3372952941777807e-11
3521,7.575680591478757e-10,4.1347106964907355e-11
3522,7.497381640285833e-10,4.055593175930687e-11
3523,7.561787167883062e-10,4.09209047300127e-11
3524,7.576258488624713e-10,4.1072740473814256e-11
3525,7.394649840176124e-10,3.9793179380811916e-11
3526,7.177738056199923e-10,3.8093607859192434e-11
3527,7.148429828134795e-10,3.787290124741883e-11
3528,7.203218494639732e-10,3.8268177905159616e-11
3529,7.187361921488979e-10,3.792832316794595e-11
3530,7.166831106311092e-10,3.7532905296445054e-11
3531,7.16832556100271e-10,3.714883189668698e-11
3532,7.246726558136679e-10,3.756858757959816e-11
3533,7.26711929098596e-10,3.779466786934409e-11
3534,7.271083931023348e-10,3.811351983834834e-11
3535,7.355787568708021e-10,3.91475027509526e-11
3536,7.473175017964169e-10,4.0336244262029805e-11
3537,7.63116641423069e-10,4.199392057776131e-11
3538,7.786532515855248e-10,4.361235807722567e-11
3539,8.161239588350066e-10,4.7233008324281366e-11
3540,8.789315674444063e-10,5.3035755868043545e-11
3541,9.484828010864476e-10,5.960294471566918e-11
3542,9.71110461913283e-10,6.162082684255922e-11
3543,9.59298242358818e-10,6.087877064270212e-11
3544,9.563552755407242e-10,6.149031040173474e-11
3545,9.768517188990917e-10,6.423078382203494e-11
3546,9.9757535187022e-10,6.676080784916917e-11
3547,9.911096501068388e-10,6.662632662065931e-11
3548,9.632846095221591e-10,6.37653980999176e-11
3549,9.800351337569297e-10,6.518930973601896e-11
3550,1.0474294820249137e-09,7.157398361103812e-11
3551,1.1029415804616738e-09,7.665524071130305e-11
3552,1.106756509794117e-09,7.694635959067842e-11
3553,1.0688131424308697e-09,7.320511445796985e-11
3554,1.0482223615556315e-09,7.135359283335613e-11
3555,1.0338255792009023e-09,6.981692103287864e-11
3556,9.841898793272947e-10,6.474444659879997e-11
3557,9.189030674618451e-10,5.853925828211722e-11
3558,8.832764673660481e-10,5.483599234622497e-11
3559,9.039504058021862e-10,5.607466812764234e-11
3560,9.29709992247183e-10,5.765740123307781e-11
3561,9.240389691572506e-10,5.6884013466258497e-11
3562,9.244616977195971e-10,5.7270071428357776e-11
3563,9.879369145747886e-10,6.39625041444046e-11
3564,1.088457043217513e-09,7.46234967588216e-11
3565,1.1226791818624693e-09,7.893816354913811e-11
3566,1.070222670044331e-09,7.474385789923124e-11
3567,1.0126828217268518e-09,6.942304320685612e-11
3568,9.913365862947999e-10,6.670061130064446e-11
3569,9.727948878404063e-10,6.390919540971381e-11
3570,9.104714932028222e-10,5.7111119871997785e-11
3571,8.261835446247908e-10,4.8597355429459214e-11
3572,7.962633643971089e-10,4.53639938930244e-11
3573,8.08893189348782e-10,4.600914644249699e-11
3574,8.095164415371209e-10,4.5922418086781885e-11
3575,7.861816505833699e-10,4.416043476359864e-11
3576,7.812068012790116e-10,4.399659874112102e-11
3577,8.019669400254346e-10,4.538941511249514e-11
3578,8.011422846924288e-10,4.455848041732219e-11
3579,7.653396578894503e-10,4.133527379800196e-11
3580,7.378403205060545e-10,3.915957748527312e-11
3581,7.657390395908671e-10,4.1489474110514164e-11
3582,8.155085629825552e-10,4.5761122105851544e-11
3583,7.944357529396779e-10,4.403239859501129e-11
3584,7.1875163963738e-10,3.807440725067561e-11
3585,6.631605288529582e-10,3.3608431575319496e-11
3586,6.591572507181934e-10,3.286924513763439e-11
3587,6.640445024783085e-10,3.2970700935962586e-11
3588,6.357639312908066e-10,3.0695202834206475e-11
3589,6.11423879731013e-10,2.8747045521880124e-11
3590,6.314094826630724e-10,2.998680177777486e-11
3591,6.929043039636885e-10,3.4829717263524107e-11
3592,7.339088421105964e-10,3.8538788710344946e-11
3593,7.312449029080809e-10,3.871975098701724e-11
3594,7.348363192770641e-10,3.931022508142951e-11
3595,7.794955749266153e-10,4.3270776550606194e-11
3596,8.343780278139726e-10,4.811053619911691e-11
3597,8.708161003097144e-10,5.176733309369361e-11
3598,9.08775634158314e-10,5.6064788219822036e-11
3599,9.776881292019824e-10,6.323087314547219e-11
3600,1.0646371975123224e-09,7.228313792591658e-11
3601,1.0904060916594152e-09,7.531998291270368e-11
3602,1.0424862844258972e-09,7.092496838906093e-11
3603,9.943208650249244e-10,6.617388167691957e-11
3604,1.021832754883644e-09,6.904750600155548e-11
3605,1.093166271603244e-09,7.625157139266037e-11
3606,1.1293052046029654e-09,7.982780472773486e-11
3607,1.1115699114152516e-09,7.792598756051152e-11
3608,1.0894313736439572e-09,7.564973744133687e-11
3609,1.0910445587712065e-09,7.591784979301371e-11
3610,1.0970204231422704e-09,7.702290771498841e-11
3611,1.057218739182204e-09,7.309074605919862e-11
3612,9.850271265843118e-10,6.548908764794944e-11
3613,9.331468733641085e-10,6.004884068521882e-11
3614,9.216011934639413e-10,5.876588664818033e-11
3615,9.220253452916621e-10,5.83527112129987e-11
3616,9.085731394731726e-10,5.645043330291473e-11
3617,8.801893303616573e-10,5.331561311959527e-11
3618,8.456735186739289e-10,4.9593194331241945e-11
3619,8.261443279049192e-10,4.7569972258675004e-11
3620,8.358314253323841e-10,4.883306067867142e-11
3621,8.747189911937103e-10,5.314419535099592e-11
3622,9.186195989588386e-10,5.777785383308052e-11
3623,9.618466925517427e-10,6.269471477550124e-11
3624,9.98367192519348e-10,6.678502034578423e-11
3625,1.017920790405862e-09,6.839391413717496e-11
3626,1.0203586117549534e-09,6.813071586534699e-11
3627,9.831056564292445e-10,6.379920431844507e-11
3628,9.042868225563822e-10,5.539939931096903e-11
3629,8.17730874731431e-10,4.682935195238821e-11
3630,7.489268041792793e-10,4.050184194449782e-11
3631,7.065615320866575e-10,3.688961763433735e-11
3632,6.898552915709901e-10,3.551254462727797e-11
3633,6.827560030153588e-10,3.4813393027243615e-11
3634,6.818718182827365e-10,3.4619623296965925e-11
3635,6.963288407995406e-10,3.5798922900628454e-11
3636,7.40734700652142e-10,3.9518935577674766e-11
3637,7.94214826751676e-10,4.39705740627927e-11
3638,8.304931456569497e-10,4.727755896803094e-11
3639,8.504104276902173e-10,4.967454290897925e-11
3640,8.663270266028282e-10,5.170320537231338e-11
3641,8.500971054793798e-10,5.027294901674694e-11
3642,7.972476439579376e-10,4.5841539003333586e-11
3643,7.185369168797552e-10,3.933196094205595e-11
3644,6.674035855956488e-10,3.5087186169257105e-11
3645,6.60977465065751e-10,3.439717823325636e-11
3646,6.731720937044835e-10,3.524447788168983e-11
3647,6.763873239275721e-10,3.535261978626641e-11
3648,6.95688996398448e-10,3.6960768868779446e-11
3649,7.549937060030181e-10,4.209726956479867e-11
3650,8.307466174939698e-10,4.8978862461489994e-11
3651,8.823207128359212e-10,5.443365237949794e-11
3652,9.045878924554109e-10,5.760073168839336e-11
3653,9.479669396799597e-10,6.266191419070966e-11
3654,1.0343821528361868e-09,7.176864899964865e-11
3655,1.1439291805236854e-09,8.385463414468383e-11
3656,1.2575004313433408e-09,9.759388560272533e-11
3657,1.3725087032361382e-09,1.1157148624103639e-10
3658,1.4844914420205242e-09,1.2478488762497175e-10
3659,1.5532817167069237e-09,1.333308691968667e-10
3660,1.5532460149963949e-09,1.3421345605498063e-10
3661,1.5480612311044346e-09,1.3499526368307054e-10
3662,1.5818631998459251e-09,1.4020089950183088e-10
3663,1.61563030057006e-09,1.4451096434209338e-10
3664,1.5829289919082323e-09,1.3961786564434762e-10
3665,1.4912989078814243e-09,1.267817127347269e-10
3666,1.4301162489719362e-09,1.1794807090986732e-10
3667,1.4163823596224659e-09,1.1485826435454561e-10
3668,1.4137903122282081e-09,1.1394475643188284e-10
3669,1.3329518056116334e-09,1.0406668084125833e-10
3670,1.221069392543896e-09,9.184150801125156e-11
3671,1.1454222646021946e-09,8.40113181284448e-11
3672,1.1244037141565815e-09,8.164080182757341e-11
3673,1.1068507992626283e-09,7.909822596689136e-11
3674,1.0581557986305211e-09,7.319230875635375e-11
3675,1.023771811156902e-09,6.909305867049222e-11
3676,1.0524691760292903e-09,7.147137316591834e-11
3677,1.1353433562695174e-09,7.981425343527362e-11
3678,1.202729233741611e-09,8.754201423914053e-11
3679,1.2198760786894165e-09,9.065693756444246e-11
3680,1.2156360859903374e-09,9.112148366476122e-11
3681,1.2113720485142339e-09,9.0815410373714e-11
3682,1.1793668039317204e-09,8.705860385551759e-11
3683,1.1190281323774345e-09,8.050158672526346e-11
3684,1.07752252507497e-09,7.585859764771191e-11
3685,1.096556225756315e-09,7.71707264666175e-11
3686,1.1165913762727909e-09,7.800741650613622e-11
3687,1.0528284320257333e-09,7.024839377822609e-11
3688,9.459930663221215e-10,5.945544509479743e-11
3689,8.860068841428995e-10,5.362529600545867e-11
3690,8.874633699155742e-10,5.329194325599186e-11
3691,9.034188073903718e-10,5.486130065221639e-11
3692,8.889744794506223e-10,5.4173719268560684e-11
3693,8.928036243750247e-10,5.5247643931369064e-11
3694,9.621069595725172e-10,6.203414850028878e-11
3695,1.0676886874650963e-09,7.237308467229319e-11
3696,1.1300495672333598e-09,7.89928199214279e-11
3697,1.1399767665147703e-09,8.070085376139273e-11
3698,1.1348231539602663e-09,8.038055191439076e-11
3699,1.12952672759397e-09,7.992680367301507e-11
3700,1.0730763052187377e-09,7.44171553909037e-11
3701,9.871219207777626e-10,6.633493573379093e-11
3702,9.31613889156053e-10,6.090990943591611e-11
3703,9.203342277549819e-10,5.912789616251826e-11
3704,9.1841274350232e-10,5.840810210045361e-11
3705,8.959017768509176e-10,5.618082695492215e-11
3706,8.956193655687974e-10,5.6187464505424555e-11
3707,9.621645635102625e-10,6.247697797769563e-11
3708,1.0787520914388172e-09,7.414701603916822e-11
3709,1.1629945845152887e-09,8.345301430678566e-11
3710,1.2042376202746898e-09,8.941102976129615e-11
3711,1.271944654456316e-09,9.886625416312495e-11
3712,1.4196819457098201e-09,1.180826567357615e-10
3713,1.5846192759773553e-09,1.396594500737894e-10
3714,1.6663695359654575e-09,1.5066809691437969e-10
3715,1.6958100417396764e-09,1.5527266267595465e-10
3716,1.7323011525682186e-09,1.592586264908467e-10
3717,1.7709550035396486e-09,1.623967493386313e-10
3718,1.7314031545956842e-09,1.5619380910897205e-10
3719,1.6103155499120303e-09,1.4108118023776358e-10
3720,1.4939247030773604e-09,1.265676808632401e-10
3721,1.4449604520780296e-09,1.2024995514716182e-10
3722,1.4187998135353293e-09,1.1710319291586466e-10
3723,1.3552738050184731e-09,1.097512019818572e-10
3724,1.3012752203107694e-09,1.0366759180997612e-10
3725,1.3179877700900429e-09,1.0564147579925065e-10
3726,1.3670669383033667e-09,1.1085719779894671e-10
3727,1.3530967446206201e-09,1.0895115082428972e-10
3728,1.2556378148512e-09,9.826578061705278e-11
3729,1.1705137097322494e-09,8.914444999858834e-11
3730,1.162559943870081e-09,8.815207741400894e-11
3731,1.185098408540114e-09,9.036196957178683e-11
3732,1.1625166439826327e-09,8.824493650554825e-11
3733,1.1093099209160372e-09,8.292911590514707e-11
3734,1.1049142020442768e-09,8.214279828103253e-11
3735,1.1869117753249692e-09,8.994665391560365e-11
3736,1.261302808570331e-09,9.66162389810214e-11
3737,1.2264226293093988e-09,9.14260938515705e-11
3738,1.1031101258986815e-09,7.740147043630936e-11
3739,1.0068561189179308e-09,6.730652443584613e-11
3740,9.77997906677069e-10,6.442176948316618e-11
3741,9.802893830954125e-10,6.502363113419361e-11
3742,9.581972235316647e-10,6.319562423587588e-11
3743,9.114470673328027e-10,5.864011096074282e-11
3744,8.771542629136688e-10,5.47939120213955e-11
3745,8.70946741241033e-10,5.3510094620978607e-11
3746,8.867700867215412e-10,5.4452814767419275e-11
3747,9.113119004371366e-10,5.6338880565120536e-11
3748,9.274088418248757e-10,5.7649316543960564e-11
3749,9.309823305603342e-10,5.813745823363601e-11
3750,9.109092351487645e-10,5.664865006945079e-11
3751,9.035893583246018e-10,5.681975515247847e-11
3752,9.314963990849598e-10,6.023726357775806e-11
3753,1.005704473615669e-09,6.784680274649835e-11
3754,1.089336006985184e-09,7.638411229579784e-11
3755,1.1347444713119277e-09,8.094075620610555e-11
3756,1.143475086091154e-09,8.176517662973702e-11
3757,1.1199333470662676e-09,7.87507017358057e-11
3758,1.052234559568545e-09,7.08760844664443e-11
3759,9.5993064573909e-10,6.140755737793138e-11
3760,8.852143662871345e-10,5.4554637944503015e-11
3761,8.59026309738584e-10,5.236059905976585e-11
3762,8.634743814660393e-10,5.26259372386233e-11
3763,8.681592060466164e-10,5.283505075028513e-11
3764,8.864659274911193e-10,5.4498848399106735e-11
3765,9.484832260853913e-10,6.019166146850052e-11
3766,1.0584088423101414e-09,7.073573602296538e-11
3767,1.1517106182421858e-09,8.049771750735604e-11
3768,1.1996664893387073e-09,8.711034027456897e-11
3769,1.2434400605205274e-09,9.429062848727918e-11
3770,1.3427510449752404e-09,1.0802330694760427e-10
3771,1.4758891371593442e-09,1.2608895955934385e-10
3772,1.5859804800343323e-09,1.4194786164019968e-10
3773,1.633093588507159e-09,1.4880000870987546e-10
3774,1.656569067743802e-09,1.5087482197753775e-10
3775,1.671216551207099e-09,1.5048750062772978e-10
3776,1.648863511632279e-09,1.4549147931941852e-10
3777,1.6273928457616357e-09,1.4311352906582863e-10
3778,1.6238894011518127e-09,1.4392940205743375e-10
3779,1.6082151526237033e-09,1.425262526658058e-10
3780,1.5343008885026509e-09,1.3379899305536718e-10
3781,1.4078943861308694e-09,1.1878456028273615e-10
3782,1.3225850921039276e-09,1.0852312845612956e-10
3783,1.3100308518764974e-09,1.0591590699349269e-10
3784,1.3281993100128044e-09,1.0687389394083228e-10
3785,1.2924399762719371e-09,1.0160514903280135e-10
3786,1.2230707952329441e-09,9.298061665338048e-11
3787,1.1843761834695703e-09,8.823556344491697e-11
3788,1.168850115402246e-09,8.615365693169315e-11
3789,1.1273092724452873e-09,8.211472768736535e-11
3790,1.0647445445728576e-09,7.650310521197804e-11
3791,1.0187634263116195e-09,7.180682526220014e-11
3792,1.0183868362369546e-09,7.101595448395392e-11
3793,1.0224734511374087e-09,7.039794786379767e-11
3794,9.959308159642704e-10,6.698727878375279e-11
3795,9.438897585677009e-10,6.122572701773836e-11
3796,9.023785303900612e-10,5.681055460250657e-11
3797,8.749609936215548e-10,5.393013507398902e-11
3798,8.550789713946374e-10,5.21479109975165e-11
3799,8.45438983340754e-10,5.1468779644824075e-11
3800,8.558283931265152e-10,5.2578873540398235e-11
3801,8.438024899810227e-10,5.103621872559272e-11
3802,7.981869139594447e-10,4.6590364298044116e-11
3803,7.579415708640876e-10,4.3033892284764044e-11
3804,7.55430661987912e-10,4.2476492479417684e-11
3805,7.996819073440755e-10,4.5992126885290885e-11
3806,8.315103950134752e-10,4.873781199135216e-11
3807,8.32547036123666e-10,4.9236368425728606e-11
3808,8.42808276459033e-10,5.0694103885042024e-11
3809,8.907920614582531e-10,5.551070412998764e-11
3810,9.529002547231924e-10,6.179712764183739e-11
3811,9.725866939641526e-10,6.387114737896806e-11
3812,9.660913407866513e-10,6.323396851275074e-11
3813,9.687059144249887e-10,6.324895845171468e-11
3814,9.796155810786259e-10,6.386098457923583e-11
3815,9.634052816697604e-10,6.19419008780072e-11
3816,9.433614093674263e-10,6.012108275512742e-11
3817,9.522891322477809e-10,6.111524533729687e-11
3818,9.900921948818978e-10,6.480066024315024e-11
3819,1.010959766799296e-09,6.715112370823805e-11
3820,9.974256256613878e-10,6.623233491496817e-11
3821,9.803294601939657e-10,6.435471429671373e-11
3822,9.925178042557288e-10,6.480035103391324e-11
3823,1.0197676800471874e-09,6.700366565461113e-11
3824,1.029047970693805e-09,6.814971636936254e-11
3825,1.0329175502516153e-09,6.927076239897873e-11
3826,1.0448032549615232e-09,7.107193851669319e-11
3827,1.0926653532899888e-09,7.713700951153848e-11
3828,1.1685189698712344e-09,8.696501119267232e-11
3829,1.250558752095975e-09,9.74478434202778e-11
3830,1.3355041801374232e-09,1.0801566066200198e-10
3831,1.434675736782677e-09,1.206146697211173e-10
3832,1.5469743771199936e-09,1.347731343799046e-10
3833,1.6845154318727305e-09,1.5269589190482274e-10
3834,1.805811135594458e-09,1.6928048873669063e-10
3835,1.889748259466296e-09,1.8240073957766986e-10
3836,1.905060705242956e-09,1.8622879047691734e-10
3837,1.8998814927120954e-09,1.8755488157445957e-10
3838,1.8483748554119024e-09,1.8035497292580753e-10
3839,1.7508969805510816e-09,1.65914048943915e-10
3840,1.623496656777011e-09,1.4742073318612272e-10
3841,1.4999641536217265e-09,1.2937076581653688e-10
3842,1.406637227699608e-09,1.1587965287184035e-10
3843,1.325096759844432e-09,1.0469917401339832e-10
3844,1.211538702133391e-09,9.053263376406417e-11
3845,1.0754836684032233e-09,7.514352941150699e-11
3846,9.825584617776127e-10,6.581305959985275e-11
3847,9.46856817860224e-10,6.239870683746184e-11
3848,9.594718624825107e-10,6.387588298404508e-11
3849,9.711288892600844e-10,6.544966862854068e-11
3850,9.722629897368405e-10,6.611544890447566e-11
3851,9.715359043279952e-10,6.599531071752964e-11
3852,9.647303603298757e-10,6.441249186256953e-11
3853,9.437443451516502e-10,6.142687716687575e-11
3854,9.164934284458384e-10,5.867095644152113e-11
3855,8.939555312546965e-10,5.652280385716857e-11
3856,8.901934791316648e-10,5.635860531147818e-11
3857,8.773416542969995e-10,5.549029276556952e-11
3858,8.344129658622691e-10,5.1293958249931364e-11
3859,7.708940226250952e-10,4.4629943227463273e-11
3860,7.190588545247655e-10,3.905925912024925e-11
3861,6.958114239244127e-10,3.626159206413805e-11
3862,7.002858191849298e-10,3.616290341532065e-11
3863,7.269454725820424e-10,3.840148118155026e-11
3864,7.56314697442967e-10,4.130113763062747e-11
3865,7.860404644766688e-10,4.463234219784312e-11
3866,8.237638862507023e-10,4.9208107356993494e-11
3867,8.935529506580776e-10,5.7149528084194466e-11
3868,9.840351708524512e-10,6.685296762471059e-11
3869,1.0498291622571969e-09,7.332244932285313e-11
3870,1.065923975542824e-09,7.409919732229024e-11
3871,1.0735153722139831e-09,7.395880504763348e-11
3872,1.1368331443642362e-09,7.999311736441027e-11
3873,1.2249387126996278e-09,8.913723921264587e-11
3874,1.2359746782686258e-09,9.066254644883369e-11
3875,1.1672528265164805e-09,8.45008649990422e-11
3876,1.1085409737161415e-09,7.91899607870613e-11
3877,1.1536521144260658e-09,8.451538193607993e-11
3878,1.240856175311561e-09,9.362347030369965e-11
3879,1.2585918986929726e-09,9.472667997834569e-11
3880,1.202636213715135e-09,8.802387351241306e-11
3881,1.1629834185146981e-09,8.300619969382457e-11
3882,1.1861554185201212e-09,8.486679307939294e-11
3883,1.2115186404869793e-09,8.787523990377804e-11
3884,1.1700497601004585e-09,8.474916587274878e-11
3885,1.1266538037253196e-09,8.195944184651622e-11
3886,1.1667894416701507e-09,8.775933327642716e-11
3887,1.2829161310333544e-09,1.0140275215889606e-10
3888,1.3722173279267445e-09,1.1158645626825466e-10
3889,1.3928615881488415e-09,1.136903615720713e-10
3890,1.4397308933987133e-09,1.192384128741324e-10
3891,1.5738458479677651e-09,1.3521452229649995e-10
3892,1.6881858544244955e-09,1.4878896387082358e-10
3893,1.6675645165565628e-09,1.473716641520511e-10
3894,1.5788665180258238e-09,1.3933703080772637e-10
3895,1.568729594792872e-09,1.4052635878538983e-10
3896,1.647736892505114e-09,1.5136304506931696e-10
3897,1.6391981512678072e-09,1.4917442992505216e-10
3898,1.4736033487133646e-09,1.2667847962347129e-10
3899,1.3099911645880072e-09,1.0513964891742303e-10
3900,1.253612606679076e-09,9.62247156642105e-11
3901,1.2200127798347777e-09,9.00989961221452e-11
3902,1.0824814756259845e-09,7.45116175701959e-11
3903,9.073366027897514e-10,5.7536428148558544e-11
3904,8.292452928417024e-10,5.0549714697342504e-11
3905,8.739556521742854e-10,5.505829530526999e-11
3906,9.157385151028206e-10,5.977750469482338e-11
3907,8.882226086852147e-10,5.858725860975876e-11
3908,8.46215253969097e-10,5.535829655972821e-11
3909,8.779893028862911e-10,5.7786445158477864e-11
3910,9.38302681094991e-10,6.189953605313439e-11
3911,9.092446538684877e-10,5.7803662352863343e-11
3912,8.109712500599215e-10,4.860782120388827e-11
3913,7.40808477463909e-10,4.2136035573341715e-11
3914,7.253419858683135e-10,4.0290645867079277e-11
3915,6.928431806133239e-10,3.711762130562417e-11
3916,5.978362042311786e-10,2.9180236178888383e-11
3917,5.13172639389068e-10,2.2611973487410743e-11
3918,5.00997088690884e-10,2.13901042437487e-11
3919,5.480097305095819e-10,2.432670835577843e-11
3920,5.857829212080564e-10,2.6873998278984776e-11
3921,5.981118293111129e-10,2.794487697759193e-11
3922,6.38130926355697e-10,3.1468943286820185e-11
3923,7.321450408159477e-10,3.98979072693869e-11
3924,8.312422507114988e-10,4.9897354505299466e-11
3925,8.598399260421176e-10,5.4126462197557986e-11
3926,8.475099787634884e-10,5.3982649329802334e-11
3927,8.779106418530412e-10,5.6585624715101965e-11
3928,9.381655254577951e-10,6.07407252325333e-11
3929,9.585828139051082e-10,6.143290067525682e-11
3930,9.218815716445429e-10,5.773761921570716e-11
3931,8.988396129754037e-10,5.5500710211785364e-11
3932,9.109419984943185e-10,5.586011635006893e-11
3933,9.17091630969046e-10,5.593496959982652e-11
3934,8.82628639114384e-10,5.312189518129808e-11
3935,8.673531702032938e-10,5.225567932359827e-11
3936,9.273472899137285e-10,5.807473037386039e-11
3937,1.0191367610990322e-09,6.703698137015274e-11
3938,1.0538510882568895e-09,7.082114760946849e-11
3939,1.052139905688499e-09,7.148931873114449e-11
3940,1.0781591205221085e-09,7.446887655744673e-11
3941,1.1578464072059611e-09,8.316167996434698e-11
3942,1.2324922728465274e-09,9.249692486603951e-11
3943,1.2743438241131713e-09,9.923624807918861e-11
3944,1.3301124644013642e-09,1.0707297827664009e-10
3945,1.4237956283144668e-09,1.1851736279403764e-10
3946,1.4787834932786954e-09,1.247247349148429e-10
3947,1.4548951896469927e-09,1.2165557031806398e-10
3948,1.4487633031081695e-09,1.2145133260958866e-10
3949,1.5092616742175063e-09,1.2824814272334227e-10
3950,1.5923646345604312e-09,1.3770545344544727e-10
3951,1.6065451584399685e-09,1.401723461581318e-10
3952,1.5493426795090994e-09,1.3408007310041466e-10
3953,1.5270941736827964e-09,1.316639330557438e-10
3954,1.5253761597103009e-09,1.3026826839207985e-10
3955,1.4508472820951983e-09,1.1977793415628175e-10
3956,1.2903191458230294e-09,1.0006017294495334e-10
3957,1.1429167994150998e-09,8.274674820317954e-11
3958,1.076198786278797e-09,7.461662664090941e-11
3959,1.0441527849484198e-09,7.042628142978215e-11
3960,9.72984261258112e-10,6.306726423387228e-11
3961,8.866923315518481e-10,5.4971809184452535e-11
3962,8.590894371997622e-10,5.2755355664357335e-11
3963,8.926840926320048e-10,5.613934744288796e-11
3964,9.05573876147864e-10,5.730710283431772e-11
3965,8.545691356799164e-10,5.27242533516577e-11
3966,8.076571207523208e-10,4.851274757075072e-11
3967,8.211746772453758e-10,4.925502609112883e-11
3968,8.646660279983431e-10,5.257506356232386e-11
3969,8.573382325652654e-10,5.187684353392834e-11
3970,7.987035734378141e-10,4.696248689083307e-11
3971,7.70781480346326e-10,4.471787183044453e-11
3972,8.001483605528485e-10,4.720200642805354e-11
3973,8.062606257533835e-10,4.7220597058349186e-11
3974,7.381258011038444e-10,4.087162111104632e-11
3975,6.5246949825853e-10,3.34292134029307e-11
3976,6.293311588977602e-10,3.108407971884619e-11
3977,6.735266106518442e-10,3.4195761079927837e-11
3978,7.233640549964582e-10,3.8329724777558837e-11
3979,7.45646223817522e-10,4.100336792492401e-11
3980,7.775105849946501e-10,4.4777273317574537e-11
3981,8.525949043641932e-10,5.2421572588748684e-11
3982,9.212349311971948e-10,5.915896171268298e-11
3983,9.217800534518222e-10,5.888749592944998e-11
3984,8.785708758916697e-10,5.398122956202122e-11
3985,8.871543700829567e-10,5.3961531929878154e-11
3986,9.66013405348791e-10,6.100446415352395e-11
3987,1.0504460464588456e-09,6.971279141307153e-11
3988,1.0921526236007545e-09,7.545056928141337e-11
3989,1.099905573752e-09,7.724724110856246e-11
3990,1.1223134405429813e-09,7.991187335722194e-11
3991,1.1571510566930227e-09,8.372745586716912e-11
3992,1.168824961106447e-09,8.515923606365652e-11
3993,1.1557468627030382e-09,8.378673887084196e-11
3994,1.152116064047853e-09,8.323895836723429e-11
3995,1.1654710706437179e-09,8.479665784714337e-11
3996,1.1794136981026937e-09,8.713807132797962e-11
3997,1.160321854510608e-09,8.579189982743087e-11
3998,1.124306868338658e-09,8.228818844577947e-11
3999,1.0985867662406685e-09,7.951254972690903e-11
4000,1.1126630738803282e-09,8.108324036545641e-11
4001,1.1633508477820806e-09,8.648468983125844e-11
4002,1.2413111938328254e-09,9.519950570514004e-11
4003,1.3199219287464926e-09,1.0427339601912389e-10
4004,1.4033544386732915e-09,1.1458743485762296e-10
4005,1.5110282849936913e-09,1.2874441573349347e-10
4006,1.620872142452149e-09,1.4335601123109293e-10
4007,1.679685892416287e-09,1.5141782662145565e-10
4008,1.6549825049070895e-09,1.4862118252344335e-10
4009,1.5722422724903035e-09,1.377305929607454e-10
4010,1.5225891155982115e-09,1.3101320731573824e-10
4011,1.4932207681965416e-09,1.2594745617073408e-10
4012,1.4159421226707827e-09,1.1468577486597472e-10
4013,1.2788297005268662e-09,9.772913893810949e-11
4014,1.1521178751804012e-09,8.347766459936734e-11
4015,1.0978544238621484e-09,7.730318677297357e-11
4016,1.0863365543085705e-09,7.557929690650613e-11
4017,1.0830498279092654e-09,7.564479815383108e-11
4018,1.0910726062843573e-09,7.766987271735019e-11
4019,1.1323492878845717e-09,8.257945909432632e-11
4020,1.2033915761573957e-09,9.045500879848566e-11
4021,1.2358293861785776e-09,9.427893018931812e-11
4022,1.197154689307327e-09,9.006499056089307e-11
4023,1.1533836916253215e-09,8.523385086299501e-11
4024,1.146787432715059e-09,8.402869939166234e-11
4025,1.1414407054284916e-09,8.298877929947619e-11
4026,1.081495412233427e-09,7.646980353710306e-11
4027,9.945174775655119e-10,6.76302179372978e-11
4028,9.38638846436126e-10,6.176147457388937e-11
4029,9.280703052233198e-10,6.014975207452734e-11
4030,9.45627825574196e-10,6.157376413364671e-11
4031,9.760678182605344e-10,6.468896517742794e-11
4032,1.0232776219519735e-09,6.93315117527018e-11
4033,1.0845160592736257e-09,7.531867036072889e-11
4034,1.121042817497773e-09,7.899244225487419e-11
4035,1.1135170600985849e-09,7.84276083554347e-11
4036,1.1035841079757632e-09,7.777548318289033e-11
4037,1.1034455182872227e-09,7.769447917551194e-11
4038,1.0842316810631423e-09,7.52969614572422e-11
4039,1.0234924504650644e-09,6.873445741664842e-11
4040,9.740082995941948e-10,6.391921129563407e-11
4041,9.922897330437957e-10,6.596003092517298e-11
4042,1.0687855350321972e-09,7.361984647913001e-11
4043,1.1405428459983876e-09,8.145350278155933e-11
4044,1.1672146596152905e-09,8.507628865178738e-11
4045,1.2113275754506747e-09,9.072298988569062e-11
4046,1.3074562605993387e-09,1.0164832415266415e-10
4047,1.3862259687105627e-09,1.1025101817898423e-10
4048,1.3808020074170192e-09,1.0996860093219981e-10
4049,1.3119194433046045e-09,1.0239028503372142e-10
4050,1.2481957784404567e-09,9.456772821601617e-11
4051,1.209869986603019e-09,8.971827315001089e-11
4052,1.1518948922475173e-09,8.343315679756522e-11
4053,1.077369021077621e-09,7.595727617881009e-11
4054,1.049877824418042e-09,7.349411065837527e-11
4055,1.0984053571426147e-09,7.875298646608265e-11
4056,1.1557494167809451e-09,8.444810444769249e-11
4057,1.1650333414701614e-09,8.510715141177765e-11
4058,1.1418682055178083e-09,8.256706188681245e-11
4059,1.1736359339071392e-09,8.639221366931647e-11
4060,1.2661981339994337e-09,9.693149729467977e-11
4061,1.3442919885727655e-09,1.0633630567960501e-10
4062,1.343330995946637e-09,1.0713142693615202e-10
4063,1.3302028469625644e-09,1.0645712414915667e-10
4064,1.3740578013553714e-09,1.1134116474008226e-10
4065,1.4621113816410535e-09,1.2107713997677451e-10
4066,1.481285261148237e-09,1.2256123507277854e-10
4067,1.407662820905195e-09,1.1321079284352206e-10
4068,1.319926855603165e-09,1.0247530097131697e-10
4069,1.261372302599233e-09,9.508695132741588e-11
4070,1.2131018762206957e-09,8.963228223006231e-11
4071,1.118900171915886e-09,7.97158332241979e-11
4072,1.017060708929786e-09,6.939992881635432e-11
4073,9.577177270131779e-10,6.332685833594462e-11
4074,9.463572872352091e-10,6.17099925061874e-11
4075,9.581709543798884e-10,6.283107593843439e-11
4076,9.604527355763635e-10,6.325298195027456e-11
4077,9.75413318902589e-10,6.517033016370277e-11
4078,1.0055589029402057e-09,6.843298086878222e-11
4079,1.017889417867156e-09,6.97920339297921e-11
4080,1.0167421707285611e-09,7.023637070866652e-11
4081,9.993351527691094e-10,6.861447531495862e-11
4082,1.0086313335627047e-09,6.964283580131997e-11
4083,1.0489732423706143e-09,7.418953722923124e-11
4084,1.0656398909512329e-09,7.586607100943148e-11
4085,1.031557518152735e-09,7.165588838968453e-11
4086,9.706127045922159e-10,6.46674810214478e-11
4087,9.256177147176571e-10,5.94975749346512e-11
4088,9.276119277461251e-10,5.909298445971752e-11
4089,9.3169387407442e-10,5.888882458360571e-11
4090,8.976639121967993e-10,5.5378194059384865e-11
4091,8.332455388141942e-10,4.94815006701579e-11
4092,7.849529312388118e-10,4.5138480678625676e-11
4093,7.808559484868923e-10,4.454121901862391e-11
4094,7.949195398649263e-10,4.555013801831576e-11
4095,7.907370707915915e-10,4.5275312981522245e-11
4096,7.773761712941739e-10,4.439542750528967e-11
4097,7.991461557465124e-10,4.65547365322626e-11
4098,8.593529613187833e-10,5.202857589294336e-11
4099,9.127869917830671e-10,5.680786950028098e-11
4100,9.138753031729602e-10,5.6694181789964726e-11
4101,8.957474075437306e-10,5.508380714203473e-11
4102,8.948875511716367e-10,5.506822508093479e-11
4103,9.076338930473477e-10,5.608010281752484e-11
4104,9.050093111947029e-10,5.592244235518637e-11
4105,9.035433706295032e-10,5.641152364985551e-11
4106,9.364586628152318e-10,5.999092569548073e-11
4107,1.0067745087813374e-09,6.700817524295242e-11
4108,1.0564124058328997e-09,7.210840937383403e-11
4109,1.0334678932483574e-09,6.981651129077626e-11
4110,1.009561421149532e-09,6.780047692143583e-11
4111,1.0453438069089134e-09,7.184932702355255e-11
4112,1.118397968744558e-09,7.978432446729122e-11
4113,1.1347655378023809e-09,8.16252216609525e-11
4114,1.0771698729963943e-09,7.547470487947232e-11
4115,1.0288431551445054e-09,7.001486317624322e-11
4116,1.0711756681005373e-09,7.390963511150315e-11
4117,1.1711821576475382e-09,8.42625737543689e-11
4118,1.2192672635359716e-09,8.943109726509784e-11
4119,1.1902726130231467e-09,8.67575859274478e-11
4120,1.1538083407660067e-09,8.318816022889983e-11
4121,1.1632087932165656e-09,8.430270296712603e-11
4122,1.1878307127973144e-09,8.718677127259355e-11
4123,1.171777131720551e-09,8.602792021997199e-11
4124,1.1230286260632844e-09,8.104269251589479e-11
4125,1.08254857046006e-09,7.611124234776618e-11
4126,1.0405155743089078e-09,7.053700087654688e-11
4127,9.60889910380652e-10,6.16797714788014e-11
4128,8.61422873321028e-10,5.195573218561617e-11
4129,7.989585798255666e-10,4.6360153191889404e-11
4130,7.800458251267443e-10,4.456951084303338e-11
4131,7.653345443197001e-10,4.314674917358633e-11
4132,7.334275734528695e-10,4.065382546256527e-11
4133,7.038421344680391e-10,3.8169276047047375e-11
4134,7.144971966093451e-10,3.874235024924159e-11
4135,7.550100912098013e-10,4.182200515586366e-11
4136,7.792852420607297e-10,4.371262861470843e-11
4137,7.563604528765134e-10,4.137613987857089e-11
4138,7.398049029951884e-10,3.9981005271399884e-11
4139,7.595922293076336e-10,4.18409868315065e-11
4140,7.988306068701665e-10,4.541812027343282e-11
4141,8.17305645782821e-10,4.75651295742649e-11
4142,8.0669548671483e-10,4.716314186690751e-11
4143,8.11408548870993e-10,4.789435223254102e-11
4144,8.565771550340941e-10,5.2009032151063194e-11
4145,8.950618647259215e-10,5.497644071151359e-11
4146,8.725876822505808e-10,5.221744023690501e-11
4147,8.184247299190406e-10,4.6936117393919404e-11
4148,7.711972482154346e-10,4.227403421834732e-11
4149,7.359664823032717e-10,3.885427003241433e-11
4150,6.844275634289658e-10,3.453630296546428e-11
4151,6.273046944501963e-10,3.025746406062299e-11
4152,5.996343868421599e-10,2.827198907405269e-11
4153,6.119935066594391e-10,2.9056324838780927e-11
4154,6.376676975814765e-10,3.071917398843802e-11
4155,6.586269773406182e-10,3.23049315171275e-11
4156,6.996438688007436e-10,3.574951973803721e-11
4157,7.815414174271033e-10,4.2745566312441867e-11
4158,8.539160061870842e-10,4.9211529644765943e-11
4159,8.622490147767106e-10,5.042056099077575e-11
4160,8.295391653778161e-10,4.817540072852353e-11
4161,8.266389902167427e-10,4.8298542384037633e-11
4162,8.83661598608722e-10,5.3949131253097397e-11
4163,9.283668524798462e-10,5.838018766567193e-11
4164,9.444038413986606e-10,6.040930892067945e-11
4165,9.837512529553112e-10,6.466117385372756e-11
4166,1.0613804273760797e-09,7.184918372502364e-11
4167,1.142095887659033e-09,7.985327004901116e-11
4168,1.1607191642947324e-09,8.260750911915161e-11
4169,1.1451988561428417e-09,8.186881688405175e-11
4170,1.161552605059444e-09,8.38688353381035e-11
4171,1.1848258919001385e-09,8.604657807100792e-11
4172,1.1581710088109038e-09,8.308400590094406e-11
4173,1.0899871839357908e-09,7.584088866089858e-11
4174,1.0711378120813422e-09,7.395005737649892e-11
4175,1.129795887301317e-09,8.004320886964415e-11
4176,1.1804644444876019e-09,8.500106236397456e-11
4177,1.1601912515974935e-09,8.29190719181675e-11
4178,1.1066186106351503e-09,7.765823352781696e-11
4179,1.108490833171912e-09,7.810169703428764e-11
4180,1.1534054575693162e-09,8.283345004599048e-11
4181,1.1607631231776103e-09,8.383610678343643e-11
4182,1.0870478569394128e-09,7.626604131816298e-11
4183,9.957774639558119e-10,6.648524529028515e-11
4184,9.237996855630246e-10,5.8128952028149156e-11
4185,8.575527579560654e-10,5.078357031511837e-11
4186,7.658460508339044e-10,4.194848411193588e-11
4187,6.894850383763706e-10,3.532181031519576e-11
4188,6.746922539811838e-10,3.4125693372318295e-11
4189,7.222528170942732e-10,3.819523972440517e-11
4190,7.793695807578362e-10,4.346532975283121e-11
4191,8.197908486244517e-10,4.7817887215213426e-11
4192,8.62730952974263e-10,5.233915789850749e-11
4193,9.25258286078751e-10,5.812408926884725e-11
4194,9.586823412068194e-10,6.057896114293574e-11
4195,9.08354105574284e-10,5.501619050664385e-11
4196,8.183963821698762e-10,4.646015189428339e-11
4197,7.858622382037902e-10,4.358333168269063e-11
4198,7.919693618081013e-10,4.36205959454698e-11
4199,7.663983731286107e-10,4.1054517142993937e-11
4200,6.831670210397241e-10,3.41599855369517e-11
4201,6.109135880678034e-10,2.848072346053783e-11
4202,6.078519160279694e-10,2.7988195952698023e-11
4203,6.519665763298355e-10,3.10581224623239e-11
4204,6.678799270701675e-10,3.2199045014882376e-11
4205,6.524602767035551e-10,3.130679961132452e-11
4206,6.641648352295054e-10,3.2666341316300033e-11
4207,7.195783367992673e-10,3.7364818369853277e-11
4208,7.559358219651779e-10,4.0648219664788614e-11
4209,7.376423321280556e-10,3.988147224541243e-11
4210,7.17763376603951e-10,3.882517767649896e-11
4211,7.647035739084475e-10,4.289575836381215e-11
4212,8.554994949226585e-10,5.06914917200889e-11
4213,9.026013680421962e-10,5.487073986406742e-11
4214,8.855298686050359e-10,5.339619034878555e-11
4215,8.816656781339088e-10,5.2987360602200996e-11
4216,9.156341561071872e-10,5.567701040032484e-11
4217,9.298319137392013e-10,5.669644049666341e-11
4218,9.095696256783439e-10,5.570676675147611e-11
4219,9.161745831549397e-10,5.775090553008058e-11
4220,1.0237186902011662e-09,6.970121270295303e-11
4221,1.1984062973151209e-09,8.903953954080243e-11
4222,1.3111762430595837e-09,1.0183893083350468e-10
4223,1.3291880617248201e-09,1.0369502060797685e-10
4224,1.3337722938018064e-09,1.0332880389598084e-10
4225,1.3626553646823346e-09,1.0525703371968925e-10
4226,1.3252913087496172e-09,9.996248576458576e-11
4227,1.204669519354032e-09,8.74087546097794e-11
4228,1.1017008925076548e-09,7.785658732973652e-11
4229,1.0818395811717762e-09,7.6358195008056e-11
4230,1.0931748399723169e-09,7.695440846423003e-11
4231,1.0308459016716941e-09,6.93472335429986e-11
4232,9.493097061031338e-10,6.073790069841536e-11
4233,9.78741898614687e-10,6.35723580357255e-11
4234,1.148849665597681e-09,8.077927802694218e-11
4235,1.2971135485541706e-09,9.656594303990349e-11
4236,1.2651601929577413e-09,9.411539244238573e-11
4237,1.1451795923731663e-09,8.26074362313744e-11
4238,1.09781792090246e-09,7.781040320434552e-11
4239,1.078026757148039e-09,7.438139253417629e-11
4240,9.482463120792672e-10,6.008537503232067e-11
4241,7.445242508686606e-10,4.076299817270903e-11
4242,6.176453944455865e-10,2.9547780916946713e-11
4243,6.130257543529405e-10,2.826603957983871e-11
4244,6.469780880529298e-10,3.0301538687574436e-11
4245,6.276978047287911e-10,2.909605961964929e-11
4246,6.150181014786214e-10,2.9043271614517852e-11
4247,6.973175622837815e-10,3.6400155665138e-11
4248,8.483261175665272e-10,4.9828191510261186e-11
4249,9.072701162275074e-10,5.523266782684173e-11
4250,8.239971708684511e-10,4.769560974579431e-11
4251,7.436146638547475e-10,4.0318820432431264e-11
4252,7.284381352732595e-10,3.779102873808862e-11
4253,7.046175881092954e-10,3.48011108247652e-11
4254,6.078324956229185e-10,2.7232142638128304e-11
4255,4.901081619874153e-10,1.8863040420320222e-11
4256,4.3867956785801113e-10,1.5297640505697345e-11
4257,4.337005106129287e-10,1.464051882967991e-11
4258,4.109565565553685e-10,1.3171638508116216e-11
4259,3.794551698481641e-10,1.163396469992055e-11
4260,4.035001305725134e-10,1.3226886588806072e-11
4261,4.912576608170726e-10,1.8590538077841962e-11
4262,5.819990982957427e-10,2.485074362217394e-11
4263,6.032655961269294e-10,2.6963876752430438e-11
4264,5.966686761892204e-10,2.7115731755869463e-11
4265,6.323998137779015e-10,2.984691260058836e-11
4266,6.905084479121991e-10,3.4328979328561165e-11
4267,6.804123201002634e-10,3.378217282170576e-11
4268,6.327932331149908e-10,3.048549859576042e-11
4269,6.605302951634707e-10,3.310498810342381e-11
4270,7.840364172702883e-10,4.3514530474826155e-11
4271,8.770278024624363e-10,5.124727798800561e-11
4272,8.332241460745476e-10,4.695140319813702e-11
4273,7.850545966070423e-10,4.3123281164579185e-11
4274,8.60498063566593e-10,5.016725060009545e-11
4275,1.0260793412540608e-09,6.619286925422592e-11
4276,1.1153446260586018e-09,7.675270696367176e-11
4277,1.0754670642005308e-09,7.474874184214795e-11
4278,1.0751600765407871e-09,7.572527742915389e-11
4279,1.179950725845038e-09,8.59609815405324e-11
4280,1.244068954270759e-09,9.127607241976453e-11
4281,1.1099444363808258e-09,7.597922804955728e-11
4282,9.191513016743572e-10,5.6497671501327685e-11
4283,8.517353432850585e-10,4.959885771352905e-11
4284,8.930314345948476e-10,5.283682649174693e-11
4285,9.025813829617044e-10,5.389461026715672e-11
4286,8.448430650834748e-10,4.9729767677682096e-11
4287,8.145860595483394e-10,4.750650691463646e-11
4288,8.797371786916375e-10,5.3120135486474095e-11
4289,9.558517372365143e-10,5.940736351532529e-11
4290,9.45153995675384e-10,5.824236041895883e-11
4291,8.925558222843286e-10,5.3636943502899e-11
4292,8.877157678877538e-10,5.287073720209404e-11
4293,9.17355062140487e-10,5.5048717240262773e-11
4294,8.918652080457813e-10,5.2850638296922275e-11
4295,8.193036891133223e-10,4.6971740910602155e-11
4296,7.565090636199166e-10,4.1163410659726525e-11
4297,7.11914690610175e-10,3.631874123961359e-11
4298,6.440059294845217e-10,3.0105877368128936e-11
4299,5.545170183283534e-10,2.3169794938701103e-11
4300,5.023987300036492e-10,1.942099014621844e-11
4301,5.074861836160428e-10,1.960715729825483e-11
4302,5.361441018402688e-10,2.166837199711353e-11
4303,5.477518481606788e-10,2.309388502499658e-11
4304,5.630379831837096e-10,2.50663516829168e-11
4305,6.114884571349505e-10,2.923701573131789e-11
4306,6.61229302725756e-10,3.311346100183921e-11
4307,6.644658050743757e-10,3.327486437758815e-11
4308,6.414810175104948e-10,3.16045234179317e-11
4309,6.390730379012323e-10,3.113476441575941e-11
4310,6.445626102705879e-10,3.074374835406844e-11
4311,6.001708445202022e-10,2.6732881392606935e-11
4312,5.105414196897412e-10,2.0229803740128994e-11
4313,4.2313252405397255e-10,1.4390090997958109e-11
4314,3.7382982002100296e-10,1.12701158564986e-11
4315,3.437683968657299e-10,9.555426990861031e-12
4316,3.2225394046300005e-10,8.570935226679414e-12
4317,3.3089755236584384e-10,9.152403654536583e-12
4318,3.9418914815309325e-10,1.2660442658345459e-11
4319,4.963129508032507e-10,1.89849959058065e-11
4320,6.006421276946379e-10,2.6524910305014434e-11
4321,6.989122258612894e-10,3.47409182985564e-11
4322,8.036881660478591e-10,4.41613602999602e-11
4323,9.211527073488424e-10,5.5521443792907345e-11
4324,9.830271297207594e-10,6.214999980069524e-11
4325,9.756377560089235e-10,6.223504015449505e-11
4326,9.58870441293222e-10,6.10565046255592e-11
4327,9.593705760416265e-10,6.057539760474628e-11
4328,9.487277720391403e-10,5.870489911533775e-11
4329,9.040997628784189e-10,5.414221209823767e-11
4330,8.6748476326007e-10,5.08267398973615e-11
4331,8.888651297581024e-10,5.2950395182807036e-11
4332,9.63514965088792e-10,6.053776032019869e-11
4333,1.0453580120223472e-09,7.002686327358598e-11
4334,1.103687674344363e-09,7.765291513152113e-11
4335,1.1711496341167305e-09,8.593294036576145e-11
4336,1.2544921584404268e-09,9.520056348378223e-11
4337,1.3061206118873076e-09,1.0032489579534597e-10
4338,1.2712585863899486e-09,9.53779142961859e-11
4339,1.1771272808992214e-09,8.416276881749154e-11
4340,1.086828196947226e-09,7.395405870205335e-11
4341,1.032125746689936e-09,6.809545503038525e-11
4342,9.894769885690222e-10,6.389685151006481e-11
4343,9.213300159219159e-10,5.7063916169210916e-11
4344,8.669176012123061e-10,5.193574435681698e-11
4345,8.543425732016036e-10,5.06190585690587e-11
4346,9.04971677993102e-10,5.5340130465379306e-11
4347,1.0032624933571566e-09,6.531936870954612e-11
4348,1.09245282090248e-09,7.465599327260676e-11
4349,1.1424415801973012e-09,7.991199760592455e-11
4350,1.1613071280739185e-09,8.202242641037874e-11
4351,1.16266227692107e-09,8.247799286323929e-11
4352,1.1369341272919074e-09,7.985313733043948e-11
4353,1.0633089769852637e-09,7.19724416140114e-11
4354,9.49472642769386e-10,6.010833915064992e-11
4355,8.322244645937703e-10,4.826154412265786e-11
4356,7.394051010642808e-10,3.9164112279253776e-11
4357,6.964798622960374e-10,3.515345062894408e-11
4358,6.964162619958369e-10,3.513029042471346e-11
4359,7.308699014403809e-10,3.834529712576865e-11
4360,7.879185731964227e-10,4.4017157145745134e-11
4361,8.478782268769688e-10,5.027555534383418e-11
4362,9.048938439524231e-10,5.6420295023943e-11
4363,9.547673128938715e-10,6.161667937575855e-11
4364,1.0084433906309292e-09,6.730808377676049e-11
4365,1.0390291972135054e-09,7.056323910987336e-11
4366,1.0261800954143728e-09,6.920316063543803e-11
4367,9.641764167752304e-10,6.251220745712142e-11
4368,8.609426278309378e-10,5.143966661188934e-11
4369,7.458382514601792e-10,3.9894900362199606e-11
4370,6.441746003764945e-10,3.067781495083278e-11
4371,5.615329845188957e-10,2.391919724748892e-11
4372,5.013310405690221e-10,1.94807400136473e-11
4373,4.774423806817584e-10,1.789025185694995e-11
4374,4.968009722628611e-10,1.920665554842986e-11
4375,5.601008867081896e-10,2.3748015644057572e-11
4376,6.670343909166053e-10,3.2306008138598085e-11
4377,7.937805333090903e-10,4.3561243715590384e-11
4378,9.345011222840788e-10,5.743067081792684e-11
4379,1.0649929720699447e-09,7.132462079916471e-11
4380,1.1781006284109234e-09,8.417971909582717e-11
4381,1.2591418238808133e-09,9.401320588975511e-11
4382,1.309007227239262e-09,1.0044726925897595e-10
4383,1.3059362001733495e-09,1.0014031568395025e-10
4384,1.2596422188417482e-09,9.453395321043124e-11
4385,1.1790436176883456e-09,8.474491660737661e-11
4386,1.0693994392891673e-09,7.174238755280229e-11
4387,9.536750810193526e-10,5.915946975915969e-11
4388,8.909128764208634e-10,5.3308325341671744e-11
4389,8.839403239316743e-10,5.2750395677312915e-11
4390,9.418876171882157e-10,5.870121199998126e-11
4391,1.030507374217629e-09,6.857753614660583e-11
4392,1.123943350040104e-09,7.977028094210971e-11
4393,1.2211238958826084e-09,9.141067483085495e-11
4394,1.3438282949158156e-09,1.0650536748334756e-10
4395,1.4386875161035256e-09,1.1793579202581707e-10
4396,1.45816839318276e-09,1.1960804568268283e-10
4397,1.4081295101352286e-09,1.1274893153908358e-10
4398,1.3284598326144717e-09,1.0260042954975709e-10
4399,1.2486521655215771e-09,9.285531039237002e-11
4400,1.1590057894800065e-09,8.256055145619053e-11
4401,1.0724334132009177e-09,7.355649525097426e-11
4402,1.0164037192248587e-09,6.783460753751616e-11
4403,1.0060636776156633e-09,6.642979340427484e-11
4404,1.0322814237229383e-09,6.886441953566717e-11
4405,1.0622371409366165e-09,7.174685906618845e-11
4406,1.1143436394151372e-09,7.75345114326358e-11
4407,1.1956111661856444e-09,8.663906002071798e-11
4408,1.273849273058964e-09,9.558362592982339e-11
4409,1.2911387152648598e-09,9.805675004355232e-11
4410,1.2204954106149148e-09,9.047355790080322e-11
4411,1.1183352419056425e-09,7.918941860817701e-11
4412,1.0275178110961698e-09,6.892270740064568e-11
4413,9.454262228627816e-10,5.964085167974079e-11
4414,8.560048149051667e-10,5.0180914989270834e-11
4415,7.874039824708695e-10,4.3620673285727384e-11
4416,7.663737344772976e-10,4.18033004681335e-11
4417,7.833042761657241e-10,4.344620369001733e-11
4418,8.228640530426156e-10,4.763531566009647e-11
4419,8.683449866447164e-10,5.274013270458371e-11
4420,9.346331797656854e-10,5.989353769885279e-11
4421,1.0372934621690571e-09,7.102005345663136e-11
4422,1.1238640084218756e-09,8.04224170338958e-11
4423,1.1607017417379088e-09,8.445321086123106e-11
4424,1.1452561666018744e-09,8.209953515269398e-11
4425,1.090271464548852e-09,7.453401645080845e-11
4426,1.003683873250531e-09,6.407089343367129e-11
4427,8.842026027746289e-10,5.162733708889597e-11
4428,7.615864900792122e-10,4.0171840840319715e-11
4429,6.686522649837069e-10,3.212473541696851e-11
4430,6.22532167477869e-10,2.8440531269359502e-11
4431,6.156301549399025e-10,2.8065667233057326e-11
4432,6.37791022749764e-10,2.9899306052157765e-11
4433,6.917807875553261e-10,3.434236714687496e-11
4434,7.815984858373314e-10,4.228579325095491e-11
4435,8.867787503300435e-10,5.225591476537158e-11
4436,9.775206852084235e-10,6.145425944196709e-11
4437,1.047128795313991e-09,6.928607742278173e-11
4438,1.0978943060777225e-09,7.548128001815255e-11
4439,1.1546901208728346e-09,8.247069964394154e-11
4440,1.2061928201438418e-09,8.892672515604045e-11
4441,1.2069223497368519e-09,8.875896178965435e-11
4442,1.1353810500740916e-09,7.98230967992737e-11
4443,1.0233069169305662e-09,6.69446719796613e-11
4444,9.146912500683235e-10,5.5283454436907473e-11
4445,8.504029202215165e-10,4.886200807434703e-11
4446,8.311220940532058e-10,4.7233749512379214e-11
4447,8.487987565566967e-10,4.936229780737396e-11
4448,8.950753110144125e-10,5.437183543676995e-11
4449,9.572513401274298e-10,6.093018191891941e-11
4450,1.0264565990241018e-09,6.826713344241138e-11
4451,1.0723420262928856e-09,7.291373727786056e-11
4452,1.0975828580657123e-09,7.54814180134835e-11
4453,1.1146484920781432e-09,7.706686749243564e-11
4454,1.126340833525102e-09,7.782707623750259e-11
4455,1.1048825227317688e-09,7.4912635115292e-11
4456,1.0232334400038348e-09,6.601013722674708e-11
4457,9.037495303471907e-10,5.390351348702273e-11
4458,8.094748691612885e-10,4.501503425480806e-11
4459,7.612596875957277e-10,4.045335881041201e-11
4460,7.527922051735804e-10,3.957868711253511e-11
4461,7.601973478719615e-10,4.034405564042082e-11
4462,7.831744998835473e-10,4.252960718748016e-11
4463,8.550674203426558e-10,4.9361447405646606e-11
4464,9.840936032540772e-10,6.227953007746072e-11
4465,1.10198838400307e-09,7.460324076567189e-11
4466,1.1369689120392247e-09,7.860165526469699e-11
4467,1.0883557795651354e-09,7.386014542385554e-11
4468,1.0379435413316238e-09,6.910118411665566e-11
4469,1.0059218368127196e-09,6.580671846034747e-11
4470,9.540705665558539e-10,6.052951413575991e-11
4471,8.573263739305496e-10,5.1503907975204625e-11
4472,7.769422395810025e-10,4.4962150433920744e-11
4473,7.707613841209439e-10,4.531192106571241e-11
4474,8.257036092190497e-10,5.082633195612236e-11
4475,8.739737914179713e-10,5.5472098590268666e-11
4476,9.046808329116385e-10,5.879315427460767e-11
4477,9.67106010120263e-10,6.547489125847086e-11
4478,1.080660439645488e-09,7.714013736415472e-11
4479,1.1871242699565825e-09,8.85250775463487e-11
4480,1.2033084880465302e-09,9.030501411571545e-11
4481,1.1154355000031539e-09,7.92436265552142e-11
4482,1.028663181720283e-09,6.874964126486173e-11
4483,9.720186752161569e-10,6.206285956371863e-11
4484,9.156391749261823e-10,5.590051304644231e-11
4485,8.359501061498212e-10,4.788080648862689e-11
4486,7.739933042706786e-10,4.226509789192419e-11
4487,7.587266543084866e-10,4.0937949120806124e-11
4488,7.799762323454683e-10,4.2704279567238885e-11
4489,8.048369784117452e-10,4.4920903965824073e-11
4490,8.207990606591676e-10,4.667146386429162e-11
4491,8.629026105145754e-10,5.097192025642621e-11
4492,9.385421232744142e-10,5.8185854333531436e-11
4493,1.0130154908598758e-09,6.56207519051706e-11
4494,1.0489169339436925e-09,6.992958460424571e-11
4495,1.035580790087947e-09,6.883355297639447e-11
4496,1.0280761170176563e-09,6.813899941016974e-11
4497,1.0442646862659383e-09,6.983075248056246e-11
4498,1.0507808840492891e-09,7.027668638475978e-11
4499,1.0279097229224182e-09,6.767310289317232e-11
4500,9.831990107919839e-10,6.278608914729305e-11
4501,9.559525344720452e-10,5.980825403558862e-11
4502,9.525313904658017e-10,5.916385999636462e-11
4503,9.556910137810657e-10,5.936968916804631e-11
4504,9.5671335877736e-10,5.986463262712212e-11
4505,9.684890627042439e-10,6.163553883892854e-11
4506,1.0119686582319693e-09,6.631672301328279e-11
4507,1.0598245692881402e-09,7.095751155639638e-11
4508,1.0930314371842062e-09,7.454474948684413e-11
4509,1.0882137983190307e-09,7.385545923865973e-11
4510,1.0711086724692565e-09,7.151194039175083e-11
4511,1.052260551531707e-09,6.904119940811298e-11
4512,1.0311983635700425e-09,6.675684862054062e-11
4513,9.976915217160975e-10,6.337472397171494e-11
4514,9.533123710013376e-10,5.877095975650016e-11
4515,8.914835367031937e-10,5.251608321688793e-11
4516,8.377088736102476e-10,4.753475511391396e-11
4517,8.085204420110175e-10,4.4876877676067695e-11
4518,8.148124311762633e-10,4.531202780350344e-11
4519,8.618049401829081e-10,4.9836638132883907e-11
4520,9.217458334165681e-10,5.590750432624299e-11
4521,9.735811576096354e-10,6.124327799875435e-11
4522,1.0142061292417313e-09,6.56858404571514e-11
4523,1.040858489666893e-09,6.877844752811127e-11
4524,1.0495665310701916e-09,7.007974632471557e-11
4525,1.0306990560385503e-09,6.851624275132028e-11
4526,1.004675476440034e-09,6.65353061394665e-11
4527,9.727253368483862e-10,6.36843227178217e-11
4528,9.30176925950858e-10,5.944819018119371e-11
4529,8.875854791480403e-10,5.544619684281963e-11
4530,8.69126182575149e-10,5.418354213015259e-11
4531,8.898982924080658e-10,5.669468030643531e-11
4532,9.271789914041912e-10,6.060422254268357e-11
4533,9.598557328252162e-10,6.43929747106225e-11
4534,9.804641006475104e-10,6.666402875385315e-11
4535,1.0119434534978964e-09,6.928337308646217e-11
4536,1.0604650034025303e-09,7.347046044906339e-11
4537,1.0944374970229243e-09,7.654132695727072e-11
4538,1.0941438495051742e-09,7.655417682878137e-11
4539,1.083858734009251e-09,7.554241209398853e-11
4540,1.0981224328034754e-09,7.709029121380828e-11
4541,1.1297428621692059e-09,8.049893137690902e-11
4542,1.1330666555838503e-09,8.062019000572181e-11
4543,1.0855540818716769e-09,7.503143489794929e-11
4544,1.0490172065335517e-09,7.126064905281802e-11
4545,1.0400493045323773e-09,6.992060910557119e-11
4546,1.0389222604990067e-09,6.915686960927253e-11
4547,1.022311293526387e-09,6.762573948833047e-11
4548,9.97112320005233e-10,6.550549582594656e-11
4549,1.0155095251951412e-09,6.760307717011246e-11
4550,1.0891228869390654e-09,7.54493893268127e-11
4551,1.13741619901724e-09,8.050825921846445e-11
4552,1.1205642472305609e-09,7.881914578251693e-11
4553,1.0896860948271239e-09,7.580638324886588e-11
4554,1.0909561643175792e-09,7.55416526250925e-11
4555,1.1046533539301567e-09,7.62212520517409e-11
4556,1.0773474631016337e-09,7.316433825388637e-11
4557,1.013708330356562e-09,6.698008176961983e-11
4558,9.76163932685978e-10,6.329719780655318e-11
4559,1.002302248162879e-09,6.584827949317102e-11
4560,1.0461603888627368e-09,7.035502398812467e-11
4561,1.0604336980030336e-09,7.233962518981417e-11
4562,1.0623651581575715e-09,7.33421338849387e-11
4563,1.127675190614408e-09,8.142148524696485e-11
4564,1.2458730488738007e-09,9.464119301654368e-11
4565,1.3184980175713036e-09,1.0180026860093671e-10
4566,1.2877129314504744e-09,9.76496043861238e-11
4567,1.2177751335711876e-09,8.977395363194393e-11
4568,1.1829587665624133e-09,8.540194104846873e-11
4569,1.1879374258296513e-09,8.55113245247516e-11
4570,1.119415653792407e-09,7.729498271918975e-11
4571,9.877526115204298e-10,6.322298308068533e-11
4572,8.739878634769621e-10,5.16480858071158e-11
4573,8.189832246460984e-10,4.590423310461523e-11
4574,8.145729058766986e-10,4.521334837510172e-11
4575,8.014949526497347e-10,4.403172888942996e-11
4576,7.914961906926038e-10,4.3373792873122256e-11
4577,8.433057579412283e-10,4.848965853888281e-11
4578,9.373974261695855e-10,5.742930335589726e-11
4579,1.0080101301379006e-09,6.4383223991043e-11
4580,1.0160342004925604e-09,6.579946893578566e-11
4581,9.965980847186057e-10,6.429302561820809e-11
4582,9.988196328035096e-10,6.423930270378836e-11
4583,1.014713733772186e-09,6.566987428360002e-11
4584,1.0090574238619912e-09,6.592919754957377e-11
4585,9.632750236941162e-10,6.210390509009753e-11
4586,9.270749366325538e-10,5.900786341516543e-11
4587,9.165186227919211e-10,5.827948062351132e-11
4588,9.161640663832388e-10,5.839397431489097e-11
4589,9.076795920165967e-10,5.745268717982234e-11
4590,8.961971815600718e-10,5.5933976534941136e-11
4591,9.086658541695683e-10,5.6563812958032074e-11
4592,9.37192629271405e-10,5.846631044711587e-11
4593,9.737936239039848e-10,6.172551215636902e-11
4594,1.0135078089298532e-09,6.642608678772764e-11
4595,1.0829200826083114e-09,7.51764428875124e-11
4596,1.171286435339348e-09,8.567008263690075e-11
4597,1.243749099312376e-09,9.419055024898451e-11
4598,1.2499164385687447e-09,9.492718669082159e-11
4599,1.2128778296241224e-09,9.037025045161021e-11
4600,1.1794226714480958e-09,8.572617102523146e-11
4601,1.147876207034915e-09,8.120458261913132e-11
4602,1.0957985477638893e-09,7.538289102394204e-11
4603,1.0409983561925569e-09,7.037122320877323e-11
4604,1.0325764722790455e-09,7.030752240208937e-11
4605,1.026883559956944e-09,6.90912185597838e-11
4606,9.910593671924979e-10,6.490815695390762e-11
4607,9.491996952631892e-10,6.109842566134264e-11
4608,9.563896203590243e-10,6.17495821974436e-11
4609,1.034847428861443e-09,6.90861166231776e-11
4610,1.1007019411068217e-09,7.543403214705946e-11
4611,1.0992163473598923e-09,7.594959056628665e-11
4612,1.0983250114169345e-09,7.7297619602024e-11
4613,1.1679283963762202e-09,8.589433199153273e-11
4614,1.2515886456020203e-09,9.537175901237201e-11
4615,1.258547566976977e-09,9.638556891722827e-11
4616,1.2046968111233378e-09,9.043844040392813e-11
4617,1.205835233583853e-09,9.009502661730862e-11
4618,1.2745505102822993e-09,9.6473919899689e-11
4619,1.3014497788567716e-09,9.837954850392467e-11
4620,1.2318675946185557e-09,9.071176011000994e-11
4621,1.1540764766985791e-09,8.263601595600564e-11
4622,1.134134553231029e-09,7.994950969660665e-11
4623,1.130954910497383e-09,7.884673490948015e-11
4624,1.0795109890083978e-09,7.363578237656349e-11
4625,9.911718088768078e-10,6.466266783746086e-11
4626,9.45952124764486e-10,5.97317092933695e-11
4627,9.376760647871108e-10,5.791953397395624e-11
4628,8.842289245191602e-10,5.171092147184062e-11
4629,7.735221437066957e-10,4.1288587966627184e-11
4630,6.60747961790516e-10,3.1651739248381637e-11
4631,6.108944017438697e-10,2.765693569398591e-11
4632,6.126179579041716e-10,2.765457744272176e-11
4633,6.256052156121487e-10,2.86797757301336e-11
4634,6.420110012625002e-10,3.0212674461475014e-11
4635,6.905197023612427e-10,3.447008657939024e-11
4636,7.510674975216536e-10,3.937938622818309e-11
4637,7.887652917441466e-10,4.238302220560257e-11
4638,7.833260566556401e-10,4.2147160907461296e-11
4639,7.602409738176561e-10,4.046224445509161e-11
4640,7.845609203992468e-10,4.310390814526285e-11
4641,8.178019893515413e-10,4.645279682299171e-11
4642,7.984947287968626e-10,4.50521936956947e-11
4643,7.25449803079141e-10,3.884745941178727e-11
4644,6.921796936928985e-10,3.627151629840866e-11
4645,7.386038154244644e-10,4.023627890777576e-11
4646,8.469685816924806e-10,5.0193198425727244e-11
4647,9.45618086003238e-10,6.029854346311784e-11
4648,1.0185736609566854e-09,6.841189513296938e-11
4649,1.0985657364475365e-09,7.664622449513091e-11
4650,1.2021856417610913e-09,8.756644121882353e-11
4651,1.2651924696206673e-09,9.513243249482141e-11
4652,1.2697281119931587e-09,9.732929932439249e-11
4653,1.2597732708297018e-09,9.763249140294966e-11
4654,1.285323306104864e-09,1.012160265214144e-10
4655,1.3177679245722482e-09,1.0473173226812326e-10
4656,1.2968396629774835e-09,1.0135362604976214e-10
4657,1.2408460318318622e-09,9.409193282700168e-11
4658,1.2092951440329927e-09,8.981258457447848e-11
4659,1.2316673389140596e-09,9.18548645005069e-11
4660,1.246356753203986e-09,9.309490914959412e-11
4661,1.2237243798444442e-09,9.112845597574841e-11
4662,1.177704375263915e-09,8.681978613604355e-11
4663,1.1671046802252975e-09,8.635976656475236e-11
4664,1.168554221179473e-09,8.632834192192865e-11
4665,1.1414903082521054e-09,8.275650312786805e-11
4666,1.088087181784874e-09,7.649693428050883e-11
4667,1.0516671177885177e-09,7.202398865461951e-11
4668,1.0573823028576137e-09,7.20269950367204e-11
4669,1.0821221040055285e-09,7.450803672282762e-11
4670,1.0827703287257738e-09,7.4694416601773e-11
4671,1.0622605034224083e-09,7.255892516606735e-11
4672,1.0482346916566978e-09,7.102910815448013e-11
4673,1.0562539474796888e-09,7.190808555186259e-11
4674,1.0685936710485663e-09,7.307290650946706e-11
4675,1.0740718069757745e-09,7.342356455376138e-11
4676,1.105460868941504e-09,7.712073658678291e-11
4677,1.1687911270675398e-09,8.417599916288902e-11
4678,1.2355813086872603e-09,9.122382726297234e-11
4679,1.2402505948509776e-09,9.114032766597969e-11
4680,1.17602660811206e-09,8.370751844135547e-11
4681,1.1190079978017556e-09,7.756062720598384e-11
4682,1.0988560180642815e-09,7.49753245081798e-11
4683,1.0816900327581047e-09,7.26677944207046e-11
4684,1.0005459017368857e-09,6.38488112932696e-11
4685,8.73287964767104e-10,5.111402783420773e-11
4686,7.73937029790638e-10,4.179882453567208e-11
4687,7.179995264798438e-10,3.658138466013431e-11
4688,6.867538858268286e-10,3.3709396629041406e-11
4689,6.597399057652061e-10,3.1421721990002345e-11
4690,6.373157493089563e-10,2.955061288482058e-11
4691,6.405376323328911e-10,2.98303184285892e-11
4692,6.668480771309122e-10,3.213118898485841e-11
4693,6.916064933342539e-10,3.431126455938113e-11
4694,7.09981365293524e-10,3.5964989079998804e-11
4695,7.278289498316329e-10,3.75229305959482e-11
4696,7.356444376050777e-10,3.817284895404131e-11
4697,7.435277534093657e-10,3.923835918281358e-11
4698,7.616240679384929e-10,4.1637932335125426e-11
4699,7.837160134311085e-10,4.435573306479214e-11
4700,7.977704842676063e-10,4.616790628283699e-11
4701,7.993784579666288e-10,4.658085233958633e-11
4702,8.140310868899898e-10,4.7979358826872374e-11
4703,8.67708352872031e-10,5.303892330895503e-11
4704,9.51167371647733e-10,6.151814094321515e-11
4705,1.0223364793480827e-09,6.937968043034515e-11
4706,1.0665790201629387e-09,7.454654580351953e-11
4707,1.1037378222175816e-09,7.83885020150353e-11
4708,1.1649977200530944e-09,8.500585259154335e-11
4709,1.2442014438854472e-09,9.46401294489241e-11
4710,1.2940192578951654e-09,1.0117820006559173e-10
4711,1.3219371820766546e-09,1.0539620714744938e-10
4712,1.3645558118671266e-09,1.1129900712630452e-10
4713,1.4201712817445216e-09,1.176471489475512e-10
4714,1.4512483830213024e-09,1.2006484897344e-10
4715,1.4164433551946226e-09,1.1477210647922458e-10
4716,1.3473562108169453e-09,1.0636117899397745e-10
4717,1.2883711570152194e-09,9.911024399636849e-11
4718,1.2623750806656402e-09,9.597013547041075e-11
4719,1.2526107618403523e-09,9.545437820669688e-11
4720,1.2135457696502178e-09,9.104360058807899e-11
4721,1.1806144154348632e-09,8.719546196544893e-11
4722,1.1698739959120962e-09,8.564025520719234e-11
4723,1.1748131972485727e-09,8.568716421718202e-11
4724,1.19381033746021e-09,8.805126632598265e-11
4725,1.1970160574043266e-09,8.84634787152951e-11
4726,1.1831069509375595e-09,8.648487135481629e-11
4727,1.1634894902080292e-09,8.381549371418007e-11
4728,1.1377040674964968e-09,8.081257325743278e-11
4729,1.1148704426663565e-09,7.848363090072303e-11
4730,1.0919561365059748e-09,7.581274809048078e-11
4731,1.094059720670894e-09,7.598477700065308e-11
4732,1.125819749542322e-09,7.939073342839409e-11
4733,1.1810330405616353e-09,8.512587430213565e-11
4734,1.2536512206263965e-09,9.328812602306942e-11
4735,1.3071400837700068e-09,9.971288036477984e-11
4736,1.3139600116909358e-09,1.0057271028995252e-10
4737,1.3036228989657922e-09,1.0000272368195546e-10
4738,1.3140683780807857e-09,1.021575368204968e-10
4739,1.3221083421214903e-09,1.0303105752132218e-10
4740,1.2849329467441304e-09,9.80861475861074e-11
4741,1.1601701129827072e-09,8.290579582131276e-11
4742,1.0006304641828297e-09,6.475953023971705e-11
4743,8.69004862355973e-10,5.0675010437912196e-11
4744,7.836918593195356e-10,4.212284319518445e-11
4745,7.231275658381561e-10,3.661521465538472e-11
4746,6.776740349497209e-10,3.288453072554147e-11
4747,6.574810609945526e-10,3.146758946813341e-11
4748,6.720665467517477e-10,3.2970591539814574e-11
4749,7.120806404331774e-10,3.658261329277321e-11
4750,7.461988126039073e-10,3.950042876251486e-11
4751,7.747376054994016e-10,4.200321414027356e-11
4752,8.091239708298561e-10,4.506293722468808e-11
4753,8.485646906675151e-10,4.8546673664143186e-11
4754,8.637505061415298e-10,4.9969093564569983e-11
4755,8.561080393596899e-10,4.986529096389351e-11
4756,8.359178650603415e-10,4.864638290844274e-11
4757,8.426142748094921e-10,4.9818400315145664e-11
4758,8.805413673173651e-10,5.408456650282745e-11
4759,9.117196855298039e-10,5.770014140632253e-11
4760,9.478554454556263e-10,6.22894954471445e-11
4761,1.023520029206112e-09,7.117670655158478e-11
4762,1.1467441892180277e-09,8.48948011304447e-11
4763,1.2685767449141734e-09,9.831357195003916e-11
4764,1.3229339513232525e-09,1.0417955730183671e-10
4765,1.3264361374993178e-09,1.0468210452755241e-10
4766,1.3291597715248103e-09,1.0514284692484881e-10
4767,1.311035317768502e-09,1.0256453796278118e-10
4768,1.2318351625846606e-09,9.310792929135369e-11
4769,1.1287123245650856e-09,8.163069692969968e-11
4770,1.0677432435498988e-09,7.435620161937914e-11
4771,1.1032109206507386e-09,7.751455993597023e-11
4772,1.1532050287545265e-09,8.194425732995462e-11
4773,1.1495116083744857e-09,8.101875148399404e-11
4774,1.1241074913994224e-09,7.848039899029534e-11
4775,1.1604709047012058e-09,8.276566991509603e-11
4776,1.2487533929393018e-09,9.251172505343065e-11
4777,1.288314688730659e-09,9.726123180553282e-11
4778,1.2354514569801824e-09,9.2384631673284e-11
4779,1.1803991137692837e-09,8.712801341446854e-11
4780,1.1939528942713705e-09,8.84869332500699e-11
4781,1.2434630120758502e-09,9.364181979861964e-11
4782,1.2437542853800658e-09,9.358434982730619e-11
4783,1.224140268153099e-09,9.188272589168363e-11
4784,1.2333054130567649e-09,9.246284772801271e-11
4785,1.2695731511478382e-09,9.554476305694464e-11
4786,1.2469604576511348e-09,9.254869493213593e-11
4787,1.16802605286328e-09,8.429986962316347e-11
4788,1.1088122574309894e-09,7.796262485798827e-11
4789,1.1258706486460267e-09,7.961846411746262e-11
4790,1.1736786078744784e-09,8.50053203522598e-11
4791,1.1886002527506281e-09,8.72462979984156e-11
4792,1.1684371431448456e-09,8.502660782956076e-11
4793,1.1626465265444865e-09,8.362707841089138e-11
4794,1.1900693341420026e-09,8.582709000541421e-11
4795,1.2014972051359245e-09,8.643957355242652e-11
4796,1.1817609026166408e-09,8.42458004817903e-11
4797,1.1547199782749275e-09,8.148776224548833e-11
4798,1.1165899963924856e-09,7.699722663979245e-11
4799,1.0338684256208363e-09,6.753324064196502e-11
4800,9.256536209270762e-10,5.656634754742221e-11
4801,8.434575525484953e-10,4.8679763423813314e-11
4802,8.218802641014541e-10,4.629198543347701e-11
4803,8.293921646668715e-10,4.647622825194689e-11
4804,8.167632307554061e-10,4.526663438255931e-11
4805,7.804838763492415e-10,4.224133722204173e-11
4806,7.626482016038603e-10,4.0713399483535224e-11
4807,7.691749547424479e-10,4.1070736324004176e-11
4808,7.634414657824636e-10,4.05081516054254e-11
4809,7.205427338019689e-10,3.703068438934892e-11
4810,6.764380828880009e-10,3.376373791821758e-11
4811,6.75685998331492e-10,3.420090058578727e-11
4812,7.142673956075344e-10,3.7926387799588175e-11
4813,7.612899606440815e-10,4.269828665360396e-11
4814,7.994268607877329e-10,4.6763886812460225e-11
4815,8.479458355015952e-10,5.167431573209508e-11
4816,9.284130301192827e-10,5.995373571602527e-11
4817,1.027503119022277e-09,7.120384170068841e-11
4818,1.102805212646475e-09,8.074638665819848e-11
4819,1.140997675752351e-09,8.611583076052868e-11
4820,1.1706605964428812e-09,8.982955501334719e-11
4821,1.1812781292495547e-09,8.996302822976617e-11
4822,1.1428692577822105e-09,8.386366351249894e-11
4823,1.0959855126101599e-09,7.831052432701947e-11
4824,1.0577251110639377e-09,7.37501052526373e-11
4825,1.0494864192608087e-09,7.19953618225378e-11
4826,1.0442045921908014e-09,7.060399580496396e-11
4827,1.0083554459154442e-09,6.616857312081664e-11
4828,9.94557148500875e-10,6.472232971108078e-11
4829,1.0434857309859235e-09,6.999698116258245e-11
4830,1.1297447306357547e-09,7.930014604735422e-11
4831,1.164734616452334e-09,8.307103802833379e-11
4832,1.1240581612138954e-09,7.88602913098999e-11
4833,1.0721829230608715e-09,7.316374638983473e-11
4834,1.0736360261340938e-09,7.280031040797815e-11
4835,1.1247631357872275e-09,7.830641134547457e-11
4836,1.1686608722690854e-09,8.416279178183582e-11
4837,1.1926552859712115e-09,8.838718794717305e-11
4838,1.2085384341101296e-09,9.07701206073606e-11
4839,1.229617253375283e-09,9.272368841325376e-11
4840,1.260292976336364e-09,9.609542449250281e-11
4841,1.281240074162717e-09,9.824026401271212e-11
4842,1.295327123953217e-09,9.941228980956352e-11
4843,1.2748361119162377e-09,9.616009433320945e-11
4844,1.2092866317401133e-09,8.787417883114153e-11
4845,1.1421774537065718e-09,8.020971294005532e-11
4846,1.1142369276930072e-09,7.740091418666113e-11
4847,1.1246204365079786e-09,7.909324107192322e-11
4848,1.1460323350173054e-09,8.236225510598916e-11
4849,1.1426584389884075e-09,8.225677012696909e-11
4850,1.1371435797919691e-09,8.145926452913704e-11
4851,1.1652423563939158e-09,8.417976127871393e-11
4852,1.2153411030740956e-09,8.924731822622695e-11
4853,1.2370955975131721e-09,9.102317938132788e-11
4854,1.1970463782303576e-09,8.61028977489172e-11
4855,1.1277374827872058e-09,7.867929861753809e-11
4856,1.0585288889804102e-09,7.118747925866739e-11
4857,1.0122477308599664e-09,6.616111913891551e-11
4858,9.7256924443909e-10,6.206112753612291e-11
4859,9.417216772323672e-10,5.901689517548246e-11
4860,9.3121306776112e-10,5.785005409923404e-11
4861,9.368064891908204e-10,5.8051696339204687e-11
4862,9.215286004723852e-10,5.5945449227577964e-11
4863,8.972437697956995e-10,5.348223392708553e-11
4864,8.811233177877488e-10,5.199978368744255e-11
4865,9.010447991769901e-10,5.4092525705556345e-11
4866,9.436970419767354e-10,5.88347959573433e-11
4867,9.714290556075537e-10,6.25332132756217e-11
4868,9.780579361100423e-10,6.418624362489753e-11
4869,9.96496009958096e-10,6.685189757219738e-11
4870,1.043686028323142e-09,7.214385791465549e-11
4871,1.1025814449710959e-09,7.854288903997679e-11
4872,1.1448397905370433e-09,8.339691191297889e-11
4873,1.1697636094949488e-09,8.677377314890448e-11
4874,1.1994094743673745e-09,9.108045825301015e-11
4875,1.2412952991912643e-09,9.716941918697214e-11
4876,1.2941176032852189e-09,1.0530966550497644e-10
4877,1.3177442367285115e-09,1.0898360849279919e-10
4878,1.3079877829382533e-09,1.0682381845949493e-10
4879,1.2808243794713995e-09,1.0161683817401184e-10
4880,1.2846570603500981e-09,1.0092080969317074e-10
4881,1.303104201868823e-09,1.0187748155659078e-10
4882,1.3027681573994001e-09,1.0089295943451085e-10
4883,1.2924341792845122e-09,1.001704001359905e-10
4884,1.2752814979053903e-09,9.829800471601565e-11
4885,1.2746236642393489e-09,9.785244238324072e-11
4886,1.304787155427034e-09,1.0194624187455052e-10
4887,1.3183233375365497e-09,1.0413391858555626e-10
4888,1.3187164663829987e-09,1.0440107658798413e-10
4889,1.3174793360745268e-09,1.0416203285861467e-10
4890,1.3167225506825445e-09,1.0369377704278109e-10
4891,1.324156060357943e-09,1.0440503425361746e-10
4892,1.357579939007695e-09,1.0884123675279382e-10
4893,1.4152053921033098e-09,1.1635217325798738e-10
4894,1.4828116692266272e-09,1.25362713130882e-10
4895,1.511680717448655e-09,1.2912381534324364e-10
4896,1.5225013784834477e-09,1.3084729442652231e-10
4897,1.5620559283198234e-09,1.3639330543022907e-10
4898,1.5907695572840521e-09,1.3870309130340791e-10
4899,1.55155945184125e-09,1.3203897229830303e-10
4900,1.4263487673572856e-09,1.1557003367410679e-10
4901,1.3005727461067368e-09,1.0019033023415431e-10
4902,1.2386169977232043e-09,9.248366329086333e-11
4903,1.2405331877985084e-09,9.285320350990537e-11
4904,1.243289144685245e-09,9.407733084964932e-11
4905,1.2354310296463335e-09,9.434415298005248e-11
4906,1.2689363159964838e-09,9.947542074043438e-11
4907,1.319905140621351e-09,1.0520743360368481e-10
4908,1.3424347055007574e-09,1.0705650881277205e-10
4909,1.2859932833998008e-09,9.944006586838073e-11
4910,1.2021632523934294e-09,8.897648969768774e-11
4911,1.12977761269763e-09,7.964883618714588e-11
4912,1.0626182728187577e-09,7.161716557462366e-11
4913,9.704833709623006e-10,6.21292593309253e-11
4914,8.841214355128012e-10,5.395144060923222e-11
4915,8.420093596420983e-10,4.9747490717495224e-11
4916,8.533174370986927e-10,5.0374701103545534e-11
4917,8.777196387176736e-10,5.2172741665512826e-11
4918,8.912834087061142e-10,5.3028325335560355e-11
4919,9.017490568152505e-10,5.3517130453616275e-11
4920,9.286344106961934e-10,5.578744483556905e-11
4921,9.649653728952456e-10,5.959951501187534e-11
4922,9.896077888188505e-10,6.295254596487802e-11
4923,1.0000946202551692e-09,6.511656329072517e-11
4924,1.0014653953308988e-09,6.601355516219707e-11
4925,9.893633898945099e-10,6.492374686367996e-11
4926,9.704588065206815e-10,6.287820319578189e-11
4927,9.61611487741608e-10,6.15969429117425e-11
4928,9.992140415265348e-10,6.5201549355717e-11
4929,1.057016561065823e-09,7.084282942854243e-11
4930,1.0991194121430882e-09,7.559825401556385e-11
4931,1.117142695656782e-09,7.894530510384334e-11
4932,1.123929160396247e-09,8.094622039094774e-11
4933,1.1513859838623587e-09,8.493191545843876e-11
4934,1.1797871087766665e-09,8.880831554087098e-11
4935,1.197957933225491e-09,9.141290169778581e-11
4936,1.2148461181173533e-09,9.30170501801955e-11
4937,1.2728744022875034e-09,9.909661546447324e-11
4938,1.3386346531417258e-09,1.0571356507967086e-10
4939,1.3704897307375903e-09,1.0893830023586109e-10
4940,1.3752006265161527e-09,1.1019632628055043e-10
4941,1.351432180157766e-09,1.0735717303478316e-10
4942,1.2934847525958454e-09,9.986959533652948e-11
4943,1.2233333145741475e-09,9.23491239167845e-11
4944,1.1623954955714291e-09,8.607396003907068e-11
4945,1.149019508650764e-09,8.434766859203818e-11
4946,1.1820294153292655e-09,8.749287448374519e-11
4947,1.2224111706867538e-09,9.1712592687883e-11
4948,1.259482741529633e-09,9.588268887019041e-11
4949,1.3457802710834387e-09,1.0651368602699947e-10
4950,1.4696990312883448e-09,1.2196473707010896e-10
4951,1.5700709272965607e-09,1.3528057470226942e-10
4952,1.5812797741165226e-09,1.3785513143461524e-10
4953,1.557809393910478e-09,1.3619778589837523e-10
4954,1.540869051188019e-09,1.3372947364998871e-10
4955,1.5080077726712593e-09,1.278116867197278e-10
4956,1.3906902540593965e-09,1.1140767980239266e-10
4957,1.2288676890230717e-09,9.119953490844165e-11
4958,1.1147912601794536e-09,7.740073382138039e-11
4959,1.0677071466275397e-09,7.125774632743356e-11
4960,1.021084347414024e-09,6.58517782320581e-11
4961,9.609367483743922e-10,6.062531856745933e-11
4962,9.484840932856967e-10,6.091869379685869e-11
4963,1.0126298871506417e-09,6.832537255900282e-11
4964,1.0992664612186565e-09,7.809265700755599e-11
4965,1.0937008302674641e-09,7.808879491911064e-11
4966,1.0131555920294434e-09,6.988199407414773e-11
4967,9.537296643554863e-10,6.309558744466959e-11
4968,9.330612037088327e-10,5.948733069619225e-11
4969,8.871265802177927e-10,5.396679984571615e-11
4970,7.872758650930702e-10,4.4418188375831335e-11
4971,6.960173073931045e-10,3.6178041206421356e-11
4972,6.718423096022639e-10,3.364742226207207e-11
4973,6.909357965323032e-10,3.462240137896437e-11
4974,7.001268381342404e-10,3.5031585480313614e-11
4975,6.85793666042086e-10,3.361427346687835e-11
4976,6.819783491863466e-10,3.2906020168632764e-11
4977,6.987701773086897e-10,3.374687672522879e-11
4978,7.186362390314772e-10,3.53000538059618e-11
4979,7.093098831309107e-10,3.481631539928333e-11
4980,6.916123337094632e-10,3.378208557269315e-11
4981,6.966985491661507e-10,3.46516788834146e-11
4982,7.182577759598686e-10,3.672952051304067e-11
4983,7.470775022683412e-10,3.9619430710037196e-11
4984,7.774246803292692e-10,4.2845280427801116e-11
4985,8.123199158464985e-10,4.6172974922949333e-11
4986,8.374070338713929e-10,4.815987954439042e-11
4987,8.429175103230407e-10,4.857831150444918e-11
4988,8.183860587196931e-10,4.6409480047377346e-11
4989,7.940074635230325e-10,4.457708425968755e-11
4990,7.972233471199362e-10,4.577077398305357e-11
4991,8.085854706800427e-10,4.7820579032042936e-11
4992,8.127433030680998e-10,4.8998261880442135e-11
4993,8.17001460489421e-10,4.978113812506811e-11
4994,8.720397672853811e-10,5.540473214418434e-11
4995,9.942611180057336e-10,6.769465877367784e-11
4996,1.1421808472565202e-09,8.321007225268114e-11
4997,1.2146653392796978e-09,9.06469658473664e-11
4998,1.2032066443856036e-09,8.91885144897981e-11
4999,1.1563532086912126e-09,8.352101934191079e-11
5000,1.1342389547874539e-09,8.095646621044704e-11
5001,1.1173947328414833e-09,7.961474254839077e-11
5002,1.070874092375236e-09,7.521208848727316e-11
5003,1.0139314036606833e-09,6.919756604612988e-11
5004,9.978456045713095e-10,6.699095413169769e-11
5005,1.0438514911202723e-09,7.111143907412126e-11
5006,1.1144493768557359e-09,7.78427357943589e-11
5007,1.1699917171313509e-09,8.352644854206696e-11
5008,1.2077442462282995e-09,8.800109844885187e-11
5009,1.2671947382107784e-09,9.571831252724094e-11
5010,1.3683166826457878e-09,1.0938437058387414e-10
5011,1.441271219381161e-09,1.1981783261801354e-10
5012,1.4285827493372057e-09,1.190047800903157e-10
5013,1.3321870725647323e-09,1.0664395812710894e-10
5014,1.2489185231552425e-09,9.587229364155619e-11
5015,1.2129969113284417e-09,9.019688115583916e-11
5016,1.1974767388812174e-09,8.700232023199051e-11
5017,1.1449054863429984e-09,8.039449082435381e-11
5018,1.0688554023328612e-09,7.245380948137566e-11
5019,1.0025630404855662e-09,6.587727460726983e-11
5020,9.840999660993612e-10,6.470264563565962e-11
5021,9.832606728809645e-10,6.541350555518439e-11
5022,9.647947464920718e-10,6.401186290728479e-11
5023,9.230640490970903e-10,5.956223502208359e-11
5024,8.76411431536464e-10,5.4265324782275936e-11
5025,8.398045357411758e-10,4.999713151023087e-11
5026,8.102252952333738e-10,4.645612800333243e-11
5027,7.769312930358065e-10,4.259184754470192e-11
5028,7.333133318772721e-10,3.815328936772286e-11
5029,6.812661058954749e-10,3.347249726608149e-11
5030,6.397114426433731e-10,3.0140918127873766e-11
5031,6.206068496787239e-10,2.862151202634711e-11
5032,6.204293359177683e-10,2.8375157810157755e-11
5033,6.365044693306184e-10,2.942099003885932e-11
5034,6.529713283906495e-10,3.042753167965607e-11
5035,6.754536143849475e-10,3.201859073893397e-11
5036,7.123729311185855e-10,3.512393944610072e-11
5037,7.546245424302872e-10,3.894661639676772e-11
5038,7.929762217556246e-10,4.2798627102943253e-11
5039,8.194973146074987e-10,4.6002049871819986e-11
5040,8.140279150361985e-10,4.599204186333812e-11
5041,7.85219543376987e-10,4.373345319295719e-11
5042,7.576557100887852e-10,4.1511205086106004e-11
5043,7.590642989318714e-10,4.1600858952146266e-11
5044,8.004202250026245e-10,4.517095634560839e-11
5045,8.499133137163332e-10,4.96549448588816e-11
5046,8.885206596437619e-10,5.38558882932675e-11
5047,9.438168916939126e-10,6.054796832982223e-11
5048,1.0000380543362026e-09,6.684579261044816e-11
5049,1.0574622473480235e-09,7.371392173906364e-11
5050,1.0983176279778862e-09,7.958886271040641e-11
5051,1.153002891907527e-09,8.726447309562302e-11
5052,1.240537978154688e-09,9.799874352372049e-11
5053,1.3371005613012183e-09,1.0984316902125534e-10
5054,1.3498624990069261e-09,1.1058460025746909e-10
5055,1.3199929329668087e-09,1.0670848946046297e-10
5056,1.3141806893624814e-09,1.0554534187891452e-10
5057,1.3340172796127062e-09,1.0676110754658315e-10
5058,1.3286441740302939e-09,1.0587123037751565e-10
5059,1.2705784503935402e-09,9.973160827640641e-11
5060,1.207343435215839e-09,9.233399649809689e-11
5061,1.1908944578414474e-09,8.929023178078903e-11
5062,1.2079138395836719e-09,9.019814175864314e-11
5063,1.1938630421956417e-09,8.776449722924788e-11
5064,1.1685689347139228e-09,8.468457026744065e-11
5065,1.1718840604467946e-09,8.492613878294189e-11
5066,1.2237350760067301e-09,9.11206178613971e-11
5067,1.2837663868411243e-09,9.916187196421412e-11
5068,1.3156850182495233e-09,1.04634907248436e-10
5069,1.331351994611372e-09,1.0803488691647224e-10
5070,1.3241643123789829e-09,1.0688482419785884e-10
5071,1.2823778953857136e-09,1.0048080983542546e-10
5072,1.2015794401398937e-09,8.987110261576378e-11
5073,1.121961885024641e-09,8.053845399469738e-11
5074,1.0767989479077944e-09,7.544708275774281e-11
5075,1.0563626738950704e-09,7.304906184240707e-11
5076,9.80982080310247e-10,6.423617242150026e-11
5077,8.568530852720132e-10,5.129638229244635e-11
5078,7.577981292775911e-10,4.185933957724876e-11
5079,7.258607310414722e-10,3.873529678516238e-11
5080,7.300933357664442e-10,3.902971751544245e-11
5081,7.109401819864336e-10,3.7984625262607364e-11
5082,6.826521896842657e-10,3.6738987306202085e-11
5083,6.908093612890521e-10,3.774805482216902e-11
5084,7.364260317794263e-10,4.084266083572305e-11
5085,7.572919788154412e-10,4.177610225071565e-11
5086,7.225906734970697e-10,3.8481715995556e-11
5087,6.855059221840288e-10,3.5088864658252426e-11
5088,6.93418118847427e-10,3.512402126016084e-11
5089,7.249116343257828e-10,3.7159736586925616e-11
5090,7.245863345803116e-10,3.6908902916084865e-11
5091,6.912642693505173e-10,3.400924926012855e-11
5092,6.778627730393755e-10,3.2715625847522695e-11
5093,6.881827692387488e-10,3.322714688569856e-11
5094,7.073413235167539e-10,3.486084495858551e-11
5095,7.149037291090818e-10,3.583793944379425e-11
5096,7.154838989561022e-10,3.595130280636907e-11
5097,7.127808649580997e-10,3.557985808663704e-11
5098,6.944782090895815e-10,3.404876166122876e-11
5099,6.699549684286508e-10,3.2248318263639377e-11
5100,6.654390232355093e-10,3.195474200079319e-11
5101,6.870575115303416e-10,3.357591647249748e-11
5102,7.047200584191769e-10,3.494447872420122e-11
5103,7.212769840589496e-10,3.678566413671929e-11
5104,7.555506896825496e-10,4.019053535523793e-11
5105,8.283450301041511e-10,4.695569607899261e-11
5106,9.235275488680376e-10,5.655120107226833e-11
5107,1.0134051552941675e-09,6.688617088814018e-11
5108,1.1032005333840767e-09,7.788918100902997e-11
5109,1.2118559993842494e-09,9.109896884044413e-11
5110,1.2890303477964642e-09,1.0033560037768333e-10
5111,1.252611786217678e-09,9.546796489526745e-11
5112,1.1432594722151981e-09,8.261185923117173e-11
5113,1.0375819465852175e-09,7.036769131775477e-11
5114,9.832704346388147e-10,6.403685154556066e-11
5115,9.461794447737386e-10,6.00255316866225e-11
5116,8.929125994416514e-10,5.488534593351645e-11
5117,8.583347786390232e-10,5.1793231810828764e-11
5118,8.802582262163293e-10,5.377938077723553e-11
5119,9.465491812414466e-10,5.981165929565487e-11
5120,9.987381320665025e-10,6.466162759485147e-11
5121,1.0382464422209817e-09,6.907315416466852e-11
5122,1.111037077729357e-09,7.731670234418585e-11
5123,1.2384938399293103e-09,9.192838635885121e-11
5124,1.3333713102405768e-09,1.0375720090966097e-10
5125,1.306975347822118e-09,1.0250777883288127e-10
5126,1.2226867770354266e-09,9.500188255555928e-11
5127,1.1493461977948337e-09,8.673895615638599e-11
5128,1.0908519286901762e-09,7.8533304231481e-11
5129,9.852995490956223e-10,6.530673505561907e-11
5130,8.474714015637359e-10,5.0481271345474826e-11
5131,7.534014957033935e-10,4.128005442272763e-11
5132,7.340430788390628e-10,3.918715190838691e-11
5133,7.363968897195617e-10,3.898565831396102e-11
5134,7.07174443151276e-10,3.650223322373214e-11
5135,6.54206613186202e-10,3.225171415742489e-11
5136,6.361554087559126e-10,3.108105658616279e-11
5137,6.520422614511422e-10,3.2856578091675205e-11
5138,6.62695636004442e-10,3.467024515188051e-11
5139,6.416881763421037e-10,3.383299245895645e-11
5140,6.143915902089811e-10,3.1691934292474606e-11
5141,6.066676751304959e-10,3.018833562918854e-11
5142,5.948682129188684e-10,2.817311476244786e-11
5143,5.579303263970837e-10,2.4904448968782432e-11
5144,5.101633831700903e-10,2.124874221903373e-11
5145,4.897584064482445e-10,1.946885139788288e-11
5146,4.984326086190361e-10,1.9530751780475155e-11
5147,5.151783150436043e-10,2.0264604058655207e-11
5148,5.223056758105896e-10,2.0530735422275622e-11
5149,5.441072618549015e-10,2.1994554611950145e-11
5150,5.86688107234741e-10,2.487106124642947e-11
5151,6.206056122705331e-10,2.7135783919576394e-11
5152,6.11662832314746e-10,2.6445598009616913e-11
5153,5.795607082583295e-10,2.4345997838003494e-11
5154,5.57835317832006e-10,2.290486873467942e-11
5155,5.484168513204071e-10,2.2233872722627413e-11
5156,5.427163383394162e-10,2.2005438036361622e-11
5157,5.291313423093027e-10,2.1130885598586907e-11
5158,5.459189880209696e-10,2.2432127003728805e-11
5159,6.108086100829847e-10,2.736804971095238e-11
5160,6.939955361994999e-10,3.4037488101487833e-11
5161,7.59374661304852e-10,3.981016075796167e-11
5162,8.171252901015863e-10,4.570859300614815e-11
5163,8.975427331730583e-10,5.4143903643282256e-11
5164,9.913672882152228e-10,6.433444232483638e-11
5165,1.043252148656837e-09,7.110191019190181e-11
5166,1.0126912755288754e-09,6.895527857440881e-11
5167,9.609809047317089e-10,6.390087689590886e-11
5168,9.252992950108592e-10,5.948335944631063e-11
5169,8.979762721401547e-10,5.5959705284891554e-11
5170,8.47904701569086e-10,5.074268854282399e-11
5171,8.087999793916654e-10,4.710313277907971e-11
5172,8.08484064261515e-10,4.64962710893858e-11
5173,8.544572522836721e-10,5.0110116946202466e-11
5174,9.183239305774854e-10,5.631855528694566e-11
5175,9.827018463535965e-10,6.365973129709243e-11
5176,1.067360479589866e-09,7.374498362551365e-11
5177,1.1938568666469888e-09,8.918982399542698e-11
5178,1.3231510070940747e-09,1.052358774930242e-10
5179,1.4170921396990036e-09,1.1732834366956528e-10
5180,1.4607686899042111e-09,1.230750419024898e-10
5181,1.4689134487220946e-09,1.2380255079159658e-10
5182,1.4258187811403616e-09,1.1727298267286286e-10
5183,1.3230955591506828e-09,1.035135612330098e-10
5184,1.171233877527946e-09,8.46035301333683e-11
5185,1.035207338277405e-09,6.923947884532886e-11
5186,9.684216394374658e-10,6.237677051463142e-11
5187,9.362253570304696e-10,5.862676716294359e-11
5188,9.153672154164869e-10,5.620348706880667e-11
5189,8.707241130070235e-10,5.1368822429232076e-11
5190,8.251127978131397e-10,4.645938744988321e-11
5191,8.136715103185801e-10,4.4921086550846394e-11
5192,8.445598454965469e-10,4.7922514994334077e-11
5193,8.646861470486472e-10,5.032839168117148e-11
5194,8.484716490955635e-10,4.9899616312706294e-11
5195,8.132514682549737e-10,4.788777888535669e-11
5196,7.853774183403522e-10,4.6132451027952326e-11
5197,7.581851484191434e-10,4.3863841353719495e-11
5198,6.987002862580265e-10,3.8400324308494907e-11
5199,6.136354615197889e-10,3.077360418680816e-11
5200,5.415906952943495e-10,2.4255168242033384e-11
5201,4.982969989322385e-10,1.9893592524956386e-11
5202,4.838386870655531e-10,1.8022062365157496e-11
5203,4.840142509381502e-10,1.771186068954927e-11
5204,5.082314665057798e-10,1.9503948352336792e-11
5205,5.598582626498752e-10,2.342531588167773e-11
5206,6.279447550917845e-10,2.88995311615362e-11
5207,6.8137344393286e-10,3.3478531273508054e-11
5208,7.144136467270969e-10,3.6305820547457927e-11
5209,7.175581297582252e-10,3.602718860983714e-11
5210,6.846676871427335e-10,3.2688592120290873e-11
5211,6.267767307772336e-10,2.8003638175113596e-11
5212,5.721262745988876e-10,2.4058911305406867e-11
5213,5.499826214753453e-10,2.261724749477993e-11
5214,5.556544907291618e-10,2.322634908159903e-11
5215,5.757171841694382e-10,2.5125359968360644e-11
5216,6.100157361752578e-10,2.81651272499694e-11
5217,6.786028236486602e-10,3.382451611480108e-11
5218,7.991931483096176e-10,4.438457300290775e-11
5219,9.507441617127408e-10,5.910677222387155e-11
5220,1.110874575669287e-09,7.696904626656225e-11
5221,1.2399901059232867e-09,9.319874236229231e-11
5222,1.3110043417283215e-09,1.0325539786537473e-10
5223,1.3213422114267565e-09,1.0622188012376604e-10
5224,1.2932442764940219e-09,1.0412862725767116e-10
5225,1.2616159197800136e-09,1.008663790273992e-10
5226,1.2497495878205627e-09,9.961384768393096e-11
5227,1.2251831167654659e-09,9.586333409754506e-11
5228,1.1708284338965722e-09,8.78880841443193e-11
5229,1.1368220182830945e-09,8.282461355691134e-11
5230,1.176588246353286e-09,8.668997651832922e-11
5231,1.271299684615395e-09,9.742743092032743e-11
5232,1.3712861416801011e-09,1.1125185670265482e-10
5233,1.4299410994023637e-09,1.22225304604032e-10
5234,1.4894231132298012e-09,1.3284270070173473e-10
5235,1.5737185529784096e-09,1.4395830476818378e-10
5236,1.6526577107078638e-09,1.527626089357852e-10
5237,1.6835529722486769e-09,1.551858201689476e-10
5238,1.6788741936747427e-09,1.5294548850837683e-10
5239,1.6774561924577793e-09,1.5102191783729116e-10
5240,1.6541524811542267e-09,1.465793620685086e-10
5241,1.5171263820902084e-09,1.277831647877564e-10
5242,1.3337118287599622e-09,1.0613043068041335e-10
5243,1.2120125990719201e-09,9.324121134580101e-11
5244,1.1638708167570946e-09,8.727958465733613e-11
5245,1.139105272737356e-09,8.32669331586542e-11
5246,1.0686559069213497e-09,7.427226770109532e-11
5247,9.774646780093955e-10,6.339234604781811e-11
5248,9.363530005105112e-10,5.8116083973456824e-11
5249,9.473969974275317e-10,5.875505433690153e-11
5250,9.44973135030098e-10,5.903325068968693e-11
5251,8.958517177948069e-10,5.530587890293184e-11
5252,8.309800046555635e-10,4.976725795194395e-11
5253,7.937262722148253e-10,4.657108894799044e-11
5254,7.732960826718356e-10,4.493330236668594e-11
5255,7.340816991987511e-10,4.14050073637253e-11
5256,6.725500545792985e-10,3.553926782266e-11
5257,6.105207209732648e-10,2.9213276708849815e-11
5258,5.721086852764974e-10,2.490863174218182e-11
5259,5.593795415654813e-10,2.3150468413453467e-11
5260,5.70225153464839e-10,2.3827233698277884e-11
5261,6.012601509031749e-10,2.6541363025757404e-11
5262,6.546673130872358e-10,3.141434583817799e-11
5263,7.241251260412527e-10,3.800513304152087e-11
5264,7.828481833629833e-10,4.351303460543759e-11
5265,8.152905485419339e-10,4.6293899874847035e-11
5266,8.059550879468766e-10,4.4703281879843117e-11
5267,7.655840193704963e-10,4.041759893226857e-11
5268,7.139121798429892e-10,3.5714810408637236e-11
5269,6.492826253200123e-10,3.022758212914683e-11
5270,5.762564602132483e-10,2.4469255078854443e-11
5271,5.218135218057621e-10,2.0726350883180316e-11
5272,5.028723179079185e-10,1.961628782717005e-11
5273,5.304463593687476e-10,2.1738847731159714e-11
5274,5.880086787096742e-10,2.6024221123509554e-11
5275,6.626102951763592e-10,3.194430414121273e-11
5276,7.531014668758935e-10,3.959943827011195e-11
5277,8.635942923901234e-10,4.946327023083123e-11
5278,9.89325252133027e-10,6.195262751292842e-11
5279,1.0697870278178947e-09,7.09770854909955e-11
5280,1.063197825868014e-09,7.118891672663566e-11
5281,1.043372785360197e-09,7.10487665107495e-11
5282,1.0487197564053976e-09,7.318916308864331e-11
5283,1.071875531382318e-09,7.639283322434178e-11
5284,1.0634813199768427e-09,7.555034804738741e-11
5285,1.0289949357819534e-09,7.160328011704598e-11
5286,1.0355969124322428e-09,7.135849311396878e-11
5287,1.1176163268107292e-09,7.890333058289379e-11
5288,1.2244361229410202e-09,9.04269370520367e-11
5289,1.275225212336116e-09,9.73827209051751e-11
5290,1.306484206692929e-09,1.0357640071985292e-10
5291,1.3893467781136333e-09,1.1603227484348121e-10
5292,1.517717914510176e-09,1.3396410102708523e-10
5293,1.6090073939838383e-09,1.4746197822245554e-10
5294,1.626747061403941e-09,1.5073264707802202e-10
5295,1.6205851631845726e-09,1.4814219967357304e-10
5296,1.6840134301923011e-09,1.5448920305469162e-10
5297,1.7585241274289949e-09,1.6255474522809724e-10
5298,1.7220255233477904e-09,1.5628035281183191e-10
5299,1.6182780761676462e-09,1.4403441213673105e-10
5300,1.5098103774392604e-09,1.3095461003509278e-10
5301,1.4082487990041097e-09,1.1692497505224913e-10
5302,1.2842865943903192e-09,1.0107083806335078e-10
5303,1.1140012311260633e-09,8.071801802194458e-11
5304,9.740771000481402e-10,6.457496066217644e-11
5305,9.046857851566459e-10,5.615618561014625e-11
5306,8.710518663613415e-10,5.172010222114543e-11
5307,8.172815234910369e-10,4.607269995928159e-11
5308,7.487734617013466e-10,3.9901570759102873e-11
5309,7.030369932953389e-10,3.606031804163621e-11
5310,6.970726504326798e-10,3.5887230027878406e-11
5311,6.994785354185743e-10,3.68559771151119e-11
5312,6.805305301853648e-10,3.6099059301053324e-11
5313,6.590296233398303e-10,3.466675788680047e-11
5314,6.614135239168909e-10,3.452487315997213e-11
5315,6.764282694787715e-10,3.476440105540515e-11
5316,6.78759081242662e-10,3.3969680138262525e-11
5317,6.662641530794752e-10,3.247304821204346e-11
5318,6.562369709518009e-10,3.137404804576304e-11
5319,6.565679655727642e-10,3.118248001641133e-11
5320,6.435008931182593e-10,3.019693867960483e-11
5321,5.984761869409135e-10,2.687366831094946e-11
5322,5.52271144310139e-10,2.357177529267506e-11
5323,5.277209541196957e-10,2.1701797503430677e-11
5324,5.23448396737262e-10,2.1118030636175378e-11
5325,5.212272957863177e-10,2.0704111285850195e-11
5326,5.040237505167292e-10,1.9238893356342616e-11
5327,5.028461834976861e-10,1.8981519118126377e-11
5328,5.328167861597915e-10,2.0832755630867658e-11
5329,5.82219155093621e-10,2.431517868045696e-11
5330,6.242108276013508e-10,2.787283514165091e-11
5331,6.562072323150587e-10,3.1221878919641797e-11
5332,7.061503666578072e-10,3.612866986248909e-11
5333,7.84663806740565e-10,4.335226065733357e-11
5334,8.571211897167665e-10,5.0151721708353e-11
5335,8.991229696338645e-10,5.4720049277853834e-11
5336,9.197086852048828e-10,5.7375316037478207e-11
5337,9.610210293507274e-10,6.225874680570778e-11
5338,9.970249993812396e-10,6.635244438614688e-11
5339,9.841749677278721e-10,6.547628766049428e-11
5340,9.58897919165229e-10,6.410699492689396e-11
5341,9.6356612979291e-10,6.52493557955433e-11
5342,1.0024796215319265e-09,6.911018165769181e-11
5343,1.0491952057952631e-09,7.418608226920773e-11
5344,1.0884169130593953e-09,7.87078596201479e-11
5345,1.1681307689185864e-09,8.77336429054175e-11
5346,1.3022770684501553e-09,1.0316818926747658e-10
5347,1.454114284458332e-09,1.2291476609790809e-10
5348,1.5852085377225326e-09,1.4319103800474284e-10
5349,1.6993185708317335e-09,1.6170187671495864e-10
5350,1.7941926582873493e-09,1.7547936956011317e-10
5351,1.8354735377751862e-09,1.8087855619879427e-10
5352,1.7758559454344703e-09,1.7115637901714078e-10
5353,1.6892113852373515e-09,1.5736454994503728e-10
5354,1.6701105910936e-09,1.533995942990802e-10
5355,1.6661304876561058e-09,1.5091781495032886e-10
5356,1.6083165286310179e-09,1.425443117658215e-10
5357,1.4779233383263834e-09,1.2590094909996193e-10
5358,1.3494457485253336e-09,1.1005671534570563e-10
5359,1.2532490633146684e-09,9.779443812677549e-11
5360,1.1537817412979684e-09,8.512475082859065e-11
5361,1.024698894258597e-09,6.977705647950874e-11
5362,9.042628951928544e-10,5.641299069527575e-11
5363,8.29873879068984e-10,4.84227965459134e-11
5364,7.95070632295411e-10,4.481721750483704e-11
5365,7.653736868427608e-10,4.219556462556013e-11
5366,7.393442372060662e-10,4.018538572039351e-11
5367,7.375746213807314e-10,3.99981778048074e-11
5368,7.614091499556761e-10,4.1676302960544374e-11
5369,7.867927927920693e-10,4.371851929776052e-11
5370,7.937601504626426e-10,4.446300816371805e-11
5371,8.002015324423869e-10,4.511030768153472e-11
5372,8.187866024700906e-10,4.6494229610752234e-11
5373,8.278816086151839e-10,4.679438060620539e-11
5374,7.958842423746256e-10,4.35011231133837e-11
5375,7.331508154671421e-10,3.793154541154359e-11
5376,6.690497109191714e-10,3.234820679222205e-11
5377,6.293869758624019e-10,2.8984631282918666e-11
5378,6.015012875590661e-10,2.6758670628974293e-11
5379,5.871909702401258e-10,2.5592462283561038e-11
5380,5.847434795957392e-10,2.5140269882530873e-11
5381,5.823979880108839e-10,2.4669784138365653e-11
5382,5.698524411774107e-10,2.3687120344227547e-11
5383,5.485903460140346e-10,2.2189296587284012e-11
5384,5.422189983195735e-10,2.1756294353396083e-11
5385,5.513861383135607e-10,2.224331352854201e-11
5386,5.663769422839718e-10,2.335720195315677e-11
5387,5.845297845868325e-10,2.514398691062792e-11
5388,6.351810215079956e-10,2.982882823948819e-11
5389,7.226354884739772e-10,3.762224878492654e-11
5390,8.233250104706159e-10,4.711416099766834e-11
5391,9.159909713350745e-10,5.7411167050945744e-11
5392,1.0098134149271006e-09,6.93267263108038e-11
5393,1.1271284006461262e-09,8.45247447070442e-11
5394,1.2213314478481455e-09,9.731585143241683e-11
5395,1.2057213284718378e-09,9.607635009517572e-11
5396,1.1166087607606182e-09,8.538595679995384e-11
5397,1.0612245478156362e-09,7.862767229422626e-11
5398,1.0821850597008827e-09,8.031787720824981e-11
5399,1.1134016979268275e-09,8.292833757758241e-11
5400,1.1261564763644922e-09,8.466848825298333e-11
5401,1.1368662828530311e-09,8.563538233568607e-11
5402,1.2462047948944413e-09,9.809718037945975e-11
5403,1.4438082846090251e-09,1.223639403175213e-10
5404,1.6260036234516011e-09,1.4791332095364178e-10
5405,1.7494692545566164e-09,1.696656625607389e-10
5406,1.8841707794827456e-09,1.941679633510849e-10
5407,2.050213185164231e-09,2.2041519588207255e-10
5408,2.1399768489395897e-09,2.3260481071120692e-10
5409,2.048598699518688e-09,2.1704306757784527e-10
5410,1.887688844466036e-09,1.9174429063834896e-10
5411,1.8060524572447511e-09,1.7694478331214905e-10
5412,1.7797605835729256e-09,1.687377891463009e-10
5413,1.6573641480206542e-09,1.4842408267466304e-10
5414,1.4469845205757539e-09,1.200569984317248e-10
5415,1.2470165786942933e-09,9.456152545062065e-11
5416,1.1326225092420908e-09,8.032436328852728e-11
5417,1.048166672177412e-09,7.06502039216503e-11
5418,9.42683135932791e-10,5.977319271073926e-11
5419,8.44417586379822e-10,5.007854066483262e-11
5420,8.097770681470088e-10,4.67570508587002e-11
5421,8.372793223891779e-10,4.936736547574209e-11
5422,8.668344200475769e-10,5.191275250112341e-11
5423,8.534275814530808e-10,4.99739526298116e-11
5424,8.156134213002581e-10,4.577826608976304e-11
5425,7.769508790784823e-10,4.1733474186463903e-11
5426,7.443978669473445e-10,3.878016809129146e-11
5427,7.085663302491613e-10,3.5989078692305835e-11
5428,6.775499623429778e-10,3.3815206817160474e-11
5429,6.65140198347649e-10,3.294495477615949e-11
5430,6.617797770330627e-10,3.2312351552082244e-11
5431,6.494537480008874e-10,3.079658208611488e-11
5432,6.325542381665396e-10,2.9177700481682153e-11
5433,6.343816566781607e-10,2.9190932878330405e-11
5434,6.590455972435073e-10,3.101013965456067e-11
5435,6.781583454743427e-10,3.247631905990051e-11
5436,6.553156490351806e-10,3.073515461631937e-11
5437,6.123002015538918e-10,2.7652234582907376e-11
5438,5.788353289066265e-10,2.5158090703892734e-11
5439,5.598429715875294e-10,2.355328731098158e-11
5440,5.313656114141217e-10,2.1188483848968656e-11
5441,5.018685397469344e-10,1.8977633874736543e-11
5442,4.991385031900407e-10,1.8701459544385242e-11
5443,5.386052494551438e-10,2.1449761595425713e-11
5444,5.933871773954745e-10,2.5723630739045456e-11
5445,6.380077758929529e-10,2.9927491030084455e-11
5446,6.720431168105707e-10,3.344656263875317e-11
5447,7.467605693135856e-10,4.073471485310752e-11
5448,8.511429594433847e-10,5.1137544781945835e-11
5449,9.265589127678493e-10,5.915596565893665e-11
5450,9.693539046323247e-10,6.473195389066326e-11
5451,1.0158638502927883e-09,7.036319637069599e-11
5452,1.0959800302266286e-09,7.864145038922859e-11
5453,1.151764091691404e-09,8.401104759643059e-11
5454,1.1120704437023253e-09,7.937685288879524e-11
5455,1.0211965729493683e-09,6.978608913657347e-11
5456,9.794327123025551e-10,6.563040079677649e-11
5457,1.0241490291647021e-09,7.085265105883005e-11
5458,1.1008951231720172e-09,8.007158799192214e-11
5459,1.1775869580474774e-09,9.047757476634272e-11
5460,1.2759119948866542e-09,1.0409013647141081e-10
5461,1.4673283240648045e-09,1.303690940704999e-10
5462,1.695342410340065e-09,1.6228291251983202e-10
5463,1.880602258450349e-09,1.9012055961907381e-10
5464,1.960764380921205e-09,2.0329495762240692e-10
5465,1.96564746866223e-09,2.0339823816048609e-10
5466,1.9113113252677254e-09,1.9229205816283275e-10
5467,1.8001559780179985e-09,1.7384382378967467e-10
5468,1.6409487282493024e-09,1.5073326368934048e-10
5469,1.4631635691419012e-09,1.2510784472965193e-10
5470,1.3292100137757476e-09,1.0644972095796901e-10
5471,1.2182982395436929e-09,9.165439835757066e-11
5472,1.1113357436900664e-09,7.82484612632507e-11
5473,1.0193685438582722e-09,6.75109693755925e-11
5474,9.480060842648752e-10,5.94835386222295e-11
5475,9.230412584885673e-10,5.696010161175517e-11
5476,9.3507492727796e-10,5.839686985477829e-11
5477,9.450529785179653e-10,5.931716733110323e-11
5478,9.213904634759692e-10,5.693127468022716e-11
5479,8.823591258144561e-10,5.357097263547845e-11
5480,8.543511441027605e-10,5.095707998610881e-11
5481,8.456159361404138e-10,4.9654994231142276e-11
5482,8.359291038378623e-10,4.83544508392087e-11
5483,8.038380008189121e-10,4.5102757422214633e-11
5484,7.681063166497398e-10,4.15403248270069e-11
5485,7.401439358350441e-10,3.859145007555149e-11
5486,7.277392675829018e-10,3.738206741447684e-11
5487,7.110643648342604e-10,3.599295788868221e-11
5488,6.805025297764591e-10,3.3292774763716564e-11
5489,6.370624688105254e-10,2.957546995879222e-11
5490,5.926206862879445e-10,2.6034986014436116e-11
5491,5.514498771956492e-10,2.2841799175021873e-11
5492,5.415063184270467e-10,2.2015915211912977e-11
5493,5.500813024361027e-10,2.2392442746534685e-11
5494,5.527549397061639e-10,2.2333057674228057e-11
5495,5.402607491776618e-10,2.140180362135056e-11
5496,5.203941222220839e-10,1.999235524736051e-11
5497,5.097705181706812e-10,1.9096947526736454e-11
5498,5.179694263034523e-10,1.9578194741099005e-11
5499,5.338771697976605e-10,2.0796113711916743e-11
5500,5.567943952327113e-10,2.2785500854255e-11
5501,6.009243847440534e-10,2.6781407274625458e-11
5502,6.676810722602373e-10,3.3038015615255196e-11
5503,7.442008937523522e-10,4.0597436561509296e-11
5504,7.904493585903234e-10,4.526673314086884e-11
5505,7.917271392487647e-10,4.543869621504286e-11
5506,7.857944657582359e-10,4.5150311889997076e-11
5507,7.865677672444968e-10,4.535744177735469e-11
5508,8.007296656984014e-10,4.6993315678115375e-11
5509,8.056268443662272e-10,4.797834427290913e-11
5510,7.979741145777507e-10,4.753349056745697e-11
5511,8.110533221959937e-10,4.888527492965881e-11
5512,8.718496359174737e-10,5.500495312798383e-11
5513,9.53550845126164e-10,6.338661482220593e-11
5514,1.035343460790503e-09,7.276723307645733e-11
5515,1.1209703435640383e-09,8.343838461409877e-11
5516,1.2351726341833091e-09,9.730261209927495e-11
5517,1.3705074473246918e-09,1.1371838652663461e-10
5518,1.4565541540078127e-09,1.2496651838847767e-10
5519,1.4619668913904508e-09,1.2773623675640985e-10
5520,1.461095811997616e-09,1.3092666110331585e-10
5521,1.500625036285143e-09,1.3860704911603196e-10
5522,1.5413199054901387e-09,1.4460968825067784e-10
5523,1.5369692337759817e-09,1.4358272167037214e-10
5524,1.4778049488688805e-09,1.3328949191814048e-10
5525,1.4338292600771638e-09,1.2438345293214013e-10
5526,1.4337657021793394e-09,1.2193817203471263e-10
5527,1.4168929750375314e-09,1.1774045439414256e-10
5528,1.3464208625852935e-09,1.0725037195547015e-10
5529,1.239066231040323e-09,9.329307383685788e-11
5530,1.1409590662454321e-09,8.163657069376315e-11
5531,1.0924161127865187e-09,7.681338757874804e-11
5532,1.0624055543786407e-09,7.388496413617554e-11
5533,1.0303998258758844e-09,7.029690303402877e-11
5534,9.969699925682056e-10,6.63411599891683e-11
5535,9.710306604471819e-10,6.276387659270146e-11
5536,9.601001267151475e-10,6.078133912300525e-11
5537,9.596612946244299e-10,6.048643833855965e-11
5538,9.615482406602058e-10,6.072859468572257e-11
5539,9.468479044889928e-10,5.904735307500077e-11
5540,9.095037686371753e-10,5.523492443167026e-11
5541,8.523147829194855e-10,4.975230894181226e-11
5542,7.894644642461848e-10,4.375086753596127e-11
5543,7.540617695526897e-10,4.045956672233315e-11
5544,7.407081066677516e-10,3.9062419462662705e-11
5545,7.292492104075569e-10,3.764286344580479e-11
5546,7.022396466497004e-10,3.477562062082456e-11
5547,6.812869110625707e-10,3.274076946498745e-11
5548,6.643359457352317e-10,3.1068109619196674e-11
5549,6.526952439829818e-10,3.0039250377051393e-11
5550,6.312608976544188e-10,2.837491770595522e-11
5551,6.141287752758507e-10,2.722028337303228e-11
5552,6.207679215568648e-10,2.7871726282274164e-11
5553,6.373220998129256e-10,2.9021691291134234e-11
5554,6.465390310636588e-10,2.968067524041327e-11
5555,6.267533505992783e-10,2.8064380508995234e-11
5556,6.027885594263812e-10,2.61134561080748e-11
5557,6.212036873076486e-10,2.7595723445535084e-11
5558,6.779023482492911e-10,3.23779508330659e-11
5559,7.321452947280644e-10,3.76406093952831e-11
5560,7.468507861593811e-10,4.0118426872152234e-11
5561,7.244097170911683e-10,3.89409760268345e-11
5562,6.953859596753414e-10,3.611478932060827e-11
5563,6.736365008286906e-10,3.358906556003905e-11
5564,6.671637057566742e-10,3.28306896186719e-11
5565,6.68164016514278e-10,3.306172413810191e-11
5566,6.744860149180567e-10,3.375109356537253e-11
5567,7.101569315169308e-10,3.726384219567018e-11
5568,7.759539522834914e-10,4.361639072858668e-11
5569,8.815712603433056e-10,5.42920560558979e-11
5570,1.0246318201762652e-09,7.007630726613882e-11
5571,1.1644008527526148e-09,8.72087653896616e-11
5572,1.2931853706957613e-09,1.0518334664171263e-10
5573,1.423243381374782e-09,1.2412410331856158e-10
5574,1.5256665119553581e-09,1.373207214807382e-10
5575,1.5463482035949158e-09,1.38463853668844e-10
5576,1.5036091472875593e-09,1.333396075957036e-10
5577,1.4732832527407839e-09,1.3143409818903812e-10
5578,1.492408245574017e-09,1.358289305006118e-10
5579,1.5127003731118888e-09,1.4066877157355322e-10
5580,1.4533798551529077e-09,1.3419695461527172e-10
5581,1.367303514838546e-09,1.225532028600166e-10
5582,1.358128506630132e-09,1.1879366422913247e-10
5583,1.437806475418461e-09,1.2578379377280728e-10
5584,1.4861487591563338e-09,1.2949894759270416e-10
5585,1.4542817869446839e-09,1.2481263352636963e-10
5586,1.4032032032178683e-09,1.1795340030382966e-10
5587,1.4442570698547859e-09,1.229296988957398e-10
5588,1.530776106577407e-09,1.338148278877539e-10
5589,1.563928310980516e-09,1.3876399992340365e-10
5590,1.5028413765123796e-09,1.311563125123137e-10
5591,1.4161358585010081e-09,1.189909640715639e-10
5592,1.3520882902422196e-09,1.0907305807275216e-10
5593,1.281958953785695e-09,9.898211529139772e-11
5594,1.17443799585009e-09,8.562374979710848e-11
5595,1.0600727612843205e-09,7.256114077487423e-11
5596,9.80823275101231e-10,6.374733183329446e-11
5597,9.365268175719531e-10,5.88068788783574e-11
5598,8.928429255006636e-10,5.402727155781214e-11
5599,8.378676403183284e-10,4.8200248941280045e-11
5600,7.99751024299895e-10,4.415199318499573e-11
5601,7.763020807360969e-10,4.127086458943307e-11
5602,7.492718421025241e-10,3.829166361128503e-11
5603,6.886773310040694e-10,3.2962527110252235e-11
5604,6.198254315976761e-10,2.7603428533037017e-11
5605,5.770306333164693e-10,2.448202915145672e-11
5606,5.70516390062446e-10,2.402665918681554e-11
5607,5.65092080005833e-10,2.352769506655139e-11
5608,5.457248263061529e-10,2.2141180674021766e-11
5609,5.234716387648296e-10,2.0540528139208893e-11
5610,5.2905769824475e-10,2.0750126871871056e-11
5611,5.578403845592596e-10,2.2450493373112282e-11
5612,5.913149405382062e-10,2.4803874700278823e-11
5613,6.193710569726088e-10,2.7187871893081162e-11
5614,6.488892521375388e-10,2.98189435661855e-11
5615,6.830275740318959e-10,3.2870855338176064e-11
5616,7.029034407201312e-10,3.494349452189359e-11
5617,7.028837474947172e-10,3.545468056172564e-11
5618,6.940696240010541e-10,3.476672574852621e-11
5619,6.941313130871929e-10,3.448128062370563e-11
5620,7.039349383265078e-10,3.510187721087535e-11
5621,7.166173360719595e-10,3.615149318391905e-11
5622,7.262510795676862e-10,3.680940859678451e-11
5623,7.409338782455992e-10,3.8029971480125477e-11
5624,7.520244367716585e-10,3.912141324265286e-11
5625,7.518574619265264e-10,3.9350384752116906e-11
5626,7.619952407598801e-10,4.0750825204828285e-11
5627,7.915154860151784e-10,4.389738404227535e-11
5628,8.531786659346351e-10,5.0267265186323056e-11
5629,9.281627098470863e-10,5.8153530304725663e-11
5630,9.934364724266636e-10,6.511757800004526e-11
5631,1.0494254283494917e-09,7.111310929766687e-11
5632,1.0822318759925573e-09,7.409181111171452e-11
5633,1.088396062019841e-09,7.424925126592627e-11
5634,1.0540423068191332e-09,7.061635414890763e-11
5635,1.0038245771177122e-09,6.648853800650212e-11
5636,9.880589822872384e-10,6.75249421006412e-11
5637,1.0092389256313202e-09,7.290615986155374e-11
5638,1.0311170548629232e-09,7.776610793258034e-11
5639,1.029733449234424e-09,7.892799225834731e-11
5640,1.0477332746680864e-09,8.094983400484304e-11
5641,1.1294858461243808e-09,8.890907182392852e-11
5642,1.2660933279537223e-09,1.0307214660837189e-10
5643,1.394001912316671e-09,1.1755226072401553e-10
5644,1.4505714086679825e-09,1.2375375255358947e-10
5645,1.471240669170449e-09,1.257657713687233e-10
5646,1.455760929328768e-09,1.226027400084048e-10
5647,1.3575437592482203e-09,1.0887420714145093e-10
5648,1.1846914941599366e-09,8.774839810568398e-11
5649,1.016535039612945e-09,6.863274991798205e-11
5650,8.979932890837249e-10,5.5169080261047054e-11
5651,8.192937138366994e-10,4.634226899197238e-11
5652,7.484052868680316e-10,3.9266507368659274e-11
5653,6.946890462582473e-10,3.455242694372995e-11
5654,6.859513690760801e-10,3.39282448954373e-11
5655,7.139420599366896e-10,3.6327699191335285e-11
5656,7.291857217512831e-10,3.751960892321801e-11
5657,7.094486329014843e-10,3.5646747680400234e-11
5658,6.797637941427709e-10,3.285818552866312e-11
5659,6.557629955828822e-10,3.0426031989547845e-11
5660,6.189135722630754e-10,2.7130579475206204e-11
5661,5.461254644087211e-10,2.161183086638645e-11
5662,4.673452919205787e-10,1.624816308357274e-11
5663,4.107390594224379e-10,1.2672994983897925e-11
5664,3.913826138340491e-10,1.1512248346247516e-11
5665,3.8847500709732913e-10,1.1363379021897843e-11
5666,3.90492828846547e-10,1.1556244084422683e-11
5667,3.9600486516159504e-10,1.1953558080604602e-11
5668,4.1984761995550094e-10,1.3467527423774354e-11
5669,4.737496453899648e-10,1.699226175761962e-11
5670,5.41757632930648e-10,2.164987242673058e-11
5671,6.174819564810051e-10,2.732730863788385e-11
5672,6.766977029071397e-10,3.210703282119484e-11
5673,7.095239247279497e-10,3.49289375243842e-11
5674,7.223348596602768e-10,3.61939383137352e-11
5675,7.147028373607882e-10,3.567760565890739e-11
5676,6.953837449628106e-10,3.412821027706458e-11
5677,6.804125252885854e-10,3.2967724673192555e-11
5678,6.705615209010865e-10,3.210763603161643e-11
5679,6.570708477310512e-10,3.073931499199631e-11
5680,6.438500835262059e-10,2.9498552467566884e-11
5681,6.579096278898164e-10,3.0786894894678293e-11
5682,7.209252201292911e-10,3.645682577750867e-11
5683,8.060743182161584e-10,4.428250774286893e-11
5684,8.750210519909066e-10,5.1372247190510646e-11
5685,9.146517596537267e-10,5.606107183724394e-11
5686,9.693594078691258e-10,6.218732464205913e-11
5687,1.0369801992259287e-09,6.925670443603169e-11
5688,1.0571357324798514e-09,7.132958754542838e-11
5689,9.887858337735683e-10,6.426769457550587e-11
5690,8.981592626589372e-10,5.5381722577661186e-11
5691,8.405829518350328e-10,4.962378903231754e-11
5692,8.135782804290221e-10,4.724883034261823e-11
5693,7.694495601966452e-10,4.4457857737125225e-11
5694,7.388837603386185e-10,4.439146206213392e-11
5695,7.717221487069985e-10,5.048431713137238e-11
5696,8.470483729914677e-10,5.953377334378654e-11
5697,9.076148856228e-10,6.613162116475226e-11
5698,9.301050706676576e-10,6.89240654604277e-11
5699,9.837526444838963e-10,7.542435551781158e-11
5700,1.11594958852346e-09,9.051576315861507e-11
5701,1.2223278771708437e-09,1.0183444437789337e-10
5702,1.1857533220044715e-09,9.62853889854405e-11
5703,1.0691830162252333e-09,8.168380268446412e-11
5704,9.995866362823037e-10,7.177287268761112e-11
5705,9.861233294407945e-10,6.805848876365644e-11
5706,9.345052529961256e-10,6.152541022832831e-11
5707,8.255700456698179e-10,5.0553183968622085e-11
5708,7.538437400497819e-10,4.3704425751082255e-11
5709,7.569832798853631e-10,4.33776647709988e-11
5710,7.809035288052495e-10,4.535853239142085e-11
5711,7.686594230352494e-10,4.543359851775839e-11
5712,7.39988368661819e-10,4.417268682526357e-11
5713,7.476798564159853e-10,4.47562477599783e-11
5714,7.727480358468739e-10,4.5559196769757886e-11
5715,7.475102003932135e-10,4.1647697079868794e-11
5716,6.834526481761547e-10,3.5334650836082477e-11
5717,6.387497346901434e-10,3.105155895434337e-11
5718,6.156600984327069e-10,2.8402275085215024e-11
5719,5.602588839825594e-10,2.368563010284132e-11
5720,4.678208000455825e-10,1.724200754019311e-11
5721,4.031686810931064e-10,1.3167424224221195e-11
5722,4.116746259460347e-10,1.3538643156616188e-11
5723,4.656861866690035e-10,1.6788866398117595e-11
5724,4.961385213731669e-10,1.8947132457799936e-11
5725,4.929516064345601e-10,1.9177036694360138e-11
5726,5.167294886026832e-10,2.1123097214947604e-11
5727,5.968203691360389e-10,2.6718201128704875e-11
5728,6.944778526740654e-10,3.4178100206183764e-11
5729,7.332444564313632e-10,3.763501426950515e-11
5730,7.182284554159428e-10,3.6549131688540684e-11
5731,7.25057656272187e-10,3.7050691507042137e-11
5732,7.567047916641745e-10,3.945020907898368e-11
5733,7.562510438313384e-10,3.923333006724191e-11
5734,7.054333021634798e-10,3.495985489971899e-11
5735,6.790736747438107e-10,3.3053916317157245e-11
5736,7.212350047145683e-10,3.6657644768295366e-11
5737,8.224789170602558e-10,4.583858679734822e-11
5738,9.0384697892813e-10,5.412995720246058e-11
5739,9.371185332467412e-10,5.825911613288193e-11
5740,9.855639939702968e-10,6.40973103810493e-11
5741,1.1036892819284968e-09,7.748353657449229e-11
5742,1.2331865051681369e-09,9.286291244889128e-11
5743,1.2888194392562096e-09,1.0131115546340054e-10
5744,1.2746896438565647e-09,1.0185084141297917e-10
5745,1.2709570399741694e-09,1.021293625734785e-10
5746,1.3017173103780231e-09,1.0480936051224562e-10
5747,1.2931165146908357e-09,1.0220375953216035e-10
5748,1.2113923749415562e-09,9.162806892058986e-11
5749,1.1056588669274978e-09,7.879709421290557e-11
5750,1.060084834627008e-09,7.350203854862217e-11
5751,1.0563123976615194e-09,7.335257453750461e-11
5752,1.0341995150859952e-09,7.202422080593657e-11
5753,9.903825355454339e-10,6.8902083281189e-11
5754,9.617267359818874e-10,6.670113528186949e-11
5755,9.783725041116985e-10,6.862426495677479e-11
5756,1.0043329423714688e-09,7.121051694403651e-11
5757,1.0071759073566197e-09,7.163397335542659e-11
5758,1.0031424496754963e-09,7.131432691542574e-11
5759,9.954322552541861e-10,6.913886663527718e-11
5760,9.511859806601114e-10,6.233265710077488e-11
5761,8.694077813512032e-10,5.321369870499638e-11
5762,7.819587723313997e-10,4.48972580537295e-11
5763,7.377449808002515e-10,4.098050407725092e-11
5764,7.181938724373582e-10,3.9265471340146245e-11
5765,6.893977214285718e-10,3.689356867764294e-11
5766,6.492684830132414e-10,3.3413118600149017e-11
5767,6.369555823203557e-10,3.2020951342068615e-11
5768,6.702070658896793e-10,3.462136094371254e-11
5769,7.065844151853078e-10,3.830066077543467e-11
5770,7.078466290868928e-10,3.983775111503299e-11
5771,6.957634179614891e-10,4.032222026350585e-11
5772,7.124069443054036e-10,4.2518581253027415e-11
5773,7.408135428066907e-10,4.4744390078578823e-11
5774,7.369179046059401e-10,4.408320565834426e-11
5775,6.891292474126852e-10,3.964010998579995e-11
5776,6.384379779182132e-10,3.4608586444876353e-11
5777,6.160460777686861e-10,3.1387049677192156e-11
5778,5.954020262319884e-10,2.7955568866948536e-11
5779,5.562745768843497e-10,2.3723313324581187e-11
5780,5.33795711093901e-10,2.1807959271413247e-11
5781,5.578401769482986e-10,2.3733871588440442e-11
5782,6.204722969975301e-10,2.8901750598244404e-11
5783,6.699584074888512e-10,3.3440710590612495e-11
5784,6.691708180669943e-10,3.340820104621551e-11
5785,6.784808988124971e-10,3.385447701133884e-11
5786,7.482676487492042e-10,3.933502216245035e-11
5787,8.368313651660029e-10,4.6737923209620836e-11
5788,8.697804731885733e-10,5.003666161933303e-11
5789,8.491504276120167e-10,4.9066261231541403e-11
5790,8.254820089944173e-10,4.692194759678136e-11
5791,8.148876309061427e-10,4.528732427192839e-11
5792,7.759266083991105e-10,4.162412368172748e-11
5793,7.132921540492247e-10,3.676370636384469e-11
5794,6.969781845004064e-10,3.607655449428829e-11
5795,7.595171100451244e-10,4.1855618305642256e-11
5796,8.271042530591621e-10,4.746112249353603e-11
5797,8.457298361990374e-10,4.911565023191686e-11
5798,8.483034039852585e-10,4.989426481847498e-11
5799,9.107015614275253e-10,5.657537345934867e-11
5800,1.0342950333088792e-09,7.038475284841954e-11
5801,1.117326954223368e-09,8.125772241123999e-11
5802,1.1230719697048035e-09,8.385072009562128e-11
5803,1.1235748755699638e-09,8.464630319823328e-11
5804,1.1821808174419519e-09,9.068449919900868e-11
5805,1.230461061928053e-09,9.513192027618124e-11
5806,1.1930362121884173e-09,9.094131490870582e-11
5807,1.0950037576888049e-09,8.004217924875848e-11
5808,1.0056826917669568e-09,6.900872252099303e-11
5809,9.201977862136217e-10,5.838388633254034e-11
5810,8.05306216877217e-10,4.650152881722643e-11
5811,7.047106512637607e-10,3.785527439463534e-11
5812,6.658775045348721e-10,3.4973449267115707e-11
5813,6.816854015907392e-10,3.6304873287459114e-11
5814,6.995813726198313e-10,3.765902736312115e-11
5815,6.92005829336855e-10,3.6689336041272e-11
5816,6.964463494976785e-10,3.627122421033795e-11
5817,7.267272259992248e-10,3.760874659152458e-11
5818,7.38697998169906e-10,3.78537683888156e-11
5819,6.759447210403895e-10,3.260126187536328e-11
5820,5.797145485887522e-10,2.5344263890383508e-11
5821,5.208679185592847e-10,2.131350528506374e-11
5822,4.862543686431689e-10,1.895785675088562e-11
5823,4.3496183888306323e-10,1.5775955644902932e-11
5824,3.702441666968427e-10,1.2386534364831256e-11
5825,3.30321131103104e-10,1.0702833293291076e-11
5826,3.36987542555319e-10,1.152615862435604e-11
5827,3.615606592672027e-10,1.3183790514662349e-11
5828,3.7317236477873834e-10,1.4076766615836333e-11
5829,3.8999873158567176e-10,1.535859878293387e-11
5830,4.4477077044250996e-10,1.9087757249678548e-11
5831,5.315327694442788e-10,2.5305460353845536e-11
5832,5.801992801913113e-10,2.9083703518616592e-11
5833,5.55665321615236e-10,2.7043492831376425e-11
5834,5.248836718578849e-10,2.4181658885336332e-11
5835,5.322749781597775e-10,2.382219941382971e-11
5836,5.679199425755779e-10,2.5963064239518613e-11
5837,5.815391003300689e-10,2.7284693408501772e-11
5838,5.851414560094524e-10,2.855499571358975e-11
5839,6.240272418215011e-10,3.237940875105531e-11
5840,6.849164858320449e-10,3.7184291369995506e-11
5841,7.138823099508664e-10,3.9160007373343143e-11
5842,7.068666222187301e-10,3.868974854330314e-11
5843,7.186145848371024e-10,3.9894143989212736e-11
5844,7.838452832143887e-10,4.54018946999876e-11
5845,8.220642545178746e-10,4.7731838633862294e-11
5846,7.637730863313158e-10,4.142492314849163e-11
5847,6.911599788576614e-10,3.5009288295893775e-11
5848,6.724258271533308e-10,3.311261656262177e-11
5849,6.933276456879029e-10,3.465260370067399e-11
5850,6.792972169540425e-10,3.435645091866801e-11
5851,6.377840941190444e-10,3.236419379215203e-11
5852,6.300669745040515e-10,3.2077598952804665e-11
5853,6.784449557343965e-10,3.53939646213448e-11
5854,7.365417626851642e-10,4.0022827424323277e-11
5855,7.681346355842457e-10,4.355847349808774e-11
5856,8.238046423581697e-10,4.971405416909675e-11
5857,9.56057428020694e-10,6.35141238937648e-11
5858,1.0909140464164625e-09,7.797479330976877e-11
5859,1.1224816877870457e-09,8.177215058201904e-11
5860,1.0694420131203766e-09,7.634590878055449e-11
5861,1.044871040212612e-09,7.369299065376034e-11
5862,1.0511571893281401e-09,7.342772680810135e-11
5863,1.0049342377478867e-09,6.781316664212595e-11
5864,8.829513935597727e-10,5.535212964205073e-11
5865,7.622682386735773e-10,4.3429115435266224e-11
5866,7.278165118422902e-10,3.982267836018176e-11
5867,7.463941108788029e-10,4.155917422552608e-11
5868,7.483719438134775e-10,4.2959549401173186e-11
5869,7.295657980674544e-10,4.327545687196635e-11
5870,7.23251350785046e-10,4.347510263240132e-11
5871,7.442589394840166e-10,4.437905443298752e-11
5872,7.592805135509616e-10,4.405359910157134e-11
5873,7.351259721154652e-10,4.04103979221476e-11
5874,6.876856678357212e-10,3.5235843868053303e-11
5875,6.511980961913538e-10,3.1632746655152455e-11
5876,6.084942762734544e-10,2.794804612802399e-11
5877,5.417333090958083e-10,2.2964116507770475e-11
5878,4.73924320153296e-10,1.8528572110952717e-11
5879,4.4213751976396014e-10,1.698002386478782e-11
5880,4.479276954671756e-10,1.8159805903340908e-11
5881,4.555440957224057e-10,1.98131093310048e-11
5882,4.39560520247211e-10,2.006520679612051e-11
5883,4.1659872895519e-10,1.977868538283684e-11
5884,4.178457420723788e-10,2.0698886674275772e-11
5885,4.3766905740079203e-10,2.261619039013501e-11
5886,4.603027214336007e-10,2.5303890704570625e-11
5887,4.760066833506444e-10,2.765694967727561e-11
5888,4.985205795024904e-10,2.9665042101169934e-11
5889,5.382855150376767e-10,3.1963618528546116e-11
5890,5.739629787139504e-10,3.326661295383238e-11
5891,5.941598829017646e-10,3.3786415600504004e-11
5892,6.292873207157774e-10,3.65449416392227e-11
5893,6.866574585535743e-10,4.1397603793165957e-11
5894,7.335002840518567e-10,4.534232878905239e-11
5895,7.376648629826761e-10,4.5911789324035544e-11
5896,7.107367300441066e-10,4.3510876557298406e-11
5897,7.126057401055386e-10,4.345425209408447e-11
5898,7.588385041637154e-10,4.758916409710967e-11
5899,8.118294343445387e-10,5.2394688787927026e-11
5900,8.320124843720213e-10,5.3571491195782184e-11
5901,8.593301624975473e-10,5.524076856991578e-11
5902,9.321680144060155e-10,6.115310016787016e-11
5903,1.0199469644079703e-09,6.852592222134913e-11
5904,1.0348946599787473e-09,6.912197406456334e-11
5905,9.692876890566736e-10,6.292283213893166e-11
5906,8.760000289981965e-10,5.420851459712898e-11
5907,8.240624557141004e-10,4.9627403497202887e-11
5908,7.958112349899217e-10,4.722847492919895e-11
5909,7.6800858007476e-10,4.4809871721548965e-11
5910,7.415534500078539e-10,4.188294127189581e-11
5911,7.44447992259253e-10,4.113237390676813e-11
5912,7.872488368834674e-10,4.4117013774298794e-11
5913,8.505528165051211e-10,4.9449844076214446e-11
5914,9.159876753784403e-10,5.5822430636711453e-11
5915,9.793459958048329e-10,6.296818912484462e-11
5916,1.0322940873930977e-09,6.963151026507888e-11
5917,1.0400392156957728e-09,7.104889701821593e-11
5918,9.917847617652596e-10,6.612681978847449e-11
5919,9.229544004590735e-10,5.922890973363323e-11
5920,8.745211227840025e-10,5.4262116655212195e-11
5921,8.537115524687537e-10,5.1876230826836073e-11
5922,8.326778293321884e-10,4.966423772829824e-11
5923,8.037717367713456e-10,4.717341472213668e-11
5924,7.723035167926363e-10,4.426822529176572e-11
5925,7.679466066224044e-10,4.392052980057074e-11
5926,7.699243765864472e-10,4.406032580674224e-11
5927,7.537490993352664e-10,4.241535884696713e-11
5928,7.118414661203932e-10,3.834033049999334e-11
5929,6.710771856368932e-10,3.4301538526355874e-11
5930,6.32237723876926e-10,3.0298532305536085e-11
5931,5.800512139241418e-10,2.5545905151864037e-11
5932,5.152338417180862e-10,2.064767610916155e-11
5933,4.665905140938784e-10,1.7563091871128346e-11
5934,4.517730995587766e-10,1.704451938671453e-11
5935,4.613667221968266e-10,1.8443705264710736e-11
5936,4.792375960025326e-10,2.0991988747211066e-11
5937,4.973137901060323e-10,2.4031038712245393e-11
5938,5.213809080541378e-10,2.7740402574127467e-11
5939,5.52291571048422e-10,3.2269991717544075e-11
5940,5.702772511250387e-10,3.5752113064070287e-11
5941,5.712972607601283e-10,3.685478109395332e-11
5942,5.717803958854664e-10,3.653055376262688e-11
5943,5.772789772101578e-10,3.583918934144147e-11
5944,5.793937975815097e-10,3.517450494699909e-11
5945,5.739090606403295e-10,3.483187638752323e-11
5946,5.745978360655626e-10,3.5248244865800546e-11
5947,5.933621252742963e-10,3.608868769110538e-11
5948,6.045586742501647e-10,3.488331859347866e-11
5949,6.016071250803003e-10,3.256256023357112e-11
5950,6.045603044507901e-10,3.1634427846734924e-11
5951,6.509243642064511e-10,3.5369824016350774e-11
5952,7.386987370293818e-10,4.3771486648404425e-11
5953,8.052607518201222e-10,5.0720253660280785e-11
5954,8.129546937780313e-10,5.190228744485232e-11
5955,7.884997121637659e-10,4.919063380648525e-11
5956,8.054007253581015e-10,5.060911802786313e-11
5957,8.711718128769372e-10,5.775418757279704e-11
5958,9.195500236797071e-10,6.383174353331973e-11
5959,9.264060210501571e-10,6.533204608349896e-11
5960,9.193734336895481e-10,6.377139143130186e-11
5961,9.215906649551328e-10,6.11679920912067e-11
5962,9.287998249028666e-10,5.925346666591821e-11
5963,8.925688414341025e-10,5.447362524555316e-11
5964,8.262802759700442e-10,4.8344490612668244e-11
5965,7.65871851400767e-10,4.2966991382465305e-11
5966,7.337381577388697e-10,3.974028359216852e-11
5967,7.172826092964392e-10,3.763882945733372e-11
5968,6.742459093271786e-10,3.3020723990147914e-11
5969,6.571233340089745e-10,3.1554486468205166e-11
5970,6.890682806690054e-10,3.43404372141169e-11
5971,7.740375513479485e-10,4.174375261037894e-11
5972,8.485751299717462e-10,4.844877692718052e-11
5973,8.61546202980671e-10,4.972702968976968e-11
5974,8.439579526017731e-10,4.8221775760251684e-11
5975,8.523378527972951e-10,4.919141053991646e-11
5976,8.714918476384274e-10,5.1296574268991794e-11
5977,8.550626677916149e-10,5.0555767969008745e-11
5978,7.893826724825434e-10,4.51255592081537e-11
5979,7.31306316564052e-10,3.98936623131874e-11
5980,7.145529974886624e-10,3.7953509599108906e-11
5981,7.08535345957442e-10,3.712893299222162e-11
5982,6.867444803978557e-10,3.5756266249010016e-11
5983,6.51635492794987e-10,3.338357782488103e-11
5984,6.192976273004363e-10,3.0362754508539434e-11
5985,5.949218014538264e-10,2.7465950944366154e-11
5986,5.607259071381387e-10,2.4054669761816556e-11
5987,5.197550804963165e-10,2.0764291963621418e-11
5988,4.976417474620975e-10,1.9399127084678637e-11
5989,5.085397495463246e-10,2.0876793184296086e-11
5990,5.256500308406416e-10,2.306074667876564e-11
5991,5.209329278485574e-10,2.33665630301099e-11
5992,4.96399001642722e-10,2.1688008376041023e-11
5993,4.875789668174144e-10,2.127402465064367e-11
5994,5.049309956282695e-10,2.3594452474940012e-11
5995,5.289212720981833e-10,2.8011399710527695e-11
5996,5.412885442075919e-10,3.292922009030405e-11
5997,5.344933678469173e-10,3.502435538325169e-11
5998,5.221890193593107e-10,3.336605753288667e-11
5999,5.112959143901649e-10,3.057172241448167e-11
6000,5.059884712585168e-10,2.943195773358619e-11
