index,t_s,rpm,rev,force_x_N,force_y_N,axial_load_N,moment_x_Nm,moment_y_Nm,Moment_z_Nm,bearing,stress_inner_MPa,stress_outer_MPa,s0_static,L10_basic_rev,L10m_mod_rev,L10r_rev,L10mr_rev,dmg_ISO281_basic,dmg_ISO281_mod,dmg_ISO16281_basic,dmg_ISO16281_mod,shaft_DIN743_SF_inf,shaft_SF_offset_m
0,0.0,0.23037475000000002,0.007679158333333334,4319153.878833419,484861.04453884595,343318.6232307651,13227593.013761679,-29361124.1856578,16344.555450000002,Main Bearing_UW,1733.8427961573286,1679.6768483894086,6.9653249471910526,5622342.5876541035,581355.6015830511,5817281.758571625,599954.0886737857,1.3658289607246128e-09,1.3209055374064899e-08,1.3200595487777912e-09,1.2799576631452444e-08,,
0,0.0,0.23037475000000002,0.007679158333333334,4319153.878833419,484861.04453884595,343318.6232307651,13227593.013761679,-29361124.1856578,16344.555450000002,Main Bearing_DW,1352.0938332102255,1310.654425510754,10.669490622683487,19259392.886653673,2002095.0084100063,31806845.34175548,3297560.9225741383,3.987227623698782e-10,3.835561399971649e-09,2.41430995460976e-10,2.328738881142138e-09,,
1,2.0,0.2775945,0.00925315,4432388.889095257,397781.06755717617,469535.07012339553,10533497.831959028,-26608198.889970373,8094.560499999999,Main Bearing_UW,1687.1211776835833,1634.4241718514745,7.450020152649813,7035649.409930174,766761.3973027025,7373886.233471958,797977.332339678,1.3151806550991621e-09,1.2067834964762885e-08,1.2548539138015965e-09,1.1595755449430709e-08,,
1,2.0,0.2775945,0.00925315,4432388.889095257,397781.06755717617,469535.07012339553,10533497.831959028,-26608198.889970373,8094.560499999999,Main Bearing_DW,1293.9177888384902,1254.4239366626887,12.059276011306531,27649913.977259867,3060233.409627915,46417260.54649321,5097154.2925524,3.346538440448702e-10,3.0236745899473935e-09,1.993471801450176e-10,1.8153560729994077e-09,,
2,4.0,0.2866868,0.009556226666666667,4486358.611275453,449552.5577815804,461674.80399593024,10997600.204758447,-26191543.809636604,-694.9047499999999,Main Bearing_UW,1686.5511252291542,1633.8718816476958,7.456375742526904,7055676.301474786,776195.1963622925,7391253.440646255,806767.2840285107,1.3544026480734687e-09,1.2311628197974903e-08,1.292910159745668e-09,1.1845084519229162e-08,,
2,4.0,0.2866868,0.009556226666666667,4486358.611275453,449552.5577815804,461674.80399593024,10997600.204758447,-26191543.809636604,-694.9047499999999,Main Bearing_DW,1291.264468538894,1251.8513830937059,12.150109945943564,27867044.961116876,3118842.4519643877,47035142.32726876,5218513.047895192,3.4292213903557235e-10,3.0640299450354487e-09,2.0317205803641031e-10,1.8312163980352652e-09,,
3,6.0,0.29448175,0.009816058333333332,4513672.3793777255,321184.5448081916,327955.7663699191,11781398.307070293,-27904517.774625544,1547.1245000000001,Main Bearing_UW,1715.394739742922,1661.8086007327688,7.163904285264331,6174644.344170314,683522.8858983417,6399432.787587472,702675.2644734227,1.5897366368317225e-09,1.4360979765048051e-08,1.533895059007862e-09,1.3969551554784529e-08,,
3,6.0,0.29448175,0.009816058333333332,4513672.3793777255,321184.5448081916,327955.7663699191,11781398.307070293,-27904517.774625544,1547.1245000000001,Main Bearing_DW,1324.5369122136178,1284.0911087093316,11.370616801318494,22089126.413157806,2486922.7272064635,37427064.50468092,4178366.380160455,4.443841802402023e-10,3.9470700982975925e-09,2.6227165991352754e-10,2.3492574466283116e-09,,
4,8.0,0.28049515,0.009349838333333334,4570512.212154195,191575.11864882207,448138.3140613627,4807621.393920652,-26129711.184624176,4733.562650000001,Main Bearing_UW,1668.7401012908085,1616.6329163718017,7.666133518060588,7739281.226734325,846852.3419785937,8118680.09916075,881664.06480822,1.2081016388234545e-09,1.1040694900232884e-08,1.1516451220069445e-09,1.0604762864376372e-08,,
4,8.0,0.28049515,0.009349838333333334,4570512.212154195,191575.11864882207,448138.3140613627,4807621.393920652,-26129711.184624176,4733.562650000001,Main Bearing_DW,1263.6816627186029,1225.1093669224426,13.053221282574755,32285988.075995676,3593151.264788245,55882206.86073514,6166946.244883443,2.895943067105587e-10,2.602127671317046e-09,1.673133338601713e-10,1.5161212635979525e-09,,
5,10.0,0.31896405,0.010632135,4554514.958411137,565844.7555375966,482148.2447881356,14124586.246457534,-22905099.213892933,-3025.355315,Main Bearing_UW,1659.8945030707555,1608.0794665624926,7.752855739668235,8034984.468647906,914423.2560547501,8468079.358643958,953197.7791803479,1.323230311332404e-09,1.1627148510933554e-08,1.2555544828647642e-09,1.115417516933636e-08,,
5,10.0,0.31896405,0.010632135,4554514.958411137,565844.7555375966,482148.2447881356,14124586.246457534,-22905099.213892933,-3025.355315,Main Bearing_DW,1266.4593159512576,1227.8040294397335,12.81764406354176,32920073.69197553,3837655.953238197,55727977.6113201,6415889.780918828,3.2296814094288153e-10,2.7704763349170607e-09,1.907863061917445e-10,1.6571567410058215e-09,,
6,12.0,0.30530335000000003,0.010176778333333334,4523836.580599215,734892.0410452113,309107.8847268921,13346772.95297286,-23724520.677633144,-13492.1895,Main Bearing_UW,1671.2504969566792,1619.0519374001794,7.647586981288567,7677045.521726465,861446.3719145377,8010949.6355902385,890204.3153055159,1.3256113050954937e-09,1.181359474614277e-08,1.2703585462728376e-09,1.1431957988027377e-08,,
6,12.0,0.30530335000000003,0.010176778333333334,4523836.580599215,734892.0410452113,309107.8847268921,13346772.95297286,-23724520.677633144,-13492.1895,Main Bearing_DW,1278.2067280863084,1239.1926593202752,12.678891121171109,29031048.756099313,3323684.762149117,50410932.606635615,5712311.523681601,3.505480776403309e-10,3.0618963775472378e-09,2.0187641464093365e-10,1.7815517047946944e-09,,
7,14.0,0.2724738,0.009082459999999999,4548490.80046454,409299.8813833367,411737.07007844705,11169629.09163861,-24118854.51365489,18323.94885,Main Bearing_UW,1660.2542652191469,1608.474140722738,7.762416891528374,8068062.30152071,875763.5530073735,8470733.357825287,913085.8167265848,1.1257300279260474e-09,1.0370904302663449e-08,1.0722164913395128e-09,9.946994941352438e-09,,
7,14.0,0.2724738,0.009082459999999999,4548490.80046454,409299.8813833367,411737.07007844705,11169629.09163861,-24118854.51365489,18323.94885,Main Bearing_DW,1263.9257941492508,1225.3471215296972,13.009262677246578,32523823.037152864,3583763.3497164426,56026107.95294095,6126083.920631258,2.792556087156437e-10,2.534335868108766e-09,1.6211120728980136e-10,1.4825882435943032e-09,,
8,16.0,0.35048925,0.011682975,4572519.95197139,225515.12203723183,506096.811157132,8506279.965064935,-20432883.78294029,14984.682,Main Bearing_UW,1590.8859734683335,1541.7891687144047,8.637568611074238,11519078.34910394,1360304.0412080388,12273835.64786738,1427294.127346976,1.0142282781598415e-09,8.588502750917917e-09,9.518601466714243e-10,8.185401156043476e-09,,
8,16.0,0.35048925,0.011682975,4572519.95197139,225515.12203723183,506096.811157132,8506279.965064935,-20432883.78294029,14984.682,Main Bearing_DW,1184.6033245446192,1148.4447707234388,15.744750157504079,55424034.33536223,6777415.978230689,97422080.82123664,11695234.184733491,2.107925765437451e-10,1.7238096403594155e-09,1.1992122218614403e-10,9.989517794564991e-10,,
9,18.0,0.41981609999999997,0.013993869999999999,4641253.590626449,622492.9778325168,386004.1910682293,8825325.107696442,-25879474.178018674,-12742.032,Main Bearing_UW,1685.0297206010996,1632.397791417039,7.486843383854498,7152236.3797613345,888315.2175382712,7461030.796901656,910073.4719401035,1.956572637839322e-09,1.575327060002448e-08,1.8755947242318362e-09,1.5376637635824864e-08,,
9,18.0,0.41981609999999997,0.013993869999999999,4641253.590626449,622492.9778325168,386004.1910682293,8825325.107696442,-25879474.178018674,-12742.032,Main Bearing_DW,1279.674546194972,1240.614549912067,12.657496919202318,28591457.916474335,3695125.3191347285,49762427.5226129,6306884.658407133,4.894423376688588e-10,3.787116482229859e-09,2.812135720999733e-10,2.2188244684871548e-09,,
10,20.0,0.30838725,0.010279575,4595460.194841246,636085.5991016135,310433.0953725451,10462339.090187963,-22951657.13198976,-6789.252549999998,Main Bearing_UW,1647.2615697079389,1596.053807174777,7.933159885412006,8674944.846682388,978118.0294436169,9083101.703400949,1013488.2540605923,1.184972951606866e-09,1.0509544544278909e-08,1.131725189882115e-09,1.0142766784730223e-08,,
10,20.0,0.30838725,0.010279575,4595460.194841246,636085.5991016135,310433.0953725451,10462339.090187963,-22951657.13198976,-6789.252549999998,Main Bearing_DW,1247.1041686896388,1209.0386847061977,13.741640516225734,34803254.72327512,4011196.9567489284,61652725.803025804,7026382.685972957,2.953624619804712e-10,2.5627200835163146e-09,1.6673350393042148e-10,1.4629967451846196e-09,,
11,22.0,0.3092376,0.01030792,4603804.556053991,355265.41199199756,465271.31615040335,3931262.450015259,-22270254.75655697,706.8860000000002,Main Bearing_UW,1610.3739940829698,1560.673241883619,8.387941798365462,10446337.660933042,1182089.001631442,11067393.30610677,1238435.731710917,9.867496470604532e-10,8.720087900127387e-09,9.313773997994895e-10,8.323338657032657e-09,,
11,22.0,0.3092376,0.01030792,4603804.556053991,355265.41199199756,465271.31615040335,3931262.450015259,-22270254.75655697,706.8860000000002,Main Bearing_DW,1197.265007784012,1160.7191627019286,15.443465513357312,49336819.97914833,5727173.964500286,87855989.27047744,10066390.994467538,2.0892955817493974e-10,1.7998265922937438e-09,1.1732745923861342e-10,1.0239936046260477e-09,,
12,24.0,0.20742280000000002,0.006914093333333334,4571785.199835554,606383.768683486,463784.3634548984,8110577.399931172,-23800303.706521094,-13990.484499999999,Main Bearing_UW,1646.7055869211679,1595.5301576757151,7.92096536183927,8630575.290040413,869315.8443621192,9093822.289199099,915408.4672170067,8.011161598129061e-10,7.953488226602738e-09,7.603066250310752e-10,7.553014398428411e-09,,
12,24.0,0.20742280000000002,0.006914093333333334,4571785.199835554,606383.768683486,463784.3634548984,8110577.399931172,-23800303.706521094,-13990.484499999999,Main Bearing_DW,1240.0367038028958,1202.1858174517467,13.80550515759999,37603373.08051375,3792897.2459496525,65586403.89797584,6610779.622861637,1.8386896618368126e-10,1.8229055218189035e-09,1.0541961324924417e-10,1.0458816853344749e-09,,
13,26.0,0.1713998,0.005713326666666667,4418986.939267828,723215.9628016849,295830.65658552776,5312817.224806576,-16638559.866627255,-1960.486,Main Bearing_UW,1518.022071549702,1471.1838254031372,9.791926334764668,17498728.39694001,1749471.6905916838,18627694.218815178,1862385.7461354013,3.2649953396989415e-10,3.2657439942537045e-09,3.067114265219061e-10,3.067746130747765e-09,,
13,26.0,0.1713998,0.005713326666666667,4418986.939267828,723215.9628016849,295830.65658552776,5312817.224806576,-16638559.866627255,-1960.486,Main Bearing_DW,1107.874279405235,1074.0594562579652,20.22907183102308,88132578.51604445,8810804.953034176,164774773.25412667,16473337.745244496,6.482650074315665e-11,6.48445482237031e-10,3.4673551987567854e-11,3.4682265094188235e-10,,
14,28.0,0.26392535,0.008797511666666667,4229207.431916406,398665.44844813755,395919.3181169993,5671895.279522538,-19166118.284232344,15171.1335,Main Bearing_UW,1545.0227578687989,1497.3470163996055,9.342780799436529,14963501.455314174,1618439.989639667,15969126.84430642,1713963.3958187324,5.879313536967845e-10,5.435797263403856e-09,5.509074949707287e-10,5.132846878835612e-09,,
14,28.0,0.26392535,0.008797511666666667,4229207.431916406,398665.44844813755,395919.3181169993,5671895.279522538,-19166118.284232344,15171.1335,Main Bearing_DW,1146.2866799457531,1111.2985674982835,17.536878374184095,71410248.01173474,7850309.135609567,127907938.44974077,13934025.289713146,1.2319676673327034e-10,1.1206579912580156e-09,6.878002861506128e-11,6.313690038413715e-10,,
15,30.0,0.29701225,0.009900408333333333,4151411.332352692,434423.1227996488,479736.73022590677,7849077.653203896,-16745113.407849545,3179.2219999999998,Main Bearing_UW,1508.3807185228507,1461.8399848605434,9.917163214338823,18255941.45953616,2055662.5187864678,19662221.465479642,2187281.4791247104,5.423115732090476e-10,4.816164250140584e-09,5.035244034208024e-10,4.526353113589752e-09,,
15,30.0,0.29701225,0.009900408333333333,4151411.332352692,434423.1227996488,479736.73022590677,7849077.653203896,-16745113.407849545,3179.2219999999998,Main Bearing_DW,1111.4400429910802,1077.5170449785417,18.968043779660277,95484693.02526946,11038036.89865671,169051414.46162966,19248759.464060966,1.03685816225154e-10,8.969356076838426e-10,5.856448089986536e-11,5.143400722430045e-10,,
16,32.0,0.151935095,0.005064503166666666,4231752.977255769,664056.9564758046,448765.3217458387,7522753.353873715,-18386391.902362496,-22930.105,Main Bearing_UW,1542.8314990925594,1495.2237300466243,9.364238706070235,15078366.133252474,1507497.0691132878,16137401.809017774,1613412.2619374285,3.3587877638133926e-10,3.3595442873037325e-09,3.13836342839066e-10,3.1390012869897716e-09,,
16,32.0,0.151935095,0.005064503166666666,4231752.977255769,664056.9564758046,448765.3217458387,7522753.353873715,-18386391.902362496,-22930.105,Main Bearing_DW,1142.065420500832,1107.206018759468,17.624321994035583,74580664.61735387,7456031.906593563,132744840.55857448,13271213.944516882,6.79063828761889e-11,6.792491274330511e-10,3.815216580437959e-11,3.816156674016328e-10,,
17,34.0,0.10999493499999999,0.003666497833333333,4255863.106030374,486911.6118642347,385584.3368437135,5234007.186197376,-21900023.81983676,-169.16849999999923,Main Bearing_UW,1590.1390645261906,1541.064930169417,8.674242129735699,11682913.669456977,1168036.2152402762,12386340.993591243,1238388.5810447857,3.1383419727895255e-10,3.139027527994155e-09,2.9601137537149976e-10,2.9607006148587344e-09,,
17,34.0,0.10999493499999999,0.003666497833333333,4255863.106030374,486911.6118642347,385584.3368437135,5234007.186197376,-21900023.81983676,-169.16849999999923,Main Bearing_DW,1193.5188767959555,1157.088219159546,15.49206788018073,51390317.631041646,5137691.10513141,90868320.71602339,9084670.684651347,7.134608234292432e-11,7.136469979036531e-10,4.034957182483506e-11,4.035917162663829e-10,,
18,36.0,0.1368411,0.0045613699999999995,4270910.848580174,357455.24904444464,500284.4008430792,2508902.9863213035,-17294591.784582112,1084.2465,Main Bearing_UW,1505.783693762679,1459.324022856499,9.961629984166539,18530226.128152966,1852594.8878692782,19957521.72799994,1995338.465297375,2.4615835599922396e-10,2.4621518875322818e-09,2.2855392879770754e-10,2.286013164849301e-09,,
18,36.0,0.1368411,0.0045613699999999995,4270910.848580174,357455.24904444464,500284.4008430792,2508902.9863213035,-17294591.784582112,1084.2465,Main Bearing_DW,1093.8643070578883,1060.4769357204177,20.24120675115591,105444517.64554551,10541453.208559051,190544981.28834957,19049645.232157253,4.3258484194817634e-11,4.327078923327602e-10,2.3938547051508693e-11,2.394464539581062e-10,,
19,38.0,0.13680507,0.004560169,4215190.648181708,665684.8078283103,483306.97740957234,4835298.68804068,-17927377.820731208,3185.5584999999996,Main Bearing_UW,1522.8817704432292,1475.8922455986615,9.67805775558002,16829584.609790616,1682574.4523199138,18079212.31457736,1807549.918328288,2.7096147087000116e-10,2.710233115516816e-09,2.5223272566599114e-10,2.522845401811902e-09,,
19,38.0,0.13680507,0.004560169,4215190.648181708,665684.8078283103,483306.97740957234,4835298.68804068,-17927377.820731208,3185.5584999999996,Main Bearing_DW,1115.8362020230643,1081.7778134923308,18.960402923213017,89988917.62023361,8996380.926409738,161368444.16386172,16132796.976621233,5.0674784413393883e-11,5.068892743984625e-10,2.8259360271016635e-11,2.826645005579843e-10,,
20,40.0,0.0675867745,0.0022528924833333333,4343411.730202612,591494.5260133942,313021.01447527064,7990513.186571585,-24396964.54614504,-17666.856,Main Bearing_UW,1644.6121014722742,1593.4380041087989,7.968795306006294,8805518.543339023,880365.9590163354,9229735.035995731,922795.5541667474,2.5585006405301875e-10,2.559040885509216e-09,2.4409069973808675e-10,2.441377695374375e-09,,
20,40.0,0.0675867745,0.0022528924833333333,4343411.730202612,591494.5260133942,313021.01447527064,7990513.186571585,-24396964.54614504,-17666.856,Main Bearing_DW,1251.3047766679945,1213.1108170762138,13.506004446148202,34487573.13392254,3447899.6516783633,60398921.52004912,6038508.791835589,6.532476131576076e-11,6.534101078715193e-10,3.7300210444742744e-11,3.7308755538774295e-10,,
21,42.0,0.16129871499999998,0.0053766238333333325,4402647.011027282,143557.18789407052,430703.2942062599,-6840760.689470429,-16602519.273034541,32223.435999999998,Main Bearing_UW,1509.0363700271353,1462.4760405851662,9.913405449319152,18232893.46509556,1822869.3008046774,19575904.221481603,1957185.3537846569,2.948859347873754e-10,2.9495388566585138e-09,2.746551971496315e-10,2.7471204109188863e-09,,
21,42.0,0.16129871499999998,0.0053766238333333325,4402647.011027282,143557.18789407052,430703.2942062599,-6840760.689470429,-16602519.273034541,32223.435999999998,Main Bearing_DW,1106.0031325457387,1072.2469010746786,19.58739377549639,95809458.6943929,9578252.453325028,173126347.16483027,17308264.213727802,5.6117881330311605e-11,5.613366174606175e-10,3.105606928917845e-11,3.106391124460037e-10,,
22,44.0,0.1903819,0.006346063333333333,4459388.016483354,351428.1087611009,576348.5278981185,10850123.027284801,-23905575.074169014,1161.6799999999998,Main Bearing_UW,1647.9800614811013,1596.6690749541344,7.883110702891815,8493853.83348399,849206.8413058537,9007419.621996867,900568.705244732,7.471359241333117e-10,7.47293006209745e-09,7.045373258547564e-10,7.046728690854046e-09,,
22,44.0,0.1903819,0.006346063333333333,4459388.016483354,351428.1087611009,576348.5278981185,10850123.027284801,-23905575.074169014,1161.6799999999998,Main Bearing_DW,1251.9035909469342,1213.6915598959888,13.174776160072,37092242.45316621,3708293.7152546644,62198736.04088053,6218444.808335451,1.7108869439064153e-10,1.7113162604212762e-09,1.0202881500939732e-10,1.0205225790259996e-09,,
23,46.0,0.21238077500000002,0.007079359166666668,4418773.444164372,727324.1953185495,327132.32014497474,-6012659.463270671,-26032039.56270422,-22891.203999999998,Main Bearing_UW,1657.0830169918718,1605.3813855924186,7.81850244023315,8264018.5858626105,837503.6347570769,8654072.520964874,876033.8790140641,8.566485049752238e-10,8.452929483368846e-09,8.180378832643945e-10,8.081147700171324e-09,,
23,46.0,0.21238077500000002,0.007079359166666668,4418773.444164372,727324.1953185495,327132.32014497474,-6012659.463270671,-26032039.56270422,-22891.203999999998,Main Bearing_DW,1266.5821518630883,1227.9231239519097,12.96217945660604,31627364.483647097,3212713.655148346,54724925.882518224,5552182.522869869,2.2383651885780885e-10,2.2035450172542005e-09,1.2936260858286802e-10,1.2750587966995394e-09,,
24,48.0,0.11180543000000001,0.003726847666666667,4352731.949401855,610501.3570899128,281507.91801431414,8702310.863261553,-22851440.12132663,361.8365000000001,Main Bearing_UW,1625.7046511918056,1575.3378354495715,8.216791357587073,9752595.906196572,975051.1621917959,10239760.79836318,1023776.7124777265,3.821390430314779e-10,3.8222072965783345e-09,3.639584693484638e-10,3.6402934558327813e-09,,
24,48.0,0.11180543000000001,0.003726847666666667,4352731.949401855,610501.3570899128,281507.91801431414,8702310.863261553,-22851440.12132663,361.8365000000001,Main Bearing_DW,1232.2881111356403,1194.6747452789923,14.198487585924044,38674953.94875183,3866520.2830443666,68508478.46527527,6849260.402449853,9.636333818535664e-11,9.638764040653819e-10,5.439980204137339e-11,5.441241021196453e-10,,
25,50.0,0.15965546,0.005321848666666667,4338235.445760977,328637.03856397746,537968.1710068607,-6383779.029072823,-26371644.50909558,14871.42265,Main Bearing_UW,1657.0475580249922,1605.3144559172329,7.775670424544119,8114071.808873799,811237.555470786,8579521.266813502,857787.8588687668,6.558789214616673e-10,6.560160622221483e-09,6.202966926898522e-10,6.2041548054608895e-09,,
25,50.0,0.15965546,0.005321848666666667,4338235.445760977,328637.03856397746,537968.1710068607,-6383779.029072823,-26371644.50909558,14871.42265,Main Bearing_DW,1266.086391180958,1227.4417508028662,12.754421318290465,33826035.36133252,3381764.2786112865,56461880.57762296,5644902.620518138,1.5732995634333841e-10,1.5736900115498503e-09,9.425560417439989e-11,9.42770677269572e-10,,
26,52.0,0.2745521,0.009151736666666667,4389004.272986596,443490.3881370291,451251.251626963,-6833103.16484661,-19932618.110679213,9373.533249999999,Main Bearing_UW,1560.5682692223502,1512.4108074655242,9.087771712540404,13644911.653180597,1492594.0434810424,14577474.80169712,1580937.2093541268,6.707069198600065e-10,6.131430516312994e-09,6.277998618526999e-10,5.788804648608088e-09,,
26,52.0,0.2745521,0.009151736666666667,4389004.272986596,443490.3881370291,451251.251626963,-6833103.16484661,-19932618.110679213,9373.533249999999,Main Bearing_DW,1163.706782562243,1128.1874475751986,16.574623355332925,64596219.28936889,7198116.430810896,113765742.6067133,12547677.523319645,1.4167604183876502e-10,1.2714071458324116e-09,8.044369470961133e-11,7.293570184329587e-10,,
27,54.0,0.22206695,0.007402231666666667,4476221.452139144,553445.9110191885,297227.88894889806,11442031.54637204,-29386714.497319967,-7083.59597,Main Bearing_UW,1736.579975704857,1682.3273122874052,6.950527484626382,5582626.615942527,571813.9529379184,5754009.029854704,588271.6843263486,1.3259406684172325e-09,1.2945174962301636e-08,1.2864476972942086e-09,1.2583015405786925e-08,,
27,54.0,0.22206695,0.007402231666666667,4476221.452139144,553445.9110191885,297227.88894889806,11442031.54637204,-29386714.497319967,-7083.59597,Main Bearing_DW,1345.0994413767103,1303.8965796081004,10.912971594020302,19368479.53121054,1991549.9561115715,32753210.89221196,3361490.9409021637,3.8217928540743964e-10,3.716819477187132e-09,2.2600018334162058e-10,2.202068009940863e-09,,
28,56.0,0.2249581,0.0074986033333333335,4470385.800273027,390306.0491138978,442638.87722439144,-9833667.075992616,-30896924.57794072,-1805.0005000000003,Main Bearing_UW,1738.705054656761,1684.3858571956803,6.904212459037105,5459587.813647222,561021.5115623309,5667737.928544313,581198.5959235474,1.3734742601976703e-09,1.3365981836331458e-08,1.3230328268299547e-09,1.2901963951612371e-08,,
28,56.0,0.2249581,0.0074986033333333335,4470385.800273027,390306.0491138978,442638.87722439144,-9833667.075992616,-30896924.57794072,-1805.0005000000003,Main Bearing_DW,1353.5182673588577,1312.0298449712993,10.605423338049762,19509082.662545454,2013777.5613810017,31791073.62769015,3274189.7307071136,3.843647322141671e-10,3.723650256680269e-09,2.35871346188259e-10,2.2902164963158353e-09,,
29,58.0,0.1920559,0.006401863333333333,4248682.154449073,551950.754224932,456157.2597359233,8820854.074086625,-21318774.778175082,-1729.7804999999996,Main Bearing_UW,1593.725644472808,1544.540190145156,8.609567795970039,11395075.29442116,1139259.4078334677,12120307.652279012,1211791.015660468,5.618096561825773e-10,5.619320138429027e-09,5.28193138078436e-10,5.282976396589387e-09,,
29,58.0,0.1920559,0.006401863333333333,4248682.154449073,551950.754224932,456157.2597359233,8820854.074086625,-21318774.778175082,-1729.7804999999996,Main Bearing_DW,1199.688411090154,1163.06961339689,15.07121524484468,50763498.32459365,5075027.4753385885,88107869.94504201,8808697.027287355,1.2611154756116937e-10,1.2614440738384815e-09,7.26593814755316e-11,7.267662077037961e-10,,
30,60.0,0.1617791,0.005392636666666667,4194809.98994071,590346.6385901407,326412.6575810808,-4214557.446503019,-30930790.981014617,2972.53985,Main Bearing_UW,1716.3713940077728,1662.7551190303113,7.147107801824423,6126519.321916453,612528.1025682057,6354886.717547132,635370.3990512253,8.802121373184183e-10,8.803900823580893e-09,8.485810851319353e-10,8.487390465025266e-09,,
30,60.0,0.1617791,0.005392636666666667,4194809.98994071,590346.6385901407,326412.6575810808,-4214557.446503019,-30930790.981014617,2972.53985,Main Bearing_DW,1335.9476116123772,1295.090680529943,11.038364691358243,21145238.447649676,2114027.966144273,35188207.84181228,3518054.147472945,2.5502841597258347e-10,2.5508823691212436e-09,1.5325124515886492e-10,1.53284640901285e-09,,
31,62.0,0.17180694999999999,0.0057268983333333325,4213736.073269139,322135.90851878014,340269.9990138936,-8712408.629853247,-24746990.92542689,4205.8033,Main Bearing_UW,1633.9423871408965,1583.119936730324,8.093664095434104,9273918.735344652,927194.8684270579,9765601.72751737,976370.8969595588,6.175273362604574e-10,6.176585449667926e-09,5.864357868697596e-10,5.865494712272789e-09,,
31,62.0,0.17180694999999999,0.0057268983333333325,4213736.073269139,322135.90851878014,340269.9990138936,-8712408.629853247,-24746990.92542689,4205.8033,Main Bearing_DW,1255.131703627109,1216.822091656732,13.187297249995515,35161523.11625855,3515275.8568038894,60007312.748103045,5999357.510969506,1.628740118679682e-10,1.6291462083263826e-09,9.54366738162987e-11,9.54585273983423e-10,,
32,64.0,0.30531169999999996,0.010177056666666665,4353454.036694205,210875.9784652435,516908.73093355115,4173680.4308529436,-23010567.637603413,13800.884999999998,Main Bearing_UW,1606.5405416990584,1556.9579803732613,8.426803610017709,10608539.73009204,1195876.9621396072,11284154.493525809,1258314.4468226545,9.59326818355458e-10,8.510120178633051e-09,9.018891643592497e-10,8.087848544030115e-09,,
32,64.0,0.30531169999999996,0.010177056666666665,4353454.036694205,210875.9784652435,516908.73093355115,4173680.4308529436,-23010567.637603413,13800.884999999998,Main Bearing_DW,1204.4612872429966,1167.6960894264096,14.899430511898231,49150433.20881205,5677424.937198646,85202467.45964874,9715623.877044538,2.0705934825498237e-10,1.7925479912532716e-09,1.194455626708985e-10,1.0474938918449048e-09,,
33,66.0,0.31619165,0.010539721666666666,4451653.398959475,512699.80894210195,470072.28476408747,-3731522.323581904,-35302954.505821005,-14033.323999999999,Main Bearing_UW,1789.6920339040955,1733.3181737445411,6.422140454275673,4289223.697269531,482336.22734065366,4409959.08506024,491731.99474547605,2.457256233424274e-09,2.185139964455315e-08,2.389981735289205e-09,2.143387410071232e-08,,
33,66.0,0.31619165,0.010539721666666666,4451653.398959475,512699.80894210195,470072.28476408747,-3731522.323581904,-35302954.505821005,-14033.323999999999,Main Bearing_DW,1400.3717775146179,1357.1666709788165,9.675092516517093,14890785.411959799,1706714.298073189,23825708.03366395,2706275.1901323916,7.078015950858778e-10,6.175445813376956e-09,4.423676161805905e-10,3.894549122386575e-09,,
34,68.0,0.15742923,0.005247641,4435667.933734094,588825.9255895137,222757.67367076318,10330527.610409027,-30431097.362577986,-16271.389,Main Bearing_UW,1746.2454157860057,1691.6886295629902,6.8643938246445195,5355335.35117858,535427.0259628071,5493075.205962085,549206.6799228251,9.798902694011723e-10,9.800851928539971e-09,9.553193435808607e-10,9.554947512177751e-09,,
34,68.0,0.15742923,0.005247641,4435667.933734094,588825.9255895137,222757.67367076318,10330527.610409027,-30431097.362577986,-16271.389,Main Bearing_DW,1355.9803985980407,1314.372943776719,10.70749377260335,17859316.265889738,1785521.2079954953,30355869.020800002,3034934.6550699715,2.93832133429581e-10,2.938996734679636e-09,1.7287072217910444e-10,1.7290787435023091e-09,,
35,70.0,0.08004959,0.002668319666666667,4384854.927968757,485741.5979490527,368972.12565209076,3363846.750937433,-36870656.26070028,-5000.682,Main Bearing_UW,1812.0914652735319,1754.7694001805914,6.23776274279372,3892322.995225945,389157.7951772452,3965377.097270542,396467.12885445956,6.855339780227498e-10,6.856652236533918e-09,6.729043924985928e-10,6.730241859839506e-09,,
35,70.0,0.08004959,0.002668319666666667,4384854.927968757,485741.5979490527,368972.12565209076,3363846.750937433,-36870656.26070028,-5000.682,Main Bearing_DW,1424.1679073006526,1380.2269875498098,9.267098355582949,12725526.347348366,1272271.8474284613,20456615.96367654,2045237.838487552,2.0968245979253095e-10,2.097287362020878e-09,1.3043798013340163e-10,1.3046500590072605e-09,,
36,72.0,0.06906538,0.0023021793333333333,4395551.937357517,388634.6188128424,560413.9779188058,4156853.9923970182,-32354150.073735002,6038.066,Main Bearing_UW,1748.155017434983,1693.538312970817,6.797158045972629,5182475.515276467,518144.8852572589,5392113.274825885,539112.5197062579,4.442238707249386e-10,4.44311890136733e-09,4.269530731265419e-10,4.27031324478924e-09,,
36,72.0,0.06906538,0.0023021793333333333,4395551.937357517,388634.6188128424,560413.9779188058,4156853.9923970182,-32354150.073735002,6038.066,Main Bearing_DW,1355.1158642030118,1313.5258689798707,10.555523495237118,19636097.81237143,1963153.366566161,31678832.934485227,3167199.7551004887,1.1724220134424468e-10,1.1726945905200356e-09,7.267247938377194e-11,7.268816340446736e-10,,
37,74.0,0.08886729,0.0029622430000000003,4378999.3458217215,410739.4311196111,437218.67787461315,5860494.256469456,-24724705.057550613,-5507.504500000001,Main Bearing_UW,1641.0761183754685,1590.0614874746238,7.994113023126998,8899118.276179668,889723.7177952179,9381310.028425492,937949.8551911939,3.3286926952404453e-10,3.3293964640400887e-09,3.157600581394672e-10,3.158210413493981e-09,,
37,74.0,0.08886729,0.0029622430000000003,4378999.3458217215,410739.4311196111,437218.67787461315,5860494.256469456,-24724705.057550613,-5507.504500000001,Main Bearing_DW,1242.7393862392614,1204.8063539773011,13.66194410218703,37441965.97653327,3743256.235891456,64806421.89416757,6479148.0602237675,7.911558388404562e-11,7.913545889798117e-10,4.570909662066369e-11,4.5719637403959783e-10,,
38,76.0,0.089305725,0.0029768575,4354579.535822805,422930.9114973813,311586.4673249972,1936415.9299362225,-37906889.36375758,5397.9409,Main Bearing_UW,1824.302736137553,1766.5915171085585,6.146590250085435,3705898.9593002954,370519.3765086581,3758215.86311774,375755.03229675064,8.032754083943118e-10,8.034282924824144e-09,7.92093272026812e-10,7.922335681852004e-09,,
38,76.0,0.089305725,0.0029768575,4354579.535822805,422930.9114973813,311586.4673249972,1936415.9299362225,-37906889.36375758,5397.9409,Main Bearing_DW,1437.905241383437,1393.53964802916,9.033415148970084,11684729.063491749,1168217.7102384681,18765261.11964081,1876140.507374441,2.5476478605747196e-10,2.548204391964178e-09,1.586366148075738e-10,1.5866921951202652e-09,,
39,78.0,0.091827435,0.0030609145,4222089.807387514,369826.1957456848,488713.83100345125,2947286.469599445,-27376698.804759264,2303.908,Main Bearing_UW,1665.4274675517809,1613.4125110214777,7.68915237349267,7817014.591620224,781538.7734258255,8232309.398271459,823073.9330042244,3.91570779883317e-10,3.916522895700588e-09,3.7181723279772514e-10,3.7188815940600193e-09,,
39,78.0,0.091827435,0.0030609145,4222089.807387514,369826.1957456848,488713.83100345125,2947286.469599445,-27376698.804759264,2303.908,Main Bearing_DW,1274.1588471997582,1235.2673275657282,12.573441027007268,31620867.726627506,3161308.5477474234,53136202.911741994,5312417.416716104,9.680045868641502e-11,9.682428822650167e-10,5.760506645693348e-11,5.761810979627648e-10,,
40,80.0,0.0542314245,0.00180771415,4029861.3356703813,127797.50256660322,519589.0599372351,-2816741.2016005535,-20116058.35267699,-15540.420999999998,Main Bearing_UW,1536.2507913075347,1488.8461398244017,9.44606587647879,15522056.684660284,1551854.9145562472,16698314.539226437,1669491.0643911941,1.1646099397294938e-10,1.1648731676162625e-09,1.0825728223968069e-10,1.0827935462231486e-09,,
40,80.0,0.0542314245,0.00180771415,4029861.3356703813,127797.50256660322,519589.0599372351,-2816741.2016005535,-20116058.35267699,-15540.420999999998,Main Bearing_DW,1143.0470665609291,1108.1575590647735,17.25407582816894,77602224.27658102,7758095.332976668,134661107.43613914,13462788.522052264,2.329461773617662e-11,2.3301004594724495e-10,1.3424174094641835e-11,1.3427486787294737e-10,,
41,82.0,0.114557147,0.0038185715666666665,3906419.0224965354,91443.19564206686,318215.0556819593,-7595386.934097786,-32136668.20550707,16842.302499999998,Main Bearing_UW,1726.2133325550612,1672.2882580278708,7.04274999200753,5833380.037522763,583220.7906725588,6055892.4032048425,605477.0531225284,6.546070275044661e-10,6.547385874675634e-09,6.305547246258599e-10,6.30671558397427e-09,,
41,82.0,0.114557147,0.0038185715666666665,3906419.0224965354,91443.19564206686,318215.0556819593,-7595386.934097786,-32136668.20550707,16842.302499999998,Main Bearing_DW,1361.9452502175848,1320.1645466834195,10.406399924162505,18896210.7147032,1889183.8739056815,30363353.751164794,3035682.785793397,2.0208133918063396e-10,2.0212810512574334e-09,1.257625095686335e-10,1.2578954509137409e-09,,
42,84.0,0.13250067999999998,0.004416689333333333,3593459.1873005927,289796.3537087003,158278.71280679875,851720.2151926619,-22551052.91521132,3751.3995000000004,Main Bearing_UW,1555.4594697336352,1507.4583668343296,9.224477833420641,14341194.867535327,1433798.4790641982,15150654.837739596,1514759.4503597543,3.0797219995465996e-10,3.0804115067941677e-09,2.9151804860154027e-10,2.9157694525585383e-09,,
42,84.0,0.13250067999999998,0.004416689333333333,3593459.1873005927,289796.3537087003,158278.71280679875,851720.2151926619,-22551052.91521132,3751.3995000000004,Main Bearing_DW,1192.9316030374594,1156.5205085522537,15.444420702477894,52084888.71330091,5207127.9031067025,91611214.97658117,9158940.710169766,8.479790285517963e-11,8.482006617694614e-10,4.821122975459264e-11,4.822270907845485e-10,,
43,86.0,0.09571085,0.003190361666666667,3679506.8896047734,169063.5266794753,398227.1230277002,-5106678.193152516,-25172603.22292955,5239.428999999999,Main Bearing_UW,1602.4277028968602,1552.7386967316995,8.488064727478534,10867800.081868736,1086544.7090901434,11554629.35849213,1155235.4259907817,2.935609454197909e-10,2.9362451816071413e-09,2.7611112115179143e-10,2.761654979486514e-09,,
43,86.0,0.09571085,0.003190361666666667,3679506.8896047734,169063.5266794753,398227.1230277002,-5106678.193152516,-25172603.22292955,5239.428999999999,Main Bearing_DW,1239.0558542541971,1201.2367076070664,13.486698169670573,41458492.522060454,4144795.205967675,68707027.76535866,6869109.737327754,7.695315175700238e-11,7.697272140426106e-10,4.643428438735656e-11,4.6445053124275653e-10,,
44,88.0,0.203072,0.006769066666666667,3810477.080629513,48105.56901997747,375854.06079622766,-4437221.370458007,-31571887.31633302,26897.7695,Main Bearing_UW,1706.893521385356,1653.5762005493477,7.236462394265981,6385580.686813398,639621.1668834809,6671651.98254149,668187.3942866864,1.0600549893050744e-09,1.0582930986553454e-08,1.0146012838169756e-09,1.0130491422833386e-08,,
44,88.0,0.203072,0.006769066666666667,3810477.080629513,48105.56901997747,375854.06079622766,-4437221.370458007,-31571887.31633302,26897.7695,Main Bearing_DW,1343.0758522064657,1301.9757063618856,10.794001970234966,21532855.414645992,2157433.9897691053,34474251.701693594,3453570.811692012,3.143599181956404e-10,3.1375544738641627e-09,1.9635137334493986e-10,1.960019653788506e-09,,
45,90.0,0.3856273,0.012854243333333333,3868034.618419186,237745.81711201623,216022.37814706506,-2243917.046144133,-22861530.74129673,-852.6652,Main Bearing_UW,1575.382466555854,1526.764686032722,8.912891138602802,12789140.901402712,1564839.2066611447,13502508.680026004,1620402.3936239874,1.0050904460614302e-09,8.214417991711803e-09,9.519892664352337e-10,7.932747682867312e-09,,
45,90.0,0.3856273,0.012854243333333333,3868034.618419186,237745.81711201623,216022.37814706506,-2243917.046144133,-22861530.74129673,-852.6652,Main Bearing_DW,1201.5159958667584,1164.8425062690253,15.167602287473638,48682370.464008056,6172269.728157313,85837252.92016833,10656988.65773745,2.6404308604563037e-10,2.082579650512272e-09,1.4975133634912843e-10,1.2061796954246148e-09,,
46,92.0,0.39592710000000003,0.01319757,4119312.2777719037,367460.79797401844,435981.79611789493,6231033.046139925,-33557631.87009237,4122.9165,Main Bearing_UW,1755.9435083623857,1700.9188737253821,6.731123370975494,5016542.935683563,605744.483894167,5195917.111795951,618525.5788957454,2.6308097367458645e-09,2.1787354818580272e-08,2.5399885556369674e-09,2.133714505964594e-08,,
46,92.0,0.39592710000000003,0.01319757,4119312.2777719037,367460.79797401844,435981.79611789493,6231033.046139925,-33557631.87009237,4122.9165,Main Bearing_DW,1378.9209168032014,1336.4769451092175,10.067180456667627,17171134.202810682,2137320.415953367,27375297.417233456,3355354.127939396,7.685904637469863e-10,6.17482053766521e-09,4.82097775920118e-10,3.933286769973501e-09,,
47,94.0,0.37003345,0.012334448333333333,4115039.4470584025,184872.14815849822,433144.3542853861,10384889.379749956,-31446609.574123394,2184.243,Main Bearing_UW,1735.119465930763,1680.9137646177444,6.929369361807066,5526180.551476682,654428.2982182538,5751517.136854259,672260.4162965505,2.232002414404896e-09,1.8847669587203207e-08,2.144555608518894e-09,1.8347723641506664e-08,,
47,94.0,0.37003345,0.012334448333333333,4115039.4470584025,184872.14815849822,433144.3542853861,10384889.379749956,-31446609.574123394,2184.243,Main Bearing_DW,1363.2537278867178,1321.4019412317564,10.373005124382336,19016584.10972672,2314383.76133782,30305062.692647684,3635822.6865855707,6.486153486957962e-10,5.329474108565061e-09,4.070094973380733e-10,3.3924779607216513e-09,,
48,96.0,0.36029100000000003,0.012009700000000002,4015998.1583291893,51485.76419432793,295451.61808032455,-2603121.4213077854,-27992732.99161366,7557.527999999999,Main Bearing_UW,1663.7270087159563,1611.765948276793,7.735689246719309,7975833.55914244,943501.8214058873,8339965.006485427,972491.749782039,1.5057611108538832e-09,1.2728857250222011e-08,1.4400180325290177e-09,1.2349410679002358e-08,,
48,96.0,0.36029100000000003,0.012009700000000002,4015998.1583291893,51485.76419432793,295451.61808032455,-2603121.4213077854,-27992732.99161366,7557.527999999999,Main Bearing_DW,1286.5506670008972,1247.2820492808873,12.299828608910342,28508902.163931966,3468387.36471716,48383803.20645223,5797250.912770075,4.212613986656446e-10,3.462617850062249e-09,2.4821736209439704e-10,2.0716198385592144e-09,,
49,98.0,0.36718945000000003,0.012239648333333334,4215355.054890373,62738.865401528106,403484.11313372804,10447718.658294452,-33579384.46062319,-17565.557099999998,Main Bearing_UW,1769.6786769447835,1714.0586517641964,6.607647892946759,4716309.959354933,555401.0017245704,4868002.677082288,566341.8000670988,2.595174710486457e-09,2.203749776346841e-08,2.5143059988351024e-09,2.1611769309422702e-08,,
49,98.0,0.36718945000000003,0.012239648333333334,4215355.054890373,62738.865401528106,403484.11313372804,10447718.658294452,-33579384.46062319,-17565.557099999998,Main Bearing_DW,1395.377415445055,1352.3414748551227,9.754632440428542,15618834.169263272,1886856.7061244298,24754884.090996776,2952165.2929602475,7.836467306516431e-10,6.486792713832178e-09,4.944336757280488e-10,4.145990186430305e-09,,
50,100.0,0.34308255,0.011436085,4205341.789804504,-139913.39205405378,542607.272216411,2007556.7342659112,-24845407.416817293,4907.2146999999995,Main Bearing_UW,1622.142591567321,1571.8483004754764,8.213575366056181,9739878.068107033,1138316.2676244557,10356884.471708566,1193788.7825828432,1.174150735772263e-09,1.004649175739699e-08,1.1042012712644848e-09,9.579655268042687e-09,,
50,100.0,0.34308255,0.011436085,4205341.789804504,-139913.39205405378,542607.272216411,2007556.7342659112,-24845407.416817293,4907.2146999999995,Main Bearing_DW,1228.194989644243,1190.705738787102,13.941942596041143,43163622.37785815,5202439.828618167,73101922.225707,8666686.41521125,2.649472951988947e-10,2.1982157173815054e-09,1.5644027751678453e-10,1.3195452624117181e-09,,
51,102.0,0.30011065000000003,0.010003688333333335,4190440.1821629955,45119.26459839272,457067.58011586557,8210721.319087119,-26904457.32985585,-37.155700000000444,Main Bearing_UW,1666.3404894984474,1614.2971063150073,7.68564003013009,7805118.434119808,871480.5271672766,8217321.022525532,909029.1187881938,1.2816830926744883e-09,1.1478957958877232e-08,1.2173904738431135e-09,1.1004805155932768e-08,,
51,102.0,0.30011065000000003,0.010003688333333335,4190440.1821629955,45119.26459839272,457067.58011586557,8210721.319087119,-26904457.32985585,-37.155700000000444,Main Bearing_DW,1283.5177977441297,1244.3415659121497,12.278428663840216,30198658.660885,3438476.1017920803,50208370.18759498,5657323.315103178,3.3126267115600983e-10,2.9093377523024133e-09,1.9924343881221928e-10,1.7682723394342345e-09,,
52,104.0,0.25629314999999997,0.008543104999999999,4353056.657806659,305119.9708446318,283365.8130679669,11092448.03686858,-31297516.738649916,-18459.229499999998,Main Bearing_UW,1752.0737232506794,1697.290939145879,6.795661372898345,5178672.7106590895,550492.4495469101,5323871.078167747,563294.4436648311,1.6496707703531853e-09,1.5519023025713633e-08,1.6046791656983884e-09,1.5166322153682166e-08,,
52,104.0,0.25629314999999997,0.008543104999999999,4353056.657806659,305119.9708446318,283365.8130679669,11092448.03686858,-31297516.738649916,-18459.229499999998,Main Bearing_DW,1368.6368688444397,1326.5847005142643,10.347897968986477,17133628.22651996,1838631.3110984666,28438968.260477003,3037584.593073991,4.986162234322743e-10,4.646448120638188e-09,3.0040136905644223e-10,2.8124665299788415e-09,,
53,106.0,0.24334989999999998,0.008111663333333333,4407286.784586209,318123.6945545397,409636.40382111963,7955088.777124772,-22383467.082236484,13876.0895,Main Bearing_UW,1612.153018681726,1562.3628855852633,8.362405280211547,10340703.136067523,1088657.423035534,10939389.064780742,1146365.9142248419,7.844402093935486e-10,7.451070613853304e-09,7.415097209997545e-10,7.075980917330691e-09,,
53,106.0,0.24334989999999998,0.008111663333333333,4407286.784586209,318123.6945545397,409636.40382111963,7955088.777124772,-22383467.082236484,13876.0895,Main Bearing_DW,1215.2116263686873,1178.1193492528353,14.634498177233532,44603128.70929601,4742466.73045587,78127172.2500965,8263346.4718665425,1.81863101716511e-10,1.7104312574805558e-09,1.038264037941462e-10,9.816438607470193e-10,,
54,108.0,0.25115545,0.008371848333333333,4342050.472123765,165428.74339598848,533522.3627238037,11604005.176087921,-25044392.049497873,9567.9875,Main Bearing_UW,1659.2957795593074,1607.4735225182621,7.75186226097614,8031552.876129584,851713.3127145398,8496614.03287203,896590.349293506,1.0423698209365132e-09,9.829420543693252e-09,9.8531583298288e-10,9.337428559129786e-09,,
54,108.0,0.25115545,0.008371848333333333,4342050.472123765,165428.74339598848,533522.3627238037,11604005.176087921,-25044392.049497873,9567.9875,Main Bearing_DW,1273.8898284758354,1235.0075531833932,12.502082130820193,32664875.46280026,3501603.717921326,53931067.8510487,5748119.475432083,2.562951248005658e-10,2.3908611618401964e-09,1.552323858384447e-10,1.4564499518695244e-09,,
55,110.0,0.333214,0.011107133333333333,4360698.72215109,232967.4092769231,356345.6639219583,6336042.393765785,-24967614.453322366,-12618.990499999998,Main Bearing_UW,1644.2714646493816,1593.1025662955406,7.9660476929808235,8795402.239429807,1016373.3633456386,9237297.412779892,1054042.2549216123,1.2628340388504382e-09,1.0928201912702158e-08,1.2024224009466778e-09,1.0537654711157054e-08,,
55,110.0,0.333214,0.011107133333333333,4360698.72215109,232967.4092769231,356345.6639219583,6336042.393765785,-24967614.453322366,-12618.990499999998,Main Bearing_DW,1250.653069550673,1212.4788902264656,13.465766343009102,35066246.703080595,4160347.7093553897,60999802.53235059,7137798.828648377,3.167471394181905e-10,2.6697608251244675e-09,1.8208474244556421e-10,1.55610064110431e-09,,
56,112.0,0.3417839,0.011392796666666666,4422271.642990412,298127.4555400258,355844.4664683547,15433418.236719534,-21005323.83241088,5360.505000000001,Main Bearing_UW,1630.1829959332842,1579.5356067220869,8.139701346332929,9450923.911417974,1102553.0717874586,9970920.703330608,1147420.9897410392,1.2054690920643908e-09,1.0333105007087476e-08,1.1426022737159174e-09,9.9290467653358e-09,,
56,112.0,0.3417839,0.011392796666666666,4422271.642990412,298127.4555400258,355844.4664683547,15433418.236719534,-21005323.83241088,5360.505000000001,Main Bearing_DW,1252.9498793394023,1214.7081235201297,13.21448709224648,35983702.8091724,4313134.902649224,61126330.251127616,7216824.814642628,3.1660990329662775e-10,2.6414190429492376e-09,1.8638116536460162e-10,1.5786439271119857e-09,,
57,114.0,0.2386924,0.007956413333333334,4414125.083446425,101441.70911883729,539574.5382108397,6503541.25944887,-25986751.541747954,-2857.4620000000004,Main Bearing_UW,1658.9640241706509,1607.1927000146773,7.754284319954155,8039920.752181672,840644.3548162105,8491038.769883195,884485.2253768414,9.896134027408569e-10,9.4646603974077e-09,9.37036509779449e-10,8.995529947878379e-09,,
57,114.0,0.2386924,0.007956413333333334,4414125.083446425,101441.70911883729,539574.5382108397,6503541.25944887,-25986751.541747954,-2857.4620000000004,Main Bearing_DW,1261.8506278338532,1223.3344583597645,12.92928475020445,34224196.81028872,3608941.996096869,57735039.77992167,6061682.252132229,2.3247918358573198e-10,2.2046387395359435e-09,1.3780909069539274e-10,1.3125751239327372e-09,,
58,116.0,0.27584795,0.009194931666666666,4387430.406321739,-81640.31675247078,447937.03573857754,5765734.552548354,-22449772.18623354,1411.77,Main Bearing_UW,1601.519551651674,1552.092710453428,8.50491836616751,10939896.078039031,1195581.2981907963,11612501.156757083,1258844.6613216135,8.404953393592795e-10,7.690762376913073e-09,7.918131970489681e-10,7.304262351967442e-09,,
58,116.0,0.27584795,0.009194931666666666,4387430.406321739,-81640.31675247078,447937.03573857754,5765734.552548354,-22449772.18623354,1411.77,Main Bearing_DW,1203.0284883291415,1166.307524964649,15.026829802627754,48913452.03943273,5440403.753951671,85500809.29862571,9420712.535533445,1.8798369943822318e-10,1.6901193518932985e-09,1.0754204249168973e-10,9.760335677354373e-10,,
59,118.0,0.3218223,0.01072741,4373558.948991646,119551.88972600458,363682.45365219854,9435253.768551353,-23382827.126456898,3230.9811500000005,Main Bearing_UW,1629.20084840963,1578.6345497183872,8.150930106782175,9494452.560382398,1086443.9250150467,10004957.444339914,1131238.464402069,1.129860824705405e-09,9.873873610045203e-09,1.0722094581290596e-09,9.482890069221712e-09,,
59,118.0,0.3218223,0.01072741,4373558.948991646,119551.88972600458,363682.45365219854,9435253.768551353,-23382827.126456898,3230.9811500000005,Main Bearing_DW,1240.1906195362217,1202.3362916680958,13.74234081895671,38032482.64850242,4460580.476828402,65900667.68816146,7627247.916192752,2.820591571458301e-10,2.4049358722987306e-09,1.6278150702146976e-10,1.4064588063573443e-09,,
60,120.0,0.26470155,0.008823385,4250050.486155555,145384.0083111809,475576.7412776034,4686234.787566363,-24846361.939814877,-2917.3269000000005,Main Bearing_UW,1630.5496252767991,1579.921813042841,8.12118407736613,9379446.559131386,1010995.0762124136,9927956.942709984,1063092.0343076745,9.407148859342847e-10,8.727426282881495e-09,8.887412637782376e-10,8.29973766640639e-09,,
60,120.0,0.26470155,0.008823385,4250050.486155555,145384.0083111809,475576.7412776034,4686234.787566363,-24846361.939814877,-2917.3269000000005,Main Bearing_DW,1236.9807877747207,1199.2235166529142,13.73126600235487,39855570.05457805,4357789.620177169,68111927.96710223,7390957.8901686855,2.2138398692873526e-10,2.024738633353594e-09,1.295424349794012e-10,1.1938080464152964e-09,,
61,122.0,0.16940645000000001,0.0056468816666666675,4378752.41531973,-69481.8055951063,475479.9000016587,6966533.053925736,-19288626.629088797,-6554.339000000001,Main Bearing_UW,1553.2946004030423,1505.3626360505953,9.195566679027532,14191915.764351042,1418874.3087254798,15189996.88464261,1518692.768775718,3.978942491225309e-10,3.979832203557935e-09,3.71750021382544e-10,3.7182515007422177e-09,,
61,122.0,0.16940645000000001,0.0056468816666666675,4378752.41531973,-69481.8055951063,475479.9000016587,6966533.053925736,-19288626.629088797,-6554.339000000001,Main Bearing_DW,1152.8667889991116,1117.6782589134973,17.052242757587216,69744450.92255144,6972557.711984828,123156046.9163555,12312591.6064735,8.096531827223524e-11,8.098723452601169e-10,4.5851436515349403e-11,4.5862657084295305e-10,,
62,124.0,0.13208934,0.004402978,4396243.615276026,-132951.1718916409,394687.244340799,4197871.890960232,-26593462.905723084,-14836.805999999999,Main Bearing_UW,1663.4097192628603,1611.4577917351412,7.727100045460297,7946352.307068284,794469.5272766872,8331576.766130049,832998.5901036625,5.54087942474379e-10,5.542035092387615e-09,5.284687549059394e-10,5.285696821470096e-09,,
62,124.0,0.13208934,0.004402978,4396243.615276026,-132951.1718916409,394687.244340799,4197871.890960232,-26593462.905723084,-14836.805999999999,Main Bearing_DW,1268.7502127388345,1230.023852069852,12.870407246476342,31505982.37776609,3149823.178875765,54219121.47808587,5420682.598912711,1.3975053839639043e-10,1.3978492600881525e-09,8.120710701259856e-11,8.122552685307854e-10,,
63,126.0,0.13761657,0.004587219,4360012.361503149,54025.483508577265,448794.4887298571,5194019.751888862,-24392008.228768274,13507.4515,Main Bearing_UW,1630.3477634397395,1579.7706836510786,8.128925569075214,9409282.805266365,940728.0520603865,9943842.674801448,994191.2020565969,4.875205788726573e-10,4.876243447777553e-09,4.6131250765103184e-10,4.61402091520305e-09,,
63,126.0,0.13761657,0.004587219,4360012.361503149,54025.483508577265,448794.4887298571,5194019.751888862,-24392008.228768274,13507.4515,Main Bearing_DW,1233.4326781294303,1195.7838858756313,13.929721056331001,40110415.51759947,4010025.8158700825,69311752.51187813,6929567.242722175,1.143647838299566e-10,1.1439375232562387e-09,6.618241256003268e-11,6.619777021166449e-10,,
64,128.0,0.17309865,0.005769954999999999,4302789.410113027,-125098.16505309311,500743.2457763457,7033704.843544603,-18277740.001188405,-6078.93545,Main Bearing_UW,1531.3978999634576,1484.1442486329033,9.532449624697984,16000286.57945566,1599665.7786097392,17201255.17800289,1719773.8869805413,3.6061572843380263e-10,3.6069753301934333e-09,3.354380212543249e-10,3.3550660605333895e-09,,
64,128.0,0.17309865,0.005769954999999999,4302789.410113027,-125098.16505309311,500743.2457763457,7033704.843544603,-18277740.001188405,-6078.93545,Main Bearing_DW,1132.6949665751704,1098.1226022679389,17.883503757231633,81870318.59482272,8184773.313251992,144095982.56603467,14406021.190131458,7.047676250724737e-11,7.049621020850813e-10,4.004244183113023e-11,4.005238451233562e-10,,
65,130.0,0.19027650000000002,0.006342550000000001,4357376.828830293,-319646.1428029407,440959.72100336076,2198612.2740952442,-24924383.339926064,4071.5283499999996,Main Bearing_UW,1632.8727956519756,1582.18927974683,8.093162837699879,9272004.362338461,927003.4766721958,9789667.245186064,978776.9314463449,6.840538196641193e-10,6.84199159939379e-09,6.478820823168288e-10,6.480077120971347e-09,,
65,130.0,0.19027650000000002,0.006342550000000001,4357376.828830293,-319646.1428029407,440959.72100336076,2198612.2740952442,-24924383.339926064,4071.5283499999996,Main Bearing_DW,1235.3788142769067,1197.6704012671562,13.891820051924096,39403919.352097645,3939396.215601215,68253055.02940471,6823724.336970585,1.609624145081994e-10,1.6100309927906112e-09,9.292697590265388e-11,9.294850856791493e-10,,
66,132.0,0.23842444999999998,0.007947481666666666,4449500.513853119,-64295.3511954527,395647.7934860291,6632686.635902114,-20324190.08445062,7520.38,Main Bearing_UW,1574.0245447125665,1525.4502326035192,8.898967959222867,12722667.444877587,1333202.727734553,13524142.139135908,1410941.045749324,6.246710213168771e-10,5.96119517409887e-09,5.876514447203562e-10,5.632752474392656e-09,,
66,132.0,0.23842444999999998,0.007947481666666666,4449500.513853119,-64295.3511954527,395647.7934860291,6632686.635902114,-20324190.08445062,7520.38,Main Bearing_DW,1173.790214352539,1137.9622550646677,16.33873263147942,58471596.173993215,6185233.280783654,104304332.29274736,10977164.410159776,1.3592038163311708e-10,1.284912194234934e-09,7.619512528358595e-11,7.240013331048385e-10,,
67,134.0,0.24134535000000001,0.008044845,4383324.695732643,185676.45393295283,478054.36405480537,4252812.2757596625,-21218340.923741866,-38.232999999999386,Main Bearing_UW,1580.3494935628296,1531.579161651257,8.79858970618363,12250568.769286359,1287991.862203382,13055582.599996407,1366223.664959694,6.566915505318732e-10,6.24603713430114e-09,6.161996171662392e-10,5.888380655620789e-09,,
67,134.0,0.24134535000000001,0.008044845,4383324.695732643,185676.45393295283,478054.36405480537,4252812.2757596625,-21218340.923741866,-38.232999999999386,Main Bearing_DW,1175.3310804752837,1139.4554841177219,16.157011907518996,58851471.82288832,6252272.247938665,103960558.14288887,10983233.317602552,1.3669743085118943e-10,1.2867074050801827e-09,7.738362648017666e-11,7.324660022569792e-10,,
68,136.0,0.22894975,0.0076316583333333335,4439258.022964997,-74619.71707000228,453116.17916961474,5143661.323530223,-24153052.758911766,8105.618799999998,Main Bearing_UW,1629.9908459369951,1579.4547880821558,8.133045975294374,9425190.196463695,974997.6930288654,9960481.569110785,1027309.9765836615,8.09708682186245e-10,7.827360400849065e-09,7.661937106535548e-10,7.428778564686538e-09,,
68,136.0,0.22894975,0.0076316583333333335,4439258.022964997,-74619.71707000228,453116.17916961474,5143661.323530223,-24153052.758911766,8105.618799999998,Main Bearing_DW,1230.0434376272083,1192.4980354983445,14.074871549410483,40758703.5842566,4243912.934611624,70756293.04513831,7342349.007566534,1.872399674723984e-10,1.798259872650223e-09,1.0785836856185765e-10,1.0394028294580736e-09,,
69,138.0,0.3016208,0.010054026666666667,4493261.744332379,-144383.18258863356,384067.3714241327,2439156.5807984723,-20622497.500580225,-1377.6074999999996,Main Bearing_UW,1573.9846189262169,1525.4119351609286,8.91031847746391,12776839.974264335,1438587.820384278,13564682.94307232,1510173.0257335533,7.868946223728186e-10,6.988816757798644e-09,7.411914239987012e-10,6.65753294181838e-09,,
69,138.0,0.3016208,0.010054026666666667,4493261.744332379,-144383.18258863356,384067.3714241327,2439156.5807984723,-20622497.500580225,-1377.6074999999996,Main Bearing_DW,1165.4005153073306,1129.8279327178348,16.885875394252338,60522522.469319396,6983661.338285477,109554806.17079957,12477342.317998247,1.6612041693674187e-10,1.4396498025396776e-09,9.177166222166562e-11,8.057827067999882e-10,,
70,140.0,0.30588175,0.010196058333333334,4466171.323801447,-139473.36179722135,468599.1784360517,3645538.8149734135,-23577890.65050212,5458.1025,Main Bearing_UW,1619.304550203876,1569.242609058016,8.263367447628994,9938089.762009287,1119898.8320290358,10524001.813744096,1173332.862407179,1.0259575610103857e-09,9.104445903260822e-09,9.68838519204503e-10,8.689825930908784e-09,,
70,140.0,0.30588175,0.010196058333333334,4466171.323801447,-139473.36179722135,468599.1784360517,3645538.8149734135,-23577890.65050212,5458.1025,Main Bearing_DW,1215.9003643958,1178.7862217123661,14.597209806097174,44583946.75294705,5144851.623805359,77932700.28429155,8882620.83237062,2.2869348893297258e-10,1.981798325564126e-09,1.308315802755329e-10,1.1478659874995676e-09,,
71,142.0,0.25892375,0.008630791666666667,4591339.75827698,-222311.61582481297,512338.51407940075,4011357.2468194435,-21400255.889678914,-3254.43765,Main Bearing_UW,1591.3327059582848,1542.2223547116942,8.630915534039824,11489529.728598282,1232597.368113552,12236919.266259747,1304317.767052515,7.511875481886778e-10,7.0021175526894056e-09,7.053075597600715e-10,6.617092770399386e-09,,
71,142.0,0.25892375,0.008630791666666667,4591339.75827698,-222311.61582481297,512338.51407940075,4011357.2468194435,-21400255.889678914,-3254.43765,Main Bearing_DW,1179.0470953261827,1143.057513780632,16.061515187699396,56838571.70837264,6189373.801221187,100787612.37166591,10890375.541681878,1.5184744104671623e-10,1.394453129485212e-09,8.563345696532259e-11,7.925155228699994e-10,,
72,144.0,0.27930285,0.009310095,4618881.541599202,-325493.42059274303,445344.00145321223,-3529146.198556707,-24442251.087653898,385.8695000000001,Main Bearing_UW,1644.0129350221487,1592.9820899951928,7.958527818367966,8767756.7815673,959486.5415963236,9231469.663736982,1002365.9803949628,1.0618559834566662e-09,9.70320540870802e-09,1.0085170984823654e-09,9.288119491377329e-09,,
72,144.0,0.27930285,0.009310095,4618881.541599202,-325493.42059274303,445344.00145321223,-3529146.198556707,-24442251.087653898,385.8695000000001,Main Bearing_DW,1233.9274295134198,1196.2627473010323,14.09060353122752,38617483.43699534,4301330.060167729,68013157.03090963,7508848.242292681,2.410849742497974e-10,2.16446886655263e-09,1.3688667614368913e-10,1.2398832283707658e-09,,
73,146.0,0.36697875,0.012232625,4447029.12230386,49966.04419569647,395097.3349001839,2312531.155177464,-23802349.70904176,16320.354000000001,Main Bearing_UW,1622.394762052573,1572.2032967214168,8.241071724179637,9848989.584987503,1177431.1612064887,10390175.565825032,1222374.5868854332,1.2420182694320032e-09,1.0389248563343176e-08,1.1773261118161548e-09,1.0007263838140068e-08,,
73,146.0,0.36697875,0.012232625,4447029.12230386,49966.04419569647,395097.3349001839,2312531.155177464,-23802349.70904176,16320.354000000001,Main Bearing_DW,1219.883129693339,1182.647418254729,14.566942894172726,42536931.39635982,5264604.159725616,75098705.83842552,9128101.297130918,2.875765740132075e-10,2.3235602580683957e-09,1.6288729430728715e-10,1.3401061843874228e-09,,
74,148.0,0.31117775000000003,0.010372591666666669,4373007.484664153,203936.1731928252,504987.845342974,-2359362.51711311,-19584465.77006755,-12282.1153,Main Bearing_UW,1547.4776586603502,1499.7262520139816,9.276116729932864,14610555.068967892,1665216.770096722,15659026.86205837,1762095.8193600108,7.099382342220214e-10,6.2289738206661165e-09,6.624033382176086e-10,5.88650830034542e-09,,
74,148.0,0.31117775000000003,0.010372591666666669,4373007.484664153,203936.1731928252,504987.845342974,-2359362.51711311,-19584465.77006755,-12282.1153,Main Bearing_DW,1138.6083587252017,1103.8539586629524,17.815089919719995,76352005.09922509,8957802.1305979,136170701.5611342,15726756.984625462,1.3585224976327362e-10,1.1579393600620128e-09,7.617344662067314e-11,6.595505784699893e-10,,
75,150.0,0.25823785,0.008607928333333332,4322156.919837178,237263.65789516023,455426.188021354,-3370919.1294254046,-26441183.36363668,-3226.3435,Main Bearing_UW,1654.9691648499095,1603.32791354175,7.817843577829178,8261697.461109565,883224.678876843,8700208.084574867,924824.9646901428,1.0419079582438823e-09,9.746023338342003e-09,9.893933857277342e-10,9.307629726688194e-09,,
75,150.0,0.25823785,0.008607928333333332,4322156.919837178,237263.65789516023,455426.188021354,-3370919.1294254046,-26441183.36363668,-3226.3435,Main Bearing_DW,1261.4327312457644,1222.9295267174539,13.003978668834858,33742652.46145522,3652069.654237876,57494914.66705567,6183044.848477776,2.5510526604766205e-10,2.3570000433438224e-09,1.497163424483807e-10,1.3921827423672247e-09,,
76,152.0,0.27607885,0.009202628333333332,4184099.55393133,130743.31439730176,279606.52736454265,-3274337.367578053,-22475108.350648288,-3889.3480000000004,Main Bearing_UW,1588.0234017481007,1539.0145827163274,8.722828242211298,11902470.174309438,1302292.4860044473,12568097.18699605,1363577.5631969965,7.731696192943625e-10,7.066483476049101e-09,7.322212898588262e-10,6.748885125212218e-09,,
76,152.0,0.27607885,0.009202628333333332,4184099.55393133,130743.31439730176,279606.52736454265,-3274337.367578053,-22475108.350648288,-3889.3480000000004,Main Bearing_DW,1199.2593553929428,1162.653945346594,15.357283402036447,48655097.12431611,5412946.263376718,86590044.17857395,9544369.426560786,1.8914006706882476e-10,1.7001144821254006e-09,1.0627813417388755e-10,9.64194481798197e-10,,
77,154.0,0.2776855,0.009256183333333333,4038322.1859732238,-135765.61100015955,395256.7193007525,-8861676.729018688,-17263997.331067782,7816.585000000001,Main Bearing_UW,1510.7633381635894,1464.1479892665793,9.888589564686757,18081198.053432677,1991282.7939683518,19408508.62855131,2116468.9125312967,5.119231206903386e-10,4.648351987658687e-09,4.769136830903545e-10,4.373408595103312e-09,,
77,154.0,0.2776855,0.009256183333333333,4038322.1859732238,-135765.61100015955,395256.7193007525,-8861676.729018688,-17263997.331067782,7816.585000000001,Main Bearing_DW,1129.198079030705,1094.7337156846804,18.00432011084986,84443245.3161063,9485013.626089614,148284992.90389746,16460062.496681176,1.0961425391318839e-10,9.758745425386783e-10,6.24215785567202e-11,5.623419312775784e-10,,
78,156.0,0.29407485,0.009802495,3838152.1838149233,-289429.9530754035,418009.9546680456,-4032149.512628103,-18131793.52781016,11711.473999999998,Main Bearing_UW,1497.501706388998,1451.2970430192488,10.120638544285827,19534655.04200974,2194472.529548707,21010398.778960474,2331849.6436825935,5.018002610703645e-10,4.4669025781862405e-09,4.665544477821184e-10,4.203742306694923e-09,,
78,156.0,0.29407485,0.009802495,3838152.1838149233,-289429.9530754035,418009.9546680456,-4032149.512628103,-18131793.52781016,11711.473999999998,Main Bearing_DW,1111.0934556420093,1077.1807163016115,18.934703797229897,96207744.41136009,11078205.795893356,169818468.7556027,19267388.819262546,1.018888350410441e-10,8.848449993259506e-10,5.7723374093706126e-11,5.0876094793914e-10,,
79,158.0,0.3844465,0.012814883333333334,3876965.3781963647,-188380.278707208,207826.37071146732,-11970235.997475471,-16545106.757348381,-593.8798,Main Bearing_UW,1510.8594971925315,1464.2403992840293,9.931257240820871,18342567.913412295,2262106.236088946,19537262.29051718,2357490.9003243335,6.986417274738803e-10,5.6650227689967135e-09,6.559201152534715e-10,5.43581454824293e-09,,
79,158.0,0.3844465,0.012814883333333334,3876965.3781963647,-188380.278707208,207826.37071146732,-11970235.997475471,-16545106.757348381,-593.8798,Main Bearing_DW,1152.0123732329803,1116.8529116909654,16.99356143814973,70941737.66453731,9082779.367855703,124510619.91667564,15558754.67619745,1.8063954669296603e-10,1.4108988905626935e-09,1.0292201052335331e-10,8.236445396840258e-10,,
80,160.0,0.3138321,0.01046107,4073942.98492639,-162516.59137915375,277092.08528802183,4273462.177802499,-20850087.74222192,-13906.734349999999,Main Bearing_UW,1556.2680886997305,1508.2432311472178,9.186551140958743,14145588.559403485,1615922.9628494647,15002995.431137344,1691735.9317520838,7.395287906239752e-10,6.473743019007105e-09,6.972654259621386e-10,6.183630555843169e-09,,
80,160.0,0.3138321,0.01046107,4073942.98492639,-162516.59137915375,277092.08528802183,4273462.177802499,-20850087.74222192,-13906.734349999999,Main Bearing_DW,1171.7746240049942,1136.0090095977969,16.4231456066323,59285992.62553505,6945289.908104767,105818161.29990256,12217348.50392053,1.7645095471496443e-10,1.5062107037162714e-09,9.885892810357906e-11,8.562471633385146e-10,,
81,162.0,0.24562089999999998,0.008187363333333333,4021418.628929419,-336980.21133003384,463278.5996760894,-7472388.816430394,-17181878.748814423,-13657.4795,Main Bearing_UW,1504.3420332209525,1457.9259773395006,9.982411421057359,18659396.029417757,1977527.3728537643,20099720.199981034,2117529.578019564,4.387796539837313e-10,4.140202277715211e-09,4.0733717941710745e-10,3.866469407709822e-09,,
81,162.0,0.24562089999999998,0.008187363333333333,4021418.628929419,-336980.21133003384,463278.5996760894,-7472388.816430394,-17181878.748814423,-13657.4795,Main Bearing_DW,1114.4694555483527,1080.4540315437882,18.712063789434804,94487059.86616951,10140017.996711822,166096324.57662728,17694146.498640902,8.665063073112687e-11,8.074308483464535e-10,4.9292862766244746e-11,4.627159232553098e-10,,
82,164.0,0.16164325,0.005388108333333333,4000329.583425092,-383699.6251890646,349030.73884049396,-8750470.16080005,-17350569.337696023,3013.2129999999993,Main Bearing_UW,1514.8708610000288,1468.1284187385138,9.837604913735781,17772313.066999916,1776823.126736873,19018234.10090312,1901430.9619931942,3.031742864882405e-10,3.032439330767023e-09,2.8331275683884173e-10,2.833712315110928e-09,,
82,164.0,0.16164325,0.005388108333333333,4000329.583425092,-383699.6251890646,349030.73884049396,-8750470.16080005,-17350569.337696023,3013.2129999999993,Main Bearing_DW,1132.4951232551482,1097.929853204241,17.98692774363643,80921448.28680634,8089915.579047086,143431065.5840277,14339547.665070934,6.658442782977013e-11,6.660277577294571e-10,3.756583911158885e-11,3.757516247501995e-10,,
83,166.0,0.08784755,0.0029282516666666665,4247003.364584752,-306436.8812322933,238515.45534372775,-7529145.431744553,-22060817.50380269,-6854.366000000001,Main Bearing_UW,1599.390357866009,1550.029199145843,8.572149798568846,11230830.451985236,1122838.9255636272,11819931.677799892,1181759.9046047586,2.6073331613238355e-10,2.6079000291130655e-09,2.4773845961956674e-10,2.4778735978912947e-09,,
83,166.0,0.08784755,0.0029282516666666665,4247003.364584752,-306436.8812322933,238515.45534372775,-7529145.431744553,-22060817.50380269,-6854.366000000001,Main Bearing_DW,1212.1629594840956,1175.1642068491767,14.923041826236648,44216389.271702595,4420506.043469815,78785852.85723658,7876735.9527330045,6.622548143117322e-11,6.624245364379541e-10,3.7167226862071124e-11,3.717595313894769e-10,,
84,168.0,0.0599839405,0.0019994646833333333,4291366.722826565,-456060.49136862473,462232.9249467634,-12086139.632801801,-20139102.564298004,-2338.73905,Main Bearing_UW,1592.5222019280907,1543.373777487851,8.620439677535996,11443110.428776838,1144061.749536515,12188950.662583174,1218653.83401116,1.7473087372338305e-10,1.7476894792989638e-09,1.6403911531705155e-10,1.640715868223349e-09,,
84,168.0,0.0599839405,0.0019994646833333333,4291366.722826565,-456060.49136862473,462232.9249467634,-12086139.632801801,-20139102.564298004,-2338.73905,Main Bearing_DW,1205.7079908676483,1168.9066943061318,14.749366731372769,49747607.55602848,4973468.0011419095,85234553.8448304,8521439.599784805,4.0192177705861065e-11,4.0202624866074454e-10,2.3458381526503453e-11,2.346393071170541e-10,,
85,170.0,0.170758725,0.0056919575,4166714.854820935,-443701.2357897128,536776.6525273998,-5075832.724388327,-20198832.55213356,20479.075,Main Bearing_UW,1554.6084218126396,1506.635433114477,9.159840553092659,14008955.145133248,1400582.8241885684,15036568.496248966,1503353.3282249076,4.063084963176146e-10,4.063992076511185e-09,3.7854098835249014e-10,3.786174143586597e-09,,
85,170.0,0.170758725,0.0056919575,4166714.854820935,-443701.2357897128,536776.6525273998,-5075832.724388327,-20198832.55213356,20479.075,Main Bearing_DW,1154.96526685947,1119.711600654485,16.802081434595372,70412875.67776716,7039379.917110073,122645129.2948964,12261513.284070296,8.083688452163634e-11,8.085879107284722e-10,4.640997594216616e-11,4.642132963632458e-10,,
86,172.0,0.16267864999999998,0.005422621666666666,4213782.777383927,-217222.46407654558,286484.09554340685,-7023135.067394648,-20415942.01695604,-15535.1835,Main Bearing_UW,1567.8562476353213,1519.4725861848497,9.011579065097834,13267294.10475464,1326435.201038801,14053032.003444748,1405021.3177734977,4.0872099644820155e-10,4.0881165264763225e-09,3.8586844926685194e-10,3.859458641709266e-09,,
86,172.0,0.16267864999999998,0.005422621666666666,4213782.777383927,-217222.46407654558,286484.09554340685,-7023135.067394648,-20415942.01695604,-15535.1835,Main Bearing_DW,1179.2052802853368,1143.2126308096676,16.16206380836002,55928322.43260446,5591358.309712421,100015362.04970407,9999136.153592156,9.695663003661714e-11,9.698218869728573e-10,5.421788768781156e-11,5.423090138360209e-10,,
87,174.0,0.12470229,0.004156743,4158760.6164428005,-73570.54507293449,384129.0414508201,3221341.834521981,-28011478.553693354,7618.078700000001,Main Bearing_UW,1671.675486523548,1619.4643663417964,7.636599786905412,7640342.048584561,763875.6315384669,8005190.140223723,800366.7420189147,5.440519512827403e-10,5.4416489129627074e-09,5.192559985694269e-10,5.193547884704292e-09,,
87,174.0,0.12470229,0.004156743,4158760.6164428005,-73570.54507293449,384129.0414508201,3221341.834521981,-28011478.553693354,7618.078700000001,Main Bearing_DW,1286.7808621115196,1247.504717641003,12.26490170677666,28741344.7220467,2873435.1728906846,48513586.73393212,4850269.716156884,1.446259053012045e-10,1.4466110247471858e-09,8.568203836993621e-11,8.570127525389659e-10,,
88,176.0,0.1967908,0.006559693333333333,3979026.9753506407,-164739.1793335492,532375.6430111299,-4540564.918489384,-21422486.10979295,4325.125,Main Bearing_UW,1559.3630073046525,1511.2419327738228,9.084536855465105,13628728.363896301,1362569.6357155156,14634253.600350425,1463130.7215402431,4.81313674921465e-10,4.814207774334185e-09,4.4824242578222494e-10,4.483326907679117e-09,,
88,176.0,0.1967908,0.006559693333333333,3979026.9753506407,-164739.1793335492,532375.6430111299,-4540564.918489384,-21422486.10979295,4325.125,Main Bearing_DW,1171.4956339814871,1135.7374710882068,15.937116947447473,64533182.822977036,6451588.122357573,110086200.28839321,11005954.02474857,1.0164837756921784e-10,1.0167563720630473e-09,5.958688115448513e-11,5.960131505713054e-10,,
89,178.0,0.27103845,0.009034615,3937331.117472741,-119173.63350531687,432134.9686859537,-5048196.347523122,-24406634.527207665,19986.60965,Main Bearing_UW,1606.7932449213765,1557.0283122349706,8.429536301899265,10620011.394854553,1154127.203017781,11278795.016545674,1216521.4688320132,8.507161305285712e-10,7.828092931504023e-09,8.010266155867249e-10,7.426597254115184e-09,,
89,178.0,0.27103845,0.009034615,3937331.117472741,-119173.63350531687,432134.9686859537,-5048196.347523122,-24406634.527207665,19986.60965,Main Bearing_DW,1228.2619939054985,1190.7714927824688,13.925482499872585,43254635.76742651,4773409.522826345,73137187.63706729,8001407.0137156965,2.088704445132246e-10,1.89269639589829e-09,1.2352970208306298e-10,1.129128287626566e-09,,
90,180.0,0.41458310000000004,0.013819436666666667,4061102.5347881434,-210748.85566664167,277620.07602492464,3842061.329080239,-29400677.189050067,8925.494,Main Bearing_UW,1688.692484548736,1635.94676920797,7.457959764936877,7060673.867776866,872889.4098922627,7347367.05228001,892414.0918722466,1.9572404738498247e-09,1.5831829908868233e-08,1.880869237692197e-09,1.5485453213400162e-08,,
90,180.0,0.41458310000000004,0.013819436666666667,4061102.5347881434,-210748.85566664167,277620.07602492464,3842061.329080239,-29400677.189050067,8925.494,Main Bearing_DW,1311.680750700117,1271.6457965310606,11.639518979435111,24334876.463022415,3113771.3136166674,40992251.24001773,5149476.168029812,5.678860415694209e-10,4.438166864160392e-09,3.371231451952013e-10,2.6836587287195812e-09,,
91,182.0,0.49700645000000004,0.01656688166666667,4266962.995051657,-434923.86024165375,462813.3426302127,-3073144.064198672,-24748859.35996822,18587.5135,Main Bearing_UW,1628.8165533314923,1578.2848417203172,8.142367786450553,9461247.777165085,1259950.7231314925,10007529.530944172,1299064.8658919267,1.7510250293466763e-09,1.3148833015858902e-08,1.6554416967184953e-09,1.2752928742547425e-08,,
91,182.0,0.49700645000000004,0.01656688166666667,4266962.995051657,-434923.86024165375,462813.3426302127,-3073144.064198672,-24748859.35996822,18587.5135,Main Bearing_DW,1232.5547248080782,1194.9323964233336,13.936882988477064,40574296.983086966,5712850.914927062,69923440.3358883,9558882.94499628,4.0830976501139193e-10,2.8999324353763892e-09,2.369288694475706e-10,1.7331399246120923e-09,,
92,184.0,0.4938656,0.016462186666666666,4210831.679360256,-395806.1361668613,448755.231233969,9314903.129558882,-26484647.804258354,-10315.213549999999,Main Bearing_UW,1659.5936925208598,1607.762425656561,7.762240589219633,8067451.503646673,1065906.6132837574,8508177.157088421,1097613.8753784746,2.040568407411607e-09,1.5444304840131647e-08,1.9348664658388685e-09,1.4998158310444322e-08,,
92,184.0,0.4938656,0.016462186666666666,4210831.679360256,-395806.1361668613,448755.231233969,9314903.129558882,-26484647.804258354,-10315.213549999999,Main Bearing_DW,1281.8729828769078,1242.747844454833,12.293193808392962,30809288.120252695,4277111.961758362,50929091.571053825,6881231.036186037,5.343254476511301e-10,3.848902440210824e-09,3.232373906316278e-10,2.392331630793628e-09,,
93,186.0,0.36244,0.012081333333333333,4188245.7975879107,-203525.6015982836,298119.21638376906,4517338.115392969,-28260874.016414337,-16514.9865,Main Bearing_UW,1678.5744207026926,1626.1464446123769,7.564516451180787,7402582.74875159,876054.7036226705,7718007.635696773,900542.9469380861,1.6320429968001089e-09,1.3790615224568143e-08,1.5653435321125648e-09,1.3415610409709806e-08,,
93,186.0,0.36244,0.012081333333333333,4188245.7975879107,-203525.6015982836,298119.21638376906,4517338.115392969,-28260874.016414337,-16514.9865,Main Bearing_DW,1296.357807163926,1256.7898922726952,12.074686449611228,26535980.59723986,3230158.7780464957,45179330.0573193,5418273.895304921,4.5528120918923093e-10,3.740167020718333e-09,2.674084214618869e-10,2.229738393956446e-09,,
94,188.0,0.38212435,0.012737478333333333,4170574.0675941953,-205146.06439459647,337837.5585931926,10681197.317326471,-25446749.503260557,27341.754,Main Bearing_UW,1649.5444099573137,1598.0289730973295,7.895675180888945,8539064.17005136,1031590.6118464334,8975480.386545524,1066653.9362333585,1.4916714618455338e-09,1.2347415910013617e-08,1.4191416820905923e-09,1.1941528457029644e-08,,
94,188.0,0.38212435,0.012737478333333333,4170574.0675941953,-205146.06439459647,337837.5585931926,10681197.317326471,-25446749.503260557,27341.754,Main Bearing_DW,1276.5352001956576,1237.5726595078866,12.503428413373271,31064735.944149517,3875190.557826682,52211186.31765728,6397678.009692437,4.1003014982112563e-10,3.286929544047216e-09,2.4396071477551645e-10,1.9909533293229425e-09,,
95,190.0,0.55314485,0.018438161666666668,4229655.531141362,-249672.53317784634,517591.2424650321,12317305.856778618,-24593556.45268266,-1954.8735000000001,Main Bearing_UW,1643.2817647433615,1592.0059669119803,7.9417523718501455,8706304.179918943,1204887.5191743495,9251002.85602852,1244528.2498934455,2.117794334500076e-09,1.530280741832353e-08,1.993098689257374e-09,1.4815382188588579e-08,,
95,190.0,0.55314485,0.018438161666666668,4229655.531141362,-249672.53317784634,517591.2424650321,12317305.856778618,-24593556.45268266,-1954.8735000000001,Main Bearing_DW,1270.6565247075139,1231.8735327881025,12.532602993463662,34369743.27693822,5047798.363255038,55768696.491636835,7920669.089378352,5.36464922594825e-10,3.6527135871522702e-09,3.3061848001829635e-10,2.327854056091336e-09,,
96,192.0,0.5444388499999999,0.018147961666666663,4185586.308865016,-177362.0583392177,485332.3905328909,8110373.163239167,-22609392.34645031,1484.3715000000004,Main Bearing_UW,1597.196150734882,1547.9016584026865,8.552520650304865,11145335.25359699,1547856.8894090927,11879149.487677446,1600277.1978855927,1.6283011011992378e-09,1.1724573370342267e-08,1.527715573029199e-09,1.1340511313068213e-08,,
96,192.0,0.5444388499999999,0.018147961666666663,4185586.308865016,-177362.0583392177,485332.3905328909,8110373.163239167,-22609392.34645031,1484.3715000000004,Main Bearing_DW,1212.3752959645303,1175.3702844819527,14.450855662071099,48202003.62959955,7140010.122192156,81775097.1109589,11682313.524246251,3.7649807684596934e-10,2.5417277225224437e-09,2.2192528419797627e-10,1.5534561394026256e-09,,
97,194.0,0.4121768,0.013739226666666667,4207269.504074847,-189615.98529305652,312568.0575794771,17396221.12071122,-19594901.946953185,-17397.481,Main Bearing_UW,1599.3879932850045,1549.8668146438533,8.531910518107953,11056058.76228341,1380249.4886063193,11744882.77309718,1436528.4050784665,1.2426875582044302e-09,9.954161751249472e-09,1.169805346898628e-09,9.564187257345739e-09,,
97,194.0,0.4121768,0.013739226666666667,4207269.504074847,-189615.98529305652,312568.0575794771,17396221.12071122,-19594901.946953185,-17397.481,Main Bearing_DW,1251.0700954181618,1212.887497111947,13.096503247366774,38664003.43981597,5006169.092642026,63479738.29719584,8033567.366171134,3.553493028225342e-10,2.744459168760465e-09,2.1643483472384738e-10,1.7102273548513105e-09,,
98,196.0,0.2982355,0.009941183333333332,4441901.147924611,-202818.7404844903,481323.3383884223,2941801.454817034,-26360207.648068972,-23180.36425,Main Bearing_UW,1660.3204652313864,1608.5132391485838,7.758275060822385,8053721.514090816,897910.5055589249,8477724.572701382,936497.4089031528,1.2343589626162523e-09,1.1071463438491808e-08,1.1726240040097961e-09,1.0615281194399325e-08,,
98,196.0,0.2982355,0.009941183333333332,4441901.147924611,-202818.7404844903,481323.3383884223,2941801.454817034,-26360207.648068972,-23180.36425,Main Bearing_DW,1259.9366635817714,1221.478732886764,13.07570932092249,33800171.46411007,3846715.243859588,57859523.933861606,6516189.623625448,2.9411635807496267e-10,2.58433044899858e-09,1.7181585083031372e-10,1.5256129590351457e-09,,
99,198.0,0.1789561,0.005965203333333334,4335885.451227244,-90224.36024223984,496918.47463659,10497299.683094127,-18886078.145193283,-2141.7069,Main Bearing_UW,1556.921075517764,1508.8762970213515,9.129327561453128,13854004.724830013,1385091.6531701365,14860048.948989142,1485705.2698610446,4.3057610068820923e-10,4.3067210171113515e-09,4.014255507374434e-10,4.015065069999549e-09,,
99,198.0,0.1789561,0.005965203333333334,4335885.451227244,-90224.36024223984,496918.47463659,10497299.683094127,-18886078.145193283,-2141.7069,Main Bearing_DW,1169.2897968186326,1133.6008221900954,16.08695377315717,64711508.315894105,6469415.316154075,111246943.21513824,11121997.646501005,9.218149118412978e-11,9.220622021959654e-10,5.3621278580188455e-11,5.363427976636908e-10,,
100,200.0,0.30810515,0.010270171666666666,4456190.454868713,-373638.23606934183,415093.5347270492,4725251.422146375,-24558259.844709564,25003.2645,Main Bearing_UW,1634.8911638632997,1584.1627219884315,8.071361891309587,9189010.864196982,1036652.7838216397,9687373.63706312,1081353.2201133354,1.1176580176526067e-09,9.907050679790284e-09,1.0601605813338104e-09,9.49751799471246e-09,,
100,200.0,0.30810515,0.010270171666666666,4456190.454868713,-373638.23606934183,415093.5347270492,4725251.422146375,-24558259.844709564,25003.2645,Main Bearing_DW,1236.5902312336414,1198.844938850486,13.892178776962515,38651521.47192413,4461288.6892175665,67294352.10135849,7675289.955919829,2.657119636060578e-10,2.3020639062180658e-09,1.5261565563775358e-10,1.3380825643916483e-09,,
101,202.0,0.4314835,0.014382783333333335,4353649.743132087,-473796.4408380118,365150.375495071,4397523.154860223,-24562987.821394555,11356.833,Main Bearing_UW,1629.5091999406752,1578.9669121566192,8.15225610576319,9499602.084779026,1200589.6979619372,10005888.239392962,1238382.129939159,1.5140406098039103e-09,1.197976574157587e-08,1.4374319389965433e-09,1.1614172221655002e-08,,
101,202.0,0.4314835,0.014382783333333335,4353649.743132087,-473796.4408380118,365150.375495071,4397523.154860223,-24562987.821394555,11356.833,Main Bearing_DW,1236.1800965023226,1198.4476812760627,13.921848229733966,38683499.302802816,5106961.499040959,67459020.13512112,8701143.714226458,3.718066770730648e-10,2.8163093330612125e-09,2.132077119490391e-10,1.652976184017894e-09,,
102,204.0,0.39392869999999996,0.013130956666666665,4347853.762402929,53561.347574415326,448027.3483816649,10341018.327107808,-14410760.276051437,-12916.727499999999,Main Bearing_UW,1487.3200274552112,1441.431750610166,10.288816183629104,20637831.369962037,2576577.8191023846,22263580.52097473,2715082.6562336665,6.362566120090756e-10,5.0962779269912225e-09,5.897953680135083e-10,4.8363008899632496e-09,,
102,204.0,0.39392869999999996,0.013130956666666665,4347853.762402929,53561.347574415326,448027.3483816649,10341018.327107808,-14410760.276051437,-12916.727499999999,Main Bearing_DW,1096.6895035281348,1063.2204032678912,19.70311709826643,107078820.91134326,14042665.103058713,189642229.39667037,24152392.300486937,1.22628887345879e-10,9.350758257281617e-10,6.924067866340539e-11,5.436710576451647e-10,,
103,206.0,0.32298269999999996,0.010766089999999999,4273976.581619891,81364.9013168934,480015.905387941,4838251.516226303,-23016692.86786855,-13739.966,Main Bearing_UW,1602.9732879331523,1553.5011073870899,8.480066604434935,10833702.601260452,1243831.4459783444,11516570.409430908,1305681.820237269,9.937590495374511e-10,8.655585959665021e-09,9.348347309354926e-10,8.245569351684456e-09,,
103,206.0,0.32298269999999996,0.010766089999999999,4273976.581619891,81364.9013168934,480015.905387941,4838251.516226303,-23016692.86786855,-13739.966,Main Bearing_DW,1206.7102571178505,1169.876992591239,14.80350991063473,48533485.00885421,5727430.06804329,83962670.8656288,9762695.811896507,2.2182808421929492e-10,1.8797418514230953e-09,1.282247204502309e-10,1.1027783931238325e-09,,
104,208.0,0.3315751,0.011052503333333333,4364264.708318923,-254470.81515258795,391420.9978513764,4988951.955596532,-20546304.82457415,17809.660499999998,Main Bearing_UW,1567.6968875470136,1519.3185979863497,8.996550470422102,13193684.68468772,1533210.766734153,14035520.442189915,1607727.1861980294,8.377116474642302e-10,7.208730575820273e-09,7.874665837192745e-10,6.874613695791518e-09,,
104,208.0,0.3315751,0.011052503333333333,4364264.708318923,-254470.81515258795,391420.9978513764,4988951.955596532,-20546304.82457415,17809.660499999998,Main Bearing_DW,1168.706177916359,1133.0334271983643,16.542111771380142,60751796.18371094,7278541.464112049,108374353.3280027,12768269.269054417,1.8192883219306004e-10,1.5185052373239026e-09,1.0198449166180623e-10,8.656226697944515e-10,,
105,210.0,0.3452558,0.011508526666666666,4291849.835551606,-171362.8434066291,436607.28259635635,2438927.7029084032,-17044832.188582502,3265.1279999999997,Main Bearing_UW,1500.8395914578045,1454.5331103511744,10.063592120777207,19170029.73380533,2275595.862365144,20593896.303365298,2401404.167186697,6.003395313660882e-10,5.057368426881064e-09,5.58831922679247e-10,4.792415547504102e-09,,
105,210.0,0.3452558,0.011508526666666666,4291849.835551606,-171362.8434066291,436607.28259635635,2438927.7029084032,-17044832.188582502,3265.1279999999997,Main Bearing_DW,1091.509241710748,1058.1944258667013,20.558441063649713,105450770.06852627,13020394.587235764,192343920.9698493,23229230.643657587,1.0913648766327596e-10,8.838846311116238e-10,5.98330667724647e-11,4.954329673337204e-10,,
106,212.0,0.43177515,0.014392505,4183650.545156117,140101.4200375723,484033.20066589874,2425384.65430003,-23302126.897470046,12138.1395,Main Bearing_UW,1598.4780383316133,1549.1450765075933,8.536914656232279,11077688.897394426,1406577.3418479147,11788040.162201269,1464174.3877897088,1.2992335435042997e-09,1.0232288386710114e-08,1.2209412932058064e-09,9.829775141557192e-09,,
106,212.0,0.43177515,0.014392505,4183650.545156117,140101.4200375723,484033.20066589874,2425384.65430003,-23302126.897470046,12138.1395,Main Bearing_DW,1204.0922530542143,1167.338617139607,14.8716172929982,49689834.00583472,6618684.673715065,85755791.164851,11128687.615632337,2.8964687220146463e-10,2.1745264670422033e-09,1.6783128934502912e-10,1.293279629826523e-09,,
107,214.0,0.4235029,0.014116763333333334,4208457.044653092,-188389.94787519966,309155.002549885,3650492.386217543,-13474806.514446462,-18176.081,Main Bearing_UW,1434.3230959456334,1390.5640146600877,11.353122324761813,28652581.450518038,3716526.76411086,30762750.10664504,3873501.719543488,4.926873118819144e-10,3.798375265221754e-09,4.5889146075675404e-10,3.644444834529999e-09,,
107,214.0,0.4235029,0.014116763333333334,4208457.044653092,-188389.94787519966,309155.002549885,3650492.386217543,-13474806.514446462,-18176.081,Main Bearing_DW,1027.6446019211126,996.3911012963009,25.28222084434196,165233508.08425277,22802101.336387273,311144332.4439241,41381125.584989876,8.543523342816869e-11,6.190992279648368e-10,4.537046592638008e-11,3.4114014864916796e-10,,
108,216.0,0.3479097,0.01159699,4179011.825866108,-256147.75476892033,388727.5698393016,-8307947.979555076,-25049957.84420123,7784.46455,Main Bearing_UW,1641.641480738054,1590.4993655319013,7.994685275245566,8901241.907485437,1043279.6591624497,9376449.961256295,1083819.9383014112,1.3028507842537784e-09,1.111589773475515e-08,1.2368209768002843e-09,1.0700107637967136e-08,,
108,216.0,0.3479097,0.01159699,4179011.825866108,-256147.75476892033,388727.5698393016,-8307947.979555076,-25049957.84420123,7784.46455,Main Bearing_DW,1257.2599941790022,1218.8848837960495,13.114742514833512,34767857.31666761,4192769.711298426,59210689.35070392,7030991.484178449,3.335549238589528e-10,2.765949670154581e-09,1.9585973625997197e-10,1.6494103322548789e-09,,
109,218.0,0.35471624999999996,0.011823875,4068877.338035374,-39722.13366053624,446488.7832549736,1364462.1975840852,-20312721.32703073,-5919.446,Main Bearing_UW,1542.1151968672052,1494.5290405134594,9.372651489419738,15123567.898763979,1803501.7071448439,16192748.224133538,1897731.0787591399,7.818178275885774e-10,6.556065321789237e-09,7.30195692314773e-10,6.230532414387827e-09,,
109,218.0,0.35471624999999996,0.011823875,4068877.338035374,-39722.13366053624,446488.7832549736,1364462.1975840852,-20312721.32703073,-5919.446,Main Bearing_DW,1148.0970594779506,1113.0533996680845,17.223497348128504,72652635.22274959,8989681.560463233,127972747.379847,15506228.713079466,1.6274530116834098e-10,1.315271839216374e-09,9.239369508028558e-11,7.625242229289827e-10,,
110,220.0,0.30883625000000003,0.010294541666666667,4163836.7826407976,-268826.7216440555,370901.71105195506,-6991930.809390088,-16749775.455482678,-270.61939999999987,Main Bearing_UW,1504.330657583643,1457.915428463572,10.014944794481137,18862875.45730075,2153159.1392513006,20210992.282595973,2275627.1714438526,5.457567532569502e-10,4.78113367423752e-09,5.093535994039972e-10,4.5238261327908685e-09,,
110,220.0,0.30883625000000003,0.010294541666666667,4163836.7826407976,-268826.7216440555,370901.71105195506,-6991930.809390088,-16749775.455482678,-270.61939999999987,Main Bearing_DW,1109.8600681060796,1075.9858028081242,19.361864610675802,93257432.25730258,10949831.936956432,168246154.45720667,19432306.387028072,1.1038843143636466e-10,9.40155221188545e-10,6.118738166633745e-11,5.297642730426858e-10,,
111,222.0,0.3913337,0.013044456666666667,4220080.069735115,-566888.0988901531,291827.79107195925,-5595710.232909376,-25322750.162294533,8238.095,Main Bearing_UW,1644.2781875810024,1593.08608124115,7.978325104465652,8840668.966281088,1077592.3903935144,9261234.695052959,1109367.6515086717,1.4755056112177835e-09,1.2105186323655368e-08,1.4085008204828865e-09,1.1758461362134555e-08,,
111,222.0,0.3913337,0.013044456666666667,4220080.069735115,-566888.0988901531,291827.79107195925,-5595710.232909376,-25322750.162294533,8238.095,Main Bearing_DW,1254.826087229165,1216.5247456345915,13.373763288938205,33825728.90717224,4270005.4787563095,59052782.818022765,7316891.68925184,3.8563711967492253e-10,3.0549039647757133e-09,2.2089486801772753e-10,1.78278662862105e-09,,
112,224.0,0.47462995,0.015820998333333332,4037711.123355744,-267107.6996252117,379470.8700354181,-8897489.631401107,-18025198.73573726,4596.119,Main Bearing_UW,1526.127731042943,1479.0365039382175,9.640212653503944,16611215.487932548,2215816.647318055,17782283.59259683,2303567.730453281,9.524286976366492e-10,7.140030449939304e-09,8.897056584970884e-10,6.868041310085629e-09,,
112,224.0,0.47462995,0.015820998333333332,4037711.123355744,-267107.6996252117,379470.8700354181,-8897489.631401107,-18025198.73573726,4596.119,Main Bearing_DW,1143.9061007517669,1108.9923164097138,17.363050809921184,75359747.32690515,10657238.251477657,132406818.3611403,18084759.391636126,2.0993964144681887e-10,1.4845307911868917e-09,1.194877917101027e-10,8.748249280358277e-10,,
113,226.0,0.42303635,0.014101211666666667,3950953.8969459566,-118971.02756370285,392940.81018116325,-5046229.833252279,-22026271.772248026,4109.977,Main Bearing_UW,1570.4425336321572,1521.9779891909218,8.9513817254088,12974171.19299349,1642466.1380675093,13818702.101494618,1710265.8904499093,1.0868680131399698e-09,8.585389579634106e-09,1.0204440014045526e-09,8.245040578431431e-09,,
113,226.0,0.42303635,0.014101211666666667,3950953.8969459566,-118971.02756370285,392940.81018116325,-5046229.833252279,-22026271.772248026,4109.977,Main Bearing_DW,1188.8523167423086,1152.56467462389,15.41946684546874,55259781.673236884,7321130.430639931,95602363.87949668,12337520.713858208,2.5518037240990566e-10,1.926097588379408e-09,1.4749856692289256e-10,1.1429534339770048e-09,,
114,228.0,0.36151095,0.012050365,3882708.3210657104,-538023.2015390806,230939.07851477925,-7006298.578731923,-26805234.64834892,1555.5090000000002,Main Bearing_UW,1653.019406585539,1601.3948999836791,7.878036048830585,8475641.476739103,1004990.5803878269,8857763.773349326,1034832.2056515538,1.4217643623873798e-09,1.1990525319500759e-08,1.3604297098389967e-09,1.1644752583258478e-08,,
114,228.0,0.36151095,0.012050365,3882708.3210657104,-538023.2015390806,230939.07851477925,-7006298.578731923,-26805234.64834892,1555.5090000000002,Main Bearing_DW,1281.2077577067712,1242.1023981261822,12.474296820657246,29330637.88416147,3575408.2587936963,50046922.23338661,6007110.833211752,4.108456504625558e-10,3.3703465808029605e-09,2.407813400353544e-10,2.0060167582353683e-09,,
115,230.0,0.43953144999999993,0.014651048333333331,3761721.7377511454,-658951.735177203,273495.61194418836,-17852623.613441728,-20096384.661150157,-2223.038,Main Bearing_UW,1611.3990783825552,1561.294318069848,8.388198768203349,10447404.465998974,1332955.384350008,11052751.503672106,1379122.257809853,1.4023625084120268e-09,1.0991401891877764e-08,1.325556656952411e-09,1.0623458689297255e-08,,
115,230.0,0.43953144999999993,0.014651048333333331,3761721.7377511454,-658951.735177203,273495.61194418836,-17852623.613441728,-20096384.661150157,-2223.038,Main Bearing_DW,1263.2405388804632,1224.6859271190403,12.764935088741874,35353032.97139565,4689861.145119204,58157127.03512808,7529326.077434587,4.1442125616740104e-10,3.1239833931076735e-09,2.519218035733402e-10,1.9458645013718513e-09,,
116,232.0,0.40613140000000003,0.013537713333333335,3812929.549029385,-454112.59171726706,358024.08932233445,-2375505.3960761186,-24690587.367398627,-9540.374,Main Bearing_UW,1602.7367806656132,1553.1208732688563,8.501682920565209,10926029.696868198,1356382.2816993974,11571924.026127862,1408204.5452553395,1.2390331812125443e-09,9.980750645291586e-09,1.1698757529661431e-09,9.613456638061511e-09,,
116,232.0,0.40613140000000003,0.013537713333333335,3812929.549029385,-454112.59171726706,358024.08932233445,-2375505.3960761186,-24690587.367398627,-9540.374,Main Bearing_DW,1227.6727027284423,1190.2003329120485,14.00134815024033,42746961.93144715,5517769.192985653,72913571.53578873,9202805.984675035,3.166941630856392e-10,2.453475826887226e-09,1.8566794971342908e-10,1.4710419143766587e-09,,
117,234.0,0.3232758,0.01077586,3818848.6599338152,-693525.1136577291,195145.68445376182,-12879194.455498485,-31320038.761347324,-3340.4775,Main Bearing_UW,1739.7639577209152,1685.3451962211009,6.923172183633685,5509723.54305908,625928.3602449177,5673121.965301966,638107.2345765514,1.9557895992032086e-09,1.7215804051095473e-08,1.8994585460893448e-09,1.688722430353085e-08,,
117,234.0,0.3232758,0.01077586,3818848.6599338152,-693525.1136577291,195145.68445376182,-12879194.455498485,-31320038.761347324,-3340.4775,Main Bearing_DW,1377.3380976901942,1334.9904215709498,10.128977218047414,16752780.470517216,1938442.7606593012,27270903.55382976,3124481.1343713473,6.432281506323178e-10,5.559029246927532e-09,3.951412896433607e-10,3.4488478363522357e-09,,
118,236.0,0.2646495,0.008821649999999999,4042173.3363679475,-977539.0250028779,188907.57926063988,-12713281.514459359,-24161540.772943318,-6849.438999999999,Main Bearing_UW,1656.557888915375,1604.82179347455,7.845263528463431,8358682.32347386,899986.4270937671,8710195.154352367,931860.3705509491,1.0553876386982643e-09,9.801981157079045e-09,1.012795906827867e-09,9.46670797341057e-09,,
118,236.0,0.2646495,0.008821649999999999,4042173.3363679475,-977539.0250028779,188907.57926063988,-12713281.514459359,-24161540.772943318,-6849.438999999999,Main Bearing_DW,1279.0479475333186,1240.0085956473185,12.637961351426368,28969271.029161084,3156624.18991961,50196143.722758725,5434054.202962228,3.0451750032370294e-10,2.794646897838244e-09,1.7574357999935956e-10,1.623401179029667e-09,,
119,238.0,0.14413567,0.0048045223333333335,4081323.3882667446,-829260.5051982646,428716.310297116,-13537091.841875426,-25924955.12922339,-34950.2775,Main Bearing_UW,1681.5531475342038,1629.031802681073,7.513969470837965,7238981.261076774,723748.8525614883,7595821.024872702,759438.3355270482,6.637014463853823e-10,6.63838335125395e-09,6.325217929175539e-10,6.326415336933192e-09,,
119,238.0,0.14413567,0.0048045223333333335,4081323.3882667446,-829260.5051982646,428716.310297116,-13537091.841875426,-25924955.12922339,-34950.2775,Main Bearing_DW,1302.7541944548834,1262.9914778854431,11.77053879418348,26827159.15770397,2682068.565551442,44252412.29886485,4424256.267073821,1.790917295823183e-10,1.7913495557282697e-09,1.0857085712944462e-10,1.0859502802967194e-09,,
120,240.0,0.02214932455,0.0007383108183333333,4310515.185088696,-592524.3516113041,514787.7114744879,-13194074.87697991,-30769050.6914074,6961.5245,Main Bearing_UW,1751.6393971811365,1696.8567817909072,6.765131223884276,5101526.128285672,510051.7409115069,5304206.635955795,530323.6204488956,1.4472351993646202e-10,1.44752141618791e-09,1.3919344946490625e-10,1.392189202714346e-09,,
120,240.0,0.02214932455,0.0007383108183333333,4310515.185088696,-592524.3516113041,514787.7114744879,-13194074.87697991,-30769050.6914074,6961.5245,Main Bearing_DW,1369.2623413182764,1327.179592796632,10.254387863991347,18355193.285563365,1835096.1260066289,29199931.218047142,2919367.7990006474,4.0223538202347666e-11,4.023281439430527e-10,2.5284676625437294e-11,2.5290092553122993e-10,,
121,242.0,0.123498935,0.0041166311666666665,4164607.2835315173,-547048.3758632878,342443.0217115692,3738815.516254249,-26504070.490834847,20263.17,Main Bearing_UW,1648.6338023296573,1597.2036406228303,7.91712768636442,8616644.904891927,861483.0551696869,9047056.215402117,904531.5307398518,4.777533729316769e-10,4.778539916674055e-09,4.550243823685242e-10,4.551119587063496e-09,,
121,242.0,0.123498935,0.0041166311666666665,4164607.2835315173,-547048.3758632878,342443.0217115692,3738815.516254249,-26504070.490834847,20263.17,Main Bearing_DW,1264.671129506652,1226.0699348299584,12.941130583570144,32710539.869649388,3270245.6647969536,55990602.37325655,5597786.677767625,1.2585029727639255e-10,1.2588140429267306e-09,7.352360918040313e-11,7.354033663012615e-10,,
122,244.0,0.14693194999999998,0.004897731666666666,4092706.4749560016,-478526.90244763176,439025.8057997095,-7715873.112139421,-32462253.10456395,-4191.253449999999,Main Bearing_UW,1743.547595129867,1689.0562871966242,6.848100519796569,5313081.201629259,531202.5517626371,5516914.822365607,551590.1734010933,9.218251106654976e-10,9.220083093379363e-09,8.877664100977654e-10,8.879294633672236e-09,,
122,244.0,0.14693194999999998,0.004897731666666666,4092706.4749560016,-478526.90244763176,439025.8057997095,-7715873.112139421,-32462253.10456395,-4191.253449999999,Main Bearing_DW,1367.042188606682,1325.0441172305989,10.301589773250162,18407443.616291482,1840319.8096054166,29462796.52209256,2945648.189239044,2.660734303340164e-10,2.661348120638222e-09,1.6623444631245788e-10,1.6627008223721069e-09,,
123,246.0,0.102706255,0.0034235418333333333,3911582.88972218,-429671.7064675205,425024.0644942353,6773843.892587033,-23762177.074386135,-11339.022500000001,Main Bearing_UW,1594.6889614218467,1545.400826858418,8.59453010256529,11328867.26977311,1132640.2194252564,12062182.650676327,1205979.7900638334,3.021963054036115e-10,3.0226207533673537e-09,2.8382440661693806e-10,2.8388053112831375e-09,,
123,246.0,0.102706255,0.0034235418333333333,3911582.88972218,-429671.7064675205,425024.0644942353,6773843.892587033,-23762177.074386135,-11339.022500000001,Main Bearing_DW,1223.0565663012333,1185.7259652817606,14.034063424618225,45510041.18363361,4549834.048099367,76342812.6572397,7632493.903073767,7.52260763623416e-11,7.524542207783321e-10,4.484432409772727e-11,4.4854825654752247e-10,,
124,248.0,0.0659847,0.0021994899999999997,3864374.0876916125,-546433.9238762337,328778.66000152816,-5672067.415486263,-28052363.886573415,6757.805399999999,Main Bearing_UW,1665.6286831319676,1613.6080794534319,7.712757538579366,7897293.792745247,789564.8211715007,8274024.660557142,827244.5951333033,2.7851186212934546e-10,2.7856990851448414e-09,2.6583072812015213e-10,2.658814591161603e-09,,
124,248.0,0.0659847,0.0021994899999999997,3864374.0876916125,-546433.9238762337,328778.66000152816,-5672067.415486263,-28052363.886573415,6757.805399999999,Main Bearing_DW,1292.792887594809,1253.3338972246586,12.066426676861395,28065779.303492326,2805897.0141065614,46919207.54372749,4690870.801630427,7.836910481677981e-11,7.838812290480124e-10,4.687824273140444e-11,4.688873543981457e-10,,
125,250.0,0.128235985,0.004274532833333333,3819585.6752466587,-704516.5243650423,277991.71860377083,-4785036.931124441,-35422024.85971972,5966.3255,Main Bearing_UW,1768.8703021524725,1713.1894305495805,6.630798543817854,4771615.893741805,477067.99454421806,4904689.741787475,490379.90742918337,8.958250053068145e-10,8.960007550741573e-09,8.715195167014813e-10,8.716778090975569e-09,,
125,250.0,0.128235985,0.004274532833333333,3819585.6752466587,-704516.5243650423,277991.71860377083,-4785036.931124441,-35422024.85971972,5966.3255,Main Bearing_DW,1404.1447394014128,1360.8234365566584,9.598599627595238,14694440.690025512,1469114.1926924954,23362770.59590386,2335787.036978765,2.908945582552766e-10,2.9095987599842404e-09,1.8296343816699452e-10,1.8300182189820901e-09,,
126,252.0,0.21180355,0.007060118333333334,3830601.208195134,-711320.8577611201,335683.69661717943,-3741109.696070627,-24430554.318794526,1401.6635,Main Bearing_UW,1604.8267133698619,1555.1472715271677,8.479560212229305,10831546.281577855,1097381.3268215894,11452949.482266203,1158960.8542696934,6.518107525738117e-10,6.43360531182171e-09,6.164454269413527e-10,6.0917660051444884e-09,,
126,252.0,0.21180355,0.007060118333333334,3830601.208195134,-711320.8577611201,335683.69661717943,-3741109.696070627,-24430554.318794526,1401.6635,Main Bearing_DW,1227.7182974244054,1190.2445142471072,14.052825109352494,42201311.506152935,4285470.456236089,72488129.35885575,7351357.625150425,1.6729618301800814e-10,1.6474546739809302e-09,9.739688961184112e-11,9.603829242614037e-10,,
127,254.0,0.17407685,0.005802561666666667,4079980.7207728294,-543470.5789165918,407305.4831010354,-1924104.7718257834,-29875245.68048571,-1718.9350000000002,Main Bearing_UW,1695.989196268853,1643.0139992611287,7.3592759789166635,6754030.18415729,675264.898892103,7056521.108211894,705519.4760348407,8.591258120636695e-10,8.59301538727519e-09,8.222977835231081e-10,8.224523721553674e-09,,
127,254.0,0.17407685,0.005802561666666667,4079980.7207728294,-543470.5789165918,407305.4831010354,-1924104.7718257834,-29875245.68048571,-1718.9350000000002,Main Bearing_DW,1313.6788600267387,1273.5824366468391,11.528685997238956,24696474.461974792,2469057.3981458773,40945174.2198241,4093612.665791332,2.349550611201968e-10,2.350112099874253e-09,1.417153981447046e-10,1.4174671959456086e-09,,
128,256.0,0.1970752,0.006569173333333333,4104724.4083168153,-528968.924763334,334660.0416629255,4518194.7413211595,-30504242.85113782,10891.114,Main Bearing_UW,1706.1056291502766,1652.8124381448586,7.258876132758545,6451746.827666333,645043.4677983611,6711306.149790253,671005.0653948542,1.018200730562373e-09,1.018407853311808e-08,9.788218845505414e-10,9.790050287426208e-09,,
128,256.0,0.1970752,0.006569173333333333,4104724.4083168153,-528968.924763334,334660.0416629255,4518194.7413211595,-30504242.85113782,10891.114,Main Bearing_DW,1328.989523518996,1288.3978539055372,11.175972265942644,22309157.705611743,2230389.2224280466,36963724.545220174,3695563.4152804576,2.9446084070134546e-10,2.9453035673217605e-09,1.7771946453331098e-10,1.7775837119100814e-09,,
129,258.0,0.27809775000000003,0.009269925000000002,4076915.725279199,-611018.4526016063,328142.56837529875,-1907366.4698097701,-25433531.575904317,6728.2705000000005,Main Bearing_UW,1630.0358611468603,1579.3871953926127,8.152354346954686,9499983.682763016,1039181.7563099605,9994639.57472737,1084620.8314397526,9.757832549564862e-10,8.92040775707674e-09,9.274896739088127e-10,8.546696441091652e-09,,
129,258.0,0.27809775000000003,0.009269925000000002,4076915.725279199,-611018.4526016063,328142.56837529875,-1907366.4698097701,-25433531.575904317,6728.2705000000005,Main Bearing_DW,1244.3926712858383,1206.4097821163568,13.612008594372513,36952748.21952834,4107279.0499640536,63989250.18618028,7050824.69497302,2.508588791537065e-10,2.2569503769365587e-09,1.4486691081749888e-10,1.314729184319264e-09,,
130,260.0,0.35501805000000003,0.011833935,4106434.019156931,-541534.1566257695,401086.9925840352,7242927.435784426,-28885354.77305316,8938.633999999998,Main Bearing_UW,1684.6233326053473,1632.0056557467326,7.481681201400269,7135811.363081118,838253.6713436826,7479485.645870488,866997.5378557622,1.6583867478932788e-09,1.4117367337062467e-08,1.5821856689481923e-09,1.3649329419397671e-08,,
130,260.0,0.35501805000000003,0.011833935,4106434.019156931,-541534.1566257695,401086.9925840352,7242927.435784426,-28885354.77305316,8938.633999999998,Main Bearing_DW,1310.2612047755983,1270.269674247092,11.576320867571424,25684085.045731753,3099799.6067778673,42172648.36782653,5015816.345003105,4.6074972026175384e-10,3.817645171037672e-09,2.8060687336458805e-10,2.359323824084846e-09,,
131,262.0,0.43370705000000004,0.014456901666666667,4028061.7309975727,-257096.69042441333,322190.87684986775,10926685.633290945,-22454911.722622328,14441.348999999998,Main Bearing_UW,1597.053414577995,1547.661388140831,8.580839893130463,11268826.545043865,1433913.6761113668,11941180.567404984,1485788.2459603858,1.2829110119744409e-09,1.0082128309057186e-08,1.2106760788902794e-09,9.730122516430324e-09,,
131,262.0,0.43370705000000004,0.014456901666666667,4028061.7309975727,-257096.69042441333,322190.87684986775,10926685.633290945,-22454911.722622328,14441.348999999998,Main Bearing_DW,1230.9725188732002,1193.4009389975624,13.84701863383639,42266413.35942124,5609302.329611305,71597177.5312722,9267285.218597986,3.4204231013711516e-10,2.577308338391604e-09,2.0191999412759232e-10,1.559993172288896e-09,,
132,264.0,0.4637746,0.015459153333333333,4313486.769181997,-328775.6730250195,367563.70103160274,11517415.176252728,-19880813.612010214,-4311.2813,Main Bearing_UW,1573.7536355172997,1525.1868842933957,8.903950686105564,12746428.62671844,1669785.0698058617,13567209.567593781,1731967.8182948285,1.2128223352640608e-09,9.25816957695681e-09,1.1394497340306874e-09,8.925774006905802e-09,,
132,264.0,0.4637746,0.015459153333333333,4313486.769181997,-328775.6730250195,367563.70103160274,11517415.176252728,-19880813.612010214,-4311.2813,Main Bearing_DW,1197.212184861664,1160.6713274801443,15.08006831889104,52374760.196548186,7218542.461275768,90235217.00660391,12072699.269951869,2.9516418357467125e-10,2.1415893050799015e-09,1.71320620110017e-10,1.2805051287751463e-09,,
133,266.0,0.37417085,0.012472361666666666,4268825.4139128355,-472336.02504987974,446844.68205024156,9541413.485227298,-22656082.51257051,-6652.7998,Main Bearing_UW,1604.18297715913,1554.6048309353343,8.463488226359374,10763264.50365735,1297830.3819828513,11444783.103988074,1356625.168528884,1.158789850646945e-09,9.610163115160813e-09,1.089785761192846e-09,9.193668196640948e-09,,
133,266.0,0.37417085,0.012472361666666666,4268825.4139128355,-472336.02504987974,446844.68205024156,9541413.485227298,-22656082.51257051,-6652.7998,Main Bearing_DW,1223.0739425610473,1185.7425125828036,14.092791617259886,44665230.62358927,5579078.332237274,75685017.28778669,9267694.698156787,2.792409552695688e-10,2.235559517886372e-09,1.6479300809619202e-10,1.3457890093366199e-09,,
134,268.0,0.42916129999999997,0.014305376666666666,4283287.5081258975,-229588.22408735566,447501.15124104224,3340481.5629392616,-17932384.744982123,16869.2895,Main Bearing_UW,1515.9824653130668,1469.2067418588647,9.797616338340571,17532645.912990864,2251618.5855512284,18818598.762674313,2355616.889331084,8.159279972720521e-10,6.353374749375906e-09,7.601722554944218e-10,6.072879138988051e-09,,
134,268.0,0.42916129999999997,0.014305376666666666,4283287.5081258975,-229588.22408735566,447501.15124104224,3340481.5629392616,-17932384.744982123,16869.2895,Main Bearing_DW,1110.5333052339192,1076.637029470792,19.330221698698583,92675173.73568581,12590545.243928593,167213169.6145371,22009694.630478043,1.5436039761270164e-10,1.1361999333241741e-09,8.555173434989413e-11,6.499579801919296e-10,,
135,270.0,0.45318424999999996,0.015106141666666665,4159785.0928893522,39310.88893156666,407198.64656149497,12463760.660627421,-17677982.855367288,-1066.1189000000006,Main Bearing_UW,1541.5035699540936,1493.9358716676136,9.37885221880224,15156944.990313832,1979057.3049192803,16243640.199343659,2065534.0233574382,9.966481818282224e-10,7.632998614601914e-09,9.299726835415281e-10,7.313431536756906e-09,,
135,270.0,0.45318424999999996,0.015106141666666665,4159785.0928893522,39310.88893156666,407198.64656149497,12463760.660627421,-17677982.855367288,-1066.1189000000006,Main Bearing_DW,1169.5065698124893,1133.8128394512166,16.0195682062397,65128913.73956877,8956885.982647281,111383493.7885711,14844097.404363198,2.3194217129233338e-10,1.686539462033201e-09,1.3562280327946296e-10,1.0176530950427772e-09,,
136,272.0,0.47510899999999995,0.015836966666666664,4349000.220513346,-226168.2233768155,430631.34888943937,3607615.404473257,-21561953.842864126,-8338.834,Main Bearing_UW,1580.7713750081562,1531.987856253964,8.797436444143555,12245217.170878809,1616975.6917981775,13024519.608982554,1675139.0415451052,1.2933185623142431e-09,9.794189700560664e-09,1.2159348015987065e-09,9.454120687235045e-09,,
136,272.0,0.47510899999999995,0.015836966666666664,4349000.220513346,-226168.2233768155,430631.34888943937,3607615.404473257,-21561953.842864126,-8338.834,Main Bearing_DW,1180.3894985833851,1144.359601287843,15.985728490239785,56551798.58874864,7906155.606041618,100060012.9277655,13561863.663273452,2.8004355408454744e-10,2.003118513701474e-09,1.582746813964491e-10,1.1677574011862662e-09,,
137,274.0,0.37816554999999996,0.012605518333333333,4217770.556431507,-325629.05241446604,391258.57030060876,6166675.489406833,-13281251.99977893,-197.87699999999992,Main Bearing_UW,1435.0292812838138,1391.2372407870484,11.308046189548733,28275130.040675234,3504075.2896883874,30517283.89470386,3691272.9377817456,4.4581645832219494e-10,3.597387981482077e-09,4.1306160721337865e-10,3.4149515751898216e-09,,
137,274.0,0.37816554999999996,0.012605518333333333,4217770.556431507,-325629.05241446604,391258.57030060876,6166675.489406833,-13281251.99977893,-197.87699999999992,Main Bearing_DW,1034.9490373888966,1003.4678860835045,24.253941923495127,164476917.8750126,21454285.447278954,301890992.68787944,38182860.89977616,7.664004467126732e-11,5.875524665834112e-10,4.1755198527456526e-11,3.3013551201469115e-10,,
138,276.0,0.42814585000000005,0.014271528333333335,4106894.5778841926,-295752.7814266617,394579.2045972501,3135573.857364283,-13103780.4749302,8012.304350000001,Main Bearing_UW,1418.124315832469,1374.8601644705675,11.673736879976184,31439746.292722806,4108675.4787477967,33953226.73343901,4301601.542376313,4.539326812772879e-10,3.4735107231401193e-09,4.203290734449679e-10,3.3177243853807487e-09,,
138,276.0,0.42814585000000005,0.014271528333333335,4106894.5778841926,-295752.7814266617,394579.2045972501,3135573.857364283,-13103780.4749302,8012.304350000001,Main Bearing_DW,1009.5053949077001,978.8603635194336,26.567032749778303,197789549.01890585,27647488.64273916,367818316.19682163,49386273.504725605,7.215511842827036e-11,5.161961911893706e-10,3.880048302351686e-11,2.8897763124338063e-10,,
139,278.0,0.49105565,0.016368521666666667,4255921.648703961,-393592.83560751326,408908.9157098448,-4642664.749109317,-20830227.209308986,7603.7689,Main Bearing_UW,1570.370659392922,1521.9093862088605,8.956340562819106,12998144.548467971,1742312.635273312,13832247.858222796,1802542.751756877,1.2592967869861045e-09,9.394709844424091e-09,1.1833594824528932e-09,9.080795254765984e-09,,
139,278.0,0.49105565,0.016368521666666667,4255921.648703961,-393592.83560751326,408908.9157098448,-4642664.749109317,-20830227.209308986,7603.7689,Main Bearing_DW,1171.2054993434456,1135.455953318148,16.387292806710427,60050395.94293004,8548911.906560833,106683132.62103729,14692733.04109631,2.725797458891492e-10,1.9146906466663554e-09,1.534312057071981e-10,1.114055609727822e-09,,
140,280.0,0.52451615,0.017483871666666664,4091451.96445766,-479666.32536233566,315238.15250734106,-1617225.6334446159,-11782797.33722744,11614.098,Main Bearing_UW,1395.2679495928721,1352.7032790684543,12.207429845720995,36491648.99874619,5242840.586905064,39258221.39317763,5399517.991978329,4.791198026503925e-10,3.3348089412323107e-09,4.453556744602048e-10,3.2380430424791956e-09,,
140,280.0,0.52451615,0.017483871666666664,4091451.96445766,-479666.32536233566,315238.15250734106,-1617225.6334446159,-11782797.33722744,11614.098,Main Bearing_DW,980.1786139277432,950.5271269851406,28.726355867109167,238437264.29611954,37627567.3179882,455051869.382544,67865141.8016343,7.332692613413451e-11,4.6465591354635196e-10,3.8421711552114664e-11,2.576266873171939e-10,,
141,282.0,0.55342315,0.018447438333333333,4269884.309242909,-237674.92700410055,510798.53966199193,-5386164.8387892125,-23871194.029637814,-8934.206,Main Bearing_UW,1618.2416091827592,1568.138409760674,8.272244354897019,9973720.965699473,1388098.0648945654,10593165.768897325,1430911.848849342,1.849604415120068e-09,1.3289722678732018e-08,1.7414471495855374e-09,1.2892085804005127e-08,,
141,282.0,0.55342315,0.018447438333333333,4269884.309242909,-237674.92700410055,510798.53966199193,-5386164.8387892125,-23871194.029637814,-8934.206,Main Bearing_DW,1222.1638138231258,1184.858587165329,14.203194005588237,44196163.65339017,6571155.564896016,75647382.59121975,10856063.496906573,4.1739908644578203e-10,2.807335506083891e-09,2.43860893813324e-10,1.699275095304105e-09,,
142,284.0,0.47386085,0.015795361666666667,3933983.2392449183,-139327.48234014976,377227.346379194,-5280449.594456876,-22990429.476415496,-6260.6997,Main Bearing_UW,1585.9017532265755,1536.9579391266932,8.73148064194571,11941870.300985804,1573984.9007413394,12685184.8690667,1628943.4583125715,1.3226874240430125e-09,1.0035268863905319e-08,1.2451818266507293e-09,9.696691181061091e-09,,
142,284.0,0.47386085,0.015795361666666667,3933983.2392449183,-139327.48234014976,377227.346379194,-5280449.594456876,-22990429.476415496,-6260.6997,Main Bearing_DW,1206.7823551599736,1169.9474608757653,14.74339367224901,48942212.744545184,6794081.88319039,84195966.1006493,11344047.146677224,3.2273493127723627e-10,2.324870665122073e-09,1.8760235671842784e-10,1.3923921033150215e-09,,
143,286.0,0.5049447,0.01683149,3777563.3325070855,-352200.5027823956,180436.744033305,-6722555.370757782,-16630603.359550253,8044.4145,Main Bearing_UW,1481.2758647493752,1435.5735768945983,10.468291637989294,21862445.632915795,3022820.4753869018,23276008.856095843,3106723.002190444,7.698813885057188e-10,5.568140793358123e-09,7.231261211516483e-10,5.4177633436044e-09,,
143,286.0,0.5049447,0.01683149,3777563.3325070855,-352200.5027823956,180436.744033305,-6722555.370757782,-16630603.359550253,8044.4145,Main Bearing_DW,1108.4090920172366,1074.5803436326285,19.588044014633336,92748764.35876597,13653228.383174116,168746240.33985764,23869820.52138747,1.814740079435808e-10,1.232784622627619e-09,9.97443852147527e-11,7.051368477998781e-10,,
144,288.0,0.509259,0.016975300000000002,4066350.316151056,-363957.8294532293,331122.8884559295,-5400739.11501319,-32863392.289017837,-3745.3639000000003,Main Bearing_UW,1743.5062618799975,1689.0109531636062,6.8690686810856,5367502.155772046,707392.7347829114,5544779.225251283,715221.427260791,3.162607020426678e-09,2.399699511362592e-08,3.0614924977884403e-09,2.3734328073773305e-08,,
144,288.0,0.509259,0.016975300000000002,4066350.316151056,-363957.8294532293,331122.8884559295,-5400739.11501319,-32863392.289017837,-3745.3639000000003,Main Bearing_DW,1367.4006506110543,1325.3888427784605,10.324808704396178,17813946.801626615,2452095.635725828,29033880.258964833,3908204.436057475,9.529218981640816e-10,6.922772404419398e-09,5.846721088807451e-10,4.343503590391595e-09,,
145,290.0,0.4086409,0.013621363333333332,4118216.7297565746,-327214.682612866,345002.8109631154,-3182598.312336611,-23292255.681406304,-12055.767,Main Bearing_UW,1598.5813526935685,1549.245071470245,8.561048938135762,11182424.223469313,1392131.0546438326,11826002.907390043,1442609.2373992973,1.2181046847377917e-09,9.784540965375036e-09,1.1518146443902338e-09,9.44217115779018e-09,,
145,290.0,0.4086409,0.013621363333333332,4118216.7297565746,-327214.682612866,345002.8109631154,-3182598.312336611,-23292255.681406304,-12055.767,Main Bearing_DW,1210.1488992573736,1173.2108769328709,14.815118254811253,46224942.665458776,5997050.5449022725,81035681.4410113,10275912.975196317,2.946756133785708e-10,2.271343759960807e-09,1.6809093341491548e-10,1.3255623482032362e-09,,
146,292.0,0.35330720000000004,0.011776906666666668,4216420.990690853,-452638.3127248763,314199.96546622174,-5841155.947319308,-30020757.62300095,-7887.209000000001,Main Bearing_UW,1713.193652545033,1659.6771850893256,7.1899969939496575,6249928.674536625,731195.1669476973,6478767.822379993,748451.6782343958,1.884326570741196e-09,1.610637925278994e-08,1.8177695187632746e-09,1.5735026066677405e-08,,
146,292.0,0.35330720000000004,0.011776906666666668,4216420.990690853,-452638.3127248763,314199.96546622174,-5841155.947319308,-30020757.62300095,-7887.209000000001,Main Bearing_DW,1327.6039663612173,1287.0434446676975,11.275034104468283,21905277.30453766,2629587.525667229,36885826.432264894,4370231.7382724825,5.376287413730705e-10,4.478613680553723e-09,3.1928000009144793e-10,2.6948014137396717e-09,,
147,294.0,0.34475645,0.011491881666666667,4303475.3382817665,-551390.5739250655,354214.202976541,-2325697.1327323616,-34951811.01226453,2746.0299000000005,Main Bearing_UW,1781.4788276956451,1725.4337070388092,6.514162346823253,4497535.756508359,519126.3884463511,4608932.131816915,526391.5413595245,2.5551507067035164e-09,2.2136963025631842e-08,2.4933935536465324e-09,2.183143299944809e-08,,
147,294.0,0.34475645,0.011491881666666667,4303475.3382817665,-551390.5739250655,354214.202976541,-2325697.1327323616,-34951811.01226453,2746.0299000000005,Main Bearing_DW,1394.6423193606365,1351.6143149076302,9.80910880291478,14983838.238248607,1768838.777790105,24411176.246899314,2850868.532464846,7.669517972592516e-10,6.496850821545209e-09,4.707631271199541e-10,4.031010737885849e-09,,
148,296.0,0.38020204999999996,0.012673401666666665,4315537.1537935315,-433551.1598533421,368961.57247509516,-8994595.514834607,-21361547.5239584,12749.572499999998,Main Bearing_UW,1597.6213192222467,1548.3150762493349,8.56512900599822,11200198.689991765,1359265.915956247,11857266.530859563,1413432.952867897,1.1315336466299763e-09,9.323710333566994e-09,1.0688299561861952e-09,8.966397479945519e-09,,
148,296.0,0.38020204999999996,0.012673401666666665,4315537.1537935315,-433551.1598533421,368961.57247509516,-8994595.514834607,-21361547.5239584,12749.572499999998,Main Bearing_DW,1205.564270220432,1168.7666867901987,14.998646436587027,47564018.50898418,5990902.91408465,83607925.69176058,10318996.29193796,2.6644934687915063e-10,2.1154410025359316e-09,1.5158134305819295e-10,1.228162246416171e-09,,
149,298.0,0.4511537,0.015038456666666667,4372285.768566815,-490167.5460551483,310289.6565900234,-2103642.727403768,-34650602.17046166,-3413.00585,Main Bearing_UW,1780.840094209081,1724.8526779402355,6.525791041149522,4524353.980386593,568731.3190061235,4625862.068302551,571677.6944090079,3.3238903790153203e-09,2.6442111000580838e-08,3.2509522429805157e-09,2.6305830739492476e-08,,
149,298.0,0.4511537,0.015038456666666667,4372285.768566815,-490167.5460551483,310289.6565900234,-2103642.727403768,-34650602.17046166,-3413.00585,Main Bearing_DW,1391.282613831486,1348.3652722110135,9.901933228654034,14979584.702609552,1951744.2450780342,24720459.805262495,3166620.9126037788,1.0039301466112647e-09,7.705136933074652e-09,6.083404914444706e-10,4.749054933228865e-09,,
150,300.0,0.521973,0.0173991,4473761.145014325,-544314.6821961604,335810.1035907715,-7273801.258390604,-36248012.7876594,17567.7038,Main Bearing_UW,1816.710462380249,1759.2403302306689,6.209223452472617,3833278.10871764,503913.3832309263,3893539.4227708676,501955.9869532952,4.538961042359794e-09,3.452795773837701e-08,4.468710371402326e-09,3.4662600810096344e-08,,
150,300.0,0.521973,0.0173991,4473761.145014325,-544314.6821961604,335810.1035907715,-7273801.258390604,-36248012.7876594,17567.7038,Main Bearing_DW,1424.4893347302684,1380.5384288005916,9.278986734743848,12477179.619589275,1711150.4337096189,20269283.96996701,2726591.5213040514,1.3944737937957767e-09,1.0168071525003404e-08,8.58397367454136e-10,6.381263883516554e-09,,
151,302.0,0.624865,0.020828833333333335,4245048.142660333,-597613.2740944072,333205.6745726358,-7126174.049283441,-21658052.36232643,28468.612999999998,Main Bearing_UW,1594.2346589723068,1545.0335366651768,8.627965536845783,11476444.764136115,1690347.6450592792,12133597.204586426,1722981.8076242488,1.8149203661419109e-09,1.2322218683366097e-08,1.7166247553907725e-09,1.2088829517041382e-08,,
151,302.0,0.624865,0.020828833333333335,4245048.142660333,-597613.2740944072,333205.6745726358,-7126174.049283441,-21658052.36232643,28468.612999999998,Main Bearing_DW,1200.5223536608166,1163.878391889946,15.276977672524758,48519803.925393,7703018.007970126,86070212.65274754,13113033.406280825,4.292851917819168e-10,2.7039834661923734e-09,2.419981627949241e-10,1.5884069450594725e-09,,
152,304.0,0.7015141,0.023383803333333335,4481663.4543403275,-707779.5124950787,339788.687302798,11227092.86060673,-34699117.91113486,-3891.1165,Main Bearing_UW,1793.5350520742534,1736.9201890855943,6.397654484397703,4234953.412240566,624088.7721181652,4334990.895042861,620877.2835541455,5.521619970067576e-09,3.74687133914754e-08,5.394198949777064e-09,3.7662520360666533e-08,,
152,304.0,0.7015141,0.023383803333333335,4481663.4543403275,-707779.5124950787,339788.687302798,11227092.86060673,-34699117.91113486,-3891.1165,Main Bearing_DW,1415.9166740805892,1372.2313905794535,9.396268442907774,13540306.46053618,2117646.61782217,21623839.752164304,3284589.415447445,1.7269774064188622e-09,1.1042353873651359e-08,1.0813899659514855e-09,7.119246997313929e-09,,
153,306.0,0.6926855,0.023089516666666664,4604844.662787797,-884364.2314674485,328146.12586490024,-13716257.042991722,-34102977.80600458,-18808.7935,Main Bearing_UW,1820.0529329767749,1762.4750985138746,6.18289086053318,3779357.4272744814,551224.8279100583,3832059.761233026,544024.3347965685,6.109376292392086e-09,4.188765726356961e-08,6.025354014635003e-09,4.24420658963734e-08,,
153,306.0,0.6926855,0.023089516666666664,4604844.662787797,-884364.2314674485,328146.12586490024,-13716257.042991722,-34102977.80600458,-18808.7935,Main Bearing_DW,1422.7563570049047,1378.8590958231416,9.324975250280147,12410510.607139759,1920632.1096328916,20344987.237597607,3066095.830136197,1.8604807970901116e-09,1.2021832057717695e-08,1.1348995404625841e-09,7.530591979455847e-09,,
154,308.0,0.49925309999999995,0.016641769999999997,4603134.324820746,-661368.163634036,345970.15857798647,13939429.04847732,-19071474.359935332,-20377.528000000002,Main Bearing_UW,1582.5368074235237,1533.6978660043312,8.770218207440555,12119388.15105303,1631062.3102462923,12880337.504862152,1685363.706950497,1.3731526536307879e-09,1.0203025289381539e-08,1.2920290321366155e-09,9.874290001243513e-09,,
154,308.0,0.49925309999999995,0.016641769999999997,4603134.324820746,-661368.163634036,345970.15857798647,13939429.04847732,-19071474.359935332,-20377.528000000002,Main Bearing_DW,1209.8505707285121,1172.9261244199056,14.612364027302409,48083438.48992302,6833316.2318521645,82526290.76156287,11359402.645276025,3.4610191206453874e-10,2.4353870705452863e-09,2.0165416192134258e-10,1.4650215790106465e-09,,
155,310.0,0.45644625000000005,0.015214875000000001,4486061.493987018,-478245.01061234565,483218.9775056855,6692294.638255549,-35552515.54038937,-1197.6551999999995,Main Bearing_UW,1796.902299935521,1740.1861897122508,6.351952930878604,4134950.064470712,520501.40303514333,4250029.146351069,526215.033152677,3.679578897634779e-09,2.923118921731844e-08,3.5799460370908223e-09,2.8913797670971384e-08,,
155,310.0,0.45644625000000005,0.015214875000000001,4486061.493987018,-478245.01061234565,483218.9775056855,6692294.638255549,-35552515.54038937,-1197.6551999999995,Main Bearing_DW,1410.257109542382,1366.7463710438337,9.485492251680084,14224087.90048955,1858591.4022142512,22523795.58731524,2891240.699216397,1.0696555804802325e-09,8.186239849099489e-09,6.755022678579353e-10,5.262403439507349e-09,,
156,312.0,0.39067595,0.013022531666666667,4427012.497142894,-256298.8986262684,454602.3587077953,9292425.298843205,-21671074.82149273,8583.9835,Main Bearing_UW,1599.2634325624258,1549.9063896775183,8.529508857289509,11045688.211234367,1352879.6196759776,11744002.092284547,1411825.1225682274,1.1789696954710065e-09,9.6257874516475e-09,1.1088665996766192e-09,9.223898525744888e-09,,
156,312.0,0.39067595,0.013022531666666667,4427012.497142894,-256298.8986262684,454602.3587077953,9292425.298843205,-21671074.82149273,8583.9835,Main Bearing_DW,1208.1318058493605,1171.256775388723,14.723673658221394,48215673.17648274,6144925.587645122,83194726.5230856,10374113.138372617,2.7008918073176307e-10,2.119233419660856e-09,1.5653073471012688e-10,1.2552910781836245e-09,,
157,314.0,0.37462875,0.012487625,4520685.974505165,-141660.93968147325,394446.46003129217,14591471.316529874,-21990261.78153715,-35401.7546,Main Bearing_UW,1634.9174021661254,1584.0881334448984,8.071874426789805,9190956.030775573,1104773.0991846083,9707814.825027676,1148131.324987823,1.3586861865278926e-09,1.1303339128384507e-08,1.2863476719607082e-09,1.0876477915217969e-08,,
157,314.0,0.37462875,0.012487625,4520685.974505165,-141660.93968147325,394446.46003129217,14591471.316529874,-21990261.78153715,-35401.7546,Main Bearing_DW,1256.971827413437,1218.6071507063932,13.055652707963814,35434157.69818969,4400973.418638883,59752977.98571694,7287697.762730947,3.5241771813410386e-10,2.8374688533933767e-09,2.0898749185329277e-10,1.713521252742027e-09,,
158,316.0,0.3649844,0.012166146666666666,4517833.671171333,-228636.51046131641,480803.62079822103,-8655852.897687845,-38770510.73179378,23858.325999999997,Main Bearing_UW,1850.2669740457209,1791.727067412435,5.914004000826199,3258752.7578680418,380344.2477361868,3310998.044537168,382467.57335004956,3.7333751808241095e-09,3.198719775329772e-08,3.6744650715634373e-09,3.180961606784825e-08,,
158,316.0,0.3649844,0.012166146666666666,4517833.671171333,-228636.51046131641,480803.62079822103,-8655852.897687845,-38770510.73179378,23858.325999999997,Main Bearing_DW,1462.314723829582,1417.194281868033,8.617967579278508,10696158.658052748,1278627.3672708294,16559927.048614303,1958234.2212919148,1.1374313952894871e-09,9.515005683504756e-09,7.346739288736602e-10,6.212814858602685e-09,,
159,318.0,0.3547656,0.01182552,4512461.8094965285,-465640.68772394856,441280.70973204763,9782485.421061318,-11966022.388825342,17286.059999999998,Main Bearing_UW,1442.2399131578704,1398.2195274834417,11.145532421745449,26943174.481541324,3254446.3382423506,29181698.927897573,3451375.464739561,4.3890596514904446e-10,3.6336503266440966e-09,4.0523754388730457e-10,3.426320932281515e-09,,
159,318.0,0.3547656,0.01182552,4512461.8094965285,-465640.68772394856,441280.70973204763,9782485.421061318,-11966022.388825342,17286.059999999998,Main Bearing_DW,1049.163141657007,1017.28896288734,22.683269013729326,153088340.54417965,19329813.318857055,274636451.2225868,33753967.54974168,7.724637916881255e-11,6.117762135066097e-10,4.3058814470391175e-11,3.503445923082456e-10,,
160,320.0,0.47285895,0.015761965,4664278.7744353125,-450733.4407837652,534414.066595874,-8070993.244967894,-37728088.20408702,-22447.7105,Main Bearing_UW,1843.5470536106814,1785.2201563575393,5.964457163315016,3352348.121320373,424421.0970716564,3412311.586086176,425166.1913784489,4.701768560298538e-09,3.7137562455663826e-08,4.619145878784922e-09,3.707247970234294e-08,,
160,320.0,0.47285895,0.015761965,4664278.7744353125,-450733.4407837652,534414.066595874,-8070993.244967894,-37728088.20408702,-22447.7105,Main Bearing_DW,1446.0045970831432,1401.3883101114893,8.882979368166826,11561345.980642758,1520939.2873811738,18147915.72628032,2347195.991595141,1.3633330432624684e-09,1.036330978545482e-08,8.685275619378603e-10,6.715231730303125e-09,,
161,322.0,0.39963319999999997,0.013321106666666666,4459258.2871166235,-315390.23984567646,451106.3872818152,3773167.1653342727,-37154286.401208155,7953.609499999999,Main Bearing_UW,1816.4435256862694,1758.9826485474237,6.194806312874253,3803690.2142480244,457769.9580152849,3886608.1453325474,461708.95538275706,3.5021534132216915e-09,2.9100001940760547e-08,3.427437541565405e-09,2.8851739849021247e-08,,
161,322.0,0.39963319999999997,0.013321106666666666,4459258.2871166235,-315390.23984567646,451106.3872818152,3773167.1653342727,-37154286.401208155,7953.609499999999,Main Bearing_DW,1427.935190149163,1383.8778074744089,9.18466886769914,12755087.175365746,1580679.173953241,20187129.423736498,2467857.503472868,1.0443759798360366e-09,8.427457567718119e-09,6.598811741407571e-10,5.397842723058633e-09,,
162,324.0,0.38196785,0.012732261666666666,4298325.825657708,-352841.4225144201,286727.9474188293,-5450142.537025548,11003071.578890387,6097.192,Main Bearing_UW,863.092609439455,837.303196775513,39.652446588257604,867209589.7297266,120798067.2163014,1495483507.1845474,197463332.4233839,1.468187369864624e-11,1.0540120351320058e-10,8.513809484022257e-12,6.447911878326477e-11,,
162,324.0,0.38196785,0.012732261666666666,4298325.825657708,-352841.4225144201,286727.9474188293,-5450142.537025548,11003071.578890387,6097.192,Main Bearing_DW,1072.486157297626,1040.1057943510007,25.295561093562032,413930176.76087683,56031894.93687328,417585363.7093514,53500236.3988309,3.075944297248461e-11,2.2723239471038953e-10,3.0490200982064594e-11,2.379851477991767e-10,,
163,326.0,0.37121155,0.012373718333333334,4223817.33682333,-245347.88913623345,521944.89677298977,-5738680.857171973,-44655820.93753891,9035.4555,Main Bearing_UW,1905.2381521499997,1844.5486542109707,5.4867799399189545,2538075.317141257,296303.49225986097,2565489.3575692447,296664.7631994553,4.875236857537539e-09,4.1760285168969474e-08,4.823141556532205e-09,4.170943053662955e-08,,
163,326.0,0.37121155,0.012373718333333334,4223817.33682333,-245347.88913623345,521944.89677298977,-5738680.857171973,-44655820.93753891,9035.4555,Main Bearing_DW,1537.1260409961558,1489.6916178772872,7.581426918514699,7457888.306685291,889654.4409477741,11114589.973099537,1313105.080987465,1.6591450320114698e-09,1.3908454523254288e-08,1.1132860828227802e-09,9.423250669343388e-09,,
164,328.0,0.39889745,0.013296581666666666,4113984.098999288,-162347.5724140245,326697.9198747221,-5180074.850859416,-25399788.97492997,-9158.507,Main Bearing_UW,1634.4233378104761,1583.5748820150677,8.093410173405804,9272948.937225504,1139104.2934456517,9750778.67646465,1176107.7796919493,1.4339108040688776e-09,1.1672839566293028e-08,1.3636430594779556e-09,1.1305580913808221e-08,,
164,328.0,0.39889745,0.013296581666666666,4113984.098999288,-162347.5724140245,326697.9198747221,-5180074.850859416,-25399788.97492997,-9158.507,Main Bearing_DW,1251.1703218193802,1212.980773089113,13.374981632144022,35544595.168961845,4528556.285107907,61253752.92017328,7649901.953455945,3.740816741184176e-10,2.9361634988157894e-09,2.1707374704036422e-10,1.7381375274567748e-09,,
165,330.0,0.394645,0.013154833333333334,4149751.7837269814,-144216.98046109645,295912.07848614285,-3675327.2891582414,-29298829.35943891,-8611.558,Main Bearing_UW,1693.2365418549584,1640.3477619894181,7.407980212482057,6904179.551032508,838997.0595155117,7179635.722977555,858506.2198337059,1.9053434569739794e-09,1.567923651714553e-08,1.8322424480719659e-09,1.5322933054441292e-08,,
165,330.0,0.394645,0.013154833333333334,4149751.7837269814,-144216.98046109645,295912.07848614285,-3675327.2891582414,-29298829.35943891,-8611.558,Main Bearing_DW,1310.7003446173073,1270.6948750192453,11.692907825256388,24310397.08735201,3050808.8549933266,41155504.606075406,5078517.657781266,5.411196405416763e-10,4.311916596086486e-09,3.196372747520974e-10,2.5902899664388487e-09,,
166,332.0,0.3465507,0.01155169,4106215.227170729,-186896.80666003664,550279.8117417699,-810535.9098804775,-51948242.998368,-479.3114499999998,Main Bearing_UW,1984.4371470650467,1920.9818753578147,4.955441135094218,1807397.88765836,205804.71198607166,1803811.4226909967,203946.2024765535,6.3913375570922085e-09,5.6129375700502855e-08,6.404045264757629e-09,5.664086832569501e-08,,
166,332.0,0.3465507,0.01155169,4106215.227170729,-186896.80666003664,550279.8117417699,-810535.9098804775,-51948242.998368,-479.3114499999998,Main Bearing_DW,1631.149811820892,1580.4695160313033,6.550981562598178,4582832.196288437,529969.4028772197,6822124.805841813,784082.5530099405,2.5206443319822032e-09,2.1796899853624625e-08,1.693268641187602e-09,1.4732747152267714e-08,,
167,334.0,0.31173865,0.010391288333333333,4076387.158115226,-224453.78500012823,288238.60504199966,-8877147.5914765,-15092932.017328432,1866.7048999999997,Main Bearing_UW,1480.20003451216,1434.5346509832818,10.462944354315827,21825242.795369744,2505292.3960654633,23363801.35022146,2642544.9799099504,4.761132982922811e-10,4.147734751301983e-09,4.447601731228911e-10,3.932303295623538e-09,,
167,334.0,0.31173865,0.010391288333333333,4076387.158115226,-224453.78500012823,288238.60504199966,-8877147.5914765,-15092932.017328432,1866.7048999999997,Main Bearing_DW,1097.7796002906634,1064.2763268307983,20.026128940180232,102002696.14847022,12044719.822384,184485840.87528315,21409261.68868272,1.0187268303387073e-10,8.627256164167541e-10,5.6325668593494355e-11,4.853641608214045e-10,,
168,336.0,0.37053745,0.012351248333333334,4010463.564108923,-385245.94660495,334127.0432620492,-6131907.595401919,-43397292.51170621,3285.1063000000004,Main Bearing_UW,1883.1645468972133,1823.4105404300751,5.6635253262255505,2820994.1672413377,329814.6263975875,2842372.5438436796,328990.445340727,4.378331751536967e-09,3.744906182069699e-08,4.345400943336937e-09,3.754287854937994e-08,,
168,336.0,0.37053745,0.012351248333333334,4010463.564108923,-385245.94660495,334127.0432620492,-6131907.595401919,-43397292.51170621,3285.1063000000004,Main Bearing_DW,1520.0829516173558,1473.1759858597206,7.790488960267208,8101744.79570042,967597.8488157623,12034079.57435954,1422689.5767883738,1.524517081788125e-09,1.2764857165040164e-08,1.0263558801497017e-09,8.681618629142872e-09,,
169,338.0,0.43309485,0.014436494999999999,4057654.8066754406,-400223.14740076766,495457.2598661605,-6087354.200949864,-48758340.62782939,18767.48325,Main Bearing_UW,1949.8232194190298,1887.3342242261424,5.181343841232843,2096946.790674092,255105.60806232732,2102516.7189934314,252895.08416967982,6.884530911420595e-09,5.6590269064068866e-08,6.866292605231407e-09,5.70849174368049e-08,,
169,338.0,0.43309485,0.014436494999999999,4057654.8066754406,-400223.14740076766,495457.2598661605,-6087354.200949864,-48758340.62782939,18767.48325,Main Bearing_DW,1593.4570850626828,1544.2096832627217,6.932951434521075,5535708.653625369,690161.4784272584,8260185.810923245,1019158.0607841874,2.60788562102983e-09,2.0917561253777763e-08,1.7477203697898928e-09,1.4165118793145678e-08,,
170,340.0,0.45680940000000003,0.015226980000000001,4089359.174092535,-341896.5836494534,340594.2616788172,-9167805.826601718,-13611250.19078783,-16302.940499999999,Main Bearing_UW,1458.4609771548794,1413.6564531558456,10.847956992174774,24619121.263471995,3277960.643605339,26473849.852062844,3415041.238986845,6.185021730484203e-10,4.645260164945808e-09,5.751705960821378e-10,4.45879827926103e-09,,
170,340.0,0.45680940000000003,0.015226980000000001,4089359.174092535,-341896.5836494534,340594.2616788172,-9167805.826601718,-13611250.19078783,-16302.940499999999,Main Bearing_DW,1072.9987681354867,1040.253465561222,21.398782618583507,124413573.23318094,17635688.357443634,224862517.93341827,30666229.245840523,1.2239002228045474e-10,8.634185233588021e-10,6.771684378500424e-11,4.965390390168476e-10,,
171,342.0,0.37606915,0.012535638333333333,4161342.296778147,-696132.748451184,399734.2192563948,6432987.236562788,-48108233.51397088,-2614.8385000000003,Main Bearing_UW,1944.9608132108774,1882.627675236441,5.229852537041952,2163104.5463101277,252708.0843307455,2159034.645236553,249933.35827249297,5.795206872787035e-09,4.960521293385546e-08,5.8061311619017e-09,5.0155923242811776e-08,,
171,342.0,0.37606915,0.012535638333333333,4161342.296778147,-696132.748451184,399734.2192563948,6432987.236562788,-48108233.51397088,-2614.8385000000003,Main Bearing_DW,1583.9862891189289,1535.1012435066887,7.019895613174247,5770519.04812462,687507.3617349797,8568246.212280586,1012170.5381222841,2.1723588863998866e-09,1.8233460514078933e-08,1.4630343273010076e-09,1.238490734633382e-08,,
172,344.0,0.34010925,0.011336975,4311987.142069303,-982523.8770078492,319900.82158532937,-19061166.84469046,-36943158.22764411,2352.6585000000005,Main Bearing_UW,1868.232747398706,1809.1203807581762,5.7874890550685265,3032121.7855675477,346313.2575720699,3052526.872430847,345602.3757504811,3.738957667849071e-09,3.273618538164311e-08,3.7139640284221057e-09,3.280352160595417e-08,,
172,344.0,0.34010925,0.011336975,4311987.142069303,-982523.8770078492,319900.82158532937,-19061166.84469046,-36943158.22764411,2352.6585000000005,Main Bearing_DW,1489.9380186581893,1443.9635203671696,8.210378998104357,9074446.605104094,1056148.7818557438,14033337.211350013,1619330.7717507076,1.2493296278390468e-09,1.073425941000468e-08,8.078602280597074e-10,7.001024866428773e-09,,
173,346.0,0.3728656,0.012428853333333333,4156191.56219447,-784852.6816711427,304663.4645695255,-14201190.384503175,-23310229.82539758,5985.8769999999995,Main Bearing_UW,1652.7825787423265,1601.1758236262763,7.862921982328973,8421560.769075679,1008737.6349136689,8826894.806957334,1040869.896116483,1.4758372793523736e-09,1.232119522773336e-08,1.4080663251517334e-09,1.1940832739716808e-08,,
173,346.0,0.3728656,0.012428853333333333,4156191.56219447,-784852.6816711427,304663.4645695255,-14201190.384503175,-23310229.82539758,5985.8769999999995,Main Bearing_DW,1275.0628330635286,1236.1452376451136,12.626516841258201,30682035.623418864,3789460.7427524775,52276518.99629634,6349203.520150924,4.050856822500619e-10,3.2798474973263943e-09,2.3775212221406494e-10,1.9575452722356413e-09,,
174,348.0,0.38071495,0.012690498333333333,4199880.320062417,-805694.2364736615,429544.75419245055,8092838.117335266,-48029743.32490907,-4079.0854999999997,Main Bearing_UW,1945.5178157536757,1883.166583938877,5.217610943277547,2146273.2175212377,251581.02660239354,2145952.408254076,249214.16853803772,5.9128065475232344e-09,5.044298651897065e-08,5.91369048284635e-09,5.092205795432684e-08,,
174,348.0,0.38071495,0.012690498333333333,4199880.320062417,-805694.2364736615,429544.75419245055,8092838.117335266,-48029743.32490907,-4079.0854999999997,Main Bearing_DW,1586.8905539754521,1537.8948244205815,6.994023346202875,5699931.335439371,681594.2276845059,8480182.073475383,1005361.1912627447,2.226430036872559e-09,1.861884654810702e-08,1.4964888988677646e-09,1.262282495447624e-08,,
175,350.0,0.34835855000000004,0.011611951666666669,4323055.985575435,-1040550.6797437158,279747.8655498,-19666744.24900797,-27507852.58436107,2849.4415000000004,Main Bearing_UW,1757.6561042123794,1702.6099276490456,6.736675295631497,5030348.595202518,583603.3315721011,5168908.352965136,592936.5271847979,2.308379120632132e-09,1.989699345167647e-08,2.246499816543563e-09,1.958380220189677e-08,,
175,350.0,0.34835855000000004,0.011611951666666669,4323055.985575435,-1040550.6797437158,279747.8655498,-19666744.24900797,-27507852.58436107,2849.4415000000004,Main Bearing_DW,1378.873408726086,1336.458441562035,10.122884666140417,16318187.906326298,1936730.6981422205,26827131.59095226,3148034.4750008155,7.115956583736178e-10,5.9956460016899904e-09,4.328435795417996e-10,3.688635483149739e-09,,
176,352.0,0.41878325,0.013959441666666666,4281324.791560173,-905946.0841392521,366105.308519465,9108429.954450127,-33945526.52750401,7777.466595,Main Bearing_UW,1767.4716814530009,1711.9473636648374,6.633166118937667,4777297.39437637,586756.3603987205,4926977.6316030985,595896.9922063983,2.922037401962692e-09,2.3790865525821928e-08,2.8332667023139417e-09,2.3425930738431374e-08,,
176,352.0,0.41878325,0.013959441666666666,4281324.791560173,-905946.0841392521,366105.308519465,9108429.954450127,-33945526.52750401,7777.466595,Main Bearing_DW,1394.9533656990782,1351.9411747007182,9.760485998620375,15542381.353005225,1970363.1989231778,24721168.012416292,3083735.7001342634,8.981533363269016e-10,7.084704827158583e-09,5.646756520426336e-10,4.526795751678357e-09,,
177,354.0,0.5040419,0.01680139666666667,4434814.912177236,-672646.6184113049,546748.6220852791,-13102756.97214238,-48661548.609155454,7033.841300000001,Main Bearing_UW,1982.933118931988,1919.5175094184679,4.978749476213992,1835891.217085821,233160.28241014027,1820739.7542591393,228171.05689764884,9.151629742712183e-09,7.205942835972465e-08,9.227785919082749e-09,7.363509156292029e-08,,
177,354.0,0.5040419,0.01680139666666667,4434814.912177236,-672646.6184113049,546748.6220852791,-13102756.97214238,-48661548.609155454,7033.841300000001,Main Bearing_DW,1608.8071796277518,1558.9392116854688,6.756778689103526,5080561.109543675,665896.1249996762,7533011.622960646,975148.121244082,3.3069962754912587e-09,2.5231257602940457e-08,2.230369141533773e-09,1.7229584204327497e-08,,
178,356.0,0.48360539999999996,0.016120179999999998,4452405.045624947,-438649.16675827035,327655.3399628668,8451175.34240998,-15183274.858406564,-2347.6355000000003,Main Bearing_UW,1491.2366782462077,1445.2634796249781,10.250079283620346,20379965.628547337,2759682.247818148,21826868.00449795,2861692.3893643413,7.90981706927885e-10,5.841317424404526e-09,7.385475550902699e-10,5.63309322130906e-09,,
178,356.0,0.48360539999999996,0.016120179999999998,4452405.045624947,-438649.16675827035,327655.3399628668,8451175.34240998,-15183274.858406564,-2347.6355000000003,Main Bearing_DW,1097.470520840387,1063.9771475577338,20.200930298169492,100589439.77359179,14540288.692845408,183416627.38400507,25508414.155183908,1.6025718043845895e-10,1.108656116843951e-09,8.788832413895844e-11,6.319553972242527e-10,,
179,358.0,0.50548525,0.016849508333333332,4415955.4637355,-222001.0020747321,528638.7817382205,16833447.78926492,-38228939.118026786,-249.067,Main Bearing_UW,1854.9187286700976,1796.2332763528304,5.852024716805439,3146298.121183865,406493.257248998,3223511.773878854,409502.2593387631,5.355343862644945e-09,4.145089256182211e-08,5.227065857140738e-09,4.114631347954171e-08,,
179,358.0,0.50548525,0.016849508333333332,4415955.4637355,-222001.0020747321,528638.7817382205,16833447.78926492,-38228939.118026786,-249.067,Main Bearing_DW,1492.8805352219674,1446.815571841283,8.170030898385715,9568819.485557275,1283081.123971207,14318515.492903762,1885788.280340451,1.7608763921991826e-09,1.3132067815932926e-08,1.1767636345879521e-09,8.934994722891906e-09,,
180,360.0,0.52781275,0.017593758333333334,4409955.76440054,-24734.552233854636,662099.089665899,-9652505.973524483,-42686920.49297667,11513.005,Main Bearing_UW,1891.7106727554126,1831.6617586655407,5.566246648489954,2662691.512238252,347187.8589939624,2717005.808597495,348463.5240353429,6.6075090758613884e-09,5.06750391108558e-08,6.475421685761926e-09,5.048952650650714e-08,,
180,360.0,0.52781275,0.017593758333333334,4409955.76440054,-24734.552233854636,662099.089665899,-9652505.973524483,-42686920.49297667,11513.005,Main Bearing_DW,1520.5358571060297,1473.614828434679,7.802733151105681,8208589.6733752275,1112914.0559934978,12315300.160585048,1640921.21206744,2.1433350957228553e-09,1.5808730457292494e-08,1.428609786519205e-09,1.0721878786103627e-08,,
181,362.0,0.38238,0.012746,4396492.310394113,-50992.15505836303,331878.4184099157,16725059.5126607,-9726864.99245156,-28230.82716,Main Bearing_UW,1460.9816144512715,1415.9624206027845,10.778805211007276,24099874.292200245,2987008.8912467575,26079353.287695043,3157490.1466455776,5.288824267488049e-10,4.26714498150687e-09,4.887391132514745e-10,4.03675052273432e-09,,
181,362.0,0.38238,0.012746,4396492.310394113,-50992.15505836303,331878.4184099157,16725059.5126607,-9726864.99245156,-28230.82716,Main Bearing_DW,1123.1108250228835,1088.8416031773365,17.675725942148613,97087249.81429918,12519506.045399511,161742124.44923213,20280494.432117317,1.312839742023751e-10,1.0180912852135822e-09,7.880445519930545e-11,6.284856635356349e-10,,
182,364.0,0.3549076,0.011830253333333334,4186912.0090379245,190378.95385776382,464110.9019730157,-8685611.004544688,-45023022.12155514,-440.46099999999984,Main Bearing_UW,1910.5337434824285,1849.5553309727586,5.450902038980832,2483174.7812015144,286099.1302099087,2504159.934206814,286027.8571702257,4.764164577899394e-09,4.135018979139702e-08,4.724240321767042e-09,4.1360493521065376e-08,,
182,364.0,0.3549076,0.011830253333333334,4186912.0090379245,190378.95385776382,464110.9019730157,-8685611.004544688,-45023022.12155514,-440.46099999999984,Main Bearing_DW,1548.64058550411,1500.8499012220377,7.438516591885937,6999502.16079893,821850.7897185147,10430098.356328081,1214249.6620732264,1.6901563942060442e-09,1.4394648616673127e-08,1.1342417807743644e-09,9.74285083442741e-09,,
183,366.0,0.34558645,0.011519548333333332,3871808.441776044,448159.95480842306,528770.3301465081,-6345931.562059071,-22395002.860004235,9395.6305,Main Bearing_UW,1567.2576132376219,1518.8911576360024,8.954062929817109,12987129.55101999,1530019.3164037368,13956608.587455243,1618888.471922563,8.869972604861406e-10,7.529021503081199e-09,8.253830621636522e-10,7.115714598704211e-09,,
183,366.0,0.34558645,0.011519548333333332,3871808.441776044,448159.95480842306,528770.3301465081,-6345931.562059071,-22395002.860004235,9395.6305,Main Bearing_DW,1193.8922080501065,1157.45133557001,14.931009004779385,57303594.16700578,6972590.334462741,95130909.0055663,11356919.162532145,2.0102662844778504e-10,1.6521189085778904e-09,1.2109154063333192e-10,1.0143198316791511e-09,,
184,368.0,0.35078665,0.011692888333333333,4044915.820773952,315713.10423865396,438395.32954239106,10209049.545908313,-18637588.62266484,2613.7714999999994,Main Bearing_UW,1542.9605569348969,1495.347667551155,9.354800602753507,15027767.995134389,1784862.6364524015,16109102.993210759,1881158.410755311,7.780854972687358e-10,6.551141860739577e-09,7.258559547518782e-10,6.215791432811062e-09,,
184,368.0,0.35078665,0.011692888333333333,4044915.820773952,315713.10423865396,438395.32954239106,10209049.545908313,-18637588.62266484,2613.7714999999994,Main Bearing_DW,1162.6922104447112,1127.204567007785,16.368966335647197,67704468.18070048,8323109.329090889,116679449.09475884,14055452.03179909,1.7270482506598365e-10,1.4048702078758488e-09,1.002137773536897e-10,8.319112261120677e-10,,
185,370.0,0.34776915,0.011592305,4134639.463139301,-28810.238612415986,430747.4536660919,-10154366.249343827,-46640644.74175546,-8721.76765,Main Bearing_UW,1933.7576074513636,1871.78702493701,5.29989683875476,2261191.8904059003,258646.96003521277,2266754.0546280155,257218.9801946974,5.1266347845954365e-09,4.4819026670260494e-08,5.114055041098118e-09,4.506784449275636e-08,,
185,370.0,0.34776915,0.011592305,4134639.463139301,-28810.238612415986,430747.4536660919,-10154366.249343827,-46640644.74175546,-8721.76765,Main Bearing_DW,1573.8984470460414,1525.3257662085653,7.138849052102872,6102953.046590797,710161.3336839002,9084485.72906911,1049164.5039703643,1.8994583296811762e-09,1.6323480947443205e-08,1.2760551720507648e-09,1.1049082347078192e-08,,
186,372.0,0.25334225,0.008444741666666667,4121539.6515956107,108629.76161694208,426524.88609207585,7205249.405864383,-13805154.33687863,-15367.7255,Main Bearing_UW,1448.1257567780535,1403.774478623518,11.037659264156249,26083706.745569322,2798779.6700319806,28186931.179058157,3001065.0901568835,3.2375542897487614e-10,3.0172942004292076e-09,2.9959776795214924e-10,2.8139148645473766e-09,,
186,372.0,0.25334225,0.008444741666666667,4121539.6515956107,108629.76161694208,426524.88609207585,7205249.405864383,-13805154.33687863,-15367.7255,Main Bearing_DW,1051.9095735445078,1019.837880991449,22.69597912984892,147749626.11057082,16115296.132828983,266934404.04534295,28829835.088511847,5.715575659289255e-11,5.240202598240572e-10,3.163601820779983e-11,2.9291675241082943e-10,,
187,374.0,0.2099815,0.006999383333333333,4096088.4523719023,286199.0800479211,481500.82595665456,-5609081.599448409,-36702614.59990633,-11196.7765,Main Bearing_UW,1792.6236902178466,1735.9491963953644,6.385264103578456,4207675.589240476,424812.6238035347,4346737.825545805,438555.0830241845,1.6634797965963878e-09,1.647640145592842e-08,1.6102612152492646e-09,1.5960100804366565e-08,,
187,374.0,0.2099815,0.006999383333333333,4096088.4523719023,286199.0800479211,481500.82595665456,-5609081.599448409,-36702614.59990633,-11196.7765,Main Bearing_DW,1423.8268513818618,1379.8969376400928,9.23225957076727,13851395.780817255,1400514.9556681823,21165978.489287283,2138496.6315714275,5.053197124745184e-10,4.997721234611124e-09,3.3069027906628197e-10,3.2730392136226976e-09,,
188,376.0,0.136823475,0.0045607825,4120403.4185879673,69124.44765988979,367828.06887123635,-6610730.379528469,-46757928.064225204,-2954.5747499999998,Main Bearing_UW,1929.4888725200738,1867.6717765880176,5.33798213205566,2315810.8491220693,231539.434634153,2314271.4044827665,231388.00455007152,1.9694106285619166e-09,1.969764894349995e-08,1.9707206731093507e-09,1.971053991700362e-08,,
188,376.0,0.136823475,0.0045607825,4120403.4185879673,69124.44765988979,367828.06887123635,-6610730.379528469,-46757928.064225204,-2954.5747499999998,Main Bearing_DW,1566.2629502326763,1517.9266244064418,7.219414786747265,6335574.670917056,633428.8954388625,9381786.668546248,937997.9162312098,7.198687943709202e-10,7.20014911356408e-09,4.861315505383064e-10,4.862252272718056e-09,,
189,378.0,0.07821856,0.0026072853333333336,4147100.917208145,29785.087017068457,270134.3500797139,-3755560.6846318534,-10479517.344955212,6811.875000000001,Main Bearing_UW,1375.5347507914328,1333.5735288666212,12.69692729956606,41601418.713490285,4159083.7545038066,44684914.31357395,4467492.552215054,6.26729908248984e-11,6.268893552600246e-10,5.834822273657841e-11,5.836126871751807e-10,,
189,378.0,0.07821856,0.0026072853333333336,4147100.917208145,29785.087017068457,270134.3500797139,-3755560.6846318534,-10479517.344955212,6811.875000000001,Main Bearing_DW,963.7476703669658,934.6015238301387,30.066505338272613,270756981.79276675,27067076.213446703,519312292.36398983,51916734.25359771,9.62961440945929e-12,9.632681833725563e-11,5.020650139946751e-12,5.022051889083634e-11,,
190,380.0,0.14264045,0.0047546816666666665,4218871.135432156,34182.510101440675,575155.9213488068,-8441736.640606264,-42727539.21870791,8453.943,Main Bearing_UW,1881.5083279879536,1821.8485095212613,5.646072588976864,2792120.9225075203,279160.73570592917,2848454.7872436177,284796.3512022589,1.7028924601147394e-09,1.7032057372406762e-08,1.6692143712302555e-09,1.6695023115973666e-08,,
190,380.0,0.14264045,0.0047546816666666665,4218871.135432156,34182.510101440675,575155.9213488068,-8441736.640606264,-42727539.21870791,8453.943,Main Bearing_DW,1517.6496523392768,1470.8180615567992,7.840389013249654,8341383.139509904,833963.3575284337,12501940.523695057,1249946.6138066463,5.700111824555306e-10,5.701307645887256e-09,3.803154924353599e-10,3.8039077942589365e-09,,
191,382.0,0.21995174999999997,0.007331724999999999,4242900.062448527,53745.32370358699,456932.4572780367,-6063474.794717731,-35202770.20949086,13052.234999999999,Main Bearing_UW,1781.6513589319393,1725.5348858278496,6.489802766228916,4441718.445919856,453583.10186556814,4581270.547863771,467125.49412278505,1.650650550967473e-09,1.6164017067313408e-08,1.6003693567974836e-09,1.5695407534474746e-08,,
191,382.0,0.21995174999999997,0.007331724999999999,4242900.062448527,53745.32370358699,456932.4572780367,-6063474.794717731,-35202770.20949086,13052.234999999999,Main Bearing_DW,1403.1001567422188,1359.810931124504,9.60813228042409,15015997.623058679,1538491.5349993743,23652856.731081177,2419451.8892817358,4.882609323766373e-10,4.765528332921884e-09,3.099720715919148e-10,3.0303247741688194e-09,,
192,384.0,0.29774995,0.009924998333333332,4292066.277491918,-147988.30403648925,244992.59114385472,-3792457.645821891,-21358944.0691059,-4879.37855,Main Bearing_UW,1578.8721032348687,1530.1473842141509,8.858709560408865,12531822.719841862,1404802.3890098387,13222201.711918328,1466181.5332683004,7.919836208358504e-10,7.065049441102439e-09,7.506312904292681e-10,6.769283412818112e-09,,
192,384.0,0.29774995,0.009924998333333332,4292066.277491918,-147988.30403648925,244992.59114385472,-3792457.645821891,-21358944.0691059,-4879.37855,Main Bearing_DW,1184.958175500467,1148.7894164663473,16.116213599132454,52335785.339219734,5994457.789169031,94764300.68128926,10725892.308477402,1.8964076432604273e-10,1.6556957580493972e-09,1.0473351527927198e-10,9.253307834807302e-10,,
193,386.0,0.29777925,0.009925975,4275389.967610698,-168580.93987205514,469170.74410090403,-5283491.7363694515,-45962099.45969314,8143.879500000001,Main Bearing_UW,1924.7242793127725,1863.1839461012216,5.3627611814814,2351838.8234804827,258197.06589130202,2358892.604162379,257521.5129162991,4.2205166871556974e-09,3.844340742500428e-08,4.2078961045047755e-09,3.8544255536531384e-08,,
193,386.0,0.29777925,0.009925975,4275389.967610698,-168580.93987205514,469170.74410090403,-5283491.7363694515,-45962099.45969314,8143.879500000001,Main Bearing_DW,1553.439614351435,1505.5001868113877,7.374326917971457,6800183.849190267,756145.8001855605,10082724.603256471,1114894.8431381795,1.4596627414980755e-09,1.3127064909391992e-08,9.844536462688027e-10,8.903059388148753e-09,,
194,388.0,0.2905904,0.009686346666666668,4178150.778383984,-151826.85659943358,436012.8077933422,-4209847.68797048,-20769952.19387095,13374.1386,Main Bearing_UW,1560.7362721174704,1512.57326682152,9.08353134715813,13623700.762120299,1517104.5783840148,14540880.055678586,1602586.423048328,7.109923240239426e-10,6.384758707263506e-09,6.661458336480743e-10,6.04419613654406e-09,,
194,388.0,0.2905904,0.009686346666666668,4178150.778383984,-151826.85659943358,436012.8077933422,-4209847.68797048,-20769952.19387095,13374.1386,Main Bearing_DW,1165.6572418748992,1130.0773053578985,16.50475931721158,63629929.54221651,7243373.977702028,112097430.33492947,12605230.258276613,1.5222941053612316e-10,1.3372699927526975e-09,8.641006879216937e-11,7.684386931612454e-10,,
195,390.0,0.41716084999999997,0.013905361666666666,4132103.8890791796,-298441.0488807114,286129.36135011265,-7713996.721897679,-29894721.028474037,2501.2219999999993,Main Bearing_UW,1710.0909799126835,1656.6723409526985,7.2191780383175015,6334882.1494250065,782627.2340831893,6567756.748391459,797602.8719853242,2.1950466226003593e-09,1.7767541252197975e-08,2.11721630373602e-09,1.7433941319763107e-08,,
195,390.0,0.41716084999999997,0.013905361666666666,4132103.8890791796,-298441.0488807114,286129.36135011265,-7713996.721897679,-29894721.028474037,2501.2219999999993,Main Bearing_DW,1331.5525878302344,1290.8621554072909,11.158303301102743,21551518.193333272,2754364.967948398,36075706.58816255,4529720.153743978,6.45214946897251e-10,5.048481892733388e-09,3.854494611958454e-10,3.0698059029481946e-09,,
196,392.0,0.46394805000000006,0.015464935000000003,4285430.305358804,-348570.90430540725,412518.4642303652,-4024489.9853377184,-46463546.0974499,493.7098000000001,Main Bearing_UW,1932.078572796928,1870.2275146946,5.321779699436795,2292463.027417308,285457.9078185149,2287601.285296119,281098.5367715938,6.7459910214660335e-09,5.4175885748564085e-08,6.760327990460166e-09,5.50160636822027e-08,,
196,392.0,0.46394805000000006,0.015464935000000003,4285430.305358804,-348570.90430540725,412518.4642303652,-4024489.9853377184,-46463546.0974499,493.7098000000001,Main Bearing_DW,1557.721492365842,1509.649446102623,7.314858880794985,6619104.007924953,849452.2564439066,9758415.139293894,1235841.7218192725,2.336409124480303e-09,1.82057730527922e-08,1.584779370343433e-09,1.2513685795648813e-08,,
197,394.0,0.3881158,0.012937193333333335,4341072.017551941,-196273.0611985208,507839.6014656763,-7084615.87343051,-14930839.128594311,-4534.362499999999,Main Bearing_UW,1481.4374824953763,1435.8530476947315,10.386456454761428,21297929.28074986,2646198.6007137527,23022979.89939028,2795286.8375810543,6.07439022019226e-10,4.88897293266039e-09,5.619252325228304e-10,4.628216739477348e-09,,
197,394.0,0.3881158,0.012937193333333335,4341072.017551941,-196273.0611985208,507839.6014656763,-7084615.87343051,-14930839.128594311,-4534.362499999999,Main Bearing_DW,1072.8203868903456,1040.078391008114,21.356641273564353,125346902.4832042,16408756.424383253,225860454.78594142,28698515.254198268,1.0321111313513988e-10,7.884322857098903e-10,5.727958595316972e-11,4.5079660807333126e-10,,
198,396.0,0.3634237,0.012114123333333334,4322531.401927162,-272654.74390904664,521477.17213354306,5281301.909258311,-41292693.1221352,-2882.58,Main Bearing_UW,1863.9485647970448,1804.9738301788768,5.792202631160107,3040361.237758586,353953.69797518686,3095760.944907949,356853.8774200961,3.984435527886188e-09,3.422516392011977e-08,3.9131326833421054e-09,3.394701332913451e-08,,
198,396.0,0.3634237,0.012114123333333334,4322531.401927162,-272654.74390904664,521477.17213354306,5281301.909258311,-41292693.1221352,-2882.58,Main Bearing_DW,1489.202558789519,1443.2508582656885,8.214471595704058,9698302.91300932,1155238.8307385254,14427393.39649783,1700113.979804517,1.2490972329894368e-09,1.0486250125083636e-08,8.396612610753353e-10,7.125477160493818e-09,,
199,398.0,0.3266727,0.010889089999999999,4305747.16016029,-554124.7766338674,350600.34550286894,-8756915.66657953,-42423086.17772335,1351.2424999999992,Main Bearing_UW,1891.9751680118732,1831.960576831981,5.608978655375154,2731442.040698767,307986.3660195999,2738890.6505064685,306470.9854840606,3.986571868541026e-09,3.535575337548231e-08,3.97573010006311e-09,3.553057390669804e-08,,
199,398.0,0.3266727,0.010889089999999999,4305747.16016029,-554124.7766338674,350600.34550286894,-8756915.66657953,-42423086.17772335,1351.2424999999992,Main Bearing_DW,1513.013508207943,1466.3250178756286,7.886207273310619,8122097.4176540375,931422.0183436834,12360466.733848754,1406805.220182639,1.3406746361268309e-09,1.1690823048572228e-08,8.809610700363413e-10,7.740296839804388e-09,,
200,400.0,0.3538757,0.011795856666666667,4241629.485198718,-542796.2682245317,414825.46165810066,-8325903.355403425,-18156526.645281285,-810.1780000000007,Main Bearing_UW,1541.8337639812762,1494.2567619549936,9.385772212075928,15194254.55673009,1810602.7082991628,16241522.956635738,1902115.110659685,7.763366490027543e-10,6.5148785057034485e-09,7.26277744898749e-10,6.201442068653599e-09,,
200,400.0,0.3538757,0.011795856666666667,4241629.485198718,-542796.2682245317,414825.46165810066,-8325903.355403425,-18156526.645281285,-810.1780000000007,Main Bearing_DW,1144.8388806509847,1109.8951869924335,17.50673914232546,72894352.45597665,9011264.44199637,129824223.38442089,15720140.726788864,1.6182126967642084e-10,1.3090123747443145e-09,9.086021359617999e-11,7.503658441533681e-10,,
201,402.0,0.3807233,0.012690776666666665,4277569.297612849,-245867.2158732668,622502.507805762,11915948.122889606,-41743146.013878115,-6577.55125,Main Bearing_UW,1876.0966859484056,1816.6625814773158,5.676563014142138,2842699.212081035,335053.5169872957,2915558.2571273465,340101.71686954756,4.464340304712089e-09,3.787686451041749e-08,4.352777597786946e-09,3.7314650403645135e-08,,
201,402.0,0.3807233,0.012690776666666665,4277569.297612849,-245867.2158732668,622502.507805762,11915948.122889606,-41743146.013878115,-6577.55125,Main Bearing_DW,1516.6369922097101,1469.8369499424211,7.862895900598999,8421467.653554328,1015802.9068880641,12681775.364209227,1513450.1301739244,1.506955460585359e-09,1.2493345491149613e-08,1.0007097825185298e-09,8.385328603598093e-09,,
202,404.0,0.373726,0.012457533333333333,4445396.463670356,-183537.87953308763,381531.1964174016,-2760263.6777035003,-33138740.182923634,4599.134,Main Bearing_UW,1761.675836812237,1706.539993417174,6.693073061433661,4922638.201678283,583391.1148291024,5065011.003169705,592610.2721351028,2.5306619789945497e-09,2.1353656263658765e-08,2.4595273979735395e-09,2.102146034095959e-08,,
202,404.0,0.373726,0.012457533333333333,4445396.463670356,-183537.87953308763,381531.1964174016,-2760263.6777035003,-33138740.182923634,4599.134,Main Bearing_DW,1368.317945944282,1326.2412792784166,10.350660284814225,17227199.148158923,2099281.072164159,28541842.74339179,3432202.059204449,7.231316725484464e-10,5.934190279956558e-09,4.3646562856273844e-10,3.629603711682659e-09,,
203,406.0,0.321911,0.010730366666666666,4473497.717008759,-160363.6797202909,394250.39499614935,10120800.424127426,-26261772.26614307,-1486.9545,Main Bearing_UW,1676.1176295467747,1623.766480559893,7.581244928422041,7457291.574791176,850102.618840133,7809226.589725783,880521.7223699962,1.4389093626082529e-09,1.262243690215543e-08,1.374062660799737e-09,1.2186373594265235e-08,,
203,406.0,0.321911,0.010730366666666666,4473497.717008759,-160363.6797202909,394250.39499614935,10120800.424127426,-26261772.26614307,-1486.9545,Main Bearing_DW,1287.641226943725,1248.3394598409545,12.265906946021829,28405115.475046817,3313398.8279626584,48129830.29838165,5547535.107617043,3.777617688649435e-10,3.2384772325354356e-09,2.2294628092689267e-10,1.934258451457718e-09,,
204,408.0,0.27254315,0.009084771666666666,4499485.505236814,-67828.20590417922,629772.6773176595,8497200.814243741,-40275025.594404936,-18152.125,Main Bearing_UW,1863.0564469357162,1804.1092589981386,5.787608412333794,3032330.2320219427,326182.48195471213,3100572.37971537,331961.95533892483,2.9959704159955514e-09,2.7851807406162345e-08,2.930030508592946e-09,2.736690611847777e-08,,
204,408.0,0.27254315,0.009084771666666666,4499485.505236814,-67828.20590417922,629772.6773176595,8497200.814243741,-40275025.594404936,-18152.125,Main Bearing_DW,1482.9309334481384,1437.1731463673066,8.30934408698579,10123604.639114426,1101472.6633858792,15057137.735039065,1629658.0121744717,8.973850708833457e-10,8.247841248043753e-09,6.033531622365209e-10,5.574649158779485e-09,,
205,410.0,0.2361955,0.007873183333333334,4484630.832480272,32024.440246827817,427480.21178308665,5370760.51845682,-22158223.86023255,14157.838000000002,Main Bearing_UW,1602.7948515489143,1553.3287622345927,8.493026054160651,10888988.84760938,1137024.2359540726,11539512.185202867,1200217.8782613256,7.230408115499034e-10,6.924376002176398e-09,6.822804297940018e-10,6.559795080488787e-09,,
205,410.0,0.2361955,0.007873183333333334,4484630.832480272,32024.440246827817,427480.21178308665,5370760.51845682,-22158223.86023255,14157.838000000002,Main Bearing_DW,1199.18878449571,1162.5848877491887,15.295177096719133,49245187.02724282,5186628.390935363,87120725.07949804,9134273.579976896,1.5987721457891567e-10,1.5179771404277285e-09,9.037095738297656e-11,8.619386385133045e-10,,
206,412.0,0.32188495,0.010729498333333334,4469289.056691495,-68891.12475426307,416150.0406506757,10244407.453266582,-32718444.133979987,11667.6856335,Main Bearing_UW,1768.840141092308,1713.3526266513193,6.620116719672759,4746041.378931865,537264.7319599295,4891190.693766335,548613.8324941242,2.260725829522391e-09,1.9970598654768143e-08,2.193637297152968e-09,1.955746956753638e-08,,
206,412.0,0.32188495,0.010729498333333334,4469289.056691495,-68891.12475426307,416150.0406506757,10244407.453266582,-32718444.133979987,11667.6856335,Main Bearing_DW,1382.8840394566967,1340.2936531002579,10.016110773153509,16328656.801090986,1885745.143147195,26433167.04847033,3023164.217603456,6.57096199891742e-10,5.689792373229421e-09,4.059104349342143e-10,3.5490954381032257e-09,,
207,414.0,0.42971665000000003,0.014323888333333335,4304611.736224382,73853.00177323638,567492.7768428588,3176816.3839860098,-34725829.39408133,13156.693999999998,Main Bearing_UW,1773.6972346271348,1717.9547782779084,6.550471359994727,4581642.5727939615,566896.8834135972,4753626.518219051,579055.6984014191,3.12636529492487e-09,2.526718483100726e-08,3.0132548862294272e-09,2.4736633061166384e-08,,
207,414.0,0.42971665000000003,0.014323888333333335,4304611.736224382,73853.00177323638,567492.7768428588,3176816.3839860098,-34725829.39408133,13156.693999999998,Main Bearing_DW,1389.5951862353195,1346.7460609765794,9.853402943636178,16530720.828907797,2120217.154454978,25892102.83711898,3262688.7259628335,8.665011333495328e-10,6.755859088884424e-09,5.532145621173177e-10,4.390209896319881e-09,,
208,416.0,0.48916655000000003,0.016305551666666668,4168925.259802066,67418.78989160915,383262.7148051572,11468561.816459633,-8250004.221231029,-923.1377999999994,Main Bearing_UW,1378.620771289003,1336.5612721444859,12.547183887211455,39988358.300356016,5586355.4835292,43452941.946492754,5828487.274393402,4.077574664154567e-10,2.918817414097962e-09,3.7524620742008813e-10,2.7975615110807056e-09,,
208,416.0,0.48916655000000003,0.016305551666666668,4168925.259802066,67418.78989160915,383262.7148051572,11468561.816459633,-8250004.221231029,-923.1377999999994,Main Bearing_DW,1013.4160156646838,982.7816582399496,24.572261637392202,216119411.5627534,32599644.161039446,378373427.5066367,54163193.34966616,7.544695568418255e-11,5.001757560947182e-10,4.3093807549106146e-11,3.010448730635482e-10,,
209,418.0,0.48975245,0.016325081666666668,4418163.911034573,-108524.7846654758,458671.1309055872,5908339.840434999,-35334011.20190705,-10342.9135,Main Bearing_UW,1792.1236265625328,1735.6133110116791,6.401209874459251,4242803.5162402475,547367.7724576909,4359901.681486836,552170.3574663559,3.84771097793685e-09,2.982470376976482e-08,3.7443692218993814e-09,2.956529890806637e-08,,
209,418.0,0.48975245,0.016325081666666668,4418163.911034573,-108524.7846654758,458671.1309055872,5908339.840434999,-35334011.20190705,-10342.9135,Main Bearing_DW,1405.3142884139638,1361.9563537238164,9.582567953005976,14534379.52072755,1953999.06582437,23162348.40533949,3053191.3433222836,1.123204581481128e-09,8.35470290247007e-09,7.048111608105911e-10,5.346891115216768e-09,,
210,420.0,0.2920583,0.009735276666666666,4344182.910461284,73847.68586559474,461066.97806049825,8047079.780229505,-26103092.23612323,-4618.353499999999,Main Bearing_UW,1662.5525380454756,1610.6278110478104,7.732123557986792,7963585.545015569,882167.8124042996,8381963.827124727,920508.9933218809,1.2224740491122121e-09,1.103562896965568e-08,1.1614553423819972e-09,1.0575971269476192e-08,,
210,420.0,0.2920583,0.009735276666666666,4344182.910461284,73847.68586559474,461066.97806049825,8047079.780229505,-26103092.23612323,-4618.353499999999,Main Bearing_DW,1271.8079625202645,1232.988624247785,12.661446083395152,31901027.325110976,3600422.6678553373,53851734.15208128,6018788.252585886,3.051712588266246e-10,2.703926056677583e-09,1.8077926031450584e-10,1.6174811703143143e-09,,
211,422.0,0.30745805000000004,0.010248601666666668,4331228.373217114,247640.93338936634,452537.5751387182,4571659.849239924,-16068034.803721469,-17001.6793,Main Bearing_UW,1492.5661873569863,1446.5433451257572,10.195557660025909,20020856.311539438,2284029.033644904,21542929.658581354,2424016.639828606,5.118962699292573e-10,4.4870715370512266e-09,4.757292452368133e-10,4.227941961401433e-09,,
211,422.0,0.30745805000000004,0.010248601666666668,4331228.373217114,247640.93338936634,452537.5751387182,4571659.849239924,-16068034.803721469,-17001.6793,Main Bearing_DW,1081.1289381066701,1048.131595503193,21.19831422077558,113969493.9045072,13409259.091772815,208373935.16382948,24095722.787624165,8.992407806297507e-11,7.642929110792294e-10,4.918370264788121e-11,4.2532866753972057e-10,,
212,424.0,0.25297235,0.008432411666666667,4470994.767330268,145361.7960079924,582526.4451160961,4756417.679376332,-38438924.87643269,464.4325,Main Bearing_UW,1833.8949310528296,1775.8778608249397,6.025649758380531,3468371.806160054,366407.0655533749,3554216.3948251694,374093.9740751619,2.431230599813479e-09,2.3013780189886403e-08,2.37250936069734e-09,2.2540891463203443e-08,,
212,424.0,0.25297235,0.008432411666666667,4470994.767330268,145361.7960079924,582526.4451160961,4756417.679376332,-38438924.87643269,464.4325,Main Bearing_DW,1447.269790946813,1402.6145858905898,8.847427213119222,11946243.467798352,1273199.8554087677,18280811.2875598,1940392.3722645892,7.058630346348306e-10,6.6230070878851894e-09,4.612711949170972e-10,4.345725012733061e-09,,
213,426.0,0.1875422,0.0062514066666666665,4410001.178566526,-45880.50402823506,389411.56315380917,3759754.1182181532,-17714149.927147657,-2525.82335,Main Bearing_UW,1522.453528000472,1475.4776363219514,9.704403520679106,16982782.756005187,1697890.3497955499,18155916.670520917,1815218.6174426582,3.681026105369064e-10,3.6818671284747125e-09,3.4431787610133955e-10,3.4438863763274204e-09,,
213,426.0,0.1875422,0.0062514066666666665,4410001.178566526,-45880.50402823506,389411.56315380917,3759754.1182181532,-17714149.927147657,-2525.82335,Main Bearing_DW,1113.477844039433,1079.4919148716945,19.484663397141066,87916442.44195838,8789198.08186121,161104678.15809458,16106428.207641335,7.110622874434196e-11,7.112601864745848e-10,3.880338385041843e-11,3.881311601849022e-10,,
214,428.0,0.25172045,0.008390681666666667,4427294.361873145,160940.16727327282,474912.98855617264,-2891496.8237464745,-29690166.565883227,10662.265,Main Bearing_UW,1708.6637029399783,1655.2893056834646,7.209071406508324,6305368.255854165,667941.7285203929,6580033.046817269,693846.7839710718,1.3307203205580277e-09,1.2561996516153417e-08,1.2751731802813969e-09,1.2092989202377704e-08,,
214,428.0,0.25172045,0.008390681666666667,4427294.361873145,160940.16727327282,474912.98855617264,-2891496.8237464745,-29690166.565883227,10662.265,Main Bearing_DW,1313.0724136490235,1272.9940475700441,11.577065298863399,24407162.426404744,2612013.8345679063,40826558.74030813,4347177.035303341,3.4377948243542056e-10,3.2123419698711893e-09,2.0552017915687156e-10,1.9301449189959604e-09,,
215,430.0,0.2849332,0.009497773333333332,4287211.590156966,196648.34338659767,591327.0818485369,6991560.251364703,-31198910.589386716,11792.202,Main Bearing_UW,1728.902598430005,1674.8920756635305,6.9720270975283745,5640395.875279023,617847.0763384197,5908939.612006115,642745.2532833237,1.6838841711378086e-09,1.537236914613321e-08,1.6073566421351174e-09,1.4776885997704429e-08,,
215,430.0,0.2849332,0.009497773333333332,4287211.590156966,196648.34338659767,591327.0818485369,6991560.251364703,-31198910.589386716,11792.202,Main Bearing_DW,1344.1256199229404,1302.955352630171,10.767640055519555,21613739.045212235,2405824.2277817563,34396029.82078439,3797674.486818512,4.394322201015576e-10,3.947825125233929e-09,2.761299307745727e-10,2.5009445560169792e-09,,
216,432.0,0.41288565000000005,0.013762855000000001,4320153.86177493,-77571.91959174129,350268.6909002189,-5243493.1163440505,-13139585.456419194,5622.800300000001,Main Bearing_UW,1441.616019984152,1397.6348611980231,11.190667749411187,27308595.89231404,3500667.449835018,29367279.64091196,3660590.6191085386,5.039751971969212e-10,3.931494549888944e-09,4.68645893262336e-10,3.759736182504795e-09,,
216,432.0,0.41288565000000005,0.013762855000000001,4320153.86177493,-77571.91959174129,350268.6909002189,-5243493.1163440505,-13139585.456419194,5622.800300000001,Main Bearing_DW,1031.342119559878,999.9632353687938,25.047690485748543,161641969.52513483,22003610.39806067,303272807.3821471,39853706.10888381,8.514406895951562e-11,6.254816710085458e-10,4.5381104619306486e-11,3.4533438276477164e-10,,
217,434.0,0.39612600000000003,0.013204200000000001,4456443.97624937,63927.042754503906,373901.7931889095,5623982.826951463,-38371308.973789185,-8183.106000000001,Main Bearing_UW,1837.017623068014,1778.9006287605378,6.032394896045621,3481330.415985852,417013.625232863,3529934.034281276,417621.23659491923,3.792860321263359e-09,3.1663713607982696e-08,3.7406364741568e-09,3.1617644992531117e-08,,
217,434.0,0.39612600000000003,0.013204200000000001,4456443.97624937,63927.042754503906,373901.7931889095,5623982.826951463,-38371308.973789185,-8183.106000000001,Main Bearing_DW,1449.5001759001627,1404.7760325592749,8.835117396554837,11133463.719504988,1370587.0834992747,17646956.927614223,2145549.4705610005,1.1859920984758085e-09,9.63397376129365e-09,7.482423204273746e-10,6.1542277077151134e-09,,
218,436.0,0.23318034999999998,0.007772678333333333,4271884.818937547,179959.1053840418,543535.362111639,-2425860.9540952262,-25797811.976351164,-4271.8325,Main Bearing_UW,1640.6612323989307,1589.615328345636,7.9781790797826,8840129.618192714,918834.2589700273,9370270.873319648,970701.1266496541,8.792493627398179e-10,8.459282245359639e-09,8.295041240979271e-10,8.007282694891372e-09,,
218,436.0,0.23318034999999998,0.007772678333333333,4271884.818937547,179959.1053840418,543535.362111639,-2425860.9540952262,-25797811.976351164,-4271.8325,Main Bearing_DW,1245.5883566216858,1207.568454032055,13.392319518717587,38326269.42331383,4013399.95941004,64682982.081371166,6746938.9045960335,2.0280289342758785e-10,1.9366817192263832e-09,1.2016573885779272e-10,1.1520303419434498e-09,,
219,438.0,0.1959575,0.006531916666666667,4254539.9719888745,81595.89526619289,424610.63463256205,-4624370.355872511,-19737149.147039432,-15126.5095,Main Bearing_UW,1547.57894592754,1499.8239888513938,9.287515843193514,14670489.01281984,1466719.627120608,15674163.013499951,1567098.6651533567,4.4524191804095535e-10,4.453418735174223e-09,4.167314491396327e-10,4.1681591669452746e-09,,
219,438.0,0.1959575,0.006531916666666667,4254539.9719888745,81595.89526619289,424610.63463256205,-4624370.355872511,-19737149.147039432,-15126.5095,Main Bearing_DW,1149.6678178114187,1114.5767162167356,17.28701347322199,70424915.3793226,7040583.521941797,125293170.38038264,12526246.941703446,9.275008186356298e-11,9.277521737097667e-10,5.21330623755162e-11,5.214583982789014e-10,,
220,440.0,0.18666365000000001,0.006222121666666667,4057292.8281460525,131941.07659733115,274463.731865896,-3089457.178816659,-37542471.003261,8447.526999999998,Main Bearing_UW,1803.4827849157434,1746.4377682181314,6.31720226927824,4060024.373461471,405924.3286280793,4139565.709085719,413882.59381525085,1.532533082150403e-09,1.532827975030679e-08,1.5030856142735103e-09,1.503354274773899e-08,,
220,440.0,0.18666365000000001,0.006222121666666667,4057292.8281460525,131941.07659733115,274463.731865896,-3089457.178816659,-37542471.003261,8447.526999999998,Main Bearing_DW,1432.905402711833,1388.6946946331086,9.098646258814853,12335946.238054533,1233323.4460962596,19539472.76400105,1953544.2188595745,5.043894928361767e-10,5.045003957689325e-09,3.184385649407143e-10,3.185042655599048e-09,,
221,442.0,0.21101635000000002,0.007033878333333334,4105559.549266949,200913.33532814673,402418.92387729394,-9460243.690829087,-17413800.79503543,3371.1049500000004,Main Bearing_UW,1514.146721215924,1467.426753219267,9.826086939779723,17703047.706927568,1793065.660063089,19011990.94777791,1923154.0958846018,3.9732584184252257e-10,3.922822510072412e-09,3.6997063340993454e-10,3.6574699595759277e-09,,
221,442.0,0.21101635000000002,0.007033878333333334,4105559.549266949,200913.33532814673,402418.92387729394,-9460243.690829087,-17413800.79503543,3371.1049500000004,Main Bearing_DW,1135.8510275551512,1101.183762877883,17.59612592060076,81293346.80646619,8255011.812390491,141637789.9120704,14360510.745539403,8.652464942892288e-11,8.520736848341904e-10,4.966102858354405e-11,4.898069753903541e-10,,
222,444.0,0.22040359999999998,0.0073467866666666656,3967292.2254087483,97969.28235205254,464959.30313202867,5121185.595027882,-24688015.225442465,-2152.479,Main Bearing_UW,1612.6676728859431,1562.6729302288136,8.348538476005675,10283656.03150705,1053084.4996757337,10928532.50993475,1116747.806619095,7.14413885894043e-10,6.976445545375411e-09,6.722573831379426e-10,6.5787339120985075e-09,,
222,444.0,0.22040359999999998,0.0073467866666666656,3967292.2254087483,97969.28235205254,464959.30313202867,5121185.595027882,-24688015.225442465,-2152.479,Main Bearing_DW,1232.4514246036356,1194.8331412879538,13.759500256697711,42377685.763645835,4358795.667349239,71245579.8420718,7309975.032829958,1.7336450856807257e-10,1.6855083897829387e-09,1.0311919255836073e-10,1.0050358084222425e-09,,
223,446.0,0.20521285000000003,0.006840428333333334,3882558.8158092475,139464.2014895666,286637.2010925245,-10814737.325738322,-38772869.909074746,4611.1855,Main Bearing_UW,1822.922836144781,1765.2602254456926,6.139394307365684,3691456.7883741725,370628.6470563958,3768002.8329848694,378209.5670486709,1.8530430465491274e-09,1.8456286063317918e-08,1.8153989358640171e-09,1.8086343998942404e-08,,
223,446.0,0.20521285000000003,0.006840428333333334,3882558.8158092475,139464.2014895666,286637.2010925245,-10814737.325738322,-38772869.909074746,4611.1855,Main Bearing_DW,1470.371998558674,1425.0031311241878,8.490385019402842,10616124.724277107,1066455.119708716,16029286.267114056,1609786.7595088612,6.443432524573251e-10,6.414173655241751e-09,4.2674565912315557e-10,4.249276056550694e-09,,
224,448.0,0.24761380000000002,0.008253793333333334,4022401.3730135956,453394.94346518506,162947.10454640473,-6314667.700243536,-23755147.71004722,15232.5765,Main Bearing_UW,1603.0530106496667,1553.4824804265836,8.52593803860823,11030281.740260534,1167562.5124974179,11577636.05817677,1219088.186743068,7.482849058339991e-10,7.069251748823674e-09,7.129083425889904e-10,6.770464534960572e-09,,
224,448.0,0.24761380000000002,0.008253793333333334,4022401.3730135956,453394.94346518506,162947.10454640473,-6314667.700243536,-23755147.71004722,15232.5765,Main Bearing_DW,1231.9847003792042,1194.3818679559106,14.11864992325731,39342039.98621595,4203741.678577429,69116857.77340749,7344992.72801821,2.097957639264555e-10,1.963439707866747e-09,1.194179480842799e-10,1.123730633775635e-09,,
225,450.0,0.29891365,0.009963788333333333,3964984.816074507,360007.28960367944,425342.6709864229,12950760.393945133,-36838477.211940005,-16947.83475,Main Bearing_UW,1811.87197597146,1754.561138752354,6.220102248403565,3855710.734747044,426182.64777489594,3966901.0408829385,435426.5957857063,2.5841638594776517e-09,2.337915066545852e-08,2.5117310037851684e-09,2.2882819813415754e-08,,
225,450.0,0.29891365,0.009963788333333333,3964984.816074507,360007.28960367944,425342.6709864229,12950760.393945133,-36838477.211940005,-16947.83475,Main Bearing_DW,1452.861891614182,1408.0345289978668,8.756925610779836,11934293.5978059,1338575.234554683,17889976.358935524,1991447.513152603,8.34887147000067e-10,7.443577376992249e-09,5.569480995069459e-10,5.003289450275266e-09,,
226,452.0,0.33412545,0.011137514999999999,4062755.643895558,-75527.26642239488,439573.57718682056,-9609001.913166117,-36777782.22513161,8218.897,Main Bearing_UW,1802.0415305590534,1745.0431691500116,6.302859383070486,4029378.753644542,459965.47204339,4149551.7324317168,469271.62221826595,2.7640774622951996e-09,2.4213806637532485e-08,2.6840284729919978e-09,2.373362136698681e-08,,
226,452.0,0.33412545,0.011137514999999999,4062755.643895558,-75527.26642239488,439573.57718682056,-9609001.913166117,-36777782.22513161,8218.897,Main Bearing_DW,1437.4531829702005,1393.1021040893993,9.007362583293697,12826769.663626635,1493637.790942622,19517495.74941461,2249800.653600801,8.683024091079673e-10,7.456637122826953e-09,5.706426245966543e-10,4.9504452681949536e-09,,
227,454.0,0.381381,0.0127127,4180036.0205351743,444908.6954132156,247385.4465012623,18427874.494673327,-25175610.268559277,26702.905500000004,Main Bearing_UW,1698.8290986409697,1645.7651290689387,7.337924820046695,6688933.703088988,803123.2348816404,6956257.436485641,822787.091482331,1.9005570340948667e-09,1.582907759090487e-08,1.8275200588928408e-09,1.5450777159248857e-08,,
227,454.0,0.381381,0.0127127,4180036.0205351743,444908.6954132156,247385.4465012623,18427874.494673327,-25175610.268559277,26702.905500000004,Main Bearing_DW,1336.4461517885375,1295.6431057801396,10.981864565202047,21517800.353165023,2656538.5801947704,35355216.23130843,4297817.524269657,5.907992355793982e-10,4.785437747743132e-09,3.5957070427255386e-10,2.9579431719033518e-09,,
228,456.0,0.40279945,0.013426648333333334,4259098.981370551,540717.2946656427,428906.66271279135,8978779.077581923,-40278498.55222463,-9923.762,Main Bearing_UW,1861.4575830697281,1802.562216796939,5.827986545215526,3103424.373396502,372707.03733081627,3145648.6906384747,373232.04264566215,4.326397784470164e-09,3.602467082320152e-08,4.268324168967551e-09,3.597399686843148e-08,,
228,456.0,0.40279945,0.013426648333333334,4259098.981370551,540717.2946656427,428906.66271279135,8978779.077581923,-40278498.55222463,-9923.762,Main Bearing_DW,1484.36189585814,1438.5598033437036,8.28605322671128,9655561.913267879,1191356.5783727213,14673890.371758128,1787899.3120549317,1.390561052162437e-09,1.1270050106805846e-08,9.150026334648596e-10,7.509734045314523e-09,,
229,458.0,0.47276914999999997,0.015758971666666666,4364849.119291761,175324.6601185123,550821.7868868015,13449898.014171554,-27865244.15578065,20218.08845,Main Bearing_UW,1707.7040225061162,1654.3605106908851,7.196146473790074,6267764.646466426,808410.6535353034,6587936.208558912,832604.6964251914,2.514288993852233e-09,1.949377039719884e-08,2.392095364583666e-09,1.892731536865958e-08,,
229,458.0,0.47276914999999997,0.015758971666666666,4364849.119291761,175324.6601185123,550821.7868868015,13449898.014171554,-27865244.15578065,20218.08845,Main Bearing_DW,1328.3860904644418,1287.8205943387907,11.110777341176581,23792588.91456534,3209688.3961336287,38037189.83333682,5011797.746576217,6.623479152795913e-10,4.909813577433195e-09,4.1430430943284555e-10,3.1443750253952934e-09,,
230,460.0,0.53409385,0.01780312833333333,4304475.545821421,-107363.44073170048,428376.7833125079,13014269.583697315,-28139426.223111693,-3589.1925,Main Bearing_UW,1704.8633548734076,1651.6091991487626,7.252583258969693,6433121.822736614,868290.394609898,6729705.195365288,886479.7118800755,2.76741663284094e-09,2.050365689157698e-08,2.6454544168731564e-09,2.0082950680930834e-08,,
230,460.0,0.53409385,0.01780312833333333,4304475.545821421,-107363.44073170048,428376.7833125079,13014269.583697315,-28139426.223111693,-3589.1925,Main Bearing_DW,1330.449699560982,1289.8279036437689,11.087036423175977,22922452.82753917,3253655.678421981,37161739.6141689,5134664.0695783235,7.766676833093773e-10,5.471730906070499e-09,4.790714460133997e-10,3.467243054674731e-09,,
231,462.0,0.42802205000000004,0.014267401666666669,4378209.039508278,409844.78812420124,362972.79567494127,8659156.709202867,-36453418.9560759,-26306.9635,Main Bearing_UW,1816.4120840030373,1758.9525697918498,6.205701127377704,3826034.5201401385,470629.572485499,3895798.391960506,472244.6340952914,3.729031087295075e-09,3.031556557595257e-08,3.662253595080622e-09,3.0211887307093754e-08,,
231,462.0,0.42802205000000004,0.014267401666666669,4378209.039508278,409844.78812420124,362972.79567494127,8659156.709202867,-36453418.9560759,-26306.9635,Main Bearing_DW,1430.6900660144393,1386.547581291871,9.14891255457656,12347501.917027421,1567700.2918245255,19724247.149487607,2467499.611482483,1.1554889209607387e-09,9.10084774562486e-09,7.233432819278634e-10,5.782129245440797e-09,,
232,464.0,0.25803295,0.008601098333333333,4337803.829252424,275119.802981155,493713.25346250687,16745014.182177704,-20695067.047472764,-12231.933375,Main Bearing_UW,1626.2635728327273,1575.7295118294999,8.147674945690296,9481819.410963204,1014562.6829302243,10095416.378504837,1073834.5574400027,9.071147593665883e-10,8.477641133509803e-09,8.519805435312994e-10,8.009705288157383e-09,,
232,464.0,0.25803295,0.008601098333333333,4337803.829252424,275119.802981155,493713.25346250687,16745014.182177704,-20695067.047472764,-12231.933375,Main Bearing_DW,1256.9834800701417,1218.6183312347646,12.912438752719043,37447084.10850582,4055963.1734104226,61097182.157479234,6571637.183172519,2.2968673097245663e-10,2.1206056282067204e-09,1.4077733259716998e-10,1.3088212409774382e-09,,
233,466.0,0.1637558,0.005458526666666667,4279832.963376235,-92549.1296766657,537588.598799868,2779508.285084002,-27918694.092555515,2014.0919999999999,Main Bearing_UW,1674.344373975333,1622.0491668184943,7.583290233759338,7463999.901136729,746245.5101563738,7865902.162361548,786440.8416823776,7.31313871780111e-10,7.314652607454679e-09,6.939479482449951e-10,6.9407975493612775e-09,,
233,466.0,0.1637558,0.005458526666666667,4279832.963376235,-92549.1296766657,537588.598799868,2779508.285084002,-27918694.092555515,2014.0919999999999,Main Bearing_DW,1281.604980745792,1242.4862736397342,12.33153820801692,30569206.04573093,3056171.3093019044,50852343.438677125,5084087.806335687,1.7856291911869805e-10,1.786066981930248e-09,1.0734071033027432e-10,1.0736491725938255e-09,,
234,468.0,0.21827775,0.007275925,4149212.7545610894,231639.1536328358,293864.1104339914,14529259.77047861,-29492347.851261295,2497.9545,Main Bearing_UW,1729.5866137137127,1675.5551205141157,7.01251494751389,5750320.241637048,586463.9714970705,5955392.676724148,606447.1293017088,1.265307790567266e-09,1.2406431347226152e-08,1.2217372379888525e-09,1.1997624604766184e-08,,
234,468.0,0.21827775,0.007275925,4149212.7545610894,231639.1536328358,293864.1104339914,14529259.77047861,-29492347.851261295,2497.9545,Main Bearing_DW,1361.585080861355,1319.814622366926,10.434696387346914,18609012.321947403,1903566.626881923,30233491.180028416,3087771.359983561,3.909893160433238e-10,3.822259172466213e-09,2.406577843317783e-10,2.3563677979184107e-09,,
235,470.0,0.275976,0.0091992,4223361.6329794135,348983.01589422626,343029.91875946795,11838745.357059091,-18182193.47665159,-4996.314,Main Bearing_UW,1556.7996802156104,1508.7585014296374,9.159596532452952,14007711.17589953,1535193.0601870432,14915706.78622364,1620260.5313861333,6.567239918415335e-10,5.992210516427945e-09,6.167458325539432e-10,5.677605435546888e-09,,
235,470.0,0.275976,0.0091992,4223361.6329794135,348983.01589422626,343029.91875946795,11838745.357059091,-18182193.47665159,-4996.314,Main Bearing_DW,1176.6212578034704,1140.7088356304596,15.996236941405767,59266474.33802725,6609523.773525445,103772402.85242935,11455924.249097098,1.5521760156563762e-10,1.3918098058512998e-09,8.864784612419373e-11,8.030081030541937e-10,,
236,472.0,0.31265675000000004,0.010421891666666667,4301458.117157715,179489.78317457443,539637.0896443382,12747016.979539918,-26324217.9005211,19983.601,Main Bearing_UW,1679.911710002495,1627.4419855725744,7.502034441566324,7200724.756426407,813113.7283072292,7601219.2945305435,849814.3704977549,1.447339263643632e-09,1.2817261969445964e-08,1.3710815676855604e-09,1.2263727266182068e-08,,
236,472.0,0.31265675000000004,0.010421891666666667,4301458.117157715,179489.78317457443,539637.0896443382,12747016.979539918,-26324217.9005211,19983.601,Main Bearing_DW,1300.6845703187971,1260.9850883356894,11.772475453652147,28088171.57467646,3241426.501383956,45465508.22566112,5186246.988779786,3.710420110101707e-10,3.215217640201605e-09,2.2922633163890296e-10,2.0095247467415194e-09,,
237,474.0,0.41981425000000006,0.013993808333333335,4195752.230257235,460978.87185222685,264788.1103463017,16651922.694292717,-19681628.40184114,24902.3705,Main Bearing_UW,1613.1041857394061,1563.075195646871,8.374065426438397,10388843.342762042,1303340.2508323067,10956762.100434722,1346386.6767714138,1.3470034990067388e-09,1.0736880353688883e-08,1.2771846468016418e-09,1.0393602799821206e-08,,
237,474.0,0.41981425000000006,0.013993808333333335,4195752.230257235,460978.87185222685,264788.1103463017,16651922.694292717,-19681628.40184114,24902.3705,Main Bearing_DW,1248.5466809312848,1210.4400322262245,13.33970297781806,37102397.05278016,4834857.364240345,63036995.49566435,8032287.459241603,3.771672302850511e-10,2.8943580501122084e-09,2.2199358048871193e-10,1.742194661775042e-09,,
238,476.0,0.41116515,0.013705505,4312367.863645047,770891.0996921599,318427.6453846477,8580182.547689809,-20222290.895193268,-21358.0845,Main Bearing_UW,1584.3021858620411,1535.4092737978756,8.763065612756288,12086472.732099596,1511183.8170235062,12784763.442764359,1565047.1287220933,1.1339540744257448e-09,9.069383119119792e-09,1.0720186620079187e-09,8.757247464612101e-09,,
238,476.0,0.41116515,0.013705505,4312367.863645047,770891.0996921599,318427.6453846477,8580182.547689809,-20222290.895193268,-21358.0845,Main Bearing_DW,1187.766776627793,1151.5125348405925,15.867007192577274,52178637.20103597,6813912.5119940685,93548710.1643046,11929558.17417867,2.626650624698164e-10,2.011400201554559e-09,1.4650661645605042e-10,1.1488694551710505e-09,,
239,478.0,0.3380962,0.011269873333333335,4295420.120877486,634709.3207840632,441827.1578722328,16849365.740911037,-21035378.02710576,-9252.3035,Main Bearing_UW,1640.3648209799508,1589.246222101926,7.9943363895970725,8899947.14838803,1033487.9034546682,9417566.772173509,1079457.5580063497,1.2662854223100132e-09,1.0904697864059387e-08,1.1966863209967267e-09,1.0440311663709748e-08,,
239,478.0,0.3380962,0.011269873333333335,4295420.120877486,634709.3207840632,441827.1578722328,16849365.740911037,-21035378.02710576,-9252.3035,Main Bearing_DW,1264.848364068447,1226.242767923627,12.757150710211059,34435244.84779878,4106537.5038876333,57156816.38754587,6715811.883531524,3.272772818414777e-10,2.7443736536350188e-09,1.9717461618084407e-10,1.6781103355454692e-09,,
240,480.0,0.3366864,0.01122288,4218287.074038739,326593.86495643517,341400.0741588155,4989554.294569258,-16864226.88956846,7366.5572999999995,Main Bearing_UW,1503.4255806349,1457.0387135883002,10.039086332209068,19014868.592733525,2236749.4364250205,20333474.79113746,2351749.8892330374,5.902160167590529e-10,5.0174953963272e-09,5.519410782111672e-10,4.7721401205891215e-09,,
240,480.0,0.3366864,0.01122288,4218287.074038739,326593.86495643517,341400.0741588155,4989554.294569258,-16864226.88956846,7366.5572999999995,Main Bearing_DW,1102.479802314464,1068.830374782614,20.06630657934428,95737058.90836023,11664429.465223432,175512250.49085963,20957029.0368572,1.172260786780861e-10,9.62145644024864e-10,6.394357071151832e-11,5.355186548752823e-10,,
241,482.0,0.31403020000000004,0.010467673333333335,4297840.508848663,428138.53889242705,346603.247200816,14383853.236330247,-20264053.874172915,-3006.9864999999995,Main Bearing_UW,1609.5412830072005,1559.7402438830584,8.410421100799585,10539948.813443085,1198688.3946887762,11148326.043358285,1253132.529224111,9.931427105207981e-10,8.73260588799738e-09,9.389457477851166e-10,8.353205338795646e-09,,
241,482.0,0.31403020000000004,0.010467673333333335,4297840.508848663,428138.53889242705,346603.247200816,14383853.236330247,-20264053.874172915,-3006.9864999999995,Main Bearing_DW,1232.1945841234053,1194.586208272523,13.887266840708337,41045701.609213494,4776585.725249487,70318818.95010613,8077213.970142569,2.5502483629086425e-10,2.191455138761609e-09,1.4886019830282626e-10,1.2959509766643674e-09,,
242,484.0,0.2247414,0.007491380000000001,4175160.2451765537,500203.99261312914,407328.2872232863,8090303.65695542,-17827050.53002469,-14568.764000000001,Main Bearing_UW,1530.816743103459,1483.5809887207015,9.561369265839387,16162666.154558444,1666701.1242698224,17297868.58724524,1778320.8586590027,4.634990247501441e-10,4.4947350733215325e-09,4.330811025772184e-10,4.212614367943198e-09,,
242,484.0,0.2247414,0.007491380000000001,4175160.2451765537,500203.99261312914,407328.2872232863,8090303.65695542,-17827050.53002469,-14568.764000000001,Main Bearing_DW,1136.544825175845,1101.8549844825138,17.876532299120868,77772174.95234333,8071295.329546057,138488943.21747798,14320266.535779385,9.632468173341577e-11,9.281508969913171e-10,5.409370470995516e-11,5.231313244961387e-10,,
243,486.0,0.1821651,0.00607217,4162613.4422406205,411254.8134298511,337300.8891860213,-4697232.60470373,-17978376.346511062,-83.88190000000026,Main Bearing_UW,1512.0215594217477,1465.3680630979309,9.891263920981862,18097503.319440506,1809333.7780134014,19343371.139225278,1933937.3094525305,3.3552528726308997e-10,3.356025335837744e-09,3.1391477505627783e-10,3.139796709190611e-09,,
243,486.0,0.1821651,0.00607217,4162613.4422406205,411254.8134298511,337300.8891860213,-4697232.60470373,-17978376.346511062,-83.88190000000026,Main Bearing_DW,1119.3367601110558,1085.1729889939993,18.926885456731895,86278791.60305595,8625483.973186694,155974495.37025276,15593549.82457308,7.037847757460857e-11,7.039802078209219e-10,3.893053146660846e-11,3.8940267407432637e-10,,
244,488.0,0.28035875,0.009345291666666667,4161612.07010394,521741.99003357923,271929.3128079385,9648030.19113703,-17052305.176072855,14544.346,Main Bearing_UW,1527.9722460578248,1480.8244438565025,9.6389571915381,16604005.55679134,1832414.4876882622,17667931.49832682,1930518.601003251,5.628335665573343e-10,5.099987873625962e-09,5.289409044602466e-10,4.840819281311306e-09,,
244,488.0,0.28035875,0.009345291666666667,4161612.07010394,521741.99003357923,271929.3128079385,9648030.19113703,-17052305.176072855,14544.346,Main Bearing_DW,1142.0514109437534,1107.1942408315992,17.823965199836557,72726704.94115894,8182017.172142591,131192843.46851182,14593670.52108394,1.2849876361410394e-10,1.142174535942639e-09,7.123324275618488e-11,6.403660856372786e-10,,
245,490.0,0.23179815,0.007726605,4154840.7468009,598527.4609902538,323362.1524371636,-2337045.605617688,-22442601.37935386,-13954.163500000002,Main Bearing_UW,1583.626270488061,1534.7537398548586,8.777641976287196,12153617.79021042,1262996.2221572665,12867868.63721579,1332413.3019991354,6.35745268065257e-10,6.117678631534256e-09,6.00457248813802e-10,5.798955165343294e-09,,
245,490.0,0.23179815,0.007726605,4154840.7468009,598527.4609902538,323362.1524371636,-2337045.605617688,-22442601.37935386,-13954.163500000002,Main Bearing_DW,1194.4259250265231,1157.9683256688998,15.463205330725783,50966844.919318646,5334897.778800364,90180671.39465614,9401594.00864125,1.5160061432547655e-10,1.4483135985667283e-09,8.567916916681835e-11,8.218398915011939e-10,,
246,492.0,0.1822973,0.0060765766666666665,4160167.2300024102,489516.6483915455,314780.1471158889,4744666.501369253,-17708712.124617115,2515.8484999999996,Main Bearing_UW,1515.7810209120312,1469.0112616877427,9.835242306790324,17758089.67722198,1775401.153608252,18941830.882661745,1893792.3469007157,3.4218639375726293e-10,3.422649948332456e-09,3.2080197021655455e-10,3.2086816047236027e-09,,
246,492.0,0.1822973,0.0060765766666666665,4160167.2300024102,489516.6483915455,314780.1471158889,4744666.501369253,-17708712.124617115,2515.8484999999996,Main Bearing_DW,1117.8350632714546,1083.7165004596607,19.21185681175749,85288528.59216921,8526488.439914012,155941985.71664384,15590300.097168455,7.12472915991259e-11,7.126704867411921e-10,3.896690579346719e-11,3.8976649768084376e-10,,
247,494.0,0.17950755000000002,0.0059835850000000005,4270267.071100158,388276.37934306706,361393.58098112536,2494034.9577511773,-23094127.778894585,639.4480000000003,Main Bearing_UW,1602.9665097837342,1553.4946588659895,8.497494047404617,10908095.424293349,1090573.265999986,11529523.03859245,1152725.3054335038,5.485453479508437e-10,5.486641921772614e-09,5.18979404436013e-10,5.190816035525274e-09,,
247,494.0,0.17950755000000002,0.0059835850000000005,4270267.071100158,388276.37934306706,361393.58098112536,2494034.9577511773,-23094127.778894585,639.4480000000003,Main Bearing_DW,1207.0665363533737,1170.222276286199,15.010176457825873,46542291.17317205,4653029.28330341,82279701.8207676,8226031.006997159,1.2856232147524924e-10,1.2859547266274596e-09,7.272249251746473e-11,7.273963585732041e-10,,
248,496.0,0.24817304999999998,0.008272435,4265961.108228419,326720.90725157614,387772.81936097617,-6018479.147885979,-24138944.06542584,4371.5905,Main Bearing_UW,1620.2229265532446,1570.0260143890935,8.259719346275835,9923472.440813543,1050329.0635462978,10483561.556270413,1104003.1745466536,8.336230134500994e-10,7.87604122090006e-09,7.89086319148105e-10,7.493126098479727e-09,,
248,496.0,0.24817304999999998,0.008272435,4265961.108228419,326720.90725157614,387772.81936097617,-6018479.147885979,-24138944.06542584,4371.5905,Main Bearing_DW,1232.4020949065343,1194.7855405267499,13.954062284122463,40442590.40898141,4325599.133438919,69846650.06571947,7428228.285297879,2.0454760479840266e-10,1.912436808129117e-09,1.1843710460296058e-10,1.1136484612855792e-09,,
249,498.0,0.3001155,0.01000385,4158872.7278055823,258500.07950415948,339793.4092939527,1909364.6615607827,-15979439.027863596,18366.629975000003,Main Bearing_UW,1475.6308044073764,1430.2442023048536,10.528124008273966,22281752.074123662,2525203.9781485046,23882574.873407308,2670469.628594043,4.4897052829241884e-10,3.961600760400705e-09,4.188765262132206e-10,3.746101394632545e-09,,
249,498.0,0.3001155,0.01000385,4158872.7278055823,258500.07950415948,339793.4092939527,1909364.6615607827,-15979439.027863596,18366.629975000003,Main Bearing_DW,1071.6788769947848,1038.9703997360643,22.089097385874783,119448504.45118006,13923918.05490726,221359910.21123272,25385363.376527645,8.375031605430175e-11,7.184651590558811e-10,4.519269090077704e-11,3.940794485238676e-10,,
250,500.0,0.31517249999999997,0.01050575,4203288.407075488,348001.91887802386,370528.31041726534,-3484650.394946851,-28890077.890437007,-17810.820499999998,Main Bearing_UW,1686.202970345333,1633.5352039806287,7.4670001310543554,7089243.520320413,802293.8538089447,7404065.836702957,829396.1596153833,1.4819282155968556e-09,1.3094641009803623e-08,1.418916340252078e-09,1.2666745412556337e-08,,
250,500.0,0.31517249999999997,0.01050575,4203288.407075488,348001.91887802386,370528.31041726534,-3484650.394946851,-28890077.890437007,-17810.820499999998,Main Bearing_DW,1302.0180548765675,1262.277347857831,11.870990615007438,26057651.043427974,3011795.597340808,43848128.088275835,5012590.659402426,4.031733321814387e-10,3.488201526450134e-09,2.3959403646262017e-10,2.0958723171008818e-09,,
251,502.0,0.149675015,0.004989167166666667,4282652.758364416,456130.2746115257,383981.6867598385,7803163.16897615,-26655915.19706865,-24458.818900000002,Main Bearing_UW,1671.8718680071806,1619.654274987803,7.63415440220693,7632189.818065256,763060.5979731904,7991609.648983532,799008.9716559193,6.537006135326191e-10,6.538362981811253e-09,6.243006585414552e-10,6.244194175100168e-09,,
251,502.0,0.149675015,0.004989167166666667,4282652.758364416,456130.2746115257,383981.6867598385,7803163.16897615,-26655915.19706865,-24458.818900000002,Main Bearing_DW,1281.918302355817,1242.790540950693,12.448541696902355,29259540.706552655,2925240.6352665494,49853232.164220855,4984201.401721666,1.7051419968288654e-10,1.7055578630070723e-09,1.000771053365591e-10,1.000996301020919e-09,,
252,504.0,0.098974075,0.0032991358333333332,4274581.282188149,224376.60707686108,409924.8116295857,-7728184.85864809,-20479258.355476417,17500.399999999998,Main Bearing_UW,1567.6017229202125,1519.2260202290447,8.986573866257732,13144977.883584218,1314206.6151168675,14009886.355762573,1400707.7059643574,2.509807062858111e-10,2.5103631311732164e-09,2.3548626659461277e-10,2.3553349633797787e-09,,
252,504.0,0.098974075,0.0032991358333333332,4274581.282188149,224376.60707686108,409924.8116295857,-7728184.85864809,-20479258.355476417,17500.399999999998,Main Bearing_DW,1178.4134185955827,1142.4448675130159,15.91804921450193,58513505.789929815,5849800.132423573,102368455.63396549,10234383.412261358,5.638246741149998e-11,5.639741117046508e-10,3.222805123806802e-11,3.2235804546669477e-10,,
253,506.0,0.16682986,0.005560995333333333,4271991.03837036,-33154.98813450142,463257.23908523825,3246763.748565337,-26217369.07553869,15823.3665,Main Bearing_UW,1649.612608533663,1598.191145334836,7.8845483383177495,8499018.319060985,849723.1682754097,8962835.105948843,896111.191957363,6.543103126229924e-10,6.544478885540896e-09,6.204504788493064e-10,6.205697890221111e-09,,
253,506.0,0.16682986,0.005560995333333333,4271991.03837036,-33154.98813450142,463257.23908523825,3246763.748565337,-26217369.07553869,15823.3665,Main Bearing_DW,1256.5952963756004,1218.2397845742494,13.124915176651132,34946784.058067925,3493807.943719644,59460500.42665473,5944689.952837954,1.591275272738438e-10,1.5916717297897266e-09,9.352419326159035e-11,9.354559072805054e-10,,
254,508.0,0.34239305,0.011413101666666666,4252992.909068295,219406.39493924484,360834.0088727302,-9394573.162709327,-19119170.971773427,13881.6945,Main Bearing_UW,1551.2439807009384,1503.3749896067732,9.247022097619425,14458359.418954577,1701548.4884879563,15416489.156760061,1785606.9758072617,7.893773654363822e-10,6.707479536365531e-09,7.403178214322599e-10,6.391721034527699e-09,,
254,508.0,0.34239305,0.011413101666666666,4252992.909068295,219406.39493924484,360834.0088727302,-9394573.162709327,-19119170.971773427,13881.6945,Main Bearing_DW,1168.2967540219897,1132.6386439111286,16.34150315174703,62817592.73361978,7631069.87664211,110221410.13266051,13144534.19281736,1.8168639022931565e-10,1.4956096394295841e-09,1.035470481908194e-10,8.682773766835488e-10,,
255,510.0,0.39822605,0.013274201666666667,4251356.829708007,340893.11702963826,388754.40605048835,4275015.989022005,-27064798.97574039,-7708.431500000001,Main Bearing_UW,1666.3041951751363,1614.2615932419656,7.701477036337092,7858858.110630177,960904.4038128624,8237460.211001835,990095.1593074844,1.6890751149599584e-09,1.381427914576593e-08,1.611443494311248e-09,1.3406995824473297e-08,,
255,510.0,0.39822605,0.013274201666666667,4251356.829708007,340893.11702963826,388754.40605048835,4275015.989022005,-27064798.97574039,-7708.431500000001,Main Bearing_DW,1275.4497692085238,1236.519071718018,12.635825287916095,30482358.963570524,3863616.814145087,52056899.44827932,6475464.889107529,4.3547160121467863e-10,3.435693109644955e-09,2.5499408930136407e-10,2.0499225760601977e-09,,
256,512.0,0.28998464999999995,0.009666155,4181170.9487082744,266267.80074275244,418953.56186357635,4691961.590511187,-30402646.15560178,-2164.1620000000003,Main Bearing_UW,1711.557615500596,1658.092759611849,7.190163237242591,6250410.379305032,688928.060419144,6513648.37915422,712390.755649339,1.5464832568441298e-09,1.4030717509342134e-08,1.4839847712588877e-09,1.3568613746523662e-08,,
256,512.0,0.28998464999999995,0.009666155,4181170.9487082744,266267.80074275244,418953.56186357635,4691961.590511187,-30402646.15560178,-2164.1620000000003,Main Bearing_DW,1327.1697598744129,1286.6229516745407,11.207833178248288,22722137.600297328,2545885.5766750965,37517906.586654045,4168451.837512244,4.254069388204706e-10,3.796775113759791e-09,2.5764110739159594e-10,2.3188836951439544e-09,,
257,514.0,0.24799195,0.008266398333333333,4179371.5981241264,317314.2908061608,339680.22439263464,-4574849.215798149,-23921742.571563058,-10470.108,Main Bearing_UW,1610.9013955028422,1561.0668092008657,8.398744448239867,10491250.459616749,1110614.3791039023,11075877.192761876,1166469.7610566877,7.879326077623075e-10,7.443085997142469e-09,7.463425414950838e-10,7.086680348957289e-09,,
257,514.0,0.24799195,0.008266398333333333,4179371.5981241264,317314.2908061608,339680.22439263464,-4574849.215798149,-23921742.571563058,-10470.108,Main Bearing_DW,1224.6323546552226,1187.252757616717,14.27132788115718,42156814.82708793,4509343.997121953,73400206.8296943,7806575.121748623,1.9608688102360486e-10,1.8331709309844812e-09,1.1262091335128409e-10,1.058902041473177e-09,,
258,516.0,0.1054719,0.00351573,4147799.9620634457,352064.07378617954,345684.0570530776,10510437.588233696,-32361476.051701516,-13428.16815,Main Bearing_UW,1753.6950974235438,1698.7567637097675,6.7650067903533655,5101213.354216141,510020.4704310283,5264686.833974211,526372.4319400117,6.89194855395385e-10,6.893311550865375e-09,6.677947066693886e-10,6.679168183338052e-09,,
258,516.0,0.1054719,0.00351573,4147799.9620634457,352064.07378617954,345684.0570530776,10510437.588233696,-32361476.051701516,-13428.16815,Main Bearing_DW,1378.734720926208,1336.3070319974347,10.090547775898722,16816669.03929541,1681283.2253155375,27172586.049635045,2716680.624692607,2.09062210345272e-10,2.091099195580316e-09,1.2938518231492433e-10,1.2941270932050782e-09,,
259,518.0,0.2121892,0.007072973333333333,4090816.280503928,124108.73605564075,421736.9668293959,-10002836.730559109,-27872530.048966933,15413.99985,Main Bearing_UW,1678.9373429501588,1626.498512046496,7.539261860567509,7320523.257102709,741570.7812569089,7692370.386776617,778410.2237678542,9.66184121670648e-10,9.53782634389283e-09,9.194790393208259e-10,9.086434269962404e-09,,
259,518.0,0.2121892,0.007072973333333333,4090816.280503928,124108.73605564075,421736.9668293959,-10002836.730559109,-27872530.048966933,15413.99985,Main Bearing_DW,1307.1769510752117,1267.2796855480042,11.63312958984381,26529453.335955642,2693251.9418954477,43273217.73644563,4387882.065428095,2.666083331520163e-10,2.626183322587912e-09,1.634492118522613e-10,1.6119333263446022e-09,,
260,520.0,0.2558827,0.008529423333333334,4084869.251345669,-132947.4431799373,291375.5604428159,5340833.247977361,-23336583.42234241,12662.344899999998,Main Bearing_UW,1599.2508245074823,1549.8673522552185,8.5638319254118,11194545.926807975,1196507.1452546977,11817028.066757862,1255313.7788386443,7.61926690827863e-10,7.128602087468267e-09,7.217909008210962e-10,6.794654433909222e-09,,
260,520.0,0.2558827,0.008529423333333334,4084869.251345669,-132947.4431799373,291375.5604428159,5340833.247977361,-23336583.42234241,12662.344899999998,Main Bearing_DW,1217.9974007625049,1180.8205483912614,14.522216798451343,43910060.133661285,4749491.163201574,76750855.26466693,8246072.18142387,1.9424758944465008e-10,1.795860449097826e-09,1.1113131318107858e-10,1.034361953870326e-09,,
261,522.0,0.2190995,0.007303316666666667,4150442.991752788,-73502.4130422608,303998.1291285131,7943538.923288875,-31795738.143188294,-21815.255999999998,Main Bearing_UW,1734.6333903834795,1680.4428165095771,6.956792526435809,5599417.756035961,571581.3888569726,5787401.6035372075,589828.9695030048,1.304299301261094e-09,1.2777387103648652e-08,1.2619336218524987e-09,1.238209217295737e-08,,
261,522.0,0.2190995,0.007303316666666667,4150442.991752788,-73502.4130422608,303998.1291285131,7943538.923288875,-31795738.143188294,-21815.255999999998,Main Bearing_DW,1359.9496948935314,1318.2160558013718,10.491568145329142,18497653.416704535,1894224.0180273044,30354741.247060947,3103347.6645113225,3.9482395426823796e-10,3.855571778818714e-09,2.4059887736232307e-10,2.3533672202391492e-09,,
262,524.0,0.14256105,0.004752035,4125149.7005688427,182715.3700310684,419477.9929962926,-10261446.804224536,-27177506.621968154,-971.2110000000002,Main Bearing_UW,1670.8496008325062,1618.6648691590688,7.633734147004728,7630789.417831365,762920.5904976083,8027104.968958446,802557.7752926714,6.227448747171045e-10,6.228741312251812e-09,5.919986119997879e-10,5.921112655431018e-09,,
262,524.0,0.14256105,0.004752035,4125149.7005688427,182715.3700310684,419477.9929962926,-10261446.804224536,-27177506.621968154,-971.2110000000002,Main Bearing_DW,1298.0276123467518,1258.4093254387637,11.863489552802863,27957115.95536329,2795033.6312534204,45843722.80948028,4583348.506038963,1.699758661654215e-10,1.7001709556779003e-09,1.0365726666110328e-10,1.0368042041181851e-09,,
263,526.0,0.116502675,0.0038834225,4107234.821854533,226719.5106171523,434783.498494607,14135006.061331637,-28714500.864774447,241.4439999999995,Main Bearing_UW,1712.5077803243996,1659.0136583079793,7.164394488263971,6176052.82698528,617480.3312304486,6464474.405191818,646326.9423754159,6.287871248497104e-10,6.289143643266389e-09,6.007329067435249e-10,6.008449045505413e-09,,
263,526.0,0.116502675,0.0038834225,4107234.821854533,226719.5106171523,434783.498494607,14135006.061331637,-28714500.864774447,241.4439999999995,Main Bearing_DW,1345.8242790774866,1304.6348245103,10.725852297843874,21403885.47702556,2139885.870791634,34017081.38909249,3400969.19905092,1.8143539892176943e-10,1.8147801959939844e-09,1.1416095506786222e-10,1.1418575919722278e-09,,
264,528.0,0.14495975,0.004831991666666666,4060371.0126725165,150928.14521021422,363070.79996965645,-10036412.411244025,-32873586.36437678,3353.7468500000004,Main Bearing_UW,1748.4981251733623,1693.7367358769723,6.805483958147089,5203666.0048182085,520263.4639375935,5390666.405096622,538967.8691416053,9.285745207691271e-10,9.28758600516732e-09,8.963625836869157e-10,8.965268512875183e-09,,
264,528.0,0.14495975,0.004831991666666666,4060371.0126725165,150928.14521021422,363070.79996965645,-10036412.411244025,-32873586.36437678,3353.7468500000004,Main Bearing_DW,1382.794181082306,1340.2331161368052,9.98343116278688,16902215.59920419,1689835.694679845,26786587.248229183,2678089.66544516,2.858791877494553e-10,2.859444667833302e-09,1.8038847658677017e-10,1.8042680680235842e-09,,
265,530.0,0.24839145,0.008279715,3869666.825431755,61889.16613420552,321585.0737466989,11357390.207327623,-25770595.56563505,19156.4609,Main Bearing_UW,1645.2592843535367,1593.8788641021881,7.953294543176569,8748553.525716925,925410.6707748362,9211216.157284828,969620.2786316295,9.464095951017794e-10,8.947071026388193e-09,8.988731627421275e-10,8.539131433683188e-09,,
265,530.0,0.24839145,0.008279715,3869666.825431755,61889.16613420552,321585.0737466989,11357390.207327623,-25770595.56563505,19156.4609,Main Bearing_DW,1283.871491914391,1244.6859263476001,12.236749983200006,30477210.647705283,3253340.2494574976,50303452.98279667,5341380.852585219,2.716690544849256e-10,2.5449889544693834e-09,1.6459536093539322e-10,1.550107589873999e-09,,
266,532.0,0.3585913,0.011953043333333333,4034373.8952206355,-238380.42600489568,395616.8476608493,7001492.454175143,-29255315.221480384,20291.822650000002,Main Bearing_UW,1687.8796070738822,1635.1596555071592,7.445000609624833,7019860.641418782,827019.2946692746,7353226.503195255,854667.2824528284,1.7027465278737366e-09,1.4453161383753884e-08,1.625550814753127e-09,1.3985610048192125e-08,,
266,532.0,0.3585913,0.011953043333333333,4034373.8952206355,-238380.42600489568,395616.8476608493,7001492.454175143,-29255315.221480384,20291.822650000002,Main Bearing_DW,1315.057332187168,1274.919489176956,11.457746962650218,25005426.528263267,3027380.07157942,40931898.11590065,4882729.26117579,4.78017974211437e-10,3.948312749213973e-09,2.9202269827525984e-10,2.4480250069107804e-09,,
267,534.0,0.42349224999999996,0.014116408333333332,4268700.418248436,174431.04343815608,408702.0193605791,8225141.950266861,-31640402.226930764,-8214.329500000002,Main Bearing_UW,1740.6134912475582,1686.2345203987109,6.890451900433371,5423400.995528891,670730.6393225808,5620431.678278737,683749.9469856584,2.60287010770014e-09,2.104631502683478e-08,2.511623508900387e-09,2.0645571375275622e-08,,
267,534.0,0.42349224999999996,0.014116408333333332,4268700.418248436,174431.04343815608,408702.0193605791,8225141.950266861,-31640402.226930764,-8214.329500000002,Main Bearing_DW,1357.7701150552662,1316.1006393399675,10.520832255771285,18959472.934569754,2428060.8907554597,30914412.681854025,3890031.7848203396,7.445570022990555e-10,5.813860923784821e-09,4.5662870838297714e-10,3.62886709265932e-09,,
268,536.0,0.33859515,0.011286505,4420040.007148553,634030.592164028,341592.26839215524,22870270.97194847,-22162966.997928075,-13990.570049999998,Main Bearing_UW,1706.790458931065,1653.4758689485022,7.2347571013920495,6380566.131731642,736909.5313158105,6664401.980044003,760837.0451833942,1.7688877079214473e-09,1.5315998125098272e-08,1.693551054362642e-09,1.4834326313960528e-08,,
268,536.0,0.33859515,0.011286505,4420040.007148553,634030.592164028,341592.26839215524,22870270.97194847,-22162966.997928075,-13990.570049999998,Main Bearing_DW,1346.441483485618,1305.287059568022,10.71989506598153,21021507.54091009,2482723.869523947,33683979.45961775,3929044.2312907134,5.369027401120143e-10,4.546017033365915e-09,3.350704157010575e-10,2.8725828307339565e-09,,
269,538.0,0.24840559999999998,0.008280186666666666,4478861.349817162,532311.3262390421,392679.09149135865,6146135.672741416,-29636211.46690395,-6565.924100000001,Main Bearing_UW,1721.2626840414196,1667.4918439639139,7.092225143457011,5971100.918563971,630032.6846112496,6192235.516074049,650606.7757321663,1.3867102197056856e-09,1.3142471603319766e-08,1.3371885880588087e-09,1.2726868172174326e-08,,
269,538.0,0.24840559999999998,0.008280186666666666,4478861.349817162,532311.3262390421,392679.09149135865,6146135.672741416,-29636211.46690395,-6565.924100000001,Main Bearing_DW,1323.3664160164828,1282.9445213561391,11.402365689968274,22273735.967405118,2371944.131138078,37744031.33439375,4001456.431458251,3.717466472074422e-10,3.490886044897595e-09,2.193773789902897e-10,2.069293220730912e-09,,
270,540.0,0.28204365,0.009401455,4443723.04494797,227967.6299636128,404421.88401035813,18634767.085011803,-26398278.04993665,8337.007249999999,Main Bearing_UW,1721.98332813907,1668.1907211034788,7.071352139190579,5912723.645600676,646136.3146756854,6166209.90256394,669167.1970619189,1.5900379526438872e-09,1.4550265611860655e-08,1.5246732025925406e-09,1.4049485750763828e-08,,
270,540.0,0.28204365,0.009401455,4443723.04494797,227967.6299636128,404421.88401035813,18634767.085011803,-26398278.04993665,8337.007249999999,Main Bearing_DW,1352.1843469594753,1310.7726473339626,10.598731092543076,20222934.96008215,2241521.2765525556,32405708.001750696,3564808.74386757,4.648907301812243e-10,4.1942296503468275e-09,2.9011725340153323e-10,2.6372957640919815e-09,,
271,542.0,0.28601125,0.009533708333333333,4397331.846445056,345110.08167910745,393638.3301111126,10080806.60764399,-22569775.08978032,-8254.339699999999,Main Bearing_UW,1624.0146298492762,1573.7018860131334,8.216507548312297,9751473.097419659,1076070.120085478,10295512.815948525,1126182.6756285436,9.776685263948533e-10,8.859746363532536e-09,9.260061644102759e-10,8.465507896409783e-09,,
271,542.0,0.28601125,0.009533708333333333,4397331.846445056,345110.08167910745,393638.3301111126,10080806.60764399,-22569775.08978032,-8254.339699999999,Main Bearing_DW,1231.5525213021115,1193.9619539812322,14.023815658892048,40320757.99195763,4532024.455525117,69991318.2817048,7789864.083429677,2.364466544809233e-10,2.1036312638848462e-09,1.362127270551121e-10,1.2238606773143963e-09,,
272,544.0,0.15604721500000002,0.005201573833333334,4476664.4462659,510178.9377292031,427184.2887591403,12509785.616744969,-27673999.19996363,-19431.418149999998,Main Bearing_UW,1714.4569826084235,1660.9005090691383,7.154053664280639,6146388.538451614,614514.5743499891,6398204.196798972,639701.2601920449,8.462813245196673e-10,8.464524765479107e-09,8.129740272959226e-10,8.13125462934334e-09,,
272,544.0,0.15604721500000002,0.005201573833333334,4476664.4462659,510178.9377292031,427184.2887591403,12509785.616744969,-27673999.19996363,-19431.418149999998,Main Bearing_DW,1323.1760553508873,1282.78616060559,11.336326053935364,22877333.309378132,2287191.7407359555,38204765.802618235,3819637.8322033943,2.273680137011881e-10,2.2742185277652366e-09,1.3614986832289028e-10,1.361797652510096e-09,,
273,546.0,0.074953465,0.0024984488333333332,4461278.440434226,278194.6932366538,448670.72881389037,9856196.456502479,-21634734.20936843,1617.7545000000002,Main Bearing_UW,1610.5688020079726,1560.8394960312821,8.38302858229377,10425955.20784409,1042370.9094651417,11055109.582753237,1105294.1611537368,2.3963740333869804e-10,2.396890406904515e-09,2.2599946338217148e-10,2.260437918830027e-09,,
273,546.0,0.074953465,0.0024984488333333332,4461278.440434226,278194.6932366538,448670.72881389037,9856196.456502479,-21634734.20936843,1617.7545000000002,Main Bearing_DW,1213.9551802780347,1176.9014906350546,14.602051500991653,45676027.469388016,4566427.896065838,79384174.65928867,7936552.511960522,5.4699346063047816e-11,5.471341911444277e-10,3.147288290212125e-11,3.1480278490794683e-10,,
274,548.0,0.152633835,0.0050877945,4437739.971930638,286675.56158625835,422901.86068671773,3396750.6049841056,-23109623.002762463,16468.89,Main Bearing_UW,1613.0926730447973,1563.2894269103735,8.355979357624943,10314239.853983644,1031202.0678519213,10909492.859666092,1090735.607586745,4.932786683291017e-10,4.933848232673054e-09,4.663639791002827e-10,4.6645534120379154e-09,,
274,548.0,0.152633835,0.0050877945,4437739.971930638,286675.56158625835,422901.86068671773,3396750.6049841056,-23109623.002762463,16468.89,Main Bearing_DW,1209.2737511444936,1172.3618095468917,14.926165291166223,45906437.47465468,4589462.257047017,81071319.08914334,8105223.801317601,1.1082965222054125e-10,1.1085818370524358e-09,6.275702131361191e-11,6.27717953842671e-10,,
275,550.0,0.1304525,0.004348416666666666,4471576.773801835,609669.6449928957,381318.5087019573,14402869.784073025,-23205125.19900371,-8318.4233,Main Bearing_UW,1664.1033231422166,1612.1297559114687,7.722667293497494,7931167.377855085,792951.388955813,8318472.296551803,831688.4176822482,5.482694362002807e-10,5.483837631450294e-09,5.227422189611889e-10,5.228420372601613e-09,,
275,550.0,0.1304525,0.004348416666666666,4471576.773801835,609669.6449928957,381318.5087019573,14402869.784073025,-23205125.19900371,-8318.4233,Main Bearing_DW,1275.4574039443269,1236.5278272423993,12.621421116820514,30519426.71526037,3051194.742684044,52057194.93350777,5204543.356967768,1.4248028664615656e-10,1.4251521234732777e-09,8.353152090159416e-11,8.355039757417081e-10,,
276,552.0,0.12363921,0.004121307,4407903.533654005,470304.3169214985,374098.383955991,3859203.7549310606,-19284106.22326897,-7664.597000000001,Main Bearing_UW,1552.8374090831946,1504.9200954871749,9.221964172273639,14328172.469999596,1432496.565755333,15247989.170350153,1524490.7032065433,2.876366130174113e-10,2.8770100386431987e-09,2.70285278534557e-10,2.7033992344665884e-09,,
276,552.0,0.12363921,0.004121307,4407903.533654005,470304.3169214985,374098.383955991,3859203.7549310606,-19284106.22326897,-7664.597000000001,Main Bearing_DW,1144.9825520172767,1110.0338089401748,17.869329085864983,69739248.21416631,6972037.598830575,127066122.02691714,12703495.12068615,5.909594820041132e-11,5.911194455823459e-10,3.243434941004149e-11,3.244230789122701e-10,,
277,554.0,0.12567543,0.004189181,4472862.760168525,-31111.316479966175,473699.9488075855,11352296.61921143,-24574376.983261965,11134.589049999999,Main Bearing_UW,1656.4875808234751,1604.7849188399375,7.799764986790724,8198185.7839754345,819646.9823647144,8646801.881313745,864514.5072577199,5.109887858589853e-10,5.110957631923496e-09,4.844775048047614e-10,4.845703530514805e-09,,
277,554.0,0.12567543,0.004189181,4472862.760168525,-31111.316479966175,473699.9488075855,11352296.61921143,-24574376.983261965,11134.589049999999,Main Bearing_DW,1267.4908116504942,1228.8038840919526,12.757709783760248,33056685.368894834,3304850.6286232164,55620677.71039082,5560803.287265782,1.2672719461285947e-10,1.2675855797286642e-09,7.531697153732082e-11,7.533409803567783e-10,,
278,556.0,0.17972715,0.005990905,4435449.587463739,211923.85847401406,440681.94848375925,8095163.643080283,-25541271.327685222,-3642.2841500000004,Main Bearing_UW,1661.0152916238706,1609.1632991445017,7.754565835384088,8040893.744453033,803921.4614474188,8452543.53918979,845092.7386883651,7.450546158668983e-10,7.452102334988902e-09,7.087694931381866e-10,7.0890503796047835e-09,,
278,556.0,0.17972715,0.005990905,4435449.587463739,211923.85847401406,440681.94848375925,8095163.643080283,-25541271.327685222,-3642.2841500000004,Main Bearing_DW,1265.3192637253342,1226.6976332950346,12.919882500344059,32621473.758361533,3261341.5182878533,55789956.72780191,5577727.098056306,1.8364912156871553e-10,1.836945001437666e-09,1.0738321646724887e-10,1.0740763925305123e-09,,
279,558.0,0.090402175,0.0030134058333333336,4442195.963577775,353651.182398241,374250.6377095642,9390381.832509462,-21775135.491761174,-11898.591999999999,Main Bearing_UW,1611.9086526822903,1562.1270740403186,8.37969826102165,10412155.226916539,1040991.2443171841,11000015.254724622,1099785.9075087174,2.8941230395253387e-10,2.8947465694679425e-09,2.7394560494259717e-10,2.73999313208098e-09,,
279,558.0,0.090402175,0.0030134058333333336,4442195.963577775,353651.182398241,374250.6377095642,9390381.832509462,-21775135.491761174,-11898.591999999999,Main Bearing_DW,1215.9222398347654,1178.8087341040386,14.647241980384925,44050646.15355791,4403936.486662678,77456804.58232802,7743865.044410379,6.840775553731452e-11,6.842527912151851e-10,3.890433964559455e-11,3.891346008810482e-10,,
280,560.0,0.037232745,0.0012410915,4470549.364423869,-241287.94333514874,499902.3127302928,6657142.245096443,-26455748.172233656,5322.7294999999995,Main Bearing_UW,1667.8971621822893,1615.804216555928,7.664180797983096,7732712.005006386,773110.4784870483,8140392.891997179,813884.1954215408,1.6049886497731723e-10,1.6053223110218025e-09,1.5246088443963399e-10,1.524899373868776e-09,,
280,560.0,0.037232745,0.0012410915,4470549.364423869,-241287.94333514874,499902.3127302928,6657142.245096443,-26455748.172233656,5322.7294999999995,Main Bearing_DW,1271.2266224603961,1232.4246579621952,12.686483079907028,31914167.909416813,3190630.476999179,53972300.26389115,5396006.483493585,3.8888417944112995e-11,3.8898001788262843e-10,2.2994971382205878e-11,2.300018548525666e-10,,
281,562.0,0.18190054,0.006063351333333333,4406377.763771282,-164186.22901280623,479252.829613989,-3013037.090869302,-22013098.31509732,14426.847,Main Bearing_UW,1592.0482791540687,1542.9153092161243,8.633649847819429,11501667.333422817,1149916.010810328,12235320.278092107,1223289.7811471592,5.271715097961298e-10,5.272864519088297e-09,4.955613090235191e-10,4.95659444457006e-09,,
281,562.0,0.18190054,0.006063351333333333,4406377.763771282,-164186.22901280623,479252.829613989,-3013037.090869302,-22013098.31509732,14426.847,Main Bearing_DW,1186.2921924987995,1150.0815803586772,15.725926212718067,54473333.28100067,5445902.272454096,96053389.5707625,9603042.427035337,1.1130861594342938e-10,1.1133786524231906e-09,6.312480340807196e-11,6.313989945793896e-10,,
282,564.0,0.27343275,0.009114425,4375229.698122291,529891.7761409677,337929.97456607124,12966532.03465157,-17684751.16521809,14332.8495,Main Bearing_UW,1569.0527940183706,1520.6321834707937,8.983899324741337,13131941.924179176,1434074.7536376698,13951755.004480904,1510845.1565147138,6.940652839179919e-10,6.355613594675156e-09,6.532816120317988e-10,6.032666524890989e-09,,
282,564.0,0.27343275,0.009114425,4375229.698122291,529891.7761409677,337929.97456607124,12966532.03465157,-17684751.16521809,14332.8495,Main Bearing_DW,1183.4941977522903,1147.3721984812626,15.80629167066386,55680427.55112274,6183374.162929623,98093089.75311093,10789818.668744741,1.6369172078701499e-10,1.4740212640927545e-09,9.291607617763865e-11,8.447245759933006e-10,,
283,566.0,0.25252365,0.008417454999999999,4488081.444035071,367961.1040984483,425631.3604425277,4495700.739641616,-24666304.03518163,-6891.115000000001,Main Bearing_UW,1642.8537574193342,1591.8186766376473,7.977470145995491,8837511.469852693,939268.3560180379,9304022.499279637,983636.1331352459,9.524689194140648e-10,8.961714664470554e-09,9.047113762516932e-10,8.55748860421604e-09,,
283,566.0,0.25252365,0.008417454999999999,4488081.444035071,367961.1040984483,425631.3604425277,4495700.739641616,-24666304.03518163,-6891.115000000001,Main Bearing_DW,1239.0470559874868,1201.2264210604487,13.86249925510734,37709748.67610117,4054763.4988968363,65946654.998411275,7049009.191092474,2.232169477526808e-10,2.0759422842516223e-09,1.276403632633495e-10,1.1941330720119885e-09,,
284,568.0,0.19162625,0.006387541666666666,4471539.572298574,66296.96454605529,445208.50716971094,5075663.655732558,-19422112.690841734,-4659.623149999999,Main Bearing_UW,1557.457192015341,1509.3967114160414,9.139146425879103,13903735.063294884,1390063.4452035637,14839134.41196091,1483614.2596951781,4.594119233132854e-10,4.595143976130717e-09,4.304524434739309e-10,4.305392473094081e-09,,
284,568.0,0.19162625,0.006387541666666666,4471539.572298574,66296.96454605529,445208.50716971094,5075663.655732558,-19422112.690841734,-4659.623149999999,Main Bearing_DW,1148.9771974631615,1113.9062815466712,17.47290534153537,69397267.47989044,6937849.887092731,124769461.0387768,12473890.236727174,9.20431293424862e-11,9.206802929752249e-10,5.119475241366553e-11,5.120729415960127e-10,,
285,570.0,0.20686300000000002,0.006895433333333334,4542833.386472296,415287.80787345086,411156.3216825988,7669224.954944594,-23164070.54025023,1086.4025000000006,Main Bearing_UW,1632.0427876542014,1581.477552950332,8.109694397957707,9335286.71432461,939694.2333138911,9839880.702666957,989915.511262247,7.38641837615183e-10,7.337954292872643e-09,7.007639159145931e-10,6.965678641140725e-09,,
285,570.0,0.20686300000000002,0.006895433333333334,4542833.386472296,415287.80787345086,411156.3216825988,7669224.954944594,-23164070.54025023,1086.4025000000006,Main Bearing_DW,1228.627641604346,1191.1252050888377,14.242087962910887,40193673.613545984,4051018.5670697917,70699446.36742486,7121005.57168422,1.715551904917059e-10,1.7021480447869146e-09,9.753164540352668e-11,9.683229796578387e-10,,
286,572.0,0.09485766,0.0031619219999999997,4574047.797800777,535524.1955694301,414937.1886684819,4656433.042228304,-27246957.75163343,-8338.6055,Main Bearing_UW,1687.9820197718336,1635.2573652805715,7.44969970680485,7034640.718481707,703319.5094893707,7342861.13347954,734147.5630459825,4.4947881868264627e-10,4.495712058799054e-09,4.3061171150075517e-10,4.306929777007182e-09,,
286,572.0,0.09485766,0.0031619219999999997,4574047.797800777,535524.1955694301,414937.1886684819,4656433.042228304,-27246957.75163343,-8338.6055,Main Bearing_DW,1282.9083067208153,1243.749520781069,12.530426052976646,28290747.397565134,2828387.70765319,48944799.041179076,4893380.5041369805,1.1176523389665319e-10,1.1179238233302726e-09,6.460179757485076e-11,6.461631171593616e-10,,
287,574.0,0.10812050499999999,0.003604016833333333,4500222.044966878,164348.13965017302,420086.8613018127,1146647.2882465592,-17770773.613984093,7677.03155,Main Bearing_UW,1526.359537669516,1479.263030911861,9.639235955539952,16605606.267711177,1660182.3373416427,17760582.081385568,1775694.0299119533,2.170361488301198e-10,2.1708560272386974e-09,2.029222250046982e-10,2.0296384245387343e-09,,
287,574.0,0.10812050499999999,0.003604016833333333,4500222.044966878,164348.13965017302,420086.8613018127,1146647.2882465592,-17770773.613984093,7677.03155,Main Bearing_DW,1108.7313850657947,1074.889597398296,19.866335664908977,90071560.90218036,9004642.67191876,166091143.98720372,16604938.240667207,4.001281644544134e-11,4.002398501133826e-10,2.169903070576117e-11,2.1704488033004086e-10,,
288,576.0,0.20284114999999997,0.006761371666666666,4482985.899644589,312934.4888573661,446937.8916005564,2751577.246949698,-25727768.391795646,-1196.3265549999994,Main Bearing_UW,1654.4587498202077,1602.9240595384567,7.82524235343325,8287789.040312571,829959.969826268,8715709.923919355,872707.3350226285,8.158233316242401e-10,8.146623828233541e-09,7.757683224530899e-10,7.747582030453943e-09,,
288,576.0,0.20284114999999997,0.006761371666666666,4482985.899644589,312934.4888573661,446937.8916005564,2751577.246949698,-25727768.391795646,-1196.3265549999994,Main Bearing_DW,1251.5533388745862,1213.3510654697175,13.420635951977804,35016426.67598899,3507575.6349387276,60753353.22168533,6084803.061761453,1.930914233262695e-10,1.927648145151053e-09,1.112921560394342e-10,1.111189893582087e-09,,
289,578.0,0.11782073500000001,0.003927357833333334,4530535.703783178,590326.4685127226,384790.9849840798,5754808.841635571,-23684339.373869393,-13233.945,Main Bearing_UW,1635.9898520401784,1585.2703014875228,8.070563346798902,9185980.814930495,918403.1673908647,9662714.392833041,966084.3293779407,4.275382142046255e-10,4.276289512906137e-09,4.064445738193717e-10,4.06523293454325e-09,,
289,578.0,0.11782073500000001,0.003927357833333334,4530535.703783178,590326.4685127226,384790.9849840798,5754808.841635571,-23684339.373869393,-13233.945,Main Bearing_DW,1230.000614015008,1192.456086830102,14.27356196925365,39318669.57911332,3930873.6506841537,69642656.05172704,6962649.432905826,9.988531848543539e-11,9.991055888173338e-10,5.6392993259997026e-11,5.640608321844334e-10,,
290,580.0,0.02281999173,0.000760666391,4441880.494270406,377570.53940798383,399826.919481745,856784.2010995713,-22101194.774189897,-1612.2704999999999,Main Bearing_UW,1594.9034045378612,1545.6820630206853,8.60951325985245,11394834.694432715,1139235.353702147,12071047.262883876,1206866.0308497355,6.675536867346099e-11,6.676990742326244e-10,6.301577439257498e-11,6.302823772945425e-10,,
290,580.0,0.02281999173,0.000760666391,4441880.494270406,377570.53940798383,399826.919481745,856784.2010995713,-22101194.774189897,-1612.2704999999999,Main Bearing_DW,1188.7033335400572,1152.419259981736,15.809450957244554,52104014.49595285,5209039.921644822,93191125.69536893,9316890.899677383,1.4598997761661613e-11,1.460281361713599e-10,8.162433765276438e-12,8.164380147741557e-11,,
291,582.0,0.0542641,0.0018088033333333335,4477688.915544795,120335.62800588175,467679.94749773934,972996.2906569355,-23844829.03160571,4233.9439999999995,Main Bearing_UW,1622.8179910115023,1572.6193975722447,8.220828780280485,9768578.59636134,976649.048611072,10335389.274263373,1033337.5226004947,1.8516545836126945e-10,1.8520504739196727e-09,1.7501066339489677e-10,1.7504477421678286e-09,,
291,582.0,0.0542641,0.0018088033333333335,4477688.915544795,120335.62800588175,467679.94749773934,972996.2906569355,-23844829.03160571,4233.9439999999995,Main Bearing_DW,1216.6986806942502,1179.5598648523924,14.602087466431952,44036041.159611925,4402476.4061682355,77230145.51548775,7721204.938206624,4.107552099829298e-11,4.1086042637254105e-10,2.3420949439627765e-11,2.3426438590988334e-10,,
292,584.0,0.0704687,0.0023489566666666664,4438632.349534854,179072.4432020306,420963.79848456883,5312736.4448127635,-19035959.35216165,-1971.1240000000003,Main Bearing_UW,1550.8048813164446,1502.9504066772824,9.239907596313998,14421312.639526613,1441808.247094185,15387969.624691892,1538485.655667275,1.6288091974571964e-10,1.6291741092484003e-09,1.5264890196413413e-10,1.5267978989689523e-09,,
292,584.0,0.0704687,0.0023489566666666664,4438632.349534854,179072.4432020306,420963.79848456883,5312736.4448127635,-19035959.35216165,-1971.1240000000003,Main Bearing_DW,1143.9830109763527,1109.0651571399271,17.757807722755945,71570690.03523642,7155126.186865114,129194280.30504812,12916253.65480128,3.282009249191539e-11,3.282900406394955e-10,1.8181584054034034e-11,1.8186052468809355e-10,,
293,586.0,0.108229065,0.0036076355,4294007.749178833,214137.48125112266,398027.6626825522,2708345.785830371,-18981385.725610316,14849.2223,Main Bearing_UW,1536.360898371634,1488.9537794692642,9.473780776820002,15674383.49673541,1567083.7383459862,16739559.044319822,1673614.5719440866,2.3016123733041121e-10,2.3021331992173945e-09,2.1551556348936005e-10,2.1555951773348484e-09,,
293,586.0,0.108229065,0.0036076355,4294007.749178833,214137.48125112266,398027.6626825522,2708345.785830371,-18981385.725610316,14849.2223,Main Bearing_DW,1132.1385464182326,1097.582156174353,18.35284086778443,77907321.77719581,7788595.714656966,141080525.85644013,14104557.911345232,4.630675805179569e-11,4.631946030028202e-10,2.557146337596612e-11,2.557779919566383e-10,,
294,588.0,0.2357839,0.007859463333333334,4149419.7241584696,338690.7824129201,352481.70922077476,3545997.8122715685,-16934125.608348217,17325.977700000003,Main Bearing_UW,1496.1008795919176,1449.9408128858493,10.162550750842971,19805620.652853552,2073677.7837182328,21206304.844727624,2209718.3610811736,3.968299439382102e-10,3.790108277690485e-09,3.7061918098793047e-10,3.5567715197369525e-09,,
294,588.0,0.2357839,0.007859463333333334,4149419.7241584696,338690.7824129201,352481.70922077476,3545997.8122715685,-16934125.608348217,17325.977700000003,Main Bearing_DW,1095.3232319455187,1061.8922882101672,20.43653292690535,101423170.71109414,10725647.189625354,185788825.0896364,19534862.368844323,7.749179283421504e-11,7.327728755552944e-10,4.230320811567341e-11,4.023301103911641e-10,,
295,590.0,0.25521045,0.008507015,4193712.4090497727,581715.3137101312,313325.90199099533,1881110.2266950826,-16945529.97777807,-13306.062049999999,Main Bearing_UW,1497.953230807395,1451.7360491543052,10.143659390097842,19683163.093017343,2111918.459987082,21024356.194353715,2239286.650091621,4.3219755685598555e-10,4.028098224991146e-09,4.0462665878371284e-10,3.798984377302447e-09,,
295,590.0,0.25521045,0.008507015,4193712.4090497727,581715.3137101312,313325.90199099533,1881110.2266950826,-16945529.97777807,-13306.062049999999,Main Bearing_DW,1093.9077672352657,1060.519836522441,20.781076707898077,100136807.8952874,10909364.131410344,185572034.01603243,20041620.07801551,8.495392632143563e-11,7.797901781925604e-10,4.5842117564250224e-11,4.244674316190486e-10,,
296,592.0,0.127589385,0.0042529795,4379763.869951084,574596.3980498728,368146.0266278118,4586468.316832796,-26376193.024845686,-19374.398500000003,Main Bearing_UW,1665.1631602409934,1613.1560518652605,7.713828494772624,7900949.651608625,789930.3217370012,8269741.3606545795,826816.3392930103,5.382871284509575e-10,5.383993224425159e-09,5.142820451718894e-10,5.143801951998935e-09,,
296,592.0,0.127589385,0.0042529795,4379763.869951084,574596.3980498728,368146.0266278118,4586468.316832796,-26376193.024845686,-19374.398500000003,Main Bearing_DW,1268.0556310643667,1229.3502547972093,12.94767682331222,31221858.583973624,3121418.623433072,54144928.33701144,5413265.17533494,1.3621801176766206e-10,1.3625149373019337e-09,7.854806776229166e-11,7.856588144579213e-10,,
297,594.0,-0.037527424999999996,0.0012509141666666665,4340261.769469743,501074.77725882124,322736.7454588214,-2280614.7059687264,-24288326.190432515,-662.4780000000007,Main Bearing_UW,1623.7970565919686,1573.5022275165365,8.234618868094678,9823306.810890216,982120.5593994427,10334141.668285869,1033212.7893601928,1.2734145341769134e-10,1.2736869773213875e-09,1.2104674067954368e-10,1.2107033319257335e-09,,
297,594.0,-0.037527424999999996,0.0012509141666666665,4340261.769469743,501074.77725882124,322736.7454588214,-2280614.7059687264,-24288326.190432515,-662.4780000000007,Main Bearing_DW,1228.8563821044622,1191.347604099541,14.262290480040576,39899124.3309428,3988902.687924528,70389617.198082,7037326.551381401,3.135192031511705e-11,3.135985669576541e-10,1.7771288102711147e-11,1.777541737666155e-10,,
298,596.0,0.041741404999999995,0.0013913801666666666,4359153.058410743,617174.746652753,409839.90714098397,-4499425.238668787,-19627757.605717868,2093.6865,Main Bearing_UW,1549.2082954663308,1501.4030198217088,9.268418828193278,14570178.343195599,1456691.0806998531,15551353.598816693,1554820.4395480065,9.549506765759345e-11,9.551648836884423e-10,8.947003602133624e-11,8.948815768534322e-10,,
298,596.0,0.041741404999999995,0.0013913801666666666,4359153.058410743,617174.746652753,409839.90714098397,-4499425.238668787,-19627757.605717868,2093.6865,Main Bearing_DW,1148.8389576814652,1113.7737556051945,17.408371829396224,70019700.15207425,7000074.2906431835,125347273.58252248,12531655.917904735,1.9871267138316198e-11,1.9876648573951395e-10,1.1100202875578704e-11,1.1102923474612142e-10,,
299,598.0,0.07865990952380952,0.0027530968333333333,4382414.656150866,646708.0642166649,425966.83632011537,2447188.7826925404,-23913089.158152107,18848.449523809526,Main Bearing_UW,1623.2804808675435,1573.0437348782393,8.224149486013232,9781737.798673617,977964.6537779936,10332019.409018654,1033000.6085299045,2.814527326327074e-10,2.8151291794624613e-09,2.664626075837797e-10,2.6651454128873666e-09,,
299,598.0,0.07865990952380952,0.0027530968333333333,4382414.656150866,646708.0642166649,425966.83632011537,2447188.7826925404,-23913089.158152107,18848.449523809526,Main Bearing_DW,1220.584792838997,1183.3275983128287,14.48826483231003,42734194.781841435,4272329.0403777035,75043539.65581372,7502600.27249467,6.44237442026912e-11,6.44401872447994e-10,3.668666011705176e-11,3.669523542959471e-10,,
