t,rpm,Mx,My,Mz,Fx,Fy,Fz
-1.37845e-12,3.51449,5252.02,-18372.7,88.2869,1404.36,-14.4882,-4949.25
0.1,3.51691,5293.41,-18004.3,179.954,1416.06,-9.85725,-4958.27
0.2,3.50896,5371.89,-17659.5,386.495,1428.57,4.78713,-4952.94
0.3,3.49791,5471.8,-17211.8,806.763,1435.58,8.195,-4941.18
0.4,3.49122,5550.54,-16829.7,1573.03,1438.71,1.19237,-4952.07
0.5,3.48883,5590.17,-16662.4,2438.71,1437.58,-14.3006,-4974.18
0.6,3.48831,5608.87,-16398.0,3172.76,1430.37,-23.3076,-4983.2
0.7,3.48589,5601.58,-15794.0,3674.09,1413.57,-28.509,-4973.66
0.8,3.4803,5589.16,-15488.5,3813.15,1397.62,-39.909,-4951.86
0.9,3.48019,5586.75,-15723.9,3649.36,1394.22,-43.911,-4949.12
1.0,3.48874,5555.1,-16145.9,3365.6,1396.17,-36.4263,-4966.81
1.1,3.49949,5512.68,-16181.2,3038.46,1398.61,-25.6891,-4977.19
1.2,3.5065,5488.31,-15982.3,2884.03,1397.84,-13.5918,-4966.0
1.3,3.50309,5478.79,-16051.7,3033.54,1403.38,-5.34344,-4967.42
1.4,3.49327,5512.15,-16525.4,3371.89,1415.14,-1.49261,-4995.15
1.5,3.48881,5550.01,-17019.4,3834.0,1426.14,-3.60253,-5010.27
1.6,3.49158,5550.81,-17026.9,4306.52,1435.49,-12.7935,-4990.82
1.7,3.49831,5540.38,-16874.0,4634.41,1454.03,-21.6749,-4961.9
1.8,3.50275,5519.37,-17032.5,4921.02,1469.85,-23.3902,-4959.24
1.9,3.49785,5502.05,-17317.8,5160.25,1475.05,-25.7037,-4978.47
2.0,3.4902,5520.65,-17175.2,5363.43,1474.4,-24.814,-4984.96
2.1,3.48782,5525.15,-16631.5,5708.45,1466.96,-13.4324,-4970.02
2.2,3.48895,5505.45,-16299.8,6225.44,1456.92,0.8635,-4964.09
2.3,3.48973,5489.79,-16645.8,6823.53,1452.4,4.68188,-4978.74
2.4,3.48633,5473.56,-17294.0,7450.3,1457.75,-2.48137,-4990.05
2.5,3.47829,5465.93,-17539.9,7851.84,1464.77,-14.9356,-4975.0
2.6,3.47493,5467.72,-17772.2,7948.38,1476.7,-21.4651,-4939.1
2.7,3.48128,5439.53,-18614.8,7910.83,1496.54,-25.9554,-4925.77
2.8,3.49317,5397.37,-20333.7,7927.85,1517.4,-30.8223,-4943.02
2.9,3.50422,5361.32,-21910.2,8180.1,1524.47,-34.5938,-4972.11
3.0,3.50677,5336.57,-22886.9,8647.43,1527.24,-36.892,-4977.78
3.1,3.5004,5346.07,-23450.4,8942.71,1524.76,-37.6565,-4975.27
3.2,3.49366,5371.25,-24349.7,8756.76,1514.48,-32.22,-4988.19
3.3,3.4903,5379.18,-25429.3,8070.05,1505.73,-19.1215,-5008.31
3.4,3.49078,5380.95,-25981.7,7013.37,1500.92,-9.4385,-5002.95
3.5,3.4927,5372.42,-25807.5,6009.04,1497.58,-9.319,-4965.8
3.6,3.49108,5357.16,-25439.3,5340.19,1497.68,-19.8377,-4935.09
3.7,3.48659,5356.22,-25381.3,4875.93,1498.85,-35.8465,-4934.8
3.8,3.48463,5356.5,-25413.7,4355.15,1499.35,-44.1678,-4953.76
3.9,3.48566,5342.04,-24948.8,3599.47,1493.94,-34.5877,-4966.97
4.0,3.48843,5328.33,-24011.0,2709.39,1480.11,-7.7135,-4971.61
4.1,3.48985,5309.41,-23261.1,2092.47,1459.21,16.9665,-4979.16
4.2,3.48734,5296.6,-22926.2,2060.68,1436.98,24.1695,-4997.07
4.3,3.48561,5302.95,-22893.0,2581.27,1423.48,12.3263,-4996.9
4.4,3.48981,5308.69,-22892.6,3381.77,1422.4,-6.87025,-4969.74
4.5,3.49865,5308.64,-22921.4,4002.76,1425.45,-23.9925,-4941.59
4.6,3.50772,5322.32,-22976.8,4351.65,1435.44,-25.1688,-4939.15
4.7,3.51115,5349.56,-22901.2,4581.43,1444.3,-19.4475,-4950.35
4.8,3.508,5404.56,-22508.6,4843.65,1451.54,-16.4428,-4959.02
4.9,3.50442,5467.68,-21953.6,5159.07,1452.75,-15.7824,-4968.34
5.0,3.50254,5506.88,-21596.0,5334.41,1447.72,-12.5324,-4986.99
5.1,3.50095,5533.8,-21410.5,5108.66,1437.83,-2.00837,-5003.71
5.2,3.49794,5554.27,-21078.6,4408.95,1423.71,8.51369,-4999.79
5.3,3.49126,5568.32,-20630.3,3346.34,1404.88,10.9034,-4967.39
5.4,3.48552,5590.71,-20387.4,2274.85,1395.56,14.2554,-4935.92
5.5,3.48615,5591.06,-20370.5,1580.2,1393.94,13.7407,-4933.08
5.6,3.49129,5566.97,-20330.4,1354.16,1392.86,4.634,-4944.21
5.7,3.49819,5543.91,-20137.3,1455.79,1394.04,-5.42628,-4947.03
5.8,3.501,5523.03,-19860.3,1718.08,1390.48,-3.22248,-4956.71
5.9,3.49795,5527.49,-19519.7,2029.27,1379.33,11.9794,-4990.44
6.0,3.49518,5552.78,-19286.2,2483.24,1372.97,23.2726,-5014.99
6.1,3.49721,5571.8,-18993.8,3307.84,1370.7,22.7419,-5010.36
6.2,3.50356,5582.74,-18825.9,4501.96,1366.86,10.0222,-4986.13
6.3,3.50859,5590.15,-18969.4,5728.36,1367.63,-16.8997,-4968.42
6.4,3.5072,5608.79,-19120.1,6487.75,1374.05,-44.3061,-4964.87
6.5,3.50155,5647.38,-19011.6,6439.22,1379.66,-51.783,-4957.14
6.6,3.4966,5679.63,-18714.8,5501.92,1378.99,-39.8315,-4948.47
6.7,3.49607,5697.96,-18689.2,4035.91,1378.47,-10.8694,-4962.04
6.8,3.49882,5690.65,-19101.7,2606.07,1368.62,20.9177,-4997.33
6.9,3.49817,5669.56,-19385.0,1618.87,1356.32,41.3511,-5029.84
7.0,3.49257,5661.98,-19336.8,1180.83,1350.01,48.2557,-5025.33
7.1,3.48455,5657.17,-19158.9,1226.24,1346.39,46.6278,-4999.64
7.2,3.47829,5645.66,-19388.4,1583.88,1353.71,36.4412,-4982.19
7.3,3.47783,5621.82,-19936.5,2079.05,1375.23,13.8802,-4974.8
7.4,3.48232,5575.65,-20080.8,2724.22,1397.43,-7.551,-4962.17
7.5,3.48678,5513.51,-20115.4,3497.85,1417.45,-20.64,-4928.65
7.6,3.48877,5457.91,-20602.4,4288.69,1438.47,-27.7332,-4916.66
7.7,3.49072,5412.83,-21629.3,5070.84,1447.45,-23.2827,-4954.0
7.8,3.49373,5372.4,-22335.5,5831.7,1439.11,-5.83075,-5001.19
7.9,3.49768,5343.34,-22241.8,6486.93,1420.09,10.3295,-5002.53
8.0,3.49969,5328.68,-21663.4,6934.63,1409.27,10.4965,-4981.97
8.1,3.49786,5330.71,-21521.7,7138.42,1409.08,1.93675,-4980.32
8.2,3.49345,5343.38,-21943.7,7150.45,1423.91,-6.36525,-4989.32
8.3,3.48849,5351.12,-22169.7,7037.82,1448.25,-19.8773,-4975.0
8.4,3.48504,5350.75,-21872.5,6759.3,1471.3,-45.2235,-4936.47
8.5,3.48432,5342.1,-21930.0,6416.4,1487.53,-56.5475,-4905.99
8.6,3.48438,5316.71,-22769.1,6045.47,1490.7,-49.7803,-4920.37
8.7,3.48273,5287.25,-24005.2,5531.82,1485.49,-41.7251,-4960.02
8.8,3.48131,5261.55,-24910.1,4848.48,1474.95,-32.3877,-4980.63
8.9,3.48013,5222.95,-25240.7,4098.1,1460.64,-12.7559,-4983.33
9.0,3.47887,5183.45,-25753.3,3206.38,1449.14,-2.40575,-4989.91
9.1,3.47886,5151.36,-26483.7,2308.12,1451.88,-4.67175,-5010.03
9.2,3.4801,5115.87,-27176.1,1694.37,1461.97,-8.3555,-5005.79
9.3,3.48126,5082.52,-27326.3,1441.47,1476.49,-16.4708,-4973.58
9.4,3.4834,5054.63,-27245.5,1358.06,1492.4,-36.4784,-4938.45
9.5,3.48661,5023.54,-27393.3,1248.69,1496.12,-51.0962,-4926.69
9.6,3.48871,4995.19,-27428.5,867.403,1487.43,-47.2142,-4938.43
9.7,3.49145,4985.47,-26953.5,277.489,1473.03,-24.1358,-4946.67
9.8,3.49389,4973.76,-26138.9,-245.757,1444.93,-5.95503,-4943.06
9.9,3.49391,4977.56,-25506.4,-459.568,1418.76,-0.0351875,-4954.36
10.0,3.49346,5000.16,-25330.3,-310.497,1404.63,-0.853312,-4981.21
10.1,3.49218,5025.81,-25186.1,41.9833,1406.8,-5.67127,-4993.33
10.2,3.4904,5059.72,-24736.6,267.837,1413.6,-16.4155,-4968.86
10.3,3.48925,5097.04,-23931.8,419.735,1425.82,-18.0681,-4939.58
10.4,3.48742,5124.78,-23346.5,681.805,1436.41,-13.6361,-4924.02
10.5,3.48625,5159.88,-23125.9,1270.54,1443.42,-11.3055,-4922.27
10.6,3.48768,5176.98,-22891.4,2267.17,1441.38,-21.5989,-4931.18
10.7,3.48712,5168.46,-22512.0,3282.75,1429.14,-42.0701,-4939.76
10.8,3.48482,5166.22,-22211.2,3824.86,1416.11,-47.676,-4951.92
10.9,3.48192,5148.05,-22284.8,3644.25,1404.53,-35.8415,-4972.3
11.0,3.47859,5119.42,-22664.8,2859.74,1393.21,-17.0331,-4992.16
11.1,3.47917,5089.69,-23074.2,1847.7,1387.73,-5.474,-4994.17
11.2,3.48467,5039.85,-23127.3,1040.55,1384.52,-2.62025,-4981.98
11.3,3.4911,4986.39,-22703.7,419.091,1382.77,-8.09663,-4969.93
11.4,3.49644,4953.66,-22099.7,-192.594,1376.66,-11.4904,-4958.67
11.5,3.49762,4939.18,-21243.4,-808.041,1363.63,-2.80075,-4957.35
11.6,3.49486,4959.93,-20463.3,-1235.31,1355.55,18.172,-4958.6
11.7,3.49322,4999.61,-19924.9,-1161.21,1347.87,31.3245,-4966.07
11.8,3.49287,5028.7,-19771.6,-295.721,1338.71,30.343,-4980.42
11.9,3.49096,5049.67,-20058.0,1043.63,1332.16,11.0828,-4988.37
12.0,3.48675,5072.79,-20277.6,2288.07,1328.1,-10.8685,-4993.18
12.1,3.4811,5085.58,-20417.8,3051.36,1330.28,-13.3335,-4987.4
12.2,3.4759,5087.71,-20648.4,3144.8,1333.5,-4.8615,-4975.63
12.3,3.47562,5077.97,-21125.5,2752.51,1337.03,2.3575,-4971.55
12.4,3.47955,5038.73,-21784.8,2230.98,1334.31,7.4935,-4976.29
12.5,3.48234,4986.0,-22135.8,1536.09,1332.74,4.95425,-4987.55
12.6,3.48268,4946.9,-21917.0,612.153,1325.29,10.4163,-4993.34
12.7,3.48064,4905.92,-21340.8,-459.339,1316.15,26.7755,-4993.66
12.8,3.47713,4871.33,-20897.1,-1553.74,1311.26,42.8985,-4992.88
12.9,3.47759,4848.98,-20756.0,-2269.66,1315.42,54.9543,-4993.6
13.0,3.481,4807.05,-20620.9,-2281.33,1333.05,53.9292,-4991.25
13.1,3.48347,4770.32,-20270.3,-1736.01,1351.18,34.0865,-4973.34
13.2,3.48442,4742.09,-19725.5,-959.055,1361.6,7.68813,-4948.37
13.3,3.48212,4709.44,-19315.6,-175.447,1368.56,-4.23275,-4938.3
13.4,3.47866,4690.71,-19292.8,385.952,1370.65,-6.55337,-4947.81
13.5,3.4786,4672.85,-19494.7,793.299,1367.09,-8.74837,-4965.85
13.6,3.47987,4635.37,-19890.2,1282.91,1357.78,-6.14012,-4974.29
13.7,3.47821,4600.36,-20330.2,1732.51,1352.29,-5.61275,-4983.94
13.8,3.4745,4579.83,-20781.8,2048.84,1350.48,-1.92387,-4996.13
13.9,3.47028,4555.36,-21089.0,2291.85,1350.39,9.37119,-4996.71
14.0,3.4678,4530.18,-21367.9,2426.7,1356.61,12.2636,-4974.97
14.1,3.46994,4503.7,-21437.5,2577.21,1367.35,4.28478,-4960.94
14.2,3.47353,4457.51,-21699.2,2811.69,1377.93,-10.0936,-4951.68
14.3,3.47425,4417.81,-21992.1,2971.52,1382.69,-24.6805,-4952.08
14.4,3.4739,4385.83,-22303.9,2919.51,1382.95,-32.7695,-4958.0
14.5,3.47286,4345.61,-22914.4,2649.5,1381.23,-29.6523,-4963.47
14.6,3.47248,4308.35,-23696.7,2075.09,1378.7,-22.7293,-4979.27
14.7,3.47517,4272.64,-24105.4,1363.16,1379.52,-10.6005,-5002.53
14.8,3.4768,4225.68,-24000.6,689.412,1383.27,2.04113,-4999.83
14.9,3.47504,4193.9,-23898.6,37.3082,1392.7,4.95738,-4966.29
15.0,3.47252,4176.33,-24044.9,-497.11,1408.57,2.96638,-4948.9
15.1,3.47007,4148.48,-24462.3,-927.348,1424.51,-2.229,-4951.26
15.2,3.46895,4122.59,-24625.3,-1362.11,1434.67,-12.2969,-4943.83
15.3,3.46961,4092.95,-24157.5,-1671.6,1435.75,-17.9529,-4925.59
15.4,3.46871,4053.36,-23717.5,-1799.54,1429.33,-21.1281,-4915.6
15.5,3.46701,4027.31,-23808.8,-1809.19,1419.71,-25.8746,-4934.25
15.6,3.46747,4002.06,-23936.0,-1740.96,1412.12,-31.9945,-4969.48
15.7,3.4692,3970.41,-23479.3,-1834.0,1402.01,-37.9178,-4977.83
15.8,3.47334,3958.54,-22313.9,-2063.23,1393.93,-25.68,-4958.49
15.9,3.47856,3947.38,-21140.1,-2116.63,1392.16,-5.19925,-4942.32
16.0,3.48001,3947.42,-20584.9,-1772.12,1393.48,-0.44875,-4940.28
16.1,3.48,3976.43,-20278.8,-893.692,1398.83,-9.77275,-4942.67
16.2,3.47908,3994.86,-19687.6,326.16,1406.83,-28.4475,-4933.0
16.3,3.47717,4012.75,-19036.4,1381.37,1406.78,-45.0535,-4915.41
16.4,3.4774,4026.71,-19040.6,2022.74,1399.67,-49.752,-4918.86
16.5,3.47675,4014.01,-19629.8,2366.63,1385.8,-42.5988,-4956.26
16.6,3.47424,4005.71,-19973.3,2522.27,1369.93,-39.6325,-4991.22
16.7,3.47319,3997.15,-19754.6,2635.28,1353.99,-45.0303,-4984.38
16.8,3.47246,3968.57,-19800.7,2655.39,1341.06,-50.124,-4955.12
16.9,3.47172,3947.35,-20076.6,2190.34,1334.06,-50.5202,-4972.55
17.0,3.47401,3929.31,-20234.0,1195.78,1338.99,-34.5207,-4999.33
17.1,3.47643,3900.88,-19540.3,11.3136,1345.65,-5.7755,-4981.25
17.2,3.47736,3889.23,-18200.6,-934.969,1343.25,15.6497,-4941.07
17.3,3.47917,3892.57,-17276.1,-1162.79,1334.42,19.5053,-4935.05
17.4,3.48044,3896.86,-16907.2,-737.148,1325.75,1.00525,-4966.09
17.5,3.48266,3921.61,-16684.8,-28.9941,1314.72,-14.2151,-4973.78
17.6,3.48626,3942.35,-16123.0,729.929,1304.47,-14.3516,-4955.13
17.7,3.48618,3959.55,-15901.1,1409.53,1295.11,-10.3411,-4942.92
17.8,3.48466,3996.59,-16740.9,2056.9,1293.97,-10.3676,-4955.23
17.9,3.48345,4016.49,-18177.6,2779.7,1297.51,-14.8252,-4977.62
18.0,3.48063,4025.51,-19217.5,3255.13,1301.97,-22.8528,-4982.2
18.1,3.47942,4034.56,-19569.6,3089.15,1304.88,-26.3464,-4969.19
18.2,3.47765,4019.36,-19421.2,2276.34,1306.23,-13.165,-4971.15
18.3,3.47419,4006.83,-18976.7,1053.41,1313.56,10.2457,-4992.37
18.4,3.47296,3995.0,-18316.6,-30.3158,1318.35,26.5914,-4999.46
18.5,3.47344,3961.65,-17363.4,-499.578,1325.34,26.1388,-4989.37
18.6,3.47426,3930.59,-16600.0,-405.081,1329.19,14.5189,-4975.14
18.7,3.47591,3909.89,-16145.7,27.8538,1330.96,9.11046,-4973.49
18.8,3.47671,3886.62,-15981.9,556.478,1341.55,10.1677,-4972.89
18.9,3.47661,3876.26,-15771.9,984.269,1347.9,8.68534,-4965.72
19.0,3.47895,3875.37,-15594.6,1531.68,1351.06,10.1929,-4958.88
19.1,3.48134,3858.17,-15962.8,2320.9,1349.32,4.5485,-4960.13
19.2,3.48287,3861.09,-16723.8,3180.07,1342.62,-11.7751,-4982.38
19.3,3.48579,3869.22,-17486.9,3991.61,1332.69,-21.2498,-5004.73
19.4,3.48656,3867.56,-18131.9,4640.29,1323.41,-14.7474,-5002.28
19.5,3.48436,3882.19,-18693.8,4886.07,1315.66,-6.43675,-4993.39
19.6,3.4822,3902.09,-19559.8,4857.93,1313.38,3.25775,-4992.88
19.7,3.48011,3907.05,-20532.0,4896.63,1321.43,21.4603,-4996.24
19.8,3.47879,3908.33,-21380.5,5101.92,1331.21,30.835,-4982.39
19.9,3.47837,3894.96,-21883.7,5514.49,1343.31,18.7113,-4965.77
20.0,3.47582,3867.99,-22418.7,6014.99,1354.12,1.61275,-4960.1
20.1,3.47186,3849.02,-22971.4,6247.11,1364.55,-10.3205,-4976.26
20.2,3.47048,3825.84,-23613.4,6153.79,1372.59,-10.5328,-4987.13
20.3,3.47173,3787.39,-24177.8,5841.48,1373.35,-7.14075,-4985.44
20.4,3.47555,3749.6,-24526.5,5419.91,1378.37,-7.34175,-4988.08
20.5,3.48042,3710.39,-24640.5,4986.83,1383.68,-6.85125,-4991.8
20.6,3.4826,3679.05,-24638.8,4469.86,1388.66,-1.36475,-4978.13
20.7,3.483,3673.58,-24622.7,3786.4,1397.92,8.26975,-4953.69
20.8,3.48376,3676.8,-24378.3,3075.51,1409.57,16.428,-4948.4
20.9,3.48443,3678.47,-23936.7,2391.61,1411.18,10.0288,-4947.65
21.0,3.48502,3690.02,-23307.1,1904.5,1405.99,0.54425,-4936.79
21.1,3.48479,3696.44,-22713.4,1732.89,1399.16,-8.652,-4929.94
21.2,3.48236,3704.39,-22325.1,1756.13,1394.3,-21.6758,-4944.34
21.3,3.48119,3716.82,-22313.9,1792.44,1389.64,-34.9437,-4956.47
21.4,3.48136,3710.91,-22146.0,1760.06,1394.0,-38.3102,-4961.78
21.5,3.48058,3702.76,-21900.3,1512.9,1398.26,-31.5352,-4951.76
21.6,3.47988,3707.16,-21862.0,1188.71,1397.39,-15.855,-4940.56
21.7,3.47909,3704.36,-21992.6,1082.18,1397.72,-0.376,-4945.27
21.8,3.47811,3702.03,-21865.2,1248.5,1394.96,-0.1685,-4953.65
21.9,3.47895,3702.26,-21235.6,1658.76,1391.26,-11.8484,-4949.44
22.0,3.47967,3687.68,-20699.9,2136.31,1382.01,-25.9487,-4934.63
22.1,3.47899,3682.44,-20745.9,2415.48,1368.89,-35.0111,-4944.37
22.2,3.48011,3687.5,-21141.6,2579.18,1362.11,-32.2586,-4976.83
22.3,3.48301,3678.79,-21412.7,2842.58,1355.59,-25.8111,-4983.85
22.4,3.48735,3669.72,-21084.4,3218.45,1352.79,-30.2074,-4965.79
22.5,3.49188,3662.27,-20722.4,3571.49,1352.03,-39.7571,-4947.14
22.6,3.49311,3658.76,-20365.6,3686.72,1347.76,-38.0917,-4957.54
22.7,3.49147,3682.25,-19693.6,3405.24,1345.32,-24.0127,-4971.99
22.8,3.49028,3714.7,-18731.2,2808.77,1343.57,-12.4782,-4954.39
22.9,3.48964,3739.34,-17864.8,2308.84,1342.57,-3.30011,-4934.72
23.0,3.48872,3761.88,-17460.4,2172.68,1340.19,-1.28638,-4950.11
23.1,3.48684,3783.34,-17554.1,2363.9,1331.68,-15.8218,-4968.28
23.2,3.48416,3802.28,-17751.2,2682.11,1316.28,-31.3906,-4957.67
23.3,3.48252,3813.32,-17889.1,2880.72,1299.42,-35.1481,-4942.35
23.4,3.48255,3812.75,-18408.4,2852.01,1284.58,-28.6071,-4943.75
23.5,3.48489,3808.83,-19222.6,2781.11,1276.46,-18.0718,-4960.83
23.6,3.48777,3796.61,-19792.9,2883.13,1271.12,-12.1007,-4971.77
23.7,3.48882,3788.56,-19856.4,3098.9,1268.04,-17.1213,-4969.07
23.8,3.48904,3792.3,-19626.5,3279.9,1271.16,-20.4431,-4970.13
23.9,3.48848,3794.37,-19436.0,3308.15,1283.42,-14.5765,-4980.6
24.0,3.48756,3801.15,-19315.9,3095.76,1305.52,-9.33162,-4987.99
24.1,3.4884,3816.2,-19073.7,2787.32,1325.63,-6.82075,-4982.01
24.2,3.49073,3821.52,-18580.7,2601.33,1339.42,-6.7825,-4973.09
24.3,3.49215,3822.45,-18054.5,2555.42,1349.11,-11.8284,-4969.02
24.4,3.49343,3831.34,-17934.0,2702.97,1356.29,-13.2135,-4966.33
24.5,3.49388,3835.71,-18164.0,3092.34,1364.96,-9.122,-4974.14
24.6,3.49234,3846.21,-18436.7,3538.59,1367.26,-9.38825,-4992.19
24.7,3.4908,3864.32,-18814.7,4048.41,1359.0,-4.24925,-4995.78
24.8,3.48815,3873.71,-19360.8,4599.41,1352.56,1.274,-4991.61
24.9,3.48514,3889.28,-19950.7,5037.2,1347.38,-2.481,-5002.22
25.0,3.4855,3902.16,-20584.2,5311.85,1343.93,-10.983,-5011.23
25.1,3.4879,3893.16,-20955.7,5441.8,1346.19,-13.027,-5006.24
25.2,3.4903,3887.51,-21019.5,5335.99,1345.14,-11.4065,-4991.09
25.3,3.49231,3890.27,-21451.1,5077.03,1339.56,-7.612,-4972.91
25.4,3.49288,3895.37,-22128.3,4873.32,1338.98,2.90425,-4979.19
25.5,3.49265,3908.55,-22624.1,4718.39,1341.51,11.21,-4992.81
25.6,3.49498,3924.54,-22739.8,4763.44,1351.85,20.152,-4984.93
25.7,3.49765,3921.61,-22728.2,5027.47,1364.91,20.8417,-4972.53
25.8,3.49701,3924.54,-23056.8,5220.09,1376.43,6.02925,-4980.83
25.9,3.49503,3941.68,-23751.4,5271.1,1389.88,-2.68975,-4996.97
26.0,3.49204,3949.89,-24317.9,5122.61,1397.55,-3.665,-4993.25
26.1,3.49151,3966.22,-24478.4,4738.98,1399.09,-5.98825,-4973.57
26.2,3.49585,3970.01,-24559.6,4228.45,1391.63,-12.247,-4957.37
26.3,3.49962,3957.49,-24685.6,3680.35,1382.26,-11.8241,-4960.3
26.4,3.49998,3962.18,-24723.8,3087.3,1375.76,-0.226125,-4962.56
26.5,3.49699,3976.05,-24505.2,2549.44,1366.88,10.7944,-4952.21
26.6,3.49176,3998.71,-23964.6,2185.96,1364.31,16.6052,-4950.05
26.7,3.48846,4021.89,-23596.4,1848.92,1366.63,8.111,-4952.57
26.8,3.48865,4029.02,-23320.4,1638.96,1370.28,2.99187,-4959.53
26.9,3.48857,4016.29,-23079.5,1535.94,1374.26,-2.2195,-4958.31
27.0,3.48727,4004.26,-22862.1,1541.83,1376.45,-11.2641,-4950.01
27.1,3.48562,3981.37,-22797.3,1645.45,1370.28,-26.8372,-4941.74
27.2,3.48367,3951.75,-22965.3,1657.0,1361.99,-36.5502,-4938.85
27.3,3.48483,3921.9,-23239.9,1299.97,1350.06,-38.1128,-4937.75
27.4,3.48752,3881.1,-23304.2,515.806,1339.75,-28.8288,-4941.39
27.5,3.48999,3843.39,-23036.1,-436.163,1333.6,-4.23547,-4949.89
27.6,3.49111,3814.05,-22510.7,-1120.56,1328.48,16.9506,-4958.37
27.7,3.48959,3793.54,-21901.0,-1357.99,1324.47,14.0963,-4963.55
27.8,3.48807,3790.64,-21586.4,-1241.48,1329.15,-2.09875,-4959.8
27.9,3.48751,3787.78,-21535.8,-1106.95,1341.6,-16.3611,-4955.9
28.0,3.48771,3791.11,-21554.2,-1212.41,1348.06,-18.6551,-4949.38
28.1,3.48879,3793.92,-21440.2,-1421.8,1342.59,-12.946,-4936.59
28.2,3.48833,3785.08,-21068.6,-1413.47,1330.26,-12.2961,-4928.14
28.3,3.48587,3784.04,-20651.7,-1094.95,1318.05,-22.6553,-4928.34
28.4,3.48431,3780.69,-20266.1,-649.081,1305.82,-36.2404,-4939.42
28.5,3.4829,3759.19,-19775.1,-469.268,1294.56,-41.4372,-4956.08
28.6,3.48186,3736.22,-19201.9,-734.657,1285.4,-25.7197,-4963.46
28.7,3.48091,3705.67,-18712.9,-1198.21,1280.19,-0.9945,-4959.83
28.8,3.47896,3669.8,-18307.5,-1433.45,1277.81,12.0395,-4958.96
28.9,3.47855,3634.55,-18168.0,-1279.35,1274.48,0.44875,-4950.19
29.0,3.48064,3589.4,-17936.5,-869.021,1272.81,-22.8655,-4942.19
29.1,3.48297,3542.03,-17513.2,-642.808,1268.44,-41.1932,-4935.89
29.2,3.48503,3509.38,-17208.8,-843.255,1270.95,-43.1688,-4933.98
29.3,3.48652,3484.34,-16978.3,-1188.51,1277.97,-27.7292,-4953.75
29.4,3.48596,3464.5,-17174.4,-1335.22,1283.13,-12.7837,-4972.69
29.5,3.48535,3458.34,-17741.5,-1028.94,1289.07,-6.089,-4983.58
29.6,3.48552,3448.63,-18588.4,-285.267,1293.16,-4.1725,-4990.58
29.7,3.48519,3439.01,-19334.9,495.825,1297.42,-5.91175,-4997.84
29.8,3.48543,3439.46,-19993.9,1034.37,1303.42,-3.218,-4990.3
29.9,3.48528,3434.77,-20411.7,1374.27,1310.74,3.54175,-4980.82
30.0,3.48357,3434.1,-20593.2,1691.39,1309.99,3.2395,-4983.12
30.1,3.48245,3442.4,-20580.8,2309.35,1308.63,-3.9515,-4994.25
30.2,3.48315,3442.08,-20266.3,3423.92,1312.82,-13.8977,-5005.18
30.3,3.48351,3432.99,-20105.3,4625.4,1312.43,-31.1432,-4999.79
30.4,3.48407,3428.53,-20204.0,5466.86,1310.7,-35.7347,-4997.84
30.5,3.48338,3414.78,-20673.4,5719.88,1316.53,-18.2606,-4998.29
30.6,3.48125,3410.15,-21171.5,5394.83,1329.99,5.4165,-4991.42
30.7,3.48199,3412.41,-21434.3,4841.89,1337.06,15.6999,-4975.47
30.8,3.48573,3401.73,-21604.4,4490.53,1347.3,12.4642,-4965.29
30.9,3.49012,3393.33,-22027.8,4381.48,1355.16,3.68625,-4971.39
31.0,3.49393,3393.39,-22757.7,4391.82,1359.14,-5.19438,-4989.42
31.1,3.49377,3399.61,-23411.5,4282.64,1361.01,-14.0152,-5005.78
31.2,3.49082,3426.0,-23488.6,3899.42,1348.18,-13.127,-5012.38
31.3,3.48983,3459.54,-23175.4,3422.83,1335.6,0.359188,-5004.25
31.4,3.49134,3480.9,-22795.2,3042.51,1327.99,10.1336,-4990.7
31.5,3.49583,3506.65,-22706.6,2968.62,1329.2,14.2031,-4975.06
31.6,3.49983,3522.15,-22543.1,3304.5,1338.76,13.3548,-4968.23
31.7,3.49789,3545.11,-22315.2,3767.89,1347.52,4.17022,-4953.24
31.8,3.49196,3591.32,-22074.5,3985.5,1356.85,-7.66713,-4937.21
31.9,3.48662,3632.52,-22051.2,3796.24,1368.11,-12.4743,-4940.31
32.0,3.48413,3654.25,-22566.3,3137.66,1377.93,-9.55931,-4954.78
32.1,3.4866,3659.02,-23088.2,2260.07,1381.49,-0.785625,-4975.74
32.2,3.49,3633.15,-23152.5,1575.26,1375.07,6.67275,-4985.43
32.3,3.48954,3605.01,-22798.1,1169.92,1366.24,4.02887,-4974.08
32.4,3.48819,3597.1,-22450.7,950.201,1359.57,-3.25813,-4955.98
32.5,3.48803,3584.53,-22359.7,757.394,1352.66,-5.18225,-4947.78
32.6,3.48886,3575.62,-22319.6,319.898,1351.64,-2.3735,-4943.48
32.7,3.49195,3573.86,-22073.1,-297.829,1358.7,3.4935,-4928.81
32.8,3.49251,3557.23,-21915.8,-853.659,1363.5,6.98488,-4906.97
32.9,3.48903,3554.43,-22015.0,-1252.59,1361.95,4.41412,-4910.87
33.0,3.48592,3555.91,-22447.1,-1497.71,1353.01,-4.10425,-4931.9
33.1,3.48482,3541.58,-22672.0,-1699.06,1341.58,-9.2185,-4949.42
33.2,3.48621,3526.01,-22266.4,-2001.64,1327.08,-5.30975,-4954.1
33.3,3.48844,3508.54,-21587.8,-2229.16,1313.2,6.88425,-4948.91
33.4,3.487,3489.53,-21130.9,-2220.91,1305.42,11.823,-4946.79
33.5,3.48267,3485.77,-20748.2,-2036.99,1308.8,2.04125,-4952.68
33.6,3.48022,3476.56,-20310.4,-1763.01,1323.85,-7.5875,-4943.49
33.7,3.48027,3448.63,-19786.6,-1524.02,1342.56,-7.44175,-4920.42
33.8,3.48266,3418.97,-19445.3,-1377.7,1353.06,-3.88625,-4908.66
33.9,3.48478,3384.88,-19366.2,-1215.8,1349.77,-6.72175,-4919.37
34.0,3.48356,3358.58,-19205.5,-968.939,1338.91,-14.4432,-4935.97
34.1,3.48134,3349.35,-18537.2,-900.627,1320.78,-29.191,-4944.79
34.2,3.48236,3339.35,-17720.7,-1133.67,1299.68,-33.914,-4946.69
34.3,3.48626,3315.47,-17305.9,-1544.41,1282.99,-17.3608,-4957.01
34.4,3.48963,3289.97,-17205.3,-1912.4,1270.74,1.04575,-4979.38
34.5,3.48935,3272.68,-16977.8,-1998.64,1265.57,3.00475,-4984.59
34.6,3.48512,3262.65,-16584.3,-1841.13,1262.03,-7.70262,-4957.48
34.7,3.48016,3259.02,-16349.1,-1859.52,1258.29,-21.178,-4932.82
34.8,3.47907,3247.43,-16354.0,-2231.0,1256.6,-17.8674,-4941.43
34.9,3.48186,3216.2,-16312.3,-2637.3,1256.98,2.5005,-4959.87
35.0,3.48407,3180.21,-15956.1,-2578.02,1256.61,14.0246,-4961.16
35.1,3.48417,3156.23,-15767.2,-1692.25,1256.3,4.87187,-4957.72
35.2,3.48107,3133.08,-16154.8,-287.376,1259.87,-22.6467,-4979.7
35.3,3.4768,3122.65,-16605.2,980.207,1271.52,-36.3332,-5017.92
35.4,3.47703,3113.75,-16727.8,1778.8,1285.16,-18.1422,-5018.01
35.5,3.48088,3085.73,-16694.4,2308.88,1296.72,9.8165,-4983.17
35.6,3.48502,3059.05,-17239.2,2857.41,1308.61,13.1068,-4965.29
35.7,3.48781,3044.54,-18179.0,3689.94,1310.69,-3.74541,-4983.75
35.8,3.48636,3034.67,-18573.4,4481.19,1293.22,-28.2723,-4995.7
35.9,3.48405,3055.34,-18096.8,4776.91,1271.49,-37.8707,-4974.72
36.0,3.48589,3073.76,-17634.3,4561.07,1249.31,-26.3716,-4956.66
36.1,3.48865,3076.16,-17910.2,4183.76,1234.66,-5.00569,-4984.46
36.2,3.49024,3088.22,-18540.8,4008.32,1235.11,6.46216,-5026.52
36.3,3.48956,3098.78,-18704.8,4340.09,1240.79,7.51638,-5020.71
36.4,3.48457,3105.93,-18410.5,4906.03,1250.27,0.869625,-4980.04
36.5,3.48092,3127.13,-18782.2,5288.69,1263.12,-2.328,-4955.63
36.6,3.48169,3130.37,-19931.8,5483.37,1282.47,6.75625,-4973.27
36.7,3.48373,3117.91,-20948.5,5671.91,1300.12,15.1309,-4988.03
36.8,3.4853,3114.37,-21217.1,6023.02,1303.49,1.451,-4969.02
36.9,3.48517,3107.01,-21368.6,6650.88,1289.17,-20.969,-4946.6
37.0,3.4843,3108.27,-21952.9,7383.9,1275.42,-31.1803,-4972.9
37.1,3.48715,3114.72,-22660.8,7883.47,1274.18,-33.8737,-5021.43
37.2,3.49378,3116.57,-22615.1,8129.43,1277.03,-25.0987,-5031.19
37.3,3.49885,3121.31,-21959.0,8122.68,1281.95,-14.0428,-4996.95
37.4,3.49932,3154.64,-21502.9,7918.9,1298.28,-4.36825,-4975.9
37.5,3.49726,3202.77,-21553.7,7614.86,1317.8,1.06375,-4985.48
37.6,3.49371,3246.12,-21512.8,7157.1,1326.03,-4.55275,-4981.04
37.7,3.49251,3288.84,-20867.4,6481.34,1325.88,-14.4937,-4943.58
37.8,3.49379,3306.91,-20049.1,5656.82,1317.73,-18.9352,-4917.61
37.9,3.49269,3308.66,-20061.7,4777.52,1306.63,-18.4275,-4931.29
38.0,3.4885,3313.93,-20984.6,3969.11,1300.69,-16.5685,-4965.9
38.1,3.48339,3307.05,-21842.3,3283.42,1297.4,-16.3105,-4989.29
38.2,3.48041,3288.58,-22324.0,2658.23,1297.11,-9.74575,-4981.38
38.3,3.48209,3256.23,-22739.9,2065.96,1304.26,5.3295,-4966.93
38.4,3.48561,3210.33,-23588.0,1535.81,1316.44,17.222,-4962.75
38.5,3.48677,3170.13,-24400.8,1063.95,1326.96,16.0772,-4963.65
38.6,3.48522,3149.94,-24695.5,834.919,1332.85,15.0035,-4944.7
38.7,3.48339,3139.77,-24459.4,1000.6,1337.41,13.9155,-4917.32
38.8,3.48406,3132.91,-24274.6,1303.93,1336.17,-8.47725,-4912.74
38.9,3.48938,3127.85,-24289.4,1590.14,1334.02,-29.164,-4939.39
39.0,3.49487,3110.78,-23989.4,1664.86,1333.4,-32.8975,-4963.9
39.1,3.49581,3113.18,-23157.0,1374.04,1330.65,-21.3426,-4956.94
39.2,3.49487,3136.27,-22246.1,924.23,1333.4,-2.86737,-4939.69
39.3,3.49341,3155.49,-21663.3,639.251,1332.84,10.5188,-4943.51
39.4,3.49375,3184.42,-21352.1,645.43,1332.65,15.6341,-4950.82
39.5,3.49703,3209.67,-20955.7,868.024,1332.67,5.861,-4934.88
39.6,3.49675,3220.41,-20334.8,1107.87,1327.09,-8.17787,-4916.12
39.7,3.491,3245.24,-20002.8,1119.91,1323.91,-19.706,-4918.96
39.8,3.48286,3267.56,-19865.8,912.452,1318.05,-26.7162,-4949.28
39.9,3.47771,3275.21,-19222.1,734.826,1302.1,-26.4383,-4978.8
40.0,3.47922,3258.2,-18140.4,716.101,1280.05,-28.8392,-4970.94
40.1,3.48514,3216.33,-17090.0,966.774,1253.61,-26.6241,-4954.3
40.2,3.4894,3164.29,-16719.9,1332.48,1235.92,-19.029,-4957.09
40.3,3.48852,3129.32,-16753.6,1467.95,1226.25,-12.7022,-4968.85
40.4,3.48608,3112.53,-16720.4,1239.31,1219.33,-2.90222,-4953.8
40.5,3.48535,3095.81,-16662.2,697.611,1221.25,8.49409,-4925.63
40.6,3.4888,3083.91,-16919.9,131.606,1230.12,18.3266,-4930.13
40.7,3.49401,3064.64,-17487.6,-110.764,1238.52,14.7343,-4968.87
40.8,3.49518,3049.17,-17725.1,197.601,1244.66,3.882,-5003.44
40.9,3.49165,3050.1,-17339.9,883.714,1245.0,-10.9891,-5006.66
41.0,3.48639,3059.1,-16825.3,1578.84,1249.65,-21.0602,-4996.05
41.1,3.48517,3071.0,-16887.5,2124.93,1257.09,-7.52875,-4991.21
41.2,3.48908,3063.44,-17359.6,2622.63,1263.5,17.5492,-4991.04
41.3,3.49267,3045.67,-17617.6,3251.4,1268.74,27.3167,-4978.06
41.4,3.49221,3038.68,-17757.2,4183.73,1265.51,23.3585,-4943.92
41.5,3.48603,3035.39,-18112.2,5203.1,1259.25,5.93713,-4929.97
41.6,3.47826,3044.94,-18804.1,5886.47,1246.74,-11.7043,-4958.33
41.7,3.47638,3053.02,-19302.3,6113.31,1229.41,-16.404,-4996.77
41.8,3.47982,3032.58,-19196.8,6081.35,1207.19,-10.815,-5005.51
41.9,3.48417,3003.33,-18906.8,6056.47,1187.3,-5.991,-4994.03
42.0,3.48698,2977.36,-19170.4,6285.35,1180.19,-7.136,-4993.64
42.1,3.48681,2956.76,-19918.8,6747.18,1185.24,-8.0045,-5004.81
42.2,3.48696,2950.84,-20351.6,7116.17,1197.35,-5.20125,-4996.62
42.3,3.49044,2943.35,-20594.7,7339.34,1213.13,7.87575,-4951.24
42.4,3.49317,2928.96,-21016.8,7398.66,1228.37,13.763,-4928.17
42.5,3.49291,2933.47,-22001.3,7314.31,1242.46,3.35775,-4955.09
42.6,3.49023,2944.64,-23207.5,7315.29,1246.23,-8.7245,-4988.78
42.7,3.48582,2950.68,-24046.7,7529.23,1246.15,-14.4087,-4998.68
42.8,3.48439,2959.86,-24572.9,7808.95,1245.55,-27.719,-5003.32
42.9,3.48839,2955.88,-25154.5,8147.97,1244.84,-38.4212,-5024.3
43.0,3.4927,2940.47,-25538.8,8421.93,1250.02,-37.0817,-5045.98
43.1,3.49319,2941.31,-25094.5,8345.82,1258.08,-31.161,-5036.79
43.2,3.49039,2957.27,-24118.2,7920.87,1265.23,-20.6381,-4989.39
43.3,3.48531,2970.77,-23420.8,7194.01,1275.03,-10.1431,-4952.33
43.4,3.48233,2987.4,-23028.1,6243.63,1284.31,-4.60862,-4959.05
43.5,3.48377,2984.36,-22837.7,5312.86,1279.56,-2.64975,-4960.68
43.6,3.48554,2962.83,-22367.7,4580.33,1270.07,-4.39237,-4948.52
43.7,3.48579,2945.22,-22208.4,3998.85,1261.87,-13.3575,-4945.41
43.8,3.48488,2926.93,-22867.5,3500.25,1259.76,-23.495,-4973.5
43.9,3.4835,2905.23,-24000.1,2914.63,1259.69,-25.9158,-5007.37
44.0,3.48522,2889.22,-25027.0,2206.8,1264.93,-14.5108,-5005.54
44.1,3.49023,2861.17,-25875.3,1601.15,1277.89,2.9955,-4976.3
44.2,3.4936,2831.69,-26812.9,1153.97,1296.66,4.60388,-4958.5
44.3,3.49271,2822.51,-27672.7,755.644,1314.68,-7.44737,-4959.97
44.4,3.48959,2828.94,-27867.7,486.108,1321.3,-4.90105,-4953.85
44.5,3.48525,2836.41,-27270.1,150.144,1317.21,-4.28377,-4933.39
44.6,3.48539,2862.51,-26206.4,-187.52,1315.24,-7.07217,-4933.13
44.7,3.49082,2868.78,-25258.4,-252.976,1307.64,-8.18906,-4953.57
44.8,3.49428,2867.38,-24496.8,-74.9022,1295.63,-13.1807,-4966.03
44.9,3.49487,2892.91,-23561.5,180.998,1286.38,-17.8756,-4963.57
45.0,3.4944,2918.85,-22736.1,531.351,1286.54,-13.9154,-4948.46
45.1,3.49197,2946.28,-22352.9,766.748,1286.57,-12.1663,-4937.67
45.2,3.49266,2986.45,-22066.1,781.011,1289.46,-16.746,-4945.35
45.3,3.49568,3003.84,-21501.6,775.84,1292.87,-17.811,-4947.52
45.4,3.49488,3013.13,-20812.0,737.827,1292.82,-19.8206,-4931.85
45.5,3.49161,3037.76,-20374.1,665.718,1291.29,-27.2826,-4931.4
45.6,3.48787,3046.76,-20267.4,651.022,1288.77,-32.2733,-4962.94
45.7,3.48583,3048.91,-20225.9,629.325,1283.52,-26.0224,-4986.52
45.8,3.48932,3039.97,-19972.9,658.46,1275.08,-10.6952,-4978.3
45.9,3.49285,3000.49,-19553.7,832.258,1259.36,0.647,-4967.78
46.0,3.49206,2975.97,-19279.9,1171.05,1244.68,8.7365,-4974.54
46.1,3.48936,2963.18,-19304.6,1599.9,1232.0,7.581,-4976.28
46.2,3.48626,2946.52,-19204.6,1981.4,1222.93,0.586,-4968.48
46.3,3.48605,2934.86,-19004.9,2113.86,1213.9,-6.00575,-4958.25
46.4,3.48894,2912.92,-18780.1,2053.01,1206.08,-5.831,-4960.45
46.5,3.49043,2892.3,-18716.2,1947.24,1205.66,0.69575,-4968.8
46.6,3.48982,2891.09,-18679.6,1937.91,1206.54,6.9445,-4972.72
46.7,3.48785,2889.78,-18442.2,1981.0,1209.83,3.17375,-4974.68
46.8,3.48669,2893.56,-17791.5,1832.82,1218.38,0.95625,-4978.67
46.9,3.48897,2891.9,-16888.9,1340.45,1226.53,13.4563,-4974.53
47.0,3.49093,2875.77,-16240.7,675.775,1238.01,35.8,-4958.89
47.1,3.48896,2864.8,-16190.9,221.123,1249.03,52.4045,-4949.79
47.2,3.48417,2859.92,-16379.1,394.236,1250.72,51.495,-4959.16
47.3,3.47802,2842.85,-16285.9,1189.77,1238.6,28.2948,-4962.84
47.4,3.47568,2824.35,-16096.0,2335.66,1224.49,4.55575,-4943.64
47.5,3.47855,2783.48,-16309.7,3456.75,1212.84,-10.1471,-4935.25
47.6,3.48219,2729.03,-17204.2,4411.99,1196.62,-8.60375,-4960.15
47.7,3.48362,2684.12,-18362.5,5148.93,1186.5,-7.22775,-4988.58
47.8,3.48327,2655.27,-19151.3,5875.7,1180.11,-2.68875,-4988.05
47.9,3.48312,2634.14,-19660.0,6708.7,1176.26,4.66062,-4971.16
48.0,3.48428,2617.57,-20692.2,7549.2,1182.09,5.627,-4968.41
48.1,3.48615,2605.22,-21947.4,8204.18,1194.52,-1.9385,-4996.83
48.2,3.48605,2592.32,-22641.2,8461.98,1196.37,-9.7825,-5013.45
48.3,3.483,2591.03,-22558.4,8387.52,1195.13,-4.105,-4994.22
48.4,3.47967,2589.19,-22205.9,8252.43,1195.19,1.75194,-4980.33
48.5,3.47805,2579.3,-22378.6,8290.86,1198.28,-7.17675,-4996.12
48.6,3.48059,2563.66,-22690.4,8547.83,1205.12,-21.7887,-5022.67
48.7,3.48464,2528.72,-22574.2,8787.27,1205.27,-27.9948,-5016.97
48.8,3.48534,2496.7,-22126.9,8622.8,1204.52,-23.841,-4987.82
48.9,3.48349,2482.03,-22082.4,8070.4,1208.2,-4.21614,-4978.22
49.0,3.48082,2468.42,-22450.9,7486.92,1216.72,17.3792,-5000.02
49.1,3.47852,2455.18,-22737.7,7103.06,1221.53,18.0032,-5008.67
49.2,3.47858,2443.36,-22520.8,6909.91,1226.67,-5.12231,-4989.34
49.3,3.47816,2415.04,-22166.3,6589.98,1226.06,-32.1483,-4971.94
49.4,3.47483,2390.94,-22158.9,5686.14,1223.48,-44.7702,-4980.05
49.5,3.47241,2372.98,-22385.7,4247.12,1223.81,-33.164,-4992.78
49.6,3.47341,2340.14,-22432.7,2825.43,1231.23,-8.54675,-4983.19
49.7,3.47868,2301.4,-22526.2,1869.22,1240.84,3.40675,-4958.19
49.8,3.48676,2262.85,-23036.8,1506.55,1249.12,-2.04338,-4952.99
49.9,3.49124,2228.13,-23830.9,1391.45,1253.75,-12.686,-4970.44
50.0,3.48966,2229.78,-24108.0,1127.83,1259.8,-9.95525,-4981.55
50.1,3.48576,2257.57,-23901.2,685.501,1262.24,0.862375,-4961.0
50.2,3.48314,2288.88,-23763.7,370.039,1263.01,0.404625,-4944.24
50.3,3.48427,2319.36,-24127.6,358.106,1267.23,-22.4158,-4959.61
50.4,3.4899,2342.76,-24152.3,763.005,1268.64,-44.292,-4990.56
50.5,3.49361,2349.86,-23319.9,1184.96,1266.3,-61.081,-4981.89
50.6,3.49373,2382.07,-21714.6,1236.58,1268.54,-61.5658,-4953.14
50.7,3.49331,2426.85,-20317.8,1037.13,1273.52,-34.8802,-4946.29
50.8,3.49289,2464.04,-19539.1,946.76,1279.37,-0.36075,-4965.93
50.9,3.49366,2506.27,-18877.6,1228.75,1283.64,11.2227,-4975.95
51.0,3.49492,2536.07,-18216.6,1991.16,1286.84,-0.20925,-4952.91
51.1,3.49166,2554.16,-18040.5,2892.19,1286.58,-19.304,-4930.64
51.2,3.48591,2581.86,-18667.2,3336.9,1287.67,-39.8843,-4945.23
51.3,3.48345,2601.26,-19584.8,3115.28,1290.63,-53.25,-4975.18
51.4,3.48681,2601.63,-20142.9,2512.98,1289.8,-46.8255,-4978.99
51.5,3.49461,2591.38,-20426.9,1904.76,1287.02,-34.2113,-4967.48
51.6,3.502,2583.66,-20768.9,1758.76,1286.66,-18.3237,-4982.04
51.7,3.5035,2588.12,-20901.4,2178.16,1283.22,-3.1015,-5014.69
51.8,3.49932,2617.66,-20467.0,2787.13,1278.54,3.95213,-5011.2
51.9,3.49501,2659.41,-19603.4,3190.69,1272.79,10.7762,-4969.65
52.0,3.49363,2687.29,-18989.6,3245.09,1269.26,22.1816,-4943.1
52.1,3.49344,2702.29,-18717.7,3069.18,1264.79,27.3662,-4951.64
52.2,3.49303,2714.41,-18185.4,3083.24,1252.12,19.7617,-4953.44
52.3,3.49091,2719.5,-17231.5,3496.84,1243.09,-4.00413,-4923.91
52.4,3.48924,2730.95,-16508.0,4082.14,1233.82,-29.4791,-4905.89
52.5,3.49166,2737.01,-16491.9,4447.64,1227.0,-37.0816,-4936.16
52.6,3.4958,2728.2,-16830.3,4348.99,1228.22,-17.1301,-4976.63
52.7,3.49838,2725.73,-16863.4,3932.34,1228.86,22.7433,-4973.57
52.8,3.49669,2726.45,-16565.2,3617.35,1231.69,51.9113,-4947.21
52.9,3.49054,2737.07,-16633.7,3741.92,1235.72,55.7988,-4938.3
53.0,3.4846,2749.36,-16914.6,4229.1,1237.34,34.2276,-4952.11
53.1,3.48288,2745.64,-16825.5,4864.95,1236.23,9.22628,-4949.25
53.2,3.48499,2721.91,-16364.7,5436.42,1229.8,-5.72959,-4919.53
53.3,3.48847,2692.69,-16503.2,5996.37,1225.22,-10.0716,-4902.53
53.4,3.4907,2661.99,-17629.0,6767.26,1226.49,-10.0329,-4934.29
53.5,3.49077,2634.11,-18855.6,7788.12,1222.73,-10.8583,-4984.76
53.6,3.4915,2614.81,-19505.6,8935.76,1218.12,-5.71537,-4993.51
53.7,3.49267,2589.93,-19666.1,9851.72,1212.39,0.45,-4978.71
53.8,3.4925,2573.97,-20050.0,10268.9,1209.62,9.58963,-4992.03
53.9,3.49039,2566.75,-20426.9,10228.9,1207.07,18.1125,-5029.16
54.0,3.48539,2562.06,-20392.5,9977.73,1205.92,17.6348,-5024.52
54.1,3.48033,2562.21,-19651.9,9686.49,1204.91,1.65612,-4982.62
54.2,3.47856,2552.06,-19355.5,9394.63,1207.24,-18.284,-4949.39
54.3,3.4813,2528.52,-19889.5,9049.52,1214.28,-23.4076,-4964.83
54.4,3.48659,2493.23,-20416.6,8663.87,1219.28,-6.93225,-4997.19
54.5,3.49033,2450.56,-20215.5,8443.51,1217.93,17.8582,-4995.56
54.6,3.48912,2419.21,-20004.1,8548.01,1211.68,33.4033,-4970.2
54.7,3.48498,2404.21,-20488.1,8877.93,1206.53,31.3905,-4987.7
54.8,3.48178,2391.58,-21302.4,9357.97,1201.92,25.9837,-5037.55
54.9,3.48037,2368.3,-21697.3,9795.32,1203.51,13.4522,-5038.09
55.0,3.48009,2340.45,-21506.3,9906.81,1207.89,-17.2668,-4988.01
55.1,3.48027,2310.13,-21430.0,9591.03,1216.97,-47.9548,-4964.42
55.2,3.47991,2276.68,-21998.9,8880.94,1225.55,-54.821,-4981.23
55.3,3.48143,2253.09,-22426.4,7996.7,1229.15,-37.1515,-4992.97
55.4,3.48699,2227.88,-22319.8,7269.02,1226.29,-15.1248,-4967.65
55.5,3.49344,2199.85,-22303.5,6870.71,1217.24,-2.906,-4943.97
55.6,3.49547,2186.8,-23010.8,6568.51,1210.5,0.22875,-4970.29
55.7,3.4923,2199.69,-23929.7,6101.89,1213.41,4.99975,-5020.46
55.8,3.4861,2228.12,-24237.6,5511.27,1221.31,14.877,-5028.08
55.9,3.48227,2258.52,-24029.6,5107.3,1226.81,12.8748,-4995.48
56.0,3.48349,2278.81,-24066.4,5149.27,1234.26,-16.998,-4981.99
56.1,3.48942,2289.96,-24217.7,5649.67,1249.44,-55.2752,-5007.22
56.2,3.49601,2295.71,-23789.4,6224.76,1259.72,-80.0551,-5008.22
56.3,3.49943,2315.47,-22379.3,6542.16,1260.6,-76.9725,-4967.9
56.4,3.49984,2351.27,-20800.0,6498.68,1256.52,-54.6166,-4938.92
56.5,3.5003,2400.16,-19992.7,6348.83,1253.78,-22.9865,-4955.06
56.6,3.5022,2445.31,-19892.7,6368.92,1248.81,0.3605,-4983.16
56.7,3.50376,2488.21,-19863.9,6688.95,1243.08,6.3285,-4984.78
56.8,3.50212,2532.78,-20402.1,7143.99,1240.66,-5.14038,-4959.17
56.9,3.4974,2582.32,-21928.5,7396.13,1242.99,-27.9471,-4961.63
57.0,3.49309,2633.78,-23821.0,7181.68,1246.55,-48.3792,-4998.85
57.1,3.49487,2674.91,-25173.3,6563.35,1249.34,-55.7615,-5005.76
57.2,3.50191,2689.63,-25833.7,5728.19,1253.29,-57.2172,-4967.54
57.3,3.50888,2699.16,-25983.0,4935.96,1259.93,-48.3875,-4959.82
57.4,3.51109,2713.42,-25884.9,4308.63,1268.0,-30.0316,-4993.61
57.5,3.50626,2743.31,-25043.2,3888.08,1277.95,-2.01266,-5009.81
57.6,3.49933,2787.87,-23253.5,3580.92,1281.42,21.6928,-4978.67
57.7,3.49516,2826.08,-21750.0,3409.27,1277.21,34.0449,-4931.77
57.8,3.49482,2848.3,-21044.3,3399.74,1274.98,34.4834,-4932.74
57.9,3.49745,2857.54,-20586.3,3645.59,1277.51,23.801,-4954.62
58.0,3.49978,2854.38,-19711.4,4251.81,1271.73,3.66594,-4931.5
58.1,3.5005,2856.39,-18855.1,5094.16,1257.05,-24.842,-4883.87
58.2,3.50188,2868.18,-18729.0,5882.98,1241.11,-49.9709,-4892.98
58.3,3.50519,2879.78,-19372.0,6363.57,1225.75,-51.9374,-4945.72
58.4,3.50844,2890.32,-19807.7,6325.05,1215.06,-35.2197,-4969.17
58.5,3.5089,2907.51,-19703.3,5808.65,1211.95,-9.30313,-4944.9
58.6,3.50421,2926.48,-19955.1,5109.25,1217.81,21.1719,-4924.12
58.7,3.49595,2951.69,-21002.5,4603.73,1230.71,47.0768,-4945.9
58.8,3.48843,2970.63,-21830.5,4395.94,1238.16,45.3871,-4972.67
58.9,3.48605,2972.46,-21507.8,4451.64,1235.04,23.2475,-4950.12
59.0,3.48886,2945.33,-20385.8,4602.49,1229.38,0.05225,-4906.56
59.1,3.49241,2900.02,-20033.4,4738.45,1230.03,-10.5612,-4902.2
59.2,3.49425,2851.69,-20665.3,5082.39,1230.29,-5.78875,-4953.69
59.3,3.49238,2802.51,-21298.8,5816.81,1221.18,-2.65075,-4994.4
59.4,3.48992,2768.47,-21295.6,6799.31,1212.3,-6.28175,-4982.2
59.5,3.49123,2738.75,-21117.6,7602.22,1207.85,-8.19775,-4964.74
59.6,3.49463,2701.29,-21511.4,7800.22,1213.31,3.184,-4983.58
59.7,3.49614,2676.49,-22215.7,7349.94,1218.81,26.6485,-5005.86
59.8,3.49358,2666.92,-22416.6,6665.02,1218.22,44.0775,-4990.45
59.9,3.48923,2673.53,-22151.8,6354.88,1216.95,45.396,-4955.46
60.0,3.48846,2679.06,-22281.7,6649.12,1219.38,23.4513,-4947.85
60.1,3.49185,2662.19,-22776.4,7207.26,1224.87,-14.302,-4983.24
60.2,3.49498,2627.12,-22945.6,7426.8,1220.75,-37.5952,-5010.85
60.3,3.49301,2594.79,-22560.2,7018.15,1214.74,-22.8442,-4998.46
60.4,3.48673,2572.09,-22335.5,6327.15,1214.01,19.4201,-4981.49
60.5,3.48074,2546.38,-22988.0,5924.65,1215.36,47.7761,-4992.55
60.6,3.47967,2512.06,-23840.3,6258.95,1219.94,46.6883,-5016.17
60.7,3.48249,2460.83,-23840.1,7120.27,1221.93,22.5304,-5006.78
60.8,3.48397,2410.03,-22979.0,7770.84,1219.87,-8.39775,-4967.33
60.9,3.48147,2372.91,-22521.0,7702.7,1216.83,-22.2383,-4945.45
61.0,3.4767,2347.49,-23002.6,7060.26,1214.54,-13.7264,-4970.8
61.1,3.47471,2319.5,-23953.5,6288.75,1208.17,-6.715,-5000.57
61.2,3.48093,2284.17,-24394.8,5988.57,1207.56,-7.71694,-5003.25
61.3,3.49171,2226.57,-24488.7,6368.2,1210.48,-11.7181,-4988.29
61.4,3.49702,2175.44,-25111.2,6936.46,1212.76,-19.3726,-4987.37
61.5,3.49311,2164.33,-26254.8,7018.67,1215.78,-22.1921,-5008.57
61.6,3.48489,2184.99,-27238.3,6506.76,1216.93,-3.37586,-5010.44
61.7,3.48041,2213.07,-27501.1,5694.46,1213.91,19.1192,-4981.94
61.8,3.48561,2232.14,-27247.9,5267.8,1217.38,23.9513,-4966.01
61.9,3.49519,2219.76,-26954.7,5751.14,1221.98,2.56069,-4981.03
62.0,3.49754,2208.02,-26437.5,6786.88,1221.98,-42.5929,-5004.17
62.1,3.4905,2231.07,-25198.0,7488.38,1215.04,-81.6052,-5008.96
62.2,3.48147,2266.07,-23947.3,7340.45,1209.3,-75.4632,-4985.56
62.3,3.47889,2290.73,-23435.8,6459.79,1210.84,-30.9256,-4972.73
62.4,3.48769,2298.21,-23988.5,5601.13,1218.03,12.4949,-4978.66
62.5,3.50036,2271.94,-25010.6,5528.28,1221.64,21.4679,-4976.81
62.6,3.50412,2257.69,-25778.8,6158.95,1223.93,-3.316,-4958.85
62.7,3.49783,2290.46,-26391.4,6703.59,1219.67,-36.058,-4944.42
62.8,3.48897,2347.69,-27213.6,6481.59,1218.58,-49.5685,-4959.97
62.9,3.48705,2404.83,-27967.7,5347.39,1224.21,-40.8112,-5001.39
63.0,3.49601,2440.47,-28080.8,3925.59,1232.36,-22.6329,-5028.72
63.1,3.50684,2440.87,-27524.1,3086.99,1237.25,-9.91525,-5020.91
63.2,3.50936,2444.92,-26798.5,3179.37,1237.89,-9.2025,-5001.92
63.3,3.50254,2471.64,-26225.6,3748.3,1239.67,-23.1903,-4990.68
63.4,3.49376,2514.76,-25774.2,4171.4,1244.65,-23.8137,-4966.43
63.5,3.49123,2551.41,-24751.3,4015.98,1249.16,-5.5055,-4933.1
63.6,3.49496,2566.17,-23676.3,3350.81,1257.06,10.5475,-4895.83
63.7,3.49899,2565.73,-23065.2,2858.12,1263.82,18.5783,-4890.3
63.8,3.49535,2556.65,-22988.5,2897.43,1264.25,0.341,-4923.09
63.9,3.4865,2565.81,-22898.7,3292.39,1258.81,-32.8198,-4958.69
64.0,3.48257,2573.07,-22493.4,3548.43,1247.53,-55.7718,-4966.96
64.1,3.48661,2553.2,-22005.8,3186.48,1232.02,-51.8283,-4964.11
64.2,3.49582,2531.55,-21911.3,2198.75,1224.73,-23.9015,-4966.43
64.3,3.50223,2509.19,-22084.0,1077.16,1222.29,6.6315,-4961.74
64.4,3.49965,2507.22,-21923.7,362.743,1229.11,24.0753,-4937.97
64.5,3.49321,2532.1,-21383.4,281.719,1230.65,23.3097,-4903.12
64.6,3.49,2552.43,-20878.9,711.351,1231.24,9.98175,-4890.0
64.7,3.49228,2559.89,-20588.8,1236.36,1236.84,-5.945,-4912.7
64.8,3.49614,2553.41,-20294.3,1550.52,1239.05,-14.7234,-4944.93
64.9,3.49472,2544.23,-19868.6,1614.9,1237.69,-14.6551,-4960.65
65.0,3.48804,2545.98,-19662.8,1536.19,1236.07,-10.7365,-4965.77
65.1,3.4839,2545.23,-20135.3,1508.91,1235.22,-5.74425,-4973.69
65.2,3.48665,2517.4,-20815.9,1646.45,1232.86,-0.10525,-4988.43
65.3,3.4937,2471.95,-21123.3,1799.6,1229.54,4.067,-4982.76
65.4,3.49804,2433.43,-20936.4,1890.58,1226.89,14.1973,-4954.53
65.5,3.49341,2413.64,-20753.8,1953.29,1223.3,30.6615,-4937.52
65.6,3.4829,2421.13,-20936.0,2062.51,1221.78,40.4737,-4949.95
65.7,3.47639,2431.08,-21052.2,2391.67,1222.37,37.5706,-4975.36
65.8,3.47911,2410.23,-20763.5,3002.52,1220.38,26.0697,-4982.45
65.9,3.48808,2362.35,-19981.5,3790.58,1216.32,14.6196,-4982.67
66.0,3.4947,2305.45,-19397.1,4536.43,1212.81,4.48209,-4983.27
66.1,3.49292,2267.92,-19431.2,5020.97,1214.46,-1.21964,-4983.62
66.2,3.48642,2260.44,-19528.1,5197.51,1218.26,5.96178,-4984.54
66.3,3.48411,2260.24,-19300.1,5372.48,1226.18,27.5912,-4974.71
66.4,3.48748,2236.06,-19020.4,5804.31,1230.41,38.9668,-4953.25
66.5,3.49162,2203.49,-19327.4,6511.96,1234.24,28.2035,-4944.71
66.6,3.48964,2169.49,-20133.1,7239.94,1238.29,7.62087,-4966.46
66.7,3.47898,2150.13,-21057.0,7471.15,1238.1,-7.77913,-4986.54
66.8,3.46984,2150.41,-21579.0,7146.16,1238.57,-0.04525,-4992.51
66.9,3.47056,2121.83,-21896.4,6669.87,1243.16,13.9004,-4996.88
67.0,3.47938,2066.34,-22363.2,6585.87,1247.12,17.567,-5009.44
67.1,3.48863,2002.19,-23029.4,7158.16,1242.28,6.847,-5014.78
67.2,3.48769,1949.9,-23416.6,8214.99,1239.73,-6.93013,-5006.73
67.3,3.47698,1935.15,-23489.8,8990.16,1234.97,-20.1866,-4985.71
67.4,3.46836,1940.29,-23278.2,9081.17,1232.25,-16.789,-4974.69
67.5,3.46916,1917.68,-23117.9,8626.8,1228.4,2.40125,-4972.12
67.6,3.47718,1874.35,-23114.9,7916.24,1218.93,9.26775,-4969.04
67.7,3.48677,1831.92,-23134.7,7374.05,1208.3,-2.14275,-4971.21
67.8,3.48961,1799.4,-23235.5,7136.61,1198.09,-17.1227,-4977.52
67.9,3.4873,1809.72,-23460.8,7045.74,1194.52,-20.214,-4985.62
68.0,3.48854,1841.39,-23832.8,7009.45,1199.37,-13.122,-4992.87
68.1,3.49531,1866.38,-24473.8,7115.88,1207.43,-2.66525,-4993.49
68.2,3.50279,1895.92,-25370.2,7352.89,1218.66,1.375,-4990.35
68.3,3.50406,1934.73,-26266.4,7687.54,1230.19,-1.79125,-4988.23
68.4,3.49627,1992.2,-26911.0,8015.36,1236.01,-7.95525,-4982.48
68.5,3.48634,2064.56,-26994.5,8025.37,1237.07,-22.6012,-4976.1
68.6,3.48521,2128.33,-26692.7,7703.1,1238.83,-31.5152,-4970.44
68.7,3.49402,2153.55,-26255.3,7269.87,1234.0,-26.4482,-4970.24
68.8,3.50308,2158.45,-26037.8,6869.31,1225.79,-23.2113,-4972.32
68.9,3.50345,2176.72,-25815.3,6596.05,1220.51,-27.0208,-4980.16
69.0,3.49443,2214.28,-25484.6,6427.3,1220.0,-25.0159,-4980.5
69.1,3.48416,2257.41,-25248.1,6110.38,1228.99,-17.7051,-4964.23
69.2,3.48299,2274.98,-25462.4,5598.37,1241.38,-5.90625,-4945.88
69.3,3.48897,2239.95,-26124.8,4969.77,1246.1,-0.91,-4941.22
69.4,3.49354,2197.95,-26428.7,4374.74,1251.43,-5.608,-4953.19
69.5,3.49347,2173.47,-26034.3,3975.97,1242.94,-15.8488,-4947.98
69.6,3.49096,2163.4,-25257.1,3780.42,1228.03,-32.8531,-4930.03
69.7,3.49307,2173.54,-24598.0,3600.08,1215.87,-47.8778,-4937.67
69.8,3.50353,2183.34,-24170.4,3364.58,1205.73,-48.0263,-4967.23
69.9,3.51428,2190.86,-23325.5,3194.93,1207.32,-29.0794,-4987.98
70.0,3.51632,2231.45,-21774.2,3162.9,1211.54,-11.7093,-4976.93
70.1,3.50867,2308.37,-20342.2,3487.17,1221.68,-2.19619,-4946.87
70.2,3.49654,2394.91,-19437.1,4047.17,1232.28,-7.17936,-4940.63
70.3,3.48956,2474.92,-18844.6,4425.48,1236.7,-23.799,-4948.25
70.4,3.49235,2519.91,-17878.1,4482.64,1233.99,-32.1191,-4938.71
70.5,3.49745,2523.57,-17083.8,4316.7,1225.14,-29.7653,-4904.32
70.6,3.49735,2525.18,-17069.8,4125.55,1214.95,-29.0514,-4904.89
70.7,3.49296,2532.54,-17687.5,4184.14,1203.58,-31.4727,-4958.78
70.8,3.48872,2532.03,-18219.2,4399.42,1196.26,-32.9533,-4998.88
70.9,3.49089,2525.03,-18294.3,4459.37,1194.84,-21.3183,-4988.38
71.0,3.49902,2495.31,-18581.8,4302.07,1196.57,5.8285,-4969.33
71.1,3.50343,2462.77,-19539.3,4054.42,1198.69,32.9254,-4983.39
71.2,3.50119,2463.8,-20501.0,3923.28,1205.36,40.2304,-5000.96
71.3,3.49697,2486.98,-20444.9,4251.95,1217.72,32.735,-4979.65
71.4,3.49674,2509.88,-19674.8,5008.74,1226.41,12.9021,-4932.18
71.5,3.50353,2525.62,-19074.9,5866.84,1232.61,-15.2971,-4925.64
71.6,3.51231,2529.47,-18715.8,6582.7,1239.41,-31.7179,-4973.1
71.7,3.51373,2538.62,-18044.6,7021.27,1242.03,-23.935,-5000.04
71.8,3.50719,2576.93,-16852.2,7285.35,1243.16,0.402,-4980.1
71.9,3.49823,2612.83,-16177.0,7590.82,1242.7,20.6133,-4958.1
72.0,3.49255,2631.47,-16621.6,8029.46,1251.36,30.0257,-4977.28
72.1,3.49224,2623.6,-17414.6,8431.09,1256.06,26.8838,-5002.32
72.2,3.49255,2593.15,-17680.2,8652.93,1254.96,17.8935,-4979.86
72.3,3.48871,2560.27,-17702.8,8655.51,1257.5,7.8325,-4938.39
72.4,3.48215,2532.28,-18485.7,8523.87,1259.97,-5.82125,-4942.45
72.5,3.47847,2496.7,-20027.3,8477.4,1266.09,-17.003,-4993.52
72.6,3.48191,2446.85,-20956.2,8683.99,1276.32,-17.4885,-5034.83
72.7,3.4904,2376.81,-20898.4,9055.82,1278.84,-13.831,-5018.93
72.8,3.49681,2312.04,-20724.2,9495.17,1281.93,-0.9655,-4992.51
72.9,3.49711,2269.84,-21249.0,9871.09,1290.72,17.8255,-5006.39
73.0,3.49241,2253.24,-22010.5,10060.1,1297.58,28.4282,-5024.99
73.1,3.48926,2257.49,-21973.6,10064.8,1304.87,27.1303,-4998.43
73.2,3.49195,2257.95,-21440.6,9901.11,1308.65,11.7032,-4942.44
73.3,3.49846,2253.18,-21464.4,9644.96,1307.56,-6.74638,-4928.25
73.4,3.5026,2249.46,-22068.2,9260.52,1304.97,-27.9266,-4974.18
73.5,3.50054,2263.06,-22420.1,8824.26,1295.69,-34.0732,-5007.31
73.6,3.49597,2297.17,-21993.2,8463.27,1283.32,-20.0154,-4992.12
73.7,3.49465,2333.83,-21568.7,8253.89,1278.38,0.80875,-4973.1
73.8,3.49977,2363.09,-22066.6,8345.59,1275.65,22.1623,-4983.8
73.9,3.50566,2380.89,-22955.9,8751.18,1273.91,33.5639,-5002.51
74.0,3.50525,2410.82,-23453.5,9346.51,1275.96,31.2606,-4975.67
74.1,3.49881,2462.43,-23671.5,10011.2,1276.0,16.5368,-4919.3
74.2,3.49156,2515.25,-24179.8,10550.6,1279.03,-14.3169,-4906.36
74.3,3.4913,2560.94,-25317.9,10781.3,1288.3,-46.7053,-4938.15
74.4,3.50062,2576.34,-26168.7,10660.4,1296.71,-64.9338,-4972.12
74.5,3.51039,2560.08,-26280.1,10175.1,1300.61,-66.6486,-4974.52
74.6,3.51217,2557.52,-26135.1,9262.89,1303.6,-56.1953,-4970.18
74.7,3.50729,2580.05,-26121.0,8186.08,1304.79,-24.648,-4992.58
74.8,3.50125,2607.31,-26206.5,7225.42,1303.38,13.4522,-5006.52
74.9,3.50104,2633.21,-26090.5,6536.58,1300.4,32.798,-4976.33
75.0,3.50662,2637.4,-25807.8,6334.8,1298.19,29.364,-4932.49
75.1,3.50776,2622.6,-25815.1,6455.58,1285.55,3.58675,-4915.22
75.2,3.50097,2637.24,-25965.6,6511.48,1266.32,-33.1919,-4928.79
75.3,3.49316,2664.38,-25737.1,6405.01,1249.23,-58.5461,-4942.84
75.4,3.49094,2675.78,-25274.1,6150.83,1236.35,-68.7383,-4942.28
75.5,3.49856,2678.48,-24920.4,5891.43,1230.06,-64.3346,-4960.57
75.6,3.51204,2663.27,-25088.9,5983.38,1235.42,-43.5199,-4993.94
75.7,3.51674,2647.37,-25121.1,6312.61,1237.44,-27.5656,-5012.58
75.8,3.50891,2688.56,-24424.0,6468.75,1240.79,-19.2062,-4993.81
75.9,3.49747,2755.64,-23280.8,6223.38,1243.73,-7.07525,-4953.09
76.0,3.49078,2808.57,-22374.8,5476.55,1251.96,4.9255,-4929.19
76.1,3.49574,2842.96,-22066.7,4524.93,1260.76,7.27275,-4930.33
76.2,3.50695,2828.25,-21912.0,4112.84,1261.11,-0.1285,-4940.97
76.3,3.51052,2802.5,-21467.9,4369.04,1247.13,-29.5215,-4947.54
76.4,3.50731,2821.36,-20925.3,4881.26,1215.51,-65.467,-4953.33
76.5,3.5048,2843.89,-20609.1,5087.05,1189.94,-78.2065,-4973.56
76.6,3.50829,2864.74,-20713.5,4732.16,1171.23,-42.102,-4994.35
76.7,3.51779,2879.66,-20844.0,4050.49,1154.11,7.059,-4999.71
76.8,3.52269,2890.4,-20940.6,3681.53,1152.79,31.8715,-4981.43
76.9,3.51563,2929.39,-21107.2,3829.8,1166.11,23.5368,-4960.15
77.0,3.50151,2992.66,-21550.8,4215.74,1180.9,-0.525,-4951.36
77.1,3.49005,3044.63,-22024.4,4421.35,1196.58,-17.4697,-4956.59
77.2,3.48921,3061.94,-22048.1,4301.92,1207.05,-20.7485,-4966.12
77.3,3.49655,3031.53,-21467.8,4031.15,1210.9,-24.5325,-4976.83
77.4,3.50211,2975.67,-20552.5,3972.67,1208.19,-24.8107,-4991.4
77.5,3.50117,2927.18,-19729.1,4287.38,1203.75,-16.6235,-5008.4
77.6,3.49721,2890.63,-19121.3,4836.56,1201.51,-7.36688,-5017.15
77.7,3.49729,2862.1,-18736.0,5468.96,1206.87,8.21475,-5008.09
77.8,3.50298,2825.51,-18610.6,6048.34,1214.75,22.2126,-4987.95
77.9,3.50772,2798.1,-18879.9,6566.08,1224.53,26.994,-4971.66
78.0,3.5063,2799.4,-19210.5,7050.37,1234.95,15.9254,-4973.41
78.1,3.49923,2819.75,-19547.7,7435.31,1243.0,-10.818,-4975.65
78.2,3.49359,2849.3,-19891.4,7621.77,1245.89,-33.094,-4977.23
78.3,3.49632,2859.72,-20410.9,7559.81,1243.22,-37.7207,-4993.34
78.4,3.50568,2845.75,-20782.9,7452.83,1243.26,-22.2409,-5030.1
78.5,3.51332,2826.66,-20828.4,7575.92,1245.42,1.13988,-5047.72
78.6,3.51067,2823.15,-20616.9,8036.8,1255.69,16.4197,-5032.59
78.7,3.49779,2845.05,-20609.7,8605.39,1273.59,20.8585,-5009.94
78.8,3.48363,2873.87,-20945.3,8828.23,1296.53,19.6041,-5000.51
78.9,3.47797,2874.17,-21203.4,8487.36,1314.11,20.2409,-4987.42
79.0,3.48107,2830.65,-21078.6,7725.87,1318.87,18.4036,-4955.95
79.1,3.4865,2762.69,-20749.9,6876.61,1308.99,4.52478,-4931.78
79.2,3.48905,2697.35,-20777.2,6272.27,1295.01,-13.4276,-4938.54
79.3,3.48959,2649.08,-21176.5,5988.19,1281.68,-23.7703,-4966.76
79.4,3.4935,2619.56,-21464.1,5923.49,1274.45,-16.1686,-4988.91
79.5,3.50351,2598.22,-21604.1,6054.95,1271.73,7.60138,-4984.89
79.6,3.51248,2581.48,-21958.9,6307.69,1270.16,28.6551,-4970.0
79.7,3.51324,2598.0,-22780.6,6604.28,1282.28,37.2669,-4962.26
79.8,3.50584,2644.09,-23817.7,6871.38,1298.79,31.627,-4950.37
79.9,3.49618,2702.78,-24581.7,7020.92,1313.95,13.7557,-4926.44
80.0,3.49364,2755.91,-25052.0,6964.29,1324.99,-14.1718,-4904.28
80.1,3.50029,2777.72,-25751.2,6795.97,1332.56,-37.9769,-4903.65
80.2,3.50742,2775.42,-26683.6,6536.91,1336.95,-49.0621,-4935.72
80.3,3.50739,2784.31,-27333.5,6247.55,1338.71,-42.2207,-4975.72
80.4,3.49968,2803.63,-27462.5,6020.21,1336.57,-20.7455,-4989.93
80.5,3.48992,2821.46,-27188.6,5853.37,1333.6,5.371,-4987.21
80.6,3.48595,2821.33,-27068.1,5704.91,1325.76,25.1548,-4982.16
80.7,3.48765,2785.72,-27262.4,5583.35,1324.28,33.9528,-4973.24
80.8,3.48903,2735.62,-27253.0,5425.29,1328.21,25.4893,-4955.22
80.9,3.48725,2696.03,-26636.6,5288.72,1321.52,4.788,-4930.5
81.0,3.48458,2663.86,-25678.4,5365.05,1306.75,-18.3612,-4913.75
81.1,3.48645,2637.07,-24985.5,5593.86,1295.84,-46.5723,-4919.9
81.2,3.49659,2610.3,-24687.8,5759.26,1291.24,-71.889,-4949.99
81.3,3.50866,2571.78,-24380.1,5574.21,1287.38,-74.5225,-4981.6
81.4,3.51253,2553.95,-23922.1,4804.42,1290.53,-48.268,-4989.94
81.5,3.50689,2575.59,-23343.4,3521.3,1304.58,-7.479,-4987.33
81.6,3.49749,2615.26,-23032.9,2186.59,1314.69,31.7785,-4978.62
81.7,3.49239,2658.15,-22879.4,1386.35,1324.16,57.573,-4965.89
81.8,3.49497,2679.65,-22698.2,1284.77,1327.51,45.37,-4940.95
81.9,3.49901,2684.85,-22417.6,1641.4,1314.37,2.82488,-4917.48
82.0,3.49836,2695.88,-22309.6,2077.12,1295.62,-34.8934,-4914.14
82.1,3.49243,2716.14,-22455.6,2280.09,1266.19,-53.7811,-4936.16
82.2,3.48865,2749.31,-22370.5,2389.46,1230.73,-48.5715,-4974.91
82.3,3.4947,2762.45,-22028.1,2916.75,1197.08,-27.9125,-4996.06
82.4,3.50419,2741.21,-21453.9,3933.76,1172.18,-21.2253,-5001.34
82.5,3.50868,2737.03,-21227.5,5047.41,1169.32,-24.8412,-4994.58
82.6,3.50335,2751.64,-21171.6,5675.51,1178.47,-23.8742,-4987.11
82.7,3.49002,2785.67,-20770.2,5347.19,1188.87,-13.8331,-4973.02
82.8,3.48268,2830.9,-19800.5,4290.01,1199.26,1.82088,-4946.39
82.9,3.4882,2826.81,-18838.3,3289.21,1210.7,6.41453,-4921.5
83.0,3.50025,2782.61,-18438.9,2968.09,1217.71,-8.61222,-4933.52
83.1,3.50847,2732.48,-18283.2,3278.71,1215.08,-41.8484,-4985.12
83.2,3.50589,2699.67,-17926.3,3782.19,1205.46,-60.7698,-5020.9
83.3,3.49619,2700.56,-17469.0,3798.2,1195.86,-48.4585,-5016.05
83.4,3.49276,2721.73,-17607.9,3352.28,1197.36,-1.34225,-5009.71
83.5,3.49986,2715.34,-18747.8,3083.16,1204.02,46.2535,-5020.35
83.6,3.50878,2702.12,-20181.2,3617.0,1212.63,60.1222,-5025.09
83.7,3.51067,2709.12,-20924.7,5043.22,1221.19,30.5136,-5001.1
83.8,3.50045,2746.32,-20941.8,6783.69,1228.77,-16.2189,-4969.27
83.9,3.48699,2816.12,-21190.8,7851.31,1236.4,-51.2614,-4964.39
84.0,3.48354,2873.55,-21828.1,7983.96,1244.46,-49.6927,-5002.92
84.1,3.49102,2872.81,-22108.0,7525.73,1245.08,-27.8324,-5046.92
84.2,3.501,2845.13,-21198.5,7194.06,1236.15,-1.904,-5057.93
84.3,3.50456,2804.59,-19795.2,7475.45,1220.1,11.6433,-5031.25
84.4,3.49672,2774.2,-18914.2,8099.1,1213.47,9.5925,-5010.9
84.5,3.48728,2776.85,-18826.1,8378.29,1222.21,10.3085,-5008.68
84.6,3.48624,2766.73,-18538.2,7969.35,1237.44,21.9895,-4997.99
84.7,3.49131,2737.45,-17675.2,6971.74,1248.73,34.2368,-4951.79
84.8,3.49776,2710.16,-16988.7,6006.62,1254.21,34.5137,-4907.6
84.9,3.49831,2680.99,-17079.6,5726.76,1259.93,14.3757,-4924.88
85.0,3.49279,2673.22,-17677.2,6009.47,1257.2,-21.6165,-4973.19
85.1,3.49231,2686.42,-17912.3,6445.64,1248.27,-41.9403,-4991.01
85.2,3.49935,2673.73,-17951.2,6602.94,1239.44,-32.3925,-4968.92
85.3,3.50769,2669.57,-18704.0,6428.43,1235.17,6.03375,-4956.61
85.4,3.51115,2685.59,-20340.2,6306.41,1245.02,39.4655,-4974.33
85.5,3.5045,2719.25,-21769.4,6667.2,1260.54,45.3853,-4979.73
85.6,3.49351,2778.55,-22187.2,7379.47,1273.45,21.5077,-4941.3
85.7,3.48792,2824.17,-22104.6,7930.85,1288.58,-19.0128,-4900.15
85.8,3.48929,2832.81,-22242.1,7824.3,1302.78,-46.626,-4913.97
85.9,3.49431,2821.07,-22579.0,6988.18,1311.33,-46.0042,-4959.48
86.0,3.49628,2797.27,-22468.5,5908.95,1313.64,-29.1525,-4979.61
86.1,3.49296,2780.06,-21781.9,5206.14,1310.26,-10.2548,-4969.95
86.2,3.4901,2768.07,-21396.6,5158.99,1310.2,3.39138,-4964.04
86.3,3.4916,2737.02,-21815.4,5539.74,1310.47,9.72775,-4972.36
86.4,3.49588,2701.82,-22609.6,5857.37,1307.26,17.0235,-4968.39
86.5,3.49827,2668.3,-23018.3,5807.1,1304.24,23.0975,-4940.32
86.6,3.49403,2649.96,-23342.2,5514.68,1312.72,23.7641,-4908.5
86.7,3.48702,2654.88,-24023.2,5324.57,1318.82,10.5096,-4910.1
86.8,3.48504,2654.53,-25216.7,5494.57,1321.21,-19.406,-4941.58
86.9,3.49061,2633.72,-26027.7,5810.88,1322.6,-55.0646,-4977.38
87.0,3.50028,2604.08,-25947.2,5847.56,1318.32,-66.2271,-4988.47
87.1,3.50541,2580.78,-25475.6,5412.57,1313.0,-38.6959,-4978.66
87.2,3.50137,2589.37,-25146.2,4675.09,1317.09,7.53084,-4980.6
87.3,3.49383,2628.58,-24708.0,4083.04,1325.06,42.9569,-4990.76
87.4,3.48999,2660.84,-23874.1,4072.05,1336.46,54.6852,-4968.01
87.5,3.49076,2671.22,-22815.1,4496.64,1343.57,36.4037,-4916.84
87.6,3.49257,2670.92,-22347.4,4899.87,1349.91,0.778031,-4889.34
87.7,3.49102,2666.46,-22641.8,5029.21,1347.17,-24.9137,-4913.03
87.8,3.48551,2666.17,-22777.0,4844.44,1328.15,-36.9349,-4953.22
87.9,3.48407,2672.81,-22233.5,4692.31,1300.0,-36.9991,-4963.14
88.0,3.49226,2656.64,-21403.1,5003.52,1269.33,-32.6845,-4961.79
88.1,3.50428,2621.78,-21231.9,5597.8,1243.73,-36.6946,-4980.37
88.2,3.51151,2603.75,-21685.6,6028.17,1222.95,-34.7861,-5006.46
88.3,3.50667,2610.92,-21992.0,5912.67,1208.82,-15.8066,-4998.24
88.4,3.49332,2660.14,-21568.6,5252.38,1204.28,15.172,-4960.75
88.5,3.48598,2719.3,-21023.7,4654.31,1206.6,37.152,-4927.82
88.6,3.48957,2730.19,-20796.4,4746.85,1212.4,25.3124,-4934.12
88.7,3.49792,2709.31,-20641.3,5496.15,1213.41,-19.44,-4961.91
88.8,3.50244,2682.47,-19996.0,6394.11,1206.14,-63.8974,-4981.44
88.9,3.49792,2670.31,-19128.6,6892.18,1197.68,-74.5533,-4984.51
89.0,3.49046,2687.19,-18898.5,6722.86,1198.81,-52.0387,-4994.7
89.1,3.49167,2702.5,-19318.7,6353.9,1205.58,-12.8665,-5028.43
89.2,3.50018,2684.82,-19805.4,6325.2,1209.72,13.9097,-5043.02
89.3,3.50807,2673.43,-19857.1,6791.47,1222.36,20.604,-5016.86
89.4,3.50823,2677.73,-19842.8,7483.63,1236.25,9.71125,-4982.1
89.5,3.49797,2713.03,-20034.3,7874.82,1248.49,-5.6995,-4984.6
89.6,3.48879,2780.94,-20346.4,7608.37,1255.5,-15.5013,-5003.82
89.7,3.49072,2827.68,-20266.0,7026.0,1256.49,-12.0355,-5009.08
89.8,3.50161,2833.94,-19716.9,6668.82,1244.55,-7.80075,-5007.46
89.9,3.51305,2835.56,-19112.8,6940.37,1230.33,-12.7115,-5021.56
90.0,3.51601,2839.08,-18716.4,7860.92,1216.82,-18.0987,-5042.8
90.1,3.50854,2865.8,-18152.3,8918.29,1206.51,-14.194,-5046.48
90.2,3.49924,2915.47,-17723.0,9482.8,1202.14,-0.0795,-5008.71
90.3,3.49654,2953.61,-17546.4,9486.5,1206.98,22.4608,-4973.53
90.4,3.49868,2966.49,-17586.2,9187.47,1217.65,36.2359,-4966.95
90.5,3.50127,2971.61,-17892.4,9112.62,1227.35,33.2386,-4954.65
90.6,3.49865,2964.34,-18132.5,9489.06,1230.01,2.4595,-4939.52
90.7,3.49199,2967.54,-18226.8,9940.25,1230.03,-42.7863,-4949.04
90.8,3.49046,2975.0,-18372.7,9766.82,1229.8,-73.7389,-4976.09
90.9,3.49756,2960.46,-18583.3,8755.41,1230.53,-58.2327,-4993.75
91.0,3.50811,2938.21,-18930.6,7246.98,1230.48,-9.15862,-4990.57
91.1,3.51457,2931.68,-19719.5,6069.05,1238.05,35.814,-4978.02
91.2,3.51258,2950.53,-20643.3,5874.2,1256.12,49.3817,-4976.09
91.3,3.50521,2995.3,-21330.7,6481.75,1270.84,31.1611,-4963.8
91.4,3.50151,3052.23,-21602.1,7122.41,1284.27,-2.49463,-4934.71
91.5,3.50396,3090.68,-21844.2,7118.53,1293.33,-27.4886,-4914.11
91.6,3.50944,3120.29,-22371.9,6472.5,1302.63,-27.6077,-4931.66
91.7,3.51272,3145.85,-23202.2,5929.88,1309.77,-10.9452,-4965.27
91.8,3.51071,3170.3,-23869.5,6185.42,1311.48,-9.27321,-4987.27
91.9,3.50691,3200.01,-24328.3,7265.02,1313.57,-25.6088,-4991.31
92.0,3.50667,3219.09,-25085.1,8635.37,1322.79,-31.3247,-4988.24
92.1,3.50687,3214.83,-26090.4,9473.72,1331.12,-15.6958,-4991.53
92.2,3.50413,3218.59,-27143.5,9365.37,1345.98,10.4409,-4981.93
92.3,3.49758,3223.07,-27721.8,8645.01,1360.9,30.5109,-4957.5
92.4,3.49009,3222.79,-27853.9,8006.14,1376.28,33.8667,-4938.25
92.5,3.48773,3210.25,-28084.7,7624.83,1390.39,0.41625,-4935.5
92.6,3.4951,3181.92,-28212.7,7561.18,1399.57,-33.4533,-4959.88
92.7,3.50597,3127.89,-27794.3,7431.96,1397.03,-47.8144,-4985.83
92.8,3.51254,3102.2,-27109.0,6928.52,1394.06,-33.6111,-4979.89
92.9,3.51419,3110.54,-26612.7,6198.41,1395.32,-0.037625,-4966.98
93.0,3.51131,3136.09,-26568.6,5668.0,1397.27,36.2746,-4973.09
93.1,3.50972,3185.34,-26642.5,5587.3,1397.32,53.147,-4973.3
93.2,3.51173,3225.25,-26381.6,5943.69,1390.07,41.3218,-4940.77
93.3,3.51198,3255.29,-25781.7,6373.22,1382.63,12.2133,-4904.35
93.4,3.50791,3296.73,-25383.1,6490.84,1367.84,-12.8013,-4900.11
93.5,3.50135,3338.7,-25579.9,6333.42,1354.31,-24.1423,-4922.83
93.6,3.4967,3368.13,-25380.3,6170.17,1344.02,-29.3878,-4962.99
93.7,3.49926,3379.0,-24918.0,6308.27,1334.85,-31.748,-4972.66
93.8,3.50611,3354.82,-24421.5,6778.75,1327.19,-32.4658,-4971.37
93.9,3.50812,3321.58,-24356.9,7130.95,1317.91,-29.9002,-4981.04
94.0,3.50301,3310.84,-24661.0,6995.66,1315.92,-13.5583,-4988.88
94.1,3.49321,3305.78,-24517.8,6388.4,1308.54,12.3628,-4977.38
94.2,3.48629,3306.48,-23782.6,5571.81,1299.79,25.8242,-4949.78
94.3,3.48995,3292.74,-22838.4,5025.0,1285.95,18.8573,-4935.86
94.4,3.50037,3244.61,-22159.1,5086.59,1272.82,-2.118,-4948.54
94.5,3.50784,3196.02,-21604.0,5419.14,1258.5,-35.7115,-4972.23
94.6,3.50999,3184.07,-21084.4,5639.73,1245.06,-53.186,-4983.66
94.7,3.50927,3193.73,-20609.0,5527.51,1241.9,-41.8848,-4992.08
94.8,3.51059,3224.56,-20218.9,5083.25,1243.46,-11.4831,-5009.21
94.9,3.51905,3260.96,-20117.4,4920.73,1250.13,26.0925,-5015.9
95.0,3.52482,3276.62,-20241.6,5459.62,1259.22,39.3889,-5004.54
95.1,3.52025,3325.18,-20552.3,6403.08,1268.74,17.7792,-4990.55
95.2,3.50932,3402.12,-20927.7,7245.41,1283.05,-12.8159,-4989.3
95.3,3.49687,3465.27,-21264.8,7502.42,1293.58,-26.0567,-4991.94
95.4,3.49232,3518.59,-21229.2,7184.41,1295.81,-17.6026,-5001.92
95.5,3.49784,3522.18,-20857.9,6929.97,1286.57,-7.99669,-5016.27
95.6,3.5031,3485.73,-20165.7,7171.16,1267.08,-13.9896,-5031.92
95.7,3.50398,3465.04,-19441.1,7915.62,1245.73,-17.1522,-5034.68
95.8,3.50132,3439.39,-18930.5,8878.08,1224.69,-6.48925,-5025.38
95.9,3.49704,3417.77,-18782.0,9583.27,1213.34,10.7672,-5012.06
96.0,3.49875,3408.82,-18861.1,9783.61,1212.43,18.0251,-4996.44
96.1,3.50343,3383.35,-18913.6,9606.54,1215.1,11.4972,-4976.69
96.2,3.50504,3369.7,-19026.1,9212.24,1218.57,-0.138313,-4955.29
96.3,3.50431,3376.47,-19542.9,8788.23,1227.9,-18.41,-4947.77
96.4,3.50297,3381.74,-20588.7,8352.78,1240.28,-44.4729,-4963.9
96.5,3.50578,3396.77,-21803.5,7739.18,1246.64,-56.7611,-4991.08
96.6,3.51358,3402.03,-22842.9,6826.61,1247.54,-45.5346,-5005.42
96.7,3.51879,3405.43,-23351.7,5704.18,1245.72,-14.1479,-5011.42
96.8,3.51778,3440.19,-23550.0,4754.62,1246.58,24.7507,-5010.13
96.9,3.51086,3486.61,-23621.1,4374.1,1255.27,44.5578,-5003.37
97.0,3.50145,3532.8,-23696.9,4571.07,1259.67,33.5363,-4984.75
97.1,3.496,3572.84,-23866.7,4977.3,1267.62,0.656875,-4958.09
97.2,3.49489,3581.27,-24072.5,5087.61,1278.48,-35.7556,-4940.44
97.3,3.49461,3574.78,-24218.4,4559.91,1285.7,-56.0191,-4938.66
97.4,3.49595,3570.31,-24562.8,3739.82,1288.41,-45.4179,-4940.66
97.5,3.4983,3549.16,-25239.1,3239.12,1294.85,-21.8515,-4953.77
97.6,3.50293,3529.8,-26066.2,3494.37,1299.48,-2.861,-4984.9
97.7,3.50892,3502.96,-26837.8,4437.72,1301.1,3.7275,-5009.18
97.8,3.51002,3476.64,-27224.1,5454.57,1299.26,4.41375,-5009.38
97.9,3.50446,3477.93,-27645.9,5822.97,1300.15,8.319,-4984.05
98.0,3.49625,3487.83,-28200.7,5291.55,1309.69,11.1233,-4966.72
98.1,3.49128,3487.94,-28575.6,4244.57,1322.07,10.7933,-4963.58
98.2,3.49428,3467.31,-28480.2,3316.26,1333.7,-1.14625,-4949.38
98.3,3.50352,3424.7,-27791.5,3085.47,1342.57,-19.3032,-4931.94
98.4,3.5117,3381.82,-27095.6,3572.73,1349.98,-34.4502,-4933.15
98.5,3.51298,3368.93,-26576.4,4274.7,1356.66,-37.6945,-4961.18
98.6,3.50683,3388.94,-26074.6,4685.21,1355.01,-15.8655,-4982.93
98.7,3.49716,3422.8,-25366.0,4500.4,1349.75,18.996,-4976.53
98.8,3.49084,3454.33,-24804.5,4059.17,1342.79,54.735,-4954.83
98.9,3.48871,3447.92,-24657.3,3862.46,1331.99,60.5998,-4946.39
99.0,3.48622,3416.48,-24607.8,4062.88,1325.45,24.5387,-4948.2
99.1,3.48292,3381.62,-24108.8,4392.61,1316.33,-27.3892,-4938.01
99.2,3.4799,3331.65,-23204.2,4350.5,1298.14,-63.2189,-4918.23
99.3,3.4809,3282.79,-22619.1,3697.59,1289.77,-59.8664,-4917.15
99.4,3.48962,3228.06,-22843.9,2855.17,1296.88,-21.3568,-4945.62
99.5,3.49921,3156.96,-23133.5,2355.96,1303.79,13.5515,-4986.62
99.6,3.5029,3110.45,-22951.0,2402.1,1306.77,28.2959,-4993.64
99.7,3.49953,3087.28,-22669.2,2807.16,1308.39,30.9144,-4965.62
99.8,3.49065,3081.51,-22724.7,3154.97,1305.52,33.3264,-4957.62
99.9,3.48401,3089.6,-23127.2,3104.54,1302.46,26.7989,-4974.02
100.0,3.48412,3083.27,-23278.2,2881.23,1296.48,11.3813,-4973.82
100.1,3.48715,3055.88,-22951.9,2752.57,1283.5,-12.8995,-4947.28
100.2,3.48926,3029.89,-22426.0,2790.56,1260.11,-37.5742,-4940.09
100.3,3.48962,3006.16,-22121.3,2991.53,1239.69,-44.3282,-4965.92
100.4,3.48807,2978.08,-22032.9,3050.39,1223.63,-33.0001,-4987.99
100.5,3.48816,2965.07,-21486.6,2777.07,1213.23,-1.52956,-4995.0
100.6,3.49096,2945.18,-20693.7,2381.14,1207.69,42.7294,-4989.43
100.7,3.49047,2923.8,-20449.5,2108.79,1210.88,72.0075,-4980.65
100.8,3.48665,2928.35,-20648.2,2259.06,1222.16,75.2631,-4987.67
100.9,3.48143,2927.16,-20966.8,2871.1,1239.22,44.9798,-4991.04
101.0,3.47726,2923.29,-20990.4,3573.99,1258.64,-1.66975,-4977.34
101.1,3.48054,2917.21,-21041.7,4134.98,1272.38,-29.3892,-4962.27
101.2,3.48806,2874.02,-21454.3,4509.64,1277.1,-36.939,-4974.17
101.3,3.49373,2837.4,-21646.1,4718.57,1268.35,-31.2434,-5011.29
101.4,3.49793,2816.65,-21298.6,5067.53,1250.58,-8.077,-5020.75
101.5,3.49753,2790.89,-20599.2,5723.13,1231.85,21.0354,-5000.59
101.6,3.4933,2789.56,-20174.1,6319.55,1220.96,32.2412,-4993.39
101.7,3.49076,2801.9,-20424.1,6727.17,1219.78,35.9095,-5001.42
101.8,3.4863,2793.62,-20417.6,6906.12,1216.4,35.2875,-5004.41
101.9,3.47957,2800.02,-19998.8,6745.3,1213.62,18.381,-4972.01
102.0,3.47637,2807.45,-19680.3,6587.72,1216.78,-8.671,-4938.91
102.1,3.47596,2780.94,-19909.1,6534.57,1223.2,-40.2855,-4951.59
102.2,3.47942,2752.58,-20423.0,6303.92,1225.62,-63.9338,-4986.62
102.3,3.48639,2711.98,-20678.6,5807.72,1226.36,-61.2765,-4994.85
102.4,3.4893,2666.06,-20741.7,4954.09,1225.37,-32.8097,-4981.28
102.5,3.48826,2658.81,-21181.3,3777.18,1228.58,7.02175,-4984.13
102.6,3.48789,2662.64,-22153.6,2831.37,1235.08,48.8652,-5002.52
102.7,3.48641,2656.83,-22890.2,2382.77,1239.33,63.488,-5005.04
102.8,3.48696,2673.55,-22847.6,2396.5,1246.14,40.6075,-4980.07
102.9,3.48911,2679.14,-22638.8,2692.83,1254.71,-3.25775,-4948.18
103.0,3.48858,2685.66,-22620.1,2906.1,1261.84,-39.8055,-4954.41
103.1,3.48929,2714.45,-22643.4,2808.23,1264.53,-58.5003,-4982.3
103.2,3.49337,2729.64,-22482.9,2717.09,1268.4,-50.431,-4984.77
103.3,3.49961,2737.78,-22096.4,3080.8,1275.0,-20.0875,-4975.0
103.4,3.50407,2744.06,-22261.7,3937.04,1279.5,-0.2345,-4972.03
103.5,3.50143,2761.36,-23279.2,4998.23,1284.2,2.26025,-4977.09
103.6,3.49089,2795.34,-24357.0,5596.99,1285.09,1.32925,-4977.3
103.7,3.47949,2840.43,-25194.2,5268.55,1290.31,6.06962,-4950.91
103.8,3.47436,2860.94,-25887.3,4242.46,1298.55,12.1941,-4928.0
103.9,3.47726,2844.38,-26701.9,3183.56,1306.39,4.80025,-4940.23
104.0,3.48462,2803.14,-27447.5,2716.1,1313.51,-19.4497,-4970.48
104.1,3.49048,2758.3,-27476.5,2878.1,1316.16,-50.5425,-4986.32
104.2,3.49279,2732.53,-26906.8,3139.39,1311.76,-64.7001,-4976.19
104.3,3.49382,2726.15,-26165.2,2969.08,1306.55,-45.3962,-4972.2
104.4,3.49561,2725.74,-25388.3,2365.99,1305.8,3.0535,-4982.77
104.5,3.49767,2732.6,-24713.5,1946.47,1307.52,54.691,-4966.83
104.6,3.49713,2740.04,-23995.5,2329.67,1306.19,67.7608,-4928.78
104.7,3.49183,2752.77,-23374.2,3547.82,1298.83,31.3508,-4906.61
104.8,3.48498,2772.57,-22966.4,4958.21,1293.4,-25.7147,-4913.77
104.9,3.48122,2782.03,-22458.9,5715.78,1284.56,-67.7588,-4930.13
105.0,3.48335,2778.1,-21984.9,5605.18,1276.54,-66.3054,-4934.92
105.1,3.48921,2752.76,-22250.7,5100.05,1267.91,-39.5145,-4938.65
105.2,3.49182,2717.9,-23203.8,4737.4,1260.97,-24.0362,-4970.46
105.3,3.48996,2700.75,-24086.8,4659.13,1259.99,-21.2033,-5004.96
105.4,3.48513,2685.37,-24107.3,4526.22,1257.72,-14.0896,-4996.42
105.5,3.47884,2671.73,-23299.1,3790.59,1251.32,2.25062,-4960.35
105.6,3.47539,2660.48,-22508.4,2474.88,1246.38,27.407,-4942.83
105.7,3.47541,2637.3,-21763.5,1326.91,1248.13,49.882,-4962.61
105.8,3.47648,2607.0,-20679.7,1043.24,1244.31,45.6905,-4971.03
105.9,3.47979,2580.57,-19296.9,1850.77,1240.32,11.0229,-4943.09
106.0,3.4847,2543.29,-18238.1,3240.6,1232.9,-33.7445,-4926.81
106.1,3.48959,2511.01,-18289.1,4249.22,1219.8,-54.7677,-4945.5
106.2,3.49471,2495.27,-18818.4,4414.67,1210.34,-31.4797,-4979.72
106.3,3.49792,2487.34,-18956.5,4138.8,1204.79,19.5487,-4987.58
106.4,3.49751,2497.71,-18989.5,4102.91,1203.64,53.5967,-4965.47
106.5,3.49448,2522.23,-19701.2,4655.05,1205.61,42.955,-4961.0
106.6,3.48929,2547.96,-20968.1,5533.92,1213.22,12.3435,-4994.09
106.7,3.48448,2575.48,-21692.1,6062.95,1226.89,-7.67225,-5018.66
106.8,3.48199,2592.28,-21523.7,5969.92,1234.49,-5.504,-4992.36
106.9,3.48084,2591.9,-21173.3,5632.92,1235.33,8.7995,-4962.17
107.0,3.48072,2578.71,-21312.4,5593.7,1232.89,12.4108,-4981.02
107.1,3.48149,2550.38,-21702.3,6093.34,1219.36,1.51425,-5010.59
107.2,3.48288,2508.95,-21365.8,6873.14,1207.83,-9.75,-5007.0
107.3,3.48292,2461.48,-20336.6,7247.54,1198.19,-15.001,-4978.57
107.4,3.48159,2425.2,-19685.2,6884.75,1196.81,-1.15525,-4970.15
107.5,3.47993,2395.13,-19686.7,6099.16,1201.82,26.8528,-4997.93
107.6,3.47854,2372.72,-19727.0,5544.75,1210.63,45.6138,-5016.33
107.7,3.48099,2359.62,-19362.1,5818.31,1228.79,38.6399,-4993.91
107.8,3.48577,2334.7,-19148.9,6755.51,1242.46,1.13925,-4960.25
107.9,3.48972,2314.47,-19878.8,7509.39,1245.97,-39.0438,-4958.57
108.0,3.49208,2308.05,-21127.5,7437.12,1239.99,-45.0804,-4984.71
108.1,3.49132,2307.2,-22023.7,6478.32,1225.74,-19.4604,-4991.56
108.2,3.49011,2322.84,-22434.6,5262.51,1208.02,12.6342,-4973.1
108.3,3.49089,2337.23,-23231.2,4575.05,1194.1,24.9071,-4970.42
108.4,3.49155,2345.92,-24640.5,4546.04,1189.42,11.3804,-5007.52
108.5,3.49074,2364.34,-25637.9,4618.14,1189.8,-11.4506,-5042.72
108.6,3.48723,2386.08,-25270.6,4115.62,1196.88,-24.0125,-5027.56
108.7,3.48213,2419.25,-24100.1,2891.37,1210.09,-9.93844,-4978.82
108.8,3.48092,2457.4,-23294.8,1601.9,1224.23,21.1493,-4959.06
108.9,3.48501,2473.23,-23275.1,1104.3,1245.33,33.8768,-4974.97
109.0,3.49215,2477.84,-23206.2,1872.63,1266.9,23.5163,-4980.83
109.1,3.49733,2469.28,-22669.5,3567.34,1279.46,-1.53747,-4951.96
109.2,3.49474,2465.15,-22692.4,5181.21,1287.5,-26.9912,-4919.62
109.3,3.48784,2488.67,-23886.4,5880.87,1297.31,-32.4698,-4939.39
109.4,3.48343,2507.05,-25765.4,5678.44,1302.03,-12.7492,-4982.92
109.5,3.48437,2508.36,-27266.5,5117.06,1303.15,3.45444,-4990.13
109.6,3.4914,2496.8,-28020.7,4752.04,1296.81,-7.2335,-4963.67
109.7,3.4998,2469.11,-28866.8,4798.04,1296.63,-31.4806,-4949.25
109.8,3.50262,2451.23,-29831.5,4733.96,1301.81,-50.7684,-4973.5
109.9,3.501,2473.66,-29949.0,4080.87,1304.88,-41.9519,-4994.15
110.0,3.49851,2509.34,-29021.5,2949.72,1305.14,-8.92612,-4962.05
110.1,3.49556,2548.02,-27635.5,1729.45,1304.3,19.0241,-4925.12
110.2,3.49521,2591.31,-26904.4,952.451,1301.97,26.072,-4929.13
110.3,3.494,2607.28,-26495.5,886.037,1301.41,13.695,-4962.05
110.4,3.48891,2619.53,-25601.7,1284.63,1296.35,-3.8365,-4961.33
110.5,3.48404,2631.04,-24392.5,1839.97,1283.5,-17.367,-4922.09
110.6,3.48094,2623.52,-23896.1,2360.81,1270.27,-27.6155,-4906.56
110.7,3.48203,2614.78,-24438.6,2707.67,1259.14,-34.0267,-4936.7
110.8,3.48867,2592.48,-25365.5,2975.94,1253.81,-32.4645,-4956.84
110.9,3.49371,2546.32,-25904.2,3197.15,1250.14,-28.0853,-4940.31
111.0,3.49394,2516.72,-26382.7,3223.48,1249.48,-27.5233,-4924.1
111.1,3.49154,2499.28,-27125.3,2945.08,1252.33,-28.9135,-4952.9
111.2,3.48848,2485.74,-27387.4,2299.2,1251.58,-23.6195,-5001.01
111.3,3.48847,2484.38,-26412.9,1366.08,1238.96,-11.5475,-5005.45
111.4,3.49197,2481.54,-24507.6,576.951,1220.94,4.05325,-4971.05
111.5,3.49473,2474.04,-23100.0,221.543,1207.81,9.90175,-4948.81
111.6,3.49599,2482.64,-22681.5,362.501,1206.3,5.9705,-4964.18
111.7,3.49606,2490.97,-22313.6,845.659,1206.75,-0.079,-4975.31
111.8,3.49438,2499.32,-21418.0,1350.52,1206.69,-2.21725,-4943.44
111.9,3.49259,2516.2,-20452.9,1709.87,1201.74,3.0185,-4912.74
112.0,3.49058,2528.44,-20296.6,2027.59,1197.67,10.0177,-4934.76
112.1,3.48748,2533.5,-20811.1,2445.74,1194.93,11.335,-4986.54
112.2,3.48499,2533.86,-21134.0,3100.26,1187.41,4.959,-5006.92
112.3,3.48283,2517.27,-21018.2,3864.16,1182.35,-9.8615,-4991.86
112.4,3.48147,2495.58,-21276.5,4333.56,1177.49,-25.4603,-4978.66
112.5,3.48284,2476.73,-21742.8,4462.25,1183.17,-15.9097,-5003.07
112.6,3.48616,2447.77,-21781.1,4407.8,1187.66,6.63062,-5014.41
112.7,3.48976,2421.77,-21089.6,4433.58,1183.6,18.9157,-4976.83
112.8,3.49314,2395.38,-20430.7,4803.25,1173.19,17.4745,-4934.82
112.9,3.49298,2366.49,-20688.1,5358.16,1172.44,5.53619,-4943.46
113.0,3.49038,2360.29,-21446.1,5711.78,1180.94,-3.78772,-4986.95
113.1,3.48849,2357.15,-21724.0,5711.51,1188.12,-4.69164,-5004.33
113.2,3.48676,2346.81,-21390.1,5501.15,1192.9,-0.440089,-4990.34
113.3,3.48629,2343.6,-21027.2,5342.86,1195.59,0.828844,-4994.79
113.4,3.48708,2331.0,-21374.4,5386.29,1199.61,-9.22091,-5014.98
113.5,3.48631,2312.38,-21787.9,5499.88,1206.54,-17.6777,-5023.55
113.6,3.48446,2297.7,-21929.4,5235.01,1208.92,-21.6715,-4992.15
113.7,3.4819,2282.77,-22051.4,4431.72,1208.22,-10.3514,-4954.94
113.8,3.48004,2266.38,-22456.7,3259.96,1202.27,12.2412,-4957.37
113.9,3.47948,2245.19,-23145.4,2123.5,1190.99,27.9086,-4977.91
114.0,3.47998,2216.7,-23694.0,1428.42,1179.46,27.4915,-4986.02
114.1,3.48029,2183.42,-24084.6,1176.99,1173.15,10.8991,-4987.63
114.2,3.48039,2156.33,-24839.0,996.103,1172.66,-8.87412,-5000.13
114.3,3.482,2136.24,-25923.0,547.598,1175.62,-16.013,-5023.92
114.4,3.48498,2118.69,-26773.7,-321.76,1190.67,-10.1681,-5030.83
114.5,3.49004,2112.17,-26780.7,-1336.25,1209.08,7.36225,-5011.9
114.6,3.49591,2108.92,-26413.3,-1922.28,1231.68,28.444,-4978.15
114.7,3.4987,2114.83,-26258.8,-1732.75,1252.96,38.3215,-4960.53
114.8,3.49756,2140.12,-26382.5,-842.746,1270.18,32.6637,-4964.03
114.9,3.49387,2173.55,-26443.5,484.59,1281.09,24.1815,-4964.2
115.0,3.48826,2205.78,-26089.5,1683.31,1286.36,10.218,-4959.3
115.1,3.48498,2239.11,-26013.1,2453.41,1289.74,-0.8905,-4951.07
115.2,3.48429,2242.75,-26568.1,2792.87,1285.89,-10.7797,-4959.6
115.3,3.48456,2235.85,-27449.8,2837.27,1276.96,-19.81,-4979.59
115.4,3.48705,2228.32,-28152.9,2671.13,1271.78,-31.4505,-4978.68
115.5,3.49033,2212.14,-28555.8,2313.46,1270.69,-37.362,-4956.55
115.6,3.49271,2205.27,-28872.7,1687.08,1276.2,-25.7615,-4945.87
115.7,3.49301,2206.88,-29346.2,759.907,1283.21,-3.93975,-4950.4
115.8,3.48997,2217.57,-29213.0,-318.426,1284.75,14.6488,-4961.55
115.9,3.48594,2236.32,-28380.6,-1314.1,1282.83,25.7078,-4948.83
116.0,3.48455,2245.96,-27361.2,-1926.36,1285.96,28.1297,-4926.35
116.1,3.48552,2233.1,-26613.2,-2128.56,1282.69,14.081,-4929.87
116.2,3.488,2215.25,-26013.9,-2083.49,1278.76,-10.6176,-4950.67
116.3,3.49114,2195.8,-25313.2,-1795.48,1278.9,-20.2404,-4946.51
116.4,3.49321,2179.27,-24632.6,-1278.15,1282.74,-17.5269,-4922.98
116.5,3.49464,2179.1,-24601.5,-614.805,1291.8,-20.8143,-4916.44
116.6,3.4952,2179.26,-25242.5,49.9099,1292.61,-29.1524,-4936.92
116.7,3.49273,2183.31,-25872.1,535.94,1292.23,-26.1502,-4953.88
116.8,3.4882,2199.37,-26176.2,632.525,1289.83,-15.5314,-4943.22
116.9,3.48408,2215.71,-25959.8,424.027,1280.83,-7.84587,-4944.61
117.0,3.4814,2219.18,-25551.2,156.296,1265.51,-6.36556,-4965.87
117.1,3.48069,2213.48,-24695.2,-133.292,1244.68,-14.2274,-4984.92
117.2,3.48297,2201.77,-23370.7,-447.709,1224.82,-19.2244,-4974.99
117.3,3.48612,2178.37,-21973.1,-806.653,1206.98,-11.9739,-4950.79
117.4,3.48851,2156.66,-21001.2,-1186.67,1200.34,2.9707,-4944.88
117.5,3.4904,2142.3,-20492.6,-1413.74,1204.72,17.0353,-4950.68
117.6,3.49114,2129.9,-20158.8,-1273.91,1208.2,26.7442,-4943.25
117.7,3.49014,2122.48,-19843.8,-850.944,1206.25,22.0728,-4929.6
117.8,3.48828,2125.73,-19877.7,-318.644,1202.41,10.0477,-4931.36
117.9,3.48633,2126.55,-20132.4,144.686,1197.47,-0.2865,-4959.35
118.0,3.48553,2127.01,-20220.5,538.594,1193.76,-3.47969,-4984.46
118.1,3.48741,2124.47,-19877.2,1040.8,1194.56,-3.32525,-4986.93
118.2,3.49091,2112.03,-19501.0,1849.42,1197.85,-4.34925,-4978.2
118.3,3.49272,2099.81,-19481.9,2901.84,1198.43,-7.10337,-4979.0
118.4,3.49204,2095.66,-19558.1,3917.05,1202.2,-8.42488,-4986.98
118.5,3.48944,2095.41,-19323.1,4627.6,1202.89,-4.22988,-4973.28
118.6,3.48594,2094.64,-18949.2,4816.0,1195.56,-1.28062,-4940.38
118.7,3.48399,2092.3,-18823.1,4618.44,1189.62,0.5905,-4934.32
118.8,3.48279,2075.82,-19074.4,4355.04,1180.72,-0.8385,-4961.34
118.9,3.48299,2063.76,-19210.9,4439.11,1176.6,-2.386,-4990.1
119.0,3.48405,2042.67,-19025.4,4812.48,1173.56,-23.6903,-4992.96
119.1,3.48498,2026.99,-18940.8,5169.38,1177.33,-43.7293,-4989.87
119.2,3.48585,2009.46,-19566.1,5075.85,1187.83,-42.6488,-4998.98
119.3,3.48476,1991.98,-20541.8,4305.94,1198.59,-20.557,-5012.3
119.4,3.48452,1984.02,-21340.2,3211.02,1203.96,13.7465,-4999.57
119.5,3.4856,1958.91,-21705.8,2298.35,1206.19,29.8745,-4974.2
119.6,3.4863,1929.4,-22039.2,1776.86,1199.79,19.009,-4965.37
119.7,3.48675,1909.07,-22766.0,1531.73,1191.88,-2.21875,-4976.58
119.8,3.48486,1890.4,-23693.4,1124.67,1190.68,-21.337,-4994.87
119.9,3.48266,1894.01,-24500.9,197.677,1191.45,-26.1815,-5005.17
120.0,3.48495,1903.69,-25347.3,-997.084,1194.55,-8.7835,-5005.94
120.1,3.49022,1900.93,-26428.5,-1978.02,1205.77,15.08,-5008.85
120.2,3.49695,1910.88,-27526.0,-2347.41,1225.17,31.4188,-5016.82
120.3,3.50221,1923.03,-28132.7,-2037.67,1242.61,33.4268,-5012.67
120.4,3.49983,1947.69,-27998.4,-1451.52,1252.12,26.8965,-4991.11
120.5,3.49346,2012.15,-27640.6,-927.812,1259.72,32.0491,-4966.59
120.6,3.489,2071.05,-27503.3,-365.792,1267.06,42.705,-4962.14
120.7,3.48674,2107.13,-27663.9,400.629,1269.56,33.5692,-4968.23
120.8,3.48824,2131.5,-27604.6,1491.12,1269.17,3.398,-4968.43
120.9,3.49029,2121.96,-27275.0,2748.49,1261.92,-28.4513,-4953.56
121.0,3.48949,2107.4,-27038.4,3600.04,1251.06,-45.5701,-4940.8
121.1,3.49039,2105.4,-26982.1,3727.76,1245.94,-39.2244,-4950.25
121.2,3.49419,2090.64,-27085.6,3355.9,1245.13,-9.99037,-4957.52
121.3,3.49792,2077.26,-27143.5,2768.54,1246.63,17.2237,-4948.74
121.4,3.49969,2078.3,-27114.6,2218.46,1242.65,24.8617,-4939.93
121.5,3.49733,2084.75,-26995.1,1825.22,1239.65,19.7921,-4944.89
121.6,3.49197,2107.28,-26784.8,1393.11,1235.03,9.69153,-4946.78
121.7,3.48934,2133.38,-26667.4,765.624,1232.85,-4.24681,-4933.26
121.8,3.4914,2144.77,-26895.4,102.9,1246.58,-12.4448,-4925.99
121.9,3.49629,2147.12,-27590.2,-466.177,1261.94,-16.4639,-4932.38
122.0,3.50124,2153.71,-28415.7,-646.984,1274.15,-9.96872,-4941.09
122.1,3.50231,2162.18,-28732.7,-365.517,1284.14,-4.28631,-4946.07
122.2,3.49984,2191.72,-28484.2,215.143,1296.23,1.58506,-4947.34
122.3,3.49766,2220.72,-28009.1,839.539,1302.29,6.83406,-4952.44
122.4,3.49394,2234.73,-27633.1,1316.42,1302.76,12.5596,-4964.56
122.5,3.48879,2253.24,-26892.5,1554.17,1295.47,13.3593,-4981.71
122.6,3.48406,2260.58,-25737.2,1692.95,1282.62,4.216,-4974.75
122.7,3.48032,2248.24,-24119.1,1835.46,1267.81,-11.6956,-4955.07
122.8,3.4811,2225.69,-22673.1,2014.1,1250.08,-21.7236,-4938.41
122.9,3.48665,2180.03,-21708.9,2237.03,1240.16,-22.4855,-4936.25
123.0,3.49206,2126.2,-21179.4,2327.27,1230.69,-16.9514,-4936.7
123.1,3.49587,2095.87,-20575.4,2265.2,1224.16,2.51988,-4941.78
123.2,3.4965,2072.86,-20405.7,2158.55,1219.0,28.5101,-4935.03
123.3,3.49352,2068.15,-21013.3,2090.51,1212.64,45.978,-4939.44
123.4,3.49169,2080.6,-22060.2,2230.34,1207.16,46.6035,-4969.94
123.5,3.49088,2080.72,-22832.3,2622.84,1204.57,29.227,-4994.32
123.6,3.49031,2084.96,-22819.2,3061.15,1205.82,1.172,-4988.35
123.7,3.48996,2088.84,-22325.8,3288.97,1204.63,-26.645,-4970.02
123.8,3.4896,2088.87,-21707.6,3371.14,1207.27,-30.5993,-4973.27
123.9,3.49033,2086.97,-21084.6,3452.31,1209.44,-15.7075,-4979.4
124.0,3.49364,2080.67,-20277.4,3915.55,1210.71,6.02,-4964.14
124.1,3.49597,2058.03,-19510.2,4778.79,1210.62,11.117,-4936.62
124.2,3.49383,2047.77,-19074.7,5615.97,1214.14,3.01825,-4932.82
124.3,3.48821,2043.67,-18978.2,5897.87,1210.02,-4.0485,-4952.61
124.4,3.4802,2038.62,-18948.2,5411.73,1196.96,-2.27725,-4966.12
124.5,3.4763,2038.0,-18734.7,4633.66,1182.71,9.2855,-4970.8
124.6,3.47952,2006.39,-18875.5,4219.49,1169.97,0.21575,-4974.07
124.7,3.4863,1959.44,-19482.9,4502.34,1171.61,-30.974,-4991.22
124.8,3.49272,1916.62,-20303.6,5032.27,1181.61,-66.3194,-5003.09
124.9,3.49464,1884.13,-20820.3,5149.06,1189.53,-72.7974,-4991.94
125.0,3.49216,1877.24,-21020.9,4458.2,1197.07,-40.2724,-4968.43
125.1,3.49024,1882.96,-21449.5,3131.64,1201.24,-0.540625,-4953.33
125.2,3.49064,1883.9,-22261.6,1911.87,1202.1,30.2652,-4961.96
125.3,3.49166,1875.21,-22993.1,1243.26,1193.73,32.7324,-4982.27
125.4,3.49029,1871.14,-23050.6,1152.94,1186.42,11.8789,-4996.51
125.5,3.48638,1871.37,-23093.5,1248.69,1182.34,-16.1847,-4986.88
125.6,3.48181,1877.9,-23664.1,1069.66,1180.41,-33.6021,-4989.48
125.7,3.48223,1890.0,-24733.7,634.878,1190.15,-23.4511,-5016.07
125.8,3.48908,1883.77,-25815.7,314.724,1209.3,-2.23875,-5022.14
125.9,3.49666,1866.99,-26395.9,349.393,1219.9,4.16337,-4991.93
126.0,3.50022,1863.42,-26843.9,750.901,1230.67,2.05298,-4959.15
126.1,3.49721,1875.42,-27511.1,1260.15,1240.38,7.00016,-4958.25
126.2,3.48994,1908.37,-28264.4,1460.68,1247.77,14.7977,-4971.66
126.3,3.4864,1951.09,-28896.4,1386.4,1246.96,22.1688,-4964.21
126.4,3.48754,1969.63,-29305.5,1334.67,1240.72,19.1553,-4955.4
126.5,3.49014,1976.98,-29737.6,1471.05,1233.57,0.60075,-4968.04
126.6,3.49226,1978.19,-29752.6,1696.47,1226.06,-28.5467,-4994.54
126.7,3.49187,1969.09,-28925.7,1697.72,1218.58,-49.5971,-4995.81
126.8,3.49257,1971.28,-27703.2,1323.24,1216.2,-38.0836,-4962.66
126.9,3.49767,1966.07,-26907.0,761.057,1217.61,-5.46588,-4939.47
127.0,3.50332,1956.37,-27057.5,447.588,1224.79,24.2351,-4940.47
127.1,3.5045,1964.32,-27395.2,538.356,1224.0,28.6104,-4944.5
127.2,3.4995,1993.62,-27269.5,961.54,1223.88,17.5004,-4928.35
127.3,3.49105,2034.28,-26943.1,1350.16,1223.6,2.69762,-4911.32
127.4,3.48583,2071.71,-27154.1,1351.71,1225.99,-14.666,-4924.42
127.5,3.48819,2088.72,-27977.9,1050.75,1232.1,-26.2558,-4964.17
127.6,3.49491,2080.29,-28551.2,671.733,1236.55,-31.9993,-4992.64
127.7,3.50017,2070.64,-28742.1,398.019,1243.61,-33.5675,-4978.64
127.8,3.50082,2071.63,-28732.8,250.852,1251.63,-29.9013,-4963.15
127.9,3.49765,2082.75,-28683.4,37.6107,1260.05,-16.6798,-4974.37
128.0,3.49566,2100.39,-28276.9,-321.899,1260.38,9.34625,-4978.56
128.1,3.49535,2104.98,-27095.6,-811.045,1253.46,28.213,-4951.74
128.2,3.49467,2106.45,-25558.8,-1305.62,1239.99,29.9303,-4921.48
128.3,3.49217,2110.33,-24373.3,-1646.18,1228.84,20.7365,-4924.85
128.4,3.48918,2112.32,-23537.6,-1647.87,1233.29,11.6108,-4954.6
128.5,3.4887,2110.35,-22847.1,-1355.42,1243.72,-2.00375,-4961.53
128.6,3.49325,2099.5,-22240.5,-804.199,1246.03,-14.0245,-4949.1
128.7,3.49837,2074.15,-22014.9,-124.117,1237.39,-15.4998,-4950.28
128.8,3.50002,2063.91,-22168.6,525.002,1234.48,-1.88625,-4969.12
128.9,3.49772,2066.89,-22370.3,1026.5,1231.18,12.9978,-4968.4
129.0,3.49273,2074.07,-22368.9,1412.99,1221.95,24.1213,-4947.69
129.1,3.48904,2080.5,-22679.8,1711.05,1210.56,28.1458,-4930.4
129.2,3.48751,2073.31,-23314.5,1877.32,1204.33,17.5282,-4944.34
129.3,3.48735,2061.57,-23823.7,1859.93,1199.62,1.5385,-4966.66
129.4,3.48796,2049.05,-23717.8,1716.15,1193.19,-6.52112,-4967.2
129.5,3.48895,2034.14,-22871.0,1528.34,1188.83,-9.11487,-4964.02
129.6,3.4913,2019.76,-22071.4,1430.1,1186.11,-7.54588,-4965.86
129.7,3.49455,1999.92,-21620.2,1474.08,1191.18,-4.43925,-4974.69
129.8,3.4961,1981.71,-21076.7,1564.15,1201.95,0.55475,-4980.81
129.9,3.49446,1973.62,-20473.2,1480.18,1212.99,6.099,-4961.48
130.0,3.49005,1971.43,-20074.2,1267.85,1220.55,17.0701,-4936.78
130.1,3.48388,1963.92,-20269.0,1009.17,1226.23,20.9077,-4935.15
130.2,3.48049,1956.52,-20978.7,950.328,1231.54,15.5439,-4951.0
130.3,3.48161,1926.85,-21692.2,1132.61,1224.82,-7.57731,-4959.79
130.4,3.48541,1887.98,-22168.8,1461.45,1216.15,-29.2998,-4963.53
130.5,3.49003,1850.5,-22511.9,1718.22,1209.9,-37.1228,-4978.96
130.6,3.49235,1816.19,-23127.5,1753.13,1206.36,-32.9686,-4996.08
130.7,3.49251,1802.24,-23948.1,1516.7,1206.89,-22.8428,-5004.38
130.8,3.49199,1796.17,-24410.3,1048.43,1207.17,-12.4744,-5005.52
130.9,3.49036,1791.73,-24398.3,390.947,1208.22,-3.70237,-4992.9
131.0,3.48822,1795.7,-24237.7,-434.584,1206.6,3.02537,-4968.92
131.1,3.48646,1798.28,-23987.9,-1193.66,1200.02,10.2247,-4959.78
131.2,3.4838,1791.75,-23710.2,-1782.38,1189.58,4.72038,-4963.12
131.3,3.48272,1790.94,-23340.4,-2114.54,1183.94,-5.24438,-4963.76
131.4,3.48572,1775.62,-23040.1,-2185.78,1191.17,-13.2376,-4963.64
131.5,3.48967,1749.17,-23389.0,-2102.49,1204.93,-12.7351,-4968.07
131.6,3.49275,1728.4,-24498.4,-1998.22,1220.36,-7.51412,-4983.29
131.7,3.49237,1712.19,-25575.8,-1800.17,1231.69,3.49813,-5002.86
131.8,3.48917,1709.1,-26238.0,-1369.55,1232.87,18.3307,-4992.97
131.9,3.48665,1711.18,-26450.0,-683.059,1227.4,17.7332,-4968.15
132.0,3.48582,1706.52,-26947.3,43.1853,1224.75,-6.64625,-4953.13
132.1,3.48678,1707.75,-27536.0,528.061,1219.84,-27.9713,-4966.33
132.2,3.489,1706.33,-27553.7,696.118,1210.91,-29.1257,-4979.8
132.3,3.48955,1706.2,-26604.4,683.308,1199.21,-22.7555,-4969.82
132.4,3.49032,1719.78,-25223.0,701.853,1194.63,-22.9653,-4954.12
132.5,3.49368,1730.21,-24433.1,951.926,1205.63,-23.4185,-4957.18
132.6,3.49677,1730.04,-24154.8,1210.32,1218.22,-21.3062,-4979.63
132.7,3.49777,1743.52,-23724.3,1161.4,1227.55,-16.5035,-4987.1
132.8,3.49511,1758.1,-23047.7,768.161,1227.85,-5.67875,-4958.91
132.9,3.4886,1777.84,-22599.7,91.4982,1228.07,0.11025,-4934.68
133.0,3.48346,1803.72,-22976.3,-730.054,1226.69,-7.3935,-4939.44
133.1,3.48422,1811.2,-23676.2,-1364.43,1221.17,-14.5813,-4959.76
133.2,3.4888,1796.78,-24078.9,-1636.78,1218.71,-17.0907,-4960.75
133.3,3.49407,1783.32,-24242.7,-1591.5,1219.52,-20.6619,-4947.98
133.4,3.49668,1772.96,-24906.7,-1253.51,1224.16,-17.9018,-4952.32
133.5,3.49461,1772.76,-26042.8,-722.354,1233.05,-2.90925,-4983.3
133.6,3.49123,1788.54,-26932.9,-211.191,1237.67,9.729,-5000.13
133.7,3.49066,1802.91,-27084.4,257.189,1238.74,13.872,-4979.63
133.8,3.49195,1801.46,-26659.7,550.038,1233.67,2.08875,-4955.71
133.9,3.49245,1799.22,-26241.6,453.808,1223.89,-18.6409,-4953.32
134.0,3.49167,1801.15,-25544.7,-98.4734,1217.54,-33.6166,-4968.05
134.1,3.48989,1805.06,-24352.1,-1027.81,1216.93,-34.3651,-4962.85
134.2,3.49033,1817.15,-22861.8,-2176.04,1219.37,-24.5443,-4941.55
134.3,3.49535,1822.5,-21517.9,-3097.37,1223.84,0.902812,-4941.72
134.4,3.49989,1815.68,-20618.5,-3418.75,1232.15,32.6409,-4958.54
134.5,3.49931,1816.52,-20050.2,-3054.64,1233.28,51.1814,-4957.43
134.6,3.49278,1825.96,-19709.5,-2163.74,1226.66,46.9512,-4939.01
134.7,3.48311,1834.01,-19962.0,-1218.83,1216.25,25.5225,-4925.94
134.8,3.47738,1836.71,-20963.0,-634.467,1208.71,3.34825,-4933.84
134.9,3.47905,1813.18,-22319.9,-381.467,1202.21,-8.91053,-4950.82
135.0,3.48486,1766.36,-23591.0,-147.378,1197.14,-17.103,-4958.46
135.1,3.49013,1719.78,-24455.7,278.739,1194.62,-32.0519,-4968.62
135.2,3.49264,1687.01,-24937.3,948.59,1189.69,-37.5923,-4986.12
135.3,3.49256,1669.87,-24746.6,1536.85,1187.47,-26.8827,-5004.93
135.4,3.4923,1669.5,-23950.2,1593.22,1191.19,-6.28662,-4997.99
135.5,3.49304,1673.77,-22715.0,1114.58,1194.93,24.2721,-4974.78
135.6,3.49128,1671.77,-21412.9,339.137,1197.88,47.2009,-4958.77
135.7,3.48697,1681.95,-20294.7,-301.1,1206.04,50.902,-4950.46
135.8,3.48262,1684.18,-19426.3,-486.895,1216.11,29.1801,-4937.9
135.9,3.47942,1668.63,-18989.9,-295.483,1217.23,-8.56325,-4925.11
136.0,3.47989,1647.92,-19280.5,-130.578,1216.77,-40.4888,-4928.37
136.1,3.48418,1615.2,-20176.9,-302.653,1221.45,-48.6878,-4953.37
136.2,3.48895,1578.09,-21109.7,-804.217,1223.0,-27.624,-4979.47
136.3,3.49187,1550.32,-22028.1,-1343.34,1216.43,6.19275,-4979.38
136.4,3.49166,1532.17,-23116.9,-1591.28,1209.76,28.1583,-4972.11
136.5,3.48864,1529.38,-24330.1,-1698.05,1210.19,22.8585,-4983.38
136.6,3.48718,1547.59,-24972.3,-1804.87,1217.6,18.5335,-5000.08
136.7,3.48811,1556.55,-24657.7,-1934.63,1225.9,21.9215,-4987.22
136.8,3.48711,1559.56,-23764.7,-2173.78,1232.11,7.201,-4956.74
136.9,3.48603,1576.15,-23125.6,-2260.31,1232.44,-12.442,-4949.61
137.0,3.48495,1570.68,-22901.9,-2108.28,1230.49,-30.5415,-4968.41
137.1,3.48467,1566.26,-22320.5,-2032.22,1228.86,-40.86,-4982.85
137.2,3.49078,1555.13,-21257.1,-2173.83,1229.98,-31.4498,-4966.44
137.3,3.49611,1512.64,-20699.4,-2420.44,1236.4,-3.02175,-4941.82
137.4,3.49522,1496.42,-21390.4,-2649.92,1244.75,29.6465,-4952.18
137.5,3.49077,1504.84,-22594.3,-2537.68,1255.77,45.512,-4991.89
137.6,3.48401,1512.09,-23243.1,-1955.74,1263.2,36.5435,-4998.19
137.7,3.48066,1530.89,-23033.0,-1237.51,1265.62,8.05062,-4966.94
137.8,3.48482,1535.12,-22904.3,-543.003,1267.71,-17.8826,-4952.02
137.9,3.49003,1512.47,-23319.0,-39.5118,1263.14,-35.8141,-4980.93
138.0,3.49326,1510.65,-23331.4,225.917,1247.06,-45.693,-5013.68
138.1,3.49619,1520.83,-22295.9,474.884,1229.09,-45.3396,-4994.01
138.2,3.49818,1535.33,-20793.3,769.188,1218.82,-33.2892,-4948.35
138.3,3.50213,1570.98,-20051.8,990.603,1215.83,-14.1886,-4938.51
138.4,3.50647,1600.5,-20094.5,1310.84,1217.23,13.0149,-4968.01
138.5,3.50356,1632.3,-20234.9,1671.95,1217.4,26.7334,-4969.81
138.6,3.49498,1695.02,-19732.2,1906.49,1214.56,13.4199,-4941.9
138.7,3.48723,1748.04,-19137.8,2074.39,1214.64,-7.2455,-4928.43
138.8,3.48363,1769.18,-19297.4,2034.94,1219.79,-29.5068,-4946.11
138.9,3.48738,1773.84,-19840.6,1870.04,1225.58,-43.3128,-4976.34
139.0,3.49516,1744.5,-20208.1,1909.3,1231.38,-46.0794,-4978.71
139.1,3.49837,1709.22,-20412.6,2178.71,1242.31,-43.9307,-4956.01
139.2,3.49896,1709.2,-21033.1,2574.06,1252.11,-31.7558,-4942.69
139.3,3.49867,1706.18,-22394.5,2923.13,1266.41,-15.2324,-4948.37
139.4,3.4968,1716.13,-23544.8,2834.34,1277.49,-4.33731,-4960.17
139.5,3.49807,1747.34,-23809.6,2367.01,1277.42,7.81169,-4952.02
139.6,3.49867,1759.76,-23382.8,1846.36,1275.92,11.7841,-4936.4
139.7,3.49657,1788.86,-23051.7,1409.27,1272.22,-4.991,-4943.03
139.8,3.49677,1827.0,-22778.8,1127.2,1267.41,-36.0449,-4978.34
139.9,3.49888,1843.56,-22294.8,881.783,1266.82,-58.1176,-4992.48
140.0,3.50268,1865.02,-21443.0,345.198,1266.87,-57.7994,-4969.63
140.1,3.50742,1883.22,-20613.2,-368.306,1262.54,-32.7326,-4946.38
140.2,3.50672,1892.25,-20545.6,-763.817,1262.72,8.303,-4939.5
140.3,3.49998,1916.95,-21027.8,-678.215,1261.78,27.592,-4939.49
140.4,3.49267,1944.27,-21504.7,-195.225,1259.04,14.9862,-4931.32
140.5,3.48748,1944.74,-21846.1,283.875,1248.91,-5.985,-4922.0
140.6,3.48595,1933.49,-22367.1,338.961,1239.58,-15.4415,-4933.1
140.7,3.48828,1909.22,-23158.0,73.4425,1234.54,-13.6515,-4965.95
140.8,3.4921,1879.48,-23790.7,47.9168,1235.69,-8.90775,-4999.2
140.9,3.49654,1859.51,-23901.9,597.314,1239.24,-16.2302,-5007.94
141.0,3.50145,1847.39,-23540.0,1522.96,1239.73,-34.7477,-4996.9
141.1,3.50553,1846.11,-23197.9,2285.06,1240.75,-39.501,-4977.25
141.2,3.50712,1862.31,-22806.5,2374.0,1248.27,-18.4855,-4967.08
141.3,3.50665,1893.51,-22133.0,1881.02,1251.43,17.1355,-4955.04
141.4,3.50344,1929.16,-21256.3,1354.65,1250.2,40.7895,-4931.62
141.5,3.50007,1969.55,-20602.3,1289.01,1247.52,34.1598,-4916.52
141.6,3.49828,2001.2,-20504.4,1718.73,1241.24,2.6135,-4929.69
141.7,3.4986,2020.63,-20911.3,2239.57,1238.65,-29.7515,-4955.85
141.8,3.49985,2031.59,-21170.9,2405.42,1238.13,-42.326,-4975.18
141.9,3.5006,2035.36,-21327.5,2056.8,1240.4,-33.9798,-4974.79
142.0,3.50015,2035.77,-21859.1,1432.78,1245.91,-13.7297,-4970.77
142.1,3.49902,2032.89,-22721.9,862.725,1254.5,0.8395,-4982.16
142.2,3.49787,2026.37,-23420.5,484.388,1260.8,4.89925,-4987.39
142.3,3.49752,2018.81,-23460.6,367.237,1267.13,10.2755,-4967.38
142.4,3.49608,2007.78,-23073.7,238.912,1269.25,5.59188,-4939.61
142.5,3.49385,2012.8,-22992.8,-92.3046,1265.61,-2.60462,-4933.65
142.6,3.49451,2019.95,-23090.6,-399.818,1266.18,2.40738,-4962.78
142.7,3.49697,2014.65,-22927.3,-612.656,1265.82,0.171312,-4985.66
142.8,3.50298,2022.12,-22493.3,-658.264,1266.41,-9.73094,-4978.69
142.9,3.5111,2018.34,-22239.7,-453.841,1275.27,-13.7197,-4976.4
143.0,3.51354,2014.59,-22572.9,-206.544,1284.64,-7.36722,-4994.73
143.1,3.51123,2049.59,-23102.8,-56.2425,1297.63,5.82163,-5009.2
143.2,3.50745,2087.36,-23443.0,158.416,1306.02,19.3928,-4989.07
143.3,3.50269,2124.64,-23938.7,422.783,1316.41,21.294,-4953.3
143.4,3.50147,2166.06,-24841.8,704.949,1322.46,15.2322,-4950.3
143.5,3.50196,2179.84,-25879.3,983.732,1316.44,4.14578,-4972.46
143.6,3.50078,2192.51,-26195.1,1065.2,1299.45,-7.07331,-4983.09
143.7,3.50156,2216.95,-25540.4,1014.17,1273.66,-8.97612,-4975.49
143.8,3.50366,2224.23,-24438.0,969.877,1259.19,-7.64069,-4981.48
143.9,3.50675,2240.18,-23292.7,987.779,1248.19,-1.279,-5006.03
144.0,3.51208,2258.71,-22148.4,1247.66,1246.78,10.7761,-5012.48
144.1,3.51285,2268.52,-20892.6,1741.33,1256.28,18.7831,-4984.41
144.2,3.5085,2307.26,-19952.3,2177.32,1265.83,15.0524,-4942.16
144.3,3.50425,2353.58,-19857.3,2415.23,1276.51,6.74487,-4916.73
144.4,3.50184,2383.03,-20222.1,2350.53,1289.93,-1.27175,-4918.29
144.5,3.50475,2410.19,-20727.9,1947.67,1301.55,-11.6077,-4915.3
144.6,3.51095,2414.01,-21310.6,1446.34,1304.66,-22.807,-4911.21
144.7,3.51401,2412.16,-22073.2,1089.19,1306.6,-25.3568,-4940.42
144.8,3.51418,2431.39,-23224.8,951.785,1311.98,-19.7917,-4985.42
144.9,3.51326,2451.53,-24145.3,1053.46,1317.89,-11.222,-5015.06
145.0,3.51183,2472.51,-24539.4,1269.05,1325.33,-0.1155,-5009.53
145.1,3.51038,2494.3,-24716.7,1366.16,1330.76,5.539,-4982.27
145.2,3.50799,2514.05,-24844.8,1324.2,1334.52,7.0905,-4962.73
145.3,3.5042,2535.67,-24742.2,1189.49,1339.62,2.01,-4946.66
145.4,3.50141,2559.32,-24167.0,1015.95,1338.57,-15.0278,-4917.76
145.5,3.50247,2574.75,-23448.3,846.405,1328.28,-36.3887,-4892.13
145.6,3.50713,2577.76,-23210.0,592.539,1318.48,-48.846,-4901.41
145.7,3.51284,2579.85,-23807.4,171.712,1319.59,-44.1548,-4938.96
145.8,3.51541,2588.15,-24834.9,-407.36,1330.68,-25.108,-4976.32
145.9,3.51277,2607.7,-25605.7,-1072.01,1333.41,-2.4545,-4997.24
146.0,3.50662,2633.67,-25977.5,-1754.47,1335.18,11.6415,-5000.04
146.1,3.5018,2654.28,-26213.1,-2402.09,1334.92,15.2177,-4988.16
146.2,3.50165,2657.43,-26491.9,-2885.19,1332.06,15.05,-4966.68
146.3,3.50516,2640.44,-26789.4,-2961.62,1326.56,12.1581,-4943.09
146.4,3.50745,2615.71,-27166.9,-2540.96,1318.51,-3.57838,-4920.4
146.5,3.50732,2608.1,-27279.7,-1599.12,1313.05,-21.3165,-4919.86
146.6,3.50606,2606.98,-27085.8,-391.753,1303.39,-32.7014,-4936.2
146.7,3.50616,2611.05,-26637.0,678.56,1288.67,-32.6749,-4954.31
146.8,3.50886,2613.12,-26064.7,1350.68,1272.13,-20.0659,-4972.2
146.9,3.51182,2611.39,-25609.5,1729.23,1260.05,4.14875,-4988.38
147.0,3.51129,2617.74,-25198.5,1969.35,1251.73,18.9513,-4996.69
147.1,3.50883,2643.59,-24507.4,2291.2,1253.19,13.6448,-4991.69
147.2,3.50642,2669.54,-23431.8,2690.42,1263.13,-9.90381,-4968.37
147.3,3.50537,2696.12,-22304.3,2918.19,1273.74,-33.4852,-4936.29
147.4,3.50743,2720.37,-21432.1,2919.34,1287.0,-37.9067,-4923.96
147.5,3.50948,2729.39,-21073.6,2778.73,1298.77,-29.7955,-4928.51
147.6,3.50997,2738.47,-21119.7,2565.47,1301.99,-23.6046,-4937.62
147.7,3.51001,2740.51,-21402.7,2376.14,1299.03,-18.1112,-4949.85
147.8,3.50871,2731.92,-21986.4,2188.58,1291.26,-4.88053,-4967.2
147.9,3.50771,2730.7,-22588.4,1949.78,1282.52,10.3343,-4995.77
148.0,3.50625,2726.0,-22835.9,1646.06,1265.23,10.1981,-5016.31
148.1,3.50306,2724.15,-22691.7,1347.87,1248.59,1.1915,-5007.66
148.2,3.49984,2727.78,-22562.7,1069.95,1242.3,-9.02713,-4982.14
148.3,3.49953,2722.52,-22371.5,896.351,1247.56,-14.8641,-4980.07
148.4,3.50385,2708.9,-21980.2,1072.9,1262.32,-10.9875,-4983.84
148.5,3.51019,2686.99,-21339.2,1539.85,1283.1,-17.122,-4963.19
148.6,3.5135,2677.55,-20619.0,1994.1,1304.23,-27.9304,-4943.89
148.7,3.5119,2694.12,-20493.3,2087.71,1319.2,-21.3675,-4951.19
148.8,3.50773,2729.23,-21073.0,1794.06,1327.87,9.01987,-4977.57
148.9,3.50575,2769.96,-21911.7,1392.8,1329.97,36.2021,-4997.14
149.0,3.50863,2797.55,-22799.4,1364.72,1330.82,40.6805,-4998.27
149.1,3.51299,2810.47,-23906.8,1958.04,1329.01,26.1313,-5000.19
149.2,3.51328,2824.11,-25002.1,2686.44,1320.29,-8.351,-5017.4
149.3,3.50945,2858.11,-25418.7,2928.39,1309.47,-36.789,-5027.96
149.4,3.50636,2897.28,-25062.9,2497.9,1304.51,-31.72,-5002.48
149.5,3.50762,2924.35,-24235.8,1658.6,1300.44,-3.84225,-4972.31
149.6,3.5139,2939.66,-23477.4,1000.74,1300.04,19.4557,-4970.75
149.7,3.51966,2940.68,-22831.0,967.102,1308.98,25.2505,-4982.07
149.8,3.51879,2950.48,-21911.7,1501.64,1311.8,25.5397,-4975.5
149.9,3.51098,2980.35,-20963.5,1964.6,1307.61,15.8752,-4951.56
150.0,3.50202,3023.6,-20652.3,1893.04,1307.58,8.521,-4940.47
150.1,3.49899,3051.94,-20991.3,1272.48,1312.21,10.9388,-4956.25
150.2,3.50298,3048.67,-21578.1,531.983,1322.18,13.11,-4966.9
150.3,3.50851,3022.89,-22112.8,152.497,1329.85,1.73925,-4952.83
150.4,3.51096,2997.51,-22725.1,385.298,1335.92,-15.7828,-4941.38
150.5,3.5101,2984.8,-23884.3,963.941,1343.51,-27.4923,-4948.23
150.6,3.51005,2987.87,-25226.6,1379.37,1356.08,-25.277,-4966.47
150.7,3.51342,2996.34,-25854.3,1301.19,1371.0,-9.07388,-4976.36
150.8,3.51763,3009.65,-25771.0,851.793,1375.55,16.2231,-4960.01
150.9,3.51787,3032.92,-25693.6,436.058,1377.01,33.304,-4940.01
151.0,3.51311,3068.7,-25925.1,391.113,1378.04,25.8461,-4949.01
151.1,3.507,3112.29,-26209.5,657.692,1380.11,-2.71638,-4963.77
151.2,3.50473,3146.18,-25966.2,798.201,1379.41,-33.3602,-4952.96
151.3,3.50724,3159.95,-25428.8,454.069,1380.62,-41.7049,-4925.18
151.4,3.51032,3159.48,-25452.1,-338.63,1383.74,-24.5524,-4915.31
151.5,3.50946,3154.94,-26037.3,-1122.36,1383.58,0.351562,-4939.04
151.6,3.50379,3149.8,-26398.4,-1535.37,1376.17,8.09041,-4960.82
151.7,3.49747,3143.74,-25954.1,-1558.59,1366.05,2.64208,-4952.52
151.8,3.49474,3118.94,-25230.3,-1588.62,1350.43,-4.68868,-4932.32
151.9,3.49503,3077.91,-24986.2,-1932.62,1337.06,0.485539,-4937.42
152.0,3.49751,3035.84,-24933.2,-2304.71,1334.14,20.5552,-4968.59
152.1,3.49876,2990.85,-24622.4,-2142.89,1330.89,28.898,-4968.58
152.2,3.49836,2961.4,-23757.0,-1189.62,1328.54,5.58781,-4942.36
152.3,3.50047,2944.86,-23050.1,311.681,1331.37,-30.0519,-4928.84
152.4,3.5053,2923.74,-22926.8,1716.19,1329.46,-49.3027,-4943.44
152.5,3.51039,2916.35,-22763.9,2494.23,1323.91,-40.1726,-4965.08
152.6,3.51443,2924.23,-22111.6,2905.82,1311.39,-6.00737,-4961.97
152.7,3.51321,2935.5,-21412.1,3412.87,1297.33,13.7626,-4945.88
152.8,3.50818,2972.05,-20976.0,4171.46,1285.42,1.70875,-4962.64
152.9,3.50444,3009.54,-20759.1,4913.14,1275.19,-25.5206,-4993.07
153.0,3.50167,3031.58,-20074.8,5140.87,1271.75,-37.209,-4997.36
153.1,3.5008,3051.66,-19029.9,4647.53,1274.68,-25.0249,-4969.63
153.2,3.50026,3050.69,-18531.7,3946.91,1281.53,-2.0225,-4949.23
153.3,3.49706,3035.59,-18966.7,3598.78,1288.95,5.203,-4963.2
153.4,3.49399,3023.91,-19564.7,3869.02,1294.12,-2.1545,-4986.21
153.5,3.494,2993.25,-19649.7,4612.24,1293.46,-12.75,-4979.18
153.6,3.49455,2946.83,-19274.4,5323.58,1290.96,-17.0607,-4966.4
153.7,3.49501,2902.8,-19066.8,5608.74,1285.33,-16.9527,-4984.09
153.8,3.49224,2854.49,-19149.0,5539.7,1279.02,-10.6823,-5016.3
153.9,3.48893,2823.25,-19270.3,5460.48,1273.58,0.38175,-5018.27
154.0,3.49162,2798.44,-18997.2,5715.73,1275.8,0.152,-5003.06
154.1,3.50147,2765.09,-18795.6,6485.65,1285.86,-12.1628,-4989.7
154.2,3.51182,2733.61,-19139.2,7360.06,1304.15,-34.5863,-4984.21
154.3,3.51604,2733.97,-19523.9,7787.84,1322.49,-46.2832,-4990.01
154.4,3.51193,2770.55,-19559.5,7450.9,1331.8,-34.8997,-4987.18
154.5,3.50493,2835.67,-19538.7,6557.91,1330.33,-7.47125,-4970.89
154.6,3.50234,2897.0,-20172.7,5613.25,1329.94,9.995,-4967.59
154.7,3.50587,2934.32,-21518.7,5171.87,1331.5,13.6582,-4998.21
154.8,3.50979,2951.57,-22962.3,5258.7,1329.92,2.53437,-5029.89
154.9,3.50776,2977.39,-23770.8,5448.45,1325.34,-15.0696,-5031.39
155.0,3.50037,3018.8,-23823.5,5270.77,1319.96,-24.3552,-5016.65
155.1,3.49366,3063.44,-23891.5,4584.0,1326.51,-14.9438,-5005.63
155.2,3.49436,3091.75,-24225.7,3751.86,1329.33,9.538,-5003.21
155.3,3.50221,3087.93,-24277.0,3330.61,1331.29,24.0667,-5000.47
155.4,3.50997,3067.05,-23744.4,3581.67,1338.13,15.3099,-4979.94
155.5,3.51175,3056.64,-22864.8,4163.42,1343.93,-8.87088,-4955.6
155.6,3.50781,3068.7,-22409.8,4475.7,1345.91,-22.6468,-4946.43
155.7,3.50365,3099.01,-22548.8,4019.75,1347.11,-18.4401,-4958.41
155.8,3.5057,3138.06,-22741.7,2969.06,1348.5,3.53012,-4971.86
155.9,3.51498,3166.76,-22995.1,2085.0,1351.58,31.7222,-4960.36
156.0,3.52414,3186.77,-23515.2,1966.87,1355.26,38.9022,-4949.01
156.1,3.5276,3224.29,-24158.7,2668.84,1358.1,18.6552,-4966.23
156.2,3.52446,3277.95,-24728.5,3659.8,1360.08,-9.65228,-4974.71
156.3,3.51727,3344.67,-24994.7,4122.89,1365.15,-25.4156,-4951.08
156.4,3.51152,3421.1,-25272.1,3637.96,1374.59,-20.4925,-4925.32
156.5,3.50976,3479.56,-25827.3,2633.1,1387.13,3.6465,-4930.82
156.6,3.50951,3511.08,-26482.8,1891.17,1394.99,24.2178,-4944.58
156.7,3.50784,3528.09,-26648.4,1896.69,1405.99,18.4932,-4945.04
156.8,3.50453,3533.32,-26238.8,2539.2,1411.15,-4.00575,-4936.25
156.9,3.50026,3527.06,-25856.4,3133.38,1407.33,-19.8479,-4934.49
157.0,3.49788,3521.76,-25701.2,3102.32,1399.1,-12.5208,-4948.82
157.1,3.49835,3503.19,-25579.3,2479.23,1388.23,9.61963,-4956.22
157.2,3.49969,3472.45,-25342.1,1876.64,1380.86,29.8794,-4943.53
157.3,3.50085,3433.89,-25106.6,1854.61,1371.91,27.0998,-4928.98
157.4,3.50068,3384.61,-24975.3,2425.51,1361.54,-1.31387,-4934.0
157.5,3.50116,3344.57,-24991.2,3211.12,1360.48,-23.4788,-4943.39
157.6,3.50374,3309.44,-24780.7,3657.21,1360.58,-26.7537,-4944.86
157.7,3.50736,3288.97,-24178.2,3637.73,1361.58,-11.974,-4946.99
157.8,3.51143,3288.38,-23368.7,3603.11,1363.45,11.5843,-4956.71
157.9,3.51271,3294.17,-22571.9,4061.85,1363.21,23.0448,-4966.85
158.0,3.51024,3315.88,-21881.0,5087.12,1362.48,12.9738,-4968.82
158.1,3.50666,3344.39,-21224.4,6343.7,1361.47,-6.66475,-4966.51
158.2,3.5023,3366.61,-20743.6,7284.87,1356.22,-18.6117,-4960.99
158.3,3.49923,3388.42,-20628.6,7705.65,1343.88,-11.4105,-4955.29
158.4,3.49699,3392.78,-20928.0,7882.85,1329.1,0.93725,-4954.53
158.5,3.49361,3385.08,-21362.1,8132.77,1316.02,-3.04925,-4963.42
158.6,3.49103,3372.19,-21536.6,8413.39,1303.82,-26.4438,-4976.4
158.7,3.49115,3340.17,-21429.4,8504.48,1294.03,-40.1857,-4983.26
158.8,3.49381,3295.82,-21259.5,8354.92,1285.22,-17.6758,-4990.62
158.9,3.49705,3244.76,-21315.8,8155.01,1279.85,15.3395,-5003.0
159.0,3.49892,3204.41,-21326.1,8451.83,1287.99,36.2892,-5018.67
159.1,3.49915,3170.3,-21292.0,9462.69,1303.43,29.4307,-5009.15
159.2,3.49783,3144.58,-20752.5,10792.9,1316.29,-1.424,-4995.48
159.3,3.49827,3126.97,-20163.4,11824.3,1324.01,-29.7836,-4981.71
159.4,3.49996,3100.73,-19841.1,12191.0,1324.2,-39.8285,-4974.08
159.5,3.50163,3085.29,-19780.1,11968.0,1323.83,-36.8109,-4979.18
159.6,3.5042,3084.77,-19857.2,11578.7,1320.65,-33.044,-4988.53
159.7,3.50695,3088.02,-20233.2,11533.6,1308.37,-27.0016,-4989.94
159.8,3.50811,3101.66,-20864.2,11775.7,1298.66,-27.9312,-4999.8
159.9,3.50731,3129.05,-21483.9,11855.2,1294.44,-32.6349,-5022.17
160.0,3.50403,3161.44,-21686.1,11359.2,1294.19,-26.4687,-5035.13
160.1,3.49806,3199.36,-21397.1,10235.6,1295.77,-5.45544,-5024.23
160.2,3.49311,3238.16,-21031.1,8974.25,1301.16,15.4654,-5007.37
160.3,3.4923,3256.85,-21303.3,8279.74,1319.34,16.6305,-4998.69
160.4,3.49599,3256.75,-22213.7,8452.3,1344.06,-4.99632,-5001.5
160.5,3.50207,3246.75,-23028.2,9207.5,1367.03,-36.8222,-5010.11
160.6,3.50577,3235.42,-23330.4,9813.03,1378.4,-61.9171,-5007.2
160.7,3.50559,3247.65,-23634.5,9655.25,1384.51,-59.7746,-4995.31
160.8,3.50585,3280.34,-24240.0,8856.72,1383.1,-24.1578,-5004.93
160.9,3.50843,3310.89,-25099.3,7914.81,1376.75,9.97356,-5026.18
161.0,3.515,3345.93,-25858.9,7384.55,1370.62,20.4191,-5024.47
161.1,3.52215,3372.83,-26251.5,7366.43,1370.14,2.46625,-5003.86
161.2,3.5234,3413.16,-26308.3,7365.43,1366.46,-22.2424,-4995.83
161.3,3.52047,3489.87,-26281.5,6888.37,1358.83,-30.595,-4996.48
161.4,3.51678,3576.12,-26057.2,5968.38,1353.51,-19.0186,-4989.19
161.5,3.51624,3665.86,-25617.2,5027.22,1350.67,-1.92838,-4972.73
161.6,3.52114,3742.5,-25417.3,4619.92,1351.72,4.81038,-4958.08
161.7,3.52459,3788.49,-25732.6,4831.67,1351.43,-4.156,-4955.89
161.8,3.52203,3844.51,-26187.9,5287.87,1359.22,-10.8127,-4965.0
161.9,3.515,3904.57,-26603.6,5505.69,1366.1,-8.103,-4957.15
162.0,3.50702,3958.82,-27106.2,5316.77,1373.01,3.568,-4938.08
162.1,3.50375,4002.19,-27792.6,4758.07,1377.95,7.69425,-4937.5
162.2,3.50795,4020.98,-28520.4,4263.98,1390.55,8.985,-4953.48
162.3,3.51437,4009.5,-29017.7,4113.38,1404.01,5.36075,-4954.16
162.4,3.51862,3999.86,-29462.0,4255.69,1415.27,-7.436,-4936.1
162.5,3.51938,3998.6,-29831.9,4435.36,1418.21,-22.42,-4938.11
162.6,3.51773,4012.39,-30157.7,4299.42,1414.68,-24.3918,-4954.36
162.7,3.51781,4042.58,-29631.4,3693.52,1403.02,-7.02125,-4964.4
162.8,3.52059,4068.57,-28598.2,2882.79,1385.61,18.1502,-4940.48
162.9,3.52184,4085.36,-27632.9,2301.05,1375.91,34.139,-4922.09
163.0,3.51926,4105.19,-27394.7,2310.75,1368.73,37.6818,-4929.26
163.1,3.51199,4119.34,-27522.9,2947.16,1367.02,28.7868,-4944.97
163.2,3.50268,4132.07,-27380.8,3778.47,1366.1,8.07475,-4939.85
163.3,3.49734,4139.65,-26971.9,4458.63,1370.64,-4.01312,-4921.78
163.4,3.49705,4113.89,-26816.6,4974.7,1377.28,2.485,-4925.68
163.5,3.49798,4064.24,-26886.0,5565.78,1378.57,15.3124,-4960.37
163.6,3.49791,4008.42,-26537.3,6536.36,1375.18,15.9651,-4991.19
163.7,3.49515,3945.56,-25602.9,7822.33,1367.62,0.006,-4984.81
163.8,3.49221,3896.33,-24442.4,8955.88,1360.37,-14.0149,-4971.96
163.9,3.49348,3851.09,-23741.6,9438.52,1351.5,-14.104,-4977.45
164.0,3.49847,3804.25,-23422.0,9289.79,1346.94,5.8205,-4988.63
164.1,3.50384,3763.18,-23018.6,8878.77,1332.88,25.2682,-4975.77
164.2,3.50647,3739.23,-22300.9,8864.71,1317.42,35.7304,-4955.8
164.3,3.5059,3725.56,-22021.4,9396.7,1304.15,23.3981,-4948.02
164.4,3.50535,3727.33,-22316.2,10190.8,1292.37,2.57041,-4972.71
164.5,3.50681,3725.45,-22563.0,10864.5,1280.58,-4.47169,-5009.44
164.6,3.50637,3713.75,-22475.0,11221.1,1269.84,6.90902,-5017.31
164.7,3.50164,3711.21,-22440.5,11458.9,1267.02,24.4783,-5004.0
164.8,3.4946,3705.81,-22866.5,11977.3,1277.83,28.134,-5011.07
164.9,3.48705,3680.52,-23773.3,12707.2,1289.21,5.14934,-5025.76
165.0,3.48355,3643.28,-24266.1,13262.6,1303.57,-21.534,-5024.41
165.1,3.48385,3576.95,-23913.3,13204.7,1304.61,-31.4403,-5000.2
165.2,3.48421,3508.52,-22953.7,12539.6,1296.61,-13.9239,-4985.99
165.3,3.48492,3450.24,-22049.6,11680.9,1292.44,6.5345,-4994.38
165.4,3.48603,3393.7,-21418.4,11248.7,1286.41,14.9886,-5007.38
165.5,3.48922,3345.63,-20841.7,11324.7,1285.81,4.05037,-5012.07
165.6,3.49504,3305.81,-20258.7,11542.0,1292.62,-14.2631,-5011.6
165.7,3.50027,3272.04,-20080.7,11385.6,1295.74,-24.3563,-5007.05
165.8,3.50077,3261.09,-20344.0,10559.5,1298.16,-22.0409,-5009.89
165.9,3.4996,3285.26,-20565.9,9469.65,1305.54,-5.77175,-5020.22
166.0,3.49998,3310.5,-20691.5,8733.98,1316.06,0.342375,-5010.46
166.1,3.50314,3337.23,-21154.4,8651.74,1331.68,-15.1073,-4989.17
166.2,3.50854,3358.12,-22414.6,9012.92,1345.62,-41.7783,-4989.36
166.3,3.50892,3372.37,-24223.0,9155.23,1354.78,-59.315,-5016.32
166.4,3.50231,3413.39,-25583.6,8632.63,1357.03,-46.1455,-5040.71
166.5,3.49355,3461.74,-26143.2,7630.45,1350.61,-16.058,-5033.78
166.6,3.48766,3499.33,-26297.3,6628.49,1343.1,0.9475,-5021.1
166.7,3.48961,3520.64,-26626.4,6052.42,1334.55,-2.59,-5027.83
166.8,3.49613,3508.21,-26895.9,5935.97,1336.34,-19.7288,-5042.41
166.9,3.50012,3496.75,-26519.9,5825.09,1339.57,-36.9432,-5028.81
167.0,3.50127,3512.41,-25621.6,5404.7,1341.3,-37.7472,-4988.87
167.1,3.50218,3541.69,-25169.4,4972.16,1348.72,-13.6892,-4958.57
167.2,3.50549,3581.45,-25236.4,4865.37,1356.78,2.9925,-4971.69
167.3,3.51324,3630.12,-25106.1,5305.15,1358.84,-4.77225,-4993.77
167.4,3.52119,3671.53,-24607.1,6214.81,1359.96,-20.4025,-4973.06
167.5,3.52212,3720.01,-24096.1,6891.95,1361.68,-34.8755,-4947.95
167.6,3.51773,3794.08,-24536.2,6810.59,1365.98,-36.363,-4954.83
167.7,3.51261,3863.48,-25707.5,6088.74,1373.89,-19.8197,-4979.73
167.8,3.51059,3925.85,-26786.2,5173.03,1389.01,-0.686875,-4976.72
167.9,3.51472,3978.63,-27483.3,4553.4,1408.58,3.25975,-4944.39
168.0,3.51951,4002.24,-28208.6,4427.3,1426.34,-7.3195,-4926.57
168.1,3.51637,4024.27,-29219.5,4432.59,1436.2,-19.9067,-4939.11
168.2,3.50657,4068.59,-29917.3,4177.25,1439.12,-18.0644,-4955.67
168.3,3.49634,4107.59,-29955.1,3641.22,1439.01,0.502875,-4945.51
168.4,3.49197,4126.74,-29603.9,3099.59,1429.35,20.9061,-4928.3
168.5,3.49611,4117.34,-29413.2,2990.01,1414.18,26.849,-4934.95
168.6,3.50197,4075.1,-29261.8,3481.64,1401.71,13.375,-4953.91
168.7,3.50319,4039.39,-28661.3,4231.0,1389.61,-8.52591,-4949.69
168.8,3.50082,4020.62,-27720.0,4792.36,1384.97,-21.0268,-4923.11
168.9,3.49914,4010.51,-26983.6,4964.63,1394.04,-14.8958,-4914.87
169.0,3.50311,4002.88,-26826.4,4907.52,1409.66,2.18815,-4932.64
169.1,3.51119,3982.1,-26711.2,5072.82,1423.8,14.5714,-4951.78
169.2,3.51497,3956.35,-26083.6,5651.83,1431.09,11.2586,-4952.4
169.3,3.51108,3956.45,-25265.5,6421.5,1429.31,0.839938,-4943.1
169.4,3.50369,3972.82,-24849.1,7077.39,1423.08,0.236312,-4953.82
169.5,3.49803,3987.21,-24842.1,7432.4,1419.81,11.7399,-4983.2
169.6,3.49846,3995.89,-24651.3,7593.24,1414.6,24.6869,-4999.64
169.7,3.50274,3986.2,-24017.1,8018.23,1408.77,34.2359,-4991.09
169.8,3.50331,3968.97,-23379.9,8898.62,1400.92,31.9509,-4979.35
169.9,3.4985,3965.81,-23156.8,10078.1,1392.14,19.008,-4988.07
170.0,3.49136,3964.2,-23037.7,11145.9,1378.27,4.62087,-5007.34
170.1,3.48725,3957.69,-22437.2,11798.6,1364.27,8.97363,-5009.58
170.2,3.48931,3931.3,-21567.9,12065.3,1349.07,28.2787,-4987.31
170.3,3.49304,3885.63,-20905.7,12333.8,1336.94,44.7228,-4979.37
170.4,3.49375,3842.04,-20607.0,12880.5,1326.59,43.131,-4997.78
170.5,3.49118,3803.89,-20274.5,13601.4,1322.77,23.259,-5010.15
170.6,3.4888,3768.0,-19716.7,14027.3,1330.12,3.313,-4995.87
170.7,3.49105,3728.02,-19441.4,13783.2,1343.02,3.65175,-4978.83
170.8,3.49766,3676.9,-19475.7,12936.3,1345.66,18.98,-4996.89
170.9,3.50333,3633.2,-19277.0,12038.8,1341.94,38.1258,-5024.72
171.0,3.50572,3607.97,-18617.5,11651.6,1336.07,41.5247,-5009.38
171.1,3.50312,3597.56,-18051.7,11815.3,1328.88,18.9188,-4970.95
171.2,3.49982,3612.28,-18471.7,12057.6,1329.99,-8.39775,-4965.68
171.3,3.49951,3630.14,-19415.0,11937.8,1334.88,-15.1257,-5001.06
171.4,3.49952,3645.15,-19986.4,11320.9,1340.62,-5.107,-5012.14
171.5,3.49717,3671.21,-19967.4,10481.1,1338.31,2.69575,-4981.09
171.6,3.49257,3699.5,-19865.1,10051.2,1337.51,6.65125,-4976.1
171.7,3.48687,3712.78,-20025.3,10142.1,1337.0,-5.831,-5015.75
171.8,3.48458,3715.56,-20311.9,10360.6,1338.27,-30.064,-5035.97
171.9,3.48801,3694.95,-20329.0,10351.9,1345.53,-39.5604,-5018.96
172.0,3.4916,3648.95,-20645.2,9820.53,1352.89,-30.5292,-4999.9
172.1,3.49235,3618.97,-21746.1,8929.16,1356.66,-11.5276,-5011.28
172.2,3.49112,3599.54,-23102.6,8091.49,1365.48,-3.73975,-5031.65
172.3,3.49173,3593.84,-23760.7,7555.44,1372.2,-9.4355,-5024.84
172.4,3.49894,3591.91,-24039.0,7140.48,1372.28,-24.5054,-4990.54
172.5,3.51022,3585.83,-24801.4,6552.07,1377.53,-36.335,-4982.96
172.6,3.51809,3600.23,-26158.7,5601.26,1378.2,-29.2886,-5016.51
172.7,3.51946,3656.4,-26951.0,4472.33,1371.58,-9.60688,-5046.78
172.8,3.51643,3746.6,-26626.3,3724.35,1367.35,13.4541,-5028.2
172.9,3.51469,3849.24,-25776.5,3728.53,1359.27,19.2829,-4990.67
173.0,3.51634,3942.57,-25431.6,4555.27,1356.49,7.23303,-4983.97
173.1,3.51681,4013.17,-25406.1,5696.35,1356.72,-19.8357,-4996.32
173.2,3.51072,4079.85,-24943.5,6431.96,1358.15,-45.5069,-4974.24
173.3,3.50002,4147.75,-24011.1,6344.0,1362.32,-54.513,-4919.48
173.4,3.4909,4193.58,-23523.0,5545.13,1371.86,-44.2602,-4890.65
173.5,3.49089,4210.41,-24054.4,4641.0,1394.85,-24.7006,-4911.22
173.6,3.49965,4181.77,-25054.0,4185.46,1421.22,-16.5154,-4940.7
173.7,3.50809,4133.97,-25835.6,4332.6,1439.34,-18.9963,-4943.13
173.8,3.5084,4098.2,-26494.0,4588.08,1440.46,-28.1152,-4934.68
173.9,3.50128,4096.28,-27435.8,4390.01,1433.1,-29.1275,-4947.85
174.0,3.49665,4115.26,-28457.9,3647.45,1428.62,-11.884,-4972.45
174.1,3.50238,4120.57,-28755.4,2920.21,1419.25,11.6842,-4972.45
174.2,3.51553,4102.58,-28416.2,2938.74,1400.59,13.7893,-4935.71
174.3,3.52556,4088.55,-28097.9,3894.33,1387.29,-19.5287,-4908.98
174.4,3.52528,4111.44,-28145.9,5269.59,1389.07,-62.4922,-4921.05
174.5,3.51713,4172.97,-27860.9,6224.29,1392.12,-78.208,-4946.19
174.6,3.50946,4251.81,-26630.1,6289.91,1390.68,-56.8185,-4947.28
174.7,3.50873,4316.66,-25160.4,5815.01,1394.64,-14.2165,-4930.75
174.8,3.5113,4346.97,-24476.9,5603.42,1404.36,20.8193,-4941.18
174.9,3.50827,4357.32,-24651.7,6138.24,1415.18,25.405,-4981.2
175.0,3.49678,4366.38,-24635.3,7176.32,1417.87,0.1425,-5004.58
175.1,3.48305,4371.92,-23486.9,7980.4,1418.01,-29.9287,-4993.65
175.2,3.47739,4354.83,-22075.4,8005.77,1420.97,-34.7755,-4964.1
175.3,3.48353,4299.56,-21553.8,7515.67,1427.0,-8.0615,-4963.84
175.4,3.49491,4215.78,-21602.9,7331.66,1433.82,22.2897,-5001.22
175.5,3.50237,4138.96,-21441.6,8098.15,1432.88,27.0128,-5011.25
175.6,3.50328,4092.7,-20730.7,9734.34,1417.3,10.6073,-4979.83
175.7,3.50308,4078.98,-20240.6,11553.7,1401.08,2.62425,-4963.14
175.8,3.50822,4082.1,-20559.0,12818.5,1388.11,12.9878,-4989.85
175.9,3.51755,4091.94,-20749.2,13444.8,1377.6,32.483,-5029.63
176.0,3.52297,4111.83,-20152.2,13814.4,1367.12,37.1657,-5021.85
176.1,3.51874,4161.39,-19122.8,14342.6,1363.78,20.549,-4988.45
176.2,3.50845,4228.06,-18522.7,14991.7,1367.54,-8.16988,-4987.78
176.3,3.50042,4286.09,-18643.1,15453.2,1377.03,-23.7551,-5008.85
176.4,3.49912,4307.77,-18911.3,15329.9,1391.38,-21.2379,-5001.62
176.5,3.50098,4296.4,-18710.5,14607.7,1394.38,-0.65,-4971.1
176.6,3.49895,4271.75,-18370.1,13656.8,1384.34,28.9654,-4956.65
176.7,3.49071,4249.38,-18288.1,12919.4,1368.95,46.254,-4971.6
176.8,3.48211,4227.04,-18214.3,12647.7,1350.24,40.8664,-4994.02
176.9,3.48076,4186.27,-17961.7,12810.2,1336.85,21.2049,-4999.67
177.0,3.48687,4119.76,-17700.3,13070.4,1330.07,-3.61156,-4999.3
177.1,3.49469,4052.95,-17678.7,13104.5,1331.03,-25.0815,-5008.77
177.2,3.49868,4008.64,-17939.2,12879.5,1345.01,-33.4167,-5014.18
177.3,3.49981,3992.54,-18383.0,12567.5,1364.23,-28.6204,-4997.61
177.4,3.50356,3992.96,-18954.8,12341.0,1384.65,-24.3198,-4977.54
177.5,3.51148,3993.48,-19641.1,12145.2,1404.86,-27.8774,-4977.19
177.6,3.52017,4004.33,-20345.9,11823.1,1413.25,-25.6953,-4989.93
177.7,3.522,4030.35,-20919.4,11074.7,1415.59,-20.6721,-5001.04
177.8,3.51431,4090.47,-21258.6,9821.29,1413.22,-13.8213,-5015.52
177.9,3.50323,4166.91,-21638.2,8414.96,1407.79,-2.8715,-5031.69
178.0,3.49604,4224.3,-21868.7,7187.56,1401.15,-3.13075,-5048.73
178.1,3.49745,4258.56,-22028.5,6327.34,1394.72,-15.2994,-5041.44
178.2,3.50426,4261.57,-22312.3,5849.79,1392.24,-28.3415,-5010.19
178.3,3.50618,4255.52,-22565.4,5361.63,1387.83,-38.4751,-4987.62
178.4,3.50249,4285.54,-22679.8,4663.0,1383.59,-31.4335,-4975.41
178.5,3.4982,4321.71,-22492.1,3914.04,1380.69,-11.3124,-4958.54
178.6,3.49779,4354.11,-22226.2,3476.93,1379.22,8.57362,-4941.4
178.7,3.50406,4377.58,-22389.3,3653.11,1372.86,12.0976,-4943.92
178.8,3.51036,4375.4,-23035.6,4450.5,1365.29,-5.29563,-4970.01
178.9,3.50906,4380.35,-23583.1,5248.54,1365.35,-38.154,-4992.55
179.0,3.50371,4409.49,-23660.3,5466.47,1369.32,-59.7277,-4981.74
179.1,3.50148,4428.35,-23717.6,5032.56,1381.49,-55.423,-4949.9
179.2,3.50622,4430.51,-24056.5,4166.55,1396.43,-45.3965,-4937.78
179.3,3.51781,4422.07,-24616.5,3506.94,1407.41,-36.051,-4939.2
179.4,3.52619,4398.96,-24857.9,3422.67,1410.93,-36.7095,-4926.12
179.5,3.52266,4408.49,-24615.9,3571.07,1404.21,-47.6097,-4904.15
179.6,3.51261,4459.67,-24524.0,3497.19,1394.73,-50.8517,-4901.46
179.7,3.50267,4509.71,-24800.0,3047.44,1394.11,-34.5872,-4935.71
179.8,3.49882,4553.0,-25130.5,2315.6,1389.9,-14.7115,-4966.34
179.9,3.50206,4575.62,-25322.3,1919.45,1380.41,-6.1225,-4961.02
180.0,3.50382,4570.1,-25534.9,2342.41,1377.02,-15.9668,-4945.17
180.1,3.49942,4576.19,-26066.6,3337.69,1379.99,-46.7118,-4950.15
180.2,3.49408,4587.38,-26688.1,4397.53,1386.54,-76.0393,-4964.33
180.3,3.49125,4573.09,-26760.9,4955.03,1390.73,-83.4962,-4961.92
180.4,3.49358,4547.33,-26376.3,4744.16,1390.59,-66.0606,-4943.25
180.5,3.49981,4503.7,-26000.0,4218.19,1398.17,-32.3036,-4948.06
180.6,3.50241,4445.12,-25828.4,3991.22,1402.39,-3.777,-4980.51
180.7,3.50008,4407.52,-25523.0,4263.56,1400.76,-0.91975,-5004.96
180.8,3.49776,4382.3,-24542.9,4817.75,1399.61,-16.5884,-5007.55
180.9,3.49957,4359.02,-23298.4,5289.79,1403.93,-19.5981,-4998.18
181.0,3.50633,4342.83,-22423.0,5534.43,1411.57,-3.16913,-4996.66
181.1,3.51259,4332.32,-22121.1,5841.36,1413.57,10.1831,-4998.55
181.2,3.5123,4344.86,-21947.1,6530.82,1405.81,5.09462,-4992.93
181.3,3.50755,4383.94,-21277.6,7696.47,1393.44,-8.25919,-4984.45
181.4,3.50253,4420.33,-20490.1,9082.76,1377.08,-17.0017,-4971.37
181.5,3.50005,4449.17,-20084.9,10309.3,1362.27,-14.8846,-4970.89
181.6,3.49977,4466.87,-20159.5,11178.7,1350.65,-3.59006,-4990.06
181.7,3.49778,4472.8,-20237.5,11781.5,1345.15,11.2826,-5010.01
181.8,3.49229,4479.22,-20339.4,12292.2,1349.31,20.9479,-5000.91
181.9,3.48602,4477.6,-20433.4,12775.3,1351.51,15.1309,-4989.15
182.0,3.4836,4455.1,-20567.2,13151.3,1352.6,0.875437,-4996.97
182.1,3.48717,4406.0,-20601.3,13197.4,1356.48,-11.7624,-5001.51
182.2,3.49345,4336.63,-20225.7,12817.2,1351.47,-14.2209,-4989.23
182.3,3.49665,4266.38,-19448.4,12065.6,1333.77,-11.1286,-4977.33
182.4,3.49535,4218.92,-18827.6,11239.3,1317.42,-1.39213,-4974.63
182.5,3.49353,4187.32,-18543.5,10569.8,1307.45,4.97075,-4980.11
182.6,3.49546,4162.89,-18249.4,10231.0,1292.25,9.57775,-4985.1
182.7,3.50093,4135.14,-17773.1,10076.5,1283.9,3.80037,-4979.69
182.8,3.50481,4116.15,-17218.7,9850.64,1288.26,-5.62463,-4969.89
182.9,3.50353,4119.09,-16798.3,9345.7,1297.38,-10.5726,-4969.83
183.0,3.49724,4141.63,-16685.7,8600.38,1308.27,-9.40588,-4977.74
183.1,3.49106,4170.77,-16656.9,7915.23,1315.72,-5.0295,-4987.13
183.2,3.48872,4181.82,-16585.2,7547.54,1327.36,-8.8925,-4992.2
183.3,3.48907,4173.65,-16948.0,7447.8,1341.85,-23.692,-4985.59
183.4,3.48844,4154.58,-17816.3,7294.08,1358.64,-35.3737,-4989.87
183.5,3.48398,4130.36,-18771.5,6859.16,1366.86,-27.7735,-5006.22
183.6,3.47718,4106.66,-19511.4,6069.41,1371.05,-13.2595,-5003.1
183.7,3.47499,4082.9,-20138.5,5102.0,1374.19,-4.3115,-4979.71
183.8,3.48216,4041.94,-20767.5,4357.24,1373.36,2.388,-4976.74
183.9,3.49372,3982.93,-21399.5,4004.04,1373.72,4.06325,-4995.29
184.0,3.50165,3937.46,-21488.1,3804.17,1369.41,-10.5553,-5003.49
184.1,3.50189,3927.9,-20924.1,3470.3,1362.16,-26.8515,-4985.45
184.2,3.49709,3953.27,-20229.7,2813.46,1351.02,-24.611,-4966.06
184.3,3.49492,3993.16,-19812.1,1821.59,1342.85,-13.4908,-4968.91
184.4,3.4991,4022.96,-19784.9,1008.1,1340.45,1.718,-4968.79
184.5,3.5044,4030.23,-19721.3,870.843,1335.94,9.794,-4948.86
184.6,3.50349,4036.58,-19600.5,1412.02,1331.51,-4.8535,-4924.98
184.7,3.49405,4055.46,-19793.3,2156.54,1330.79,-33.1904,-4916.82
184.8,3.48243,4079.11,-20187.3,2645.19,1336.16,-43.3213,-4930.73
184.9,3.47576,4078.95,-20422.5,2700.37,1343.12,-30.3174,-4945.75
185.0,3.47726,4047.36,-20656.5,2694.47,1352.97,-12.5106,-4943.32
185.1,3.48148,3979.24,-21282.6,3160.0,1362.18,-12.2834,-4942.33
185.2,3.48013,3902.2,-22061.3,4044.29,1369.48,-39.8801,-4964.98
185.3,3.47439,3849.06,-22459.1,4827.4,1372.6,-70.027,-4980.62
185.4,3.47089,3801.7,-22136.0,4919.88,1368.78,-78.3355,-4960.48
185.5,3.47501,3752.69,-21479.7,4186.84,1364.12,-59.9723,-4930.2
185.6,3.4867,3702.64,-21301.1,3116.33,1364.5,-32.2137,-4923.81
185.7,3.49837,3656.18,-21477.4,2480.6,1367.99,-13.9509,-4942.44
185.8,3.50187,3636.51,-21599.3,2572.82,1371.98,-19.4259,-4948.82
185.9,3.49778,3656.29,-21422.6,3038.93,1380.04,-41.5736,-4942.2
186.0,3.49166,3692.2,-21333.2,3176.09,1386.9,-59.5548,-4947.62
186.1,3.48869,3726.75,-21509.8,2543.1,1392.14,-52.1449,-4975.95
186.2,3.48979,3748.04,-21514.1,1429.97,1390.92,-24.8721,-5002.32
186.3,3.48994,3748.59,-21204.1,605.032,1385.37,-4.19031,-4995.17
186.4,3.48468,3744.88,-20849.0,530.546,1381.85,-12.4462,-4973.31
186.5,3.47743,3745.36,-20700.7,1169.88,1381.15,-32.5993,-4973.61
186.6,3.47311,3729.4,-20430.4,1951.92,1379.85,-41.9091,-4988.28
186.7,3.47415,3699.83,-19875.1,2433.93,1381.45,-25.5015,-4978.93
186.8,3.47804,3657.4,-19122.8,2745.93,1381.68,5.50125,-4959.11
186.9,3.47901,3616.04,-18853.0,3306.45,1375.74,24.8611,-4959.33
187.0,3.4781,3594.85,-18865.2,4449.12,1370.58,21.2574,-4991.43
187.1,3.47975,3573.48,-18581.5,6102.34,1361.31,-2.01962,-5010.94
187.2,3.48602,3548.62,-17772.3,7707.86,1346.85,-32.631,-4996.0
187.3,3.49607,3535.22,-16954.4,8783.49,1336.99,-46.8374,-4978.24
187.4,3.50381,3532.42,-16837.6,9220.32,1332.91,-39.8512,-4979.97
187.5,3.50404,3563.69,-17261.5,9217.15,1337.24,-23.527,-4987.32
187.6,3.50121,3627.48,-17632.0,9143.05,1347.31,-10.1895,-4975.02
187.7,3.49905,3677.96,-17744.0,9204.19,1356.8,-4.50225,-4951.1
187.8,3.49782,3712.58,-17933.3,9058.33,1357.93,-10.0253,-4943.44
187.9,3.49571,3737.4,-18286.8,8389.9,1343.48,-8.2035,-4959.65
188.0,3.48959,3752.92,-18596.6,7314.27,1328.41,10.1123,-4979.02
188.1,3.47834,3764.51,-18723.2,6008.04,1307.03,18.1768,-4980.25
188.2,3.47074,3775.21,-18561.5,4979.97,1284.17,12.2317,-4983.76
188.3,3.46987,3733.29,-18280.8,4399.72,1267.81,-10.215,-4991.43
188.4,3.47324,3671.65,-17500.9,4058.33,1261.61,-27.665,-4994.72
188.5,3.47893,3603.95,-16269.2,3776.2,1260.94,-25.478,-4973.94
188.6,3.47975,3533.32,-14911.5,3455.43,1262.29,-14.0775,-4943.69
188.7,3.47764,3503.61,-13772.5,3132.75,1267.23,1.278,-4932.11
188.8,3.48067,3484.99,-13191.4,3087.6,1276.75,15.2937,-4928.34
188.9,3.48765,3453.65,-13033.6,3348.31,1289.58,13.8027,-4926.45
189.0,3.49611,3440.06,-13181.4,3591.34,1300.96,-5.78075,-4931.73
189.1,3.5017,3439.48,-13815.2,3810.69,1309.92,-17.7607,-4946.94
189.2,3.49839,3451.71,-14757.0,3857.9,1315.42,-24.7489,-4973.25
189.3,3.4931,3507.89,-15888.1,3743.85,1321.82,-30.5235,-4993.19
189.4,3.49354,3553.12,-17067.0,3791.92,1330.53,-30.0034,-4998.97
189.5,3.49541,3566.95,-17967.6,3804.63,1330.63,-35.4926,-4999.43
189.6,3.49613,3595.86,-18370.8,3459.57,1325.51,-35.6427,-4993.42
189.7,3.49197,3611.3,-18174.1,2692.87,1318.96,-19.7345,-4973.7
189.8,3.48015,3628.91,-17665.5,1485.3,1311.87,4.78562,-4945.71
189.9,3.47207,3661.57,-17138.7,264.603,1306.6,28.6232,-4933.5
190.0,3.4722,3643.3,-16836.3,-306.043,1303.71,35.748,-4938.55
190.1,3.47423,3594.85,-16694.0,-275.798,1300.18,11.8959,-4944.94
190.2,3.4767,3553.06,-16785.7,69.6296,1304.35,-18.5195,-4945.32
190.3,3.47496,3486.37,-17032.5,428.639,1302.58,-33.3524,-4954.0
190.4,3.46984,3435.75,-17493.5,507.038,1301.18,-31.0682,-4966.95
190.5,3.47269,3389.96,-17955.3,511.498,1307.95,-23.1078,-4969.42
190.6,3.48278,3308.84,-18463.7,897.459,1317.47,-15.2709,-4952.14
190.7,3.49281,3234.1,-18977.3,1522.48,1324.72,-21.061,-4937.93
190.8,3.49847,3190.89,-19513.4,2219.63,1335.69,-29.0783,-4937.19
190.9,3.49425,3169.38,-19938.2,2786.42,1339.25,-27.1416,-4938.45
191.0,3.48532,3194.64,-19783.3,2913.27,1332.85,-26.728,-4944.3
191.1,3.48283,3232.26,-19518.5,2808.71,1331.77,-28.1535,-4945.09
191.2,3.48598,3235.0,-19385.0,2788.59,1331.59,-31.564,-4954.23
191.3,3.48827,3236.25,-19657.4,2837.46,1335.35,-43.1181,-4967.48
191.4,3.4858,3242.53,-19827.8,2949.9,1336.27,-52.7991,-4979.24
191.5,3.47675,3248.32,-19727.9,3095.8,1338.28,-48.332,-4972.24
191.6,3.46852,3267.73,-19652.3,3131.72,1342.77,-36.0181,-4951.21
191.7,3.4693,3267.14,-19824.9,3151.06,1347.31,-27.8107,-4945.06
191.8,3.47481,3227.06,-20165.1,3242.19,1354.83,-26.2243,-4956.31
191.9,3.47763,3183.66,-20313.9,3225.31,1357.01,-33.2655,-4959.76
192.0,3.47514,3151.67,-20167.4,3102.99,1357.34,-36.5703,-4953.39
192.1,3.4702,3125.76,-20259.1,2889.65,1362.16,-33.2945,-4952.17
192.2,3.47166,3105.07,-20534.1,2648.48,1365.47,-30.443,-4974.94
192.3,3.4826,3062.59,-20814.2,2561.85,1363.02,-30.3438,-4990.36
192.4,3.49528,3013.75,-20612.1,2699.96,1360.99,-27.2253,-4984.92
192.5,3.50254,2997.49,-20127.3,3093.29,1355.42,-14.803,-4968.1
192.6,3.50184,3017.14,-19967.9,3910.32,1347.71,0.90425,-4957.76
192.7,3.49599,3069.01,-20019.6,5113.42,1342.92,2.725,-4965.76
192.8,3.49393,3140.94,-19908.4,6541.18,1342.04,-8.75675,-4969.0
192.9,3.49612,3191.26,-19512.1,8005.02,1340.46,-21.4867,-4955.77
193.0,3.49625,3235.54,-19301.3,9259.11,1335.62,-27.829,-4944.5
193.1,3.49144,3287.39,-19734.8,10148.9,1325.83,-35.0617,-4953.56
193.2,3.483,3334.73,-20456.3,10578.1,1319.31,-47.5838,-4975.06
193.3,3.47749,3373.55,-20704.5,10466.1,1314.4,-50.711,-4981.39
193.4,3.48023,3382.7,-20675.5,9907.76,1311.2,-35.3434,-4958.67
193.5,3.48628,3358.93,-20909.3,9113.46,1311.55,-12.3562,-4946.67
193.6,3.4895,3339.39,-21652.4,8322.73,1317.08,5.82937,-4964.07
193.7,3.4876,3326.55,-22351.7,7659.61,1323.89,9.52087,-4980.3
193.8,3.48188,3317.49,-22495.9,6917.64,1328.6,-0.701375,-4966.34
193.9,3.48021,3314.46,-22249.6,5771.27,1327.17,-13.2564,-4946.99
194.0,3.48733,3297.14,-22019.9,4397.94,1325.12,-5.51762,-4955.98
194.1,3.49809,3260.64,-21753.9,3222.18,1320.44,8.97412,-4975.32
194.2,3.50571,3246.35,-21000.6,2751.76,1309.53,8.39013,-4973.44
194.3,3.50642,3259.61,-19689.7,3040.49,1291.72,-17.3354,-4951.83
194.4,3.50198,3304.58,-18446.1,3573.43,1275.31,-42.0456,-4936.71
194.5,3.49916,3367.85,-17594.6,3649.09,1265.01,-44.4825,-4940.62
194.6,3.49889,3415.07,-17138.0,3010.27,1260.49,-25.0017,-4942.45
194.7,3.49741,3456.28,-16823.3,1977.58,1261.54,0.285657,-4935.34
194.8,3.49145,3492.85,-16687.1,1069.1,1267.31,9.04028,-4932.8
194.9,3.4831,3524.12,-17025.0,727.982,1276.19,2.35572,-4942.73
195.0,3.47727,3537.63,-17519.8,784.007,1290.7,-18.5581,-4966.2
195.1,3.47975,3531.96,-17870.0,882.146,1304.18,-32.8889,-4981.18
195.2,3.48751,3495.29,-17980.9,801.348,1314.46,-26.49,-4981.46
195.3,3.4921,3454.42,-18298.1,512.532,1318.33,-9.47306,-4975.82
195.4,3.49146,3438.29,-18921.3,364.262,1324.39,7.29362,-4979.29
195.5,3.48817,3428.51,-19411.5,477.721,1325.26,2.6445,-4982.09
195.6,3.48818,3426.68,-19389.9,752.048,1316.12,-8.03037,-4963.76
195.7,3.49544,3411.09,-19036.1,909.489,1305.17,-16.1793,-4934.99
195.8,3.50317,3384.85,-18924.6,732.81,1300.58,-17.8627,-4926.37
195.9,3.50618,3384.0,-19205.6,331.281,1294.45,-10.2764,-4943.74
196.0,3.50289,3404.68,-19395.4,124.597,1288.51,-1.33613,-4964.15
196.1,3.49609,3438.8,-19204.2,298.267,1289.85,-6.713,-4964.71
196.2,3.4922,3475.57,-18885.9,716.401,1289.06,-21.6947,-4954.43
196.3,3.49282,3481.98,-18876.0,1155.94,1288.18,-27.2715,-4954.55
196.4,3.49143,3463.05,-19300.4,1344.5,1296.42,-20.7453,-4959.92
196.5,3.48507,3446.55,-19451.2,1270.06,1304.33,-11.91,-4959.35
196.6,3.47548,3425.1,-19131.5,1277.96,1311.59,-8.44175,-4941.58
196.7,3.46848,3397.01,-18763.8,1543.8,1323.64,-16.6963,-4923.05
196.8,3.4708,3352.35,-18609.3,2029.92,1326.72,-34.054,-4930.15
196.9,3.48009,3279.51,-18810.0,2632.09,1329.38,-47.2477,-4948.8
197.0,3.48769,3206.66,-18884.9,3122.99,1329.73,-48.664,-4962.13
197.1,3.49046,3165.29,-19132.0,3486.94,1331.04,-37.872,-4956.37
197.2,3.48903,3144.18,-19954.4,3804.89,1326.71,-28.2335,-4952.9
197.3,3.48941,3148.55,-21410.9,4143.36,1329.77,-23.1147,-4965.65
197.4,3.49601,3152.63,-22849.2,4451.09,1335.1,-26.6295,-4976.4
197.5,3.5038,3151.91,-23817.3,4653.21,1336.29,-32.0418,-4963.93
197.6,3.50539,3168.03,-24430.5,4591.01,1335.04,-37.3787,-4948.8
197.7,3.49891,3208.41,-24974.2,4279.66,1336.72,-39.2902,-4957.68
197.8,3.48898,3259.36,-25305.8,3899.52,1342.95,-32.9754,-4982.47
197.9,3.48388,3298.74,-24979.4,3717.86,1348.03,-20.301,-4990.9
198.0,3.48502,3300.34,-24233.8,3902.16,1345.03,-12.9811,-4968.9
198.1,3.4865,3275.36,-23496.8,4390.9,1343.26,-13.3934,-4954.69
198.2,3.48285,3245.48,-22845.9,4860.32,1335.31,-19.2423,-4961.42
198.3,3.4744,3221.47,-22071.0,5036.83,1324.77,-21.2625,-4958.24
198.4,3.46848,3198.94,-20998.7,4862.16,1315.42,-18.8799,-4934.4
198.5,3.47109,3158.82,-20294.6,4521.56,1303.34,-19.3613,-4912.08
198.6,3.48172,3104.44,-20299.8,4363.08,1298.99,-23.5215,-4927.71
198.7,3.49361,3052.42,-20843.6,4566.14,1299.51,-30.54,-4955.33
198.8,3.50024,3028.27,-21446.6,5064.37,1300.93,-35.7049,-4960.52
198.9,3.50091,3040.56,-22085.9,5588.95,1305.67,-36.1414,-4953.08
199.0,3.50065,3082.89,-23090.0,5882.01,1316.61,-29.5733,-4960.62
199.1,3.50351,3133.2,-24286.8,5773.53,1329.47,-21.8972,-4981.64
199.2,3.50804,3183.04,-25105.0,5496.44,1338.44,-7.33844,-4986.33
199.3,3.50838,3226.8,-25467.1,5327.58,1342.22,-0.708313,-4963.42
199.4,3.50137,3280.37,-25548.8,5384.7,1341.76,-11.6742,-4951.34
199.5,3.49144,3332.16,-25532.5,5504.73,1335.36,-34.1116,-4964.07
199.6,3.48403,3364.37,-25315.0,5383.3,1330.93,-48.3088,-4972.86
199.7,3.48263,3370.09,-24762.3,4699.37,1321.43,-47.83,-4959.06
199.8,3.48467,3349.34,-24015.9,3532.6,1307.6,-32.2533,-4948.85
199.9,3.48504,3313.58,-23445.9,2352.28,1296.05,-6.41313,-4956.12
200.0,3.48118,3282.3,-22882.5,1454.3,1287.9,6.40513,-4965.79
200.1,3.47874,3263.7,-22159.1,998.45,1277.29,5.07225,-4957.42
200.2,3.48174,3235.11,-21399.6,938.662,1271.24,-0.184875,-4943.3
200.3,3.48878,3200.63,-21145.5,953.178,1268.27,-10.6575,-4940.63
200.4,3.496,3178.63,-21238.0,860.116,1268.83,-24.57,-4958.33
200.5,3.49888,3173.13,-21396.0,658.986,1283.75,-34.02,-4969.75
200.6,3.49857,3189.54,-21392.2,298.254,1298.89,-41.2523,-4964.99
200.7,3.49978,3217.92,-21316.8,-187.265,1308.73,-43.3438,-4965.16
200.8,3.5045,3237.0,-21461.1,-767.012,1311.94,-36.2767,-4973.39
200.9,3.50997,3257.72,-21463.3,-1293.17,1313.65,-14.1015,-4984.73
201.0,3.51108,3288.47,-21078.1,-1678.01,1307.12,5.9215,-4980.07
201.1,3.50517,3336.92,-20402.7,-1800.95,1301.95,18.5082,-4964.8
201.2,3.49512,3394.67,-19853.5,-1697.39,1301.43,19.2015,-4955.64
201.3,3.48566,3442.14,-19580.2,-1481.11,1299.92,11.808,-4958.06
201.4,3.48043,3463.73,-19518.5,-1240.76,1297.35,0.891,-4953.62
201.5,3.47884,3451.4,-19562.4,-1009.04,1291.97,-11.3045,-4939.88
201.6,3.47797,3415.93,-19874.2,-828.076,1284.96,-22.1308,-4930.06
201.7,3.47853,3371.19,-20418.1,-626.057,1284.17,-21.5963,-4939.33
201.8,3.48072,3312.75,-21065.2,-459.925,1285.43,-19.1127,-4950.75
201.9,3.48551,3258.17,-21593.8,-346.872,1292.02,-11.4598,-4952.79
202.0,3.49236,3207.21,-21903.0,-246.547,1300.91,2.78225,-4954.77
202.1,3.49654,3167.43,-22381.0,-62.8949,1309.84,18.859,-4956.26
202.2,3.49583,3149.09,-22794.4,176.652,1311.34,20.3159,-4963.97
202.3,3.49264,3150.67,-22676.3,499.839,1309.73,8.55,-4969.16
202.4,3.49223,3153.07,-22139.3,932.374,1308.89,-2.68788,-4951.04
202.5,3.49649,3147.47,-21476.3,1485.6,1310.03,-11.2727,-4932.0
202.6,3.50182,3137.78,-21185.2,2242.87,1309.86,-18.8691,-4931.14
202.7,3.50258,3138.69,-21151.9,3185.97,1309.52,-27.9521,-4943.25
202.8,3.49708,3161.82,-21114.6,4078.75,1318.57,-35.6399,-4946.04
202.9,3.49017,3199.31,-21222.4,4788.41,1327.17,-26.447,-4938.77
203.0,3.48418,3217.65,-21709.5,5160.2,1327.13,-11.7304,-4946.94
203.1,3.48047,3223.78,-22614.3,5298.6,1330.62,4.34578,-4971.3
203.2,3.47789,3208.27,-23230.1,5333.23,1336.87,8.53605,-4990.86
203.3,3.47414,3180.26,-23204.1,5433.21,1338.34,4.65426,-4985.33
203.4,3.47036,3142.99,-23008.6,5547.28,1340.52,-10.2234,-4965.42
203.5,3.4697,3094.19,-22957.1,5621.17,1344.88,-26.4244,-4965.95
203.6,3.47428,3030.6,-23117.7,5596.59,1347.03,-33.9092,-4973.72
203.7,3.48196,2956.9,-23050.8,5432.92,1346.6,-33.2381,-4964.89
203.8,3.48853,2885.06,-22663.2,5187.31,1338.52,-24.9885,-4945.84
203.9,3.49075,2829.09,-22301.1,4902.85,1331.44,-13.0017,-4940.86
204.0,3.48997,2800.32,-22103.8,4640.37,1324.16,0.79475,-4956.32
204.1,3.48964,2787.5,-21906.7,4415.4,1315.78,8.5105,-4968.63
204.2,3.49086,2782.23,-21577.8,4231.92,1307.07,6.67075,-4964.37
204.3,3.49265,2787.62,-21254.2,4071.62,1302.14,-4.66125,-4960.27
204.4,3.49265,2804.7,-21162.1,4017.7,1303.33,-16.4811,-4965.24
204.5,3.48972,2829.62,-21361.8,4107.33,1312.62,-27.8638,-4967.77
204.6,3.48574,2862.94,-21500.3,4392.64,1325.02,-35.1721,-4964.02
204.7,3.48322,2887.87,-21733.9,4813.04,1337.49,-38.9022,-4950.55
204.8,3.4809,2898.9,-22112.9,5062.17,1344.69,-41.452,-4945.03
204.9,3.47953,2906.32,-22842.6,4997.04,1347.98,-29.48,-4946.15
205.0,3.47749,2892.66,-23713.8,4602.3,1347.25,-10.7747,-4951.27
205.1,3.47419,2875.63,-24443.4,4003.4,1343.17,1.86925,-4959.33
205.2,3.47394,2853.61,-24774.6,3482.77,1333.52,3.69275,-4970.34
205.3,3.4772,2813.9,-24877.0,3194.98,1317.36,-6.213,-4974.37
205.4,3.48378,2776.02,-24691.1,2995.1,1300.18,-25.109,-4977.47
205.5,3.49188,2740.45,-24102.2,2628.74,1292.56,-46.4652,-4980.16
205.6,3.49736,2713.49,-23267.6,1988.76,1293.44,-51.9868,-4967.05
205.7,3.49973,2715.71,-22426.0,1171.68,1303.86,-36.0428,-4944.72
205.8,3.50169,2735.47,-22047.9,486.376,1318.38,-17.8918,-4925.83
205.9,3.50297,2767.7,-21981.5,164.696,1328.92,-11.942,-4925.94
206.0,3.50329,2812.18,-21991.7,7.22022,1330.74,-23.7485,-4928.93
206.1,3.50086,2865.99,-21620.2,-288.06,1330.82,-33.0692,-4936.23
206.2,3.4957,2928.49,-21258.6,-829.556,1327.18,-23.3769,-4947.33
206.3,3.49027,2988.02,-21235.7,-1410.39,1327.41,-9.31437,-4975.3
206.4,3.48745,3032.25,-21552.3,-1517.86,1327.41,-3.5155,-5006.45
206.5,3.48696,3048.52,-21565.5,-1007.2,1319.05,-18.2146,-5018.88
206.6,3.48713,3055.04,-21316.4,-149.749,1313.98,-36.9595,-4994.04
206.7,3.48781,3052.53,-21217.3,586.911,1308.46,-39.1591,-4958.27
206.8,3.4881,3041.23,-21351.0,940.794,1300.09,-24.7954,-4947.62
206.9,3.48883,3034.98,-21470.4,967.935,1295.81,-8.08562,-4946.13
207.0,3.49252,3031.27,-21519.4,1003.79,1295.31,2.33413,-4925.44
207.1,3.49787,3025.4,-21689.3,1368.45,1294.49,9.64481,-4914.52
207.2,3.50273,3031.43,-22305.9,2087.95,1294.83,11.2344,-4942.39
207.3,3.50612,3051.15,-23135.1,2992.17,1298.16,4.12869,-4983.49
207.4,3.50703,3083.59,-23676.2,3872.93,1307.27,-0.388813,-4995.27
207.5,3.50647,3124.04,-24121.3,4520.46,1320.27,0.15475,-4974.21
207.6,3.50534,3166.31,-24778.4,4941.33,1334.29,3.40612,-4962.84
207.7,3.50389,3206.1,-25541.3,5239.79,1342.18,4.21384,-4967.07
207.8,3.50243,3243.93,-25893.7,5636.42,1340.45,6.88212,-4953.02
207.9,3.49997,3270.95,-25405.2,6168.7,1323.7,3.20587,-4922.35
208.0,3.49682,3300.06,-24612.5,6814.38,1305.14,-1.87081,-4905.3
208.1,3.49371,3321.33,-24201.7,7369.4,1295.12,-8.32294,-4919.73
208.2,3.49122,3337.97,-23899.8,7782.24,1290.62,-2.6495,-4955.38
208.3,3.48989,3346.25,-23598.6,8166.16,1293.45,12.5539,-4967.79
208.4,3.48857,3341.92,-23340.8,8633.95,1300.68,16.5764,-4958.35
208.5,3.48734,3329.44,-23490.2,9165.99,1310.78,2.9415,-4957.86
208.6,3.48734,3303.44,-24235.9,9602.22,1324.64,-13.4956,-4964.45
208.7,3.48826,3261.74,-24789.6,9540.79,1333.44,-27.8565,-4965.57
208.8,3.49122,3221.98,-25093.1,8944.98,1342.4,-24.3932,-4943.06
208.9,3.49594,3173.3,-25195.6,8183.59,1340.6,-6.16663,-4932.57
209.0,3.49876,3129.87,-25377.7,7718.06,1338.99,8.81075,-4955.96
209.1,3.49997,3107.61,-25393.0,7832.33,1337.02,11.5883,-4988.7
209.2,3.49947,3093.72,-24856.7,8427.34,1327.85,5.0295,-4999.12
209.3,3.49591,3088.07,-24329.0,8888.51,1326.33,-6.1245,-4983.86
209.4,3.49207,3095.44,-24378.2,8865.12,1329.03,-1.724,-4977.63
209.5,3.48827,3089.26,-24838.8,8458.61,1325.43,13.34,-4990.34
209.6,3.48415,3078.83,-25083.2,8033.9,1312.17,19.6677,-4984.06
209.7,3.48256,3061.63,-24945.4,8029.48,1296.55,7.3605,-4948.7
209.8,3.48152,3023.7,-24880.3,8580.53,1286.86,-12.9853,-4931.73
209.9,3.47916,2984.03,-25318.1,9120.79,1278.14,-36.3372,-4955.37
210.0,3.47753,2948.84,-25906.3,9149.17,1273.25,-42.9745,-4987.46
210.1,3.47699,2904.55,-25907.1,8562.29,1278.39,-23.2062,-4996.82
210.2,3.47871,2863.0,-25524.8,7659.65,1290.1,7.6615,-4983.39
210.3,3.48431,2819.94,-25444.8,7012.98,1302.53,23.946,-4977.36
210.4,3.49,2771.63,-25722.1,6957.58,1311.03,14.6482,-4986.87
210.5,3.49201,2743.28,-25610.3,7032.39,1313.38,-18.625,-4985.87
210.6,3.493,2746.85,-24898.3,6766.34,1312.38,-39.0185,-4953.21
210.7,3.49456,2754.01,-24122.2,6106.72,1311.27,-29.2879,-4923.4
210.8,3.49582,2766.41,-24506.0,5248.63,1313.36,-16.2381,-4922.98
210.9,3.49759,2788.76,-25810.6,4815.99,1310.23,-11.5425,-4955.39
211.0,3.49621,2795.61,-27034.6,4903.16,1299.73,-26.7553,-4980.56
211.1,3.49111,2818.62,-27752.6,4961.02,1283.2,-45.909,-4970.28
211.2,3.48829,2846.92,-28154.4,4524.97,1270.79,-44.894,-4961.89
211.3,3.48746,2849.94,-28537.7,3631.08,1271.26,-20.0964,-4984.89
211.4,3.48803,2854.93,-28849.3,2634.11,1283.03,-1.07712,-5002.45
211.5,3.48959,2857.36,-28700.7,2061.52,1299.08,-8.18969,-4988.27
211.6,3.48859,2854.04,-28142.0,1972.3,1315.82,-33.2226,-4964.57
211.7,3.48654,2865.97,-27622.8,1868.63,1332.98,-55.9389,-4958.79
211.8,3.48681,2873.03,-27343.3,1329.94,1345.68,-60.2544,-4962.59
211.9,3.48942,2872.37,-26936.5,399.801,1352.58,-39.1895,-4964.26
212.0,3.49508,2875.48,-26185.9,-486.961,1351.71,-9.79255,-4961.76
212.1,3.50208,2877.74,-25323.6,-804.221,1343.37,3.28984,-4962.68
212.2,3.50702,2890.92,-24790.3,-398.321,1334.64,-0.634,-4967.51
212.3,3.51012,2925.99,-24679.8,405.451,1324.56,-12.5173,-4972.48
212.4,3.51075,2973.6,-24681.8,993.536,1318.62,-26.8606,-4975.57
212.5,3.50993,3040.44,-24917.8,1084.1,1312.37,-23.8412,-4961.08
212.6,3.50938,3110.23,-25552.6,954.164,1309.37,-6.18738,-4943.35
212.7,3.5074,3171.06,-26535.9,1033.35,1309.8,1.0505,-4943.4
212.8,3.50575,3236.23,-27507.0,1606.92,1309.57,-9.9495,-4951.92
212.9,3.50379,3281.43,-28326.7,2598.59,1310.84,-24.5429,-4945.93
213.0,3.49899,3315.75,-28888.0,3361.56,1308.44,-33.7119,-4941.53
213.1,3.49466,3357.63,-29714.8,3510.39,1310.9,-18.3074,-4947.82
213.2,3.49394,3380.73,-30837.7,3430.06,1322.37,21.714,-4963.75
213.3,3.49485,3381.91,-31408.6,3648.09,1329.38,48.5662,-4981.46
213.4,3.49868,3381.42,-31271.5,4676.04,1330.71,44.2385,-4974.01
213.5,3.50132,3358.2,-30716.4,6278.32,1326.67,5.46675,-4952.1
213.6,3.49993,3351.04,-30173.5,7541.44,1320.26,-35.0832,-4946.76
213.7,3.50003,3365.87,-29776.8,7844.8,1317.28,-41.9405,-4954.41
213.8,3.50308,3371.58,-29419.5,7362.6,1316.59,-15.107,-4946.79
213.9,3.50945,3387.28,-28907.6,6742.55,1309.94,11.4012,-4934.74
214.0,3.51753,3404.35,-28657.0,6677.39,1309.32,14.414,-4934.3
214.1,3.52021,3419.78,-28794.9,7227.32,1310.06,0.90275,-4947.71
214.2,3.51459,3464.69,-29152.7,7624.28,1316.08,-13.4587,-4961.13
214.3,3.50531,3524.62,-29262.2,7289.84,1326.04,-5.46,-4970.73
214.4,3.49585,3566.07,-29462.0,6267.58,1338.51,23.3867,-4966.98
214.5,3.48953,3588.22,-29949.6,5117.53,1349.82,48.8527,-4967.31
214.6,3.48896,3577.35,-30397.1,4849.14,1354.67,59.546,-4982.92
214.7,3.48841,3519.12,-30183.5,5836.89,1349.59,38.7397,-4993.0
214.8,3.48512,3459.69,-29119.1,7522.42,1340.53,-4.83225,-4978.63
214.9,3.48143,3398.89,-27810.0,8992.64,1327.46,-39.0851,-4954.99
215.0,3.47738,3331.44,-27092.0,9447.58,1321.29,-41.7776,-4952.05
215.1,3.47829,3276.24,-26753.6,8870.23,1322.35,-10.1009,-4975.06
215.2,3.48544,3200.4,-26170.0,8168.45,1321.08,31.2051,-4985.93
215.3,3.49194,3113.45,-25327.6,8090.59,1313.34,45.538,-4963.3
215.4,3.49603,3055.67,-25048.3,8679.84,1307.18,25.7641,-4942.92
215.5,3.49675,3012.31,-25518.4,9379.99,1305.59,-2.97325,-4964.67
215.6,3.49379,2994.72,-26353.8,9340.29,1302.8,-16.0014,-4987.78
215.7,3.49289,3005.31,-26770.7,8318.96,1297.14,-6.78956,-4979.65
215.8,3.49524,3004.44,-26831.0,7016.44,1294.73,13.0201,-4961.57
215.9,3.4966,2992.72,-27046.3,6167.39,1291.76,14.8167,-4966.96
216.0,3.49563,2985.08,-27536.9,6069.18,1285.36,-7.87275,-4987.35
216.1,3.4913,2970.5,-27701.4,6468.48,1281.58,-28.3596,-4994.97
216.2,3.48455,2961.91,-27459.7,6586.26,1283.2,-29.8954,-4974.95
216.3,3.48098,2964.27,-27173.9,6201.89,1285.85,-1.35645,-4958.95
216.4,3.47953,2941.75,-27253.7,5752.94,1285.17,32.7785,-4963.96
216.5,3.47631,2913.65,-27796.2,5655.16,1287.84,34.4584,-4964.83
216.6,3.47413,2890.27,-28381.2,6019.39,1286.4,1.49312,-4954.84
216.7,3.47364,2840.47,-28947.2,6450.54,1274.93,-39.5414,-4948.04
216.8,3.4759,2786.3,-29950.0,6302.66,1261.96,-60.2199,-4950.83
216.9,3.48382,2734.15,-31026.1,5449.39,1261.76,-54.1206,-4976.05
217.0,3.49296,2676.94,-31693.7,4362.65,1263.17,-31.2215,-4999.34
217.1,3.49912,2650.97,-31801.1,3545.11,1266.94,-10.7751,-4999.69
217.2,3.50261,2656.45,-31795.5,3175.21,1277.85,-7.77975,-4988.76
217.3,3.50362,2683.04,-31550.1,3057.25,1288.34,-7.50287,-4998.58
217.4,3.50437,2730.83,-31176.3,2933.55,1295.42,7.19263,-4996.04
217.5,3.50355,2779.0,-30497.5,2639.19,1298.82,12.9079,-4968.62
217.6,3.49906,2838.5,-29834.2,2249.45,1302.8,0.6455,-4942.67
217.7,3.4935,2903.1,-29538.5,1986.97,1300.67,-16.6885,-4944.05
217.8,3.48821,2943.74,-29415.0,1910.95,1292.6,-34.7952,-4961.91
217.9,3.48569,2970.63,-29176.2,1945.47,1283.79,-45.8413,-4968.31
218.0,3.48721,2972.8,-29025.1,1962.64,1278.57,-48.1683,-4961.04
218.1,3.4878,2952.77,-29291.2,1692.79,1277.66,-39.9888,-4966.57
218.2,3.48746,2952.27,-30167.3,1052.3,1285.82,-12.3295,-4979.07
218.3,3.48747,2950.04,-31063.1,246.033,1292.04,20.0068,-4978.87
218.4,3.48821,2949.42,-31398.2,-374.458,1294.19,38.4238,-4964.56
218.5,3.49197,2955.13,-31508.5,-605.432,1292.24,27.7932,-4941.43
218.6,3.49767,2959.93,-31690.5,-308.795,1298.68,6.4215,-4941.26
218.7,3.50198,2966.07,-31806.5,246.424,1297.82,-18.7087,-4963.6
218.8,3.50428,2988.49,-31681.2,855.553,1286.75,-33.6478,-4973.4
218.9,3.50605,3018.14,-31428.5,1599.68,1276.63,-28.3225,-4960.38
219.0,3.50745,3049.65,-31396.7,2555.8,1266.0,-13.2743,-4950.86
219.1,3.50988,3089.81,-31833.7,3692.86,1267.65,-3.69025,-4956.62
219.2,3.51155,3124.27,-32188.6,4916.56,1272.46,0.76,-4963.98
219.3,3.50739,3157.72,-32057.6,5837.13,1274.68,0.876375,-4952.54
219.4,3.49894,3208.13,-31710.8,6121.66,1283.33,-1.30988,-4936.32
219.5,3.49052,3251.3,-31593.3,5943.3,1293.49,6.56138,-4945.97
219.6,3.4849,3268.11,-31789.7,5684.45,1296.59,14.1339,-4973.55
219.7,3.4829,3259.87,-31768.4,5582.18,1295.57,0.8935,-4990.93
219.8,3.48379,3230.83,-31306.7,5719.65,1296.06,-16.5745,-4983.88
219.9,3.48462,3180.55,-30631.1,5863.63,1293.17,-18.1768,-4973.8
220.0,3.48475,3129.51,-30055.4,5828.91,1291.51,2.71569,-4977.33
220.1,3.48596,3079.09,-29562.7,5701.47,1291.15,28.5604,-4977.57
220.2,3.48879,3030.38,-29006.7,5811.46,1290.41,48.6554,-4958.09
220.3,3.49263,2987.28,-28436.4,6252.31,1290.3,47.9577,-4937.2
220.4,3.49548,2952.38,-28182.2,6910.22,1294.84,31.7275,-4935.4
220.5,3.49596,2927.98,-28123.3,7539.01,1297.61,14.0272,-4953.21
220.6,3.49368,2910.44,-27940.5,7848.67,1292.54,-1.69586,-4968.31
220.7,3.49158,2906.49,-27526.2,7833.23,1293.36,-8.54963,-4973.15
220.8,3.49185,2898.53,-27071.3,7681.07,1301.75,-6.00637,-4978.73
220.9,3.49314,2884.11,-26704.5,7627.04,1309.07,4.14213,-4987.83
221.0,3.4921,2867.85,-26153.8,7781.75,1306.96,14.2039,-4990.05
221.1,3.48675,2855.27,-25608.0,8151.47,1303.36,24.0215,-4965.94
221.2,3.47864,2846.94,-25075.2,8617.56,1303.34,33.167,-4945.38
221.3,3.4713,2829.84,-24806.7,8976.62,1302.77,31.6549,-4943.77
221.4,3.46724,2795.51,-24856.2,9073.23,1304.87,19.1286,-4948.11
221.5,3.46634,2737.4,-25018.3,8890.46,1305.81,5.10175,-4951.83
221.6,3.46619,2662.91,-25319.4,8461.7,1305.36,-8.48763,-4959.85
221.7,3.46748,2588.57,-25747.7,7955.72,1303.54,-15.2435,-4976.96
221.8,3.47204,2509.3,-26059.6,7460.99,1296.49,-18.5585,-4994.3
221.9,3.4797,2432.2,-26290.3,7001.0,1290.88,-13.3872,-4991.53
222.0,3.48798,2364.49,-26573.5,6483.28,1287.62,-1.574,-4976.83
222.1,3.49232,2320.99,-27139.6,5839.51,1286.48,14.5343,-4966.48
222.2,3.49147,2309.11,-27945.5,5084.47,1291.05,27.7057,-4961.98
222.3,3.48764,2321.14,-28560.3,4329.99,1292.67,30.5742,-4955.92
222.4,3.48534,2344.77,-28968.3,3901.74,1290.72,31.053,-4944.14
222.5,3.48549,2354.82,-29569.7,3905.54,1285.99,17.2825,-4940.52
222.6,3.48578,2359.74,-30380.0,4245.77,1277.27,-9.34075,-4960.59
222.7,3.48374,2363.86,-30998.9,4671.21,1271.05,-31.516,-4989.03
222.8,3.47873,2366.32,-31109.0,4812.45,1269.4,-40.1232,-4996.77
222.9,3.47378,2371.63,-30953.4,4481.5,1276.38,-30.485,-4984.44
223.0,3.4731,2361.12,-31033.4,3952.86,1288.8,-4.4475,-4978.41
223.1,3.4739,2326.18,-31376.9,3659.71,1297.06,20.9172,-4980.66
223.2,3.4736,2292.31,-31513.9,3690.73,1301.49,19.3235,-4970.62
223.3,3.47228,2264.24,-31232.9,3861.34,1304.92,-2.517,-4943.13
223.4,3.47169,2237.09,-30844.8,3772.38,1303.84,-19.3444,-4925.2
223.5,3.47478,2211.64,-30778.9,3074.78,1301.87,-26.2005,-4935.01
223.6,3.48329,2189.75,-30674.0,2048.05,1293.05,-18.3756,-4962.54
223.7,3.49511,2168.57,-30293.7,1301.52,1284.23,-5.80188,-4972.05
223.8,3.50481,2165.09,-29941.4,1041.18,1286.42,-11.5817,-4960.79
223.9,3.50995,2196.84,-30299.5,1102.37,1291.68,-23.1945,-4953.52
224.0,3.50943,2254.5,-31368.9,1117.99,1298.03,-17.9544,-4964.63
224.1,3.50421,2339.77,-32278.7,731.698,1301.83,1.10225,-4971.9
224.2,3.49912,2440.54,-32295.7,15.8226,1299.12,16.0127,-4953.06
224.3,3.49661,2529.91,-31994.3,-342.466,1299.32,29.5051,-4922.2
224.4,3.4946,2595.85,-32157.8,73.4646,1299.03,23.7044,-4922.1
224.5,3.49133,2648.16,-32605.3,1073.9,1300.39,-14.4203,-4961.49
224.6,3.48691,2685.98,-32561.3,2256.41,1296.1,-46.0019,-4987.19
224.7,3.48243,2703.29,-31844.4,3165.93,1286.59,-43.6021,-4972.2
224.8,3.47986,2706.68,-31211.1,3521.26,1275.48,-23.5934,-4955.19
224.9,3.48301,2699.15,-31392.0,3782.93,1274.86,6.8933,-4969.33
225.0,3.48898,2663.13,-31893.4,4445.18,1278.34,30.4036,-4990.13
225.1,3.49279,2628.96,-31996.1,5428.79,1282.73,24.6036,-4975.41
225.2,3.49445,2615.92,-31882.1,6349.38,1288.71,3.03444,-4939.5
225.3,3.49499,2616.34,-32251.9,6839.47,1293.41,-3.61269,-4934.6
225.4,3.49733,2636.23,-33064.6,6720.44,1293.42,3.44263,-4970.61
225.5,3.50495,2666.69,-33671.3,6477.33,1293.81,14.1405,-4996.79
225.6,3.5132,2684.18,-33515.4,6647.46,1290.74,11.6046,-4991.78
225.7,3.51624,2717.88,-32969.3,7209.2,1285.33,-4.62375,-4984.69
225.8,3.51306,2771.83,-32574.2,7690.95,1283.1,-18.261,-4996.54
225.9,3.50432,2831.64,-32339.4,7647.81,1284.5,-7.006,-5002.67
226.0,3.49492,2898.05,-31579.3,7088.16,1281.15,29.3485,-4985.96
226.1,3.48927,2941.07,-30233.2,6529.18,1276.6,57.3478,-4953.6
226.2,3.48511,2948.59,-29094.4,6469.39,1272.64,51.6186,-4926.0
226.3,3.48081,2937.38,-28367.3,6975.12,1270.63,22.8388,-4931.93
226.4,3.47649,2903.53,-27586.9,7702.93,1268.06,-6.4125,-4958.24
226.5,3.47357,2853.52,-26542.4,8188.17,1269.4,-20.2407,-4963.86
226.6,3.47612,2796.19,-25527.2,8391.63,1281.7,-11.813,-4958.7
226.7,3.48297,2722.04,-25098.8,8690.11,1294.75,7.86925,-4972.93
226.8,3.48976,2651.87,-25366.6,9358.5,1303.02,19.4037,-4993.76
226.9,3.49485,2599.69,-25798.0,10370.1,1303.29,14.8798,-4988.44
227.0,3.49664,2561.05,-25954.9,11333.2,1298.32,1.3825,-4959.74
227.1,3.49669,2548.94,-26253.6,11639.5,1296.91,-10.587,-4935.46
227.2,3.49796,2552.6,-27035.8,11061.2,1293.75,-10.9775,-4938.89
227.3,3.49949,2558.63,-27591.3,9897.87,1285.65,-3.88025,-4967.7
227.4,3.49975,2577.36,-27552.5,8696.94,1277.69,2.84725,-4979.09
227.5,3.50003,2599.74,-26875.6,7925.35,1268.0,0.307,-4976.4
227.6,3.49715,2608.05,-26324.6,7480.54,1264.38,-12.4755,-4981.45
227.7,3.49162,2622.22,-26071.8,6884.22,1268.4,-14.3993,-4999.92
227.8,3.48517,2628.39,-25951.6,5873.62,1280.59,8.75562,-4993.24
227.9,3.47814,2623.07,-25708.7,4627.85,1294.36,44.3811,-4954.89
228.0,3.47305,2611.08,-26002.6,3709.76,1302.98,65.6065,-4910.65
228.1,3.47026,2570.99,-27098.9,3555.58,1304.63,50.7121,-4902.25
228.2,3.46866,2513.75,-28584.5,3983.44,1302.4,11.573,-4920.74
228.3,3.47121,2453.43,-29908.6,4432.49,1307.05,-22.4795,-4931.62
228.4,3.47751,2378.85,-30927.9,4433.73,1309.85,-33.5416,-4940.99
228.5,3.4859,2316.04,-32127.9,4059.32,1311.13,-15.5872,-4969.72
228.6,3.49522,2272.88,-33644.1,3773.43,1309.94,9.97606,-5006.19
228.7,3.50278,2252.02,-34923.3,3990.01,1315.6,22.6098,-5018.63
228.8,3.50737,2263.11,-35416.7,4627.68,1320.98,17.8293,-4994.72
228.9,3.50962,2301.34,-35180.2,5259.34,1328.72,7.07294,-4958.61
229.0,3.50893,2360.37,-34820.8,5413.56,1336.66,0.492438,-4930.75
229.1,3.50683,2438.83,-34584.4,4996.67,1342.48,-0.163438,-4921.46
229.2,3.50407,2521.29,-34339.1,4379.42,1347.24,-1.16291,-4926.28
229.3,3.50086,2597.79,-33857.5,4049.4,1350.74,-4.95816,-4940.4
229.4,3.49866,2661.85,-33517.7,4229.0,1352.06,-14.9419,-4955.92
229.5,3.49602,2703.99,-33652.1,4512.37,1357.0,-35.6986,-4977.28
229.6,3.49247,2736.64,-34119.3,4248.16,1359.3,-42.1736,-5000.32
229.7,3.4888,2755.87,-34409.1,3185.25,1354.94,-15.2291,-5007.94
229.8,3.48501,2762.14,-34382.6,1637.7,1348.96,26.4942,-4986.0
229.9,3.48464,2765.63,-34228.2,276.936,1342.51,46.6366,-4956.42
230.0,3.48987,2753.92,-34382.3,-168.67,1339.16,39.8675,-4940.93
230.1,3.49741,2730.97,-34630.7,256.365,1339.75,11.397,-4944.64
230.2,3.50454,2719.5,-34787.2,914.281,1335.0,-19.0065,-4943.02
230.3,3.50982,2727.3,-35063.3,1341.53,1335.95,-25.5037,-4936.57
230.4,3.51267,2757.05,-35501.6,1381.45,1339.29,-8.334,-4956.6
230.5,3.51704,2810.38,-36107.5,1237.03,1338.72,11.1617,-4989.4
230.6,3.52358,2861.5,-36386.4,1459.62,1333.44,28.9272,-5003.52
230.7,3.52697,2914.58,-36194.5,2089.43,1329.87,30.6103,-4990.77
230.8,3.52504,2996.18,-35927.5,2918.38,1327.86,26.2445,-4974.25
230.9,3.51796,3083.82,-36005.1,3723.16,1328.2,23.8148,-4972.07
231.0,3.50596,3173.51,-36035.6,4243.99,1328.2,18.6035,-4979.56
231.1,3.49706,3262.25,-35732.5,4461.21,1324.45,13.125,-4967.22
231.2,3.49399,3301.83,-35306.4,4653.58,1322.34,12.8645,-4943.31
231.3,3.49351,3304.59,-35105.4,4974.22,1317.22,16.612,-4943.82
231.4,3.49482,3289.71,-35101.5,5476.0,1304.12,15.989,-4968.87
231.5,3.49502,3253.29,-34714.0,6058.21,1288.16,10.8805,-4985.39
231.6,3.4946,3227.25,-33914.1,6432.1,1279.55,12.8488,-4973.63
231.7,3.49729,3208.95,-33058.2,6449.93,1274.24,23.0317,-4965.25
231.8,3.50148,3186.12,-32559.9,6292.01,1274.71,36.343,-4976.36
231.9,3.50542,3171.32,-32164.1,6157.56,1281.48,37.242,-4982.07
232.0,3.50878,3166.17,-31434.8,6272.67,1288.44,24.1427,-4965.07
232.1,3.51085,3165.52,-30465.4,6589.72,1290.48,5.15163,-4943.36
232.2,3.51305,3176.78,-29740.6,6810.87,1290.31,-11.9591,-4942.24
232.3,3.51711,3194.95,-29166.6,6936.51,1298.64,-8.1285,-4964.37
232.4,3.52055,3215.32,-28508.2,7181.75,1312.99,11.8465,-4979.17
232.5,3.51975,3251.73,-27754.8,7732.13,1313.81,23.8659,-4975.65
232.6,3.51419,3299.03,-27303.1,8658.51,1307.59,20.3436,-4977.73
232.7,3.50406,3340.6,-27012.0,9740.94,1299.35,12.0805,-4999.9
232.8,3.49267,3374.27,-26793.6,10367.1,1296.48,-1.394,-5004.56
232.9,3.48418,3384.15,-26581.1,10047.6,1291.75,-15.0602,-4978.88
233.0,3.48041,3362.08,-26697.0,8960.91,1283.38,-4.13894,-4955.37
233.1,3.47975,3308.13,-27413.8,7584.29,1275.05,15.7,-4954.37
233.2,3.48241,3241.9,-28275.4,6488.7,1272.48,20.7037,-4965.26
233.3,3.48837,3163.91,-28545.8,5909.15,1276.16,7.07213,-4972.25
233.4,3.49505,3083.22,-28379.9,5493.74,1283.05,-6.79275,-4970.41
233.5,3.50123,3022.82,-28267.8,4827.74,1290.71,2.99113,-4979.99
233.6,3.50532,2980.18,-28534.7,3890.36,1304.64,31.1515,-5000.96
233.7,3.50572,2963.59,-28983.6,3008.81,1323.93,51.3884,-5004.14
233.8,3.50569,2971.67,-29327.4,2680.54,1337.86,52.2543,-4977.4
233.9,3.50622,2977.37,-29563.0,2980.83,1350.56,26.7787,-4945.44
234.0,3.50666,2989.11,-29903.2,3402.79,1361.53,-11.0931,-4927.1
234.1,3.50858,3013.02,-30287.0,3585.54,1371.81,-27.1667,-4923.23
234.2,3.50855,3028.31,-30725.6,3584.09,1375.0,-15.0515,-4922.95
234.3,3.50352,3053.13,-31076.9,3591.87,1367.6,-3.42537,-4937.33
234.4,3.49722,3088.7,-31832.4,4013.46,1356.47,0.286875,-4953.48
234.5,3.48966,3099.45,-32784.2,4727.64,1350.01,-8.58412,-4975.79
234.6,3.48437,3107.87,-33424.1,5227.14,1352.86,-14.1698,-4994.94
234.7,3.48379,3091.17,-33649.0,5132.04,1356.04,-11.8142,-4987.43
234.8,3.48392,3049.14,-33417.2,4551.81,1354.35,1.07025,-4968.72
234.9,3.4853,3022.97,-33190.2,3874.0,1358.05,8.59025,-4953.42
235.0,3.49078,3000.29,-32866.0,3582.9,1362.1,-3.5485,-4951.26
235.1,3.50032,2981.2,-32482.7,3740.17,1369.75,-26.8983,-4946.61
235.2,3.51193,2974.39,-32240.2,3820.0,1382.82,-48.335,-4938.73
235.3,3.52117,2983.29,-32419.4,3429.57,1395.46,-41.0067,-4947.22
235.4,3.5241,3019.32,-33170.8,2659.77,1409.49,0.28725,-4972.89
235.5,3.52115,3086.81,-33794.4,1898.13,1410.58,38.4688,-4998.8
235.6,3.5175,3173.06,-34014.1,1679.22,1405.81,50.7645,-4995.45
235.7,3.51592,3247.9,-33972.5,1993.28,1392.72,31.6157,-4972.25
235.8,3.51597,3317.13,-34170.1,2480.2,1383.21,9.85,-4959.23
235.9,3.51455,3370.69,-34728.9,2653.08,1377.73,-4.65475,-4958.84
236.0,3.50809,3420.86,-35234.6,2471.55,1374.43,-2.287,-4953.99
236.1,3.49912,3470.22,-35327.2,2070.93,1369.16,-1.21925,-4942.17
236.2,3.49337,3506.48,-35465.5,1853.82,1373.34,5.101,-4935.14
236.3,3.49398,3506.01,-36105.5,1981.46,1373.35,15.3314,-4946.24
236.4,3.4965,3475.52,-36933.3,2148.87,1370.24,17.3124,-4974.81
236.5,3.4975,3447.75,-37206.6,2095.64,1368.11,23.4736,-4993.65
236.6,3.4956,3421.04,-36766.0,1764.87,1367.86,38.6931,-4983.54
236.7,3.49394,3407.6,-36154.9,1329.87,1370.35,51.4362,-4966.14
236.8,3.49969,3403.83,-36026.1,1176.11,1374.87,47.1635,-4965.55
236.9,3.51176,3386.55,-36109.3,1578.91,1377.97,25.806,-4976.94
237.0,3.52312,3376.96,-35700.0,2363.49,1375.6,0.352875,-4973.28
237.1,3.5281,3391.37,-34768.9,3120.51,1362.21,-17.1392,-4951.29
237.2,3.52406,3434.11,-33703.8,3491.19,1343.06,-16.9189,-4949.53
237.3,3.51707,3506.04,-33146.9,3394.55,1330.34,2.64231,-4969.02
237.4,3.51348,3574.8,-32674.4,3064.96,1314.25,26.5816,-4992.24
237.5,3.51358,3625.7,-31851.3,2903.07,1302.99,45.6035,-4997.54
237.6,3.51214,3658.16,-30755.8,3032.83,1293.27,45.8189,-4985.1
237.7,3.50406,3687.5,-29772.7,3424.4,1285.47,35.9872,-4976.86
237.8,3.49094,3714.0,-29415.8,3856.18,1282.3,24.128,-4973.87
237.9,3.48074,3727.21,-29240.7,4243.02,1295.27,18.6516,-4981.11
238.0,3.4799,3701.47,-28878.0,4679.36,1311.23,16.3419,-4981.86
238.1,3.4861,3630.33,-28487.5,5313.53,1319.1,11.7584,-4969.7
238.2,3.49224,3538.77,-28428.0,6099.28,1317.31,2.90775,-4967.15
238.3,3.49439,3457.57,-28545.3,6879.48,1307.79,1.01338,-4987.87
238.4,3.49469,3397.23,-28588.3,7413.9,1292.37,7.8225,-4999.46
238.5,3.49845,3356.73,-28222.9,7498.21,1276.54,16.0672,-4990.68
238.6,3.50795,3326.73,-27820.6,7078.46,1269.97,19.7366,-4976.18
238.7,3.51784,3308.47,-27558.7,6288.96,1269.36,24.5559,-4979.45
238.8,3.52158,3319.06,-27056.0,5433.07,1272.92,34.7639,-4992.58
238.9,3.51852,3359.09,-25985.0,4929.89,1282.61,42.3976,-4986.62
239.0,3.5112,3407.57,-24659.8,4824.64,1290.4,27.032,-4961.64
239.1,3.50464,3457.3,-23943.4,4943.72,1294.79,6.8275,-4946.25
239.2,3.50119,3485.43,-24073.1,5166.33,1292.83,10.005,-4958.3
239.3,3.49676,3485.66,-24368.7,5425.94,1283.08,24.6982,-4974.23
239.4,3.48965,3482.98,-24618.7,5895.91,1279.8,32.0327,-4958.16
239.5,3.48076,3455.48,-25289.7,6713.82,1280.51,20.5938,-4931.99
239.6,3.47181,3409.92,-26765.2,7600.79,1294.0,-1.89225,-4945.22
239.7,3.46938,3351.2,-28578.8,8117.93,1315.25,-18.7712,-4984.25
239.8,3.47276,3258.58,-29765.5,8041.51,1331.35,-22.9277,-4998.88
239.9,3.47795,3160.29,-30088.4,7566.38,1344.09,-8.27425,-4983.98
240.0,3.4841,3070.71,-30420.7,7242.49,1356.94,10.4762,-4973.9
240.1,3.4883,2984.83,-31231.0,7339.22,1360.14,5.85975,-4988.99
240.2,3.49306,2934.64,-31914.2,7660.05,1356.25,-14.0717,-5001.48
240.3,3.50157,2906.68,-31877.9,7807.4,1349.32,-25.5758,-4978.18
240.4,3.50975,2894.82,-31271.3,7417.63,1339.35,-20.9035,-4944.93
240.5,3.51504,2921.91,-31174.9,6571.86,1326.01,-5.33675,-4934.42
240.6,3.51595,2973.58,-31914.4,5937.6,1322.89,12.5763,-4955.05
240.7,3.51105,3043.57,-32782.3,5860.53,1327.76,11.282,-4980.55
240.8,3.50574,3133.56,-33102.0,6162.38,1334.04,-8.67325,-4985.52
240.9,3.50272,3208.27,-33417.5,6563.37,1348.72,-16.773,-4970.23
241.0,3.4983,3262.22,-34246.5,6628.98,1370.37,-6.3905,-4972.6
241.1,3.49219,3313.89,-35310.0,6318.11,1389.3,9.23588,-4995.42
241.2,3.48484,3339.77,-36055.1,6036.84,1405.59,17.9641,-4989.75
241.3,3.4778,3341.78,-36045.3,6072.13,1414.61,13.4132,-4956.22
241.4,3.47633,3323.78,-35899.7,6302.15,1419.1,-7.21569,-4931.68
241.5,3.48176,3274.85,-36182.2,6467.62,1423.88,-25.3119,-4938.02
241.6,3.48971,3206.66,-36570.7,6070.86,1422.72,-33.0728,-4955.84
241.7,3.49713,3159.08,-36528.5,5098.15,1421.24,-13.3014,-4956.2
241.8,3.5038,3127.8,-35970.9,4011.01,1412.83,21.394,-4947.8
241.9,3.50952,3123.48,-35427.9,3313.74,1400.89,43.396,-4953.52
242.0,3.51919,3152.2,-35373.0,3364.61,1386.67,47.2314,-4964.6
242.1,3.52871,3185.05,-35557.8,4022.13,1381.05,31.739,-4967.36
242.2,3.5313,3250.75,-35609.6,4649.68,1381.05,10.6057,-4957.01
242.3,3.52734,3354.9,-35680.7,4924.99,1389.29,3.04137,-4945.25
242.4,3.51672,3458.25,-35863.9,4824.85,1400.41,1.41656,-4947.37
242.5,3.50602,3571.78,-36289.1,4589.33,1415.69,2.43869,-4954.96
242.6,3.50297,3653.21,-36802.0,4648.31,1428.63,3.948,-4960.88
242.7,3.50287,3681.42,-37096.6,5190.32,1432.62,8.185,-4974.65
242.8,3.50063,3696.42,-36888.9,5807.14,1419.34,5.71725,-4993.96
242.9,3.49454,3704.18,-36175.7,6094.75,1396.95,6.09013,-5002.11
243.0,3.48581,3708.16,-35115.2,5784.43,1379.09,22.4909,-4997.95
243.1,3.48272,3711.4,-34055.2,4967.16,1361.59,46.4977,-4990.61
243.2,3.48918,3682.06,-32963.2,4258.29,1339.29,59.8499,-4990.9
243.3,3.50008,3631.62,-31903.3,4207.72,1329.42,54.8535,-4981.83
243.4,3.51006,3590.15,-30888.6,4793.89,1325.18,31.8265,-4962.14
243.5,3.5152,3570.12,-30123.7,5696.7,1318.08,13.2607,-4952.55
243.6,3.51498,3578.59,-29649.8,6256.2,1311.11,4.9165,-4961.7
243.7,3.51621,3627.72,-29266.5,6237.96,1310.4,20.4153,-4973.29
243.8,3.52276,3674.95,-28747.3,6015.11,1309.11,51.0197,-4975.37
243.9,3.52827,3711.89,-28425.9,5974.98,1308.17,64.443,-4972.46
244.0,3.52831,3766.9,-28424.3,6402.16,1307.91,56.9195,-4982.42
244.1,3.51973,3821.05,-28620.2,7228.72,1306.71,37.9803,-4992.98
244.2,3.50429,3885.87,-28813.3,7857.48,1304.67,16.3765,-4982.7
244.3,3.49252,3948.59,-28892.2,7740.92,1293.38,-0.60825,-4962.34
244.4,3.48741,3962.48,-28693.0,6891.75,1281.1,1.281,-4960.2
244.5,3.48625,3940.32,-28358.5,5637.9,1270.81,20.5265,-4960.96
244.6,3.48771,3896.84,-27924.7,4684.33,1264.82,44.304,-4953.86
244.7,3.48865,3827.75,-27485.7,4581.06,1265.69,53.4528,-4956.19
244.8,3.48786,3759.09,-27207.5,5060.6,1268.31,37.2075,-4972.21
244.9,3.4899,3703.82,-26925.8,5601.54,1278.35,20.6856,-4990.62
245.0,3.49332,3641.35,-26606.6,5837.04,1290.58,26.3464,-4990.8
245.1,3.49624,3596.21,-26599.8,5873.77,1308.78,47.3585,-4978.69
245.2,3.49941,3554.81,-27202.5,6127.82,1332.04,43.909,-4975.61
245.3,3.50141,3508.7,-28073.1,6867.94,1350.6,13.1481,-4983.32
245.4,3.50446,3475.1,-28752.2,7921.31,1361.78,-14.1774,-4979.41
245.5,3.50798,3438.17,-29109.4,8747.89,1359.8,-28.8861,-4964.62
245.6,3.50932,3421.52,-29678.3,8971.99,1349.93,-24.3395,-4960.58
245.7,3.50805,3428.99,-30786.1,8717.83,1336.99,-0.498375,-4981.46
245.8,3.50301,3445.86,-32116.2,8412.48,1323.41,26.4035,-5006.22
245.9,3.49525,3471.13,-33063.0,8301.29,1314.94,33.591,-5013.44
246.0,3.48901,3488.67,-33417.0,8460.74,1308.86,23.5064,-5004.69
246.1,3.48334,3482.52,-33526.2,8554.81,1312.73,2.4838,-4994.41
246.2,3.47871,3475.4,-33632.2,8167.95,1320.09,-11.4336,-4988.81
246.3,3.47776,3460.85,-33674.6,7454.74,1326.11,-2.49095,-4978.4
246.4,3.47936,3427.96,-33550.0,6873.28,1336.14,14.6941,-4960.15
246.5,3.48551,3396.26,-33511.4,6844.02,1350.58,18.3908,-4942.48
246.6,3.4956,3352.69,-34046.1,7473.64,1373.51,3.35931,-4939.09
246.7,3.50243,3306.06,-35103.1,8183.38,1393.89,-15.9736,-4953.1
246.8,3.5051,3296.96,-36140.9,8335.11,1404.86,-15.9466,-4970.86
246.9,3.50448,3305.64,-36951.8,7820.32,1411.15,3.31413,-4970.6
247.0,3.50353,3332.35,-37723.2,7077.84,1418.01,24.5616,-4962.12
247.1,3.50781,3365.35,-38688.5,6713.35,1417.59,22.1022,-4963.87
247.2,3.51359,3379.23,-39533.8,6829.23,1411.01,-12.1287,-4972.17
247.3,3.51579,3408.87,-39633.2,6890.4,1400.5,-48.6421,-4966.21
247.4,3.5132,3459.53,-38928.7,6292.14,1386.61,-56.7957,-4943.69
247.5,3.50759,3527.65,-38196.0,5098.91,1380.73,-22.7033,-4929.38
247.6,3.50365,3596.67,-37891.0,3771.93,1383.68,14.457,-4947.03
247.7,3.50331,3653.34,-37764.5,3095.39,1394.27,34.5057,-4975.62
247.8,3.50316,3687.05,-37452.2,3319.35,1406.21,31.5748,-4976.87
247.9,3.49825,3715.78,-37165.6,3915.91,1415.14,10.299,-4958.32
248.0,3.49156,3753.27,-37390.4,4273.35,1429.55,-4.07975,-4961.36
248.1,3.48822,3774.48,-38089.0,4209.91,1443.91,1.5235,-4984.23
248.2,3.4916,3775.56,-38726.3,3894.94,1450.61,6.37675,-4989.93
248.3,3.50223,3762.41,-38789.1,3736.05,1444.24,-2.771,-4978.89
248.4,3.51367,3734.07,-38534.1,3917.81,1431.23,-18.0343,-4976.18
248.5,3.51951,3725.76,-38278.2,4109.15,1413.3,-23.574,-4991.49
248.6,3.52162,3755.25,-37741.1,3965.68,1398.54,-7.189,-5009.31
248.7,3.52242,3800.31,-36471.6,3381.63,1383.94,21.17,-5008.92
248.8,3.52439,3865.7,-35096.2,2655.52,1379.06,54.9925,-4979.79
248.9,3.52747,3938.83,-34184.8,2282.52,1383.95,77.8315,-4961.42
249.0,3.52682,4013.44,-33639.5,2590.93,1389.12,77.2428,-4969.72
249.1,3.52011,4098.04,-32822.1,3383.6,1384.82,47.445,-4970.59
249.2,3.51032,4185.86,-31473.4,4152.82,1373.4,8.63075,-4945.18
249.3,3.50303,4256.52,-30199.0,4458.01,1361.4,-9.66838,-4925.27
249.4,3.5016,4296.02,-29696.0,4240.34,1351.01,0.181625,-4940.76
249.5,3.5044,4302.51,-29834.4,3956.81,1340.87,26.4069,-4971.03
249.6,3.50632,4290.95,-29863.0,4147.47,1326.18,48.5696,-4979.58
249.7,3.50479,4281.48,-29648.3,4959.9,1314.46,55.8394,-4962.39
249.8,3.50232,4275.37,-29823.0,5998.75,1314.58,47.5822,-4947.19
249.9,3.50191,4266.34,-30226.8,6556.52,1315.77,30.7444,-4962.0
250.0,3.50559,4259.09,-30504.5,6217.9,1316.68,22.934,-4972.57
250.1,3.51212,4244.46,-29995.3,5174.68,1314.31,25.6636,-4963.08
250.2,3.51731,4232.57,-29489.5,4030.76,1313.25,27.1038,-4941.06
250.3,3.52048,4234.36,-29435.9,3373.82,1320.17,20.5838,-4954.39
250.4,3.5222,4242.85,-29595.7,3433.09,1335.27,15.0956,-4994.65
250.5,3.52157,4255.6,-29375.4,3791.14,1347.8,14.1077,-5003.96
250.6,3.51872,4281.1,-28871.9,3926.45,1355.05,26.6796,-4975.79
250.7,3.51168,4301.07,-28929.6,3503.27,1364.27,45.5459,-4960.91
250.8,3.50055,4319.62,-29711.2,2730.12,1371.63,69.7632,-4986.1
250.9,3.49038,4322.93,-30566.8,2183.27,1377.34,82.3385,-5004.42
251.0,3.484,4290.98,-31107.7,2381.59,1381.7,69.2183,-4982.12
251.1,3.48241,4228.62,-31608.1,3262.21,1380.07,29.7968,-4965.93
251.2,3.48306,4146.01,-32403.7,4290.4,1372.21,-9.33663,-4995.18
251.3,3.48341,4062.32,-33003.2,4885.36,1358.22,-18.1841,-5033.42
251.4,3.48433,3989.67,-32880.3,4910.5,1341.32,7.9935,-5027.96
251.5,3.48894,3922.59,-32297.2,4839.6,1327.9,47.1932,-4996.63
251.6,3.49659,3855.75,-32154.0,5187.68,1324.36,64.7775,-4984.68
251.7,3.50455,3806.66,-32413.7,6014.28,1333.99,52.5191,-4995.46
251.8,3.50943,3782.91,-32310.2,6796.29,1350.42,22.3494,-4985.88
251.9,3.509,3789.76,-31611.7,6823.6,1365.83,-1.4245,-4947.49
252.0,3.50758,3831.74,-31133.4,6067.83,1382.66,4.8325,-4925.14
252.1,3.50853,3869.42,-31593.7,5012.95,1400.18,17.9298,-4948.33
252.2,3.51172,3903.19,-32443.0,4378.35,1411.13,20.9505,-4990.68
252.3,3.51484,3930.56,-32877.2,4582.97,1408.53,13.0115,-4996.97
252.4,3.51086,3946.03,-32876.1,5236.4,1395.39,-2.923,-4971.02
252.5,3.50012,3980.32,-32959.8,5656.25,1385.84,-8.1475,-4962.76
252.6,3.48792,4005.62,-33423.7,5515.32,1379.45,4.58675,-4971.24
252.7,3.4797,4011.16,-34052.6,5140.86,1383.02,29.4923,-4960.35
252.8,3.47855,3983.93,-34444.9,4971.64,1386.39,27.619,-4933.08
252.9,3.48233,3926.64,-34991.6,5430.79,1397.99,-0.5245,-4918.49
253.0,3.48559,3852.73,-35568.2,6208.0,1407.33,-42.0872,-4940.04
253.1,3.48673,3797.09,-35860.0,6618.59,1410.04,-70.1657,-4966.72
253.2,3.49002,3757.19,-35682.1,6342.97,1412.9,-60.2082,-4972.12
253.3,3.49856,3725.06,-35561.6,5546.15,1420.78,-27.1073,-4969.2
253.4,3.51114,3706.37,-35932.5,4586.19,1428.64,-2.91675,-4982.38
253.5,3.52365,3707.2,-36428.2,3880.92,1435.96,6.45563,-5000.83
253.6,3.52859,3735.63,-36453.6,3521.89,1446.35,10.4353,-4991.65
253.7,3.52514,3813.12,-36040.7,3144.5,1458.48,4.8825,-4959.78
253.8,3.51927,3922.52,-35829.2,2599.82,1466.45,-2.66175,-4943.82
253.9,3.51481,4031.66,-36023.8,1973.72,1470.64,-4.591,-4963.4
254.0,3.51265,4132.98,-36082.1,1379.66,1462.54,-8.62875,-4986.45
254.1,3.51161,4213.87,-35410.9,1066.45,1446.12,-13.6065,-4992.06
254.2,3.5076,4264.8,-34357.2,1135.19,1427.23,-12.0753,-4984.86
254.3,3.50062,4305.41,-33597.3,1415.56,1410.21,-3.919,-4986.05
254.4,3.49465,4332.12,-33253.8,1768.75,1400.56,9.70831,-4993.01
254.5,3.4919,4335.96,-32959.1,2100.94,1400.55,23.8646,-4979.56
254.6,3.493,4327.85,-32627.3,2309.68,1410.79,29.2793,-4944.3
254.7,3.49655,4308.46,-32588.5,2370.44,1420.11,23.9252,-4917.55
254.8,3.49931,4281.55,-33051.9,2260.64,1423.52,13.2958,-4920.42
254.9,3.50289,4267.54,-33500.5,1930.0,1419.01,2.32736,-4942.65
255.0,3.5106,4261.54,-33240.8,1513.37,1405.78,-0.672344,-4960.66
255.1,3.52181,4261.94,-32207.0,1136.97,1381.73,3.47581,-4967.61
255.2,3.53345,4287.24,-31410.9,953.43,1353.75,14.1116,-4967.62
255.3,3.54003,4337.1,-31134.1,1017.84,1336.44,24.8846,-4983.69
255.4,3.53802,4421.12,-30752.0,1316.2,1331.49,37.4081,-4999.07
255.5,3.5304,4530.95,-29979.2,1766.2,1333.86,46.4963,-4969.22
255.6,3.52167,4635.47,-28933.0,2333.87,1340.5,46.296,-4921.48
255.7,3.5141,4719.31,-28528.8,2905.78,1349.62,32.148,-4900.67
255.8,3.50821,4779.59,-28960.1,3384.63,1358.15,13.2472,-4918.48
255.9,3.50158,4806.59,-29688.6,3617.14,1362.29,-2.73813,-4941.7
256.0,3.49383,4812.92,-30181.6,3571.66,1361.39,-3.459,-4955.36
256.1,3.488,4792.67,-30576.4,3320.42,1354.0,6.764,-4974.22
256.2,3.48577,4740.94,-31187.1,3015.5,1349.05,22.0648,-5009.09
256.3,3.48792,4667.7,-31862.1,2814.4,1351.32,39.461,-5036.85
256.4,3.49147,4576.23,-32187.3,2696.28,1356.94,48.1355,-5032.99
256.5,3.49322,4486.87,-31873.9,2487.61,1369.21,48.7605,-5010.43
256.6,3.49446,4413.54,-31324.4,2129.41,1381.66,52.1787,-4981.09
256.7,3.49795,4350.24,-31102.8,1806.7,1392.4,61.2165,-4952.38
256.8,3.50519,4300.37,-30843.9,1771.97,1399.73,61.344,-4948.44
256.9,3.51432,4264.44,-30467.6,2258.31,1396.46,48.971,-4950.49
257.0,3.51951,4245.35,-30023.7,3249.0,1382.73,33.5785,-4953.28
257.1,3.51688,4259.26,-29543.1,4308.87,1367.34,20.0688,-4975.64
257.2,3.50921,4297.69,-29282.6,4964.05,1352.71,16.6275,-5004.45
257.3,3.50101,4332.06,-29155.6,5125.3,1347.57,31.8363,-5019.69
257.4,3.49411,4347.61,-29051.1,4975.19,1348.47,52.9313,-5009.67
257.5,3.4882,4344.47,-28999.8,4860.74,1352.12,60.0025,-4985.12
257.6,3.48166,4318.06,-29193.1,4957.67,1355.35,45.9965,-4957.21
257.7,3.47461,4282.5,-29636.7,5084.19,1365.47,24.3959,-4934.98
257.8,3.47123,4234.34,-30134.6,4906.01,1375.83,9.79875,-4923.2
257.9,3.47314,4163.74,-30685.8,4314.47,1381.1,10.1424,-4922.88
258.0,3.47972,4085.05,-31325.1,3549.56,1379.88,23.288,-4941.99
258.1,3.48819,4004.75,-31945.8,3103.71,1371.14,37.2798,-4978.11
258.2,3.4942,3932.62,-32351.5,3314.82,1360.56,39.3251,-5009.23
258.3,3.49748,3889.02,-32497.6,4046.42,1356.99,26.0399,-5015.16
258.4,3.50181,3873.1,-32563.7,5014.47,1365.66,16.9564,-5002.86
258.5,3.50645,3862.17,-32610.1,5653.38,1379.18,3.77362,-4986.28
258.6,3.51003,3878.23,-32699.3,5801.95,1398.77,-1.20325,-4959.6
258.7,3.51162,3905.75,-32771.6,5700.68,1418.57,1.75038,-4924.67
258.8,3.5089,3943.11,-33006.1,5694.27,1434.55,-0.197094,-4903.34
258.9,3.50495,3994.64,-33601.8,5804.97,1441.45,-18.9077,-4913.42
259.0,3.50221,4033.16,-34334.4,5893.59,1438.82,-35.8698,-4948.66
259.1,3.49853,4053.34,-34684.7,5529.12,1432.89,-36.7097,-4989.34
259.2,3.49369,4080.83,-34640.5,4576.03,1432.26,-12.2178,-5015.0
259.3,3.48874,4099.09,-34590.1,3537.58,1433.95,26.3775,-5024.98
259.4,3.48315,4106.56,-34826.6,2953.01,1438.04,43.9303,-5025.88
259.5,3.48102,4114.51,-35049.3,2924.59,1441.7,23.4956,-5011.82
259.6,3.48448,4101.44,-34807.0,3197.42,1445.71,-12.2218,-4976.59
259.7,3.48945,4073.57,-33965.5,3131.92,1442.73,-37.0182,-4934.44
259.8,3.49597,4063.55,-32890.1,2550.62,1434.86,-32.9716,-4913.06
259.9,3.50384,4055.64,-32120.0,2110.87,1431.54,-7.20038,-4922.46
260.0,3.51083,4057.23,-31645.0,2333.55,1438.69,4.10112,-4952.16
260.1,3.51961,4087.21,-31438.4,3390.42,1453.34,-5.04537,-4977.55
260.2,3.52526,4113.03,-31300.5,4720.56,1467.03,-25.5086,-4994.17
260.3,3.52314,4173.97,-31437.1,5425.35,1479.25,-30.4511,-4996.27
260.4,3.51771,4270.45,-31626.3,5113.3,1476.62,-13.3195,-4985.03
260.5,3.51274,4362.54,-31927.2,4288.11,1468.75,11.2605,-4955.71
260.6,3.51171,4448.44,-31872.9,3624.28,1457.05,13.2615,-4933.29
260.7,3.51532,4513.78,-31489.0,3581.11,1437.65,-15.8477,-4918.9
260.8,3.51591,4559.86,-31000.4,3972.77,1413.27,-52.3978,-4913.11
260.9,3.51028,4622.44,-30563.1,4103.65,1389.63,-65.8447,-4928.64
261.0,3.50215,4688.56,-30231.4,3572.45,1369.63,-47.5802,-4961.17
261.1,3.49555,4738.22,-30111.3,2558.33,1358.38,-6.45875,-4981.79
261.2,3.49601,4769.68,-30164.6,1623.38,1356.86,32.378,-4980.49
261.3,3.50278,4762.81,-30355.4,1351.71,1365.38,46.781,-4968.55
261.4,3.5085,4737.0,-30501.6,1742.13,1381.74,29.618,-4955.3
261.5,3.51044,4728.2,-30599.4,2370.18,1393.63,1.81175,-4931.12
261.6,3.51009,4729.21,-30591.7,2850.97,1401.88,-13.7028,-4912.89
261.7,3.51063,4740.27,-30807.6,3098.73,1404.72,-11.9838,-4913.78
261.8,3.51533,4749.46,-31238.7,3276.21,1406.41,-10.6765,-4940.81
261.9,3.52141,4743.32,-31634.4,3753.37,1399.87,-7.418,-4972.98
262.0,3.52255,4734.76,-31852.6,4381.53,1392.55,-8.98188,-4990.22
262.1,3.51792,4750.28,-31610.8,4795.92,1381.66,-4.95325,-5002.3
262.2,3.51123,4771.69,-31199.2,4725.38,1374.65,11.5714,-5001.49
262.3,3.50454,4792.47,-30691.2,4131.78,1376.91,33.1555,-4986.08
262.4,3.50162,4818.28,-30081.3,3417.27,1383.05,51.7702,-4964.13
262.5,3.49969,4821.16,-29503.7,3015.34,1388.06,49.1066,-4941.75
262.6,3.49453,4815.19,-28987.3,3054.46,1387.67,28.8795,-4932.57
262.7,3.48731,4800.96,-28413.2,3344.97,1379.19,6.6835,-4942.4
262.8,3.48115,4763.97,-27886.8,3665.21,1369.69,0.60525,-4959.1
262.9,3.47919,4706.24,-27600.1,3793.15,1351.6,9.31863,-4973.37
263.0,3.4833,4629.91,-27727.5,3838.49,1333.68,25.5119,-4990.09
263.1,3.48984,4537.81,-28228.6,4104.71,1322.2,43.4637,-5004.1
263.2,3.49539,4456.71,-28914.8,4756.4,1314.22,53.948,-4998.24
263.3,3.49888,4392.84,-29645.8,5676.03,1313.85,43.5596,-4975.31
263.4,3.49998,4349.66,-30482.8,6530.6,1325.81,22.6151,-4956.9
263.5,3.50028,4326.54,-31295.3,6881.34,1341.01,5.43291,-4955.69
263.6,3.50037,4312.57,-31955.9,6595.09,1343.64,2.19769,-4958.83
263.7,3.49932,4306.16,-32393.3,5897.38,1337.42,10.6014,-4960.54
263.8,3.49838,4303.81,-32858.6,5304.94,1326.76,23.9181,-4968.84
263.9,3.497,4292.19,-33138.0,5094.86,1314.19,24.7152,-4996.23
264.0,3.49506,4284.04,-33033.2,5116.1,1308.62,16.609,-5015.09
264.1,3.49301,4275.84,-32649.9,4994.41,1303.93,16.2289,-4998.43
264.2,3.48875,4265.59,-32311.2,4459.13,1314.06,27.899,-4974.04
264.3,3.48262,4260.35,-32271.3,3647.35,1328.42,44.7074,-4964.92
264.4,3.47774,4247.26,-32271.4,3218.36,1341.93,56.1555,-4962.9
264.5,3.47472,4209.66,-32121.2,3508.15,1364.8,39.5856,-4949.08
264.6,3.4761,4161.95,-32237.2,4354.07,1383.34,4.08025,-4930.78
264.7,3.4809,4091.91,-32773.5,5304.17,1391.35,-20.6866,-4948.31
264.8,3.48476,4020.16,-33500.3,5795.08,1393.35,-23.5033,-4989.62
264.9,3.48831,3974.49,-33858.6,5513.8,1388.46,-17.0117,-5009.41
265.0,3.49381,3942.81,-33939.2,4804.6,1389.07,-1.75225,-4998.09
265.1,3.50082,3923.73,-34426.6,4201.01,1397.36,20.521,-4987.18
265.2,3.50796,3920.35,-35297.5,3873.8,1406.93,23.3307,-4999.92
265.3,3.51084,3933.16,-35813.8,3882.28,1419.18,12.1067,-5007.99
265.4,3.50569,3969.52,-35231.5,3882.2,1425.5,-2.42825,-4985.87
265.5,3.49631,4037.54,-33988.4,3676.08,1425.87,-3.32475,-4952.19
265.6,3.48903,4099.05,-32915.0,3378.2,1416.92,1.10825,-4948.25
265.7,3.48668,4136.41,-32234.9,3242.51,1409.04,-3.491,-4972.75
265.8,3.48914,4147.84,-31379.6,3472.19,1400.82,-15.272,-4984.18
265.9,3.49084,4134.44,-30585.4,3995.2,1398.98,-27.5903,-4957.16
266.0,3.4882,4126.75,-30369.4,4469.11,1404.22,-33.2718,-4941.03
266.1,3.4848,4132.98,-30724.5,4703.89,1409.61,-25.4225,-4967.63
266.2,3.48431,4132.09,-31059.1,4754.86,1416.39,-12.2975,-4986.44
266.3,3.48861,4130.52,-31053.0,4691.9,1427.22,-6.76363,-4959.37
266.4,3.49709,4125.88,-30989.5,4607.68,1432.99,-11.9479,-4932.85
266.5,3.50301,4118.48,-31663.0,4437.54,1432.71,-24.2279,-4941.9
266.6,3.50449,4141.43,-32394.9,4027.76,1426.51,-33.7025,-4973.55
266.7,3.50654,4188.25,-32339.4,3455.49,1418.25,-35.0359,-4974.98
266.8,3.51138,4233.19,-31771.1,2852.58,1406.34,-35.584,-4940.46
266.9,3.5178,4281.74,-31563.1,2187.6,1397.34,-42.4934,-4929.88
267.0,3.52166,4335.04,-31749.3,1485.11,1392.68,-41.4943,-4964.43
267.1,3.51747,4392.5,-31603.3,751.059,1389.2,-25.1407,-4980.86
267.2,3.50776,4470.68,-30686.5,132.932,1391.12,0.4115,-4948.95
267.3,3.49978,4538.03,-29739.3,-15.3463,1396.36,17.7218,-4917.57
267.4,3.49508,4571.79,-29631.6,457.445,1403.97,15.6899,-4930.65
267.5,3.49369,4586.7,-29738.7,1342.3,1408.28,-4.87056,-4966.09
267.6,3.49163,4581.09,-29052.6,2327.82,1409.37,-26.9204,-4967.27
267.7,3.487,4564.98,-28029.5,3089.46,1401.71,-39.9665,-4926.78
267.8,3.48348,4542.22,-27864.2,3477.66,1396.93,-46.3573,-4914.71
267.9,3.48562,4504.48,-29012.2,3619.96,1401.08,-43.8435,-4952.39
268.0,3.49262,4447.59,-30171.9,3549.86,1407.43,-38.3178,-4987.39
268.1,3.50066,4396.39,-30349.4,3308.52,1408.52,-23.6686,-4969.21
268.2,3.50498,4359.8,-30316.1,2816.96,1408.21,-7.85256,-4928.73
268.3,3.50303,4349.1,-30664.4,2019.15,1406.54,7.5,-4946.76
268.4,3.49937,4362.86,-30888.0,1049.05,1395.96,20.2306,-4997.53
268.5,3.49778,4375.17,-30284.0,195.792,1382.82,24.842,-4993.5
268.6,3.49984,4380.42,-28827.8,-225.41,1364.35,22.0335,-4950.43
268.7,3.50253,4373.46,-27866.4,9.37209,1350.35,14.133,-4938.43
268.8,3.50055,4360.11,-27945.0,881.471,1344.16,4.90887,-4970.49
268.9,3.49306,4357.7,-28221.7,2114.23,1342.76,-2.025,-4986.59
269.0,3.48399,4356.32,-27990.5,3276.65,1340.71,-6.481,-4954.07
269.1,3.47806,4343.9,-28072.4,3935.78,1345.07,-5.352,-4911.66
269.2,3.47741,4310.23,-29088.4,3866.37,1351.43,3.5175,-4923.49
269.3,3.47896,4253.12,-30645.6,3284.89,1352.81,19.3927,-4966.07
269.4,3.47811,4189.42,-31689.4,2577.93,1348.67,30.9527,-4978.9
269.5,3.47652,4137.48,-32150.5,2062.94,1339.75,26.691,-4959.84
269.6,3.47775,4088.08,-32605.1,1771.43,1329.23,9.96525,-4968.01
269.7,3.48314,4036.32,-33257.7,1414.59,1319.6,-3.09325,-5007.93
269.8,3.49086,3988.61,-33291.7,771.002,1314.21,2.23225,-5027.08
269.9,3.49637,3950.61,-32280.1,-67.4725,1312.01,23.0448,-4996.64
270.0,3.49805,3933.37,-31135.1,-771.634,1312.59,43.4345,-4951.0
270.1,3.49822,3932.25,-30714.3,-869.421,1313.87,54.52,-4941.56
270.2,3.49835,3933.66,-30624.1,-277.942,1319.1,44.8327,-4962.14
270.3,3.49798,3942.52,-30294.7,566.781,1326.19,17.963,-4954.63
270.4,3.49581,3955.87,-29795.9,1220.33,1326.1,2.36125,-4929.71
270.5,3.48893,3967.15,-29946.8,1434.42,1329.01,4.69825,-4943.26
270.6,3.48017,3983.19,-31042.5,1278.95,1335.78,12.7709,-4995.98
270.7,3.47516,3980.7,-32194.1,1217.78,1349.95,17.8094,-5036.22
270.8,3.47331,3935.94,-32574.6,1309.21,1354.78,8.20138,-5027.12
270.9,3.47367,3885.69,-32700.0,1293.0,1357.36,-1.75487,-4993.8
271.0,3.47474,3825.09,-32870.5,870.407,1363.0,1.38188,-4992.8
271.1,3.47421,3768.65,-32881.3,49.3794,1365.86,22.3831,-5004.48
271.2,3.4756,3732.75,-32163.3,-684.46,1365.56,50.3036,-4987.08
271.3,3.48146,3694.87,-30735.3,-656.584,1360.76,61.407,-4954.8
271.4,3.48905,3662.11,-29657.8,290.736,1360.29,43.37,-4945.5
271.5,3.49616,3648.2,-29140.6,1702.58,1365.26,8.70525,-4973.8
271.6,3.49844,3649.12,-28853.0,2947.02,1369.23,-15.1179,-4989.71
271.7,3.49611,3681.53,-28591.2,3510.84,1376.61,-18.9125,-4969.97
271.8,3.49527,3731.47,-28720.3,3440.48,1385.34,-10.7028,-4949.38
271.9,3.49829,3770.3,-29870.3,3377.21,1398.8,5.70628,-4953.7
272.0,3.50173,3798.95,-31266.8,3633.2,1406.85,5.92269,-4974.56
272.1,3.50078,3830.83,-31995.8,3927.61,1403.12,-20.2891,-4971.1
272.2,3.49313,3871.09,-31939.1,3789.01,1390.64,-37.7546,-4943.63
272.3,3.48126,3912.81,-31942.0,2693.77,1381.75,-31.2458,-4933.41
272.4,3.47348,3951.45,-32293.4,752.224,1380.21,-4.96094,-4961.31
272.5,3.47563,3954.43,-32413.7,-1097.68,1382.72,28.1579,-4983.25
272.6,3.48236,3915.91,-31596.2,-2042.53,1384.06,36.1535,-4967.43
272.7,3.48746,3881.22,-30362.9,-1927.56,1385.46,11.9967,-4932.16
272.8,3.488,3856.82,-29511.0,-1170.5,1389.95,-18.8592,-4922.32
272.9,3.48497,3850.96,-29027.9,-550.891,1393.23,-33.9378,-4936.17
273.0,3.48684,3866.14,-28303.5,-489.96,1397.72,-29.1534,-4936.86
273.1,3.49697,3868.44,-27421.5,-533.719,1405.94,-7.99388,-4913.81
273.2,3.50741,3854.97,-27179.7,-124.362,1409.58,3.58975,-4902.72
273.3,3.51211,3869.53,-27583.8,1004.5,1414.38,-6.01388,-4939.67
273.4,3.51,3907.55,-27823.7,2591.2,1421.57,-29.409,-4980.95
273.5,3.50396,3964.21,-27637.0,3854.63,1422.41,-46.8133,-4964.9
273.6,3.50142,4030.72,-27620.1,4189.2,1426.7,-44.1485,-4931.24
273.7,3.5023,4075.04,-28358.7,3741.21,1430.6,-21.9155,-4942.83
273.8,3.50031,4102.49,-29280.1,2947.15,1430.26,-5.92675,-4977.44
273.9,3.49392,4131.99,-29247.4,2402.7,1427.22,-4.94025,-4972.83
274.0,3.48493,4144.77,-28550.6,2406.76,1420.22,-11.7137,-4927.02
274.1,3.4775,4139.9,-28295.0,2677.16,1411.82,-19.5723,-4915.15
274.2,3.47615,4115.7,-28685.4,2766.42,1409.0,-23.8293,-4962.05
274.3,3.47871,4066.11,-28769.4,2637.82,1405.47,-9.09575,-4994.1
274.4,3.47992,4010.41,-27897.1,2492.45,1400.77,13.5275,-4966.37
274.5,3.48019,3965.76,-26945.8,2766.11,1395.44,25.3955,-4926.64
274.6,3.48225,3916.44,-27034.9,3638.79,1393.57,10.2945,-4934.08
274.7,3.48774,3868.21,-27698.7,4707.1,1397.52,-21.2537,-4969.2
274.8,3.49754,3828.84,-28040.8,5391.96,1405.54,-42.5185,-4959.82
274.9,3.50445,3795.41,-27962.3,5282.69,1410.43,-44.1037,-4918.05
275.0,3.50509,3806.12,-28563.0,4474.22,1416.32,-25.1699,-4910.96
275.1,3.50179,3842.26,-29924.7,3429.3,1412.96,-7.27212,-4956.99
275.2,3.49871,3888.79,-31000.0,2758.07,1403.03,9.35888,-4994.32
275.3,3.50011,3929.44,-31108.1,2581.98,1387.32,14.2634,-4980.19
275.4,3.50314,3954.58,-30735.8,2766.42,1366.42,13.3123,-4960.9
275.5,3.50135,3976.58,-30627.4,2999.86,1349.56,13.8324,-4982.24
275.6,3.49198,4014.53,-30421.6,3108.08,1336.24,15.9416,-5014.27
275.7,3.48013,4055.54,-29564.3,3158.64,1322.49,13.5175,-4996.92
275.8,3.47389,4075.71,-28119.3,3353.83,1308.36,3.52175,-4953.81
275.9,3.4766,4054.44,-27111.3,3683.1,1305.92,-15.1341,-4936.42
276.0,3.48422,3998.59,-26582.4,3957.52,1313.47,-29.3446,-4959.69
276.1,3.48821,3930.91,-26069.5,3929.58,1319.89,-26.9854,-4970.2
276.2,3.48529,3885.27,-25687.2,3420.09,1325.54,-10.2394,-4943.67
276.3,3.48258,3867.27,-25950.5,2640.01,1339.2,18.3418,-4940.61
276.4,3.48664,3841.59,-26987.0,1929.56,1347.69,41.2879,-4985.98
276.5,3.49685,3804.25,-28045.8,1620.35,1350.8,52.0356,-5023.43
276.6,3.50625,3765.73,-28420.2,1782.98,1346.96,44.0406,-5010.56
276.7,3.50584,3746.13,-28608.9,2152.04,1341.91,21.6523,-4979.2
276.8,3.49755,3768.47,-29209.3,2326.28,1336.61,1.78363,-4983.18
276.9,3.49054,3805.37,-29710.6,2151.82,1326.42,-3.82325,-5009.61
277.0,3.49154,3835.32,-29592.2,1909.09,1315.49,10.7751,-4992.62
277.1,3.49932,3847.22,-29001.0,1976.78,1305.84,25.3671,-4943.0
277.2,3.50414,3849.4,-28792.9,2592.11,1301.67,26.8849,-4930.31
277.3,3.49836,3871.18,-29177.3,3548.79,1305.05,20.5316,-4965.04
277.4,3.48558,3920.91,-29392.8,4399.58,1315.77,18.6117,-4988.0
277.5,3.47633,3967.83,-29093.1,4888.0,1334.56,27.0051,-4972.64
277.6,3.47603,3980.18,-28942.1,5060.6,1354.41,32.922,-4962.53
277.7,3.48141,3955.44,-29561.7,5149.74,1370.03,23.431,-4986.87
277.8,3.48488,3911.76,-30249.3,5304.77,1377.39,0.26325,-5015.35
277.9,3.48312,3870.59,-30321.5,5300.9,1378.64,-27.749,-4995.8
278.0,3.48186,3839.7,-30014.7,4784.7,1377.89,-42.3392,-4949.5
278.1,3.48856,3805.52,-30152.7,3692.92,1377.79,-29.7895,-4936.64
278.2,3.50214,3764.43,-30870.3,2259.98,1375.32,-1.0585,-4959.06
278.3,3.51518,3745.26,-31154.4,984.378,1375.54,26.9522,-4975.56
278.4,3.51903,3761.19,-30680.4,334.758,1374.67,44.4972,-4957.71
278.5,3.5115,3821.71,-30339.1,308.835,1376.52,42.3035,-4939.04
278.6,3.50072,3913.93,-30776.4,460.506,1384.5,19.3258,-4961.52
278.7,3.4961,3999.35,-31334.2,502.197,1396.71,1.43825,-4999.91
278.8,3.49843,4050.06,-31312.6,476.789,1412.38,-0.28875,-4990.95
278.9,3.50084,4075.83,-30776.4,671.076,1420.93,-3.0735,-4950.87
279.0,3.49783,4096.51,-30537.1,1424.32,1430.06,-16.3025,-4941.9
279.1,3.48971,4114.14,-30524.5,2757.87,1436.27,-27.6042,-4968.51
279.2,3.48301,4123.25,-30241.1,4084.83,1435.67,-35.6241,-4965.77
279.3,3.4838,4115.48,-29598.3,4843.26,1429.82,-29.5912,-4925.34
279.4,3.49027,4077.42,-29467.5,4735.81,1427.74,-12.4491,-4905.23
279.5,3.49497,4034.77,-29905.0,3933.73,1427.53,7.9545,-4941.13
279.6,3.49554,4010.39,-29951.0,2969.73,1428.31,18.1446,-4981.59
279.7,3.49487,4006.67,-29289.5,2463.26,1431.78,15.6585,-4964.13
279.8,3.4994,4014.78,-28606.1,2585.29,1436.68,-3.47062,-4932.58
279.9,3.5103,4025.1,-28946.0,3110.41,1442.1,-28.9705,-4943.96
280.0,3.52139,4041.3,-29560.5,3737.09,1448.01,-37.4906,-4985.44
280.1,3.52297,4075.37,-29419.1,4138.7,1452.43,-31.7493,-4977.0
280.2,3.514,4147.55,-28855.4,4365.73,1454.41,-13.9169,-4914.63
280.3,3.50273,4229.67,-29058.2,4685.01,1459.99,3.70984,-4890.27
280.4,3.4964,4284.74,-30370.0,5169.1,1462.82,2.7137,-4931.15
280.5,3.49684,4309.67,-31185.4,5665.26,1457.96,-13.9044,-4974.32
280.6,3.49835,4303.47,-30688.0,6058.48,1446.26,-24.2604,-4956.02
280.7,3.49195,4287.46,-29633.4,6054.87,1428.31,-32.7683,-4927.97
280.8,3.48121,4296.22,-29563.1,5578.74,1413.43,-36.2017,-4951.77
280.9,3.47716,4293.59,-30077.8,5068.27,1402.89,-22.2811,-5007.05
281.0,3.48328,4254.91,-30119.7,4814.13,1400.7,-6.57106,-5004.8
281.1,3.49714,4202.82,-29576.4,4952.82,1404.7,-0.496812,-4944.41
281.2,3.50766,4141.17,-29415.9,5436.17,1404.13,-3.51775,-4914.13
281.3,3.50542,4119.76,-29926.1,5844.14,1406.44,-7.6875,-4947.64
281.4,3.49912,4154.6,-30083.3,5928.62,1406.83,-5.24937,-4977.1
281.5,3.49813,4186.97,-29225.3,5758.38,1399.96,-7.89262,-4955.37
281.6,3.50491,4210.51,-28278.8,5454.53,1387.44,-16.7969,-4930.27
281.7,3.5169,4224.73,-28233.7,5258.18,1378.84,-23.0252,-4964.98
281.8,3.52086,4227.42,-28361.5,5249.41,1373.52,-25.2749,-5030.42
281.9,3.51269,4266.78,-27761.0,5292.83,1364.24,-19.1,-5026.28
282.0,3.50054,4320.01,-26736.4,5254.28,1355.0,-12.1833,-4962.7
282.1,3.49202,4354.53,-26415.9,5077.47,1345.91,-1.481,-4939.42
282.2,3.49092,4361.83,-26773.4,4670.67,1339.84,6.81075,-4978.51
282.3,3.49283,4334.54,-26918.3,4277.7,1327.38,12.086,-4985.1
282.4,3.48765,4289.1,-26177.0,3926.19,1307.79,4.4165,-4940.7
282.5,3.47828,4264.37,-25766.6,3557.75,1298.43,-8.77,-4916.61
282.6,3.47381,4230.68,-26593.8,3315.56,1294.56,-7.175,-4963.99
282.7,3.47859,4174.72,-27986.2,3234.68,1291.96,3.55275,-5024.38
282.8,3.49218,4114.03,-28576.6,3406.89,1290.74,13.7715,-5028.25
282.9,3.50579,4049.91,-28729.3,4070.8,1296.07,24.4877,-4985.87
283.0,3.5087,4011.86,-29295.8,5002.45,1303.41,22.6758,-4977.28
283.1,3.50433,4029.37,-30384.9,5855.73,1318.98,10.7025,-5008.13
283.2,3.50018,4053.83,-30684.6,6348.7,1328.52,-4.358,-5016.37
283.3,3.50075,4082.0,-29811.6,6371.38,1333.03,-8.4435,-4976.15
283.4,3.50678,4108.46,-28910.4,6082.85,1339.97,-5.03025,-4943.95
283.5,3.51048,4122.22,-29021.8,5797.7,1355.41,-3.92038,-4969.45
283.6,3.50563,4149.04,-29703.0,5455.9,1362.86,-11.2226,-5012.28
283.7,3.49656,4192.0,-29920.6,4900.04,1361.87,-9.64038,-5008.72
283.8,3.4899,4219.95,-29432.2,4104.76,1352.37,12.1441,-4978.37
283.9,3.48946,4231.85,-29465.5,3178.19,1344.5,37.49,-4964.21
284.0,3.49343,4221.09,-30173.1,2460.22,1341.77,44.4501,-4990.75
284.1,3.49307,4195.16,-30640.7,2241.2,1337.87,32.6538,-5012.05
284.2,3.48553,4185.95,-30524.9,2287.19,1335.41,5.52163,-4984.53
284.3,3.47839,4189.72,-30515.9,2136.33,1344.5,-24.2467,-4948.5
284.4,3.48036,4179.64,-31230.6,1584.53,1359.51,-31.1077,-4958.15
284.5,3.49249,4148.17,-32299.1,775.949,1377.55,-12.2277,-4989.52
284.6,3.50793,4111.1,-32648.2,222.412,1396.89,12.8989,-4991.44
284.7,3.51643,4088.69,-32237.9,210.495,1407.78,17.2158,-4960.27
284.8,3.51477,4108.27,-31868.6,532.626,1415.03,4.39684,-4951.43
284.9,3.5098,4160.15,-31820.3,745.874,1420.3,-0.93625,-4983.06
285.0,3.5077,4211.36,-31627.3,592.208,1425.77,10.9157,-5004.58
285.1,3.51002,4255.37,-30982.8,270.727,1428.39,26.7883,-4982.1
285.2,3.51251,4291.56,-30325.2,318.969,1425.32,27.2911,-4953.54
285.3,3.50922,4329.53,-30111.0,942.958,1427.88,3.39819,-4958.95
285.4,3.50243,4383.54,-30016.7,1906.56,1432.96,-25.2026,-4971.27
285.5,3.49752,4425.87,-29532.7,2639.84,1434.95,-43.4142,-4953.2
285.6,3.49702,4454.97,-28959.4,2669.17,1435.24,-39.7335,-4921.8
285.7,3.5007,4472.37,-29054.7,2080.63,1437.62,-12.5049,-4924.18
285.8,3.50239,4473.24,-29666.4,1556.71,1434.55,23.965,-4962.23
285.9,3.49736,4478.83,-30322.8,1570.32,1434.56,36.8932,-4978.22
286.0,3.49134,4495.85,-30558.7,2251.47,1438.29,22.8053,-4962.5
286.1,3.48939,4485.6,-30787.1,3132.06,1443.36,-5.18787,-4951.27
286.2,3.49328,4460.9,-31136.4,3561.32,1451.24,-23.8342,-4967.18
286.3,3.50089,4424.39,-31028.4,3361.71,1454.24,-23.8442,-4979.28
286.4,3.50504,4387.23,-30006.0,3027.45,1446.54,-8.0415,-4955.54
286.5,3.50532,4376.62,-28872.9,3071.71,1442.85,-1.138,-4914.09
286.6,3.50735,4377.75,-28404.1,3770.31,1446.76,-8.52275,-4909.27
286.7,3.51241,4371.0,-28606.4,4886.01,1451.31,-16.8633,-4935.29
286.8,3.51557,4369.39,-28809.5,5737.87,1446.82,-17.113,-4941.57
286.9,3.51221,4394.02,-28760.0,5988.62,1433.83,-3.12075,-4923.35
287.0,3.50069,4439.76,-28974.6,5747.54,1421.92,12.1335,-4922.5
287.1,3.48817,4497.48,-29675.1,5310.2,1414.34,7.37625,-4953.4
287.2,3.48443,4529.9,-30087.9,5050.61,1410.05,-12.0808,-4984.13
287.3,3.48963,4510.58,-29721.1,5023.61,1402.99,-35.1517,-4977.53
287.4,3.49595,4466.66,-28914.2,5003.2,1394.7,-46.1543,-4956.13
287.5,3.49667,4427.28,-28408.1,4859.22,1395.69,-38.7508,-4958.62
287.6,3.48928,4403.16,-28148.4,4615.24,1395.29,-16.1235,-4978.29
287.7,3.48233,4397.15,-27681.9,4493.7,1393.52,13.5405,-4973.44
287.8,3.48268,4365.61,-26916.3,4644.24,1384.78,26.8599,-4943.61
287.9,3.48849,4302.99,-26326.6,4990.12,1367.73,17.6513,-4930.81
288.0,3.49368,4232.45,-26332.3,5254.52,1347.25,-1.93925,-4946.65
288.1,3.4931,4171.46,-26271.9,5115.14,1321.36,-22.4854,-4972.75
288.2,3.48922,4141.41,-25973.2,4624.15,1305.71,-24.312,-4975.15
288.3,3.49068,4123.91,-25686.1,4122.39,1300.28,-14.1814,-4972.85
288.4,3.49852,4093.53,-26045.3,3950.43,1297.01,-8.32,-4987.61
288.5,3.50758,4071.93,-26845.3,4253.27,1302.21,-0.821875,-5013.33
288.6,3.50911,4060.54,-27085.5,4870.69,1306.21,12.4071,-5018.69
288.7,3.49925,4081.24,-26877.3,5550.89,1315.7,30.2316,-4986.81
288.8,3.48475,4125.28,-26822.9,6052.29,1324.83,37.0074,-4957.93
288.9,3.47582,4155.81,-27419.6,6395.61,1331.36,30.0984,-4965.22
289.0,3.47651,4151.83,-28228.6,6651.39,1339.34,15.865,-4985.0
289.1,3.48365,4116.86,-28474.2,6871.27,1345.87,-2.62145,-4987.84
289.2,3.48818,4065.55,-28474.1,6981.72,1348.15,-23.1377,-4974.42
289.3,3.48668,4028.43,-28920.9,6795.93,1353.51,-33.8785,-4982.5
289.4,3.48419,4010.1,-29819.4,6161.17,1358.04,-25.1368,-5015.9
289.5,3.48665,3991.83,-30626.9,5151.2,1361.98,1.58037,-5027.04
289.6,3.49425,3964.91,-30759.2,4011.75,1357.71,30.5066,-5002.3
289.7,3.50158,3941.36,-30787.0,3143.22,1349.8,49.7355,-4971.78
289.8,3.50199,3933.03,-31008.2,2763.67,1342.62,47.6107,-4974.95
289.9,3.49603,3952.43,-31146.2,2781.59,1333.48,25.2465,-4991.15
290.0,3.49006,3980.95,-30855.0,2788.4,1324.59,-11.637,-4980.32
290.1,3.49059,4008.99,-30485.6,2539.14,1324.33,-32.0434,-4958.76
290.2,3.49841,4019.81,-30757.8,2093.11,1332.39,-26.5681,-4965.69
290.3,3.50601,4020.5,-31435.0,1774.11,1346.37,-11.2444,-5003.57
290.4,3.50683,4033.46,-31744.4,1811.85,1359.33,-3.06312,-5022.28
290.5,3.49966,4063.08,-31437.6,2170.01,1371.37,3.19725,-5001.93
290.6,3.49054,4108.01,-31088.1,2590.76,1384.28,17.6518,-4985.24
290.7,3.48569,4143.42,-31086.5,2563.92,1391.91,20.511,-4996.57
290.8,3.48719,4163.87,-30991.8,2046.58,1396.03,20.9865,-5007.1
290.9,3.49067,4160.75,-30428.3,1413.73,1399.21,24.953,-4982.22
291.0,3.49082,4152.29,-29701.3,1052.02,1398.31,18.7747,-4948.05
291.1,3.49083,4158.33,-29396.4,1081.24,1396.19,-6.2025,-4951.81
291.2,3.4961,4163.12,-29455.8,1505.81,1388.19,-19.787,-4977.41
291.3,3.5068,4160.65,-29332.2,1914.9,1379.69,-13.6788,-4982.03
291.4,3.51876,4174.8,-28858.9,2089.18,1372.97,10.7565,-4965.3
291.5,3.52481,4207.67,-28730.7,2214.41,1372.38,39.5718,-4953.31
291.6,3.51903,4269.19,-29039.1,2496.51,1372.62,53.1732,-4965.37
291.7,3.50778,4367.81,-29544.3,3075.22,1379.05,48.693,-4966.75
291.8,3.5001,4452.69,-29540.5,3973.7,1391.78,30.632,-4947.54
291.9,3.49837,4503.35,-29243.0,4893.09,1407.28,2.89925,-4921.12
292.0,3.5005,4522.59,-29094.5,5533.58,1426.69,-23.8635,-4917.24
292.1,3.49864,4512.2,-28926.4,5889.16,1440.52,-30.8719,-4939.15
292.2,3.48986,4501.15,-28366.0,5988.8,1445.8,-21.2022,-4950.48
292.3,3.48242,4491.54,-27312.8,6126.72,1438.06,-0.528,-4939.43
292.4,3.48231,4445.69,-26516.4,6583.34,1416.54,16.3599,-4925.41
292.5,3.48716,4373.23,-26482.9,7228.19,1391.31,18.8363,-4931.04
292.6,3.4918,4300.9,-26807.3,7679.45,1371.17,6.08238,-4944.94
292.7,3.48936,4238.78,-26695.6,7657.67,1354.41,-6.29663,-4940.21
292.8,3.48257,4212.24,-26198.6,7070.82,1347.08,-11.5178,-4916.71
292.9,3.48238,4201.3,-26038.5,6300.48,1348.24,-16.878,-4909.28
293.0,3.49147,4169.93,-26492.1,5792.18,1356.36,-28.4726,-4934.54
293.1,3.50574,4136.97,-26862.5,5744.12,1375.25,-34.6523,-4969.47
293.2,3.51458,4109.96,-26525.8,6010.29,1392.62,-32.9303,-4976.22
293.3,3.50927,4115.44,-26261.0,6250.3,1409.69,-19.5135,-4952.48
293.4,3.49501,4159.14,-26534.6,6232.82,1410.08,1.14688,-4954.86
293.5,3.48098,4190.07,-27045.7,5858.29,1394.99,10.2904,-4983.79
293.6,3.47505,4194.87,-26750.2,5307.02,1372.04,11.3337,-4989.38
293.7,3.47691,4146.58,-25604.0,4792.62,1346.67,0.015,-4951.73
293.8,3.47692,4062.91,-24734.6,4482.7,1325.61,-16.6116,-4924.6
293.9,3.47204,3988.16,-24882.3,4383.35,1316.09,-29.1961,-4949.48
294.0,3.46628,3920.71,-25542.3,4397.08,1313.64,-32.0832,-4984.28
294.1,3.46593,3852.49,-25451.4,4341.98,1310.94,-20.5085,-4984.93
294.2,3.47483,3782.55,-25176.2,4322.09,1311.53,11.8005,-4949.02
294.3,3.48579,3696.65,-25809.8,4506.76,1313.52,41.2591,-4939.28
294.4,3.4899,3634.05,-27432.6,4978.1,1320.29,45.8711,-4979.1
294.5,3.48651,3605.04,-28836.7,5766.7,1324.38,28.8751,-5009.01
294.6,3.48001,3594.31,-29400.1,6632.65,1327.91,0.12825,-4980.19
294.7,3.4791,3600.31,-29728.1,7198.0,1335.28,-30.0299,-4947.77
294.8,3.4876,3594.59,-30549.4,7332.38,1348.78,-47.327,-4972.46
294.9,3.49858,3573.79,-31455.1,7203.65,1360.72,-41.1198,-5017.42
295.0,3.50345,3567.97,-31940.0,7004.89,1368.98,-21.6887,-5007.31
295.1,3.50094,3590.4,-31890.5,6979.47,1374.61,1.079,-4971.93
295.2,3.494,3624.73,-32244.6,7084.73,1368.85,15.6073,-4965.11
295.3,3.4884,3671.15,-33045.3,7045.87,1356.93,19.937,-4992.1
295.4,3.48662,3706.6,-33107.4,6710.02,1345.88,17.9128,-5013.34
295.5,3.48369,3725.18,-32275.2,6073.89,1327.28,8.953,-4992.76
295.6,3.47754,3745.08,-31430.6,5345.36,1309.71,-5.4825,-4971.21
295.7,3.47193,3754.3,-31193.1,4756.19,1301.68,-27.3995,-4994.83
295.8,3.47191,3746.29,-31277.5,4350.65,1309.94,-45.854,-5026.51
295.9,3.48211,3723.21,-30917.8,4019.32,1327.42,-44.6912,-5013.48
296.0,3.49704,3678.85,-30216.2,3516.71,1338.06,-27.8555,-4972.35
296.1,3.50705,3657.51,-30159.8,2746.29,1348.45,5.56825,-4956.84
296.2,3.50939,3678.09,-30782.2,1889.9,1364.79,43.4995,-4980.59
296.3,3.50599,3727.95,-31384.8,1280.63,1377.61,65.7425,-4995.18
296.4,3.50383,3801.15,-31535.0,1142.3,1378.46,61.0999,-4980.27
296.5,3.50702,3870.74,-31612.8,1581.51,1373.91,36.0799,-4976.19
296.6,3.51078,3931.73,-32083.9,2251.58,1369.09,-2.1815,-5000.37
296.7,3.51165,4010.44,-32470.1,2703.75,1370.69,-30.8899,-5024.86
296.8,3.51033,4095.68,-32369.1,2818.09,1373.41,-30.1887,-5007.07
296.9,3.50869,4176.36,-32051.0,2604.91,1374.67,-10.9111,-4967.26
297.0,3.51168,4261.98,-31826.6,2266.7,1376.48,13.1231,-4955.52
297.1,3.5173,4325.1,-31475.2,2095.48,1372.19,34.0427,-4963.47
297.2,3.51632,4384.26,-30444.5,2033.46,1369.6,46.2314,-4955.08
297.3,3.50835,4470.34,-29039.0,2026.69,1365.03,54.7334,-4927.84
297.4,3.49645,4544.7,-28192.2,2091.75,1363.93,51.7623,-4922.32
297.5,3.48736,4604.88,-28078.6,2243.13,1370.96,38.1345,-4957.05
297.6,3.49,4629.92,-27836.7,2674.51,1378.37,22.2065,-4986.85
297.7,3.50038,4595.69,-27087.9,3552.04,1382.21,6.39428,-4963.4
297.8,3.50926,4549.89,-26176.7,4611.69,1378.27,-14.6271,-4926.17
297.9,3.51406,4525.72,-25765.5,5693.68,1373.89,-18.7594,-4923.72
298.0,3.51411,4507.79,-25733.8,6666.12,1372.43,-2.24563,-4938.86
298.1,3.51256,4514.57,-25689.4,7400.72,1369.51,18.1137,-4924.47
298.2,3.51333,4525.85,-25568.8,7926.76,1367.44,21.0017,-4900.77
298.3,3.51059,4524.52,-26051.8,8206.85,1365.5,10.5426,-4906.0
298.4,3.50295,4544.11,-26999.0,8147.66,1363.43,2.8065,-4947.07
298.5,3.49389,4560.4,-27459.1,7840.25,1361.35,-3.61162,-4981.05
298.6,3.48681,4559.7,-26987.0,7351.73,1359.37,-17.2319,-4975.03
298.7,3.48851,4549.9,-26226.1,7014.43,1355.95,-18.5161,-4954.17
298.8,3.49494,4497.74,-26056.6,6999.5,1359.93,-13.7075,-4957.55
298.9,3.49671,4444.97,-26098.5,7177.95,1366.15,-10.5548,-4978.06
299.0,3.49185,4411.06,-25380.1,7387.22,1366.93,-5.69037,-4971.64
299.1,3.48102,4372.22,-24369.2,7517.25,1366.52,4.1835,-4921.7
299.2,3.47044,4332.8,-23842.3,7298.51,1360.29,4.93175,-4900.58
299.3,3.46865,4273.47,-24227.6,6773.23,1350.55,-2.492,-4933.96
299.4,3.47335,4172.09,-24618.7,6177.75,1333.91,-8.36,-4968.88
299.5,3.47903,4068.64,-24373.2,5684.82,1313.51,-12.307,-4957.18
299.6,3.48389,3980.62,-24293.9,5476.12,1301.76,-18.6252,-4929.42
299.7,3.48711,3903.55,-24956.5,5542.83,1299.87,-23.2922,-4951.72
299.8,3.49112,3848.68,-26276.4,5669.07,1302.37,-17.8522,-4991.02
299.9,3.49532,3800.84,-26940.8,5638.77,1304.4,-6.0935,-4995.37
300.0,3.49533,3768.64,-27240.5,5539.56,1314.42,13.3923,-4953.95
300.1,3.48843,3752.34,-27796.2,5391.52,1321.4,19.305,-4939.93
300.2,3.47819,3751.82,-28722.4,5474.55,1325.8,14.6182,-4977.99
300.3,3.46996,3738.22,-29324.6,5886.73,1331.21,-2.70725,-5000.27
300.4,3.46763,3707.88,-28935.1,6476.95,1333.18,-29.0247,-4977.63
300.5,3.47108,3657.96,-28294.0,6952.28,1332.94,-53.743,-4954.58
300.6,3.47508,3597.37,-28451.5,7180.95,1335.69,-54.9798,-4971.52
300.7,3.47668,3543.96,-29261.8,7202.89,1335.83,-33.3979,-5005.47
300.8,3.47667,3498.43,-30010.6,7234.37,1333.83,-11.7791,-5004.25
300.9,3.47725,3455.45,-30251.8,7462.9,1325.79,-2.78125,-4982.22
301.0,3.47918,3411.04,-30965.4,7716.75,1318.65,-9.8565,-4970.22
301.1,3.48184,3376.29,-32055.0,7686.79,1314.25,-20.8263,-4999.7
301.2,3.48406,3358.04,-32654.2,7204.6,1312.18,-26.5009,-5034.3
301.3,3.48561,3355.95,-32461.5,6368.5,1313.54,-29.7355,-5021.35
301.4,3.48828,3367.72,-31908.0,5429.68,1317.22,-36.4619,-4994.06
301.5,3.4942,3387.74,-31690.2,4659.58,1324.9,-41.0654,-5003.84
301.6,3.50165,3410.31,-31740.7,4053.35,1333.96,-39.5442,-5028.29
301.7,3.50653,3448.12,-31336.2,3466.96,1341.79,-25.3986,-5020.37
301.8,3.5061,3502.57,-30741.3,2882.75,1347.92,4.95269,-4980.81
301.9,3.50022,3572.37,-30771.7,2372.38,1352.69,35.4716,-4966.56
302.0,3.49352,3654.49,-31739.2,1992.68,1354.6,44.0145,-4990.44
302.1,3.49054,3726.99,-32706.3,1781.37,1350.17,30.8773,-5012.07
302.2,3.49148,3781.81,-32768.3,1652.1,1337.49,9.06178,-5001.49
302.3,3.49438,3830.78,-32384.6,1506.41,1327.25,-10.0463,-4981.38
302.4,3.49855,3882.13,-32556.0,1330.73,1329.06,-22.8024,-4987.06
302.5,3.5036,3937.79,-33166.9,1171.41,1338.94,-25.1738,-5016.0
302.6,3.51041,3999.57,-33233.8,1027.98,1348.56,-13.5026,-5023.25
302.7,3.51745,4061.41,-32338.1,851.426,1355.45,8.30825,-4989.48
302.8,3.52199,4134.49,-30984.8,644.07,1363.72,34.7236,-4958.94
302.9,3.52142,4218.77,-29648.8,433.997,1367.0,52.4474,-4963.5
303.0,3.51543,4309.36,-28264.1,361.144,1354.09,57.7055,-4971.36
303.1,3.50889,4403.7,-26855.3,648.265,1337.66,53.3599,-4945.22
303.2,3.50613,4475.81,-25759.7,1216.2,1322.9,25.8194,-4919.78
303.3,3.50802,4523.17,-25557.4,1878.69,1319.97,-7.09762,-4929.24
303.4,3.51128,4539.34,-25737.8,2508.95,1314.75,-19.5098,-4961.25
303.5,3.50877,4541.55,-25558.0,2962.33,1301.73,-12.3302,-4967.73
303.6,3.50297,4560.48,-24948.2,3326.07,1293.17,8.8805,-4946.25
303.7,3.49878,4563.35,-24330.2,3775.13,1292.13,30.1022,-4939.12
303.8,3.49633,4543.5,-24366.3,4294.0,1291.34,43.1343,-4944.79
303.9,3.49436,4515.24,-24716.2,4611.85,1295.67,39.9615,-4942.61
304.0,3.49066,4483.62,-25021.2,4645.24,1304.29,33.3377,-4922.93
304.1,3.48494,4454.05,-25257.9,4387.75,1317.78,26.477,-4909.13
304.2,3.48277,4427.46,-25202.3,4011.77,1332.4,13.4888,-4927.64
304.3,3.48812,4383.35,-25160.4,3917.34,1345.18,3.01925,-4944.37
304.4,3.4978,4322.59,-24985.9,4309.39,1350.15,0.103,-4951.29
304.5,3.5055,4266.86,-24700.1,5126.47,1349.1,5.09225,-4961.34
304.6,3.50511,4226.01,-24482.5,6131.93,1345.04,14.3237,-4970.15
304.7,3.49599,4211.15,-24270.3,6963.97,1338.42,22.6605,-4965.31
304.8,3.48429,4200.61,-23811.1,7165.32,1315.86,17.7015,-4947.81
304.9,3.4763,4173.23,-23552.8,6663.83,1305.7,12.2659,-4922.53
305.0,3.47401,4115.01,-23534.6,5762.67,1302.24,13.4939,-4914.7
305.1,3.47232,4025.15,-23606.8,4765.18,1293.46,2.53187,-4925.0
305.2,3.46986,3934.5,-23772.2,4220.54,1287.89,-5.81437,-4932.66
305.3,3.46552,3827.78,-24041.2,4108.54,1287.94,-19.3065,-4940.59
305.4,3.46175,3728.39,-24451.9,3959.5,1290.62,-27.1099,-4963.28
305.5,3.46386,3624.53,-25120.8,3442.38,1294.29,-10.697,-4984.29
305.6,3.46651,3496.46,-25712.6,2597.28,1296.17,25.7432,-4991.7
305.7,3.46627,3387.34,-26059.1,1769.36,1296.43,54.2919,-4983.24
305.8,3.46442,3292.39,-26176.0,1560.65,1291.81,52.8156,-4972.62
305.9,3.46224,3204.54,-26215.3,2212.4,1292.8,24.5246,-4966.29
306.0,3.46502,3134.62,-26075.9,3367.74,1294.56,-17.06,-4965.34
306.1,3.47297,3063.55,-25881.1,4481.75,1299.31,-53.4989,-4962.27
306.2,3.47902,2998.1,-25743.7,5024.47,1306.04,-71.1227,-4964.35
306.3,3.48055,2965.95,-25845.7,4920.04,1311.95,-58.6695,-4976.13
306.4,3.4783,2944.17,-26155.3,4530.46,1314.2,-28.9933,-4991.74
306.5,3.47553,2928.77,-26744.7,4261.39,1315.88,-2.19234,-4995.67
306.6,3.47551,2909.13,-27258.1,4253.59,1308.83,5.43431,-4997.17
306.7,3.47439,2876.46,-27903.5,4284.7,1300.33,-5.72525,-4992.27
306.8,3.46828,2856.37,-28396.9,3975.22,1294.82,-16.3954,-4992.95
306.9,3.46015,2850.36,-28577.6,3222.57,1290.79,-21.6856,-4995.1
307.0,3.45432,2834.05,-28630.3,2321.15,1291.47,-27.654,-4988.96
307.1,3.45674,2806.79,-28762.4,1691.12,1300.38,-37.0942,-4985.23
307.2,3.46763,2753.64,-28785.2,1518.97,1310.88,-50.7009,-4996.24
307.3,3.47906,2695.67,-28828.5,1612.86,1317.11,-53.6015,-4996.5
307.4,3.48617,2672.51,-28870.3,1696.89,1321.4,-33.5591,-4983.26
307.5,3.48806,2684.91,-29195.3,1625.42,1326.26,-4.29725,-4972.66
307.6,3.48929,2739.11,-29991.1,1575.46,1327.94,22.3505,-4976.93
307.7,3.49437,2808.39,-31028.7,1716.54,1325.93,25.0685,-4986.34
307.8,3.50104,2883.55,-31891.4,2017.32,1321.52,1.70175,-4989.61
307.9,3.50588,2976.66,-32432.6,2349.56,1318.72,-23.1745,-4991.22
308.0,3.50647,3080.57,-32582.6,2540.43,1315.75,-40.8773,-5003.31
308.1,3.50474,3202.38,-32492.1,2521.44,1315.85,-47.4313,-5014.37
308.2,3.5065,3325.89,-32020.2,2353.66,1316.5,-43.4992,-5013.25
308.3,3.51137,3427.07,-31140.8,2145.18,1315.82,-27.8405,-5001.97
308.4,3.51447,3526.03,-29977.5,1879.96,1313.25,-3.73725,-4987.84
308.5,3.51194,3628.09,-28487.6,1604.85,1308.6,22.3822,-4978.12
308.6,3.50212,3726.05,-26741.9,1466.23,1295.7,44.1885,-4965.23
308.7,3.49032,3821.07,-25172.3,1642.41,1279.3,54.5148,-4946.76
308.8,3.48425,3891.01,-24327.6,2350.96,1269.64,49.0192,-4938.02
308.9,3.48567,3913.58,-24312.3,3480.17,1271.59,21.229,-4949.89
309.0,3.49082,3904.31,-24619.1,4608.05,1273.85,-13.4487,-4967.54
309.1,3.4954,3876.43,-24529.3,5398.63,1268.51,-27.94,-4973.12
309.2,3.49624,3844.1,-24249.7,5624.82,1263.66,-20.3943,-4957.83
309.3,3.49807,3832.49,-24118.9,5344.19,1267.88,0.283875,-4949.48
309.4,3.50595,3818.35,-24160.3,5027.53,1275.02,30.606,-4957.76
309.5,3.51419,3798.76,-23984.3,4972.88,1284.31,53.1175,-4957.84
309.6,3.51594,3811.27,-23311.6,5120.47,1295.63,54.3302,-4937.95
309.7,3.50884,3855.27,-22318.0,5350.44,1299.18,44.3831,-4919.45
309.8,3.49582,3917.69,-21563.0,5373.15,1308.81,32.0769,-4918.48
309.9,3.48784,3984.75,-21125.0,5195.68,1319.35,27.5793,-4927.86
310.0,3.48993,4006.66,-20827.8,5199.83,1323.31,24.6172,-4929.62
310.1,3.49531,3985.52,-20657.2,5703.02,1322.43,15.4148,-4924.16
310.2,3.49699,3959.05,-20655.4,6750.31,1313.3,3.70112,-4928.43
310.3,3.49016,3924.68,-21053.1,8029.27,1299.5,-5.78119,-4936.4
310.4,3.47719,3900.08,-21617.2,9019.52,1289.15,-2.543,-4946.28
310.5,3.46772,3866.34,-22019.5,9376.27,1282.44,8.70042,-4955.39
310.6,3.46452,3788.62,-22076.9,9053.02,1275.76,17.0628,-4959.11
310.7,3.46559,3687.09,-21956.5,8278.25,1280.32,22.1969,-4956.34
310.8,3.46751,3567.05,-22067.7,7438.18,1287.04,20.6434,-4948.07
310.9,3.46689,3439.71,-22234.6,6714.05,1291.91,7.30244,-4953.68
311.0,3.46839,3330.0,-22298.2,6022.76,1301.7,-9.33088,-4960.85
311.1,3.4757,3219.84,-22195.3,5298.81,1309.39,-10.5181,-4956.42
311.2,3.48511,3110.92,-22313.8,4522.35,1316.95,7.90513,-4950.32
311.3,3.49068,3028.56,-22667.5,3761.62,1313.24,28.7951,-4965.62
311.4,3.48846,2976.75,-23218.2,3298.93,1307.18,41.7071,-4983.65
311.5,3.47938,2952.46,-23520.3,3231.65,1302.23,41.0518,-4985.95
311.6,3.47076,2946.48,-23733.1,3446.49,1301.8,29.0543,-4973.18
311.7,3.46804,2927.71,-24054.5,3828.46,1305.77,11.8609,-4971.47
311.8,3.46827,2887.96,-24622.7,4153.53,1310.45,-9.17912,-4974.52
311.9,3.46727,2848.03,-25406.9,4266.03,1311.35,-27.7283,-4964.26
312.0,3.46239,2802.86,-25950.8,4121.76,1308.08,-37.9625,-4957.42
312.1,3.45642,2753.44,-26450.6,3705.05,1301.5,-35.389,-4957.87
312.2,3.45574,2692.04,-27163.9,3179.11,1297.95,-18.813,-4962.84
312.3,3.46143,2605.14,-27740.0,2825.41,1289.81,1.302,-4979.27
312.4,3.4674,2509.68,-28217.7,2619.77,1280.09,2.78825,-4987.11
312.5,3.46935,2442.76,-28506.1,2502.27,1276.54,-4.4535,-4986.93
312.6,3.46764,2400.76,-28518.7,2337.6,1278.64,-11.7037,-4990.38
312.7,3.46758,2386.72,-28426.6,2067.36,1286.99,-16.4485,-4990.71
312.8,3.47655,2381.34,-28563.1,1914.38,1299.51,-22.4543,-4977.4
312.9,3.49089,2367.57,-28645.9,2154.72,1314.67,-34.5682,-4974.44
313.0,3.50219,2378.87,-28720.0,2667.55,1324.57,-53.1133,-4974.81
313.1,3.50595,2431.48,-28858.4,3182.03,1327.23,-63.46,-4968.98
313.2,3.50161,2515.25,-29033.8,3341.23,1326.86,-57.7567,-4970.86
313.3,3.49571,2629.53,-29323.2,3010.78,1322.83,-36.8587,-4986.8
313.4,3.4945,2736.74,-29676.3,2526.19,1312.56,-11.685,-5002.56
313.5,3.4951,2820.27,-30004.1,2315.09,1298.13,1.08475,-5007.93
313.6,3.49372,2901.6,-30281.1,2588.62,1286.56,-2.4395,-5007.6
313.7,3.48943,2977.72,-30615.7,3275.78,1279.21,-15.8681,-5005.33
313.8,3.4844,3045.73,-30664.0,4029.12,1269.02,-30.1232,-5005.53
313.9,3.48524,3106.18,-30630.6,4528.93,1263.36,-36.8823,-4989.21
314.0,3.49355,3139.07,-30325.3,4791.84,1260.46,-32.5163,-4976.92
314.1,3.50251,3155.73,-29937.7,4931.92,1261.49,-23.7785,-4978.38
314.2,3.50724,3187.17,-29594.5,5135.17,1258.07,-11.92,-4984.84
314.3,3.50654,3230.6,-29087.1,5465.7,1251.54,-4.66362,-4992.95
314.4,3.50378,3292.73,-28158.8,5724.52,1245.03,-0.336188,-4998.81
314.5,3.50708,3365.63,-27051.6,5868.34,1243.14,13.62,-4989.24
314.6,3.51447,3415.82,-26122.1,6003.36,1246.01,28.335,-4968.14
314.7,3.51882,3473.28,-25737.6,6118.87,1249.49,26.0577,-4947.65
314.8,3.51806,3550.53,-25697.0,6315.18,1251.24,13.539,-4938.73
314.9,3.5121,3628.4,-25669.1,6525.52,1248.75,1.22188,-4930.46
315.0,3.50677,3709.49,-25521.0,6589.73,1251.85,-2.9915,-4920.27
315.1,3.50646,3763.17,-25273.3,6579.12,1255.55,-0.160437,-4925.27
315.2,3.50497,3783.15,-25152.3,6613.37,1256.24,3.19819,-4944.3
315.3,3.49807,3811.06,-25021.4,6702.84,1254.41,7.39725,-4964.2
315.4,3.4885,3835.98,-24570.2,6881.24,1252.81,12.1986,-4970.6
315.5,3.48044,3841.12,-23690.4,7055.4,1250.67,14.2089,-4961.75
315.6,3.4806,3829.56,-22839.9,7090.21,1254.3,12.7948,-4942.78
315.7,3.48901,3778.06,-22306.3,7117.75,1263.89,12.6984,-4931.34
315.8,3.49605,3709.94,-22129.9,7251.21,1279.81,12.8225,-4930.03
315.9,3.49908,3671.04,-21981.9,7675.45,1292.16,13.7789,-4933.81
316.0,3.49878,3640.92,-21780.2,8486.93,1299.46,6.79038,-4940.73
316.1,3.49743,3621.16,-21666.1,9414.96,1302.53,-7.28013,-4954.17
316.2,3.49927,3603.95,-21803.8,9972.89,1299.17,-19.6168,-4972.27
316.3,3.50146,3575.51,-22119.2,10002.3,1294.63,-11.7332,-4988.1
316.4,3.49803,3550.92,-22455.0,9368.01,1292.25,3.387,-4990.69
316.5,3.491,3543.94,-22794.4,8245.04,1292.85,12.6145,-4982.27
316.6,3.4846,3525.96,-23185.3,7118.01,1292.45,24.357,-4973.43
316.7,3.48107,3485.53,-23575.6,6134.74,1294.65,30.2255,-4965.75
316.8,3.48119,3428.13,-23646.2,5228.77,1297.91,22.8883,-4961.77
316.9,3.47979,3348.35,-23531.6,4419.31,1298.17,21.9732,-4953.36
317.0,3.47276,3269.06,-23575.3,3685.14,1297.96,31.748,-4949.31
317.1,3.46321,3200.97,-23906.7,3042.88,1296.14,36.1087,-4961.31
317.2,3.45894,3123.6,-24688.7,2673.9,1296.62,30.2512,-4968.12
317.3,3.46215,3018.67,-25443.2,2487.68,1298.89,12.364,-4969.85
317.4,3.47096,2910.48,-25846.3,2240.17,1304.04,-3.84475,-4967.68
317.5,3.4804,2807.3,-26448.9,1823.4,1319.06,-9.26125,-4950.27
317.6,3.48349,2729.68,-27147.8,1136.64,1332.74,-10.1335,-4946.09
317.7,3.48418,2704.3,-27844.4,422.56,1348.41,-0.54025,-4959.53
317.8,3.48721,2687.7,-28298.6,24.4256,1360.68,9.85325,-4966.94
317.9,3.49178,2676.31,-28474.6,-44.9377,1360.78,6.9735,-4961.12
318.0,3.49645,2678.4,-28547.5,130.45,1351.51,-1.19825,-4963.97
318.1,3.49559,2680.79,-28792.9,438.267,1339.83,-5.34762,-4976.64
318.2,3.48711,2706.96,-28693.9,612.511,1326.01,-10.2166,-4992.61
318.3,3.47995,2752.04,-28057.1,767.564,1312.98,-12.6571,-4990.47
318.4,3.47809,2771.45,-27381.0,1177.1,1307.96,-15.5964,-4972.45
318.5,3.48098,2779.51,-27308.2,1841.04,1312.2,-24.5033,-4964.61
318.6,3.4866,2780.31,-27737.7,2715.1,1325.91,-35.1237,-4980.81
318.7,3.48644,2767.86,-27998.0,3529.0,1337.89,-43.6744,-4993.83
318.8,3.4798,2781.94,-27864.4,3738.06,1341.94,-50.6712,-4979.42
318.9,3.47571,2810.59,-27622.6,3250.69,1344.95,-43.9631,-4971.1
319.0,3.47825,2817.14,-27671.5,2364.91,1344.08,-22.6448,-4990.06
319.1,3.48746,2816.83,-27979.5,1478.5,1336.54,-6.43733,-5008.04
319.2,3.49975,2816.03,-28131.0,1179.05,1323.66,-0.4205,-5003.14
319.3,3.50691,2823.32,-28236.2,1606.52,1312.34,-4.22813,-4985.38
319.4,3.50908,2874.73,-28493.4,2355.18,1305.12,-14.1756,-4983.1
319.5,3.51163,2951.46,-28767.0,3063.17,1296.12,-16.4578,-4994.67
319.6,3.5155,3034.69,-28584.1,3600.3,1290.88,-5.77612,-4996.24
319.7,3.51995,3131.02,-28257.9,4063.81,1290.75,4.49256,-4971.44
319.8,3.5207,3223.77,-28167.1,4755.65,1289.88,-0.130375,-4960.51
319.9,3.51324,3321.83,-28425.7,5717.69,1286.76,-16.298,-4981.15
320.0,3.50284,3429.14,-28564.9,6751.91,1280.19,-27.6051,-4998.69
320.1,3.49555,3509.89,-28205.6,7532.18,1272.18,-32.7023,-4985.12
320.2,3.4933,3562.49,-27612.5,7788.34,1270.28,-28.6685,-4964.98
320.3,3.49512,3587.24,-27219.7,7608.9,1269.51,-13.0506,-4967.57
320.4,3.49443,3582.91,-26969.6,7362.81,1262.82,9.58875,-4977.78
320.5,3.48976,3578.25,-26426.6,7271.14,1255.09,18.6461,-4967.88
320.6,3.48683,3569.16,-25633.1,7334.1,1249.61,7.0105,-4943.49
320.7,3.49008,3538.17,-25079.4,7391.81,1245.94,-6.29425,-4935.25
320.8,3.49775,3494.73,-24946.5,7166.44,1249.98,-12.5072,-4950.73
320.9,3.50578,3461.24,-24881.2,6667.41,1257.67,-12.2072,-4965.71
321.0,3.50958,3450.5,-24200.6,6180.13,1261.11,-8.53325,-4970.28
321.1,3.51006,3472.71,-23486.4,5943.58,1265.24,-7.38,-4955.94
321.2,3.51266,3516.52,-23059.1,6087.94,1267.0,-5.6095,-4954.74
321.3,3.51796,3556.87,-22874.8,6466.13,1267.55,-5.4755,-4970.28
321.4,3.5218,3602.97,-22632.3,6783.73,1270.2,-4.70425,-4970.5
321.5,3.51847,3657.42,-21957.2,6762.16,1272.11,-4.069,-4957.78
321.6,3.50592,3720.45,-21538.6,6295.72,1274.9,-1.088,-4943.1
321.7,3.49109,3785.0,-21772.1,5608.85,1273.84,9.905,-4950.7
321.8,3.48243,3810.81,-22271.3,5196.05,1270.78,22.155,-4977.25
321.9,3.48086,3781.76,-22360.9,5213.65,1270.37,11.9082,-4989.95
322.0,3.48158,3716.15,-21861.1,5411.94,1265.28,-13.1558,-4978.46
322.1,3.47887,3631.37,-21630.1,5519.04,1263.96,-18.3525,-4963.98
322.2,3.46995,3541.19,-22046.2,5051.78,1266.83,-8.79813,-4972.04
322.3,3.46435,3463.05,-22664.6,3988.31,1271.87,9.24288,-4984.28
322.4,3.4696,3352.76,-23112.3,2825.84,1284.85,28.0457,-4968.47
322.5,3.48129,3215.43,-23310.5,1858.12,1297.94,33.6545,-4945.8
322.6,3.49374,3096.77,-23673.3,1268.05,1307.16,29.9287,-4949.8
322.7,3.49826,2996.33,-24152.4,1005.32,1310.58,17.7071,-4974.74
322.8,3.4938,2957.63,-24374.6,805.914,1308.5,9.04613,-4982.4
322.9,3.49143,2965.39,-24025.6,495.435,1301.94,4.74731,-4972.86
323.0,3.49449,2965.21,-23789.8,44.5379,1299.47,0.686312,-4961.86
323.1,3.49966,2969.59,-23895.0,-585.728,1302.43,-0.779938,-4966.35
323.2,3.50205,2979.65,-24404.5,-1172.25,1310.87,5.77744,-4963.55
323.3,3.49419,2988.51,-24820.3,-1677.91,1316.99,6.87731,-4948.21
323.4,3.48127,3027.08,-25204.2,-2159.64,1329.32,3.9762,-4934.38
323.5,3.47319,3049.25,-25569.4,-2588.22,1337.39,3.16484,-4942.77
323.6,3.47054,3031.83,-25835.0,-2960.82,1339.31,6.45798,-4963.98
323.7,3.4713,2999.23,-26037.3,-3271.88,1333.08,7.85966,-4970.52
323.8,3.47069,2943.67,-25974.5,-3367.33,1316.41,3.33069,-4975.94
323.9,3.46602,2883.09,-25780.5,-3303.78,1300.12,-6.20456,-4985.9
324.0,3.46546,2834.51,-25415.8,-3156.98,1293.2,-10.2113,-4992.41
324.1,3.47418,2762.87,-24855.1,-2789.66,1296.12,-2.28087,-4983.05
324.2,3.4874,2683.27,-24431.1,-2195.49,1303.86,4.51162,-4960.21
324.3,3.49957,2636.29,-24538.6,-1295.96,1322.11,7.95175,-4946.16
324.4,3.50452,2621.01,-25050.7,-49.5092,1341.46,8.0365,-4950.66
324.5,3.50156,2652.24,-25799.7,1254.2,1348.56,3.01775,-4954.46
324.6,3.49994,2716.17,-26469.2,2332.23,1347.75,-7.2815,-4958.72
324.7,3.50177,2767.43,-27057.9,3043.31,1344.78,-17.1266,-4974.19
324.8,3.50421,2819.47,-27612.9,3264.86,1337.03,-23.0399,-4996.76
324.9,3.50402,2878.94,-28000.6,3131.93,1328.83,-21.7068,-5010.98
325.0,3.49813,2939.83,-28180.1,2975.26,1322.3,-8.97875,-5006.87
325.1,3.48909,3008.26,-28182.3,2916.9,1320.33,4.106,-4993.85
325.2,3.48428,3066.4,-27959.2,3117.9,1316.53,17.2985,-4983.46
325.3,3.4837,3083.65,-27260.8,3515.07,1310.19,23.234,-4974.93
325.4,3.4841,3085.84,-26093.8,3945.43,1304.03,24.173,-4956.42
325.5,3.4822,3075.02,-25114.4,4339.1,1296.47,20.029,-4931.76
325.6,3.47642,3057.9,-24673.7,4759.69,1286.96,12.4017,-4934.91
325.7,3.47338,3045.04,-24493.8,5296.87,1277.57,2.13875,-4967.21
325.8,3.47976,3010.66,-24160.6,6083.89,1270.58,-10.0868,-4984.7
325.9,3.49242,2953.29,-23641.9,7043.33,1270.12,-20.2153,-4974.57
326.0,3.50513,2908.93,-23553.1,8022.86,1270.92,-18.7108,-4961.73
326.1,3.51025,2885.72,-24161.9,8822.49,1271.71,-12.85,-4970.75
326.2,3.50649,2907.7,-24731.2,9185.45,1274.31,-9.826,-4984.03
326.3,3.50198,2963.37,-24677.6,9018.9,1269.17,-7.1355,-4964.75
326.4,3.50149,3009.62,-24090.0,8514.01,1263.11,-1.96063,-4937.45
326.5,3.50334,3046.87,-23656.9,7894.18,1263.99,-0.858125,-4942.09
326.6,3.50391,3080.93,-23713.1,7484.63,1261.87,-6.41575,-4969.55
326.7,3.49752,3111.52,-23582.1,7408.84,1258.25,-17.4119,-4992.65
326.8,3.48687,3161.58,-22924.3,7466.31,1255.98,-25.6861,-4990.21
326.9,3.48128,3204.67,-22123.0,7368.8,1255.16,-27.7738,-4977.27
327.0,3.48273,3210.47,-21804.6,7017.71,1256.19,-15.3671,-4974.45
327.1,3.48702,3189.36,-21676.6,6474.23,1254.99,2.24175,-4983.63
327.2,3.48829,3159.43,-21086.7,6130.15,1254.01,15.6901,-4980.48
327.3,3.48408,3132.92,-20210.6,6226.28,1253.8,11.0965,-4949.92
327.4,3.47971,3114.42,-19825.0,6673.81,1254.43,-8.74219,-4930.29
327.5,3.48185,3083.53,-20190.1,7240.8,1257.25,-26.2206,-4955.5
327.6,3.48905,3031.04,-20635.4,7534.53,1257.14,-37.3322,-4991.53
327.7,3.49658,2982.08,-20560.8,7248.7,1259.65,-42.1032,-4988.45
327.8,3.49923,2940.16,-20409.0,6415.44,1262.75,-34.4473,-4958.96
327.9,3.49641,2919.82,-21123.2,5429.97,1271.17,-6.73503,-4955.43
328.0,3.49257,2911.32,-22428.5,4481.33,1277.28,9.92669,-4984.44
328.1,3.49279,2904.96,-23405.1,3831.48,1281.21,12.9319,-4989.02
328.2,3.49457,2884.96,-23546.9,3435.23,1286.09,9.132,-4956.89
328.3,3.492,2869.08,-23529.4,3065.08,1276.79,5.13431,-4935.23
328.4,3.48295,2868.78,-24171.4,2577.29,1267.98,-0.718875,-4956.18
328.5,3.47245,2879.0,-24840.0,2187.58,1266.43,-0.1865,-4995.69
328.6,3.46809,2874.46,-24804.1,2083.83,1271.5,-2.36488,-4995.49
328.7,3.47317,2843.81,-24180.6,2200.32,1275.19,-19.4515,-4963.02
328.8,3.48392,2798.4,-24040.6,2366.7,1290.56,-32.3957,-4950.03
328.9,3.49202,2754.42,-24581.9,2319.87,1307.35,-28.1583,-4971.45
329.0,3.49246,2740.0,-25016.3,1910.58,1319.35,-13.4639,-4983.29
329.1,3.48973,2758.45,-24634.9,1279.59,1331.86,-1.52013,-4962.99
329.2,3.49044,2783.6,-24112.0,786.648,1341.9,7.263,-4937.46
329.3,3.49591,2798.29,-24425.5,531.44,1347.12,2.561,-4948.89
329.4,3.5021,2806.24,-25334.0,426.521,1342.67,-13.4967,-4988.62
329.5,3.50303,2817.15,-25809.3,310.099,1328.7,-26.5728,-5006.41
329.6,3.49815,2843.36,-25393.7,32.6493,1309.09,-27.101,-4986.12
329.7,3.49456,2880.87,-24891.0,-273.585,1293.91,-15.4327,-4964.01
329.8,3.49651,2903.53,-25140.2,-319.829,1289.74,-1.72125,-4970.6
329.9,3.50134,2910.14,-25753.2,64.2178,1291.64,7.17825,-4988.94
330.0,3.50263,2916.99,-25849.7,878.773,1299.62,12.0115,-4985.79
330.1,3.49579,2935.51,-25314.8,1963.89,1312.34,15.4395,-4960.98
330.2,3.48352,2965.82,-24926.2,2975.77,1318.25,11.6237,-4946.33
330.3,3.47472,2993.73,-25352.2,3786.83,1324.08,5.80225,-4959.83
330.4,3.47514,2990.76,-26099.4,4383.81,1332.26,-1.48325,-4986.22
330.5,3.48345,2960.71,-26295.7,4776.41,1330.17,-11.7428,-4990.37
330.6,3.49367,2922.45,-26018.6,5086.06,1324.09,-17.8412,-4967.83
330.7,3.49963,2893.07,-25944.0,5378.1,1317.05,-15.8169,-4957.25
330.8,3.50139,2893.65,-26254.4,5555.81,1312.26,-8.95387,-4975.99
330.9,3.50427,2919.63,-26169.4,5659.05,1305.01,7.60112,-4992.7
331.0,3.50894,2947.14,-25454.7,5686.06,1299.86,22.2671,-4970.06
331.1,3.51194,2989.84,-24595.0,5612.9,1297.09,27.1974,-4937.99
331.2,3.51108,3046.65,-24281.6,5664.52,1299.28,32.3764,-4941.69
331.3,3.50426,3101.6,-24396.5,6062.11,1304.44,32.323,-4965.31
331.4,3.49509,3161.68,-24253.9,6645.71,1311.48,9.23013,-4965.49
331.5,3.49107,3207.03,-23789.4,7280.08,1312.78,-17.2726,-4941.84
331.6,3.4909,3210.54,-23803.4,7753.04,1310.45,-25.472,-4933.68
331.7,3.49063,3200.12,-24672.1,7919.7,1305.25,-11.2428,-4958.6
331.8,3.48912,3181.5,-25782.9,7999.41,1299.39,9.27478,-4985.2
331.9,3.48386,3145.13,-26253.3,8203.78,1287.42,19.7609,-4985.36
332.0,3.47895,3115.55,-26264.3,8534.47,1270.96,22.6728,-4966.43
332.1,3.47904,3071.71,-26099.9,8754.57,1258.17,11.846,-4971.87
332.2,3.48327,3021.4,-25977.1,8610.58,1254.01,-1.66514,-4988.94
332.3,3.4904,2980.9,-25546.0,7992.83,1254.84,-11.5083,-4985.3
332.4,3.49643,2947.42,-24708.8,7132.82,1262.69,-14.4961,-4964.83
332.5,3.50132,2942.56,-23846.5,6527.8,1274.7,-5.58725,-4958.57
332.6,3.50738,2953.71,-23293.2,6389.35,1283.13,-5.94675,-4969.69
332.7,3.51434,2977.2,-22855.5,6633.47,1292.72,-13.9396,-4978.97
332.8,3.51854,3012.4,-22509.0,6813.81,1296.55,-15.2755,-4969.2
332.9,3.51533,3059.32,-22245.4,6551.84,1295.27,-3.22988,-4965.63
333.0,3.50481,3122.33,-22140.0,5967.4,1291.5,18.795,-4980.72
333.1,3.49251,3181.24,-22234.9,5490.77,1284.72,25.847,-4989.25
333.2,3.48404,3213.78,-22490.7,5523.74,1279.65,10.6464,-4982.26
333.3,3.48241,3206.38,-22719.9,6095.27,1276.15,-17.5368,-4981.59
333.4,3.48166,3159.18,-22958.7,6636.51,1273.18,-50.8461,-4985.73
333.5,3.47847,3105.26,-23314.0,6553.17,1273.77,-65.425,-4975.03
333.6,3.47315,3046.4,-23521.3,5649.09,1277.99,-49.4012,-4967.76
333.7,3.4705,2984.86,-23761.4,4287.54,1281.85,-11.6178,-4966.53
333.8,3.47503,2909.15,-24167.9,2999.37,1286.26,12.363,-4968.11
333.9,3.48486,2825.88,-24510.6,2259.3,1289.11,14.6458,-4975.89
334.0,3.49378,2753.02,-24525.5,2021.54,1289.18,2.92525,-4986.16
334.1,3.49674,2713.78,-24359.5,1824.96,1284.26,-15.6535,-4984.24
334.2,3.49599,2720.38,-24207.0,1368.27,1280.28,-25.3948,-4979.53
334.3,3.49833,2753.14,-24384.0,773.382,1287.66,-20.3765,-4976.77
334.4,3.50693,2790.03,-24470.6,352.632,1293.28,-17.5532,-4980.92
334.5,3.51815,2829.61,-24432.2,462.685,1299.02,-22.0403,-4971.22
334.6,3.52335,2876.52,-24324.8,1025.58,1303.33,-35.5648,-4955.25
334.7,3.51697,2953.52,-24279.3,1522.65,1308.54,-46.9868,-4957.34
334.8,3.5044,3060.52,-24112.4,1530.44,1316.89,-39.4572,-4976.31
334.9,3.49307,3155.28,-23876.5,995.684,1321.3,-19.2355,-4977.86
335.0,3.48742,3223.36,-23746.0,291.848,1323.0,-0.102,-4966.87
335.1,3.48722,3248.72,-23857.6,-74.7578,1317.48,1.1145,-4970.82
335.2,3.48547,3233.46,-23954.9,33.6154,1308.52,-19.9439,-4987.35
335.3,3.48168,3214.65,-23518.7,313.646,1304.05,-45.2469,-4989.83
335.4,3.48106,3184.24,-22694.8,450.349,1305.03,-51.4696,-4967.84
335.5,3.48662,3138.77,-22351.2,327.134,1306.99,-36.7632,-4947.41
335.6,3.4985,3094.14,-22745.7,193.844,1311.65,-13.0445,-4959.86
335.7,3.51079,3052.54,-23388.7,400.469,1321.34,0.070125,-4980.16
335.8,3.51572,3038.92,-23592.1,975.671,1333.72,-1.127,-4973.19
335.9,3.51478,3070.82,-23769.3,1702.26,1349.17,-3.68088,-4947.4
336.0,3.51341,3124.7,-24638.9,2413.7,1363.3,0.05325,-4950.95
336.1,3.51536,3188.52,-25896.3,3011.14,1372.35,1.88612,-4991.5
336.2,3.52131,3252.43,-26678.5,3649.2,1374.58,-3.32247,-5008.79
336.3,3.52385,3310.97,-26468.9,4439.31,1370.55,-16.8881,-4986.07
336.4,3.51885,3387.77,-25919.5,5213.11,1362.09,-30.3475,-4964.29
336.5,3.50937,3471.52,-25662.2,5668.85,1353.36,-37.2099,-4976.82
336.6,3.50022,3539.07,-25289.5,5622.37,1346.99,-28.6345,-4995.49
336.7,3.49611,3584.09,-24222.8,5133.05,1340.21,-5.02781,-4977.04
336.8,3.4953,3594.56,-22873.0,4503.92,1330.51,15.0635,-4935.27
336.9,3.49301,3590.27,-22178.0,4086.27,1332.63,24.0008,-4925.42
337.0,3.48909,3582.75,-22318.1,3989.68,1342.15,19.5671,-4955.48
337.1,3.48637,3564.48,-22257.8,4092.04,1356.75,7.042,-4984.94
337.2,3.4887,3535.45,-21556.9,4216.23,1366.02,-0.911,-4975.77
337.3,3.49661,3494.51,-21026.6,4338.75,1371.31,1.41712,-4955.46
337.4,3.50552,3447.8,-21499.4,4621.88,1371.36,10.4301,-4970.96
337.5,3.51117,3416.49,-22602.1,5151.93,1372.51,12.4765,-5006.39
337.6,3.51364,3407.55,-23267.9,5871.66,1370.71,4.80175,-5005.09
337.7,3.5152,3413.64,-23118.1,6596.48,1358.46,-1.6995,-4968.55
337.8,3.51659,3430.84,-23174.6,7028.88,1345.67,-6.39425,-4943.74
337.9,3.51728,3465.68,-23659.2,7028.33,1335.45,-8.285,-4967.87
338.0,3.51608,3515.92,-24091.4,6704.3,1335.33,-7.04725,-4994.82
338.1,3.51098,3567.7,-23665.5,6081.15,1330.26,-12.031,-4985.35
338.2,3.50454,3628.28,-22407.4,5429.23,1319.55,-5.2745,-4971.22
338.3,3.49947,3667.05,-21289.2,4891.68,1321.27,5.02625,-4978.88
338.4,3.49585,3687.21,-20675.8,4494.59,1323.45,11.098,-4995.67
338.5,3.4944,3692.39,-20162.7,4385.22,1330.7,21.8638,-4997.26
338.6,3.49103,3664.67,-19729.4,4555.51,1339.96,26.2035,-4970.51
338.7,3.48466,3638.79,-19690.3,4880.05,1349.03,20.2617,-4945.55
338.8,3.48022,3597.85,-20271.0,5198.74,1354.46,0.96625,-4945.39
338.9,3.47994,3530.45,-21079.5,5444.68,1362.49,-15.1597,-4962.13
339.0,3.48688,3453.97,-21558.6,5519.66,1361.36,-23.222,-4970.58
339.1,3.49836,3361.86,-21742.7,5449.79,1352.82,-30.8665,-4971.63
339.2,3.5075,3284.45,-22092.9,5306.68,1346.04,-30.718,-4981.86
339.3,3.51248,3251.93,-22583.9,5031.79,1342.2,-22.7901,-5006.15
339.4,3.51488,3255.91,-22716.6,4647.82,1338.37,-10.1669,-5019.44
339.5,3.5152,3284.91,-22369.0,4117.92,1337.0,-0.959875,-4998.28
339.6,3.51508,3336.41,-22116.8,3491.95,1340.36,2.25738,-4962.85
339.7,3.51217,3387.68,-22034.6,2775.96,1340.48,-6.01475,-4960.28
339.8,3.50424,3444.16,-22043.9,1996.82,1338.99,-18.7364,-4969.63
339.9,3.49411,3498.35,-21925.7,1261.84,1333.98,-29.4788,-4956.94
340.0,3.48613,3531.88,-21611.4,660.452,1327.0,-37.2841,-4948.07
340.1,3.48443,3540.34,-21356.9,220.457,1318.58,-40.5728,-4971.36
340.2,3.48767,3513.23,-21169.9,-80.7483,1305.83,-38.181,-5002.52
340.3,3.49002,3467.54,-20798.7,-418.187,1298.35,-30.9603,-5007.04
340.4,3.49015,3434.24,-20064.1,-877.834,1293.77,-15.564,-4995.74
340.5,3.49038,3408.05,-19350.0,-1340.1,1298.24,1.91189,-4985.48
340.6,3.49379,3386.3,-19157.3,-1517.68,1312.15,13.4989,-4970.64
340.7,3.50143,3367.9,-19274.2,-1297.87,1323.17,1.56893,-4956.23
340.8,3.50988,3359.3,-19459.6,-765.048,1327.82,-28.4262,-4946.18
340.9,3.51498,3372.43,-19584.7,-302.256,1329.61,-57.8841,-4945.48
341.0,3.5166,3413.8,-19468.9,-270.05,1323.27,-69.1888,-4958.79
341.1,3.51838,3473.17,-19216.2,-547.22,1314.53,-51.0018,-4975.29
341.2,3.52164,3530.63,-19179.2,-796.323,1308.7,-24.5559,-4981.0
341.3,3.52462,3588.07,-19383.0,-696.501,1307.99,-8.05863,-4987.07
341.4,3.52336,3646.69,-19658.4,-125.024,1314.15,1.719,-4993.69
341.5,3.51394,3708.41,-19990.7,676.679,1321.82,6.83488,-4977.7
341.6,3.49954,3779.24,-20459.5,1327.12,1328.7,4.42788,-4945.92
341.7,3.48898,3835.38,-21242.1,1840.8,1340.84,2.12762,-4932.58
341.8,3.48634,3847.9,-22063.6,2512.19,1354.56,-0.044375,-4949.96
341.9,3.48991,3822.64,-22746.7,3522.46,1365.07,-16.7504,-4964.86
342.0,3.49409,3776.05,-23134.4,4811.67,1366.08,-44.6494,-4968.82
342.1,3.49474,3731.24,-23474.4,5951.26,1360.15,-63.5555,-4977.26
342.2,3.49467,3706.48,-23861.1,6404.41,1353.79,-57.6823,-4996.3
342.3,3.50093,3690.64,-23989.6,6194.72,1352.18,-24.449,-5009.21
342.4,3.51204,3662.35,-23269.4,5636.01,1349.37,6.3085,-5003.34
342.5,3.52244,3653.2,-21947.4,5162.93,1346.64,18.3207,-4977.68
342.6,3.52695,3672.58,-20747.0,5058.33,1352.94,12.4902,-4954.44
342.7,3.52316,3724.82,-19901.2,5096.52,1364.75,-6.602,-4955.92
342.8,3.51764,3809.97,-19740.1,4965.92,1377.23,-21.2097,-4954.93
342.9,3.516,3886.3,-19628.4,4692.61,1386.19,-19.7265,-4959.71
343.0,3.5158,3938.64,-19672.6,4451.38,1386.52,-8.7705,-4964.77
343.1,3.51423,3984.59,-20078.2,4512.94,1385.0,0.96875,-4975.18
343.2,3.50801,4012.5,-20549.9,5132.3,1382.74,7.56975,-5000.87
343.3,3.49633,4028.85,-21072.7,6030.98,1377.05,5.513,-5012.19
343.4,3.4871,4039.83,-21274.6,6846.36,1370.76,2.3745,-5008.96
343.5,3.48315,4009.93,-21174.7,7326.01,1363.19,2.52025,-4998.62
343.6,3.48324,3961.16,-20968.0,7458.42,1358.23,8.84237,-4986.09
343.7,3.48689,3907.54,-20680.6,7498.68,1356.73,10.2916,-4972.1
343.8,3.49135,3844.14,-20353.0,7626.56,1357.4,-4.4495,-4956.15
343.9,3.49773,3795.98,-19877.1,7708.01,1353.17,-24.2816,-4948.53
344.0,3.5083,3763.58,-19454.9,7569.98,1350.63,-27.0632,-4948.06
344.1,3.52046,3743.88,-19103.9,7300.92,1352.92,-1.041,-4958.8
344.2,3.52889,3759.15,-18918.7,7146.33,1359.0,30.7362,-4973.98
344.3,3.53004,3806.99,-19055.5,7451.16,1367.68,41.1442,-4982.63
344.4,3.52237,3877.1,-19313.3,8243.29,1385.75,29.0781,-4989.51
344.5,3.51072,3955.09,-19655.4,8950.38,1400.91,1.02925,-4985.53
344.6,3.50151,4010.89,-19893.0,9092.8,1406.71,-20.5397,-4973.05
344.7,3.49599,4024.82,-20011.3,8606.38,1402.54,-22.7708,-4959.18
344.8,3.49282,4004.53,-20144.1,7843.39,1390.32,-18.2498,-4947.71
344.9,3.49066,3965.32,-20307.7,7428.29,1380.39,-15.5926,-4947.79
345.0,3.48858,3913.02,-20402.7,7537.25,1368.32,-23.4297,-4957.92
345.1,3.48759,3864.74,-20623.9,7847.94,1360.66,-30.2253,-4964.9
345.2,3.48768,3811.03,-20802.0,7708.68,1352.69,-30.5092,-4978.1
345.3,3.48736,3766.8,-20716.5,6812.07,1349.78,-11.5236,-4997.66
345.4,3.489,3738.02,-20464.9,5421.79,1351.83,14.5084,-4999.2
345.5,3.49292,3709.67,-20283.4,4192.48,1361.9,23.241,-4983.63
345.6,3.49925,3686.38,-20214.1,3504.55,1369.69,-0.045875,-4973.31
345.7,3.50701,3671.73,-19985.2,3232.93,1367.57,-40.805,-4972.71
345.8,3.51428,3672.54,-19463.0,2959.67,1361.82,-65.6449,-4960.96
345.9,3.51938,3692.8,-18888.8,2203.95,1350.65,-65.695,-4940.45
346.0,3.522,3733.03,-18630.9,1065.1,1336.76,-39.7889,-4943.87
346.1,3.52099,3779.37,-18695.7,-63.2141,1318.34,-10.0518,-4971.87
346.2,3.51713,3841.52,-18653.6,-714.352,1309.86,12.3258,-4993.53
346.3,3.513,3899.05,-18440.7,-752.123,1310.78,16.7768,-4985.11
346.4,3.50679,3944.62,-18225.4,-406.373,1314.9,6.727,-4977.17
346.5,3.49875,3991.42,-18322.2,-128.369,1319.93,-10.033,-4979.86
346.6,3.49133,4032.43,-18476.9,-99.0552,1324.09,-22.3005,-4976.77
346.7,3.4874,4057.59,-18265.9,-252.358,1322.46,-30.8218,-4955.93
346.8,3.4902,4062.94,-17696.1,-251.97,1319.17,-35.3473,-4936.06
346.9,3.49745,4035.64,-17513.4,188.876,1315.44,-38.4253,-4928.62
347.0,3.50321,3999.53,-17802.1,1006.36,1316.4,-39.2015,-4945.58
347.1,3.50644,3982.02,-18253.0,1915.4,1322.15,-29.5613,-4968.44
347.2,3.50807,3978.49,-18719.1,2660.57,1331.52,-10.392,-4972.32
347.3,3.5095,3989.15,-19246.4,3060.29,1342.12,4.5155,-4968.0
347.4,3.51394,4010.57,-19873.4,3266.34,1356.9,9.89375,-4976.74
347.5,3.519,4022.78,-20524.7,3528.43,1367.92,0.162,-4982.44
347.6,3.52146,4049.31,-20842.6,3992.84,1371.6,-20.8295,-4973.06
347.7,3.52171,4091.74,-20655.8,4696.76,1365.42,-44.2562,-4962.91
347.8,3.51888,4134.76,-20573.7,5460.9,1357.4,-61.6121,-4956.87
347.9,3.51464,4186.14,-20879.5,6018.79,1346.46,-61.1579,-4963.31
348.0,3.5106,4233.37,-21315.7,6288.35,1335.83,-40.3582,-4979.53
348.1,3.50585,4267.73,-21565.4,6450.07,1325.27,-5.9605,-4987.0
348.2,3.50049,4290.97,-21473.1,6753.96,1311.11,18.3796,-4984.37
348.3,3.495,4300.88,-21469.2,7356.47,1306.47,18.6011,-4981.12
348.4,3.49057,4300.94,-21649.2,8008.46,1309.25,-5.34925,-4991.4
348.5,3.49008,4294.19,-21916.6,8338.17,1320.44,-30.9676,-5002.06
348.6,3.49381,4273.32,-21981.1,8250.67,1343.2,-37.6791,-5002.25
348.7,3.49897,4242.59,-22008.2,7945.73,1365.3,-31.3912,-4993.11
348.8,3.50359,4216.8,-22039.9,7758.21,1376.44,-25.3106,-4995.85
348.9,3.50869,4200.98,-21906.2,8027.31,1384.25,-13.4558,-5009.85
349.0,3.51426,4186.21,-21439.2,8701.07,1383.06,1.7575,-5005.6
349.1,3.51923,4181.1,-20917.6,9338.15,1377.82,6.82659,-4979.95
349.2,3.52141,4193.36,-20530.6,9527.63,1371.84,6.49608,-4969.74
349.3,3.52075,4227.71,-20489.9,9316.31,1371.7,20.5173,-4975.03
349.4,3.51728,4272.87,-20567.9,8874.89,1370.11,24.6667,-4974.7
349.5,3.51484,4332.91,-20667.7,8616.15,1373.29,11.8018,-4962.9
349.6,3.51575,4379.21,-20873.3,8787.17,1382.51,-10.8032,-4961.98
349.7,3.515,4406.08,-21430.1,9137.28,1391.72,-30.5948,-4972.95
349.8,3.51095,4443.73,-21917.5,9275.23,1402.67,-34.7088,-4989.46
349.9,3.50292,4476.24,-22123.2,9104.62,1406.9,-15.3,-4988.55
350.0,3.49402,4502.74,-22180.4,8879.8,1412.09,19.6226,-4975.27
350.1,3.48911,4508.54,-22510.4,8942.67,1424.33,39.2609,-4965.01
350.2,3.48919,4477.82,-23031.3,9482.4,1433.92,31.276,-4969.29
350.3,3.49092,4416.95,-23145.8,10226.6,1428.27,4.87725,-4973.54
350.4,3.4922,4352.98,-22806.9,10677.6,1421.66,-22.1038,-4958.37
350.5,3.49444,4295.82,-22505.0,10580.7,1419.34,-33.6636,-4943.63
350.6,3.5007,4243.16,-22423.7,10087.3,1411.39,-32.1488,-4962.05
350.7,3.51041,4195.23,-22604.7,9560.31,1407.4,-29.4,-4987.92
350.8,3.52039,4162.74,-22570.8,9106.35,1402.5,-36.5575,-4991.12
350.9,3.52503,4158.88,-22111.3,8406.01,1388.33,-46.538,-4978.82
351.0,3.5232,4195.46,-21945.5,7183.85,1381.2,-31.5835,-4964.62
351.1,3.51741,4256.1,-22081.4,5499.17,1374.51,3.60775,-4967.81
351.2,3.51117,4330.83,-22303.1,3887.39,1371.85,33.4652,-4972.51
351.3,3.50736,4397.38,-22240.2,2872.75,1375.18,31.5375,-4963.57
351.4,3.50355,4439.52,-21852.5,2485.81,1375.53,-0.198,-4954.21
351.5,3.49761,4469.02,-21680.1,2271.65,1376.21,-34.0662,-4956.31
351.6,3.491,4479.72,-21419.0,1657.79,1371.36,-52.64,-4979.62
351.7,3.48711,4471.29,-20824.3,590.219,1364.98,-44.286,-4992.17
351.8,3.49005,4440.62,-20001.7,-465.108,1356.53,-17.6275,-4975.4
351.9,3.49776,4390.56,-19196.4,-1066.72,1348.73,-3.02275,-4962.83
352.0,3.50593,4350.14,-18994.8,-1023.86,1346.73,-0.73025,-4959.24
352.1,3.51093,4327.87,-19002.8,-625.011,1348.61,-3.69125,-4958.76
352.2,3.51131,4335.57,-18659.9,-390.018,1345.88,-7.23413,-4948.77
352.3,3.51195,4377.13,-18158.8,-521.926,1342.55,-4.37712,-4929.23
352.4,3.51571,4418.66,-18107.0,-839.043,1339.86,-3.61462,-4922.82
352.5,3.52119,4458.98,-18656.9,-980.421,1345.65,-10.2115,-4944.29
352.6,3.52554,4499.87,-19694.0,-699.283,1354.55,-24.6189,-4962.13
352.7,3.52411,4534.52,-20473.3,-81.0352,1356.43,-39.6066,-4968.93
352.8,3.51764,4581.29,-20710.0,509.197,1355.8,-43.7575,-4973.8
352.9,3.51129,4627.88,-20839.2,904.481,1357.14,-28.9771,-4973.1
353.0,3.50586,4653.14,-21079.2,1146.25,1357.72,-8.91281,-4970.74
353.1,3.50059,4667.65,-21271.7,1341.16,1364.5,-0.162625,-4972.28
353.2,3.49588,4670.33,-21159.4,1704.16,1372.12,0.285656,-4969.25
353.3,3.49032,4652.34,-20791.5,2246.31,1376.86,-6.95603,-4957.88
353.4,3.48635,4631.9,-20295.0,2779.41,1378.48,-22.6984,-4955.71
353.5,3.48836,4598.94,-20250.9,3291.7,1379.19,-33.1568,-4961.02
353.6,3.49416,4549.23,-20545.9,3756.66,1371.67,-35.3504,-4977.67
353.7,3.5019,4511.2,-20865.5,4222.31,1356.83,-27.9228,-4995.53
353.8,3.50928,4483.23,-21126.8,4850.11,1344.79,-18.4803,-5001.06
353.9,3.51315,4467.49,-21511.8,5649.8,1332.8,-12.1783,-4998.03
354.0,3.51514,4476.97,-22252.6,6468.89,1324.61,-9.0095,-4998.61
354.1,3.51682,4494.96,-23210.8,7190.81,1325.67,-8.04638,-5002.83
354.2,3.5164,4520.7,-24018.8,7657.73,1331.74,-8.94125,-4997.71
354.3,3.51447,4560.54,-24708.6,7817.35,1349.28,-12.392,-4983.7
354.4,3.51076,4597.45,-25556.8,7798.18,1365.43,-15.144,-4977.99
354.5,3.5049,4629.45,-26385.8,7682.52,1377.79,-14.4989,-4998.09
354.6,3.50059,4652.26,-26510.6,7598.54,1382.38,-9.20988,-5025.02
354.7,3.49724,4646.47,-25941.1,7619.03,1377.73,-1.86837,-5019.83
354.8,3.49419,4632.83,-25021.7,7595.75,1368.97,3.25863,-5005.77
354.9,3.49185,4613.09,-24084.0,7329.47,1361.1,7.06425,-5013.69
355.0,3.48977,4582.62,-23366.9,6890.11,1358.4,21.173,-5012.07
355.1,3.48895,4553.98,-22715.2,6447.26,1362.41,34.3172,-4979.14
355.2,3.49232,4530.72,-22102.1,6327.05,1368.93,34.6217,-4944.14
355.3,3.50023,4501.4,-22115.8,6705.16,1379.18,18.198,-4927.76
355.4,3.5081,4477.36,-22598.5,7325.9,1391.99,-8.457,-4938.6
355.5,3.51411,4479.76,-23145.7,7794.22,1402.86,-26.0818,-4957.36
355.6,3.51691,4498.03,-23388.1,7830.73,1408.6,-27.2495,-4973.81
355.7,3.51723,4534.24,-23659.0,7492.48,1409.7,-11.732,-4987.38
355.8,3.51694,4570.98,-24263.4,7041.67,1404.42,1.00325,-5003.37
355.9,3.51543,4604.73,-24922.5,6798.31,1405.96,6.42925,-5018.93
356.0,3.51142,4632.58,-25024.1,6640.2,1408.3,1.16425,-5011.73
356.1,3.50573,4655.23,-24381.0,6396.42,1403.57,-2.39575,-4977.78
356.2,3.49897,4666.3,-23512.5,6034.04,1399.83,1.557,-4945.25
356.3,3.49275,4667.82,-22840.7,5586.62,1391.25,2.56175,-4938.9
356.4,3.4897,4657.2,-22390.1,5281.6,1381.31,-2.53938,-4949.45
356.5,3.48788,4625.96,-21755.7,5083.04,1364.3,-16.1306,-4957.36
356.6,3.4874,4594.51,-21234.3,4781.6,1349.12,-26.0936,-4956.31
356.7,3.48857,4553.59,-21086.7,4169.26,1340.78,-25.1658,-4968.82
356.8,3.49087,4511.8,-21219.8,3289.69,1340.29,-6.16838,-4995.61
356.9,3.4948,4477.19,-21483.4,2395.93,1345.48,15.6917,-4998.25
357.0,3.49859,4450.17,-21768.9,1748.63,1354.45,21.8211,-4973.74
357.1,3.50132,4436.5,-22015.4,1347.4,1366.16,11.4636,-4956.31
357.2,3.50393,4435.83,-22252.9,967.274,1381.21,-2.14344,-4952.47
357.3,3.50625,4438.73,-22207.1,307.753,1393.78,-12.1408,-4947.38
357.4,3.50841,4448.81,-21725.8,-679.056,1404.8,-14.7426,-4941.6
357.5,3.51124,4465.37,-21242.8,-1535.04,1406.07,0.741687,-4941.95
357.6,3.51259,4479.37,-20983.4,-1865.84,1398.76,11.9817,-4960.52
357.7,3.51157,4510.49,-20841.0,-1534.92,1389.71,9.63001,-4979.72
357.8,3.50906,4549.58,-20535.5,-734.559,1379.07,1.90559,-4976.49
357.9,3.50294,4586.31,-20078.7,44.6085,1369.02,-3.10784,-4957.38
358.0,3.49472,4629.66,-19573.8,245.397,1355.12,-10.7435,-4946.69
358.1,3.48818,4662.45,-19260.8,-92.6311,1348.39,-9.01156,-4939.74
358.2,3.48498,4665.08,-19121.2,-581.357,1347.84,-0.502,-4926.96
358.3,3.48578,4647.99,-19261.9,-760.352,1352.85,1.26319,-4916.66
358.4,3.48971,4606.72,-19988.6,-390.619,1360.42,-12.9928,-4920.79
358.5,3.4925,4552.12,-21118.9,224.195,1371.15,-34.1637,-4947.19
358.6,3.49464,4511.75,-22239.9,522.057,1383.34,-38.0501,-4975.66
358.7,3.49774,4473.5,-22911.0,296.92,1389.96,-17.2895,-4989.78
358.8,3.50096,4440.33,-23221.1,-197.723,1403.28,10.4143,-4993.52
358.9,3.50545,4422.28,-23561.6,-460.769,1415.57,22.1335,-4990.71
359.0,3.50963,4408.49,-23752.7,-121.54,1423.1,11.8939,-4991.55
359.1,3.51084,4411.44,-23497.7,628.872,1424.1,-9.90038,-4985.03
359.2,3.51017,4438.91,-22869.4,1370.43,1415.83,-25.376,-4962.27
359.3,3.50764,4473.55,-22214.9,1743.39,1406.9,-30.1995,-4947.92
359.4,3.50404,4519.02,-22041.2,1695.67,1397.17,-20.6688,-4954.43
359.5,3.50177,4564.05,-21989.0,1677.17,1390.25,5.92125,-4981.72
359.6,3.50023,4591.32,-21844.9,2302.06,1381.41,31.4177,-4997.24
359.7,3.49745,4607.34,-21772.4,3679.69,1367.97,27.3345,-4993.69
359.8,3.49314,4615.21,-22208.4,5443.08,1360.62,0.31675,-4993.48
359.9,3.48662,4612.73,-23133.4,6879.62,1363.85,-21.7773,-5004.87
360.0,3.48061,4608.24,-24210.2,7383.04,1374.58,-22.8797,-5002.19
360.1,3.48039,4590.29,-25200.2,7134.17,1393.24,-5.9525,-4979.37
360.2,3.48605,4545.24,-25899.7,6867.83,1408.78,13.0405,-4970.39
360.3,3.49475,4491.6,-26453.5,7050.33,1413.38,11.7995,-4980.69
360.4,3.50366,4444.43,-26614.3,7677.17,1410.45,-4.4335,-4997.48
360.5,3.50911,4414.15,-26170.8,8277.27,1400.42,-11.149,-5004.78
360.6,3.51076,4418.71,-25425.6,8262.47,1385.65,-1.753,-5001.12
360.7,3.51266,4459.18,-24631.4,7777.66,1371.59,28.1861,-5002.78
360.8,3.51532,4504.63,-23964.3,7291.2,1363.39,46.5271,-5001.54
360.9,3.51774,4564.17,-23211.7,7285.08,1368.84,37.5644,-4985.9
361.0,3.51837,4622.67,-22188.6,7740.3,1376.14,1.06537,-4959.94
361.1,3.51396,4687.45,-21318.5,8294.56,1388.76,-29.6999,-4937.24
361.2,3.50797,4766.64,-21097.0,8549.5,1411.68,-33.0861,-4931.23
361.3,3.50377,4833.15,-21443.3,8411.26,1435.24,-20.9375,-4947.8
361.4,3.50057,4876.19,-22199.8,8091.27,1445.79,-6.271,-4963.65
361.5,3.49633,4896.51,-23048.4,7856.94,1445.69,4.304,-4975.3
361.6,3.4897,4893.22,-24137.7,7713.28,1438.06,6.60694,-4985.87
361.7,3.48385,4874.04,-25319.4,7523.0,1423.07,8.57425,-5005.42
361.8,3.48366,4829.61,-26048.8,7243.29,1403.48,13.0663,-5025.35
361.9,3.48992,4764.03,-26041.1,7065.67,1387.71,17.1495,-5020.97
362.0,3.49981,4697.84,-25449.2,7168.04,1377.47,10.0905,-4999.14
362.1,3.50885,4648.59,-24631.3,7721.82,1372.32,-2.39509,-4988.88
362.2,3.51344,4627.69,-23954.2,8468.83,1373.48,-20.2406,-4983.11
362.3,3.51464,4644.77,-23118.4,8791.62,1372.28,-38.7677,-4969.35
362.4,3.51772,4687.67,-22107.9,8512.01,1376.29,-30.1774,-4949.57
362.5,3.5212,4727.95,-21174.2,7641.08,1382.28,-7.5805,-4940.39
362.6,3.5221,4787.8,-20650.0,6476.42,1385.14,12.2654,-4946.61
362.7,3.51894,4855.1,-20663.3,5485.33,1387.66,20.327,-4957.85
362.8,3.50868,4923.44,-20830.4,4779.76,1392.46,17.3805,-4969.47
362.9,3.49857,5001.84,-20960.9,4116.06,1398.8,6.93975,-4977.57
363.0,3.49373,5042.99,-20901.7,3382.34,1406.64,-0.535375,-4982.02
363.1,3.4925,5043.0,-21251.9,2576.11,1417.86,0.3855,-4966.32
363.2,3.49268,5021.63,-21759.5,1711.16,1420.85,-4.24638,-4957.1
363.3,3.49264,4988.45,-22018.1,1064.19,1419.76,-8.7545,-4958.99
363.4,3.49355,4954.7,-21772.3,733.034,1415.66,-8.99012,-4946.39
363.5,3.49887,4927.08,-21128.7,713.291,1409.0,-6.10925,-4925.8
363.6,3.50727,4897.82,-20905.0,942.937,1402.36,-3.856,-4917.48
363.7,3.51365,4885.86,-21204.1,1248.26,1398.3,-2.08325,-4939.03
363.8,3.51566,4905.98,-21545.7,1473.28,1399.08,1.0695,-4966.29
363.9,3.51441,4944.78,-21753.2,1655.8,1405.89,6.9925,-4962.41
364.0,3.5138,4990.71,-22122.1,1928.82,1415.47,10.995,-4947.08
364.1,3.51713,5025.46,-23106.2,2335.74,1428.14,-0.5945,-4954.23
364.2,3.52142,5046.06,-24460.1,2809.45,1440.76,-21.12,-4976.06
364.3,3.52185,5070.1,-25435.4,3121.5,1451.3,-34.7557,-4981.86
364.4,3.51628,5105.07,-25648.2,2979.58,1457.63,-39.1162,-4970.15
364.5,3.50749,5150.48,-25515.8,2370.98,1464.36,-29.464,-4965.92
364.6,3.50146,5189.94,-25485.0,1633.42,1468.55,-4.22025,-4979.23
364.7,3.50001,5205.48,-25452.6,1095.77,1463.72,18.9088,-4990.6
364.8,3.50258,5212.86,-25005.9,1080.0,1456.64,34.124,-4986.65
364.9,3.50437,5206.09,-24383.2,1486.62,1445.42,29.5665,-4965.75
365.0,3.50194,5212.58,-24046.8,1929.3,1435.8,14.5165,-4953.29
365.1,3.49962,5233.33,-24416.8,2113.7,1434.57,4.59438,-4956.35
365.2,3.50164,5245.01,-24743.9,2256.53,1435.85,12.1635,-4978.55
365.3,3.50909,5245.42,-24753.0,2791.76,1434.53,18.4533,-4986.86
365.4,3.51818,5236.48,-24599.4,4000.32,1430.16,3.39575,-4977.95
365.5,3.522,5228.82,-24805.6,5679.06,1423.61,-20.5261,-4977.69
365.6,3.5185,5243.32,-25316.8,7142.2,1425.29,-30.3934,-4995.8
365.7,3.51292,5279.49,-25811.4,7750.66,1435.78,-18.0368,-4996.87
365.8,3.51217,5319.66,-26143.3,7603.59,1448.68,16.9482,-4970.64
365.9,3.51725,5344.49,-26495.6,7436.04,1462.16,56.1512,-4956.62
366.0,3.52165,5355.02,-27007.3,7819.55,1465.1,59.3677,-4969.87
366.1,3.51876,5377.63,-27288.0,8780.94,1455.8,25.578,-4986.71
366.2,3.50942,5418.89,-26950.6,9847.07,1436.02,-7.32617,-4987.44
366.3,3.49994,5463.68,-26244.4,10348.1,1416.42,-21.8095,-4984.74
366.4,3.49713,5495.86,-25756.5,10003.7,1401.59,-20.2309,-4993.65
366.5,3.50268,5501.73,-25408.9,9343.59,1392.29,-0.663531,-5007.5
366.6,3.50878,5482.09,-25012.0,8928.96,1391.01,15.2977,-4993.97
366.7,3.51021,5478.55,-24719.3,8925.41,1394.89,15.9474,-4954.44
366.8,3.50922,5489.33,-24880.2,9160.42,1408.84,9.99431,-4931.29
366.9,3.50858,5502.01,-25648.8,9237.63,1431.46,14.2709,-4937.53
367.0,3.5119,5516.01,-26385.0,8810.32,1449.13,20.2052,-4954.93
367.1,3.5172,5520.32,-26818.6,8220.48,1452.75,30.4478,-4960.59
367.2,3.51852,5517.04,-27120.3,7969.7,1444.32,32.5055,-4971.84
367.3,3.51424,5522.52,-27533.4,8125.71,1427.85,4.35813,-5005.32
367.4,3.50972,5534.85,-27962.8,8571.0,1415.36,-25.6451,-5033.61
367.5,3.50919,5529.33,-28229.7,8930.89,1404.44,-32.7214,-5022.75
367.6,3.51231,5520.67,-28073.5,8872.5,1397.17,-18.9694,-5000.41
367.7,3.517,5520.25,-27562.1,8564.37,1395.64,4.676,-4989.18
367.8,3.51648,5521.35,-26777.3,8354.01,1397.32,22.5065,-4977.56
367.9,3.50968,5547.44,-25438.9,8311.7,1396.72,22.6593,-4964.48
368.0,3.50251,5581.33,-23871.5,8291.04,1398.87,8.0755,-4957.51
368.1,3.49982,5602.08,-22750.4,8225.13,1408.73,1.221,-4968.21
368.2,3.50175,5605.01,-22065.2,7920.7,1415.5,-3.6025,-4997.52
368.3,3.50486,5594.69,-21574.5,7352.1,1418.07,-13.5028,-5015.24
368.4,3.50414,5581.89,-21187.7,6635.8,1417.01,-19.507,-5001.95
368.5,3.50129,5579.68,-21126.3,5816.06,1417.21,-17.0858,-4978.88
368.6,3.50238,5576.57,-21675.2,4888.26,1414.91,-12.0878,-4965.36
368.7,3.51027,5561.27,-22485.6,3882.46,1415.39,-4.8975,-4960.87
368.8,3.52155,5541.38,-23133.7,2872.6,1419.42,6.45075,-4949.61
368.9,3.52848,5535.57,-23337.9,1888.81,1420.85,13.181,-4940.98
369.0,3.52619,5566.36,-23449.9,1073.07,1424.25,16.0028,-4950.05
369.1,3.51775,5631.16,-23634.9,601.501,1423.33,15.8658,-4973.52
369.2,3.51093,5707.77,-23802.8,548.546,1423.85,8.865,-4991.35
369.3,3.51154,5769.97,-23702.6,829.059,1427.25,-5.88963,-4991.43
369.4,3.51649,5799.46,-23432.1,1357.61,1429.09,-16.3057,-4976.03
369.5,3.51672,5810.0,-23284.5,1894.67,1430.94,-22.7717,-4953.77
369.6,3.50976,5833.9,-23372.7,2286.1,1440.04,-23.4995,-4935.4
369.7,3.50125,5857.28,-23711.6,2510.5,1448.26,-19.3629,-4920.28
369.8,3.49714,5864.86,-24371.0,2576.6,1460.6,-14.4889,-4912.9
369.9,3.5012,5853.6,-25132.2,2581.19,1470.54,-7.41888,-4930.72
370.0,3.5083,5813.03,-26053.6,2536.3,1478.28,-7.78306,-4961.24
370.1,3.50975,5774.73,-27066.0,2186.71,1478.46,-19.1109,-4986.93
370.2,3.50715,5765.93,-27737.0,1509.9,1479.05,-17.1869,-5012.28
370.3,3.50623,5766.83,-28014.1,718.944,1483.26,-0.938062,-5022.9
370.4,3.51169,5775.69,-27841.2,79.7138,1480.15,10.4663,-5010.34
370.5,3.52392,5785.28,-27386.0,-93.6628,1474.75,9.47655,-4982.86
370.6,3.5327,5791.82,-27000.5,256.136,1468.67,5.4852,-4953.35
370.7,3.53057,5833.65,-26840.0,780.349,1463.19,5.50377,-4933.55
370.8,3.52117,5908.48,-26784.4,1248.3,1463.29,12.2928,-4932.34
370.9,3.51114,5976.8,-26638.1,1754.68,1463.71,26.7176,-4946.54
371.0,3.50637,6027.58,-26515.4,2460.16,1462.38,36.2731,-4962.64
371.1,3.507,6043.84,-26499.6,3560.52,1455.46,30.7173,-4983.03
371.2,3.50573,6028.51,-26782.4,5080.95,1443.96,18.373,-4998.03
371.3,3.49959,6014.5,-27231.7,6728.19,1436.99,4.49587,-5000.82
371.4,3.49277,5997.02,-27742.1,8063.11,1440.23,-13.0479,-4988.27
371.5,3.49138,5965.75,-28199.3,8900.11,1450.95,-16.6746,-4971.27
371.6,3.49752,5916.35,-28631.3,9289.92,1466.5,-2.05962,-4957.93
371.7,3.50562,5855.37,-28817.9,9437.76,1474.88,13.828,-4955.61
371.8,3.5082,5810.37,-28778.9,9515.38,1471.73,18.1956,-4955.79
371.9,3.50447,5794.76,-28408.6,9522.35,1461.55,16.2337,-4965.8
372.0,3.50088,5795.85,-28052.1,9333.16,1449.48,18.683,-4978.85
372.1,3.50395,5796.75,-27939.6,8935.65,1435.8,26.5845,-4990.76
372.2,3.51306,5786.1,-27809.9,8537.76,1420.35,32.9408,-5002.36
372.3,3.52004,5776.38,-27629.0,8375.17,1409.07,28.414,-4994.42
372.4,3.51809,5786.17,-27559.7,8344.88,1403.59,8.464,-4965.9
372.5,3.50925,5822.75,-27734.9,8208.21,1408.41,-6.351,-4948.1
372.6,3.50061,5855.18,-28413.9,7692.38,1417.63,-7.97825,-4942.44
372.7,3.49717,5867.15,-29175.0,6840.77,1425.83,7.22675,-4948.74
372.8,3.498,5849.65,-29734.6,5958.17,1425.93,24.3148,-4955.03
372.9,3.49696,5819.89,-29878.1,5509.62,1423.71,38.948,-4970.55
373.0,3.49124,5792.75,-29965.1,5469.12,1420.14,31.6928,-4989.71
373.1,3.48515,5775.2,-29911.8,5685.98,1416.25,19.012,-5014.09
373.2,3.485,5743.18,-29487.0,5917.31,1414.89,11.3628,-5032.92
373.3,3.48945,5690.2,-28544.3,5933.13,1410.68,7.4875,-5027.7
373.4,3.49641,5639.5,-27336.5,5858.22,1407.45,8.25575,-5003.44
373.5,3.50073,5592.05,-26305.7,6021.75,1412.08,13.102,-4983.88
373.6,3.50099,5560.91,-25451.4,6326.65,1411.16,3.2935,-4979.49
373.7,3.50094,5547.94,-24746.7,6470.61,1402.55,-14.1046,-4969.57
373.8,3.5038,5539.17,-23990.7,6163.09,1393.41,-15.0875,-4961.42
373.9,3.50849,5537.13,-23534.2,5213.76,1383.57,1.29425,-4965.09
374.0,3.51255,5551.82,-23470.7,3930.48,1378.52,24.0604,-4989.15
374.1,3.51282,5576.73,-23445.2,3044.3,1375.2,44.9111,-5017.25
374.2,3.50692,5610.41,-23290.2,2823.82,1377.24,39.7079,-5020.69
374.3,3.4996,5658.32,-23277.5,2914.04,1387.65,5.09275,-5002.32
374.4,3.4957,5689.91,-23399.7,2677.67,1403.51,-26.1091,-4995.84
374.5,3.49511,5699.76,-23546.1,1693.82,1418.61,-23.4969,-4992.11
374.6,3.49548,5696.52,-23397.7,163.695,1425.41,1.04422,-4968.16
374.7,3.49421,5687.08,-22828.0,-1066.93,1421.0,21.5076,-4939.86
374.8,3.49241,5682.26,-22439.6,-1338.46,1410.77,20.1428,-4928.31
374.9,3.49411,5680.52,-22309.1,-674.389,1397.83,-0.273562,-4948.0
375.0,3.5,5668.24,-22183.8,283.057,1390.22,-21.1191,-4972.17
375.1,3.50656,5659.53,-22134.4,861.175,1392.13,-21.4162,-4973.06
375.2,3.50927,5661.83,-22144.0,925.444,1397.39,-1.17144,-4977.66
375.3,3.50767,5684.74,-22373.5,1035.47,1405.07,22.8078,-4994.93
375.4,3.50581,5719.48,-22820.6,1723.77,1414.13,18.8524,-4996.24
375.5,3.50836,5749.81,-23532.4,2969.98,1428.72,-15.9879,-4970.25
375.6,3.51503,5767.53,-24214.5,4297.36,1443.46,-45.9767,-4957.28
375.7,3.51857,5778.24,-24956.4,4993.03,1450.31,-52.8794,-4959.98
375.8,3.51483,5816.65,-25758.2,4880.47,1457.08,-31.6944,-4959.75
375.9,3.50652,5870.62,-26320.4,4415.4,1463.74,-0.82225,-4966.75
376.0,3.49808,5920.15,-26647.2,4098.62,1468.28,13.8158,-4986.06
376.1,3.4956,5954.83,-26723.0,4140.88,1471.93,12.8181,-5006.38
376.2,3.49742,5948.08,-26490.6,4379.64,1475.95,8.35213,-5011.22
376.3,3.49639,5923.22,-26046.3,4468.73,1480.66,11.3195,-4998.4
376.4,3.49142,5907.59,-25667.3,4290.3,1485.55,19.4757,-4976.92
376.5,3.48604,5890.37,-25413.9,4176.26,1484.93,29.1,-4958.57
376.6,3.48547,5865.17,-25342.8,4531.05,1478.64,32.1418,-4939.76
376.7,3.49215,5826.39,-25562.0,5463.33,1474.16,17.398,-4921.94
376.8,3.50123,5772.04,-25868.6,6685.58,1471.39,-7.2635,-4923.93
376.9,3.50552,5729.14,-26416.2,7762.17,1466.98,-14.0055,-4935.51
377.0,3.50389,5713.8,-26993.4,8546.91,1466.37,3.874,-4951.76
377.1,3.49999,5718.41,-27713.6,9190.55,1470.85,23.439,-4962.85
377.2,3.50061,5731.63,-28594.8,10010.6,1479.18,28.8417,-4972.8
377.3,3.50589,5733.42,-29404.8,11191.2,1489.96,22.63,-4985.68
377.4,3.50873,5728.34,-29823.2,12348.2,1497.29,3.3725,-4987.22
377.5,3.50516,5740.54,-29689.4,13046.1,1498.19,-13.1128,-4972.92
377.6,3.49549,5756.56,-29178.4,13099.8,1487.15,-16.1332,-4956.38
377.7,3.48553,5775.08,-28701.2,12653.0,1473.25,-7.295,-4950.77
377.8,3.48361,5776.37,-28246.7,12099.4,1460.19,1.02988,-4957.84
377.9,3.4886,5736.85,-27693.8,11810.7,1448.79,3.3065,-4963.92
378.0,3.492,5679.32,-27320.8,11635.6,1438.37,-2.27925,-4956.18
378.1,3.48979,5635.02,-27444.0,11183.0,1435.47,-4.26525,-4954.33
378.2,3.48343,5604.73,-28143.5,10231.3,1439.58,11.4279,-4968.3
378.3,3.48067,5585.28,-29311.7,8881.69,1450.55,35.6208,-4975.39
378.4,3.48738,5556.25,-30384.9,7617.98,1460.65,49.8206,-4976.03
378.5,3.49838,5504.63,-31065.7,6773.86,1458.48,36.6564,-4976.9
378.6,3.50507,5470.55,-31332.7,6370.72,1452.72,12.5193,-4984.95
378.7,3.50491,5467.6,-31157.1,6175.92,1449.92,-2.54706,-4998.77
378.8,3.50088,5486.1,-30468.5,5955.9,1450.06,-1.41281,-5009.76
378.9,3.50004,5518.12,-29644.4,5774.34,1452.71,15.7087,-5003.24
379.0,3.50382,5537.1,-28811.6,5809.63,1448.37,30.3652,-4991.47
379.1,3.50664,5551.43,-27998.8,6086.14,1445.49,31.6666,-4983.08
379.2,3.50514,5581.71,-27453.8,6461.44,1446.92,26.6678,-4965.04
379.3,3.49811,5610.58,-27026.8,6674.72,1434.37,22.143,-4950.65
379.4,3.48937,5643.84,-26836.1,6540.35,1410.81,18.2092,-4950.86
379.5,3.48526,5669.69,-26585.1,6063.33,1390.16,7.51075,-4973.87
379.6,3.48799,5671.93,-26073.4,5427.47,1371.48,-4.00906,-4995.88
379.7,3.49297,5651.91,-25384.1,4736.39,1353.3,-13.8365,-5002.5
379.8,3.49519,5631.13,-24860.6,3993.46,1353.18,-17.6426,-5003.99
379.9,3.49423,5619.93,-24628.5,3133.67,1361.95,-12.9685,-5004.21
380.0,3.49361,5621.85,-24429.3,2169.7,1377.03,4.541,-4994.95
380.1,3.49819,5629.77,-23906.5,1208.33,1392.29,26.9075,-4970.9
380.2,3.50833,5639.58,-23629.3,555.081,1410.74,44.9512,-4935.64
380.3,3.51711,5652.17,-23747.0,314.768,1414.52,40.7882,-4930.52
380.4,3.51892,5691.82,-23857.8,497.915,1410.41,21.2575,-4963.05
380.5,3.51431,5754.14,-23608.3,865.393,1398.15,-6.89113,-4985.14
380.6,3.50935,5833.46,-23114.9,1188.72,1383.25,-27.3908,-4987.44
380.7,3.5107,5905.14,-22784.6,1482.67,1371.53,-30.2388,-5006.4
380.8,3.51642,5951.2,-22987.7,2013.42,1371.77,-17.5275,-5034.47
380.9,3.51906,5989.17,-23078.9,2980.96,1376.36,-3.626,-5038.52
381.0,3.51463,6040.42,-22658.0,4334.61,1386.39,2.883,-5001.65
381.1,3.50558,6100.72,-22376.0,5737.87,1399.38,6.494,-4947.79
381.2,3.49807,6155.26,-22906.7,6706.82,1412.28,8.98175,-4925.04
381.3,3.49668,6185.99,-24203.2,7059.71,1424.28,12.9505,-4937.41
381.4,3.49945,6186.73,-25248.4,7072.95,1432.47,15.3625,-4961.1
381.5,3.50037,6167.53,-25914.2,7093.47,1431.05,5.749,-4967.49
381.6,3.49783,6149.12,-26541.0,7350.33,1427.85,-12.6672,-4985.16
381.7,3.49495,6126.34,-27460.6,7696.84,1425.57,-29.5742,-5025.42
381.8,3.4961,6100.21,-28234.4,7711.49,1430.69,-31.9907,-5049.83
381.9,3.50371,6069.56,-28128.7,7196.84,1437.92,-10.6845,-5024.66
382.0,3.51273,6032.5,-27293.2,6421.38,1448.82,27.5588,-4963.3
382.1,3.51666,6015.65,-26737.5,5866.25,1461.36,55.0965,-4907.99
382.2,3.51332,6025.73,-26951.8,5908.3,1473.78,53.8218,-4888.19
382.3,3.50628,6055.91,-27467.9,6653.15,1478.03,35.6374,-4892.27
382.4,3.50016,6087.88,-27826.6,7740.8,1475.35,10.554,-4898.33
382.5,3.49807,6109.09,-28347.7,8714.78,1468.37,-12.8406,-4910.16
382.6,3.49798,6110.67,-29386.9,9409.51,1464.39,-22.3864,-4952.29
382.7,3.49593,6096.03,-30685.8,9987.27,1463.92,-15.2025,-5007.79
382.8,3.4909,6077.94,-31489.3,10639.7,1461.31,-8.07175,-5026.81
382.9,3.48772,6060.85,-31626.6,11509.1,1471.66,-6.31631,-4995.46
383.0,3.48943,6028.53,-31558.0,12388.8,1488.32,-9.69744,-4955.58
383.1,3.49395,5987.46,-31563.1,12972.0,1504.51,-5.15325,-4941.28
383.2,3.49628,5945.99,-31212.5,13192.3,1516.19,7.56522,-4941.03
383.3,3.49151,5912.46,-30224.1,13120.0,1513.68,11.477,-4924.69
383.4,3.48468,5899.93,-29382.0,12862.9,1502.56,0.413734,-4905.19
383.5,3.48458,5881.09,-28884.0,12561.1,1487.57,-10.5212,-4941.34
383.6,3.49395,5835.44,-28942.3,12221.0,1473.8,-12.3644,-4993.58
383.7,3.50711,5781.49,-29112.8,11764.6,1460.75,-9.93366,-5006.39
383.8,3.5152,5744.11,-29367.5,11250.0,1451.47,-2.44319,-4986.12
383.9,3.51208,5744.12,-30139.2,10606.3,1454.21,6.27231,-4973.55
384.0,3.50357,5790.55,-31197.1,9772.89,1468.06,15.6659,-4980.91
384.1,3.49817,5835.73,-31821.0,8830.09,1483.32,23.3546,-4976.51
384.2,3.49688,5852.72,-31782.7,7929.52,1485.58,29.1771,-4947.59
384.3,3.49572,5852.65,-31576.1,7284.07,1481.4,31.4463,-4933.2
384.4,3.49054,5843.74,-31629.2,7068.4,1473.87,27.8161,-4959.65
384.5,3.48304,5836.53,-31618.4,7249.63,1461.23,17.5089,-4995.29
384.6,3.48048,5826.13,-31101.0,7676.62,1450.93,5.77938,-5000.41
384.7,3.48526,5790.23,-30398.9,8092.55,1439.63,-1.36538,-4979.18
384.8,3.49372,5746.01,-30087.2,8261.51,1435.45,0.715875,-4974.82
384.9,3.49964,5710.13,-30179.0,8146.5,1434.79,9.85375,-4989.05
385.0,3.4991,5695.75,-29986.0,7897.51,1429.46,15.679,-4988.98
385.1,3.49443,5704.52,-29048.1,7470.14,1419.93,4.68825,-4965.4
385.2,3.49395,5725.68,-27778.0,6837.07,1408.27,-8.9235,-4949.65
385.3,3.50068,5737.55,-26797.2,5962.7,1397.18,-11.1573,-4963.04
385.4,3.51067,5754.5,-26178.7,4906.5,1382.12,-3.38925,-4986.14
385.5,3.51779,5785.64,-25549.3,3987.35,1367.71,7.01975,-4990.47
385.6,3.51678,5837.43,-25007.2,3374.46,1358.8,7.24125,-4974.9
385.7,3.51062,5918.81,-25013.6,2892.68,1358.58,-0.8545,-4967.7
385.8,3.50702,5999.35,-25481.0,2323.04,1368.2,-2.60625,-4983.85
385.9,3.50682,6055.26,-25933.4,1665.54,1381.31,13.0883,-4995.29
386.0,3.50632,6091.61,-26312.0,1141.08,1391.52,31.8892,-4979.84
386.1,3.50055,6116.92,-26613.4,1175.16,1392.75,35.831,-4979.35
386.2,3.48932,6140.83,-26951.9,1855.24,1391.48,19.5875,-5006.27
386.3,3.48139,6163.36,-27036.4,2897.31,1384.11,-0.11775,-5023.52
386.4,3.48432,6155.22,-26515.3,3913.86,1379.55,-10.552,-5015.76
386.5,3.49585,6113.13,-26026.5,4649.89,1380.34,-7.39687,-4993.43
386.6,3.50838,6066.5,-25960.0,5183.98,1382.38,5.9815,-4990.27
386.7,3.51497,6041.83,-26218.1,5819.52,1391.56,19.858,-4997.3
386.8,3.51443,6052.74,-26237.5,6466.39,1397.25,13.6365,-4985.9
386.9,3.51333,6099.54,-25921.4,6771.9,1401.56,-4.314,-4961.29
387.0,3.51695,6152.33,-25959.7,6499.28,1407.83,-5.07675,-4952.21
387.1,3.52247,6202.05,-26546.0,5637.16,1416.63,12.5635,-4974.88
387.2,3.52444,6262.1,-27025.3,4652.23,1420.32,31.0886,-5000.74
387.3,3.51954,6329.03,-26972.3,4285.27,1418.78,38.2588,-4991.85
387.4,3.50815,6393.14,-26758.1,4555.98,1410.82,18.043,-4962.17
387.5,3.49912,6454.36,-26846.4,5073.39,1408.01,-5.74766,-4955.79
387.6,3.4964,6464.88,-27204.1,5359.93,1410.54,-11.2803,-4963.32
387.7,3.49424,6431.75,-27457.5,5185.18,1418.51,3.86401,-4947.48
387.8,3.48964,6386.04,-27793.4,4835.77,1430.44,24.1641,-4912.81
387.9,3.48149,6323.71,-28502.8,4962.22,1443.3,37.5682,-4912.38
388.0,3.47403,6253.43,-29582.4,5751.86,1448.63,28.6503,-4946.09
388.1,3.47416,6174.68,-30345.6,6900.51,1450.59,-0.535125,-4971.63
388.2,3.4819,6076.64,-30583.2,7975.2,1450.67,-21.6509,-4966.35
388.3,3.49016,5982.63,-30815.0,8393.42,1446.56,-30.968,-4956.82
388.4,3.49567,5924.08,-31154.3,8220.75,1447.93,-21.2611,-4976.37
388.5,3.49817,5882.41,-31321.9,8026.77,1452.72,-2.03475,-4988.22
388.6,3.49958,5863.65,-30945.5,8149.29,1460.27,2.60162,-4960.55
388.7,3.50594,5870.6,-30094.0,8643.3,1471.88,-3.88525,-4930.8
388.8,3.51455,5872.15,-29441.6,9372.21,1488.7,-1.111,-4929.9
388.9,3.51583,5885.97,-29368.3,9890.17,1501.11,7.32725,-4943.23
389.0,3.50767,5939.87,-29174.5,10077.5,1503.19,13.6182,-4960.81
389.1,3.49365,6002.9,-28637.3,10055.9,1497.56,9.38,-4962.93
389.2,3.48228,6061.4,-28034.9,9872.38,1483.2,-3.57275,-4957.33
389.3,3.48154,6082.28,-27850.3,9657.17,1465.81,-15.5037,-4959.82
389.4,3.4856,6042.48,-28297.8,9501.19,1455.51,-21.8097,-4966.86
389.5,3.48571,5988.74,-28938.0,9303.8,1454.55,-23.979,-4968.98
389.6,3.47896,5935.28,-29393.0,8886.98,1457.36,-23.2027,-4956.89
389.7,3.46841,5881.53,-29634.3,8098.0,1458.49,-12.284,-4942.26
389.8,3.46411,5828.8,-29748.1,6940.9,1459.23,9.787,-4943.1
389.9,3.47138,5743.85,-29851.8,5797.14,1450.28,35.3112,-4948.86
390.0,3.48397,5628.84,-30058.9,5216.08,1441.1,48.9178,-4951.19
390.1,3.49246,5525.96,-30095.7,5400.06,1426.31,34.964,-4963.51
390.2,3.4937,5459.18,-30077.5,6071.54,1409.66,-3.29275,-4974.24
390.3,3.49152,5431.06,-29924.8,6618.61,1402.2,-38.4395,-4977.47
390.4,3.49413,5433.64,-29691.9,6604.47,1401.4,-41.8925,-4972.51
390.5,3.50307,5438.21,-29765.4,6141.93,1412.45,-20.127,-4964.96
390.6,3.51061,5447.22,-30005.9,5695.69,1427.4,3.02825,-4971.2
390.7,3.5095,5476.92,-29952.2,5646.14,1427.48,10.6335,-4979.01
390.8,3.49813,5531.94,-29220.9,5888.26,1412.15,1.21438,-4974.8
390.9,3.48447,5606.51,-27939.2,5873.0,1388.22,-9.667,-4965.01
391.0,3.47866,5666.87,-26590.2,5314.01,1363.24,-3.65712,-4971.62
391.1,3.48081,5684.39,-25500.2,4532.8,1347.54,17.6106,-4994.01
391.2,3.4829,5672.1,-24741.9,4032.11,1334.93,25.2081,-4999.91
391.3,3.47971,5654.69,-24073.1,4155.94,1331.88,4.1305,-4993.22
391.4,3.47205,5634.69,-23847.4,4591.69,1338.65,-28.7559,-4977.01
391.5,3.46888,5611.11,-24338.8,4648.47,1351.71,-41.3766,-4964.25
391.6,3.47577,5558.96,-25258.7,3908.91,1360.64,-25.382,-4966.08
391.7,3.48733,5490.77,-25850.4,2623.61,1360.19,9.56269,-4978.86
391.8,3.49692,5438.78,-26226.9,1593.59,1358.48,44.624,-4976.42
391.9,3.49914,5407.11,-26621.9,1398.75,1347.91,51.5144,-4979.21
392.0,3.49642,5413.8,-27194.4,2008.51,1336.87,31.5592,-5009.01
392.1,3.49667,5441.87,-27911.2,2902.01,1334.11,8.55509,-5033.85
392.2,3.50129,5463.06,-28249.4,3464.17,1332.56,1.60713,-5030.05
392.3,3.50634,5492.23,-28335.8,3522.46,1335.18,14.4673,-5004.18
392.4,3.5069,5533.3,-28427.8,3523.75,1341.85,33.7049,-4985.39
392.5,3.50075,5586.4,-28594.4,3954.58,1349.36,37.1379,-4976.85
392.6,3.49293,5652.1,-28330.3,4881.18,1350.83,20.2601,-4971.03
392.7,3.48954,5704.01,-27641.1,5999.96,1353.27,1.83537,-4959.21
392.8,3.48854,5724.91,-27076.6,6692.98,1354.87,-6.88825,-4955.36
392.9,3.48545,5736.91,-26835.1,6665.26,1354.37,3.60387,-4980.45
393.0,3.47894,5740.89,-26815.6,6305.24,1356.94,30.2194,-5008.98
393.1,3.47095,5726.75,-26838.8,6112.76,1367.77,45.0356,-5006.97
393.2,3.46872,5691.81,-26879.6,6259.96,1374.27,29.5084,-4983.5
393.3,3.47476,5617.07,-27204.4,6619.88,1378.9,6.01613,-4968.35
393.4,3.48354,5519.99,-27667.0,6849.47,1383.48,1.4235,-4965.68
393.5,3.48876,5433.33,-27950.9,6624.24,1388.8,5.214,-4954.0
393.6,3.48867,5371.9,-28284.1,6141.25,1394.74,12.4347,-4931.04
393.7,3.48634,5331.53,-28948.7,5759.34,1397.94,19.8862,-4936.07
393.8,3.48728,5304.62,-29674.0,5808.92,1393.43,27.3547,-4977.47
393.9,3.49146,5270.52,-30087.8,6272.21,1388.69,20.2148,-5002.44
394.0,3.4933,5246.64,-29829.8,6947.09,1388.09,11.4185,-4995.44
394.1,3.48882,5239.87,-29617.7,7438.22,1385.03,9.23425,-4972.12
394.2,3.47927,5255.8,-29836.8,7679.36,1386.31,20.219,-4967.52
394.3,3.47187,5273.6,-30243.5,7842.96,1392.65,30.0072,-4963.92
394.4,3.47169,5270.24,-30362.1,8288.71,1404.36,27.6532,-4937.41
394.5,3.47597,5235.89,-30045.3,9054.92,1415.17,7.33825,-4913.17
394.6,3.47664,5191.09,-29853.8,9869.98,1416.32,-13.677,-4917.39
394.7,3.4709,5159.86,-29568.9,10482.7,1417.56,-16.1982,-4959.37
394.8,3.46221,5133.52,-28838.8,10671.4,1423.51,-10.5205,-4989.15
394.9,3.45985,5107.39,-27604.7,10591.0,1428.2,1.456,-4984.96
395.0,3.46668,5043.64,-26392.8,10419.5,1423.69,6.722,-4969.74
395.1,3.47556,4958.7,-25801.1,10049.3,1420.87,-2.79675,-4957.2
395.2,3.48138,4893.28,-25627.5,9382.88,1424.06,-9.48913,-4941.38
395.3,3.48177,4841.27,-25334.0,8520.62,1424.31,-3.4805,-4915.53
395.4,3.47898,4812.67,-24953.5,7604.94,1421.7,3.16375,-4894.49
395.5,3.48034,4800.08,-24807.2,7003.88,1415.09,4.81663,-4905.21
395.6,3.48443,4768.12,-25129.6,7079.11,1402.98,3.78575,-4940.68
395.7,3.48425,4739.55,-25735.9,7585.81,1401.55,-8.35137,-4976.0
395.8,3.47929,4734.38,-26609.0,8109.72,1404.45,-21.3407,-4989.01
395.9,3.47019,4720.91,-27355.1,8197.53,1401.22,-27.8946,-4999.63
396.0,3.4636,4720.67,-28053.9,7825.72,1405.35,-10.5548,-4999.07
396.1,3.46618,4704.43,-28691.2,7345.22,1411.76,8.69744,-4974.92
396.2,3.47364,4660.78,-29022.2,7287.43,1417.91,13.5327,-4953.96
396.3,3.47839,4625.76,-29199.6,7757.16,1423.64,0.365492,-4947.11
396.4,3.47643,4610.6,-29125.2,8391.22,1420.86,-21.9422,-4955.16
396.5,3.47012,4618.12,-28682.3,8720.2,1410.57,-27.9848,-4970.94
396.6,3.4679,4628.57,-27836.3,8455.04,1389.79,-18.437,-4988.98
396.7,3.47298,4617.74,-26785.8,7801.55,1366.53,-4.78494,-5002.94
396.8,3.48162,4592.69,-25754.8,7113.97,1346.87,0.648188,-5003.55
396.9,3.48868,4577.38,-25024.9,6739.31,1340.93,1.50719,-4987.5
397.0,3.49122,4579.68,-24719.4,6695.23,1346.81,-1.7965,-4964.8
397.1,3.4901,4604.4,-24832.0,6709.35,1353.07,-10.2795,-4946.92
397.2,3.48887,4640.51,-25065.8,6441.73,1358.69,-19.123,-4940.03
397.3,3.48861,4674.91,-25382.2,5804.35,1364.15,-15.7024,-4938.88
397.4,3.48712,4704.29,-25809.0,4916.98,1358.94,-3.15188,-4952.08
397.5,3.48313,4729.74,-26322.0,4165.56,1348.19,8.70887,-4984.75
397.6,3.47817,4746.42,-26937.4,3943.0,1334.81,13.3837,-5011.9
397.7,3.47496,4756.55,-27571.2,4248.19,1318.33,6.292,-5016.12
397.8,3.47759,4762.38,-28406.8,4814.62,1311.16,-3.999,-5005.91
397.9,3.48393,4760.25,-29382.2,5270.86,1316.63,-8.16175,-5001.11
398.0,3.48905,4767.17,-29899.3,5437.25,1324.86,-0.77325,-4999.29
398.1,3.49042,4791.84,-29687.3,5608.73,1330.12,16.4918,-4979.6
398.2,3.48808,4825.76,-29034.0,6153.84,1333.81,24.108,-4955.0
398.3,3.48641,4868.07,-28505.7,7134.71,1333.18,10.8075,-4960.18
398.4,3.48901,4896.93,-28177.9,8223.74,1325.09,-11.65,-4992.72
398.5,3.49313,4906.89,-27490.5,8868.88,1313.92,-21.295,-5015.34
398.6,3.49556,4919.45,-26609.1,8837.58,1303.79,-5.27,-4997.29
398.7,3.49453,4938.62,-26351.1,8416.16,1296.95,20.9525,-4968.17
398.8,3.49125,4961.94,-27124.9,7944.15,1306.75,29.1903,-4968.97
398.9,3.4913,4984.01,-28305.3,7689.64,1327.96,24.5002,-4981.07
399.0,3.49323,4978.67,-29099.2,7570.93,1345.25,15.7032,-4963.25
399.1,3.49169,4971.78,-29432.6,7329.26,1358.82,13.9812,-4937.28
399.2,3.48559,4970.64,-29826.7,6847.79,1364.09,18.626,-4945.97
399.3,3.4757,4964.34,-30570.8,6331.54,1365.1,29.9872,-4980.42
399.4,3.46869,4956.6,-31227.4,6060.84,1365.88,40.1396,-5001.52
399.5,3.46914,4919.5,-31184.9,6157.71,1355.95,32.6255,-4998.47
399.6,3.47453,4859.25,-30666.6,6568.85,1347.0,17.0375,-4984.69
399.7,3.48009,4797.11,-29867.2,7105.84,1343.13,11.3999,-4976.83
399.8,3.483,4748.9,-29320.4,7744.23,1343.78,20.9146,-4957.88
399.9,3.48338,4719.19,-29134.9,8501.05,1352.54,27.8971,-4935.63
400.0,3.48566,4709.19,-29346.5,9474.33,1363.92,27.6415,-4927.37
400.1,3.49016,4696.35,-29677.0,10529.4,1373.6,17.2344,-4938.82
400.2,3.49335,4690.84,-29989.2,11305.4,1375.08,4.16019,-4950.82
400.3,3.49323,4701.51,-30209.9,11672.8,1371.4,2.82387,-4963.01
400.4,3.48867,4715.35,-30360.2,11737.5,1361.15,8.20181,-4983.79
400.5,3.48324,4741.01,-30389.2,11704.6,1355.67,7.64775,-5005.83
400.6,3.48283,4759.87,-30133.2,11752.8,1363.22,-4.3463,-5010.03
400.7,3.48489,4748.77,-29328.3,11757.1,1374.79,-18.2336,-4997.73
400.8,3.48428,4731.6,-28330.1,11346.6,1381.33,-22.0522,-4970.48
400.9,3.47917,4716.89,-27411.0,10435.8,1394.37,-5.6155,-4947.25
401.0,3.47159,4698.86,-26875.9,9366.78,1410.45,26.6748,-4932.47
401.1,3.46718,4672.27,-26637.4,8656.95,1418.85,48.0721,-4929.58
401.2,3.4686,4621.28,-26571.4,8597.84,1415.15,36.0848,-4937.39
401.3,3.47356,4557.3,-26739.5,9126.15,1402.28,7.64875,-4950.65
401.4,3.47716,4494.83,-27055.0,9661.42,1387.96,-22.9198,-4974.08
401.5,3.47775,4454.98,-27606.2,9741.68,1382.35,-38.9572,-4997.26
401.6,3.47857,4432.67,-28290.6,9394.91,1387.17,-30.5553,-5008.13
401.7,3.48294,4413.42,-29071.3,9026.64,1399.79,-10.985,-5001.73
401.8,3.48993,4394.11,-29875.6,8952.37,1410.06,-4.49625,-4983.45
401.9,3.49575,4387.18,-30646.1,9229.24,1422.52,-7.14675,-4960.39
402.0,3.4954,4389.83,-31132.5,9407.59,1429.19,-12.959,-4939.95
402.1,3.48838,4417.01,-31218.0,9048.27,1428.95,-11.3435,-4930.27
402.2,3.48048,4452.15,-30997.7,8144.04,1418.67,-1.914,-4933.58
402.3,3.47692,4473.27,-30346.6,7144.01,1398.76,5.257,-4956.67
402.4,3.47887,4474.92,-29338.4,6553.86,1374.07,-1.82075,-4979.09
402.5,3.48305,4463.0,-28178.4,6607.18,1360.25,-23.45,-4985.58
402.6,3.48352,4444.67,-27132.7,6973.06,1357.53,-48.0542,-4979.86
402.7,3.48046,4442.37,-26632.9,7205.01,1367.48,-50.2715,-4966.34
402.8,3.47668,4443.54,-26552.1,6939.95,1383.07,-35.106,-4952.02
402.9,3.47597,4447.31,-26661.7,6194.86,1388.87,-13.9225,-4933.19
403.0,3.48061,4445.32,-26903.0,5393.96,1387.86,4.51475,-4913.5
403.1,3.48628,4429.49,-27484.5,4844.88,1379.91,3.36925,-4911.44
403.2,3.48961,4427.35,-28348.2,4583.48,1365.66,-11.7185,-4942.67
403.3,3.49176,4435.75,-29167.8,4492.93,1349.89,-25.3692,-4987.44
403.4,3.49295,4450.9,-29973.5,4385.35,1339.87,-27.8057,-5010.58
403.5,3.49658,4483.98,-30871.1,4171.23,1337.34,-19.486,-5019.51
403.6,3.50262,4515.65,-31602.2,4092.72,1343.86,-3.62188,-5036.23
403.7,3.50556,4546.71,-31916.9,4275.72,1351.84,7.35775,-5032.18
403.8,3.50434,4597.69,-31515.0,4701.55,1362.83,10.4999,-4993.34
403.9,3.49957,4647.83,-30811.2,5259.78,1366.15,9.362,-4945.37
404.0,3.49233,4701.57,-30431.5,5737.92,1359.75,9.44862,-4930.55
404.1,3.48866,4761.46,-30088.2,6158.02,1351.5,13.3224,-4957.2
404.2,3.48921,4794.18,-29354.5,6711.08,1338.66,12.1665,-4977.89
404.3,3.48944,4805.63,-28467.0,7357.8,1319.43,-2.88412,-4972.65
404.4,3.48786,4814.12,-28131.6,7970.56,1303.96,-15.3155,-4980.56
404.5,3.48459,4807.44,-28732.1,8333.51,1299.96,-13.4327,-5011.94
404.6,3.48255,4800.0,-29565.0,8192.71,1305.16,-0.600312,-5026.98
404.7,3.48662,4782.49,-29843.7,7666.44,1310.5,17.6749,-4997.1
404.8,3.49274,4744.35,-29726.0,7058.58,1327.19,30.4635,-4954.78
404.9,3.49602,4718.62,-29555.9,6536.73,1344.02,32.2827,-4948.99
405.0,3.49551,4707.86,-29442.1,6196.94,1352.02,21.2514,-4967.52
405.1,3.49055,4704.1,-28896.5,5933.3,1349.38,4.96575,-4976.94
405.2,3.48744,4715.76,-27857.8,5559.23,1337.39,-2.95144,-4973.35
405.3,3.49033,4712.6,-27047.5,5241.15,1323.12,6.56556,-4974.82
405.4,3.49473,4690.89,-26827.5,5139.48,1318.38,17.6479,-4995.34
405.5,3.49781,4680.12,-26840.8,5327.15,1314.71,21.4256,-5008.25
405.6,3.49768,4676.19,-26713.5,5947.01,1315.47,29.0938,-4989.56
405.7,3.49281,4683.09,-26733.7,6819.57,1316.12,37.8329,-4953.98
405.8,3.48862,4710.14,-27318.0,7639.12,1320.48,33.7308,-4942.83
405.9,3.487,4721.65,-28116.6,8289.14,1320.64,20.7057,-4963.12
406.0,3.48504,4724.25,-28706.4,8786.14,1322.67,13.3149,-4976.17
406.1,3.48205,4724.87,-28990.4,9143.7,1327.31,5.89888,-4974.45
406.2,3.47873,4713.21,-29431.1,9509.64,1333.71,-3.5885,-4987.3
406.3,3.47636,4684.02,-30024.4,9875.81,1337.02,-7.577,-5020.7
406.4,3.4783,4642.37,-30057.8,10093.1,1340.68,-2.567,-5040.22
406.5,3.48368,4586.02,-29190.2,9984.42,1342.17,7.934,-5011.61
406.6,3.48963,4531.94,-27991.3,9578.02,1342.99,30.4193,-4963.82
406.7,3.49358,4485.69,-27100.9,9103.06,1352.56,51.7562,-4949.17
406.8,3.49268,4455.82,-26763.9,8889.15,1363.87,59.086,-4954.3
406.9,3.48976,4447.66,-26526.2,9043.23,1368.87,40.9132,-4949.73
407.0,3.48685,4442.02,-26136.3,9405.21,1369.07,7.0245,-4944.06
407.1,3.48427,4437.2,-26207.4,9476.44,1367.57,-25.6672,-4950.93
407.2,3.48343,4434.82,-27006.5,9066.64,1372.16,-30.184,-4977.79
407.3,3.48285,4413.04,-28210.2,8319.63,1371.83,-10.9972,-4998.46
407.4,3.48133,4388.12,-29308.9,7556.84,1371.03,6.8985,-4992.3
407.5,3.4804,4366.65,-30075.9,7053.12,1370.45,14.0095,-4971.75
407.6,3.47994,4338.17,-30813.4,6752.05,1375.74,14.2572,-4954.23
407.7,3.4798,4314.38,-31666.7,6461.25,1387.73,20.7967,-4949.92
407.8,3.47893,4287.73,-32244.9,6133.95,1396.92,27.7248,-4955.92
407.9,3.47454,4258.18,-31916.7,5885.9,1392.55,19.5093,-4966.34
408.0,3.46934,4240.84,-30688.8,5795.77,1379.92,-3.78137,-4967.44
408.1,3.47056,4220.24,-29278.8,6050.53,1376.05,-20.1528,-4962.68
408.2,3.47943,4176.4,-28423.7,6609.53,1377.16,-29.2756,-4962.91
408.3,3.49109,4129.03,-28035.2,7208.62,1375.26,-40.2067,-4970.14
408.4,3.49889,4103.57,-27686.2,7716.78,1374.5,-39.1162,-4960.51
408.5,3.49826,4112.91,-27333.7,7988.91,1371.22,-23.5439,-4928.15
408.6,3.49275,4160.39,-27332.1,7897.17,1368.14,-10.4777,-4911.68
408.7,3.48994,4215.26,-27990.9,7678.24,1372.5,-2.79756,-4932.96
408.8,3.48917,4238.82,-28835.3,7345.15,1375.34,-12.1666,-4968.16
408.9,3.48757,4256.87,-29321.8,6706.07,1378.24,-31.7934,-4987.02
409.0,3.48401,4266.91,-29555.5,5798.87,1376.74,-37.5751,-4993.32
409.1,3.47761,4267.05,-30084.0,4786.39,1378.34,-25.5186,-5005.28
409.2,3.47513,4275.53,-30843.6,3886.19,1377.65,-12.0502,-5021.26
409.3,3.48128,4261.42,-31067.0,3449.66,1375.34,-2.92477,-5017.0
409.4,3.49025,4225.0,-30432.3,3486.72,1380.11,0.730375,-4981.39
409.5,3.49485,4203.56,-29447.2,3697.96,1382.66,1.77731,-4942.26
409.6,3.49195,4205.03,-29035.9,3893.22,1379.63,6.30762,-4929.32
409.7,3.48327,4226.56,-29018.1,3996.27,1364.85,11.9886,-4950.88
409.8,3.47901,4265.35,-28779.2,4171.22,1348.57,15.1414,-4969.74
409.9,3.48517,4275.9,-28277.0,4715.17,1333.58,7.90025,-4962.32
410.0,3.49547,4260.86,-27791.3,5538.19,1319.46,-14.1946,-4965.49
410.1,3.50394,4261.79,-27418.4,6398.63,1306.01,-30.4097,-4996.75
410.2,3.50537,4275.31,-26903.5,7097.59,1296.49,-28.4911,-5013.26
410.3,3.50014,4317.91,-26220.9,7399.36,1297.56,-18.9859,-4985.27
410.4,3.49717,4381.44,-25816.4,7396.37,1306.04,-3.813,-4952.57
410.5,3.49906,4420.07,-25746.4,7403.38,1323.6,12.3916,-4960.67
410.6,3.49977,4444.16,-25882.8,7405.37,1343.05,13.3201,-4973.15
410.7,3.49583,4474.14,-25856.8,7298.43,1361.17,1.68775,-4961.21
410.8,3.48589,4499.55,-25576.9,7086.57,1360.72,-2.83025,-4956.66
410.9,3.47482,4524.12,-25504.2,6502.25,1347.47,-4.96875,-4979.26
411.0,3.47393,4540.91,-25788.0,5660.97,1332.52,-0.9335,-5004.56
411.1,3.48421,4508.53,-26098.1,4993.84,1320.21,13.7605,-5011.44
411.2,3.49586,4456.36,-26165.2,4668.49,1310.07,24.302,-5008.4
411.3,3.50171,4424.68,-26182.9,4713.92,1307.05,24.4533,-5005.14
411.4,3.49827,4412.03,-26155.0,5069.66,1311.35,25.6197,-5003.76
411.5,3.49011,4430.54,-26066.9,5367.91,1320.34,30.0618,-4993.8
411.6,3.48869,4463.22,-25842.2,5504.55,1334.14,36.5055,-4978.21
411.7,3.49501,4464.97,-25671.1,5705.49,1344.08,42.1973,-4964.29
411.8,3.50095,4456.14,-25811.0,6127.93,1343.6,37.861,-4957.12
411.9,3.50185,4463.06,-26251.4,6865.82,1337.0,22.5912,-4960.29
412.0,3.49635,4476.45,-26783.4,7769.74,1327.62,4.5145,-4970.25
412.1,3.49105,4508.1,-27108.7,8495.16,1323.66,-2.45025,-4985.94
412.2,3.49249,4527.18,-27323.2,8939.07,1324.73,9.326,-4995.61
412.3,3.49607,4512.58,-27585.5,9152.16,1329.68,26.5955,-5000.97
412.4,3.49467,4498.58,-27575.3,9255.31,1333.54,38.6613,-5010.81
412.5,3.48698,4489.9,-27289.5,9517.04,1336.43,45.8708,-5000.81
412.6,3.47634,4477.15,-26679.7,9961.19,1344.9,39.1772,-4974.75
412.7,3.47199,4463.0,-26206.6,10329.3,1354.37,15.8276,-4947.66
412.8,3.47764,4420.26,-26118.2,10421.9,1355.57,-6.425,-4938.14
412.9,3.48538,4352.97,-26365.1,10057.8,1354.52,-15.1291,-4940.23
413.0,3.48918,4310.65,-26917.8,9283.33,1357.2,-7.92631,-4937.84
413.1,3.48816,4281.69,-27501.8,8325.27,1358.47,-0.529437,-4948.24
413.2,3.48483,4258.48,-28039.6,7328.63,1352.73,6.76125,-4973.52
413.3,3.48689,4240.43,-28554.5,6498.66,1351.02,25.6065,-4992.48
413.4,3.49293,4201.34,-29111.3,5968.97,1352.49,43.9393,-4990.61
413.5,3.49569,4168.84,-29686.1,5669.65,1351.91,44.3255,-4979.38
413.6,3.49253,4164.81,-30044.9,5631.39,1356.26,35.3613,-4969.77
413.7,3.4848,4173.29,-29898.2,5847.72,1360.74,22.7787,-4950.42
413.8,3.47966,4192.86,-29511.6,6216.39,1362.06,5.35566,-4916.48
413.9,3.48369,4195.3,-29418.8,6706.48,1371.46,-17.8514,-4901.21
414.0,3.49175,4170.01,-29806.8,7335.86,1377.06,-30.1828,-4923.89
414.1,3.49477,4150.94,-30000.5,7923.64,1367.56,-27.6722,-4962.71
414.2,3.48953,4153.78,-29814.4,8404.38,1360.35,-14.3311,-4972.22
414.3,3.47875,4166.68,-29251.3,8619.24,1350.19,-5.37825,-4970.67
414.4,3.47176,4183.71,-28636.0,8420.6,1337.14,-2.595,-4984.1
414.5,3.47401,4169.34,-28303.6,7847.75,1331.06,-1.06412,-4987.25
414.6,3.48023,4120.6,-27787.2,6923.45,1330.32,-6.21375,-4967.89
414.7,3.48537,4076.79,-26974.5,5801.76,1334.72,-15.5542,-4941.4
414.8,3.48743,4040.48,-26431.5,4846.91,1344.44,-18.7022,-4922.72
414.9,3.48721,4021.62,-26914.2,4280.87,1353.03,-15.2699,-4917.88
415.0,3.49046,4021.87,-27859.5,4124.7,1358.79,-13.803,-4945.46
415.1,3.4967,4015.52,-28435.4,4237.94,1355.97,-15.204,-4978.31
415.2,3.5001,4015.23,-28387.7,4366.63,1350.2,-10.2153,-4985.66
415.3,3.49738,4033.92,-28018.1,4275.84,1338.59,-4.42425,-4983.76
415.4,3.48926,4064.35,-28022.2,3983.22,1326.74,-3.7685,-4991.87
415.5,3.48226,4101.59,-28075.0,3646.38,1320.58,-9.09025,-5006.57
415.6,3.48315,4126.07,-27740.5,3538.53,1317.82,-16.9865,-4992.26
415.7,3.4894,4124.37,-26698.1,3750.1,1319.56,-29.9153,-4962.13
415.8,3.49452,4120.77,-25371.2,4142.04,1324.6,-40.3155,-4949.5
415.9,3.4945,4127.14,-24174.0,4568.28,1324.75,-35.88,-4959.8
416.0,3.48905,4144.75,-23414.4,4880.28,1320.64,-17.2838,-4965.71
416.1,3.48654,4177.65,-22969.9,5285.6,1317.01,12.9218,-4968.79
416.2,3.48985,4186.64,-23169.2,5975.5,1307.44,24.1022,-4972.31
416.3,3.49433,4184.79,-23969.4,6861.78,1300.9,6.6875,-4987.03
416.4,3.49618,4192.14,-24869.8,7649.25,1295.14,-20.7857,-5003.75
416.5,3.49323,4204.01,-25543.0,8132.7,1295.19,-33.9979,-5002.27
416.6,3.48877,4225.55,-25957.4,8087.77,1297.23,-41.7809,-4991.29
416.7,3.49011,4243.44,-26202.2,7661.56,1299.74,-43.2972,-4994.26
416.8,3.49729,4237.5,-26181.0,7268.31,1305.3,-25.9629,-5006.71
416.9,3.50427,4220.37,-25835.4,7036.1,1305.85,-2.75275,-5000.43
417.0,3.50616,4221.06,-25437.0,6954.67,1305.54,13.2005,-4979.32
417.1,3.50122,4234.24,-25177.7,6910.92,1302.49,22.4701,-4974.44
417.2,3.49298,4267.26,-25344.2,6607.68,1303.7,26.314,-4977.45
417.3,3.49011,4312.63,-25412.1,6081.56,1305.67,31.0226,-4979.74
417.4,3.49349,4333.37,-25238.9,5710.99,1309.07,28.3411,-4972.93
417.5,3.49658,4340.37,-25282.6,5653.14,1304.96,4.63331,-4963.02
417.6,3.49689,4362.46,-25951.5,5987.67,1303.88,-19.2324,-4966.43
417.7,3.49438,4380.55,-27293.3,6496.53,1313.17,-27.4603,-4976.05
417.8,3.49282,4405.84,-28278.3,6854.67,1330.32,-15.2394,-4991.07
417.9,3.49706,4422.53,-28474.3,7011.03,1336.6,6.95449,-4986.44
418.0,3.50158,4416.64,-28362.2,7268.82,1335.0,34.8179,-4963.89
418.1,3.50064,4418.03,-28319.6,7715.78,1327.69,47.7618,-4964.65
418.2,3.49527,4437.25,-28339.9,8548.62,1323.94,45.296,-4987.67
418.3,3.48913,4444.95,-28037.9,9626.73,1324.12,23.6526,-4992.24
418.4,3.48742,4444.55,-27420.3,10557.9,1328.26,-7.70625,-4969.37
418.5,3.49242,4423.37,-27131.1,11035.7,1342.83,-30.6642,-4954.01
418.6,3.49769,4383.85,-27422.8,10885.2,1358.61,-35.2591,-4968.43
418.7,3.4988,4364.92,-27945.6,10120.2,1367.82,-22.1539,-4982.47
418.8,3.49697,4363.59,-28254.8,9096.22,1370.79,3.49262,-4969.7
418.9,3.49396,4363.33,-28310.4,7972.66,1367.83,23.9565,-4952.79
419.0,3.49347,4369.22,-28595.6,6765.52,1355.75,37.197,-4952.3
419.1,3.49518,4364.53,-29053.5,5525.22,1341.96,47.5376,-4965.46
419.2,3.49321,4357.12,-29404.8,4293.03,1334.4,55.0635,-4967.61
419.3,3.48805,4366.8,-29570.5,3284.07,1331.55,55.7113,-4954.17
419.4,3.48282,4367.24,-29700.4,2906.7,1335.5,46.0455,-4947.73
419.5,3.48038,4352.31,-30096.7,3170.74,1345.88,20.744,-4949.09
419.6,3.48477,4326.92,-30287.9,3881.18,1355.69,-4.17175,-4956.34
419.7,3.49225,4272.58,-30194.3,4802.03,1360.31,-11.6233,-4947.72
419.8,3.49465,4218.89,-29924.4,5490.47,1350.98,-10.9305,-4930.68
419.9,3.49243,4195.88,-29484.7,5866.76,1335.9,-1.75175,-4934.73
420.0,3.48833,4175.49,-29212.2,6092.84,1329.57,9.246,-4942.92
420.1,3.48532,4162.69,-28896.6,6092.3,1331.46,7.04075,-4947.99
420.2,3.48841,4154.35,-28689.6,5967.49,1337.14,2.64475,-4948.3
420.3,3.49159,4120.7,-28734.5,5719.41,1349.07,-5.461,-4955.31
420.4,3.48996,4108.51,-29014.7,5138.61,1365.62,-15.8745,-4967.32
420.5,3.48783,4112.5,-29170.6,4172.31,1373.8,-24.8768,-4973.88
420.6,3.48597,4102.1,-29161.9,2975.85,1371.16,-21.283,-4965.65
420.7,3.48782,4100.06,-28850.3,1761.26,1364.1,-5.85,-4965.95
420.8,3.49331,4083.77,-28458.3,878.695,1353.59,3.4105,-4972.18
420.9,3.49457,4057.82,-27848.5,566.728,1339.49,4.87887,-4978.92
421.0,3.489,4050.92,-27263.8,672.408,1321.22,0.120125,-4970.6
421.1,3.47928,4051.92,-26829.0,885.977,1307.05,-9.0655,-4964.95
421.2,3.4714,4050.2,-26303.4,897.26,1302.44,-12.85,-4977.59
421.3,3.47362,4034.45,-25611.0,786.999,1302.77,-2.89625,-4982.5
421.4,3.48303,3979.18,-24805.8,830.764,1303.31,0.273,-4967.65
421.5,3.49061,3921.15,-24119.9,1088.97,1296.01,-14.7156,-4956.39
421.6,3.49384,3891.18,-23866.6,1613.7,1291.91,-25.6684,-4962.06
421.7,3.49274,3878.17,-23671.7,2248.92,1296.17,-24.4916,-4978.62
421.8,3.49142,3893.4,-23679.0,2652.88,1299.17,-21.3775,-4972.51
421.9,3.49483,3916.8,-23948.0,2838.08,1300.83,-15.4794,-4964.94
422.0,3.49809,3928.68,-24671.6,3044.99,1307.29,-0.120187,-4977.81
422.1,3.49703,3957.6,-25557.4,3335.1,1311.26,7.0187,-4996.43
422.2,3.4922,3997.31,-26093.0,3734.95,1307.33,-4.68514,-4996.21
422.3,3.4868,4036.17,-26113.3,4168.48,1300.96,-17.6098,-4982.17
422.4,3.48556,4065.4,-26015.7,4348.11,1286.65,-23.191,-4973.48
422.5,3.49013,4075.69,-26072.9,4224.71,1270.38,-21.2057,-4976.17
422.6,3.49493,4066.57,-26087.2,4016.99,1260.15,-12.9351,-4982.5
422.7,3.49502,4059.53,-26019.1,3973.33,1255.26,-4.89369,-4976.24
422.8,3.4895,4058.84,-26048.7,4167.62,1267.32,-8.6445,-4969.4
422.9,3.48276,4063.13,-26299.6,4357.51,1289.8,-19.7558,-4979.32
423.0,3.48031,4057.98,-26693.0,4154.96,1311.24,-27.7255,-4990.53
423.1,3.4826,4038.02,-27083.5,3417.24,1334.19,-20.5828,-4984.44
423.2,3.48754,4013.87,-27514.6,2312.52,1352.4,-3.9895,-4970.55
423.3,3.49268,3992.25,-28123.8,1354.85,1360.49,11.093,-4968.95
423.4,3.49672,3982.69,-28836.3,1049.01,1358.82,17.0149,-4978.0
423.5,3.50105,3991.08,-29166.3,1507.73,1352.44,9.10975,-4988.15
423.6,3.50619,4011.44,-28895.2,2414.11,1341.77,-6.47875,-4989.34
423.7,3.50966,4044.82,-28422.8,3376.13,1331.27,-12.3438,-4984.96
423.8,3.50686,4088.05,-28091.5,4064.38,1319.8,-8.35625,-4987.32
423.9,3.49893,4152.18,-27956.2,4524.07,1317.17,2.005,-4990.8
424.0,3.49171,4212.17,-28002.3,4960.05,1322.19,3.888,-4976.57
424.1,3.48907,4250.77,-27980.4,5493.79,1329.11,-3.48875,-4956.69
424.2,3.49183,4260.56,-28091.1,5951.03,1340.04,-16.2097,-4942.42
424.3,3.49393,4245.98,-28360.5,5988.61,1352.12,-26.1585,-4942.37
424.4,3.49075,4234.97,-28631.5,5419.65,1361.51,-17.147,-4952.58
424.5,3.48371,4225.82,-28683.2,4328.38,1369.46,3.4445,-4967.68
424.6,3.4776,4207.36,-28462.9,3048.0,1368.2,22.5872,-4980.79
424.7,3.47828,4171.25,-28384.9,2000.54,1366.01,38.1805,-4981.76
424.8,3.48486,4103.54,-28443.4,1276.55,1362.07,37.546,-4977.4
424.9,3.49175,4041.01,-28717.8,803.271,1365.34,32.0095,-4963.46
425.0,3.49587,4003.25,-28967.4,332.854,1366.07,24.5117,-4938.54
425.1,3.49741,3998.04,-29038.0,-121.103,1362.7,24.4891,-4915.03
425.2,3.50088,4025.14,-29140.7,-364.413,1362.65,27.8546,-4903.14
425.3,3.50825,4062.31,-29302.2,-70.7094,1361.43,26.7689,-4912.75
425.4,3.51484,4104.04,-29548.4,849.266,1357.51,15.8484,-4933.48
425.5,3.51318,4152.5,-29680.7,1922.15,1349.6,-6.6955,-4954.79
425.6,3.50237,4219.0,-29637.1,2692.32,1344.48,-13.3841,-4971.94
425.7,3.48772,4279.71,-29517.4,2889.74,1346.27,-0.123875,-4979.34
425.8,3.47705,4313.95,-29446.8,2465.92,1351.62,8.408,-4971.97
425.9,3.47563,4303.95,-29355.5,1835.55,1354.54,13.2583,-4953.25
426.0,3.47976,4243.95,-29096.3,1483.04,1362.24,18.1121,-4935.44
426.1,3.48118,4162.07,-28598.8,1389.21,1365.07,9.26787,-4924.55
426.2,3.47944,4093.73,-28049.7,1368.0,1367.33,-6.00784,-4922.93
426.3,3.4763,4024.03,-27509.7,1206.67,1362.63,-10.3095,-4939.25
426.4,3.47467,3962.4,-26914.0,662.598,1349.87,-2.03404,-4970.59
426.5,3.47951,3910.1,-26318.8,-6.78529,1338.03,17.6204,-4994.61
426.6,3.48774,3845.05,-25698.6,-243.602,1331.23,34.8841,-5004.19
426.7,3.49197,3790.93,-25332.1,-33.1857,1322.43,23.5881,-4994.02
426.8,3.49337,3776.21,-25205.5,434.756,1319.5,-0.807375,-4976.76
426.9,3.4928,3771.77,-25120.5,694.589,1318.37,-20.0402,-4956.8
427.0,3.49363,3793.12,-24922.4,406.274,1317.67,-17.9416,-4936.55
427.1,3.49877,3815.41,-24655.0,-174.208,1311.43,-2.19988,-4925.7
427.2,3.50052,3821.55,-24155.9,-592.348,1309.29,5.64787,-4945.89
427.3,3.49613,3846.98,-23640.7,-588.046,1301.57,5.1785,-4972.37
427.4,3.4875,3868.83,-23101.4,-233.581,1291.68,-0.333375,-4990.75
427.5,3.47693,3876.78,-22946.1,56.5871,1285.12,-0.966125,-4993.54
427.6,3.47145,3881.34,-23139.0,-22.3616,1283.35,8.76937,-4993.36
427.7,3.47286,3853.37,-23605.7,-170.401,1289.11,26.3054,-4982.25
427.8,3.4753,3804.23,-24120.4,-6.17232,1294.59,28.566,-4955.14
427.9,3.47717,3767.47,-24592.0,670.298,1301.93,5.746,-4932.95
428.0,3.4783,3723.39,-25069.0,1692.05,1300.5,-28.5005,-4931.77
428.1,3.47873,3683.75,-25368.7,2364.34,1291.5,-55.6353,-4951.29
428.2,3.48402,3660.64,-25377.8,2393.4,1278.93,-44.972,-4973.93
428.3,3.49269,3624.62,-25018.0,2151.49,1266.72,-5.189,-4995.5
428.4,3.49841,3604.71,-24815.2,2201.74,1261.63,25.5465,-5004.67
428.5,3.50028,3616.1,-25145.6,2724.84,1268.06,14.794,-5003.23
428.6,3.49828,3640.19,-25805.6,3464.41,1283.18,-12.314,-4996.51
428.7,3.49496,3679.89,-26187.7,3580.62,1300.28,-33.4318,-4983.41
428.8,3.49554,3726.42,-26157.6,2754.14,1313.61,-32.2892,-4957.38
428.9,3.49793,3752.86,-26106.4,1511.37,1323.54,-12.1938,-4938.09
429.0,3.49722,3778.78,-26475.7,710.786,1329.35,5.24875,-4951.07
429.1,3.49282,3810.52,-27033.1,838.347,1324.97,-1.1375,-4989.85
429.2,3.4864,3836.08,-27176.0,1688.17,1320.43,-20.8237,-5018.6
429.3,3.48133,3853.66,-26685.3,2399.48,1309.35,-29.1225,-5018.33
429.4,3.48066,3859.28,-26287.4,2428.79,1303.51,-7.67238,-5001.04
429.5,3.48208,3843.9,-26414.9,2002.97,1298.04,28.8002,-4992.24
429.6,3.48346,3830.51,-26914.3,1826.2,1305.69,47.131,-4985.15
429.7,3.48658,3822.7,-26953.4,2466.83,1318.93,27.9916,-4967.53
429.8,3.49118,3805.67,-26620.3,3835.19,1328.89,-12.2161,-4937.58
429.9,3.4959,3792.43,-26537.5,5209.21,1336.61,-42.8784,-4929.6
430.0,3.49956,3793.44,-26983.0,5907.78,1344.51,-45.6884,-4959.47
430.1,3.50091,3805.91,-27522.9,5811.64,1350.37,-21.7471,-4992.81
430.2,3.50045,3831.46,-27909.3,5280.5,1350.64,9.83225,-4988.05
430.3,3.50075,3859.23,-28492.5,4878.94,1349.9,30.8423,-4961.87
430.4,3.50175,3881.09,-29603.2,4673.55,1353.79,25.0531,-4956.24
430.5,3.50321,3908.62,-30700.2,4331.6,1359.13,7.15137,-4967.26
430.6,3.50369,3936.42,-31029.2,3616.89,1364.76,2.99689,-4952.44
430.7,3.49985,3970.44,-30656.8,2532.44,1366.25,10.9693,-4915.02
430.8,3.49407,4023.72,-30308.0,1490.24,1370.9,18.4825,-4909.47
430.9,3.49036,4066.91,-30421.9,1028.01,1374.98,16.7676,-4944.16
431.0,3.48997,4088.57,-30592.0,1302.53,1375.37,9.04669,-4970.36
431.1,3.49219,4093.68,-30213.3,1899.35,1367.95,-2.95219,-4963.05
431.2,3.49409,4088.88,-29644.8,2348.36,1360.27,-6.82581,-4943.05
431.3,3.49282,4089.09,-29438.2,2358.84,1358.62,2.30006,-4941.29
431.4,3.49189,4103.18,-29636.6,2063.1,1366.03,17.6893,-4948.96
431.5,3.49469,4105.92,-29794.6,1867.67,1378.28,22.3679,-4942.66
431.6,3.49972,4097.56,-29553.4,1982.33,1389.86,10.8743,-4934.2
431.7,3.50485,4086.59,-29261.8,2316.45,1396.78,-4.763,-4935.97
431.8,3.50526,4072.79,-29239.2,2495.17,1398.49,-16.3845,-4952.21
431.9,3.50008,4076.05,-29279.0,2113.15,1393.23,-14.6173,-4972.4
432.0,3.49604,4091.56,-29179.4,1264.68,1379.19,7.878,-4977.72
432.1,3.49533,4086.59,-28976.7,335.935,1361.7,32.488,-4969.79
432.2,3.49764,4082.1,-28703.6,-258.913,1345.06,42.6707,-4965.43
432.3,3.5008,4073.43,-28262.1,-200.637,1337.05,39.606,-4966.35
432.4,3.4982,4061.63,-27820.5,329.047,1335.42,24.2593,-4952.71
432.5,3.49011,4074.53,-27290.8,739.591,1334.56,4.4145,-4941.91
432.6,3.48368,4090.07,-26911.1,696.117,1343.42,-2.02575,-4943.53
432.7,3.4815,4082.64,-26532.2,219.218,1351.76,11.0667,-4954.06
432.8,3.48494,4062.99,-25974.0,-274.517,1347.24,31.0605,-4958.86
432.9,3.48966,4019.69,-25200.3,-342.784,1331.76,31.056,-4956.88
433.0,3.49099,3983.44,-24262.0,76.2255,1315.97,14.5605,-4958.86
433.1,3.49119,3964.67,-23464.4,572.777,1298.8,-2.09975,-4955.4
433.2,3.49303,3950.41,-22927.2,789.397,1288.23,-2.3975,-4946.19
433.3,3.49733,3940.71,-22990.4,623.911,1286.08,10.0125,-4932.8
433.4,3.50233,3937.94,-23505.1,323.609,1290.58,19.2875,-4932.03
433.5,3.50454,3941.54,-24164.2,315.098,1300.15,20.6095,-4942.38
433.6,3.50196,3954.22,-24661.0,707.178,1303.95,11.1792,-4951.02
433.7,3.49749,3977.23,-25088.0,1210.66,1299.28,-9.77213,-4955.47
433.8,3.49495,3996.95,-25373.9,1492.82,1289.45,-23.5339,-4974.11
433.9,3.49576,4008.95,-25462.3,1390.82,1279.31,-21.5322,-4997.27
434.0,3.4969,4011.19,-25195.2,1065.87,1263.58,-10.4187,-5000.96
434.1,3.49447,4012.04,-24814.0,939.063,1249.44,-0.54275,-4983.95
434.2,3.48799,4012.99,-24680.8,1254.68,1248.3,-2.28325,-4971.34
434.3,3.48108,4010.92,-24924.7,1789.39,1258.65,-15.6124,-4969.9
434.4,3.47829,3992.02,-25283.0,1980.6,1281.21,-31.27,-4967.52
434.5,3.48022,3949.85,-25340.6,1623.13,1299.44,-20.9287,-4962.57
434.6,3.48291,3890.34,-25453.6,852.417,1303.95,3.64419,-4958.52
434.7,3.48448,3841.94,-25757.5,292.766,1305.08,21.2367,-4977.77
434.8,3.48623,3801.03,-26183.7,388.103,1293.07,14.1409,-5004.84
434.9,3.4898,3767.07,-26510.0,1035.78,1278.58,-11.6799,-5014.53
435.0,3.4956,3744.52,-26585.9,1668.23,1270.15,-32.9582,-5009.9
435.1,3.5013,3732.91,-26822.1,1811.32,1266.24,-30.8487,-4997.49
435.2,3.50303,3741.26,-27287.1,1499.04,1269.95,-8.01159,-4988.55
435.3,3.50075,3774.37,-27567.8,1199.84,1278.27,13.5774,-4979.54
435.4,3.49756,3818.48,-27301.6,1333.86,1286.69,14.5399,-4961.71
435.5,3.49663,3861.55,-26789.2,2004.01,1288.56,5.06831,-4937.45
435.6,3.49717,3889.11,-26479.5,2850.54,1286.31,-5.19788,-4932.91
435.7,3.49556,3911.3,-26662.7,3453.68,1285.94,-11.0406,-4949.76
435.8,3.49074,3933.89,-27173.0,3677.67,1288.64,-9.14725,-4963.93
435.9,3.48493,3951.92,-27832.8,3715.27,1293.35,-5.89712,-4963.07
436.0,3.48066,3951.53,-28650.7,3752.06,1294.03,-11.7904,-4958.59
436.1,3.4809,3933.18,-29799.2,3848.39,1300.76,-24.0578,-4958.88
436.2,3.48473,3893.38,-30976.0,3834.01,1308.1,-33.0895,-4960.43
436.3,3.48944,3849.7,-31943.5,3490.94,1319.98,-28.7565,-4950.03
436.4,3.49358,3816.64,-32489.5,2805.94,1329.18,-11.9272,-4938.86
436.5,3.4973,3803.8,-32739.2,2180.2,1333.49,13.2257,-4940.82
436.6,3.50217,3810.84,-32915.0,1972.52,1340.75,25.0525,-4950.55
436.7,3.508,3830.9,-32759.7,2154.75,1344.05,7.034,-4964.8
436.8,3.51267,3866.44,-32379.4,2463.91,1343.49,-16.8008,-4968.24
436.9,3.5127,3913.83,-32180.8,2572.6,1344.01,-24.6658,-4963.75
437.0,3.50819,3977.9,-32376.9,2308.13,1353.46,-20.8797,-4968.18
437.1,3.50437,4050.12,-32816.2,1911.54,1373.92,-12.6512,-4977.69
437.2,3.50338,4099.59,-33079.7,1700.41,1393.06,-4.9275,-4972.05
437.3,3.50273,4129.8,-33140.7,1720.63,1405.88,-0.8385,-4951.98
437.4,3.50041,4151.96,-33341.8,1774.08,1416.44,1.96525,-4939.87
437.5,3.49416,4165.82,-33814.4,1574.39,1413.65,8.16725,-4949.71
437.6,3.48602,4180.55,-34395.3,1070.1,1401.92,27.4608,-4965.06
437.7,3.48226,4181.73,-34611.8,592.135,1391.44,49.0605,-4976.27
437.8,3.48369,4150.47,-34473.7,410.45,1376.14,44.3095,-4979.37
437.9,3.4883,4107.4,-34242.0,463.892,1366.82,14.2598,-4979.75
438.0,3.49321,4059.85,-33896.4,450.298,1363.49,-11.5229,-4981.51
438.1,3.49564,4024.98,-33305.2,21.3973,1369.72,-12.3264,-4975.36
438.2,3.49898,4016.67,-32184.8,-855.697,1376.82,4.77938,-4958.17
438.3,3.50559,4015.74,-30888.5,-1741.23,1380.51,26.5411,-4931.45
438.4,3.51356,4028.68,-29655.8,-2250.89,1386.03,41.1036,-4917.51
438.5,3.52019,4064.93,-28584.5,-2266.69,1387.88,44.7359,-4920.8
438.6,3.5206,4116.25,-27682.0,-1886.23,1385.54,41.8872,-4926.82
438.7,3.51349,4190.94,-26985.7,-1359.1,1378.58,36.6027,-4931.64
438.8,3.50361,4275.2,-26864.8,-890.012,1367.48,27.9214,-4937.33
438.9,3.49553,4338.75,-27146.5,-552.808,1355.56,13.6812,-4957.43
439.0,3.49113,4370.53,-27492.8,-388.087,1343.9,-4.00513,-4972.49
439.1,3.48998,4369.39,-27684.0,-326.168,1329.77,-12.5798,-4963.61
439.2,3.4893,4335.21,-27713.1,-232.472,1310.95,-8.13702,-4951.19
439.3,3.48693,4289.52,-27861.2,-201.809,1291.86,-4.79179,-4952.35
439.4,3.4855,4249.0,-27815.2,-295.16,1269.56,3.06644,-4965.8
439.5,3.4869,4201.44,-27229.2,-399.491,1249.73,23.2983,-4969.15
439.6,3.48923,4154.08,-26143.6,-537.337,1229.08,38.1758,-4957.15
439.7,3.49337,4122.52,-25013.1,-607.449,1219.79,38.322,-4953.89
439.8,3.49585,4082.18,-24437.6,-535.825,1223.42,25.2915,-4960.07
439.9,3.49475,4056.29,-24207.9,-572.832,1235.84,4.20356,-4967.43
440.0,3.49571,4049.58,-24103.1,-866.026,1255.2,-10.861,-4960.18
440.1,3.49918,4025.72,-24029.7,-1391.67,1270.27,-14.8626,-4948.3
440.2,3.50262,4010.14,-24151.3,-2064.01,1287.85,-8.3855,-4951.56
440.3,3.50474,4001.88,-24519.1,-2547.24,1297.41,7.6,-4965.5
440.4,3.50043,3989.43,-24673.8,-2619.77,1295.67,20.9471,-4980.73
440.5,3.49088,3996.07,-24696.4,-2388.93,1291.31,25.8037,-4978.82
440.6,3.48206,3996.67,-24802.0,-1965.92,1284.25,29.2499,-4973.14
440.7,3.47441,3967.97,-25031.9,-1436.57,1268.05,32.5249,-4980.94
440.8,3.46917,3928.73,-25055.5,-906.419,1253.79,23.7477,-4987.8
440.9,3.46715,3867.94,-24906.7,-325.131,1235.13,2.65475,-4965.37
441.0,3.46663,3788.82,-24459.5,376.778,1219.53,-15.4195,-4948.46
441.1,3.46819,3709.05,-24150.2,941.324,1204.33,-33.679,-4948.6
441.2,3.47424,3631.36,-24118.2,1361.1,1196.98,-37.2715,-4955.71
441.3,3.48131,3547.83,-24000.3,1567.75,1192.39,-29.1583,-4962.54
441.4,3.48747,3496.31,-24117.9,1753.03,1201.3,-2.98375,-4960.25
441.5,3.49198,3465.73,-24578.0,2104.15,1222.56,16.138,-4966.83
441.6,3.49199,3452.39,-25398.5,2510.69,1248.66,8.10575,-4979.83
441.7,3.4905,3464.04,-26486.9,2683.06,1275.33,-11.0693,-4977.54
441.8,3.48968,3474.55,-27685.7,2602.22,1301.61,-15.4963,-4965.21
441.9,3.48828,3480.55,-29194.0,2201.36,1320.19,-19.5495,-4958.01
442.0,3.48861,3496.4,-30911.4,1690.15,1325.67,-31.1698,-4965.53
442.1,3.48954,3493.75,-32452.9,1415.82,1322.12,-40.0252,-4979.51
442.2,3.48752,3487.83,-33391.9,1288.06,1314.21,-41.3537,-4991.67
442.3,3.48432,3492.2,-33704.4,1079.28,1295.32,-32.0522,-4998.68
442.4,3.48023,3485.33,-33848.7,848.793,1278.76,-7.1385,-5002.69
442.5,3.47463,3475.49,-33905.1,523.971,1274.41,14.6371,-5006.79
442.6,3.47289,3472.26,-33671.7,253.343,1280.58,24.3031,-5001.58
442.7,3.47413,3440.13,-33101.5,221.307,1286.99,17.2518,-4974.22
442.8,3.47546,3406.73,-32477.4,237.687,1299.66,-5.409,-4939.86
442.9,3.48006,3388.15,-32167.4,73.9838,1320.68,-31.7826,-4924.58
443.0,3.48655,3357.23,-32191.4,-335.438,1341.1,-43.6436,-4930.69
443.1,3.49267,3340.21,-32278.9,-1015.41,1357.13,-36.7286,-4940.19
443.2,3.49911,3344.81,-32518.2,-1731.89,1362.52,-17.5596,-4942.23
443.3,3.5026,3353.7,-33216.1,-2206.86,1363.96,3.81381,-4952.58
443.4,3.5016,3382.36,-33934.6,-2649.88,1362.1,9.35856,-4984.56
443.5,3.49956,3428.46,-34398.8,-3303.73,1349.96,10.118,-4992.87
443.6,3.49697,3469.29,-34243.6,-4279.53,1336.05,17.3282,-4969.21
443.7,3.49499,3519.5,-33664.3,-5436.29,1321.22,27.6007,-4945.27
443.8,3.49597,3571.83,-33076.8,-6171.39,1313.96,31.2166,-4941.56
443.9,3.49701,3611.74,-32292.3,-5987.07,1316.31,18.2824,-4948.32
444.0,3.49569,3658.04,-31094.3,-5143.58,1319.39,-13.3067,-4941.19
444.1,3.49354,3709.63,-29728.8,-4195.95,1326.39,-32.8221,-4931.13
444.2,3.49039,3747.3,-28843.6,-3643.05,1335.42,-15.5356,-4936.16
444.3,3.48847,3783.19,-28271.4,-3406.9,1349.59,33.2221,-4964.48
444.4,3.48946,3801.54,-27845.8,-2904.63,1361.01,68.9102,-4971.62
444.5,3.49056,3802.58,-27316.9,-1762.11,1366.51,61.5651,-4951.18
444.6,3.49166,3804.54,-26982.7,-343.804,1364.95,20.4801,-4931.4
444.7,3.49306,3801.25,-27157.0,628.428,1364.08,-16.8841,-4933.75
444.8,3.49446,3794.88,-27453.8,567.416,1353.98,-27.1925,-4947.38
444.9,3.4976,3793.69,-27410.2,-432.591,1334.88,-12.3229,-4950.55
445.0,3.50187,3783.44,-26873.3,-1635.97,1305.77,11.4815,-4950.21
445.1,3.50492,3779.02,-26128.2,-2388.3,1273.55,26.9035,-4960.03
445.2,3.50649,3786.07,-25341.9,-2592.71,1242.35,27.6612,-4972.24
445.3,3.5046,3796.14,-24118.4,-2667.78,1217.08,22.6795,-4975.66
445.4,3.49864,3816.75,-22624.8,-3103.57,1203.98,30.519,-4953.21
445.5,3.49032,3846.6,-21634.4,-4017.27,1209.64,46.7113,-4916.77
445.6,3.48251,3871.81,-21317.1,-4902.56,1230.83,59.871,-4910.34
445.7,3.47773,3872.28,-21328.6,-5108.83,1258.32,54.687,-4925.83
445.8,3.47535,3836.98,-21196.4,-4584.03,1280.82,16.1415,-4923.92
445.9,3.47406,3778.98,-20976.1,-3693.51,1290.27,-18.5185,-4915.02
446.0,3.47274,3700.6,-21155.8,-3015.86,1290.38,-24.0675,-4934.95
446.1,3.47127,3618.59,-21909.8,-2774.96,1286.74,1.1755,-4976.0
446.2,3.47324,3539.54,-22761.4,-2689.61,1278.45,30.6455,-4997.47
446.3,3.47762,3449.67,-23373.6,-2332.39,1265.7,41.4582,-4983.3
446.4,3.48202,3371.18,-23713.3,-1569.94,1254.63,34.3505,-4969.17
446.5,3.48524,3309.64,-24039.1,-560.315,1247.53,19.4535,-4965.42
446.6,3.48481,3263.3,-24311.1,219.59,1240.88,-3.607,-4958.73
446.7,3.48298,3245.35,-24199.9,423.996,1235.82,-20.3151,-4950.19
446.8,3.4833,3234.48,-23774.2,191.733,1234.31,-16.1959,-4950.65
446.9,3.48477,3218.64,-23314.1,-33.5324,1229.05,4.814,-4964.74
447.0,3.48639,3203.27,-22832.9,221.843,1226.16,19.41,-4987.01
447.1,3.48426,3181.3,-22170.5,1073.13,1223.9,13.1224,-5000.18
447.2,3.476,3161.79,-21643.0,2101.05,1220.58,0.686375,-4987.74
447.3,3.4651,3144.69,-21596.0,2655.42,1227.56,-6.50163,-4969.12
447.4,3.45717,3115.61,-22297.6,2459.81,1244.88,-2.28063,-4957.3
447.5,3.45654,3061.6,-23886.6,2005.18,1269.39,16.2946,-4940.63
447.6,3.46077,2973.13,-25848.2,1912.59,1285.35,15.0892,-4931.61
447.7,3.46507,2881.13,-27681.2,2463.32,1289.49,-16.7083,-4941.98
447.8,3.46894,2805.04,-29312.3,3349.29,1289.83,-54.6323,-4960.46
447.9,3.47257,2744.04,-30797.2,3877.87,1281.37,-68.8969,-4978.91
448.0,3.47849,2709.09,-31986.9,3595.97,1271.91,-50.3189,-5007.31
448.1,3.4869,2688.03,-32916.7,2719.65,1262.36,-14.8606,-5024.3
448.2,3.49367,2682.3,-33283.9,1892.5,1257.54,12.954,-5020.21
448.3,3.49591,2704.43,-33075.5,1571.8,1262.53,15.4766,-4996.31
448.4,3.49424,2749.9,-32741.4,1760.63,1277.43,-4.70225,-4960.82
448.5,3.49056,2803.94,-32476.5,1990.3,1300.92,-33.2643,-4937.48
448.6,3.48696,2861.05,-32321.7,1699.63,1326.02,-53.7661,-4929.16
448.7,3.4845,2906.92,-32212.8,723.322,1340.23,-54.4335,-4925.98
448.8,3.48154,2935.35,-32274.9,-658.798,1337.21,-40.7808,-4927.52
448.9,3.47824,2953.23,-32487.2,-1967.51,1325.1,-25.4965,-4950.89
449.0,3.47708,2955.96,-33069.6,-2798.35,1311.47,-16.1345,-4976.78
449.1,3.47756,2940.48,-33529.9,-3279.37,1292.87,-19.8959,-4998.15
449.2,3.4793,2928.91,-33471.5,-3784.45,1275.91,-21.2206,-5005.7
449.3,3.48125,2924.66,-33111.1,-4553.18,1269.14,-10.653,-4988.92
449.4,3.48305,2937.56,-32681.9,-5455.71,1275.12,7.8745,-4966.14
449.5,3.48824,2967.04,-32236.1,-6023.85,1282.08,18.283,-4953.77
449.6,3.49732,2993.12,-31682.8,-5848.49,1293.98,6.12525,-4941.43
449.7,3.50735,3028.48,-30804.8,-5026.51,1302.62,-20.162,-4927.89
449.8,3.51635,3088.19,-29842.1,-3967.03,1304.29,-37.3717,-4926.49
449.9,3.52066,3169.03,-28951.1,-3027.03,1305.42,-31.3468,-4948.77
450.0,3.51978,3280.22,-28243.8,-2396.33,1304.86,-14.3405,-4972.39
450.1,3.51698,3405.89,-27762.9,-1941.2,1308.83,1.72375,-4977.75
450.2,3.5132,3518.01,-27394.3,-1505.41,1313.43,10.589,-4974.52
450.3,3.50778,3614.24,-27176.9,-1160.16,1316.11,10.0717,-4967.49
450.4,3.50166,3691.88,-26993.2,-984.877,1316.0,5.8395,-4951.72
450.5,3.49399,3739.89,-26574.1,-1151.43,1308.9,-4.616,-4929.8
450.6,3.48668,3770.22,-25919.9,-1814.06,1296.78,-15.3995,-4912.58
450.7,3.48391,3776.99,-25261.8,-2793.54,1280.29,-12.014,-4910.07
450.8,3.48535,3749.23,-24729.0,-3709.84,1259.22,4.6265,-4925.08
450.9,3.48925,3706.57,-24096.3,-4273.25,1239.49,16.6449,-4949.46
451.0,3.49438,3665.4,-23274.5,-4206.8,1231.52,24.9906,-4965.59
451.1,3.49767,3625.35,-22584.7,-3639.35,1232.27,28.0835,-4961.01
451.2,3.49807,3607.78,-22453.1,-3076.46,1241.25,21.7787,-4948.48
451.3,3.49915,3613.35,-22795.5,-2751.44,1260.21,20.1416,-4943.73
451.4,3.50212,3618.09,-23056.5,-2629.14,1280.91,23.3595,-4937.44
451.5,3.50608,3630.45,-23046.8,-2609.46,1291.98,15.2327,-4914.72
451.6,3.51019,3643.36,-23197.0,-2530.58,1287.0,-5.2865,-4894.5
451.7,3.50949,3653.3,-23608.0,-2439.48,1276.6,-21.9374,-4918.17
451.8,3.50449,3682.97,-24159.8,-2502.41,1265.31,-14.5244,-4961.83
451.9,3.49857,3705.73,-24449.8,-2723.13,1252.62,8.65462,-4983.49
452.0,3.49087,3710.17,-24793.2,-3022.49,1247.39,31.9612,-4977.13
452.1,3.48353,3705.43,-25401.9,-3165.44,1246.59,54.7975,-4982.04
452.2,3.47564,3665.4,-26071.5,-2997.13,1250.38,64.1759,-4996.04
452.3,3.46668,3605.77,-26177.4,-2501.3,1252.82,59.3932,-4982.94
452.4,3.46121,3530.24,-25630.4,-1755.32,1253.24,40.1621,-4941.73
452.5,3.45986,3423.42,-25142.4,-933.516,1253.01,12.8142,-4916.63
452.6,3.46307,3307.18,-25161.4,-286.542,1252.13,-8.30794,-4934.43
452.7,3.47022,3182.84,-25385.8,159.742,1252.19,-13.9764,-4963.81
452.8,3.47656,3059.27,-24989.5,531.992,1244.24,-3.94594,-4975.8
452.9,3.48176,2966.51,-24355.0,963.772,1236.09,11.1097,-4965.73
453.0,3.48731,2895.53,-24324.4,1528.11,1240.45,20.6216,-4965.65
453.1,3.49211,2843.01,-25191.6,2083.11,1250.57,24.5343,-4979.99
453.2,3.4951,2823.44,-26427.9,2406.6,1261.81,25.46,-4977.25
453.3,3.49491,2827.28,-27492.1,2379.87,1270.62,20.5338,-4944.32
453.4,3.49072,2851.4,-28631.7,2007.65,1277.54,5.52212,-4913.76
453.5,3.48612,2887.87,-30058.5,1512.66,1284.13,-11.6291,-4926.74
453.6,3.48303,2906.03,-31430.0,1078.99,1280.69,-30.9444,-4965.74
453.7,3.48028,2909.56,-32050.6,762.54,1273.11,-43.4092,-4991.99
453.8,3.47711,2898.29,-31755.3,492.73,1257.74,-43.4335,-4997.49
453.9,3.47105,2873.46,-31326.0,194.259,1247.22,-29.0063,-4999.15
454.0,3.46484,2849.05,-31080.4,-209.034,1250.2,-7.9485,-5010.46
454.1,3.46328,2813.65,-30774.7,-586.263,1270.57,10.5638,-5005.86
454.2,3.46708,2759.34,-30413.4,-739.304,1299.41,16.5665,-4961.57
454.3,3.47341,2700.75,-30168.3,-701.166,1318.75,1.51425,-4918.15
454.4,3.48018,2654.65,-30244.7,-553.502,1334.37,-25.719,-4920.41
454.5,3.4852,2623.27,-30854.0,-481.504,1346.68,-51.64,-4938.37
454.6,3.48941,2620.73,-31304.5,-790.746,1346.56,-73.74,-4958.66
454.7,3.49606,2635.13,-31818.9,-1549.91,1331.27,-79.7728,-4974.13
454.8,3.50449,2654.19,-32460.6,-2632.53,1314.36,-63.0925,-5003.76
454.9,3.51139,2690.94,-33065.9,-3905.36,1294.1,-35.502,-5031.02
455.0,3.51498,2754.42,-32998.3,-5056.59,1280.01,-7.1285,-5028.71
455.1,3.51265,2837.63,-32028.5,-5878.13,1271.44,10.92,-4992.43
455.2,3.50635,2948.49,-30724.4,-6374.66,1261.05,13.3678,-4947.28
455.3,3.50089,3067.36,-29498.0,-6514.3,1257.61,5.90625,-4928.35
455.4,3.49762,3168.31,-28496.3,-6331.55,1261.27,-8.35962,-4925.94
455.5,3.49666,3254.94,-27487.0,-5749.14,1270.1,-22.2421,-4925.76
455.6,3.49561,3312.05,-26588.8,-4834.21,1276.96,-42.3095,-4932.05
455.7,3.49243,3356.04,-26192.0,-3845.01,1281.67,-61.5346,-4950.42
455.8,3.49073,3399.16,-26248.3,-3055.12,1291.03,-60.7173,-4977.73
455.9,3.49232,3419.38,-26580.1,-2803.18,1298.12,-47.4252,-4986.23
456.0,3.49713,3436.33,-26705.9,-3123.9,1304.75,-21.7533,-4975.34
456.1,3.50383,3446.64,-26780.6,-3762.63,1302.55,5.751,-4950.07
456.2,3.50849,3456.31,-26727.1,-4311.76,1296.58,22.6094,-4933.3
456.3,3.51086,3480.34,-26618.5,-4662.32,1286.89,12.8582,-4922.57
456.4,3.51357,3516.41,-26073.0,-4865.67,1278.35,-12.1606,-4922.44
456.5,3.51735,3556.16,-25095.0,-5062.24,1266.34,-28.7834,-4926.47
456.6,3.52025,3602.17,-24175.8,-5466.21,1250.44,-33.9759,-4929.74
456.7,3.52204,3663.3,-23552.9,-5860.21,1243.07,-22.372,-4946.43
456.8,3.5204,3724.95,-23163.2,-5913.98,1240.6,-3.60325,-4963.56
456.9,3.51573,3795.99,-23123.5,-5498.84,1249.59,10.7643,-4950.83
457.0,3.50962,3859.52,-23402.8,-4867.57,1264.88,9.01056,-4924.59
457.1,3.50278,3912.59,-24201.7,-4340.31,1289.64,8.65594,-4912.12
457.2,3.49585,3949.9,-25199.1,-4289.83,1312.18,11.0138,-4919.23
457.3,3.4897,3965.22,-26191.1,-4608.31,1322.49,16.5653,-4923.17
457.4,3.48465,3951.59,-26803.6,-4776.61,1317.56,22.7003,-4933.58
457.5,3.48214,3911.8,-27359.8,-4494.86,1304.36,11.2749,-4955.03
457.6,3.48437,3853.27,-27832.1,-3897.58,1294.67,-12.7659,-4986.88
457.7,3.49187,3776.3,-27884.3,-3377.26,1284.41,-19.2712,-5006.41
457.8,3.49953,3691.85,-27494.2,-3287.6,1278.62,2.92675,-4994.06
457.9,3.50359,3632.88,-27336.1,-3512.42,1281.86,42.9684,-4956.08
458.0,3.50361,3595.08,-27573.2,-3612.37,1289.3,69.6578,-4937.96
458.1,3.50103,3577.86,-27980.9,-3277.26,1304.04,68.618,-4935.53
458.2,3.49957,3569.61,-28189.1,-2703.01,1316.4,43.5825,-4920.14
458.3,3.4986,3549.41,-28196.0,-2313.76,1327.19,16.7598,-4909.67
458.4,3.49502,3520.68,-28400.0,-2405.86,1331.44,6.748,-4931.79
458.5,3.48812,3492.51,-28834.1,-2804.83,1324.2,14.1903,-4975.95
458.6,3.48112,3459.64,-28943.7,-2988.22,1311.55,26.6423,-5004.67
458.7,3.4787,3417.18,-28708.0,-2601.76,1295.96,31.5713,-4993.5
458.8,3.48262,3357.31,-28498.8,-1722.14,1283.17,27.3675,-4971.72
458.9,3.48707,3284.36,-28703.8,-894.942,1280.45,19.5287,-4959.05
459.0,3.48569,3229.25,-29027.9,-604.214,1285.8,23.8197,-4942.89
459.1,3.47869,3205.41,-28959.2,-835.488,1290.84,39.9265,-4918.35
459.2,3.47271,3200.93,-29016.8,-1153.64,1304.56,47.273,-4895.68
459.3,3.47586,3189.86,-29390.0,-1125.63,1321.85,28.7078,-4918.49
459.4,3.48715,3148.57,-29720.6,-733.551,1324.93,-11.4122,-4975.89
459.5,3.4968,3095.25,-29512.9,-487.863,1316.48,-46.0346,-5008.21
459.6,3.50035,3070.4,-28837.5,-753.496,1310.34,-43.8561,-5003.0
459.7,3.49765,3062.2,-28264.3,-1604.77,1304.24,-18.7235,-4998.0
459.8,3.49507,3080.08,-28130.4,-2593.8,1307.34,12.6783,-5004.1
459.9,3.49841,3092.59,-28010.1,-3272.74,1316.38,27.0609,-4988.51
460.0,3.50307,3086.78,-27310.6,-3577.16,1324.4,18.8627,-4948.25
460.1,3.50355,3093.87,-26457.2,-3638.18,1333.54,11.7344,-4914.94
460.2,3.49672,3107.79,-26301.6,-3653.44,1339.2,5.46825,-4915.0
460.3,3.48436,3141.33,-26776.3,-3817.97,1340.23,-9.62506,-4948.9
460.4,3.47794,3185.46,-27190.7,-4093.8,1334.97,-26.7816,-4982.37
460.5,3.48178,3192.44,-27089.6,-4279.54,1325.78,-34.7046,-4997.89
460.6,3.49013,3175.3,-26950.9,-4461.55,1309.44,-39.4974,-4996.97
460.7,3.49708,3163.79,-26769.1,-4653.56,1293.32,-37.3295,-5010.45
460.8,3.49793,3160.52,-26309.4,-4790.72,1284.92,-23.8776,-5015.61
460.9,3.49523,3190.23,-25330.5,-4965.98,1285.68,-9.27883,-4981.14
461.0,3.49836,3239.55,-23762.7,-5108.61,1288.68,-0.419688,-4939.39
461.1,3.50799,3274.7,-22262.7,-5042.01,1292.39,2.10569,-4919.43
461.2,3.51729,3317.33,-21165.3,-4786.25,1288.42,-5.97013,-4919.05
461.3,3.52166,3384.76,-20537.4,-4314.75,1283.21,-21.7728,-4920.87
461.4,3.51892,3465.51,-20756.7,-3748.88,1277.16,-43.5326,-4918.88
461.5,3.5148,3568.07,-21621.4,-3446.78,1278.64,-64.7104,-4942.5
461.6,3.51681,3662.98,-22642.3,-3550.49,1285.74,-68.3871,-4980.6
461.7,3.5206,3725.09,-23367.5,-4007.21,1292.23,-53.9673,-4989.12
461.8,3.51932,3791.31,-23658.0,-4617.64,1301.16,-29.9947,-4973.88
461.9,3.51148,3859.68,-23938.2,-4995.55,1312.03,-8.06475,-4961.22
462.0,3.49821,3916.08,-24207.0,-4985.19,1320.21,0.83875,-4961.0
462.1,3.48825,3960.96,-23941.6,-4826.41,1317.73,-7.876,-4952.27
462.2,3.48767,3960.4,-22751.4,-4757.54,1305.1,-25.1418,-4924.03
462.3,3.49233,3922.32,-21247.1,-4918.21,1296.69,-36.368,-4895.19
462.4,3.49714,3881.72,-20412.8,-5230.29,1287.77,-39.5395,-4890.79
462.5,3.49947,3846.75,-20397.8,-5207.74,1280.0,-34.1012,-4917.57
462.6,3.5006,3821.31,-20833.1,-4598.27,1280.39,-32.2803,-4939.38
462.7,3.50581,3810.38,-21229.1,-3710.37,1286.81,-44.1138,-4939.79
462.8,3.51501,3797.09,-22098.1,-3100.75,1298.63,-51.5325,-4927.01
462.9,3.52101,3794.38,-23665.4,-3267.03,1315.41,-36.5765,-4933.83
463.0,3.5193,3824.52,-25448.6,-4278.58,1327.7,-7.501,-4954.17
463.1,3.51254,3880.84,-26744.0,-5507.99,1329.79,16.1197,-4952.91
463.2,3.50695,3941.03,-27197.8,-6241.33,1327.25,20.329,-4936.12
463.3,3.50922,3988.67,-27485.9,-6066.36,1329.26,9.829,-4931.25
463.4,3.51508,3998.04,-27891.6,-5217.82,1327.16,-13.563,-4954.98
463.5,3.51381,4002.08,-27932.3,-4287.57,1324.98,-28.344,-4982.93
463.6,3.50229,4022.86,-27599.3,-3742.92,1323.63,-17.3505,-4970.33
463.7,3.48589,4045.29,-27249.1,-3560.88,1330.98,15.0376,-4944.49
463.8,3.47542,4044.58,-27540.0,-3581.32,1343.58,35.7605,-4939.28
463.9,3.47755,3994.24,-28246.0,-3407.35,1352.51,40.1738,-4947.88
464.0,3.48543,3888.52,-28602.8,-2906.88,1357.98,29.7262,-4942.02
464.1,3.48736,3780.95,-28638.6,-2428.25,1352.11,9.78487,-4916.88
464.2,3.48313,3704.73,-28842.1,-2180.01,1342.82,-0.827875,-4918.51
464.3,3.47886,3640.04,-29255.0,-2202.78,1338.99,0.6695,-4960.36
464.4,3.48438,3585.54,-29247.0,-2373.22,1337.32,10.0126,-4992.5
464.5,3.50189,3512.64,-28647.7,-2289.97,1333.85,21.9398,-4978.08
464.6,3.5172,3430.22,-27887.9,-1855.51,1330.22,23.8192,-4953.84
464.7,3.51965,3406.61,-27622.1,-1417.8,1325.02,16.9857,-4950.47
464.8,3.512,3442.56,-27792.3,-1225.33,1325.51,15.8665,-4949.16
464.9,3.50175,3507.34,-27752.4,-1568.64,1330.23,15.0918,-4931.18
465.0,3.50087,3589.31,-27404.8,-2389.15,1332.96,16.1479,-4911.42
465.1,3.50896,3634.61,-27494.3,-3062.61,1333.5,23.0889,-4915.81
465.2,3.51097,3656.53,-27824.8,-3109.81,1332.42,25.6075,-4964.28
465.3,3.50169,3702.78,-28116.3,-2502.2,1327.92,11.7069,-5003.96
465.4,3.48558,3745.87,-27784.3,-1607.83,1322.26,-11.5644,-5011.81
465.5,3.47231,3769.77,-27026.7,-1150.22,1318.38,-19.4842,-5003.87
465.6,3.4732,3757.18,-26490.2,-1416.87,1325.36,1.50137,-4995.68
465.7,3.48304,3676.94,-26194.1,-1982.27,1333.11,32.2286,-4984.55
465.8,3.48946,3586.42,-25495.8,-2282.1,1335.96,42.227,-4965.7
465.9,3.4898,3523.52,-24612.2,-1997.06,1340.43,21.749,-4930.42
466.0,3.48778,3480.42,-24341.8,-1377.41,1341.11,-9.30313,-4907.22
466.1,3.49163,3459.07,-24940.2,-1227.69,1335.36,-30.9486,-4934.06
466.2,3.5059,3447.23,-25452.6,-1838.7,1326.07,-21.6786,-4992.98
466.3,3.52169,3436.21,-25123.9,-2691.87,1310.95,18.2726,-5015.86
466.4,3.52817,3463.91,-24364.0,-3062.69,1293.22,49.4147,-4994.59
466.5,3.52445,3541.01,-24040.5,-2547.18,1286.45,38.8703,-4989.88
466.6,3.51644,3643.2,-24260.8,-1484.89,1288.53,2.775,-5008.45
466.7,3.51306,3755.42,-24046.9,-730.299,1297.83,-21.6095,-4997.46
466.8,3.51544,3846.55,-22864.0,-779.829,1310.66,-20.1745,-4940.17
466.9,3.51506,3918.6,-21756.9,-1355.57,1320.27,-3.41575,-4885.5
467.0,3.50601,3991.96,-21691.6,-1851.45,1324.49,1.53625,-4891.5
467.1,3.49273,4062.17,-22395.1,-1741.44,1320.02,-9.376,-4931.61
467.2,3.48373,4100.89,-22569.6,-1172.61,1308.93,-30.0985,-4952.29
467.3,3.48465,4095.02,-22063.6,-896.293,1297.96,-49.5185,-4942.32
467.4,3.49285,4048.36,-21861.4,-1449.78,1289.32,-47.35,-4940.62
467.5,3.49836,3985.82,-22372.0,-2687.99,1284.87,-17.0868,-4970.65
467.6,3.4977,3945.97,-22808.1,-3945.54,1281.7,12.8855,-4989.95
467.7,3.49792,3932.11,-22589.2,-4350.41,1291.95,16.7325,-4956.57
467.8,3.50448,3911.35,-22008.7,-3795.83,1302.91,-18.173,-4905.84
467.9,3.51655,3895.33,-21575.2,-2921.43,1309.37,-62.4173,-4900.37
468.0,3.5261,3888.4,-21555.2,-2591.05,1313.75,-84.1113,-4917.79
468.1,3.52529,3919.59,-21286.5,-3050.45,1321.42,-67.1101,-4923.32
468.2,3.51736,3990.98,-20896.3,-3839.18,1325.76,-34.361,-4913.14
468.3,3.51036,4066.62,-21085.6,-4218.79,1333.2,-18.8595,-4920.93
468.4,3.51044,4120.95,-22160.1,-3769.25,1347.25,-20.8385,-4953.58
468.5,3.51347,4139.95,-23514.9,-2874.51,1360.91,-36.9254,-4976.82
468.6,3.50967,4153.12,-24749.7,-2234.75,1373.68,-46.9569,-4963.41
468.7,3.49668,4183.31,-25816.6,-2277.48,1383.56,-39.1427,-4945.71
468.8,3.48189,4215.66,-26883.0,-2832.26,1391.02,-22.516,-4951.27
468.9,3.47695,4224.03,-27908.6,-3219.94,1393.63,-9.24544,-4959.92
469.0,3.48585,4182.45,-28496.1,-2873.14,1385.63,-14.8112,-4955.31
469.1,3.49981,4106.43,-28601.9,-1892.16,1371.78,-39.3421,-4947.11
469.2,3.50803,4046.03,-28481.5,-842.519,1362.94,-54.3813,-4952.56
469.3,3.50708,4022.64,-28373.0,-226.035,1363.23,-41.3713,-4962.65
469.4,3.50284,4037.68,-28406.2,-85.2526,1368.67,-9.83898,-4958.84
469.5,3.50419,4061.71,-28564.9,-263.39,1378.46,2.92337,-4946.85
469.6,3.51294,4072.63,-28743.5,-355.393,1390.89,2.06109,-4941.31
469.7,3.52088,4064.7,-29013.8,-347.38,1405.44,-9.23731,-4933.01
469.8,3.519,4066.3,-29349.6,-468.118,1410.05,-24.5801,-4921.3
469.9,3.50781,4088.18,-29693.7,-933.404,1404.41,-36.5567,-4921.84
470.0,3.49565,4117.19,-30015.9,-1698.86,1395.38,-32.7675,-4936.57
470.1,3.49249,4132.92,-30249.1,-2559.93,1389.98,-16.676,-4949.13
470.2,3.49952,4113.94,-30521.1,-3081.96,1380.97,2.13225,-4949.0
470.3,3.50491,4069.83,-30831.3,-3124.26,1370.17,6.15662,-4953.1
470.4,3.50088,4052.54,-31077.8,-3034.54,1363.94,-6.36088,-4962.89
470.5,3.49168,4063.16,-31126.3,-3097.84,1358.22,-9.56863,-4959.64
470.6,3.48551,4077.71,-30728.3,-3528.37,1361.27,-4.11212,-4948.36
470.7,3.49065,4090.15,-30377.7,-4185.35,1368.29,1.85312,-4934.95
470.8,3.50464,4078.31,-30376.4,-4587.26,1371.45,2.43175,-4937.02
470.9,3.5149,4064.12,-30252.2,-4476.8,1370.72,-3.733,-4962.69
471.0,3.51705,4088.53,-29869.4,-3961.3,1361.11,-10.337,-4972.06
471.1,3.51371,4129.15,-29093.7,-3461.24,1345.66,-19.8057,-4967.38
471.2,3.5116,4184.74,-28593.9,-3383.53,1334.81,-14.508,-4965.62
471.3,3.51639,4229.73,-28358.3,-3801.02,1328.06,10.1412,-4984.59
471.4,3.52187,4247.43,-27888.3,-4316.67,1322.13,39.002,-5001.86
471.5,3.52039,4274.16,-26819.2,-4442.57,1316.3,53.4095,-4987.81
471.6,3.51248,4313.33,-25952.9,-3890.78,1309.89,46.2595,-4947.48
471.7,3.50226,4342.95,-25877.0,-2980.52,1308.72,19.054,-4937.21
471.8,3.4966,4366.7,-26571.6,-2361.39,1312.99,-4.5785,-4959.98
471.9,3.49806,4368.45,-27021.1,-2294.31,1312.65,-1.12225,-4975.97
472.0,3.50032,4351.82,-26877.6,-2660.11,1307.15,17.506,-4961.14
472.1,3.50066,4350.06,-26592.1,-3109.76,1302.62,28.3717,-4951.01
472.2,3.50091,4350.41,-26823.1,-3213.23,1305.1,29.7847,-4971.25
472.3,3.50188,4343.04,-26878.6,-2986.51,1312.03,26.0212,-5006.77
472.4,3.50586,4346.55,-26160.8,-2821.11,1314.22,20.0579,-5001.12
472.5,3.51183,4353.39,-24942.6,-2882.01,1316.81,21.3751,-4959.68
472.6,3.51468,4369.81,-24523.6,-3146.99,1324.86,28.229,-4928.25
472.7,3.51419,4407.16,-25004.2,-3502.24,1324.69,23.6833,-4939.19
472.8,3.51374,4445.32,-25504.4,-3604.62,1316.21,10.0478,-4950.48
472.9,3.51401,4467.64,-25264.8,-3509.37,1300.43,-14.1094,-4926.35
473.0,3.51563,4487.35,-24782.9,-3558.27,1281.71,-36.8554,-4903.6
473.1,3.51654,4497.99,-24752.7,-3813.53,1265.16,-34.9181,-4933.04
473.2,3.51151,4506.54,-25074.0,-4161.13,1256.9,-12.4834,-4984.87
473.3,3.50265,4530.48,-24933.6,-4430.41,1256.25,3.6665,-4998.7
473.4,3.49479,4539.29,-24326.0,-4423.49,1262.23,3.64162,-4969.32
473.5,3.48905,4519.02,-23919.4,-4276.73,1273.41,-3.48913,-4948.8
473.6,3.48671,4483.82,-23843.8,-4279.71,1288.49,-10.8311,-4960.54
473.7,3.48546,4425.87,-23749.1,-4648.19,1301.86,-25.4025,-4955.26
473.8,3.48445,4373.72,-23220.3,-5206.67,1318.04,-30.2837,-4925.4
473.9,3.48675,4321.2,-23029.6,-5623.56,1326.03,-27.3985,-4902.89
474.0,3.49205,4263.36,-23508.1,-5534.27,1327.04,-25.6526,-4933.31
474.1,3.49986,4214.46,-24156.4,-4973.81,1330.82,-34.4472,-4982.95
474.2,3.50667,4175.43,-24497.8,-4255.39,1338.15,-41.6239,-4989.44
474.3,3.50867,4158.84,-24570.5,-3826.98,1348.39,-32.5397,-4969.96
474.4,3.50743,4175.04,-24970.8,-3774.82,1361.15,-4.9235,-4970.48
474.5,3.50675,4200.06,-25684.8,-3777.86,1373.26,16.1371,-4984.38
474.6,3.50751,4222.19,-25988.6,-3425.74,1379.54,12.4001,-4971.53
474.7,3.50895,4241.72,-25474.1,-2624.26,1385.44,-17.0181,-4933.46
474.8,3.50679,4256.42,-24868.0,-1727.85,1389.48,-54.0568,-4903.87
474.9,3.5001,4277.92,-24807.6,-1261.76,1392.45,-75.9433,-4910.82
475.0,3.49179,4295.38,-25229.7,-1382.74,1396.56,-68.7994,-4934.18
475.1,3.48551,4293.24,-25820.9,-1813.58,1395.69,-42.299,-4937.67
475.2,3.48266,4264.91,-26439.6,-2178.12,1390.85,-21.6987,-4930.79
475.3,3.48286,4215.7,-27447.1,-2225.63,1389.94,-13.0555,-4933.93
475.4,3.48296,4151.33,-28759.4,-1984.0,1392.51,-11.5142,-4947.39
475.5,3.48063,4085.39,-29857.3,-1868.46,1393.59,-21.4403,-4950.44
475.6,3.47882,4033.02,-30624.6,-2040.68,1384.41,-30.1243,-4934.73
475.7,3.48003,3973.82,-31122.9,-2425.78,1374.66,-37.0742,-4928.03
475.8,3.48647,3920.22,-31794.8,-2788.41,1380.2,-43.7433,-4938.1
475.9,3.49768,3865.79,-32366.3,-2914.81,1385.25,-54.494,-4955.97
476.0,3.50678,3815.87,-32328.0,-2866.58,1386.7,-66.3788,-4967.03
476.1,3.51069,3805.48,-31870.8,-3063.4,1385.95,-67.3857,-4956.96
476.2,3.51131,3834.22,-31685.7,-3823.56,1386.72,-50.3683,-4940.87
476.3,3.51067,3891.88,-31612.3,-5071.48,1390.44,-16.4905,-4954.39
476.4,3.51225,3972.65,-31260.7,-6333.99,1390.44,17.901,-4969.81
476.5,3.5154,4054.27,-30369.9,-6938.68,1385.52,32.5037,-4959.85
476.6,3.51389,4131.52,-29218.8,-6750.5,1376.24,13.8115,-4946.9
476.7,3.50699,4224.4,-28557.7,-6034.28,1368.63,-14.6499,-4958.8
476.8,3.4974,4308.33,-28348.4,-5289.55,1361.3,-33.3838,-4985.65
476.9,3.48949,4374.0,-28080.2,-4864.67,1354.05,-32.6053,-4990.76
477.0,3.48855,4410.03,-27356.5,-4684.71,1349.39,-18.2656,-4975.07
477.1,3.49171,4398.18,-26890.8,-4394.52,1341.1,-0.356875,-4951.21
477.2,3.49371,4363.65,-26802.7,-3903.11,1338.22,7.89638,-4955.1
477.3,3.49406,4326.7,-26707.5,-3340.33,1334.32,9.04813,-4969.64
477.4,3.49338,4284.12,-26261.1,-3044.72,1325.39,10.0982,-4958.17
477.5,3.4952,4253.73,-25544.6,-3217.3,1319.17,20.7646,-4940.84
477.6,3.50171,4227.01,-24955.0,-3629.59,1316.22,36.0962,-4954.54
477.7,3.50923,4202.11,-24678.8,-3808.75,1309.81,42.7874,-4980.78
477.8,3.51437,4201.78,-24206.4,-3486.1,1302.35,29.8878,-4988.49
477.9,3.51727,4224.78,-23368.0,-2684.34,1299.17,7.85687,-4970.21
478.0,3.51752,4261.38,-22693.7,-1846.18,1294.31,-9.54231,-4946.16
478.1,3.51681,4322.82,-22259.6,-1431.82,1288.0,-11.1849,-4946.48
478.2,3.51601,4393.04,-22135.3,-1549.46,1281.27,0.485625,-4944.43
478.3,3.51235,4462.74,-22089.2,-1965.59,1275.53,18.5123,-4928.21
478.4,3.50529,4532.24,-22386.0,-2340.45,1268.86,31.3089,-4917.71
478.5,3.4961,4583.68,-22965.1,-2350.55,1261.56,34.9888,-4943.18
478.6,3.48606,4605.8,-23595.2,-2130.17,1256.13,21.1693,-4976.86
478.7,3.47861,4602.74,-23760.4,-1901.19,1247.54,7.68113,-4989.84
478.8,3.47337,4551.14,-23533.5,-1934.49,1235.87,0.466375,-4987.84
478.9,3.46902,4471.97,-23277.0,-2287.84,1227.66,3.45175,-4989.87
479.0,3.46878,4371.6,-23172.3,-2718.83,1223.33,12.409,-4989.61
479.1,3.47291,4237.68,-22888.6,-2978.38,1221.72,12.1683,-4975.36
479.2,3.48028,4102.46,-22080.4,-3020.96,1219.95,7.564,-4955.27
479.3,3.48979,3980.18,-21148.1,-2876.21,1218.59,10.3197,-4938.16
479.4,3.49503,3877.86,-20497.4,-2838.43,1221.88,10.8022,-4939.71
479.5,3.49609,3835.88,-20193.2,-3026.34,1229.37,18.0535,-4958.84
479.6,3.49723,3826.62,-20148.7,-3190.68,1235.98,31.8657,-4973.33
479.7,3.49771,3827.59,-20363.7,-3067.5,1239.19,38.3268,-4973.79
479.8,3.4993,3848.64,-20913.2,-2644.31,1247.77,20.2615,-4976.33
479.9,3.49895,3862.16,-21619.5,-2028.95,1258.61,-7.9135,-4986.23
480.0,3.49254,3881.43,-21992.7,-1479.62,1267.14,-19.5968,-4990.15
480.1,3.48318,3910.36,-21790.0,-1224.2,1278.49,-18.8528,-4975.8
480.2,3.47526,3922.45,-21284.2,-1094.92,1297.79,-12.541,-4956.23
480.3,3.47066,3899.97,-21116.5,-815.531,1315.17,-3.033,-4946.03
480.4,3.46815,3844.87,-21168.3,-370.527,1325.44,-4.556,-4953.38
480.5,3.46537,3769.08,-20972.6,43.8098,1328.79,-16.116,-4957.05
480.6,3.46191,3680.82,-20422.9,155.587,1323.84,-25.2887,-4939.97
480.7,3.45993,3586.87,-20066.1,-115.202,1316.95,-23.6155,-4922.74
480.8,3.46358,3494.39,-20674.5,-470.287,1317.56,-15.0177,-4927.4
480.9,3.4737,3395.27,-22248.8,-499.797,1319.35,-16.0484,-4944.19
481.0,3.4852,3299.62,-24138.9,-105.835,1322.5,-35.148,-4950.54
481.1,3.49198,3231.09,-25738.9,393.543,1330.34,-59.563,-4946.34
481.2,3.49131,3200.47,-27176.8,461.679,1334.48,-71.1119,-4941.42
481.3,3.48727,3205.42,-28540.4,-233.393,1339.28,-63.7029,-4952.25
481.4,3.48622,3227.2,-29760.6,-1373.44,1346.61,-37.6741,-4966.63
481.5,3.48919,3241.59,-30568.3,-2272.45,1358.6,-10.555,-4968.35
481.6,3.49148,3248.57,-30895.0,-2451.35,1366.85,-6.32363,-4961.04
481.7,3.48799,3268.42,-30890.8,-2037.63,1373.67,-30.1881,-4957.91
481.8,3.47964,3303.98,-30681.9,-1606.1,1375.1,-55.0474,-4957.26
481.9,3.47254,3343.75,-30103.1,-1647.0,1377.23,-56.0989,-4956.14
482.0,3.4715,3366.77,-29411.8,-2251.14,1377.57,-43.6985,-4945.32
482.1,3.47641,3370.07,-28814.9,-2979.83,1375.27,-32.936,-4939.78
482.2,3.48285,3361.88,-28427.5,-3365.85,1371.39,-33.8459,-4947.34
482.3,3.4852,3358.17,-28121.5,-3397.26,1359.1,-43.1044,-4953.58
482.4,3.48574,3381.09,-28014.8,-3300.29,1350.85,-43.0547,-4947.8
482.5,3.4885,3412.43,-28199.3,-3361.92,1346.9,-30.786,-4946.71
482.6,3.49602,3449.49,-28695.7,-3630.29,1351.56,-11.0343,-4958.43
482.7,3.50532,3483.98,-29117.6,-3960.04,1354.35,-0.2105,-4968.29
482.8,3.50964,3525.38,-28964.1,-4106.54,1355.9,0.392188,-4966.49
482.9,3.50663,3582.92,-28286.4,-4049.2,1358.21,-8.92113,-4955.56
483.0,3.50033,3647.38,-27600.5,-3967.96,1359.51,-23.7631,-4949.55
483.1,3.49642,3698.08,-26870.6,-3985.56,1358.54,-27.1978,-4961.82
483.2,3.49637,3723.24,-25738.2,-4090.05,1351.68,-15.1474,-4971.75
483.3,3.49698,3734.16,-24453.0,-4106.16,1341.74,1.4135,-4951.56
483.4,3.49526,3747.36,-23462.0,-3711.59,1324.62,18.8827,-4930.08
483.5,3.49015,3759.68,-23085.7,-2947.15,1304.87,19.4653,-4935.37
483.6,3.48511,3782.81,-22664.3,-2065.36,1293.42,9.88562,-4956.87
483.7,3.48549,3798.75,-21869.7,-1301.77,1283.6,4.3335,-4947.0
483.8,3.48843,3795.21,-21064.0,-882.381,1274.88,-2.04175,-4922.14
483.9,3.4915,3801.13,-20999.9,-779.153,1273.32,-6.5405,-4929.47
484.0,3.49292,3807.05,-21826.2,-765.655,1278.19,-7.99075,-4960.93
484.1,3.49178,3816.63,-22571.2,-779.867,1276.32,-9.72875,-4977.03
484.2,3.49266,3833.16,-22792.1,-970.283,1263.03,-13.0355,-4959.2
484.3,3.49736,3832.53,-22809.4,-1416.9,1246.48,-7.8775,-4944.76
484.4,3.50098,3817.99,-23148.2,-2225.05,1229.44,7.50375,-4957.24
484.5,3.50072,3813.59,-23453.9,-3217.47,1208.96,29.626,-4979.01
484.6,3.49555,3809.49,-23065.2,-3817.51,1192.26,54.3122,-4981.64
484.7,3.48738,3800.6,-22235.8,-3757.9,1178.28,56.5812,-4962.31
484.8,3.48151,3783.15,-21726.0,-3177.93,1174.05,31.5855,-4954.36
484.9,3.47941,3737.07,-21720.0,-2498.98,1177.36,4.9895,-4974.22
485.0,3.47709,3672.64,-21509.4,-2174.58,1177.76,-0.795,-4990.9
485.1,3.47346,3614.51,-20597.6,-2266.57,1177.8,11.1772,-4976.8
485.2,3.47043,3557.65,-19393.5,-2366.6,1176.97,26.012,-4953.32
485.3,3.47031,3499.2,-19003.7,-2103.49,1176.11,31.4201,-4948.07
485.4,3.47427,3438.5,-19453.3,-1512.63,1174.13,23.2111,-4967.53
485.5,3.47933,3378.21,-19918.3,-936.463,1172.4,13.4394,-4980.55
485.6,3.48083,3328.96,-19856.7,-823.059,1172.07,10.9729,-4966.7
485.7,3.47887,3300.73,-19844.5,-1163.79,1176.18,24.3399,-4946.86
485.8,3.47605,3277.41,-20244.7,-1627.5,1184.27,34.9169,-4962.23
485.9,3.47714,3255.82,-20727.1,-1625.92,1197.22,39.5616,-4994.04
486.0,3.48285,3215.51,-20649.8,-976.333,1206.31,23.4459,-4993.17
486.1,3.48755,3168.58,-20051.1,41.4814,1210.16,-3.23806,-4962.17
486.2,3.4877,3135.33,-19738.3,878.716,1213.41,-19.7266,-4943.95
486.3,3.48223,3113.16,-20251.2,1088.57,1224.94,-20.9951,-4948.55
486.4,3.47476,3103.03,-21178.7,818.393,1233.16,-2.52422,-4951.78
486.5,3.47004,3080.83,-22093.9,541.144,1239.88,11.5844,-4937.97
486.6,3.46863,3039.09,-23222.7,708.918,1247.73,7.62952,-4927.34
486.7,3.46788,2982.63,-24863.3,1064.62,1257.66,-23.0848,-4942.08
486.8,3.46441,2922.97,-26514.2,1086.76,1268.13,-49.2578,-4974.95
486.9,3.45811,2865.85,-27655.9,287.613,1272.12,-49.8991,-4986.28
487.0,3.45453,2817.14,-28284.1,-1198.77,1281.47,-26.7968,-4974.2
487.1,3.45932,2758.88,-29100.3,-2620.72,1294.2,-0.138875,-4964.87
487.2,3.47055,2684.19,-30271.8,-3227.84,1305.39,9.21362,-4975.1
487.3,3.4812,2614.77,-31173.0,-2850.9,1315.83,-4.0955,-4983.79
487.4,3.48525,2571.68,-31423.8,-1995.08,1324.3,-28.9463,-4964.52
487.5,3.48247,2566.25,-31238.5,-1485.33,1326.49,-47.4243,-4939.61
487.6,3.48007,2598.18,-31455.6,-1746.53,1331.4,-43.2089,-4936.99
487.7,3.48428,2634.64,-31962.7,-2515.05,1337.83,-26.6269,-4961.43
487.8,3.49367,2667.64,-32091.5,-3100.5,1343.57,-16.3926,-4978.77
487.9,3.50236,2707.69,-31693.7,-3079.69,1343.72,-31.3615,-4967.69
488.0,3.50337,2766.48,-31165.1,-2675.44,1339.55,-60.9777,-4958.3
488.1,3.49769,2857.18,-30916.0,-2492.23,1337.11,-72.5368,-4971.16
488.2,3.49124,2959.47,-30692.6,-2934.37,1340.67,-53.0742,-4985.86
488.3,3.48825,3048.28,-29923.9,-3905.32,1341.66,-22.2892,-4975.0
488.4,3.48835,3113.87,-28977.9,-4874.56,1342.03,-1.55325,-4941.18
488.5,3.48751,3151.62,-28315.3,-5349.7,1341.52,-0.48625,-4926.44
488.6,3.48278,3173.54,-27856.9,-5377.78,1342.13,-20.6575,-4941.64
488.7,3.47819,3193.32,-27221.1,-5306.38,1342.88,-42.0825,-4947.14
488.8,3.47967,3195.72,-26273.1,-5325.17,1344.57,-42.5387,-4931.42
488.9,3.48745,3178.84,-25399.0,-5423.75,1344.62,-28.7057,-4927.1
489.0,3.49777,3163.8,-25059.3,-5313.26,1349.12,-15.3785,-4945.57
489.1,3.50444,3155.04,-24950.7,-4763.19,1350.61,-13.9742,-4961.6
489.2,3.50464,3173.13,-24652.0,-3944.92,1343.82,-20.932,-4949.82
489.3,3.50328,3220.45,-23880.6,-3320.21,1334.47,-29.079,-4933.89
489.4,3.50446,3269.22,-23088.5,-3217.07,1325.72,-30.6685,-4924.89
489.5,3.50752,3318.67,-22860.6,-3608.03,1312.59,-20.8477,-4915.63
489.6,3.51046,3377.8,-22815.9,-4040.5,1306.54,-7.70525,-4922.25
489.7,3.50912,3439.88,-22860.9,-4193.07,1303.69,-12.2494,-4931.73
489.8,3.50406,3514.2,-22684.3,-3967.8,1292.39,-22.6314,-4941.32
489.9,3.49763,3575.95,-22516.7,-3690.7,1275.27,-30.9827,-4946.8
490.0,3.49164,3622.08,-22391.3,-3679.69,1260.49,-20.871,-4959.12
490.1,3.48798,3647.9,-22254.6,-3951.8,1246.41,3.4045,-4970.86
490.2,3.48439,3641.01,-22091.3,-4258.87,1235.73,19.5588,-4965.52
490.3,3.4794,3618.84,-21793.2,-4331.16,1226.72,22.4357,-4951.58
490.4,3.47555,3581.06,-21540.4,-4052.21,1221.67,17.9629,-4941.0
490.5,3.4744,3520.87,-21508.0,-3654.78,1218.45,5.88644,-4935.65
490.6,3.47801,3457.58,-21526.5,-3401.23,1217.51,-0.964625,-4939.84
490.7,3.48509,3383.02,-21473.4,-3338.93,1214.83,3.14669,-4949.26
490.8,3.4902,3312.4,-21337.1,-3313.62,1203.5,17.0448,-4960.38
490.9,3.49284,3268.93,-21296.1,-3105.08,1188.66,31.4113,-4971.96
491.0,3.49437,3238.14,-21181.8,-2637.71,1177.96,30.829,-4990.05
491.1,3.49549,3216.57,-20850.8,-2091.53,1172.11,25.2391,-4999.06
491.2,3.49711,3203.88,-20319.2,-1648.12,1171.24,28.5616,-4987.6
491.3,3.49558,3193.78,-19833.4,-1339.11,1173.75,35.2246,-4968.8
491.4,3.48957,3201.42,-19796.2,-1152.69,1181.4,32.0973,-4956.57
491.5,3.48262,3213.59,-19867.8,-931.414,1188.22,21.6763,-4959.13
491.6,3.47623,3206.0,-19710.1,-626.755,1191.12,15.1154,-4958.35
491.7,3.47258,3180.86,-19722.7,-287.239,1193.5,19.1278,-4942.1
491.8,3.47042,3123.98,-20313.4,-65.9765,1190.01,18.1579,-4943.94
491.9,3.46639,3051.56,-21370.4,-54.2349,1185.39,18.7705,-4978.57
492.0,3.46216,2974.79,-22391.1,-218.533,1182.75,30.4438,-5002.21
492.1,3.45985,2884.86,-23110.5,-290.626,1186.57,45.4584,-4989.13
492.2,3.46089,2783.88,-23934.2,-126.248,1190.57,40.1867,-4968.9
492.3,3.46574,2681.57,-25355.1,253.673,1195.2,14.9733,-4970.98
492.4,3.47144,2581.38,-26996.1,581.874,1208.87,-10.4865,-4983.19
492.5,3.47519,2499.38,-27958.7,380.177,1221.72,-26.9045,-4978.04
492.6,3.47871,2449.04,-28040.1,-356.827,1232.85,-20.4552,-4960.52
492.7,3.48343,2409.72,-27985.5,-1162.44,1245.69,3.016,-4958.55
492.8,3.48791,2387.01,-28476.6,-1617.76,1258.66,18.1647,-4979.78
492.9,3.49123,2386.04,-29325.7,-1511.46,1270.32,17.8388,-5003.38
493.0,3.48972,2395.45,-29725.6,-1058.34,1280.47,6.26025,-5009.73
493.1,3.48186,2426.08,-29745.3,-805.986,1286.98,-4.107,-4991.23
493.2,3.47363,2468.95,-29870.7,-955.312,1291.03,-2.7655,-4975.78
493.3,3.46796,2484.72,-30320.3,-1384.7,1289.56,-4.542,-4978.96
493.4,3.46639,2489.35,-30822.8,-1866.23,1288.75,-17.9298,-4980.6
493.5,3.46976,2475.47,-30988.7,-2296.76,1288.99,-41.6625,-4967.28
493.6,3.47232,2441.06,-30820.1,-2952.14,1281.16,-63.572,-4955.87
493.7,3.47343,2426.14,-30527.7,-4258.49,1276.71,-64.644,-4965.32
493.8,3.47609,2419.58,-30358.5,-6215.43,1273.66,-37.3652,-4975.55
493.9,3.48131,2420.86,-29955.1,-8229.64,1266.66,12.2704,-4978.32
494.0,3.48916,2431.17,-29286.0,-9614.53,1261.07,45.7052,-4971.01
494.1,3.49562,2447.52,-28533.3,-10006.1,1259.31,38.2921,-4959.58
494.2,3.49712,2483.16,-27895.6,-9728.65,1260.37,3.94575,-4946.17
494.3,3.49546,2540.25,-27116.2,-9591.06,1261.61,-32.6068,-4937.38
494.4,3.49623,2607.43,-26181.1,-9852.32,1275.4,-37.1611,-4925.26
494.5,3.50087,2659.72,-25518.8,-10204.9,1289.85,-22.8169,-4905.98
494.6,3.5067,2708.78,-25273.0,-9968.32,1300.85,-14.3013,-4906.97
494.7,3.50972,2761.4,-25434.7,-8741.52,1303.42,-22.5384,-4925.37
494.8,3.50615,2821.03,-25273.6,-6958.34,1296.79,-41.8727,-4943.52
494.9,3.49841,2897.45,-24717.0,-5567.4,1289.48,-53.1268,-4938.37
495.0,3.49078,2967.11,-23948.2,-5145.23,1283.59,-39.105,-4932.16
495.1,3.48449,3016.82,-23214.0,-5604.95,1279.18,-12.3319,-4943.51
495.2,3.48173,3055.22,-22491.6,-6176.5,1278.94,5.34359,-4952.68
495.3,3.48232,3064.09,-21711.3,-6146.05,1276.18,-7.33419,-4939.04
495.4,3.48442,3053.56,-20812.9,-5461.28,1276.68,-42.0093,-4927.31
495.5,3.48808,3036.64,-20172.4,-4743.16,1277.59,-72.9723,-4927.27
495.6,3.49155,3012.58,-19704.9,-4581.67,1274.17,-70.1417,-4934.98
495.7,3.49404,2996.58,-19336.9,-5070.1,1268.38,-32.8592,-4935.88
495.8,3.49703,2993.2,-18852.1,-5666.33,1261.94,10.5301,-4938.85
495.9,3.50019,2989.83,-18536.6,-5754.95,1256.19,27.9859,-4940.25
496.0,3.50163,2988.82,-18575.7,-5219.15,1247.57,15.8897,-4939.95
496.1,3.50063,2996.16,-18575.8,-4399.04,1236.78,-3.42237,-4948.96
496.2,3.49617,3008.87,-18299.1,-3836.74,1231.7,-14.5736,-4954.67
496.3,3.49092,3034.44,-17976.6,-3647.63,1231.9,-8.96475,-4943.27
496.4,3.48746,3052.12,-17822.7,-3485.49,1237.65,2.8895,-4938.73
496.5,3.48589,3049.75,-18023.5,-2972.92,1236.43,5.52012,-4947.82
496.6,3.48441,3025.82,-18370.9,-2093.84,1225.14,-5.37525,-4953.26
496.7,3.48055,2987.33,-18513.5,-1215.55,1210.2,-15.0323,-4948.25
496.8,3.47435,2945.2,-18424.9,-811.669,1200.0,-8.53625,-4945.18
496.9,3.46953,2899.9,-18309.6,-932.095,1197.14,15.0573,-4954.23
497.0,3.46812,2842.71,-18211.2,-1132.53,1204.77,40.032,-4969.75
497.1,3.46983,2774.76,-18021.1,-977.482,1216.72,42.9753,-4976.46
497.2,3.47319,2702.61,-17798.2,-321.594,1230.47,26.6665,-4970.3
497.3,3.47635,2627.93,-17903.7,510.332,1237.79,4.5255,-4957.17
497.4,3.47806,2561.74,-18318.7,945.195,1243.17,-10.0293,-4953.73
497.5,3.48065,2506.06,-18988.2,674.695,1250.16,-8.236,-4950.26
497.6,3.48438,2450.94,-19857.2,-84.3781,1246.28,10.8345,-4938.88
497.7,3.48771,2406.59,-21098.6,-773.048,1237.29,36.2718,-4934.65
497.8,3.48946,2373.34,-22641.6,-932.858,1228.85,45.8348,-4955.23
497.9,3.48836,2352.52,-24188.9,-430.076,1224.67,38.277,-4983.59
498.0,3.48418,2343.46,-25432.0,324.575,1223.7,21.134,-4994.38
498.1,3.47819,2343.18,-26274.2,631.299,1227.49,2.26388,-4993.23
498.2,3.47263,2345.34,-26919.7,164.922,1237.59,-0.031625,-4993.53
498.3,3.4705,2339.69,-27163.8,-721.623,1252.92,18.1281,-5001.05
498.4,3.47123,2313.12,-27115.2,-1429.03,1259.73,29.2669,-4988.15
498.5,3.47304,2277.3,-26888.5,-1543.48,1258.78,18.1135,-4964.66
498.6,3.47475,2239.4,-26994.7,-1045.83,1254.89,2.90825,-4951.63
498.7,3.47415,2201.75,-27405.2,-553.235,1254.86,-7.835,-4961.86
498.8,3.47405,2186.35,-28046.0,-394.567,1256.41,6.42575,-4970.49
498.9,3.47485,2163.72,-28920.7,-536.177,1256.26,26.7839,-4966.93
499.0,3.47564,2148.79,-29882.4,-774.336,1256.71,29.6806,-4978.91
499.1,3.47983,2142.34,-30922.9,-978.814,1258.92,9.25269,-5000.49
499.2,3.4865,2124.84,-31475.7,-1204.59,1261.68,-16.746,-5013.65
499.3,3.49286,2117.54,-31196.4,-1912.2,1262.0,-38.6663,-5006.12
499.4,3.49873,2135.7,-30408.4,-3323.53,1254.44,-43.1912,-4985.02
499.5,3.50208,2169.26,-29431.7,-5156.01,1247.41,-23.4194,-4973.86
499.6,3.5019,2231.95,-28543.0,-7006.42,1249.21,3.58434,-4963.59
499.7,3.50109,2319.31,-27563.4,-8439.12,1252.76,19.0811,-4945.3
499.8,3.49827,2393.12,-26404.1,-9395.07,1247.59,15.7463,-4923.79
499.9,3.49254,2469.13,-25284.6,-10195.3,1242.18,8.26425,-4913.26
500.0,3.48765,2543.58,-24391.4,-10967.9,1238.7,12.1863,-4916.46
500.1,3.48425,2594.62,-23681.3,-11612.3,1238.74,14.3475,-4927.51
500.2,3.48514,2638.4,-23134.2,-11756.9,1243.42,10.9382,-4935.47
500.3,3.49143,2657.16,-22889.1,-11065.8,1245.46,-4.77887,-4937.28
500.4,3.49598,2652.79,-23094.9,-9855.32,1245.23,-37.2788,-4939.26
500.5,3.49783,2669.72,-23366.7,-8801.72,1242.28,-61.6286,-4948.91
500.6,3.49891,2689.2,-23371.5,-8309.73,1239.74,-56.1917,-4946.96
500.7,3.49965,2713.24,-23006.9,-8430.19,1240.83,-28.8715,-4928.43
500.8,3.50461,2752.35,-22477.4,-8735.78,1237.02,-4.78062,-4915.54
500.9,3.51191,2779.54,-21988.4,-8550.67,1236.36,5.0055,-4923.62
501.0,3.51535,2817.98,-21354.1,-7751.89,1235.21,-1.89525,-4935.45
501.1,3.51449,2883.55,-20314.4,-6769.52,1232.39,-23.148,-4937.27
501.2,3.51042,2951.8,-19046.4,-6159.97,1230.01,-41.8817,-4934.06
501.3,3.50613,3022.64,-17962.3,-6172.71,1230.22,-34.8527,-4938.65
501.4,3.50532,3078.48,-17389.6,-6547.18,1235.74,-14.4522,-4944.3
501.5,3.50531,3105.41,-16977.9,-6611.5,1247.43,0.857,-4946.88
501.6,3.50254,3120.23,-16826.8,-6006.33,1255.23,-3.7105,-4931.27
501.7,3.49582,3132.21,-16898.1,-4873.26,1259.32,-20.2885,-4918.89
501.8,3.48783,3139.72,-17214.3,-3703.5,1263.94,-28.4657,-4925.26
501.9,3.48325,3140.06,-17475.2,-2904.84,1267.25,-19.6472,-4940.51
502.0,3.48432,3120.06,-17852.1,-2447.34,1271.91,-3.15475,-4938.25
502.1,3.48802,3075.4,-18543.9,-1995.25,1276.56,6.88725,-4935.65
502.2,3.49059,3024.79,-19321.2,-1309.89,1274.32,1.94675,-4959.25
502.3,3.49221,2981.27,-19916.4,-373.442,1269.07,-10.3903,-4979.82
502.4,3.49407,2940.03,-20117.2,521.555,1263.55,-23.2056,-4969.34
502.5,3.49748,2908.53,-20090.4,1011.61,1258.66,-30.6192,-4952.43
502.6,3.50138,2884.61,-19993.4,1036.73,1262.6,-24.0989,-4960.3
502.7,3.50216,2869.55,-19700.4,811.275,1267.78,-8.47112,-4973.45
502.8,3.49909,2873.62,-19053.9,722.422,1275.07,6.2045,-4962.24
502.9,3.49411,2881.84,-18276.9,973.644,1280.03,7.55162,-4940.41
503.0,3.49033,2880.85,-17931.3,1414.72,1286.5,-2.1535,-4935.91
503.1,3.48879,2865.81,-18124.0,1597.76,1288.63,-11.8626,-4945.56
503.2,3.48819,2842.18,-18669.5,1326.98,1286.06,-3.78437,-4943.64
503.3,3.48506,2810.89,-19614.9,646.144,1282.76,10.2196,-4929.52
503.4,3.48034,2786.82,-21097.0,-50.4806,1277.64,19.6054,-4931.89
503.5,3.47858,2756.34,-22986.7,-246.923,1274.24,20.97,-4957.7
503.6,3.47992,2706.61,-24577.7,151.664,1273.99,7.3675,-4982.91
503.7,3.48352,2656.95,-25577.7,824.665,1267.77,-11.5397,-4979.87
503.8,3.48663,2608.89,-26318.4,1255.66,1271.12,-25.1352,-4966.07
503.9,3.48711,2577.92,-26977.3,1066.92,1281.48,-19.916,-4971.62
504.0,3.48881,2566.76,-27166.2,331.501,1290.92,0.498594,-4985.8
504.1,3.49441,2554.34,-26470.1,-381.918,1298.94,21.5302,-4975.66
504.2,3.50298,2545.23,-25339.3,-559.759,1299.77,29.2038,-4943.23
504.3,3.51048,2546.01,-24544.5,-128.95,1296.5,16.6821,-4934.5
504.4,3.51188,2565.73,-24562.3,645.094,1292.47,1.24363,-4952.42
504.5,3.50484,2608.34,-25100.5,1159.91,1281.61,-10.6687,-4961.56
504.6,3.49457,2671.51,-25722.7,1045.84,1267.61,-14.3766,-4953.39
504.7,3.48768,2719.8,-26666.1,295.818,1252.94,-12.2811,-4947.28
504.8,3.4869,2737.8,-28114.8,-873.488,1252.29,-11.8737,-4963.6
504.9,3.49013,2729.76,-29267.0,-2186.49,1252.39,-13.2804,-4994.95
505.0,3.49249,2707.99,-29639.8,-3356.32,1251.78,-8.613,-5000.16
505.1,3.49081,2694.34,-29255.6,-4469.98,1256.73,-5.84737,-4982.68
505.2,3.48944,2706.01,-28827.9,-5645.08,1268.11,0.31975,-4972.91
505.3,3.49211,2716.03,-28448.4,-6893.92,1281.42,13.8888,-4982.58
505.4,3.4975,2725.88,-27678.4,-8050.48,1289.04,31.4995,-4980.26
505.5,3.50338,2744.28,-26548.9,-8920.95,1292.98,32.0267,-4944.17
505.6,3.50692,2772.9,-25282.7,-9299.9,1290.56,16.1248,-4920.61
505.7,3.50835,2817.18,-24417.8,-9272.55,1281.55,-6.8765,-4928.88
505.8,3.51117,2879.14,-23932.5,-9122.24,1268.14,-27.2708,-4942.09
505.9,3.51761,2948.51,-23166.4,-9007.11,1258.86,-33.0785,-4948.88
506.0,3.52432,3018.26,-22537.8,-9010.98,1250.49,-26.9093,-4941.82
506.1,3.52614,3101.52,-22480.7,-9073.45,1242.61,-14.2653,-4946.27
506.2,3.52079,3192.94,-22851.8,-9096.57,1236.71,-2.384,-4969.75
506.3,3.51034,3281.64,-23329.3,-9144.36,1228.97,1.4835,-4971.51
506.4,3.50123,3357.0,-23432.4,-9279.29,1225.83,1.568,-4951.06
506.5,3.49761,3395.14,-23663.1,-9525.16,1224.88,-1.31725,-4930.13
506.6,3.49767,3403.19,-23965.1,-9833.17,1232.63,-7.23125,-4942.94
506.7,3.49863,3395.46,-24130.0,-10037.1,1241.47,-12.1831,-4959.07
506.8,3.49771,3378.63,-23661.3,-9942.83,1251.07,-13.7869,-4956.25
506.9,3.49652,3368.33,-22974.5,-9640.29,1262.48,-17.214,-4941.74
507.0,3.50011,3362.98,-22645.2,-9252.88,1270.59,-16.1464,-4943.85
507.1,3.50768,3343.5,-22695.0,-8901.03,1275.12,-6.18775,-4959.33
507.2,3.51437,3331.48,-22501.6,-8636.84,1277.18,10.0119,-4960.7
507.3,3.51747,3339.76,-21671.2,-8210.49,1273.03,25.8424,-4941.54
507.4,3.51502,3356.79,-20812.0,-7452.36,1261.18,22.1931,-4920.15
507.5,3.51089,3396.83,-20578.9,-6473.17,1253.37,-2.59588,-4919.61
507.6,3.51101,3435.93,-21067.8,-5492.55,1248.86,-28.3538,-4932.06
507.7,3.51312,3452.78,-21534.0,-4811.88,1246.18,-41.2589,-4943.82
507.8,3.51369,3472.37,-21744.1,-4560.17,1246.61,-36.3993,-4940.76
507.9,3.51018,3487.87,-22136.4,-4474.6,1248.86,-18.9224,-4933.79
508.0,3.50198,3498.62,-22862.7,-4196.45,1254.62,1.80323,-4951.27
508.1,3.49397,3506.73,-23664.9,-3549.18,1256.72,16.9382,-4975.78
508.2,3.48935,3487.09,-24032.0,-2614.97,1259.9,17.616,-4980.0
508.3,3.48487,3437.54,-23924.3,-1890.46,1263.82,1.02116,-4964.26
508.4,3.47969,3385.17,-23689.4,-1705.82,1267.02,-8.667,-4957.11
508.5,3.47488,3314.88,-23565.0,-1929.98,1273.89,-5.59688,-4965.65
508.6,3.47207,3234.75,-23500.0,-2257.44,1279.19,-5.53275,-4966.03
508.7,3.47795,3150.99,-23311.2,-2271.19,1280.89,-13.3161,-4952.87
508.8,3.4898,3039.97,-23149.9,-1904.94,1277.63,-22.7817,-4942.48
508.9,3.50072,2950.34,-23215.1,-1527.89,1274.63,-18.5858,-4945.79
509.0,3.50663,2898.35,-23287.3,-1617.82,1274.99,-4.978,-4955.91
509.1,3.50574,2881.15,-23400.7,-2097.6,1271.93,25.9321,-4951.34
509.2,3.50198,2901.23,-23748.9,-2566.03,1272.35,56.2641,-4941.61
509.3,3.50095,2933.91,-24493.8,-2505.95,1275.19,58.5788,-4948.06
509.4,3.5023,2955.54,-25645.9,-1740.7,1278.35,27.3396,-4957.43
509.5,3.50173,2972.07,-26623.6,-786.929,1281.63,-21.1343,-4959.53
509.6,3.49623,2993.8,-27092.4,-370.023,1282.92,-53.7443,-4953.54
509.7,3.48744,3017.0,-27437.5,-780.602,1287.09,-48.6893,-4943.69
509.8,3.481,3028.8,-27648.8,-1666.23,1288.04,-16.4245,-4954.5
509.9,3.48112,3012.05,-27416.5,-2245.87,1281.19,18.3725,-4977.54
510.0,3.48434,2959.8,-26554.1,-2077.9,1270.11,28.2185,-4980.93
510.1,3.48412,2900.97,-25529.6,-1396.36,1256.92,18.0422,-4959.66
510.2,3.47943,2853.19,-24842.3,-762.01,1248.19,9.436,-4953.41
510.3,3.47302,2808.87,-24757.1,-641.86,1240.06,7.468,-4964.45
510.4,3.47266,2768.52,-24869.8,-1022.88,1239.79,4.39,-4966.78
510.5,3.4816,2709.03,-24804.4,-1620.94,1241.23,-15.9175,-4952.46
510.6,3.49569,2647.18,-24694.6,-2086.98,1246.75,-36.4087,-4945.67
510.7,3.50818,2602.01,-24669.5,-2503.13,1250.7,-51.077,-4962.8
510.8,3.51391,2594.21,-24686.3,-3087.89,1250.83,-49.2705,-4982.98
510.9,3.51451,2637.2,-24492.4,-4036.84,1255.5,-27.0138,-4988.56
511.0,3.51428,2710.5,-24361.7,-5276.07,1259.59,11.6388,-4979.18
511.1,3.51411,2796.5,-24339.2,-6395.57,1260.72,51.476,-4981.6
511.2,3.51134,2887.8,-24390.9,-6905.23,1263.29,70.8932,-4985.04
511.3,3.50375,2976.16,-24184.3,-6675.17,1265.3,52.2396,-4972.91
511.4,3.4929,3055.59,-23756.6,-6048.42,1262.12,6.62862,-4948.63
511.5,3.48433,3112.83,-23515.4,-5618.33,1253.26,-36.925,-4935.06
511.6,3.48246,3138.69,-23630.8,-5703.54,1242.87,-50.6539,-4941.96
511.7,3.48742,3131.12,-23776.6,-6127.61,1235.02,-37.4712,-4957.05
511.8,3.4936,3099.23,-23592.9,-6525.75,1228.49,-21.1014,-4963.48
511.9,3.49657,3070.81,-23229.3,-6638.78,1226.27,-7.01769,-4959.75
512.0,3.49545,3051.26,-23098.4,-6658.1,1229.13,4.4625,-4959.24
512.1,3.49331,3044.65,-23242.3,-7024.05,1240.6,16.0818,-4966.12
512.2,3.49484,3045.67,-23386.0,-7886.18,1255.1,31.2689,-4963.81
512.3,3.50001,3041.98,-23073.8,-9006.72,1273.17,38.5032,-4951.77
512.4,3.50575,3043.3,-22538.1,-9940.12,1286.5,28.6187,-4933.72
512.5,3.5104,3053.73,-22376.7,-10283.5,1296.66,4.60403,-4923.57
512.6,3.51243,3070.17,-22293.9,-10172.4,1306.04,-29.3234,-4941.45
512.7,3.51396,3105.55,-22065.2,-10014.9,1304.55,-46.0221,-4954.01
512.8,3.51595,3145.33,-21702.5,-10111.8,1295.19,-32.6598,-4942.9
512.9,3.51439,3192.37,-21236.7,-10460.1,1287.38,2.82131,-4942.06
513.0,3.50878,3254.84,-20918.1,-10671.7,1276.72,41.1418,-4956.02
513.1,3.49928,3309.36,-20682.1,-10185.9,1265.45,62.5079,-4958.69
513.2,3.48832,3354.8,-20399.2,-8907.75,1261.12,53.2895,-4944.45
513.3,3.48212,3380.29,-20436.2,-7243.59,1258.38,16.3749,-4929.56
513.4,3.48125,3364.69,-20932.5,-5736.35,1259.15,-23.774,-4933.49
513.5,3.48276,3326.69,-21795.8,-4877.27,1263.08,-46.1859,-4942.48
513.6,3.4857,3277.37,-22545.6,-4526.79,1270.58,-42.1294,-4948.74
513.7,3.4885,3214.17,-22970.5,-4217.79,1278.19,-27.673,-4959.27
513.8,3.49208,3154.85,-23176.3,-3701.56,1283.2,-18.9685,-4975.64
513.9,3.49855,3097.0,-23218.9,-3067.09,1284.21,-12.093,-4990.57
514.0,3.5038,3036.84,-22959.6,-2689.69,1281.3,3.85075,-4994.07
514.1,3.50415,3007.24,-22330.3,-2802.74,1275.95,31.665,-4982.38
514.2,3.50054,3005.06,-21721.0,-3154.01,1276.65,52.5798,-4955.82
514.3,3.49537,3014.69,-21551.3,-3301.31,1283.97,48.3493,-4930.28
514.4,3.49379,3027.96,-21720.5,-3055.14,1294.14,19.2073,-4923.39
514.5,3.49634,3021.74,-22009.1,-2462.02,1301.66,-14.6882,-4924.57
514.6,3.49707,2997.94,-22034.0,-1965.35,1304.51,-39.4422,-4928.05
514.7,3.49389,2990.84,-22178.3,-1806.35,1303.56,-34.6852,-4929.55
514.8,3.48823,2983.8,-22549.1,-1767.53,1298.5,-2.36325,-4948.92
514.9,3.4818,2973.22,-23220.0,-1519.61,1297.0,30.9527,-4968.76
515.0,3.47906,2959.97,-23928.8,-867.972,1292.64,42.031,-4966.7
515.1,3.4792,2926.0,-24575.3,153.981,1287.04,33.5827,-4944.34
515.2,3.47795,2886.33,-25484.0,978.51,1288.81,9.988,-4920.77
515.3,3.47604,2854.46,-26374.9,1061.43,1290.67,-17.5047,-4922.12
515.4,3.47582,2814.74,-26793.7,488.654,1290.08,-27.184,-4933.22
515.5,3.48016,2768.78,-26508.7,-269.428,1283.41,-22.4099,-4936.41
515.6,3.49061,2720.98,-25820.5,-621.673,1273.53,-20.845,-4946.39
515.7,3.50214,2665.66,-24871.8,-317.818,1265.65,-28.9751,-4983.14
515.8,3.50707,2632.6,-23871.4,207.13,1257.94,-34.9075,-5007.63
515.9,3.50366,2639.07,-22900.2,277.33,1256.52,-22.3813,-4992.18
516.0,3.49549,2670.89,-22092.0,-348.723,1262.82,9.96237,-4964.23
516.1,3.48887,2711.54,-22066.4,-1351.83,1271.32,39.8826,-4941.65
516.2,3.48781,2738.74,-22520.1,-2186.07,1273.18,36.0724,-4935.67
516.3,3.49049,2745.35,-22928.5,-2500.82,1268.72,2.94519,-4933.17
516.4,3.49149,2742.23,-23293.5,-2476.02,1254.06,-34.3257,-4927.23
516.5,3.48887,2747.17,-23981.6,-2525.46,1239.11,-51.4179,-4945.87
516.6,3.4861,2763.16,-24876.0,-2929.21,1225.46,-43.9924,-4997.69
516.7,3.48719,2774.73,-25719.6,-3581.08,1211.92,-16.0061,-5031.42
516.8,3.49225,2778.64,-26018.5,-4100.96,1206.73,18.5327,-5029.59
516.9,3.49773,2784.32,-25596.6,-4200.44,1211.75,40.0272,-5016.42
517.0,3.50039,2801.31,-25019.0,-3899.64,1225.92,38.8963,-4992.38
517.1,3.49976,2830.66,-24423.7,-3476.04,1240.16,21.8405,-4959.58
517.2,3.49855,2873.94,-23981.2,-3307.37,1257.12,-0.381438,-4922.92
517.3,3.50097,2922.27,-23870.7,-3532.11,1268.69,-15.7325,-4899.61
517.4,3.50824,2963.48,-23991.9,-3785.94,1275.52,-14.7349,-4912.44
517.5,3.51553,2990.95,-24036.3,-3764.31,1271.31,-18.8835,-4948.2
517.6,3.51803,3025.95,-23789.8,-3439.56,1257.05,-31.7502,-4979.53
517.7,3.51499,3067.86,-23619.8,-3093.1,1245.11,-34.7059,-4993.33
517.8,3.50766,3119.14,-23720.9,-3243.99,1248.08,-20.531,-5006.93
517.9,3.50175,3179.44,-24021.5,-4086.06,1260.83,8.76388,-5010.11
518.0,3.49944,3221.77,-24360.1,-5204.13,1277.3,36.938,-4978.91
518.1,3.49762,3249.49,-24403.9,-5992.11,1298.25,45.7972,-4935.89
518.2,3.49589,3276.46,-24339.6,-6135.92,1316.05,25.6803,-4908.22
518.3,3.49324,3286.3,-24369.9,-5833.59,1322.76,-16.3552,-4902.52
518.4,3.49078,3289.89,-24180.6,-5681.32,1316.31,-49.0542,-4919.72
518.5,3.49272,3289.81,-23772.8,-6124.21,1300.28,-50.1425,-4943.05
518.6,3.49873,3273.39,-23358.4,-6950.06,1279.71,-17.982,-4966.75
518.7,3.50518,3256.42,-22941.0,-7622.41,1259.51,20.2087,-4994.62
518.8,3.51067,3256.08,-22813.0,-7526.92,1248.04,45.007,-5000.17
518.9,3.51292,3264.19,-22698.8,-6609.67,1255.7,43.711,-4985.21
519.0,3.51246,3294.26,-22563.6,-5457.11,1271.33,24.055,-4957.57
519.1,3.51201,3340.96,-22736.7,-4619.01,1293.62,8.5885,-4922.94
519.2,3.51079,3384.3,-23226.4,-4311.13,1316.77,5.41625,-4906.06
519.3,3.50997,3435.75,-23685.2,-4148.25,1330.94,11.2305,-4917.89
519.4,3.50966,3470.41,-23978.6,-3642.41,1330.07,2.5435,-4935.13
519.5,3.50799,3490.89,-24093.6,-2676.97,1317.84,-18.475,-4955.33
519.6,3.50546,3507.43,-24097.9,-1754.91,1306.77,-35.3219,-4987.82
519.7,3.50168,3513.76,-24003.1,-1490.37,1295.5,-26.2239,-5013.71
519.8,3.49732,3520.47,-23723.1,-1875.75,1289.17,21.5457,-5008.94
519.9,3.49289,3515.81,-23470.2,-2426.98,1285.71,67.642,-4971.9
520.0,3.48986,3505.2,-23480.5,-2481.6,1291.24,79.1911,-4933.15
520.1,3.49016,3476.2,-23791.0,-1824.77,1300.5,54.2706,-4907.14
520.2,3.49214,3426.36,-23989.1,-860.073,1306.6,14.8921,-4893.35
520.3,3.49398,3378.09,-23962.5,-290.319,1312.85,-15.4841,-4887.72
520.4,3.49617,3337.83,-24282.7,-339.645,1317.53,-18.4306,-4896.53
520.5,3.49787,3297.88,-24954.2,-673.588,1317.58,-1.67587,-4941.11
520.6,3.50121,3271.98,-25714.4,-716.871,1320.39,16.212,-4989.07
520.7,3.50619,3242.58,-26091.2,-106.537,1319.21,21.7839,-4999.13
520.8,3.50822,3211.11,-26113.9,869.478,1316.95,12.3218,-4974.9
520.9,3.5047,3203.59,-26065.1,1396.65,1320.05,-2.11097,-4951.5
521.0,3.49834,3214.61,-26169.1,1047.94,1324.11,1.0098,-4932.58
521.1,3.49126,3223.9,-26170.7,7.46372,1327.94,17.0374,-4909.8
521.2,3.48828,3234.18,-25674.9,-974.294,1328.31,25.3438,-4900.46
521.3,3.4907,3220.78,-24752.7,-1119.98,1317.24,7.8005,-4916.01
521.4,3.49271,3184.8,-23725.8,-450.865,1290.86,-31.5489,-4946.43
521.5,3.49116,3158.57,-22928.1,247.014,1262.22,-64.4606,-4973.81
521.6,3.48657,3139.04,-22453.8,273.315,1240.35,-56.0434,-4993.77
521.7,3.48187,3124.44,-22306.6,-499.768,1233.59,-9.73175,-5002.08
521.8,3.48228,3109.93,-22810.0,-1552.71,1239.94,35.5475,-4982.99
521.9,3.48826,3077.9,-23345.8,-2084.52,1257.39,49.5508,-4966.4
522.0,3.49476,3034.64,-23911.1,-1898.97,1275.52,25.7949,-4945.04
522.1,3.49754,3006.78,-24411.7,-1514.41,1281.11,-17.1431,-4924.43
522.2,3.49636,2997.35,-24893.7,-1623.99,1281.26,-48.3551,-4929.39
522.3,3.49533,3009.72,-25390.7,-2443.34,1276.57,-44.6087,-4961.11
522.4,3.49955,3027.99,-25846.1,-3584.98,1261.96,-18.6787,-4992.16
522.5,3.50868,3038.54,-26129.5,-4205.88,1246.37,9.477,-5011.83
522.6,3.51636,3046.52,-25993.1,-3897.01,1234.31,16.3307,-5026.9
522.7,3.51624,3077.21,-25427.6,-3067.61,1221.35,1.19775,-5022.88
522.8,3.50958,3140.18,-24512.1,-2449.17,1221.35,-7.8195,-4989.74
522.9,3.50096,3212.07,-23842.0,-2507.24,1227.93,5.467,-4939.07
523.0,3.4964,3282.43,-23703.4,-2991.41,1241.05,25.5035,-4911.54
523.1,3.49742,3329.01,-24374.8,-3166.28,1252.84,24.2952,-4907.38
523.2,3.49962,3349.58,-25181.6,-2551.66,1254.87,-7.232,-4922.92
523.3,3.49897,3361.04,-25581.5,-1478.34,1247.89,-53.3345,-4951.11
523.4,3.49643,3367.58,-25663.0,-673.87,1240.5,-77.7842,-4984.46
523.5,3.49503,3367.2,-25776.1,-718.556,1237.41,-64.2217,-5014.33
523.6,3.4977,3364.73,-26245.3,-1550.34,1243.29,-23.4433,-5028.38
523.7,3.50391,3354.53,-26716.2,-2576.84,1257.06,14.7778,-5025.11
523.8,3.50887,3341.47,-26801.2,-3277.53,1272.28,26.5583,-4996.98
523.9,3.50959,3342.92,-26210.9,-3633.83,1281.92,11.0913,-4953.3
524.0,3.5072,3358.43,-25138.4,-3905.87,1287.71,-7.909,-4917.32
524.1,3.50446,3380.94,-24227.7,-4391.31,1288.23,-18.2027,-4903.58
524.2,3.5049,3412.69,-23669.6,-4981.64,1285.21,-15.2692,-4922.73
524.3,3.50837,3436.84,-23391.3,-5322.94,1278.48,-14.0845,-4955.88
524.4,3.50955,3456.21,-23328.7,-5435.25,1262.51,-28.5466,-4977.87
524.5,3.50811,3490.22,-23334.1,-5509.46,1251.75,-32.3759,-4994.36
524.6,3.50523,3516.62,-23674.8,-5756.06,1254.64,-12.5514,-5003.06
524.7,3.5023,3546.21,-24131.3,-6134.07,1269.58,22.1935,-5003.91
524.8,3.50304,3579.69,-24736.8,-6255.48,1289.2,46.6274,-4983.22
524.9,3.50329,3595.48,-25382.2,-5812.6,1309.18,41.365,-4954.18
525.0,3.4996,3618.48,-25852.0,-5178.99,1319.72,7.22672,-4939.91
525.1,3.4954,3647.06,-25854.6,-4769.37,1321.05,-20.5626,-4941.41
525.2,3.49234,3648.96,-25530.6,-4931.32,1317.88,-29.3869,-4941.42
525.3,3.49403,3645.56,-24914.0,-5520.57,1313.39,-16.1143,-4954.42
525.4,3.50224,3620.47,-24401.2,-5929.1,1301.47,5.86878,-4977.51
525.5,3.50954,3579.97,-24026.6,-5662.95,1293.47,23.4982,-4994.08
525.6,3.51247,3565.71,-23811.0,-4848.59,1296.46,30.3702,-4984.52
525.7,3.51072,3565.25,-23622.7,-3894.09,1300.55,32.9393,-4959.26
525.8,3.50434,3573.02,-23569.7,-3285.24,1304.33,40.3689,-4932.0
525.9,3.49851,3592.08,-23683.5,-3222.6,1305.13,44.8737,-4909.77
526.0,3.49656,3595.31,-23710.7,-3259.97,1303.04,42.8176,-4901.91
526.1,3.49578,3572.32,-23763.4,-3005.27,1298.29,23.0147,-4902.37
526.2,3.49503,3544.77,-24056.6,-2343.0,1296.07,-7.03737,-4915.65
526.3,3.49371,3508.58,-24470.0,-1458.28,1292.12,-28.2476,-4946.94
526.4,3.49044,3469.67,-24751.2,-868.432,1293.24,-31.2441,-4974.68
526.5,3.48847,3441.48,-24795.1,-887.823,1298.72,-11.6497,-4973.57
526.6,3.48875,3402.14,-24718.6,-1306.11,1306.98,22.3258,-4955.7
526.7,3.48776,3352.99,-24739.1,-1967.08,1317.31,38.5062,-4941.25
526.8,3.48593,3314.9,-24683.6,-2687.38,1324.14,32.5895,-4933.69
526.9,3.48386,3267.57,-24231.4,-3303.96,1331.66,19.8525,-4924.52
527.0,3.48218,3223.42,-23258.9,-3814.98,1326.21,9.428,-4919.61
527.1,3.48524,3186.15,-22350.6,-4177.01,1311.91,-3.4635,-4926.07
527.2,3.49062,3135.87,-21928.5,-4291.04,1291.47,-18.3547,-4946.67
527.3,3.494,3097.97,-21778.5,-4296.15,1267.49,-24.0618,-4973.52
527.4,3.49583,3081.28,-21543.0,-4219.89,1255.84,-7.6015,-4987.88
527.5,3.49547,3064.52,-21498.5,-3930.83,1260.06,22.4947,-4974.36
527.6,3.49268,3054.95,-21921.9,-3568.95,1273.03,31.6955,-4960.34
527.7,3.49002,3053.31,-22587.2,-3213.57,1291.49,22.739,-4967.07
527.8,3.48583,3037.01,-23134.6,-3061.62,1303.84,9.63325,-4963.53
527.9,3.47885,3023.48,-23233.0,-3501.55,1307.72,-9.00525,-4943.87
528.0,3.47538,3017.88,-23143.1,-4361.26,1303.77,-15.8687,-4936.22
528.1,3.47676,2982.01,-23281.6,-5241.47,1296.85,-15.6515,-4957.67
528.2,3.4814,2941.35,-23599.3,-5864.94,1283.08,-13.2321,-4986.1
528.3,3.48945,2905.78,-23413.2,-6036.15,1270.07,-6.42613,-5003.44
528.4,3.49488,2868.62,-22783.1,-5763.28,1259.57,11.1613,-4995.01
528.5,3.4954,2868.43,-22285.4,-5481.98,1256.2,25.2826,-4973.7
528.6,3.49497,2894.8,-22145.4,-5328.08,1255.35,35.7535,-4961.85
528.7,3.49483,2920.67,-22604.8,-5021.38,1258.09,49.8814,-4944.22
528.8,3.49609,2955.03,-23156.2,-4394.94,1262.23,41.5675,-4929.33
528.9,3.50026,2989.83,-23529.4,-3230.59,1262.4,5.50806,-4928.68
529.0,3.50322,3013.95,-23845.9,-1684.78,1261.67,-41.4944,-4941.86
529.1,3.50277,3050.61,-24102.2,-363.102,1256.36,-74.9885,-4967.34
529.2,3.50173,3096.49,-24264.2,355.093,1255.08,-74.2362,-4996.78
529.3,3.50047,3131.51,-24511.6,517.698,1257.76,-41.8347,-5011.41
529.4,3.49959,3163.0,-24785.8,333.497,1263.16,-5.0178,-5009.58
529.5,3.49968,3184.43,-24753.5,91.6833,1270.72,15.0892,-5001.41
529.6,3.49638,3188.49,-24189.1,-312.08,1275.92,9.90319,-4979.18
529.7,3.48971,3201.95,-23324.1,-1168.77,1274.87,-2.35172,-4939.85
529.8,3.48485,3216.43,-22466.1,-2360.9,1271.91,-3.12162,-4917.15
529.9,3.48424,3216.82,-21999.1,-3390.54,1276.93,0.952062,-4927.54
530.0,3.48972,3209.86,-21937.0,-3839.35,1279.83,-13.7528,-4951.46
530.1,3.49841,3189.73,-22064.8,-3692.92,1270.48,-45.2174,-4969.45
530.2,3.50434,3177.21,-22148.4,-3505.97,1263.34,-62.6371,-4985.81
530.3,3.5072,3196.08,-22452.6,-3899.23,1271.3,-43.8085,-4995.2
530.4,3.50909,3228.43,-22980.5,-4798.58,1281.88,2.49437,-4996.48
530.5,3.50955,3268.89,-23660.6,-5735.81,1287.55,37.9574,-4986.72
530.6,3.5101,3325.64,-24174.6,-6157.91,1290.29,44.394,-4972.33
530.7,3.50951,3379.85,-24291.0,-5960.16,1288.37,21.4225,-4957.12
530.8,3.50509,3433.02,-24010.0,-5648.01,1286.82,-14.3651,-4947.55
530.9,3.49932,3485.49,-23563.6,-5730.12,1280.28,-38.6217,-4947.08
531.0,3.49439,3518.49,-23054.1,-6166.36,1272.59,-31.8365,-4958.84
531.1,3.4929,3534.77,-22577.5,-6671.47,1266.76,-12.2332,-4970.91
531.2,3.49737,3536.43,-22220.6,-6638.84,1263.26,11.344,-4971.31
531.3,3.50302,3508.99,-21879.2,-5792.62,1263.76,25.513,-4968.23
531.4,3.50322,3488.96,-21457.3,-4513.7,1272.71,26.3385,-4964.13
531.5,3.49869,3493.46,-21032.8,-3332.76,1282.75,27.011,-4948.91
531.6,3.49149,3497.47,-20609.4,-2518.68,1289.75,31.6012,-4933.85
531.7,3.48612,3508.24,-20461.4,-2114.71,1298.4,27.5168,-4925.77
531.8,3.48841,3505.67,-20786.9,-1844.83,1309.75,6.75025,-4924.76
531.9,3.49453,3464.81,-21441.9,-1550.34,1314.53,-23.7593,-4929.96
532.0,3.49967,3421.32,-22265.5,-1455.12,1316.85,-46.0283,-4936.36
532.1,3.50349,3386.31,-22862.5,-1779.54,1315.58,-45.1227,-4946.68
532.2,3.50426,3357.86,-23267.8,-2530.94,1312.19,-18.0387,-4950.3
532.3,3.50439,3354.04,-23252.2,-3518.15,1307.63,19.0788,-4955.16
532.4,3.50491,3356.83,-22778.7,-4360.62,1307.53,43.6908,-4960.25
532.5,3.50242,3357.84,-21746.2,-4858.46,1309.07,46.0682,-4960.54
532.6,3.49572,3367.05,-20466.8,-5073.58,1304.61,31.9293,-4945.71
532.7,3.48642,3371.66,-19365.2,-5126.34,1302.22,10.768,-4928.88
532.8,3.47819,3364.84,-18572.8,-5170.81,1304.16,-12.5355,-4928.74
532.9,3.4763,3341.12,-18055.0,-5341.9,1309.09,-35.6702,-4933.48
533.0,3.48137,3291.41,-17640.2,-5499.68,1308.25,-39.034,-4932.41
533.1,3.48848,3225.68,-17279.6,-5499.87,1304.02,-21.0168,-4936.59
533.2,3.4929,3167.95,-17689.1,-5160.56,1305.65,6.23456,-4940.64
533.3,3.4916,3117.84,-18514.9,-4593.76,1307.79,16.2554,-4963.88
533.4,3.48662,3093.18,-19264.7,-4045.37,1314.95,18.8623,-4988.1
533.5,3.48427,3077.81,-19725.9,-3751.1,1321.58,25.9489,-4983.77
533.6,3.48547,3054.26,-20212.4,-3647.22,1318.14,34.9505,-4966.49
533.7,3.48907,3031.58,-20869.9,-3432.78,1312.27,30.5859,-4971.86
533.8,3.49278,3009.6,-21467.9,-2840.11,1302.49,4.82646,-4984.65
533.9,3.4951,2997.04,-21417.6,-1935.45,1289.2,-26.0559,-4978.59
534.0,3.49823,3002.8,-20897.3,-1080.05,1279.57,-39.5881,-4953.21
534.1,3.50263,3014.49,-20381.1,-645.5,1276.69,-31.971,-4947.94
534.2,3.50522,3035.67,-20182.0,-777.963,1280.63,-6.89894,-4964.65
534.3,3.50387,3071.77,-20332.1,-1207.25,1289.92,29.5281,-4965.2
534.4,3.49719,3112.96,-20340.8,-1572.92,1302.85,54.5691,-4954.43
534.5,3.48793,3158.53,-20369.0,-1723.71,1308.85,52.1095,-4947.23
534.6,3.48294,3193.52,-20652.9,-1551.47,1313.88,31.7876,-4950.92
534.7,3.48345,3198.98,-21071.6,-1165.29,1313.0,5.21275,-4959.55
534.8,3.48829,3191.98,-21369.7,-801.265,1305.1,-21.5899,-4962.71
534.9,3.49435,3178.13,-21383.2,-494.122,1296.46,-39.7129,-4963.16
535.0,3.49757,3163.05,-21532.0,-156.948,1289.72,-38.9294,-4959.5
535.1,3.49892,3164.17,-22100.6,202.116,1287.77,-28.5506,-4961.39
535.2,3.50142,3172.67,-22941.6,575.234,1288.22,-15.9318,-4967.98
535.3,3.50429,3176.63,-23292.9,817.286,1288.78,-4.26675,-4976.03
535.4,3.505,3189.08,-23292.6,593.63,1281.34,-1.25575,-4958.87
535.5,3.50261,3219.61,-22982.9,-125.563,1283.26,2.7065,-4948.83
535.6,3.49941,3257.94,-22989.5,-973.561,1284.46,12.047,-4955.46
535.7,3.49823,3296.09,-23009.4,-1542.78,1280.68,4.67375,-4975.56
535.8,3.5014,3326.5,-22698.3,-1675.65,1277.18,-26.8485,-4984.36
535.9,3.50571,3338.14,-22197.7,-1628.79,1269.79,-60.9543,-4971.83
536.0,3.50533,3350.77,-21832.4,-1903.84,1261.22,-67.1155,-4967.81
536.1,3.50082,3378.28,-21832.1,-2778.54,1260.36,-43.102,-4980.47
536.2,3.49534,3402.55,-21927.7,-3976.44,1261.54,-3.9145,-4986.14
536.3,3.49241,3414.44,-21947.3,-5023.29,1263.56,25.385,-4967.6
536.4,3.49268,3414.52,-21976.0,-5578.85,1260.97,31.639,-4947.8
536.5,3.49316,3405.62,-22190.6,-5762.02,1256.86,14.2732,-4948.69
536.6,3.4922,3405.42,-22706.4,-5928.59,1256.66,-8.3225,-4956.26
536.7,3.4921,3407.14,-23397.8,-6325.69,1260.69,-22.9753,-4955.45
536.8,3.49553,3403.51,-24019.5,-6798.93,1261.84,-24.1419,-4962.7
536.9,3.50364,3394.36,-24369.7,-7080.13,1262.1,-23.9846,-4983.91
537.0,3.51373,3388.08,-24136.1,-6841.13,1262.28,-18.7246,-4999.92
537.1,3.51946,3392.24,-23361.3,-6095.85,1261.48,-10.1811,-4989.23
537.2,3.51732,3428.15,-22322.0,-5102.1,1268.23,0.98925,-4969.65
537.3,3.50976,3489.01,-21474.9,-4193.89,1278.67,10.6285,-4957.12
537.4,3.50177,3557.95,-20749.1,-3518.89,1287.77,18.1975,-4950.35
537.5,3.49841,3616.33,-20021.3,-2968.67,1296.84,21.3744,-4932.89
537.6,3.49884,3635.4,-19585.7,-2414.81,1299.86,3.57169,-4907.68
537.7,3.49741,3629.36,-19594.8,-1923.81,1296.88,-33.1604,-4910.31
537.8,3.4927,3618.53,-20210.9,-1781.82,1291.48,-64.8979,-4934.95
537.9,3.48756,3596.53,-20803.7,-2331.89,1282.77,-72.6244,-4960.42
538.0,3.48673,3565.86,-21158.7,-3651.13,1273.36,-51.2639,-4965.5
538.1,3.49206,3517.24,-21385.8,-5391.42,1268.48,-13.3409,-4963.83
538.2,3.49886,3459.6,-21613.3,-7014.7,1275.24,20.7446,-4971.41
538.3,3.50192,3420.38,-21623.2,-8104.6,1286.72,40.3348,-4973.0
538.4,3.5004,3409.31,-20885.1,-8498.24,1297.51,41.5451,-4957.9
538.5,3.49753,3421.88,-19875.4,-8337.77,1312.73,26.4574,-4926.04
538.6,3.49859,3446.92,-19267.2,-7950.47,1325.37,-0.342875,-4909.84
538.7,3.50396,3462.04,-19194.3,-7623.06,1329.94,-28.6374,-4929.31
538.8,3.50893,3470.8,-19072.5,-7491.83,1329.34,-43.56,-4958.22
538.9,3.51025,3486.14,-18681.3,-7374.94,1320.78,-33.6009,-4959.23
539.0,3.50744,3500.64,-18419.6,-6965.2,1313.21,-13.622,-4952.59
539.1,3.50243,3520.66,-18619.6,-6179.1,1311.83,-2.061,-4974.47
539.2,3.49978,3541.95,-19064.3,-5155.57,1311.33,6.26662,-4998.45
539.3,3.4977,3546.93,-19477.3,-4205.07,1305.4,18.4361,-4979.87
539.4,3.49292,3551.04,-19564.6,-3641.15,1304.27,28.1194,-4951.44
539.5,3.4873,3559.04,-19915.6,-3283.86,1305.2,33.3905,-4941.57
539.6,3.48292,3546.45,-20685.0,-2819.64,1310.89,21.68,-4951.08
539.7,3.48348,3523.96,-21171.4,-2218.08,1315.57,-9.622,-4967.35
539.8,3.49099,3483.45,-21117.0,-1643.04,1315.79,-38.0607,-4969.32
539.9,3.49897,3425.63,-21101.0,-1393.75,1322.64,-41.4345,-4962.75
540.0,3.50302,3395.66,-21427.7,-1584.49,1325.7,-13.497,-4974.02
540.1,3.50397,3393.31,-21907.3,-1970.02,1328.63,22.7437,-4991.4
540.2,3.50392,3406.05,-22033.9,-2128.94,1334.46,50.6698,-4981.3
540.3,3.50682,3432.97,-21894.5,-1868.58,1343.49,59.1175,-4943.08
540.4,3.51121,3455.47,-22049.2,-1235.49,1350.56,46.268,-4918.46
540.5,3.51129,3481.51,-22645.0,-571.373,1354.63,17.9772,-4928.72
540.6,3.50588,3530.11,-23023.7,-231.617,1354.44,-14.0435,-4946.21
540.7,3.49837,3576.25,-22679.2,-274.838,1342.24,-34.2425,-4944.26
540.8,3.49438,3610.46,-22458.6,-511.692,1333.07,-37.7912,-4931.14
540.9,3.49707,3617.05,-23028.8,-751.412,1325.62,-35.6278,-4947.18
541.0,3.50164,3592.52,-24091.2,-858.015,1315.66,-28.1486,-4982.28
541.1,3.4999,3563.21,-24698.2,-1016.69,1306.91,-15.9114,-4986.29
541.2,3.49095,3558.01,-24563.0,-1427.46,1304.83,2.7505,-4951.17
541.3,3.48098,3560.88,-24364.7,-2108.81,1315.31,18.9689,-4926.89
541.4,3.47676,3549.69,-24669.3,-3014.74,1327.4,18.099,-4940.49
541.5,3.48207,3514.82,-24897.7,-3880.28,1339.54,5.786,-4965.9
541.6,3.49149,3448.33,-24499.9,-4548.56,1342.45,-16.0285,-4960.32
541.7,3.49747,3389.28,-23687.3,-5169.25,1338.63,-43.0793,-4945.7
541.8,3.50092,3361.45,-23161.3,-5822.81,1330.44,-53.1921,-4960.48
541.9,3.50481,3353.15,-22866.1,-6384.93,1320.23,-34.5298,-4996.54
542.0,3.51112,3363.68,-22523.0,-6743.96,1302.98,-7.28406,-4997.82
542.1,3.51839,3394.28,-22033.4,-6822.61,1292.03,3.99863,-4966.46
542.2,3.519,3435.81,-21982.1,-6808.26,1284.93,1.98256,-4945.32
542.3,3.51012,3504.88,-22464.4,-7085.78,1285.24,-1.74704,-4955.4
542.4,3.49729,3587.62,-23067.9,-7751.58,1284.2,1.018,-4962.09
542.5,3.49004,3652.28,-23413.0,-8337.68,1281.32,9.66278,-4949.97
542.6,3.49152,3675.88,-23660.3,-8414.85,1280.41,-0.00703125,-4949.34
542.7,3.49792,3670.01,-23963.3,-7793.57,1281.15,-23.6368,-4981.24
542.8,3.50055,3642.97,-24037.8,-6728.29,1282.93,-41.1508,-5013.78
542.9,3.49425,3624.42,-23310.3,-5935.98,1283.17,-46.9425,-5016.83
543.0,3.48594,3626.71,-21906.0,-5744.13,1284.45,-28.6195,-4993.36
543.1,3.48378,3609.63,-20579.2,-5900.23,1289.09,4.74762,-4969.0
543.2,3.48896,3570.36,-19606.3,-6004.05,1299.82,23.0793,-4958.59
543.3,3.49875,3528.62,-18683.1,-5682.14,1312.86,15.0921,-4947.23
543.4,3.50431,3481.63,-17744.1,-5040.66,1316.4,-15.5825,-4919.41
543.5,3.50149,3470.92,-17086.6,-4739.9,1306.6,-49.5892,-4901.66
543.6,3.49897,3498.54,-16876.2,-5192.03,1289.23,-60.149,-4923.09
543.7,3.50252,3513.72,-17136.2,-6291.61,1272.03,-46.9374,-4954.15
543.8,3.51147,3526.2,-17286.8,-7635.54,1255.42,-28.8123,-4972.75
543.9,3.52073,3538.98,-17277.2,-8670.26,1241.91,-18.1535,-4977.28
544.0,3.5202,3556.05,-17649.6,-9112.54,1237.4,-10.5513,-4973.12
544.1,3.50892,3610.84,-18383.4,-9201.25,1248.27,-5.50075,-4975.97
544.2,3.49635,3686.14,-18911.5,-9202.56,1267.47,-1.577,-4976.02
544.3,3.48986,3738.81,-19241.2,-9221.16,1288.19,2.64925,-4946.14
544.4,3.49046,3763.17,-19679.0,-9251.94,1298.37,2.7285,-4914.76
544.5,3.49416,3764.08,-20102.1,-9009.39,1306.42,-1.48925,-4935.01
544.6,3.4951,3748.34,-20321.8,-8206.88,1314.78,-6.6535,-4975.06
544.7,3.49327,3733.06,-20106.2,-6903.16,1315.72,-18.4307,-4988.91
544.8,3.49288,3715.81,-19444.5,-5387.09,1310.57,-31.0972,-4996.42
544.9,3.49684,3693.62,-18973.2,-3960.63,1312.79,-24.9823,-5012.16
545.0,3.50227,3667.11,-18760.7,-3016.45,1316.18,-11.883,-5020.58
545.1,3.50588,3655.04,-18435.2,-2594.5,1319.41,3.11875,-4999.88
545.2,3.50599,3653.33,-17923.0,-2455.2,1328.29,15.093,-4958.39
545.3,3.50437,3663.14,-17696.4,-2442.29,1341.99,14.5688,-4926.75
545.4,3.50622,3685.31,-17885.2,-2537.58,1352.85,-1.06775,-4927.17
545.5,3.51161,3700.06,-18164.8,-2773.1,1357.45,-14.8036,-4945.47
545.6,3.51507,3718.44,-18417.9,-3105.05,1355.83,-5.966,-4955.29
545.7,3.51233,3752.74,-18804.3,-3407.67,1351.18,13.562,-4967.13
545.8,3.50399,3797.09,-19693.9,-3461.2,1350.44,28.3239,-4990.09
545.9,3.4955,3832.99,-20972.8,-3203.77,1356.44,32.5083,-5005.67
546.0,3.491,3843.9,-21894.8,-2882.94,1366.89,26.0204,-4996.06
546.1,3.4912,3830.46,-22166.8,-2537.62,1378.34,29.3114,-4960.78
546.2,3.49099,3796.6,-22203.7,-2148.51,1388.84,28.3941,-4919.57
546.3,3.48691,3768.12,-22435.9,-1751.38,1395.01,8.06556,-4898.8
546.4,3.48329,3751.3,-22826.2,-1410.15,1395.79,-18.314,-4899.44
546.5,3.48467,3719.58,-23071.9,-1293.09,1395.39,-31.4934,-4905.27
546.6,3.49232,3675.62,-23124.1,-1624.04,1393.95,-29.4888,-4914.17
546.7,3.50227,3624.8,-23174.7,-2393.53,1388.08,-19.0748,-4938.15
546.8,3.50702,3583.88,-23309.9,-3285.19,1386.47,2.91266,-4971.02
546.9,3.50437,3576.17,-23268.7,-4036.04,1389.95,23.9026,-4987.11
547.0,3.50018,3596.03,-23150.6,-4487.09,1395.52,29.9547,-4971.25
547.1,3.49933,3611.93,-23023.0,-4671.6,1399.28,18.2024,-4948.78
547.2,3.5014,3619.09,-22967.1,-4838.84,1407.71,-0.469938,-4937.6
547.3,3.50295,3623.26,-22755.7,-5184.96,1407.8,-15.6575,-4928.97
547.4,3.49998,3628.96,-22366.5,-5732.21,1398.39,-26.1546,-4914.48
547.5,3.49497,3648.22,-21875.8,-6300.95,1386.67,-28.9581,-4918.43
547.6,3.49328,3662.88,-21567.2,-6611.6,1372.13,-23.4004,-4946.94
547.7,3.49488,3657.32,-21593.1,-6637.69,1352.27,-17.4625,-4975.61
547.8,3.4972,3650.83,-21509.6,-6427.04,1337.33,-4.228,-4996.44
547.9,3.49564,3640.52,-21358.5,-6236.06,1326.79,5.20175,-4995.62
548.0,3.48895,3646.15,-21068.5,-6203.44,1330.75,12.9888,-4987.48
548.1,3.48357,3654.55,-20918.5,-6325.73,1341.71,14.7622,-4968.77
548.2,3.48368,3639.72,-21062.8,-6426.76,1346.09,5.7535,-4942.88
548.3,3.48992,3609.44,-21289.0,-6457.06,1348.26,-13.887,-4930.36
548.4,3.50018,3573.29,-21318.8,-6244.1,1349.6,-26.0252,-4936.58
548.5,3.50631,3530.26,-21126.6,-5898.82,1338.54,-34.1475,-4945.51
548.6,3.50632,3524.56,-20542.4,-5647.69,1325.28,-36.0732,-4963.22
548.7,3.50549,3541.85,-20028.5,-5548.15,1312.82,-23.045,-4978.15
548.8,3.5046,3554.32,-19593.4,-5621.03,1304.83,-2.82425,-4990.92
548.9,3.5046,3581.42,-19082.8,-5864.84,1304.17,9.58625,-4993.65
549.0,3.50447,3607.05,-18395.3,-5984.64,1309.93,16.2518,-4974.5
549.1,3.49996,3629.81,-17745.5,-5788.79,1319.29,13.0347,-4939.81
549.2,3.49248,3664.53,-17396.0,-5508.97,1323.32,-16.2965,-4916.05
549.3,3.48778,3693.7,-17276.9,-5254.9,1317.96,-46.9002,-4914.73
549.4,3.48668,3693.67,-16999.8,-5272.55,1302.55,-64.1195,-4924.29
549.5,3.4884,3683.22,-16624.3,-5741.29,1280.37,-64.126,-4928.3
549.6,3.49276,3664.77,-16444.2,-6315.76,1261.16,-43.9147,-4944.1
549.7,3.49488,3631.54,-16754.8,-6696.41,1252.0,-22.5046,-4975.74
549.8,3.4955,3619.6,-17234.5,-6837.62,1248.8,-11.8881,-5002.29
549.9,3.49804,3616.24,-17508.3,-6714.31,1257.13,-5.53075,-5000.92
550.0,3.50092,3613.95,-17679.6,-6475.65,1272.15,1.40412,-4976.41
550.1,3.50433,3635.21,-18220.8,-6337.4,1293.95,-2.165,-4957.33
550.2,3.50766,3663.34,-18926.2,-6147.81,1314.9,-12.321,-4965.07
550.3,3.50826,3691.35,-19447.0,-5743.37,1328.58,-22.518,-4973.92
550.4,3.50778,3730.62,-19681.6,-5049.16,1332.13,-29.6296,-4970.45
550.5,3.50779,3760.15,-19666.6,-4101.0,1327.58,-34.1775,-4984.13
550.6,3.50797,3784.18,-19768.4,-2984.55,1323.42,-22.8229,-5012.91
550.7,3.50755,3807.06,-19979.3,-1978.13,1320.52,-6.86963,-5030.12
550.8,3.50442,3828.95,-19954.5,-1174.85,1316.19,10.3901,-5026.11
550.9,3.49918,3853.56,-19889.4,-566.443,1317.8,24.9037,-5005.44
551.0,3.49494,3874.62,-19708.6,-113.16,1324.33,25.815,-4990.1
551.1,3.49384,3885.21,-19455.1,176.214,1336.46,8.92378,-4974.53
551.2,3.49608,3885.12,-19090.3,347.216,1345.39,-9.11012,-4954.56
551.3,3.49824,3876.53,-18906.3,434.957,1349.6,-16.6555,-4938.65
551.4,3.49908,3878.3,-19338.8,511.638,1356.69,-14.0344,-4942.16
551.5,3.50113,3889.88,-20103.0,672.35,1370.95,-6.33038,-4970.2
551.6,3.50598,3894.99,-20687.6,963.452,1383.66,5.52087,-4990.89
551.7,3.51164,3896.51,-21017.6,1218.96,1394.89,13.9827,-4980.05
551.8,3.51506,3909.44,-21441.9,1375.36,1406.12,23.3498,-4961.73
551.9,3.51389,3935.16,-22178.4,1449.74,1409.98,28.9091,-4959.76
552.0,3.50912,3977.35,-22777.8,1426.72,1413.67,17.8848,-4960.14
552.1,3.50602,4024.56,-22837.9,1269.56,1415.66,-7.48562,-4935.4
552.2,3.50667,4052.36,-22319.3,1022.3,1417.07,-26.3783,-4909.53
552.3,3.50774,4060.67,-22025.3,478.804,1413.34,-40.8389,-4907.78
552.4,3.50624,4072.44,-22228.4,-377.356,1407.34,-40.908,-4930.96
552.5,3.50181,4085.91,-22404.3,-1286.12,1406.49,-17.907,-4954.93
552.6,3.49513,4092.71,-22357.1,-2037.96,1399.32,9.43475,-4952.1
552.7,3.49107,4099.89,-22622.1,-2426.01,1400.96,27.7038,-4937.96
552.8,3.49144,4082.04,-23264.8,-2437.77,1412.0,29.8783,-4951.99
552.9,3.49234,4047.47,-23974.6,-2301.61,1419.07,22.276,-4970.82
553.0,3.49199,4011.97,-24019.5,-2292.53,1422.29,8.27875,-4964.26
553.1,3.49095,3979.17,-23289.2,-2350.85,1423.25,-2.89175,-4944.01
553.2,3.49299,3953.24,-22568.6,-2399.33,1422.57,-16.967,-4936.76
553.3,3.50171,3932.13,-22069.5,-2301.32,1423.5,-30.3705,-4957.7
553.4,3.51358,3904.75,-21538.8,-2051.72,1417.04,-35.2228,-4973.79
553.5,3.52112,3899.62,-20692.6,-1723.2,1406.63,-22.3713,-4965.2
553.6,3.52081,3931.07,-19811.4,-1510.22,1395.0,-4.99875,-4950.18
553.7,3.51407,3991.72,-19257.9,-1556.13,1386.44,7.1665,-4953.1
553.8,3.507,4062.91,-19104.5,-1886.95,1385.43,17.507,-4959.86
553.9,3.50384,4115.42,-19008.6,-2253.6,1386.54,30.0336,-4952.88
554.0,3.50217,4136.68,-18945.8,-2392.4,1384.91,26.4692,-4939.51
554.1,3.49792,4141.3,-19026.9,-2189.05,1381.6,1.34187,-4943.19
554.2,3.49101,4133.75,-19265.4,-1743.34,1374.93,-28.4486,-4959.34
554.3,3.48372,4109.61,-19318.1,-1473.19,1362.6,-49.135,-4969.37
554.4,3.48147,4070.59,-19199.9,-1749.11,1350.75,-49.9751,-4962.06
554.5,3.48616,4006.05,-19154.1,-2434.46,1341.13,-27.4666,-4954.49
554.6,3.49199,3925.75,-19277.7,-3124.8,1329.91,3.74662,-4959.35
554.7,3.49516,3866.78,-19522.8,-3407.79,1323.38,23.2839,-4957.5
554.8,3.49593,3830.86,-19666.4,-2974.4,1323.81,26.2089,-4943.46
554.9,3.49524,3808.8,-19586.4,-2198.32,1328.94,2.82106,-4937.51
555.0,3.49739,3812.49,-19484.2,-1617.99,1332.28,-27.3195,-4944.88
555.1,3.50321,3815.18,-19382.8,-1477.32,1333.91,-42.639,-4958.51
555.2,3.50785,3821.52,-19164.0,-1720.12,1334.44,-45.1016,-4970.11
555.3,3.51077,3844.37,-19094.3,-1954.31,1330.66,-45.0856,-4972.15
555.4,3.51149,3867.88,-19383.8,-1745.9,1328.85,-46.0423,-4976.85
555.5,3.50955,3898.44,-19943.0,-1276.1,1325.68,-50.1739,-4989.48
555.6,3.50784,3943.49,-20259.4,-1039.68,1321.19,-49.5361,-4998.61
555.7,3.50442,3977.49,-20397.9,-1371.43,1315.96,-31.7669,-4982.61
555.8,3.49665,4016.97,-20568.3,-2273.49,1318.17,-2.48325,-4968.37
555.9,3.48807,4057.88,-21058.7,-3289.33,1325.39,17.5287,-4982.07
556.0,3.48315,4075.19,-21426.4,-3702.8,1328.34,20.9331,-5011.21
556.1,3.48434,4062.49,-21373.0,-3164.67,1327.61,6.89038,-5017.88
556.2,3.48934,4018.68,-21003.0,-2000.62,1322.88,-26.4473,-5007.28
556.3,3.49349,3970.94,-20799.3,-843.074,1321.35,-53.041,-5011.28
556.4,3.49536,3937.78,-20686.9,-276.181,1317.45,-52.8284,-5030.24
556.5,3.49795,3922.45,-20378.4,-262.315,1318.41,-21.731,-5025.38
556.6,3.50479,3913.95,-19907.4,-214.701,1326.9,15.5682,-4991.46
556.7,3.51446,3905.92,-19740.1,460.103,1330.89,31.4328,-4967.5
556.8,3.52128,3914.09,-20126.8,1771.96,1333.03,17.0268,-4971.91
556.9,3.52116,3956.81,-20496.4,3137.35,1334.0,-8.75275,-4984.26
557.0,3.51609,4031.74,-20616.3,3874.49,1331.48,-21.2935,-4972.71
557.1,3.51082,4116.42,-21158.9,3753.96,1335.52,-16.0475,-4953.32
557.2,3.50951,4190.25,-22281.6,3134.73,1343.62,-6.91275,-4973.38
557.3,3.51155,4240.26,-23399.6,2627.32,1352.46,-6.0375,-5009.47
557.4,3.51217,4269.65,-23870.7,2495.04,1361.37,-16.5572,-5001.37
557.5,3.50783,4298.38,-23547.8,2495.26,1370.44,-27.1915,-4967.41
557.6,3.49995,4330.06,-23315.7,2241.67,1374.76,-20.1548,-4948.99
557.7,3.49293,4356.08,-23298.7,1578.36,1376.69,2.26075,-4956.72
557.8,3.49021,4366.55,-22667.6,657.7,1377.96,21.364,-4958.95
557.9,3.49243,4353.85,-21429.0,-64.5131,1370.23,27.3805,-4926.61
558.0,3.49559,4318.21,-20512.1,-315.008,1367.11,14.7758,-4900.56
558.1,3.49744,4284.41,-20479.6,-249.363,1367.05,-12.1186,-4926.87
558.2,3.49998,4257.93,-21129.1,-118.734,1370.15,-30.5595,-4968.21
558.3,3.50413,4228.83,-21600.9,-111.819,1377.57,-28.8229,-4976.22
558.4,3.51016,4214.21,-22012.1,-215.68,1388.72,-13.9639,-4956.17
558.5,3.51592,4207.69,-23078.7,-289.03,1402.52,-4.0045,-4953.35
558.6,3.51705,4213.65,-24608.3,-249.036,1415.67,-0.127375,-4983.11
558.7,3.51292,4238.88,-25633.8,-191.262,1426.66,3.56713,-4998.51
558.8,3.50632,4276.3,-25671.2,-218.501,1426.22,8.526,-4969.66
558.9,3.50156,4314.21,-25035.7,-292.41,1424.23,14.4291,-4947.61
559.0,3.50064,4338.07,-24508.8,-282.345,1423.46,14.9665,-4961.91
559.1,3.50084,4348.48,-23913.8,-103.332,1418.71,5.65431,-4988.27
559.2,3.49884,4355.67,-22595.5,211.534,1408.06,-6.18234,-4987.48
559.3,3.49433,4359.8,-20973.7,503.764,1398.61,-13.7941,-4955.93
559.4,3.48921,4356.26,-20021.8,482.875,1393.12,-19.1984,-4935.53
559.5,3.48794,4341.31,-19972.6,70.1758,1389.04,-11.0538,-4948.52
559.6,3.49092,4303.37,-20240.6,-524.302,1386.54,9.21241,-4957.53
559.7,3.49413,4253.47,-20110.5,-1017.94,1389.61,22.3733,-4940.6
559.8,3.49506,4211.06,-20068.8,-1358.25,1393.26,13.6012,-4915.65
559.9,3.49506,4176.03,-20859.3,-1484.34,1393.92,5.78062,-4923.38
560.0,3.49525,4140.74,-22106.4,-1634.78,1398.53,-0.738937,-4966.25
560.1,3.49826,4112.49,-22705.0,-1982.3,1401.02,-7.01587,-4993.93
560.2,3.50365,4077.21,-22202.1,-2319.05,1395.26,-7.68337,-4979.34
560.3,3.50524,4040.25,-21448.8,-2412.44,1387.62,-5.23787,-4954.67
560.4,3.5023,4028.48,-21128.1,-2217.97,1381.0,-9.40913,-4961.72
560.5,3.49673,4022.36,-20843.7,-1771.68,1371.98,-18.491,-4980.62
560.6,3.49135,4019.46,-20228.0,-1192.53,1368.93,-17.0534,-4956.98
560.7,3.48879,4014.17,-19440.2,-807.345,1369.47,-18.1943,-4915.55
560.8,3.48817,3998.33,-18996.3,-773.386,1368.07,-24.689,-4919.61
560.9,3.48653,3974.36,-19077.8,-918.908,1358.83,-21.333,-4956.27
561.0,3.48346,3958.2,-19137.4,-1045.94,1350.42,-16.4025,-4978.57
561.1,3.48254,3945.94,-19052.1,-1022.99,1346.65,-22.6618,-4978.86
561.2,3.48577,3921.15,-19288.3,-905.911,1344.86,-35.8565,-4991.3
561.3,3.49064,3890.16,-20146.1,-919.514,1349.82,-38.4593,-5019.27
561.4,3.49479,3870.74,-21087.6,-1247.79,1357.62,-24.639,-5031.08
561.5,3.49695,3860.8,-21352.8,-1704.92,1356.99,-1.97175,-5012.23
561.6,3.49676,3861.69,-21335.4,-2008.61,1355.15,10.2212,-4976.89
561.7,3.49757,3877.77,-21364.4,-1930.34,1355.12,8.1665,-4970.64
561.8,3.50138,3891.22,-21517.3,-1374.25,1355.46,2.63825,-4989.69
561.9,3.50497,3899.6,-21347.3,-546.023,1356.42,-5.53325,-5003.12
562.0,3.50532,3919.48,-20811.8,310.295,1354.85,-13.2695,-5001.07
562.1,3.50095,3946.37,-20010.1,1031.71,1348.76,-19.4255,-5012.01
562.2,3.49438,3979.36,-19186.4,1469.13,1341.18,-22.5917,-5029.49
562.3,3.49192,4008.13,-18371.0,1645.0,1338.13,-20.338,-5025.47
562.4,3.49384,4009.8,-17726.1,1708.58,1342.72,-15.4213,-4996.62
562.5,3.49641,4002.59,-17697.1,1800.93,1352.01,-9.35425,-4968.08
562.6,3.49655,4002.01,-18091.8,1912.67,1362.64,-10.9482,-4965.14
562.7,3.49393,4013.31,-18559.2,1963.36,1367.05,-15.7944,-4964.72
562.8,3.49168,4036.48,-19104.7,1763.82,1366.02,-18.5331,-4947.81
562.9,3.49498,4061.0,-19931.0,1415.06,1372.17,-9.8035,-4950.74
563.0,3.50207,4062.55,-21207.0,1055.65,1376.34,-6.00712,-4986.78
563.1,3.50882,4072.86,-22423.9,873.283,1378.38,-9.54525,-5023.08
563.2,3.51383,4098.65,-22582.4,1008.09,1378.01,-14.5735,-5033.18
563.3,3.51511,4133.25,-22053.5,1395.66,1376.62,-18.3166,-5006.08
563.4,3.51493,4190.41,-21512.3,1724.37,1377.41,-26.7741,-4982.02
563.5,3.51589,4255.03,-21127.5,1924.74,1385.55,-26.7973,-4976.26
563.6,3.51507,4309.17,-20805.6,1965.02,1393.43,-18.1414,-4953.84
563.7,3.51039,4364.2,-20526.6,1748.22,1398.31,-16.1926,-4914.54
563.8,3.50381,4415.18,-20435.2,1415.37,1405.27,-13.5971,-4909.72
563.9,3.49737,4440.26,-20827.4,1044.52,1403.21,-7.88666,-4940.12
564.0,3.49361,4447.91,-21208.6,554.281,1395.21,-6.112,-4975.0
564.1,3.49419,4437.0,-21482.1,21.8628,1392.75,-3.28312,-4982.19
564.2,3.49526,4405.98,-22073.2,-588.676,1390.64,-3.22081,-4976.86
564.3,3.49414,4382.66,-22954.5,-1485.6,1389.97,-9.10169,-4992.25
564.4,3.49343,4367.21,-23714.0,-2563.01,1399.95,-2.6475,-5000.15
564.5,3.49483,4346.78,-23897.4,-3491.74,1412.5,17.9391,-4966.42
564.6,3.49919,4333.6,-23639.4,-4054.45,1426.92,30.6669,-4919.57
564.7,3.50746,4329.77,-23487.6,-3951.03,1442.22,33.0638,-4907.87
564.8,3.51427,4328.52,-23498.4,-3098.16,1453.24,32.3999,-4926.64
564.9,3.51595,4355.11,-23063.9,-1836.73,1455.78,25.2785,-4942.56
565.0,3.51348,4402.46,-22176.9,-667.712,1448.39,3.87913,-4936.25
565.1,3.50859,4452.4,-21610.5,3.35559,1435.76,-16.592,-4930.51
565.2,3.5052,4499.2,-21522.2,-4.21458,1421.75,-20.6835,-4956.25
565.3,3.50582,4526.41,-21510.3,-360.279,1419.29,-9.624,-4979.57
565.4,3.50658,4522.09,-21077.3,-673.158,1427.6,-6.40425,-4963.29
565.5,3.50387,4515.4,-20404.3,-840.85,1436.59,-16.462,-4931.9
565.6,3.49845,4513.78,-20207.3,-1027.54,1450.88,-23.041,-4927.38
565.7,3.49248,4510.04,-20252.1,-1587.25,1461.07,-13.4447,-4953.14
565.8,3.49058,4506.74,-19898.7,-2458.54,1471.43,15.717,-4966.97
565.9,3.49295,4480.36,-19125.1,-3038.04,1475.35,45.9935,-4954.25
566.0,3.49428,4441.22,-18425.6,-2806.31,1467.76,48.777,-4957.96
566.1,3.49437,4412.74,-18262.2,-1682.48,1456.89,21.3552,-4990.58
566.2,3.49425,4380.48,-18492.3,-81.6344,1448.78,-15.1003,-5007.33
566.3,3.49512,4351.76,-18661.5,1264.18,1447.39,-37.562,-4991.9
566.4,3.4993,4329.08,-18780.6,1919.48,1445.29,-37.037,-4971.24
566.5,3.50412,4300.93,-19301.2,2118.91,1442.64,-16.3458,-4964.94
566.6,3.50671,4289.34,-20019.9,2305.29,1440.96,4.02975,-4971.68
566.7,3.50846,4292.5,-20628.2,2882.44,1436.53,11.8641,-4971.37
566.8,3.5082,4291.01,-20996.7,3690.28,1426.06,0.1615,-4967.93
566.9,3.506,4305.97,-21451.5,4183.94,1414.87,-9.84562,-4977.07
567.0,3.50336,4329.41,-22071.7,4001.85,1406.63,-2.53962,-5001.52
567.1,3.4992,4352.85,-22396.0,3271.03,1404.23,15.4823,-5024.39
567.2,3.4962,4385.04,-22389.7,2698.56,1404.61,35.3006,-5019.46
567.3,3.49532,4398.92,-22250.0,2960.46,1408.1,32.8431,-5001.21
567.4,3.49437,4399.64,-22338.2,4002.47,1411.69,0.663625,-4992.14
567.5,3.49426,4400.91,-22215.2,5174.99,1410.55,-32.8389,-4993.21
567.6,3.49395,4392.31,-21645.0,5808.51,1408.49,-37.7971,-4976.2
567.7,3.49338,4387.55,-20850.6,5628.0,1409.87,-16.1378,-4950.3
567.8,3.49591,4386.79,-20119.1,4994.32,1411.16,4.48041,-4956.93
567.9,3.50055,4373.49,-19547.0,4547.9,1406.67,7.02253,-4986.99
568.0,3.50433,4363.31,-18813.5,4427.18,1401.39,-11.8434,-5000.73
568.1,3.50785,4372.32,-18197.1,4363.95,1404.85,-32.6988,-4986.1
568.2,3.51114,4387.8,-18321.4,4049.86,1417.83,-36.1923,-4977.47
568.3,3.5129,4415.0,-18931.9,3248.76,1421.07,-29.5091,-4999.04
568.4,3.51537,4462.76,-19382.6,2312.53,1417.92,-12.7471,-5007.45
568.5,3.51839,4509.88,-19341.2,1836.82,1415.41,1.02575,-4977.88
568.6,3.51977,4563.25,-19377.1,1954.18,1415.8,-7.42662,-4951.55
568.7,3.52035,4627.76,-19947.9,2600.06,1417.27,-21.6875,-4972.38
568.8,3.51767,4684.77,-20853.6,3437.12,1419.41,-28.1729,-5005.99
568.9,3.51172,4757.59,-20972.6,3965.64,1423.49,-29.0469,-5019.67
569.0,3.50863,4835.97,-20499.2,4143.3,1433.6,-21.5571,-5002.11
569.1,3.50858,4884.37,-20111.6,4224.24,1445.85,-11.6156,-4993.03
569.2,3.50966,4921.85,-20354.6,4250.31,1455.34,-13.7336,-4999.65
569.3,3.51205,4953.72,-20651.4,4303.14,1457.38,-20.7402,-4998.83
569.4,3.51259,4967.98,-20501.9,4316.32,1453.38,-23.3039,-4972.41
569.5,3.51203,4994.6,-20072.3,4080.4,1449.12,-19.0613,-4946.33
569.6,3.51447,5022.33,-20224.8,3586.67,1447.89,-14.4803,-4943.67
569.7,3.51883,5038.83,-20780.0,3128.42,1453.35,-2.9415,-4972.32
569.8,3.52336,5060.74,-21218.6,2818.62,1453.93,4.56075,-4991.07
569.9,3.52631,5091.13,-21566.7,2745.86,1451.3,1.1175,-4971.75
570.0,3.52549,5132.67,-22158.8,2715.89,1454.16,-12.711,-4954.15
570.1,3.52264,5189.76,-23229.5,2293.43,1460.51,-27.4885,-4958.02
570.2,3.52169,5249.57,-24151.3,1346.8,1466.97,-25.1698,-4960.04
570.3,3.52234,5297.21,-24392.6,178.533,1475.01,-3.416,-4935.73
570.4,3.52322,5341.66,-24346.7,-817.91,1482.4,9.40875,-4905.45
570.5,3.52229,5381.32,-24533.7,-1319.59,1486.62,2.154,-4912.85
570.6,3.51831,5419.84,-24643.7,-1326.65,1488.56,-8.41825,-4954.26
570.7,3.51285,5460.79,-24116.8,-1204.38,1486.4,-13.4583,-4971.72
570.8,3.5101,5499.31,-22897.5,-1092.94,1482.68,-5.7235,-4957.66
570.9,3.51037,5512.99,-21856.5,-962.5,1475.65,-0.50175,-4950.05
571.0,3.51161,5519.42,-21329.6,-671.599,1475.22,-2.7495,-4968.21
571.1,3.51456,5523.52,-20891.3,-146.457,1479.77,-12.5262,-4973.79
571.2,3.51815,5521.3,-20002.9,346.807,1491.0,-30.4266,-4947.02
571.3,3.52366,5530.86,-19363.8,561.704,1502.58,-35.5645,-4912.93
571.4,3.52996,5539.84,-19519.0,562.156,1510.06,-19.6786,-4924.03
571.5,3.53195,5561.67,-20237.0,456.52,1517.0,-4.37425,-4967.58
571.6,3.53162,5619.78,-20705.7,531.17,1525.3,4.44125,-4990.45
571.7,3.52964,5672.71,-20479.7,932.755,1528.48,5.98925,-4988.75
571.8,3.52549,5719.31,-20305.8,1411.81,1530.37,4.03506,-4989.91
571.9,3.52166,5759.92,-20739.8,1622.88,1529.03,2.2775,-5004.25
572.0,3.51728,5779.05,-21235.5,1595.45,1522.77,12.5784,-5013.41
572.1,3.51218,5789.53,-21140.6,1538.96,1520.59,27.4055,-4992.23
572.2,3.50961,5790.6,-20817.7,1878.86,1519.21,35.794,-4950.55
572.3,3.50939,5764.88,-20922.2,2919.75,1521.24,31.4177,-4939.92
572.4,3.50846,5724.65,-21611.4,4366.18,1515.75,14.7351,-4963.29
572.5,3.50682,5690.62,-22133.2,5804.09,1499.63,5.0395,-4985.62
572.6,3.50391,5654.19,-22202.7,6843.6,1479.55,5.95563,-4979.66
572.7,3.50188,5630.23,-22361.3,7270.84,1461.45,10.1854,-4968.21
572.8,3.50545,5609.59,-23112.4,7276.31,1452.7,15.8828,-4980.87
572.9,3.51317,5574.06,-24007.3,7253.7,1446.77,21.188,-5001.16
573.0,3.52042,5551.19,-24303.1,7271.9,1447.24,13.5791,-4994.47
573.1,3.52665,5558.87,-24163.2,7440.74,1450.63,5.56437,-4962.51
573.2,3.52796,5573.74,-24110.8,7566.59,1462.45,-2.37613,-4956.92
573.3,3.52464,5623.7,-24293.2,7346.32,1477.56,-4.955,-4984.37
573.4,3.52179,5681.85,-24231.2,6688.77,1491.89,-4.6145,-5002.7
573.5,3.51817,5721.73,-23174.6,5740.95,1492.99,0.655875,-5002.38
573.6,3.51451,5759.51,-21687.7,4697.16,1480.27,6.63375,-4989.14
573.7,3.51172,5780.21,-20670.2,3935.17,1467.74,9.05175,-4987.48
573.8,3.50852,5785.28,-20503.4,3714.07,1460.24,7.874,-4997.41
573.9,3.507,5791.22,-20762.7,3896.1,1456.35,-3.5295,-4998.27
574.0,3.50829,5787.96,-21034.9,4368.05,1458.64,-11.8617,-4985.66
574.1,3.50937,5775.34,-21498.3,4829.86,1461.89,-16.1672,-4975.98
574.2,3.50908,5774.73,-22172.0,4989.76,1463.92,-20.6575,-4993.49
574.3,3.50957,5776.25,-23110.9,5006.35,1463.49,-14.1597,-5017.33
574.4,3.51013,5766.06,-23923.3,5008.45,1458.57,-8.8755,-5030.17
574.5,3.51389,5769.18,-24346.6,5060.15,1456.75,-12.523,-5038.81
574.6,3.52214,5767.88,-24430.9,5238.24,1454.7,-17.7668,-5044.74
574.7,3.52917,5770.71,-23956.9,5444.63,1456.96,-16.9657,-5045.42
574.8,3.53312,5808.21,-22951.7,5439.93,1464.52,-16.6707,-5026.58
574.9,3.53382,5864.38,-21773.3,5295.52,1471.17,-11.3068,-4991.59
575.0,3.531,5928.31,-20689.3,5100.64,1477.03,-4.65025,-4973.59
575.1,3.52853,6005.55,-20040.4,4848.6,1481.56,-6.48275,-4966.55
575.2,3.52792,6069.53,-19705.6,4660.26,1482.27,-11.0585,-4958.24
575.3,3.52503,6111.01,-19740.8,4543.27,1478.36,-13.7319,-4949.94
575.4,3.51865,6156.21,-20350.3,4402.86,1474.33,-18.9435,-4952.75
575.5,3.51121,6199.54,-21525.8,4245.82,1471.04,-24.3785,-4967.6
575.6,3.50631,6227.91,-22876.1,4046.77,1468.11,-27.1155,-4980.92
575.7,3.50678,6236.52,-23928.6,3733.0,1471.98,-30.2598,-4982.94
575.8,3.50961,6217.22,-24778.6,3213.75,1476.54,-35.3856,-4969.74
575.9,3.51115,6192.69,-25269.6,2579.83,1480.82,-29.426,-4966.8
576.0,3.51072,6173.43,-25575.9,1897.08,1481.48,-19.8019,-4963.64
576.1,3.51138,6161.74,-25591.7,1372.67,1486.64,-13.1739,-4954.0
576.2,3.51624,6148.44,-25085.7,1059.42,1489.36,-18.4742,-4951.2
576.3,3.52406,6140.34,-24047.9,971.721,1491.4,-24.0385,-4958.93
576.4,3.53055,6144.93,-22806.6,968.063,1487.31,-29.2104,-4962.35
576.5,3.53206,6176.53,-21771.4,986.609,1482.13,-32.8189,-4959.61
576.6,3.53007,6237.62,-21037.0,1057.84,1479.84,-31.7925,-4966.44
576.7,3.52948,6310.6,-20651.1,1309.63,1489.81,-25.0075,-4975.68
576.8,3.53179,6376.98,-20462.4,1725.57,1506.93,-23.2434,-4972.51
576.9,3.5337,6434.94,-20462.2,2144.98,1521.57,-25.4139,-4960.97
577.0,3.5304,6490.0,-20900.8,2406.87,1531.15,-21.7287,-4957.08
577.1,3.52072,6554.0,-21422.2,2484.49,1534.33,-7.36575,-4978.22
577.2,3.51082,6616.96,-21694.8,2508.95,1536.49,3.16125,-4998.62
577.3,3.50665,6650.77,-21697.0,2739.5,1538.14,2.19575,-4996.52
577.4,3.50746,6642.1,-21607.5,3164.01,1531.0,-11.3243,-4991.19
577.5,3.50823,6607.75,-21848.6,3460.98,1526.83,-27.5069,-4993.42
577.6,3.50607,6565.94,-22224.7,3368.65,1526.35,-27.0651,-4996.08
577.7,3.5028,6520.63,-21985.5,2939.28,1523.83,-5.30863,-4990.27
577.8,3.50431,6473.92,-21205.5,2619.31,1526.76,25.5539,-4967.16
577.9,3.51263,6412.83,-20700.6,2795.85,1533.65,38.5379,-4942.5
578.0,3.52286,6352.06,-20759.5,3491.9,1543.43,29.5632,-4950.46
578.1,3.52814,6316.1,-21111.3,4295.01,1548.08,14.2665,-4973.12
578.2,3.52527,6317.51,-21208.1,4802.77,1544.34,9.69275,-4975.49
578.3,3.51908,6352.06,-21265.2,5026.91,1542.35,17.362,-4960.33
578.4,3.51625,6392.02,-21689.3,5273.0,1536.17,17.0405,-4965.22
578.5,3.51816,6417.87,-22315.0,5785.85,1526.49,-0.73525,-4992.42
578.6,3.52075,6431.47,-22488.1,6542.66,1516.43,-20.9228,-4999.74
578.7,3.51735,6440.92,-22124.0,7214.43,1505.06,-28.427,-4971.9
578.8,3.50713,6460.8,-22147.7,7421.08,1500.58,-21.1208,-4945.2
578.9,3.49727,6484.07,-22697.5,7254.12,1504.95,3.06575,-4967.53
579.0,3.49249,6475.44,-23172.0,6849.43,1504.17,18.689,-4996.69
579.1,3.49337,6444.76,-22822.7,6332.7,1491.08,17.9893,-4986.35
579.2,3.49687,6391.54,-21887.1,5826.03,1473.4,12.0645,-4962.78
579.3,3.49711,6327.8,-21436.1,5395.62,1459.78,12.5898,-4969.94
579.4,3.49547,6279.84,-21518.9,5051.38,1452.88,10.2135,-5008.63
579.5,3.49729,6236.92,-21656.7,4983.73,1458.93,5.19675,-5023.04
579.6,3.50467,6191.91,-21714.5,5254.58,1479.12,2.32638,-4997.6
579.7,3.5143,6152.16,-21782.0,5620.75,1499.27,-1.8495,-4988.21
579.8,3.51994,6126.98,-22215.0,5857.82,1512.98,-2.67613,-5000.99
579.9,3.51723,6127.76,-22730.4,5846.65,1520.5,5.26175,-5001.47
580.0,3.51052,6160.01,-22960.7,5689.42,1515.28,19.6314,-4983.84
580.1,3.50751,6193.74,-23221.5,5705.18,1501.97,27.8314,-4976.07
580.2,3.51,6211.68,-23596.2,5987.12,1492.71,15.7891,-5002.04
580.3,3.51389,6221.73,-23709.7,6263.37,1483.26,-9.02625,-5031.94
580.4,3.51294,6233.79,-23360.9,6254.36,1470.73,-18.5023,-5029.4
580.5,3.50448,6258.79,-22901.0,5756.7,1464.94,-8.03194,-5009.47
580.6,3.49597,6301.04,-22612.8,4947.81,1470.79,9.70706,-5007.12
580.7,3.4943,6315.16,-22607.8,4233.38,1476.15,18.5189,-5005.2
580.8,3.49829,6300.14,-22115.7,3901.77,1477.65,17.5209,-4991.64
580.9,3.50371,6275.02,-20902.5,3959.95,1479.1,10.3938,-4970.32
581.0,3.50347,6243.35,-19714.4,4196.76,1478.62,-2.54572,-4952.31
581.1,3.49717,6231.55,-19379.5,4426.49,1480.26,-9.27778,-4955.57
581.2,3.4931,6229.84,-19757.0,4618.62,1484.19,-9.10956,-4980.95
581.3,3.4961,6206.92,-20471.0,4815.12,1485.18,-10.3291,-4992.6
581.4,3.50632,6172.84,-21044.5,5099.09,1487.17,-15.7893,-4985.46
581.5,3.51576,6125.42,-21749.3,5239.62,1483.14,-33.9294,-4972.36
581.6,3.51697,6103.43,-22602.4,4979.52,1479.15,-45.6867,-4976.61
581.7,3.51162,6116.67,-23459.4,4099.14,1472.69,-44.671,-4982.8
581.8,3.50669,6155.11,-23527.6,2777.86,1470.53,-30.1647,-4984.93
581.9,3.50854,6196.75,-22846.3,1464.21,1468.93,-14.2509,-4974.14
582.0,3.51376,6225.43,-21958.4,580.904,1471.76,-10.1718,-4967.63
582.1,3.51422,6256.61,-21276.0,241.388,1476.56,-13.7489,-4978.98
582.2,3.50724,6309.19,-20637.1,373.142,1484.19,-14.1555,-4994.85
582.3,3.49603,6365.23,-19672.3,591.832,1487.67,-18.8415,-4990.11
582.4,3.49141,6417.48,-18460.0,784.491,1494.52,-15.9628,-4967.15
582.5,3.49787,6427.59,-17724.5,1149.8,1497.83,-6.896,-4943.92
582.6,3.50712,6402.1,-17934.4,1750.34,1499.72,-13.0235,-4936.25
582.7,3.51266,6388.72,-18797.1,2604.25,1507.11,-30.5392,-4942.91
582.8,3.51048,6380.64,-19619.2,3522.46,1510.38,-47.9448,-4949.56
582.9,3.50307,6398.65,-20355.9,4059.29,1512.81,-53.0805,-4949.81
583.0,3.50141,6429.98,-21162.2,3948.13,1516.9,-45.4285,-4963.32
583.1,3.5071,6430.53,-22186.0,3400.94,1521.29,-24.7985,-4988.72
583.2,3.51409,6421.38,-22929.7,2697.09,1525.37,-3.85875,-5006.0
583.3,3.51656,6418.73,-22891.8,2181.53,1519.97,7.49375,-4997.13
583.4,3.51148,6421.55,-21994.7,2037.71,1514.95,5.71875,-4976.45
583.5,3.50409,6444.43,-20690.5,2058.67,1511.02,-5.3745,-4959.15
583.6,3.50332,6463.03,-19531.6,2104.9,1511.84,-11.4345,-4944.08
583.7,3.50658,6450.02,-18748.5,2254.3,1512.23,-4.82225,-4932.33
583.8,3.50635,6437.27,-18371.9,2489.29,1512.55,-4.88275,-4927.51
583.9,3.50088,6441.11,-18522.8,2971.35,1516.97,-7.88763,-4930.04
584.0,3.49279,6442.03,-19158.7,3808.59,1517.87,-5.43138,-4940.47
584.1,3.48764,6435.55,-20233.5,4722.88,1518.28,-6.63713,-4954.63
584.2,3.49129,6415.8,-21266.5,5496.2,1521.48,-11.4261,-4975.74
584.3,3.49798,6364.74,-21820.3,6038.02,1521.09,-11.3486,-4992.26
584.4,3.49936,6319.25,-22081.9,6223.02,1518.46,-10.128,-4987.96
584.5,3.49527,6296.7,-22180.2,6246.05,1513.1,-6.4565,-4981.47
584.6,3.49001,6271.11,-22192.4,6402.5,1505.46,-1.2585,-4985.98
584.7,3.49003,6242.29,-22119.7,6707.84,1503.32,-4.53,-4983.33
584.8,3.49827,6198.74,-21865.0,7088.94,1498.54,-10.6357,-4967.33
584.9,3.5059,6138.08,-21788.5,7372.02,1491.13,-9.56903,-4951.52
585.0,3.50481,6111.13,-21899.8,7360.81,1479.7,0.927531,-4958.79
585.1,3.49775,6123.58,-21878.5,7174.18,1463.54,15.5252,-4979.36
585.2,3.49238,6147.16,-21835.4,7203.82,1463.41,29.2221,-4980.2
585.3,3.4945,6157.95,-22041.6,7599.36,1474.95,26.6448,-4975.99
585.4,3.50128,6142.3,-22560.5,8241.17,1488.19,5.23338,-4998.47
585.5,3.502,6116.76,-23342.0,8730.46,1501.82,-17.1313,-5018.51
585.6,3.49207,6117.93,-23797.5,8670.94,1515.05,-22.7116,-5012.73
585.7,3.47877,6134.82,-23758.0,8039.35,1524.02,-12.8942,-4994.13
585.8,3.47354,6133.22,-23520.9,7297.5,1522.6,6.502,-4985.85
585.9,3.48169,6092.29,-23399.2,6989.94,1514.15,20.7213,-4986.76
586.0,3.49554,6016.02,-23096.8,7340.42,1496.14,18.6339,-4989.23
586.1,3.50205,5948.83,-22375.0,8041.97,1471.85,4.24263,-4988.53
586.2,3.49779,5930.51,-21384.2,8567.74,1455.74,-4.95275,-4988.77
586.3,3.49096,5945.79,-20735.9,8581.42,1451.58,-0.589,-4988.82
586.4,3.49114,5963.06,-20490.9,8260.95,1455.18,12.2291,-4997.03
586.5,3.49988,5959.26,-20689.3,8091.51,1460.88,16.176,-5001.51
586.6,3.50706,5940.61,-21011.4,8364.99,1464.84,1.6215,-4999.39
586.7,3.50544,5947.72,-21276.2,8956.28,1473.56,-18.779,-4991.57
586.8,3.49677,5976.03,-21785.0,9383.42,1480.36,-29.7938,-4977.94
586.9,3.48885,6007.08,-22499.0,9237.75,1477.14,-22.515,-4976.56
587.0,3.48862,6024.46,-23211.8,8597.32,1469.66,1.96825,-4986.28
587.1,3.49439,6012.37,-23784.1,7847.83,1461.72,21.1488,-4988.75
587.2,3.49818,5992.61,-24190.7,7382.87,1453.54,23.5535,-4985.17
587.3,3.49481,5978.91,-24581.3,7127.15,1442.76,3.3605,-4987.88
587.4,3.48597,5980.32,-24839.8,6657.96,1432.59,-21.655,-4998.28
587.5,3.48157,5990.58,-24582.1,5632.23,1428.39,-26.8375,-5000.24
587.6,3.48719,5983.05,-23850.4,4140.61,1429.46,-13.657,-4979.3
587.7,3.49892,5968.14,-23145.3,2679.27,1437.33,1.18775,-4953.64
587.8,3.50775,5961.74,-22892.1,1759.09,1443.93,4.98925,-4946.15
587.9,3.50743,5981.26,-22717.2,1542.71,1444.76,-0.79325,-4957.52
588.0,3.50197,6032.61,-22202.5,1872.08,1446.4,-0.9055,-4958.17
588.1,3.49942,6085.14,-21537.2,2376.69,1454.07,-0.435625,-4943.61
588.2,3.50182,6117.45,-21556.2,2780.79,1465.45,-2.10013,-4938.73
588.3,3.50609,6139.29,-22386.3,3149.31,1482.89,-0.019625,-4963.68
588.4,3.50609,6152.27,-23523.1,3724.59,1499.32,-1.17513,-4985.62
588.5,3.5,6173.67,-24430.9,4543.06,1507.91,-20.2586,-4976.51
588.6,3.49379,6201.59,-25040.7,5415.8,1510.06,-48.7325,-4962.61
588.7,3.49316,6215.18,-25683.9,5975.83,1509.96,-65.82,-4969.79
588.8,3.49729,6212.56,-25900.5,5779.06,1499.96,-65.7939,-4992.97
588.9,3.5022,6210.7,-25307.5,4893.62,1482.45,-43.762,-4991.87
589.0,3.50246,6211.81,-24089.1,3782.19,1469.48,-12.3606,-4968.67
589.1,3.4983,6229.43,-22839.1,2975.58,1461.31,13.5344,-4961.97
589.2,3.49557,6250.88,-21757.1,2665.05,1462.02,14.2107,-4980.24
589.3,3.49665,6262.41,-20570.9,2671.69,1470.01,-0.140875,-4983.47
589.4,3.5004,6266.16,-19536.0,2571.4,1484.39,-10.2124,-4948.97
589.5,3.50282,6265.37,-18956.2,2304.37,1490.2,-4.99605,-4930.39
589.6,3.50064,6267.31,-19014.4,2242.36,1489.53,5.03978,-4953.53
589.7,3.49706,6277.71,-19364.1,2890.95,1484.25,4.11256,-4971.51
589.8,3.4971,6274.24,-19720.8,4330.27,1481.28,-17.6808,-4959.48
589.9,3.50011,6249.92,-20218.6,5892.85,1484.9,-49.5809,-4953.35
590.0,3.50191,6223.46,-21118.1,6736.21,1490.28,-58.7619,-4974.75
590.1,3.49836,6205.64,-21916.0,6558.0,1495.27,-30.4605,-4997.47
590.2,3.49049,6204.74,-22212.3,5823.43,1499.77,13.0527,-4985.13
590.3,3.48557,6207.81,-22176.8,5417.73,1498.27,35.7614,-4956.04
590.4,3.48789,6188.7,-22092.7,5964.47,1496.91,24.254,-4955.91
590.5,3.4939,6149.73,-21860.5,7167.37,1490.76,-12.0849,-4973.92
590.6,3.49677,6118.61,-21309.2,8133.9,1484.13,-48.554,-4968.97
590.7,3.49275,6107.26,-20535.1,8251.86,1479.81,-52.7599,-4955.12
590.8,3.48475,6110.24,-20118.9,7562.82,1474.81,-27.5831,-4962.21
590.9,3.48139,6115.24,-20259.8,6786.8,1475.43,1.46225,-4984.76
591.0,3.48706,6089.48,-20386.6,6608.95,1478.75,4.67525,-4992.69
591.1,3.49619,6038.41,-20009.1,7059.24,1487.61,-16.183,-4980.52
591.2,3.5004,5987.98,-19827.7,7569.23,1491.23,-32.6985,-4956.88
591.3,3.4949,5959.71,-20169.4,7597.4,1493.54,-26.3463,-4960.12
591.4,3.4844,5962.75,-21023.8,6982.69,1495.37,-6.551,-4978.57
591.5,3.48091,5975.14,-21634.9,6351.46,1494.05,18.5268,-4990.44
591.6,3.48828,5955.95,-21554.5,6499.24,1492.16,27.5457,-4993.59
591.7,3.49873,5914.0,-21507.2,7654.15,1480.11,8.62275,-4990.76
591.8,3.50233,5877.73,-21606.1,9347.45,1463.12,-26.606,-5009.99
591.9,3.49357,5867.67,-21683.6,10626.5,1452.98,-54.736,-5031.91
592.0,3.48097,5895.99,-21577.4,10788.1,1450.43,-49.5375,-5019.63
592.1,3.47798,5922.22,-21113.6,10046.4,1454.94,-13.8892,-4994.12
592.2,3.48627,5905.15,-21341.7,9298.27,1459.64,24.7003,-4969.17
592.3,3.49694,5868.71,-22180.8,9307.05,1464.0,35.6217,-4977.8
592.4,3.49925,5835.0,-23052.3,10150.0,1466.31,14.7884,-4994.89
592.5,3.48834,5821.45,-23655.0,10965.4,1454.98,-18.5882,-4983.19
592.6,3.47413,5840.29,-24204.8,10759.3,1439.43,-31.3505,-4968.36
592.7,3.4704,5844.65,-25134.1,9446.65,1429.6,-6.382,-4985.25
592.8,3.47908,5800.25,-26274.2,7784.23,1422.37,26.4996,-5015.15
592.9,3.49072,5728.16,-26927.7,6607.57,1416.2,23.8178,-5017.39
593.0,3.49477,5659.8,-26899.8,6160.52,1411.15,-11.7359,-4987.89
593.1,3.48884,5626.22,-26693.1,5832.65,1414.41,-42.1836,-4962.29
593.2,3.4827,5630.68,-26758.2,4687.85,1426.92,-46.5863,-4956.24
593.3,3.4859,5643.37,-26653.1,2658.69,1437.93,-14.8836,-4957.6
593.4,3.49624,5644.77,-25810.7,556.459,1444.87,30.3789,-4950.1
593.5,3.5035,5653.3,-24787.8,-569.747,1446.6,54.3096,-4931.69
593.6,3.50172,5687.24,-24315.8,-284.329,1441.95,33.2868,-4936.16
593.7,3.49299,5744.33,-24297.9,948.034,1437.18,-10.5261,-4974.57
593.8,3.48707,5803.1,-24226.7,2104.78,1435.05,-41.719,-4998.38
593.9,3.489,5834.22,-23753.3,2536.15,1434.31,-44.8283,-4985.02
594.0,3.49387,5842.7,-23564.3,2331.16,1435.73,-28.737,-4960.99
594.1,3.49547,5850.96,-24255.2,2157.09,1441.78,-13.0699,-4964.79
594.2,3.4915,5859.11,-25314.0,2638.09,1444.88,-9.71463,-4987.3
594.3,3.48541,5860.6,-25744.8,3543.7,1442.59,-28.0199,-4989.79
594.4,3.4845,5851.68,-25655.5,4143.56,1437.58,-47.3162,-4964.01
594.5,3.48798,5816.46,-25526.9,3749.45,1421.65,-42.3645,-4962.09
594.6,3.49061,5784.83,-25496.0,2357.38,1407.49,-7.22875,-4999.5
594.7,3.48994,5769.26,-25121.1,609.37,1396.19,24.7663,-5018.82
594.8,3.48845,5765.5,-24111.1,-462.951,1388.34,39.4476,-4996.04
594.9,3.4899,5756.35,-22948.5,-567.597,1390.22,20.8746,-4971.22
595.0,3.49612,5745.51,-22051.5,-144.685,1402.07,-10.9325,-4976.44
595.1,3.50305,5731.75,-21289.5,121.272,1418.52,-22.9282,-4982.16
595.2,3.50357,5739.59,-20237.7,-23.6169,1433.56,0.84275,-4961.85
595.3,3.49787,5782.22,-19173.9,-146.406,1442.17,37.4053,-4936.28
595.4,3.49181,5834.85,-18944.8,523.939,1448.64,50.344,-4935.55
595.5,3.48935,5866.53,-19331.0,2126.81,1453.79,21.3662,-4965.1
595.6,3.49087,5873.1,-19748.2,3910.66,1450.94,-29.592,-4980.45
595.7,3.49104,5860.47,-19799.4,4882.06,1443.32,-59.4977,-4968.69
595.8,3.48548,5849.3,-19812.9,4523.15,1434.57,-49.625,-4960.35
595.9,3.47841,5850.17,-20391.3,3369.58,1432.22,-13.3775,-4969.32
596.0,3.47688,5833.54,-21193.5,2446.25,1437.24,10.4975,-4983.96
596.1,3.48302,5790.44,-21435.6,2401.89,1441.59,6.604,-4984.66
596.2,3.49179,5728.67,-20924.7,3073.0,1439.15,-12.814,-4971.38
596.3,3.49365,5671.62,-20143.4,3794.24,1435.8,-22.8363,-4964.37
596.4,3.48588,5652.79,-19616.9,3883.44,1437.74,-17.8242,-4972.64
596.5,3.4772,5663.17,-19116.1,3549.39,1436.64,6.9655,-4986.21
596.6,3.47584,5655.68,-18706.7,3480.45,1443.41,22.9,-4978.27
596.7,3.48291,5623.62,-18326.4,4017.63,1456.78,-0.81375,-4965.47
596.8,3.49345,5579.87,-17918.5,5044.09,1475.0,-43.3734,-4972.97
596.9,3.4961,5528.69,-17827.3,5924.64,1487.45,-66.28,-4976.77
597.0,3.48799,5516.28,-17849.8,5989.8,1492.87,-54.4005,-4974.47
597.1,3.47992,5537.09,-17841.5,5396.7,1499.21,-14.3381,-4979.7
597.2,3.47916,5536.09,-18031.5,4916.29,1496.82,29.3896,-4986.85
597.3,3.48618,5519.82,-18576.5,5258.93,1491.21,50.9746,-4988.69
597.4,3.493,5486.15,-19349.0,6574.77,1477.18,36.2938,-4987.69
597.5,3.48875,5456.83,-19984.1,8243.24,1465.89,-1.981,-4991.65
597.6,3.47555,5463.44,-20271.4,9257.84,1456.34,-37.6381,-4990.46
597.7,3.46601,5478.9,-20379.1,9218.38,1455.55,-43.4667,-4977.42
597.8,3.46844,5459.68,-20764.8,8446.28,1463.61,-25.6382,-4967.77
597.9,3.48128,5409.36,-21825.5,7787.56,1476.69,-3.35058,-4968.12
598.0,3.49322,5338.22,-23229.9,7910.97,1492.98,4.9505,-4978.45
598.1,3.49315,5283.53,-24428.2,8620.72,1503.34,-4.14544,-4981.64
598.2,3.48308,5274.11,-25257.1,9121.42,1508.28,-10.5904,-4970.56
598.3,3.47385,5279.73,-25998.8,8819.86,1505.41,2.80931,-4962.7
598.4,3.47262,5273.44,-26723.1,7743.66,1499.59,26.3959,-4974.88
598.5,3.47999,5250.32,-27294.3,6551.47,1493.15,36.0472,-4986.12
598.6,3.48799,5208.71,-27219.5,6125.99,1488.39,22.5719,-4986.14
598.7,3.48704,5168.36,-26838.5,6333.13,1480.64,-27.6991,-4966.56
598.8,3.48057,5169.87,-26295.2,6410.22,1480.2,-76.0833,-4960.55
598.9,3.47866,5181.47,-25790.0,5737.19,1481.68,-75.093,-4964.41
599.0,3.48322,5181.61,-25257.1,4211.13,1479.64,-29.2316,-4959.2
599.1,3.49261,5188.28,-24669.6,2496.39,1475.69,21.2415,-4948.2
599.2,3.49808,5194.27,-24168.3,1652.77,1471.66,50.3689,-4951.45
599.3,3.49331,5217.34,-23859.7,1950.9,1464.83,42.4545,-4968.68
599.4,3.48494,5272.74,-23742.3,2844.15,1458.15,5.97963,-4980.03
599.5,3.48244,5322.8,-23687.8,3706.94,1461.61,-23.518,-4985.1
599.6,3.4868,5350.43,-23780.1,4053.54,1472.84,-34.046,-4991.72
599.7,3.49474,5376.01,-24088.1,4025.26,1487.66,-30.1628,-4998.78
599.8,3.49918,5392.09,-24507.2,4247.13,1500.05,-23.2822,-4997.38
599.9,3.49664,5415.38,-24718.5,4954.32,1503.77,-24.689,-4994.0
600.0,3.49402,5451.0,-24505.8,5920.1,1495.89,-26.986,-4994.1
