t,rpm,Mx,My,Mz,Fx,Fy,Fz
-1.37845e-12,6.48951,41023.9,2722.31,-5136.73,2009.27,-230.138,-4918.77
0.1,6.49731,41101.3,5902.23,-5745.75,1978.35,-193.184,-4861.4
0.2,6.50813,41113.8,8539.92,-7122.58,1965.71,-199.536,-4890.18
0.3,6.52063,41111.3,13651.6,-9149.79,1983.71,-214.017,-4862.45
0.4,6.53761,41099.3,18629.3,-12084.0,2017.68,-236.638,-4709.79
0.5,6.56208,41054.6,21401.5,-15404.4,2011.79,-264.291,-4707.01
0.6,6.58798,40986.3,21962.5,-17776.5,1976.0,-254.075,-4912.27
0.7,6.62167,40926.7,23352.6,-17877.5,1932.96,-226.464,-5023.67
0.8,6.66127,40921.9,27344.5,-15826.4,1855.91,-287.517,-4902.35
0.9,6.68951,40871.4,29528.1,-12286.7,1809.93,-369.953,-4752.39
1.0,6.70159,40810.2,26892.4,-9469.3,1816.8,-432.227,-4758.8
1.1,6.68472,40737.5,22483.1,-8194.42,1851.86,-397.7,-4861.87
1.2,6.66035,40736.5,20987.9,-7721.15,1915.96,-311.803,-4844.3
1.3,6.63242,40736.6,21650.2,-7276.27,1983.28,-303.635,-4714.82
1.4,6.61591,40784.5,22455.3,-6019.93,2043.45,-318.018,-4753.24
1.5,6.60277,40764.3,20853.0,-4073.62,2046.73,-302.882,-4899.8
1.6,6.58383,40760.4,18793.0,-2581.03,2037.8,-287.161,-4956.12
1.7,6.58325,40839.5,17196.9,-1090.41,2051.62,-261.137,-4876.73
1.8,6.59663,40857.8,17231.9,-45.5464,2064.14,-332.269,-4860.29
1.9,6.62315,40907.3,14095.6,410.965,2117.85,-397.368,-4825.27
2.0,6.66415,40923.3,8968.86,13.3118,2197.38,-417.118,-4811.06
2.1,6.68577,40830.8,5860.27,-2440.26,2249.51,-428.64,-4865.81
2.2,6.70032,40872.5,4988.27,-5419.11,2282.28,-293.08,-4828.93
2.3,6.72722,40892.0,3271.67,-7433.77,2353.86,-139.329,-4740.89
2.4,6.75107,40871.7,521.449,-8541.37,2341.73,-103.828,-4801.48
2.5,6.77486,40874.5,-3700.94,-8386.79,2315.18,-92.9017,-4896.37
2.6,6.76892,40733.4,-8032.91,-7793.42,2268.96,-98.3978,-4879.98
2.7,6.73079,40698.6,-11069.6,-9212.15,2233.33,-164.725,-4868.94
2.8,6.70878,40762.1,-14644.3,-12180.5,2216.42,-206.284,-4923.09
2.9,6.69109,40769.9,-16119.2,-15759.5,2249.65,-214.113,-5054.26
3.0,6.6852,40828.3,-15065.2,-19748.8,2258.91,-166.463,-5067.53
3.1,6.69699,40841.6,-8541.75,-22381.0,2245.67,-101.729,-5006.48
3.2,6.6959,40790.7,-1952.07,-23044.4,2253.73,-35.779,-4810.38
3.3,6.70148,40852.0,4323.69,-23371.0,2260.77,-26.3033,-4698.25
3.4,6.72063,40872.4,7837.94,-24094.8,2262.85,-38.7217,-4604.83
3.5,6.73911,40858.3,8999.12,-26801.4,2260.34,-52.4532,-4473.03
3.6,6.77227,40934.7,12734.9,-30833.4,2237.07,-35.9339,-4491.06
3.7,6.80857,40887.9,15182.8,-34466.8,2181.67,-65.6884,-4541.09
3.8,6.83037,40859.6,15839.8,-35419.2,2099.19,-89.6882,-4671.14
3.9,6.84261,40827.6,13200.3,-34411.6,2024.08,-160.655,-4827.24
4.0,6.84831,40818.0,11980.4,-31661.6,1993.67,-153.251,-5009.98
4.1,6.84659,40794.4,12283.4,-28293.8,1944.45,-68.245,-4956.54
4.2,6.84343,40807.1,12343.9,-23819.3,1957.14,13.931,-4773.99
4.3,6.8293,40743.8,10702.1,-17956.7,1990.16,-17.0448,-4730.71
4.4,6.80102,40723.1,7296.6,-11920.8,2066.22,-160.662,-4797.44
4.5,6.78014,40778.7,6457.92,-7244.24,2143.21,-282.513,-4862.24
4.6,6.77219,40810.8,7638.23,-5505.46,2172.15,-348.329,-4867.14
4.7,6.77865,40850.8,7480.32,-6526.48,2162.93,-315.399,-4936.89
4.8,6.80252,40894.7,4405.08,-8941.14,2127.94,-231.235,-5114.18
4.9,6.82697,40871.1,592.114,-12312.7,2103.45,-197.355,-5247.18
5.0,6.85462,40908.0,-592.89,-15671.2,2074.93,-116.784,-5212.43
5.1,6.87268,40816.2,-577.873,-19224.5,2004.65,-52.8756,-5058.87
5.2,6.87167,40793.1,-432.827,-22195.0,1979.9,3.39475,-5021.97
5.3,6.86339,40782.0,-2761.91,-24882.6,1956.19,5.50975,-5015.58
5.4,6.85868,40801.2,-5647.07,-26295.1,2005.14,-9.21813,-4993.56
5.5,6.86016,40824.4,-6037.69,-26514.7,2058.29,-33.5017,-5027.06
5.6,6.87531,40869.9,-3315.79,-25926.0,2120.09,-97.6638,-5115.95
5.7,6.88911,40827.2,-528.134,-24328.7,2126.47,-141.881,-5107.3
5.8,6.88793,40798.2,2407.99,-23496.1,2102.04,-195.902,-5098.28
5.9,6.88626,40817.5,2259.66,-24797.9,2053.98,-209.056,-5024.69
6.0,6.8916,40808.9,289.243,-28153.8,1966.41,-156.682,-4921.31
6.1,6.88095,40787.0,206.7,-33072.5,1869.67,-77.4604,-4861.12
6.2,6.88259,40818.9,2444.06,-37070.5,1777.93,13.0101,-4751.66
6.3,6.86843,40751.7,7341.62,-38668.8,1671.96,21.4136,-4704.62
6.4,6.84567,40733.5,10152.0,-39114.3,1605.32,-78.36,-4659.25
6.5,6.83003,40795.4,11466.2,-39288.1,1569.16,-131.065,-4695.85
6.6,6.83458,40836.9,13058.1,-39394.7,1566.27,-91.4733,-4735.89
6.7,6.8566,40901.9,15934.4,-39013.2,1564.62,-89.9402,-4690.05
6.8,6.90705,40976.0,19192.4,-35855.4,1589.63,-161.223,-4628.82
6.9,6.94355,40866.4,19234.0,-29132.8,1596.86,-264.044,-4646.67
7.0,6.94728,40783.6,14520.0,-20845.6,1627.42,-352.987,-4746.04
7.1,6.93305,40761.6,10432.4,-14407.2,1631.04,-416.38,-4915.03
7.2,6.92559,40799.7,11308.8,-10805.3,1606.71,-333.442,-4983.95
7.3,6.92666,40818.3,13811.3,-9242.63,1541.1,-167.16,-4822.35
7.4,6.91913,40769.9,16095.5,-8873.01,1499.51,-169.179,-4776.5
7.5,6.89259,40707.6,15156.6,-8110.62,1439.66,-245.404,-4876.86
7.6,6.83658,40604.0,11749.5,-9401.73,1377.57,-395.927,-4871.86
7.7,6.78006,40687.9,10669.0,-13097.8,1327.02,-358.404,-4815.66
7.8,6.75391,40759.3,12233.9,-19086.0,1302.27,-285.294,-4782.14
7.9,6.74049,40791.4,12993.9,-24725.6,1271.46,-211.177,-4783.94
8.0,6.73534,40794.3,12241.7,-27526.8,1276.28,-144.317,-4842.08
8.1,6.71083,40692.1,13386.3,-27174.8,1274.15,-143.635,-4953.77
8.2,6.67791,40733.8,15569.8,-25753.8,1287.74,-186.427,-4918.32
8.3,6.67385,40840.7,17612.8,-24603.6,1275.09,-199.562,-4743.26
8.4,6.69849,40911.8,17204.8,-23708.8,1292.85,-167.666,-4651.17
8.5,6.74759,40974.8,15511.2,-23178.9,1320.53,-194.081,-4709.57
8.6,6.80174,40932.9,12682.9,-21990.5,1401.17,-283.596,-4705.32
8.7,6.79946,40703.9,10107.2,-21817.3,1414.27,-416.611,-4646.37
8.8,6.76096,40688.8,8451.42,-25042.4,1420.88,-452.502,-4716.37
8.9,6.7331,40745.2,5424.33,-31512.1,1377.23,-295.484,-4780.93
9.0,6.71722,40782.2,3223.47,-38982.9,1329.09,-51.2525,-4821.56
9.1,6.70822,40795.2,4593.17,-44163.6,1233.64,122.445,-4844.25
9.2,6.68274,40681.6,7401.14,-44194.8,1185.51,104.84,-4769.72
9.3,6.6112,40564.8,9222.26,-40244.3,1190.43,-59.5978,-4683.7
9.4,6.54383,40651.7,8314.42,-36135.8,1302.71,-265.114,-4678.51
9.5,6.51338,40769.2,7750.8,-32302.7,1394.8,-280.075,-4763.41
9.6,6.50705,40822.1,7042.02,-30142.0,1480.0,-288.624,-4723.56
9.7,6.53347,40908.5,6820.59,-27543.5,1486.57,-311.75,-4689.76
9.8,6.5591,40865.5,6217.75,-22960.9,1462.09,-324.937,-4813.16
9.9,6.56785,40805.2,4324.23,-17970.9,1409.23,-314.434,-4969.32
10.0,6.57161,40825.8,2417.98,-14751.0,1340.34,-270.126,-5010.32
10.1,6.57861,40822.2,-1346.39,-14483.4,1283.94,-168.143,-4928.44
10.2,6.58453,40820.7,-5563.98,-16692.4,1242.22,-25.299,-4956.41
10.3,6.58573,40797.0,-9966.25,-19159.0,1237.73,65.315,-4980.44
10.4,6.56578,40718.8,-12409.8,-19524.5,1240.58,41.2044,-4922.37
10.5,6.52542,40672.4,-11042.9,-18147.5,1208.35,-101.608,-4880.42
10.6,6.48355,40695.9,-9767.4,-17783.6,1213.17,-267.654,-4846.0
10.7,6.4586,40804.9,-9061.47,-19008.9,1213.36,-225.069,-4861.6
10.8,6.4336,40973.8,-8867.26,-22518.7,1229.23,-101.276,-4840.43
10.9,6.41663,41119.8,-10236.4,-25363.6,1252.58,52.5457,-4730.99
11.0,6.3855,41110.8,-13890.9,-25553.9,1222.05,92.383,-4689.77
11.1,6.33815,41175.3,-16997.7,-23993.4,1222.77,22.5327,-4846.49
11.2,6.31791,41383.0,-18557.8,-22994.0,1231.84,-51.9958,-4928.43
11.3,6.31836,41568.6,-18268.1,-23572.7,1277.62,-18.1488,-4859.42
11.4,6.31917,41637.3,-16683.4,-26226.0,1249.7,22.425,-4811.29
11.5,6.31689,41679.1,-18387.4,-28763.0,1236.16,44.001,-4794.93
11.6,6.31007,41693.9,-20690.7,-29451.4,1191.26,11.3899,-4809.41
11.7,6.30066,41825.6,-19973.1,-29141.1,1159.3,-57.8913,-4789.42
11.8,6.31173,41996.8,-18540.7,-29470.4,1127.36,-96.168,-4650.94
11.9,6.31805,42065.4,-15594.0,-31385.2,1084.55,-37.9131,-4636.75
12.0,6.29806,42058.1,-12115.7,-34054.8,1077.1,126.067,-4744.64
12.1,6.26359,42086.9,-8684.32,-33934.3,1103.05,301.173,-4775.21
12.2,6.20518,42128.5,-6552.31,-30647.5,1134.4,242.919,-4707.13
12.3,6.15899,42380.3,-4000.15,-25830.4,1175.27,47.7256,-4786.0
12.4,6.1541,42507.4,-795.056,-21160.2,1259.05,-38.6387,-4883.71
12.5,6.15571,42444.4,2480.86,-19732.1,1331.69,-83.3008,-4781.85
12.6,6.15542,42525.5,3775.04,-21468.5,1394.63,-103.837,-4614.59
12.7,6.14642,42631.7,1774.43,-23827.4,1417.98,-98.8254,-4619.11
12.8,6.11694,42835.6,-1538.85,-26022.0,1429.28,-84.6096,-4749.06
12.9,6.11108,43094.7,-2899.44,-28578.3,1369.48,-63.624,-4786.76
13.0,6.13536,43295.5,-762.714,-29995.8,1336.03,48.5536,-4776.64
13.1,6.14586,43282.1,925.774,-31075.6,1354.32,148.648,-4799.59
13.2,6.14042,43212.2,-92.1528,-31055.8,1398.21,193.245,-4889.39
13.3,6.10379,43122.5,-1615.92,-29019.5,1477.99,138.659,-4964.2
13.4,6.05335,43232.6,-2392.39,-26123.7,1517.01,-16.8785,-4873.89
13.5,6.04136,43574.2,-2770.71,-23891.1,1549.05,-205.636,-4740.11
13.6,6.07597,43677.3,-2896.35,-22346.6,1622.44,-294.587,-4749.58
13.7,6.11642,43684.7,-3181.4,-21554.7,1670.35,-270.677,-4829.07
13.8,6.14024,43782.9,-3440.43,-20273.6,1724.27,-215.133,-4831.43
13.9,6.11457,43652.6,-2863.03,-17704.2,1768.85,-186.108,-4848.89
14.0,6.08363,43669.8,-2867.51,-14491.6,1854.23,-118.631,-4930.72
14.1,6.08091,43787.6,-4355.52,-11879.0,1878.29,-42.1115,-4978.97
14.2,6.09321,43901.1,-5346.09,-9969.37,1914.54,15.2145,-4967.46
14.3,6.10395,43845.7,-7187.09,-8975.54,1947.17,-17.1545,-4853.03
14.4,6.09645,43670.6,-10029.0,-7725.83,1978.6,-108.785,-4771.81
14.5,6.0705,43557.2,-14250.5,-5326.39,1987.06,-206.514,-4769.19
14.6,6.04682,43605.1,-18424.2,-2412.81,1934.37,-309.753,-4820.62
14.7,6.05034,43827.9,-20493.1,-63.8371,1895.75,-383.15,-4872.8
14.8,6.07944,44014.5,-19625.2,20.2471,1901.02,-377.111,-4899.58
14.9,6.1079,44017.0,-17724.6,-2018.72,1949.0,-215.354,-4893.55
15.0,6.11058,43841.7,-16961.0,-4427.86,2037.01,-13.8643,-4880.62
15.1,6.09216,43732.7,-16391.2,-5981.61,2130.1,21.4307,-4893.96
15.2,6.08786,43797.5,-15492.5,-6479.3,2179.33,-73.2094,-4814.28
15.3,6.10235,43885.5,-12086.0,-7915.38,2156.88,-240.999,-4682.81
15.4,6.13377,43942.7,-8449.55,-11258.6,2142.27,-287.56,-4559.21
15.5,6.16412,43807.0,-5316.54,-16361.3,2086.04,-284.227,-4558.08
15.6,6.1675,43563.5,-2227.85,-19512.9,2017.06,-209.644,-4647.09
15.7,6.15111,43404.2,257.631,-19037.3,1970.94,-201.16,-4666.41
15.8,6.13474,43386.8,3503.53,-15396.6,1911.55,-269.051,-4692.9
15.9,6.1277,43467.3,5956.29,-11118.8,1911.77,-318.676,-4779.74
16.0,6.11997,43486.9,6582.97,-9113.0,1965.01,-280.487,-4812.48
16.1,6.10359,43465.3,5688.32,-10030.4,2033.8,-196.208,-4748.02
16.2,6.07386,43432.9,3845.48,-13054.9,2091.13,-176.371,-4657.77
16.3,6.06227,43570.7,5224.45,-15272.6,2114.73,-185.274,-4709.48
16.4,6.08372,43757.8,9766.18,-15044.6,2075.63,-230.936,-4737.85
16.5,6.12968,43860.6,15842.8,-11957.3,2024.97,-274.147,-4711.38
16.6,6.16935,43735.2,20437.2,-8138.34,1980.67,-346.869,-4750.73
16.7,6.17792,43490.2,21993.9,-5379.69,1925.24,-351.422,-4868.75
16.8,6.16029,43323.4,22103.6,-4411.86,1904.14,-252.499,-4920.29
16.9,6.14579,43358.4,22287.8,-4766.33,1954.51,-158.347,-4823.0
17.0,6.15794,43508.9,24221.3,-4512.51,1990.5,-137.336,-4774.33
17.1,6.17028,43468.3,24956.0,-4323.12,1980.25,-285.606,-4782.58
17.2,6.16939,43402.4,25317.2,-4173.96,2022.87,-359.396,-4856.43
17.3,6.16226,43287.1,24534.9,-5119.26,2071.24,-320.75,-4857.37
17.4,6.15753,43301.9,22632.6,-5891.33,2129.21,-192.0,-4878.48
17.5,6.17526,43391.4,18730.5,-3617.01,2138.87,-61.8531,-4950.35
17.6,6.18781,43340.1,14301.5,2037.38,2126.65,-118.547,-5078.67
17.7,6.19068,43284.4,11332.8,8845.16,2118.85,-269.847,-5149.24
17.8,6.18259,43167.5,7521.81,12946.9,2096.29,-366.23,-5041.58
17.9,6.15673,43078.2,3441.76,12168.6,2073.25,-321.268,-5014.68
18.0,6.14893,43187.5,-1800.68,7639.5,2078.16,-181.81,-5053.7
18.1,6.17088,43292.2,-6025.51,3188.01,2077.85,-72.9128,-5034.4
18.2,6.20532,43308.2,-8541.99,1452.4,2102.2,-82.8715,-4969.12
18.3,6.22974,43179.5,-10557.7,1658.58,2104.27,-157.258,-4986.01
18.4,6.2342,42993.5,-13552.0,1207.79,2066.22,-170.581,-5101.37
18.5,6.21305,42872.1,-15659.1,-1608.84,1967.8,-48.645,-5194.74
18.6,6.19697,42956.8,-16207.2,-6145.33,1864.48,83.036,-5166.83
18.7,6.19571,43089.0,-14135.3,-10722.8,1779.18,37.535,-5138.31
18.8,6.20539,43177.9,-12475.7,-12907.2,1704.32,-43.7695,-5112.95
18.9,6.21671,43143.7,-11513.0,-12333.2,1692.43,-112.615,-5118.19
19.0,6.21247,43005.9,-11558.4,-10730.7,1702.27,-170.031,-5063.46
19.1,6.21423,42985.4,-10139.0,-9198.38,1757.22,-184.724,-5027.11
19.2,6.21704,42938.3,-7853.46,-9119.34,1751.18,-168.213,-4930.22
19.3,6.22703,42966.0,-3825.3,-10761.5,1732.24,-112.395,-4853.75
19.4,6.24491,42978.3,332.07,-13404.9,1721.61,-61.3731,-4784.14
19.5,6.26218,42892.0,5529.48,-15510.8,1686.38,-23.5171,-4814.75
19.6,6.26195,42751.7,11243.2,-16011.3,1637.82,-44.1472,-4879.81
19.7,6.24226,42603.1,14323.2,-14392.3,1590.55,-117.973,-4874.88
19.8,6.21105,42581.3,16771.4,-12155.1,1584.78,-226.275,-4922.05
19.9,6.19378,42684.6,18473.7,-11092.2,1554.83,-307.096,-4919.34
20.0,6.19692,42880.3,20543.2,-10989.8,1592.23,-264.151,-4805.42
20.1,6.21679,42957.0,24283.3,-11114.5,1647.85,-223.964,-4691.39
20.2,6.2284,42922.0,26496.8,-10101.0,1696.21,-244.479,-4600.57
20.3,6.22196,42809.1,26110.2,-6878.18,1672.67,-259.14,-4638.27
20.4,6.19323,42720.9,25040.9,-2818.7,1623.94,-302.618,-4797.59
20.5,6.17241,42882.8,25971.9,-85.4573,1596.97,-346.292,-4942.93
20.6,6.18955,43091.9,26633.3,1075.99,1591.59,-316.703,-4954.94
20.7,6.21353,43132.8,25554.5,2280.66,1626.6,-224.842,-4998.0
20.8,6.21861,42991.2,20928.9,4637.23,1682.01,-212.238,-5101.29
20.9,6.20812,42838.2,17234.3,9045.19,1735.82,-320.355,-5188.95
21.0,6.18643,42791.0,13698.6,13720.9,1761.97,-461.077,-5031.97
21.1,6.18646,42943.1,10536.8,15902.3,1768.56,-508.895,-4873.18
21.2,6.21505,43110.8,6316.77,14631.6,1794.17,-429.417,-4907.7
21.3,6.24209,43076.1,1795.7,10481.7,1810.1,-293.176,-5010.78
21.4,6.2383,42885.6,-1486.4,4869.6,1864.63,-197.122,-5028.39
21.5,6.20923,42726.7,-3362.1,-319.398,1869.37,-123.707,-5016.26
21.6,6.17258,42747.8,-6433.66,-4831.03,1884.49,-83.1032,-5083.99
21.7,6.16592,42993.6,-11442.3,-9486.06,1929.7,-84.9825,-5180.04
21.8,6.19885,43206.5,-16049.1,-14058.9,1980.21,-71.5021,-5169.36
21.9,6.2289,43143.0,-17527.8,-17221.4,1975.12,-37.9863,-5043.26
22.0,6.22106,42904.8,-17606.6,-18469.9,1955.53,-90.208,-4881.56
22.1,6.20222,42811.0,-18278.3,-17380.3,2000.41,-218.763,-4836.94
22.2,6.19256,42904.4,-17635.5,-16153.7,2002.74,-372.543,-4909.74
22.3,6.21303,43085.8,-14322.7,-16818.4,1981.86,-395.372,-4912.06
22.4,6.24721,43130.4,-8348.34,-19731.4,1974.24,-307.063,-4827.25
22.5,6.26775,43012.8,-2053.33,-23540.5,2014.23,-181.51,-4798.73
22.6,6.27244,42815.8,1271.46,-26314.1,2032.26,-117.207,-4836.21
22.7,6.25574,42652.4,5390.82,-26594.1,2027.64,-123.057,-4945.21
22.8,6.24183,42670.9,9277.21,-25485.6,2014.34,-198.576,-4858.7
22.9,6.24846,42789.2,12634.8,-24339.7,1989.82,-286.132,-4737.44
23.0,6.26052,42814.4,12507.6,-24697.7,1979.83,-362.586,-4719.15
23.1,6.2641,42755.7,11285.8,-25732.8,1954.07,-330.893,-4851.85
23.2,6.25359,42654.9,12989.8,-26141.1,1961.93,-313.77,-4917.59
23.3,6.23662,42618.2,17297.9,-25296.7,1941.82,-360.105,-4823.94
23.4,6.24212,42749.5,22552.8,-23214.6,1935.39,-374.523,-4814.41
23.5,6.27207,42837.7,26180.7,-20766.7,1942.68,-314.185,-4900.78
23.6,6.30931,42807.2,29181.3,-17891.0,1966.12,-168.141,-4927.78
23.7,6.33038,42587.1,32594.3,-13453.6,1969.84,-82.3314,-4811.88
23.8,6.31289,42324.2,34188.3,-7280.04,1996.72,-152.774,-4712.33
23.9,6.28585,42249.0,32424.5,-343.234,1999.74,-295.946,-4788.17
24.0,6.2679,42334.7,29066.6,4912.44,1987.47,-426.649,-4951.98
24.1,6.2683,42475.8,25003.9,5894.87,1980.62,-491.228,-4963.59
24.2,6.28786,42599.1,22539.6,2541.68,1987.18,-432.419,-4931.5
24.3,6.32004,42576.6,19956.2,-1965.61,2026.56,-239.066,-4946.59
24.4,6.3364,42423.9,17914.8,-3806.17,2083.95,-58.0342,-5038.73
24.5,6.34278,42306.9,16807.6,-1735.05,2153.41,-44.0145,-5046.24
24.6,6.34695,42229.3,16157.6,2520.76,2201.68,-144.267,-4968.36
24.7,6.34606,42208.4,15175.0,4439.62,2252.59,-200.352,-4915.26
24.8,6.35072,42206.4,12609.7,1983.02,2260.0,-75.4605,-4868.46
24.9,6.34905,42115.9,8852.27,-2893.29,2203.61,70.6774,-4778.1
25.0,6.33365,42032.1,5134.91,-6529.94,2119.91,50.8279,-4738.12
25.1,6.32753,42060.4,3464.42,-7816.75,2023.47,-161.603,-4840.14
25.2,6.34519,42133.5,4147.55,-8562.93,1958.59,-354.944,-4969.31
25.3,6.36967,42130.1,7565.61,-12190.7,1908.91,-367.803,-5010.48
25.4,6.39368,42082.9,11357.9,-18768.0,1967.72,-169.987,-4968.58
25.5,6.40518,41931.1,12578.4,-24931.2,2065.36,60.3037,-4888.7
25.6,6.39483,41836.7,14888.6,-29295.4,2168.5,81.138,-4874.83
25.7,6.41415,41942.4,19464.9,-29963.1,2265.7,47.2918,-4773.99
25.8,6.43584,41886.3,23687.1,-28933.2,2240.03,-58.0327,-4508.45
25.9,6.45771,41843.7,26666.8,-29195.5,2229.85,-181.475,-4452.37
26.0,6.50057,41750.0,25089.4,-29961.2,2204.23,-200.723,-4545.31
26.1,6.52484,41507.3,23116.9,-28846.5,2163.02,-171.791,-4707.62
26.2,6.52216,41288.0,23028.0,-25866.6,2071.42,-251.85,-4786.31
26.3,6.53162,41224.5,24534.0,-20224.0,2006.15,-360.717,-4871.17
26.4,6.52615,41127.5,25710.3,-14292.1,1936.71,-401.055,-4977.81
26.5,6.52697,41150.3,25521.0,-10755.1,1965.69,-309.857,-4987.21
26.6,6.52301,41049.5,24103.6,-9205.65,2006.25,-171.114,-4818.33
26.7,6.48588,40928.1,22499.2,-7300.64,2081.57,-44.2131,-4643.83
26.8,6.45646,40978.7,18582.3,-3701.3,2084.8,-56.8871,-4539.11
26.9,6.44352,41084.7,16444.0,2546.64,2002.81,-216.572,-4666.92
27.0,6.45305,41257.2,16414.0,8817.79,1932.56,-426.347,-4827.13
27.1,6.48954,41334.2,17035.0,12430.9,1812.72,-539.654,-4906.22
27.2,6.52078,41245.6,15155.6,13199.5,1774.7,-481.431,-5026.33
27.3,6.54112,41138.2,9807.59,12578.8,1862.43,-296.605,-5232.36
27.4,6.57666,41076.9,4913.91,12712.1,1947.08,-180.527,-5343.23
27.5,6.60615,40968.1,5428.57,15152.4,2010.81,-174.3,-5278.43
27.6,6.63108,40853.2,8169.93,17864.8,2067.77,-235.645,-5021.61
27.7,6.6472,40847.2,9969.39,18008.8,2123.32,-296.48,-4854.09
27.8,6.65356,40820.6,10827.5,16165.6,2180.6,-205.484,-4888.81
27.9,6.63971,40744.8,11121.2,13204.3,2192.32,-166.731,-4861.27
28.0,6.61928,40751.1,10928.7,11128.3,2177.79,-273.52,-4775.52
28.1,6.60082,40757.5,11166.3,9938.63,2121.3,-455.731,-4900.38
28.2,6.5855,40784.0,11417.4,7683.44,2078.59,-531.844,-5147.68
28.3,6.59097,40840.9,12743.3,3553.48,2023.08,-423.357,-5202.3
28.4,6.59664,40826.8,16051.8,-961.08,2022.22,-247.281,-5062.6
28.5,6.58756,40758.6,18644.7,-4423.43,2050.27,-176.618,-4911.37
28.6,6.57542,40777.1,19114.1,-5516.24,2097.65,-196.132,-4832.57
28.7,6.56268,40775.2,20567.3,-5743.27,2096.03,-288.002,-4752.44
28.8,6.57042,40874.0,24734.6,-6375.5,2054.29,-334.918,-4592.85
28.9,6.60377,40927.0,27681.2,-8152.9,1977.25,-376.259,-4422.77
29.0,6.64188,40920.1,26994.3,-9712.84,1906.08,-392.329,-4517.43
29.1,6.69062,40955.3,23024.8,-9855.16,1902.6,-422.406,-4782.98
29.2,6.73696,40928.1,20414.1,-7866.61,1869.14,-448.38,-4953.41
29.3,6.77213,40889.1,20297.5,-4031.6,1838.16,-429.466,-4934.8
29.4,6.78223,40794.0,20190.7,-793.438,1764.87,-459.595,-4873.54
29.5,6.77674,40802.4,16640.5,1644.75,1777.28,-391.49,-4872.3
29.6,6.77505,40800.3,12814.2,3274.21,1839.2,-307.265,-4896.25
29.7,6.77712,40842.6,13459.2,5014.59,1922.74,-297.869,-4846.28
29.8,6.78002,40800.0,18565.6,7058.16,1938.24,-430.499,-4700.13
29.9,6.75732,40715.4,24276.8,9382.25,1926.89,-567.464,-4690.97
30.0,6.72514,40728.0,25135.1,11232.6,1917.69,-568.382,-4864.32
30.1,6.70688,40790.7,25111.6,11562.1,1909.32,-538.138,-5148.14
30.2,6.71751,40873.6,25880.6,10783.3,1872.28,-483.766,-5205.9
30.3,6.74079,40881.7,25014.3,9493.87,1855.6,-400.899,-5040.24
30.4,6.75455,40824.1,21141.6,7750.45,1863.41,-333.129,-5027.07
30.5,6.74075,40735.6,16606.0,5666.97,1819.34,-267.168,-5190.49
30.6,6.7234,40770.2,13107.9,4240.09,1813.79,-202.669,-5110.83
30.7,6.71763,40822.1,12365.0,2713.28,1757.14,-221.014,-4847.09
30.8,6.75576,40996.1,11739.9,1886.07,1753.64,-196.262,-4788.75
30.9,6.81862,40973.9,9051.75,2803.46,1778.8,-149.463,-4926.73
31.0,6.84217,40798.4,5890.43,3881.62,1766.4,-223.484,-4951.91
31.1,6.82708,40736.7,5817.96,4930.79,1745.03,-293.107,-4898.77
31.2,6.79302,40685.7,6458.49,4752.5,1720.55,-315.252,-4849.89
31.3,6.7637,40763.2,6658.16,1817.93,1644.66,-274.377,-4860.16
31.4,6.77265,40882.7,10061.9,-3218.78,1577.3,-208.61,-4903.41
31.5,6.78641,40821.7,15840.5,-7526.2,1564.93,-107.915,-4766.94
31.6,6.76466,40711.5,22020.0,-11705.1,1575.3,-156.131,-4586.92
31.7,6.72082,40662.8,27109.3,-15602.7,1553.93,-262.242,-4594.98
31.8,6.66048,40619.7,30706.4,-19707.4,1479.14,-298.167,-4633.74
31.9,6.62512,40776.3,34509.6,-24796.0,1402.3,-270.236,-4524.95
32.0,6.65205,40964.5,37421.5,-28709.6,1371.6,-204.628,-4400.85
32.1,6.70083,40929.5,36101.1,-29186.6,1384.0,-180.411,-4465.21
32.2,6.71942,40817.9,34459.3,-25545.1,1374.31,-183.057,-4723.83
32.3,6.70012,40699.7,32008.1,-19316.4,1396.78,-265.285,-4791.26
32.4,6.66067,40680.0,31272.6,-13634.8,1382.76,-376.939,-4729.99
32.5,6.64628,40838.8,28601.9,-10140.9,1373.76,-353.896,-4736.45
32.6,6.68828,40973.4,24758.5,-9409.09,1447.13,-328.181,-4862.63
32.7,6.73385,40936.9,23563.6,-10386.2,1511.51,-308.78,-4912.06
32.8,6.76805,40862.2,26386.5,-10067.7,1589.02,-256.248,-4789.55
32.9,6.75026,40690.2,29534.5,-7341.95,1653.49,-241.038,-4663.58
33.0,6.7114,40699.5,29019.4,-3480.0,1681.65,-272.318,-4738.03
33.1,6.69152,40779.5,26885.0,-317.908,1645.15,-294.46,-4909.14
33.2,6.68057,40783.8,27491.6,345.804,1613.64,-259.91,-4939.67
33.3,6.6661,40755.6,29342.1,-1120.42,1570.16,-172.252,-4772.14
33.4,6.62261,40634.6,27464.0,-2800.81,1510.97,-152.303,-4711.02
33.5,6.54752,40571.0,21651.1,-3231.84,1457.94,-218.719,-4917.09
33.6,6.49608,40725.5,18521.8,-2628.4,1422.65,-338.916,-5125.78
33.7,6.49025,40852.4,20191.9,-2784.87,1388.59,-432.504,-4990.95
33.8,6.51953,40921.7,22762.1,-5214.33,1392.33,-408.105,-4719.08
33.9,6.55266,40886.1,22431.3,-10005.5,1432.62,-273.42,-4702.84
34.0,6.57015,40831.8,20318.1,-15841.8,1526.01,-154.2,-4820.82
34.1,6.57188,40799.4,20924.6,-20026.9,1491.39,-43.4254,-4678.87
34.2,6.57174,40807.3,25053.3,-22842.7,1433.99,-107.608,-4423.81
34.3,6.59312,40912.6,27562.1,-24590.1,1326.84,-200.924,-4381.11
34.4,6.62693,40908.5,26370.4,-27310.6,1233.32,-266.216,-4573.95
34.5,6.64857,40840.4,27989.8,-30758.8,1187.73,-243.99,-4756.65
34.6,6.6337,40722.1,32960.1,-33695.9,1176.24,-218.02,-4615.77
34.7,6.60065,40699.8,37580.0,-33607.3,1192.66,-247.318,-4464.03
34.8,6.56786,40714.3,37869.8,-29584.0,1200.12,-343.417,-4581.96
34.9,6.53841,40748.2,36157.7,-24364.0,1243.39,-480.909,-4746.24
35.0,6.53536,40827.0,37066.8,-19374.6,1342.32,-458.27,-4647.65
35.1,6.52351,40740.2,39999.2,-15817.0,1429.14,-367.235,-4411.1
35.2,6.49201,40713.9,38954.6,-12018.6,1506.21,-255.575,-4387.08
35.3,6.44906,40650.9,32468.2,-6492.62,1500.15,-287.309,-4603.96
35.4,6.40136,40700.9,28310.7,57.1116,1448.83,-439.534,-4838.31
35.5,6.39807,40983.1,29543.7,4363.21,1393.14,-610.556,-4811.1
35.6,6.43613,41227.6,29946.7,6690.39,1326.83,-580.55,-4669.99
35.7,6.45376,41194.9,23195.5,6573.91,1315.92,-498.589,-4773.34
35.8,6.45394,41145.0,14604.5,5493.4,1388.74,-421.947,-5109.36
35.9,6.44402,41114.7,9636.33,5574.93,1458.0,-318.804,-5090.43
36.0,6.42782,41217.0,9918.67,7387.47,1476.65,-212.274,-4775.68
36.1,6.4319,41433.2,8469.33,8467.16,1504.92,-251.338,-4650.08
36.2,6.45843,41587.0,2876.82,8149.36,1551.08,-276.211,-4861.34
36.3,6.46303,41473.3,-2577.03,4895.09,1580.34,-251.617,-5007.86
36.4,6.4419,41348.5,-204.364,-772.102,1585.65,-231.22,-4942.5
36.5,6.42011,41337.1,4254.84,-5714.65,1604.07,-236.499,-4786.45
36.6,6.401,41384.4,2742.76,-8202.26,1583.63,-290.348,-4853.23
36.7,6.39801,41508.5,-982.969,-8769.94,1548.56,-339.976,-5161.93
36.8,6.4038,41546.9,-1495.61,-8472.26,1565.94,-313.627,-5189.71
36.9,6.3897,41444.6,3172.67,-8546.6,1612.27,-207.584,-4873.37
37.0,6.35629,41377.7,5812.07,-9413.62,1644.03,-115.628,-4615.25
37.1,6.31221,41387.4,3655.01,-9672.53,1615.98,-68.4733,-4726.22
37.2,6.26144,41514.4,7.23064,-10371.3,1535.98,-157.932,-4866.19
37.3,6.24519,41899.3,1692.0,-12060.0,1450.56,-230.22,-4774.7
37.4,6.28233,42213.5,5427.66,-13884.0,1366.55,-198.559,-4559.07
37.5,6.32175,42320.1,5681.53,-15875.0,1373.99,-187.398,-4620.82
37.6,6.36519,42290.8,2790.85,-17316.5,1432.03,-216.663,-4907.22
37.7,6.38274,42088.4,3555.83,-17241.3,1476.6,-226.801,-4991.73
37.8,6.37093,41975.3,9067.78,-17416.5,1458.63,-229.845,-4687.42
37.9,6.37877,42113.9,13309.7,-17721.7,1461.97,-184.793,-4406.22
38.0,6.40529,42158.4,12383.3,-17358.0,1489.21,-165.798,-4505.9
38.1,6.41855,42087.1,11431.1,-16398.1,1532.96,-205.399,-4740.42
38.2,6.41426,41873.2,13634.5,-14607.1,1535.24,-291.842,-4663.14
38.3,6.3634,41604.9,18024.7,-12625.0,1520.74,-381.532,-4550.5
38.4,6.3014,41607.0,18763.1,-11933.8,1468.45,-421.176,-4713.74
38.5,6.26375,41849.8,14840.4,-11287.2,1398.63,-311.843,-5020.43
38.6,6.25066,42101.2,12836.7,-9976.61,1367.96,-211.995,-5123.37
38.7,6.24735,42263.2,14692.5,-8413.27,1353.45,-227.517,-4971.97
38.8,6.24089,42299.7,16010.1,-5099.85,1390.22,-193.591,-4863.92
38.9,6.20443,42204.1,13704.8,-229.268,1424.3,-114.731,-4962.65
39.0,6.17153,42375.6,8564.94,4171.3,1572.87,-130.282,-5043.01
39.1,6.1876,42674.2,6263.57,8538.08,1602.66,-164.497,-4958.05
39.2,6.21173,42813.7,7067.99,11000.0,1591.57,-249.27,-4839.95
39.3,6.2581,42934.0,5430.56,10826.4,1598.42,-244.585,-4821.61
39.4,6.32017,42901.4,1726.44,9139.56,1626.23,-190.739,-4986.75
39.5,6.34834,42624.1,-942.993,6460.85,1617.88,-131.439,-5124.6
39.6,6.36029,42438.0,-1789.84,3522.13,1575.62,-65.232,-5046.32
39.7,6.35048,42284.8,-3078.22,600.858,1558.42,-42.7023,-4934.65
39.8,6.31822,42233.1,-5757.35,-3516.88,1559.7,1.8985,-5015.86
39.9,6.30046,42320.6,-8827.62,-7854.84,1573.83,120.654,-5074.0
40.0,6.25868,42257.5,-9669.01,-10849.8,1599.52,194.219,-4934.52
40.1,6.20244,42273.7,-9359.15,-12884.2,1633.74,78.933,-4741.08
40.2,6.1501,42369.9,-9709.78,-14791.0,1617.22,-148.895,-4724.29
40.3,6.10143,42556.4,-10721.9,-16980.6,1585.34,-207.223,-4829.33
40.4,6.08285,42851.7,-10026.9,-21164.7,1544.75,-182.063,-4840.55
40.5,6.11096,43136.2,-7130.13,-25083.7,1543.76,-86.1923,-4792.03
40.6,6.15905,43180.0,-4479.68,-26101.4,1531.06,14.1635,-4826.48
40.7,6.17662,43169.5,-2760.25,-25088.5,1527.11,-14.299,-4967.26
40.8,6.17369,43023.1,-2314.93,-24268.3,1501.55,-102.868,-4958.41
40.9,6.16756,43020.1,1050.15,-24492.2,1457.97,-75.428,-4867.69
41.0,6.18417,43213.3,2941.18,-26279.1,1449.6,-8.8915,-4684.04
41.1,6.23491,43365.0,2851.31,-28218.9,1453.36,-51.2043,-4616.04
41.2,6.28941,43296.0,1987.2,-27173.7,1485.83,-122.889,-4686.79
41.3,6.30397,42981.7,2619.36,-24603.7,1479.85,-276.267,-4728.88
41.4,6.2735,42692.7,4857.87,-23158.6,1427.36,-412.169,-4711.15
41.5,6.22005,42628.7,6396.29,-24035.8,1370.07,-336.126,-4742.4
41.6,6.17279,42794.5,7556.16,-26495.0,1336.97,-79.0247,-4858.53
41.7,6.14882,43068.0,8764.16,-28853.9,1382.62,81.184,-4889.46
41.8,6.15158,43231.5,10345.5,-26560.1,1512.28,165.887,-4822.78
41.9,6.11666,43031.7,10936.1,-20852.4,1612.84,18.8312,-4792.57
42.0,6.05401,42974.9,9487.94,-14635.6,1761.05,-180.993,-4879.63
42.1,6.01916,43152.3,9366.37,-10998.3,1826.42,-334.914,-4962.52
42.2,6.02613,43511.8,9235.7,-10050.3,1855.84,-303.876,-4856.91
42.3,6.09412,43857.2,6444.9,-10370.7,1862.03,-221.857,-4755.44
42.4,6.17965,43859.3,2374.3,-10346.5,1831.62,-256.036,-4916.98
42.5,6.22979,43540.8,-1257.65,-10136.8,1777.46,-282.193,-5082.25
42.6,6.24202,43217.0,-1004.34,-11431.2,1749.19,-218.245,-5036.54
42.7,6.22907,43052.1,629.912,-15350.4,1704.12,-76.2433,-4879.08
42.8,6.22247,43130.3,1066.95,-21538.1,1675.51,60.9474,-4870.28
42.9,6.23793,43256.1,2611.04,-27238.3,1670.33,120.546,-4974.7
43.0,6.23991,43180.8,5115.42,-30068.4,1671.35,95.5961,-4841.88
43.1,6.21262,43036.0,9177.11,-30055.5,1706.58,-32.3416,-4650.92
43.2,6.18263,42984.4,9524.49,-28209.8,1743.33,-183.829,-4601.76
43.3,6.15667,43049.7,6140.27,-26980.4,1749.04,-273.696,-4689.57
43.4,6.14875,43177.8,3934.82,-27462.2,1656.83,-233.893,-4736.02
43.5,6.14965,43242.9,4902.41,-28439.3,1564.55,-101.508,-4618.98
43.6,6.13833,43187.7,5243.63,-29794.4,1479.21,-40.1781,-4492.62
43.7,6.12782,43162.3,3838.38,-30708.9,1424.09,-18.3955,-4631.52
43.8,6.12107,43159.8,2167.33,-31583.8,1429.35,14.8609,-4853.74
43.9,6.11868,43183.7,4600.51,-32863.4,1420.96,69.154,-4840.97
44.0,6.12639,43237.3,8391.36,-33707.7,1417.41,89.0632,-4599.46
44.1,6.14224,43298.0,10523.7,-32340.2,1449.39,63.5122,-4516.93
44.2,6.16487,43360.1,8092.24,-28835.6,1489.39,-24.9045,-4632.04
44.3,6.20109,43425.0,6536.04,-23149.8,1559.92,-100.474,-4755.05
44.4,6.23261,43374.3,7039.46,-17106.1,1616.91,-176.637,-4661.7
44.5,6.23701,43240.5,7746.37,-13803.8,1599.93,-276.436,-4566.46
44.6,6.22027,43146.7,6920.12,-14215.6,1579.85,-247.847,-4735.21
44.7,6.19658,43113.2,5177.82,-18308.7,1550.57,-114.427,-4914.98
44.8,6.18238,43219.4,7063.09,-23178.5,1571.46,81.3241,-4917.84
44.9,6.18447,43233.7,9322.88,-25535.4,1642.54,190.14,-4769.88
45.0,6.16335,43085.6,8959.35,-24807.4,1711.98,124.058,-4779.82
45.1,6.12099,42968.7,8895.51,-23804.1,1756.47,-40.8124,-4963.12
45.2,6.07224,42973.2,12031.9,-24391.3,1758.85,-87.2513,-4917.67
45.3,6.02936,43130.6,17645.1,-27069.0,1690.08,-23.9854,-4632.92
45.4,6.02166,43467.9,19723.5,-28895.8,1638.9,67.9962,-4532.88
45.5,6.04823,43720.7,14940.9,-26307.6,1654.8,75.2559,-4751.43
45.6,6.07043,43731.8,9292.39,-20480.5,1648.03,-84.7089,-4997.5
45.7,6.08909,43717.3,8657.21,-14602.4,1654.46,-220.391,-5009.36
45.8,6.09991,43651.1,10456.0,-13178.1,1654.34,-252.41,-4842.82
45.9,6.11478,43726.2,10696.7,-17134.8,1665.7,-79.5188,-4806.4
46.0,6.16839,43864.0,6866.9,-23282.5,1689.59,161.077,-4827.75
46.1,6.22768,43830.1,3733.59,-27009.9,1715.33,256.0,-4755.54
46.2,6.26908,43594.3,5923.0,-26215.2,1710.49,157.02,-4634.27
46.3,6.27818,43261.5,10630.0,-22354.0,1710.98,-54.4569,-4569.6
46.4,6.23883,42948.0,13249.6,-19058.2,1696.12,-191.824,-4610.36
46.5,6.1892,42914.7,13433.9,-18672.0,1683.94,-182.78,-4715.79
46.6,6.14552,43013.6,11937.0,-20511.4,1603.35,-88.2572,-4704.22
46.7,6.11141,43154.7,10956.9,-21736.9,1515.24,-22.9683,-4631.52
46.8,6.08391,43275.1,9425.41,-21705.5,1475.24,-109.518,-4582.24
46.9,6.06089,43344.4,8155.86,-21395.3,1433.91,-226.166,-4635.84
47.0,6.03803,43400.8,8645.88,-22912.5,1451.59,-258.228,-4732.96
47.1,6.02131,43519.7,9794.98,-27048.5,1499.72,-175.722,-4687.43
47.2,6.02899,43723.0,10246.2,-31140.6,1521.44,-13.7869,-4617.52
47.3,6.05,43859.7,9127.18,-32316.3,1530.99,60.3926,-4687.74
47.4,6.08487,43966.0,8899.14,-29692.0,1557.31,-10.7621,-4846.01
47.5,6.12927,43950.9,10318.8,-24404.3,1531.46,-147.165,-4845.84
47.6,6.16181,43822.3,10908.2,-18993.7,1548.23,-244.592,-4710.33
47.7,6.19032,43707.9,6120.22,-15671.8,1591.44,-277.688,-4648.75
47.8,6.20921,43586.9,-1743.62,-15213.0,1630.03,-288.161,-4782.08
47.9,6.21462,43462.4,-6134.97,-15889.2,1641.65,-225.225,-4905.81
48.0,6.20949,43372.0,-5981.1,-16647.6,1657.34,-175.199,-4785.72
48.1,6.19302,43310.1,-4733.37,-17481.1,1683.47,-184.356,-4688.12
48.2,6.17088,43268.3,-6047.69,-18167.9,1749.85,-108.058,-4848.12
48.3,6.12773,43164.9,-6297.34,-20980.6,1800.87,-63.3792,-5077.17
48.4,6.07823,43221.5,-2482.06,-24963.5,1839.97,43.3504,-4969.13
48.5,6.04816,43342.6,2733.6,-27769.4,1873.25,115.805,-4632.42
48.6,6.03106,43488.6,4065.75,-27879.7,1896.21,36.3211,-4544.84
48.7,6.04189,43671.7,1932.14,-25923.9,1920.73,-173.755,-4751.02
48.8,6.07396,43724.6,1589.88,-23832.7,1929.4,-359.037,-4816.72
48.9,6.10933,43717.4,6407.34,-23103.1,1940.75,-347.963,-4676.06
49.0,6.15959,43682.9,11123.3,-24157.4,1927.85,-268.475,-4592.27
49.1,6.21033,43598.6,11405.9,-24550.5,1924.97,-174.682,-4760.55
49.2,6.25241,43442.8,9171.99,-23222.5,1867.16,-109.146,-4937.11
49.3,6.27974,43275.8,8186.48,-20704.0,1825.95,-105.756,-4869.36
49.4,6.29057,43137.7,10736.6,-19056.1,1774.9,-171.215,-4738.72
49.5,6.30003,43063.0,12014.9,-18337.3,1764.34,-158.075,-4712.04
49.6,6.29995,42943.8,10935.6,-17684.4,1772.36,-150.302,-4768.34
49.7,6.28033,42831.4,10608.7,-16435.4,1777.5,-251.481,-4824.23
49.8,6.25376,42793.1,13157.6,-14396.4,1782.49,-384.014,-4817.11
49.9,6.23546,42804.3,15846.2,-11915.3,1768.7,-420.106,-4777.05
50.0,6.22555,42877.9,16168.1,-10092.3,1781.05,-359.565,-4801.19
50.1,6.23063,42887.7,14643.5,-10347.3,1775.04,-306.159,-4846.38
50.2,6.22964,42788.1,12463.1,-11117.2,1756.38,-170.582,-4804.52
50.3,6.21349,42662.5,12628.6,-11771.7,1746.61,-56.718,-4754.88
50.4,6.20779,42689.8,11221.7,-10621.2,1760.39,5.18674,-4713.61
50.5,6.22975,42761.7,6986.71,-7049.0,1833.08,-57.7084,-4795.01
50.6,6.24819,42718.0,-599.424,-3402.24,1852.41,-208.614,-4909.34
50.7,6.2684,42692.3,-5211.04,-1688.53,1843.19,-294.824,-5059.27
50.8,6.27931,42604.8,-7062.0,-2867.3,1814.48,-278.322,-5018.26
50.9,6.29401,42643.3,-7097.17,-5426.96,1784.51,-164.191,-4894.64
51.0,6.32647,42719.4,-7363.24,-6824.69,1818.84,-90.2972,-4885.66
51.1,6.36052,42668.0,-7905.78,-5910.19,1880.04,-90.3597,-4952.05
51.2,6.3682,42489.5,-6642.4,-4901.92,1931.0,-133.842,-4923.27
51.3,6.3457,42273.5,-4806.15,-5102.52,1992.37,-69.658,-4795.03
51.4,6.29406,42141.5,-4609.99,-7980.33,2004.94,36.629,-4704.63
51.5,6.26481,42297.3,-5920.08,-12942.6,2036.79,115.137,-4765.18
51.6,6.26826,42428.4,-5355.96,-18270.1,1996.58,78.2022,-4833.99
51.7,6.27823,42455.9,-2817.73,-22231.8,1955.47,20.7255,-4764.96
51.8,6.28519,42326.8,1574.64,-25182.6,1884.06,-83.183,-4735.6
51.9,6.28508,42222.5,4057.13,-26088.4,1894.49,-105.414,-4820.83
52.0,6.28529,42180.5,4553.09,-26689.1,1947.56,-142.714,-4892.64
52.1,6.30775,42291.6,8982.77,-27316.7,2002.14,-152.276,-4917.22
52.2,6.34443,42300.7,15063.1,-27501.2,2041.06,-111.858,-4732.94
52.3,6.36348,42207.7,21502.6,-27727.8,2061.96,-103.252,-4585.33
52.4,6.37461,42096.2,23257.2,-27535.0,2033.27,-101.923,-4541.56
52.5,6.38131,42046.4,24127.7,-26397.0,2025.8,-105.39,-4653.61
52.6,6.40281,42089.9,23390.4,-24354.0,1974.91,-85.7318,-4644.84
52.7,6.43695,42096.6,22886.8,-22482.5,1871.36,-169.664,-4646.45
52.8,6.45615,41969.0,20973.6,-20843.8,1805.68,-217.546,-4796.72
52.9,6.45447,41792.9,16690.5,-20094.9,1770.95,-211.756,-4975.26
53.0,6.42298,41637.0,13272.3,-20605.1,1722.4,-186.301,-5061.89
53.1,6.38953,41649.0,13152.0,-21072.9,1675.38,-109.287,-5047.88
53.2,6.37438,41781.1,14673.0,-20977.8,1667.17,-72.2055,-4926.57
53.3,6.37805,41870.4,16688.8,-19310.8,1607.64,-28.7235,-4794.55
53.4,6.37592,41778.7,16330.5,-16195.1,1579.09,-35.6152,-4662.89
53.5,6.3574,41680.3,16913.9,-11860.2,1571.83,-49.8736,-4642.83
53.6,6.34054,41655.2,17422.6,-7402.99,1540.48,-98.5019,-4640.78
53.7,6.32792,41706.8,17889.8,-4315.73,1462.69,-210.902,-4676.29
53.8,6.32898,41856.6,16409.1,-3897.73,1371.23,-277.126,-4756.74
53.9,6.34881,41978.6,15070.3,-4897.19,1307.75,-177.381,-4913.05
54.0,6.36915,41977.7,14035.4,-5405.62,1296.48,-57.6673,-4995.35
54.1,6.37772,41930.6,13636.4,-3812.52,1352.65,-57.9902,-4974.4
54.2,6.37867,41854.7,12591.1,413.345,1440.07,-144.089,-4933.24
54.3,6.35979,41789.6,11092.9,5029.53,1527.3,-212.046,-4929.0
54.4,6.34231,41865.8,10680.6,6825.66,1592.57,-252.997,-4892.53
54.5,6.33115,41925.3,10866.5,4940.47,1600.28,-266.617,-4709.72
54.6,6.3171,41991.1,9449.78,640.555,1596.98,-237.902,-4546.07
54.7,6.30558,42028.6,6170.62,-4380.71,1562.44,-222.314,-4616.6
54.8,6.2925,42041.1,2756.13,-9194.8,1564.18,-282.103,-4829.33
54.9,6.27449,42038.0,2260.54,-13229.7,1497.31,-287.274,-4971.07
55.0,6.242,42032.8,4347.12,-17699.8,1450.9,-270.328,-4968.91
55.1,6.21448,42149.1,4039.33,-21109.7,1461.58,-131.908,-4926.93
55.2,6.1973,42295.1,2736.4,-22738.7,1496.97,-43.4977,-5004.74
55.3,6.18575,42422.1,1722.43,-22044.0,1513.51,-100.889,-4956.01
55.4,6.18322,42560.5,5006.61,-19233.4,1545.78,-231.544,-4758.69
55.5,6.18766,42649.3,8941.41,-16422.5,1541.56,-368.622,-4562.2
55.6,6.20423,42793.0,11876.5,-14839.7,1543.51,-447.193,-4641.24
55.7,6.23818,42885.2,11174.8,-14635.8,1544.02,-438.493,-4785.96
55.8,6.27568,42907.0,11250.7,-15770.5,1553.77,-392.381,-4885.79
55.9,6.3192,42888.7,12579.3,-16832.0,1566.51,-278.82,-4902.05
56.0,6.34104,42687.8,10170.8,-17209.6,1560.19,-161.369,-4854.74
56.1,6.32752,42486.1,4609.69,-17383.3,1550.83,-95.4707,-4928.65
56.2,6.30492,42438.3,-717.208,-17113.1,1574.64,-43.5653,-5006.06
56.3,6.27819,42420.9,-2538.7,-16681.3,1550.82,-44.1942,-4870.77
56.4,6.25019,42481.4,-1434.16,-16351.3,1537.77,-130.656,-4667.31
56.5,6.21971,42508.2,-1371.74,-16300.3,1507.13,-263.264,-4607.11
56.6,6.17903,42550.0,-204.894,-16591.4,1481.99,-345.684,-4777.79
56.7,6.15026,42721.1,4534.39,-17153.2,1441.69,-341.518,-4869.93
56.8,6.14342,42905.4,11699.4,-17279.5,1367.58,-311.245,-4750.35
56.9,6.14269,43042.4,15986.4,-16099.4,1307.85,-259.603,-4658.94
57.0,6.14751,43122.6,12956.7,-13402.9,1295.99,-202.685,-4772.85
57.1,6.13828,43101.9,8342.39,-11616.1,1259.97,-240.803,-4959.82
57.2,6.12971,43159.0,5996.85,-10917.6,1252.49,-198.699,-4889.23
57.3,6.13883,43280.0,7395.59,-11586.7,1279.8,-170.933,-4691.79
57.4,6.16296,43388.1,6207.8,-12530.1,1295.9,-186.82,-4639.69
57.5,6.20444,43414.3,1633.46,-12745.6,1320.01,-260.225,-4833.75
57.6,6.23359,43287.8,-1579.21,-13020.3,1364.7,-357.085,-4966.79
57.7,6.24284,43122.5,113.159,-15522.4,1366.5,-388.429,-4823.35
57.8,6.23758,43010.0,5064.37,-20789.4,1378.99,-296.152,-4637.36
57.9,6.23088,42981.5,8399.19,-26786.4,1405.84,-82.9833,-4623.68
58.0,6.20897,42934.7,9514.69,-30659.6,1419.35,103.931,-4701.66
58.1,6.15792,42807.1,9954.46,-30519.7,1421.26,109.24,-4657.08
58.2,6.06393,42730.1,11078.1,-28315.5,1368.13,-63.6015,-4565.7
58.3,5.97005,42926.2,9672.84,-26635.5,1315.6,-170.079,-4556.76
58.4,5.89972,43248.0,5373.32,-27092.8,1290.36,-159.554,-4650.94
58.5,5.87311,43283.1,1316.73,-28692.0,1301.04,-95.9,-4749.53
58.6,5.8926,42995.1,2218.86,-28372.2,1280.45,-97.811,-4798.49
58.7,5.91345,42496.7,4602.12,-24009.6,1288.03,-132.447,-4759.42
58.8,5.91917,42082.3,5813.96,-18764.6,1307.58,-226.876,-4772.87
58.9,5.93191,41804.4,4136.63,-15355.9,1325.91,-195.221,-4825.25
59.0,5.95149,41566.8,4354.25,-16075.4,1353.45,-46.9188,-4824.88
59.1,5.9937,41553.4,6440.8,-19632.4,1404.79,148.061,-4609.49
59.2,6.03967,41599.5,5484.1,-23639.1,1410.05,170.997,-4313.34
59.3,6.05427,41878.0,2640.33,-25406.1,1431.31,88.7838,-4440.34
59.4,6.04601,42370.4,-683.166,-25632.3,1435.24,-53.612,-4738.33
59.5,6.02483,42970.5,-834.718,-25033.8,1413.92,-146.989,-4800.92
59.6,5.99403,43549.9,-73.2216,-25185.5,1390.39,-176.187,-4693.78
59.7,5.96351,44125.7,-2998.6,-26435.7,1431.18,-130.067,-4769.13
59.8,5.92801,44551.7,-7189.95,-28283.2,1513.87,-31.8342,-5013.74
59.9,5.88406,44647.8,-7368.62,-29325.6,1586.02,93.2598,-5004.65
60.0,5.8302,44716.0,-1385.0,-28605.7,1614.66,115.904,-4698.68
60.1,5.76478,44777.2,3474.01,-26353.7,1609.9,43.8399,-4469.63
60.2,5.72206,44798.4,4497.79,-23630.5,1580.33,-38.584,-4611.74
60.3,5.71144,44666.4,5331.63,-21297.1,1527.74,-90.7074,-4833.73
60.4,5.73635,44480.5,8970.79,-20508.7,1474.89,-162.47,-4785.29
60.5,5.78071,44211.4,12914.9,-20957.5,1394.55,-238.693,-4648.12
60.6,5.80614,43941.8,13824.7,-22462.6,1305.58,-282.612,-4778.7
60.7,5.82609,43933.8,14551.7,-24090.5,1267.02,-191.906,-5046.05
60.8,5.87556,44049.4,18479.2,-23838.2,1279.2,-56.4026,-4985.94
60.9,5.91737,44129.1,23677.6,-21853.1,1263.6,-77.3428,-4645.1
61.0,5.93051,44501.4,24758.0,-19154.6,1299.53,-170.848,-4497.81
61.1,5.91275,45011.1,21000.6,-17144.3,1389.49,-223.36,-4635.0
61.2,5.86134,44875.8,17994.3,-17805.0,1435.58,-232.96,-4678.88
61.3,5.82358,45002.9,17955.1,-19480.0,1451.44,-195.537,-4487.07
61.4,5.80758,45035.9,16985.0,-19298.9,1458.32,-201.371,-4434.77
61.5,5.79038,45014.6,11077.5,-16819.4,1492.62,-296.534,-4734.73
61.6,5.77223,44986.9,3250.05,-12763.8,1495.78,-375.298,-5088.13
61.7,5.72004,44876.8,-1381.94,-9860.31,1530.06,-406.326,-5130.45
61.8,5.65149,44870.7,-3479.27,-10879.2,1516.25,-360.953,-4935.26
61.9,5.60869,44996.4,-6375.42,-14360.6,1535.45,-208.95,-4879.0
62.0,5.60633,45025.5,-10400.3,-16287.4,1587.7,-21.433,-4973.3
62.1,5.63741,44877.2,-13414.3,-14647.2,1649.89,-28.8904,-4902.67
62.2,5.68047,44670.7,-11986.5,-9693.43,1696.28,-253.8,-4763.76
62.3,5.70066,44482.7,-10403.0,-5023.04,1704.4,-465.933,-4712.62
62.4,5.71,44517.1,-10730.0,-4177.24,1738.51,-453.76,-4862.9
62.5,5.74544,44637.3,-10258.2,-7223.44,1738.34,-292.265,-5048.53
62.6,5.79974,44785.8,-8762.03,-10303.4,1720.14,-124.146,-4999.44
62.7,5.84506,45043.3,-6849.03,-10131.2,1692.99,-88.8163,-4899.8
62.8,5.84694,45017.7,-7806.98,-7175.65,1677.79,-189.535,-4937.64
62.9,5.80725,44918.8,-9763.33,-3826.44,1697.39,-244.608,-5049.56
63.0,5.7483,44895.3,-9632.84,-3058.1,1713.72,-216.073,-4965.46
63.1,5.69818,44943.8,-7034.42,-5578.03,1708.67,-193.363,-4711.27
63.2,5.66988,45018.8,-3750.21,-9185.56,1701.58,-196.588,-4602.37
63.3,5.65516,45035.9,-1597.37,-12170.2,1700.98,-258.305,-4673.53
63.4,5.64647,45049.4,1316.32,-13659.5,1729.0,-327.977,-4748.28
63.5,5.64154,45036.8,4237.19,-14289.7,1724.73,-366.312,-4668.72
63.6,5.63469,45060.7,7703.71,-15517.9,1711.94,-345.91,-4680.46
63.7,5.6506,45127.9,8826.38,-17179.0,1694.53,-226.296,-4764.95
63.8,5.68287,45169.1,9301.38,-18434.2,1700.84,-126.824,-4803.41
63.9,5.72021,45169.8,9565.5,-18397.1,1701.13,-117.76,-4685.16
64.0,5.75321,45138.1,10402.8,-17513.7,1718.3,-238.764,-4603.58
64.1,5.77789,45122.7,10102.9,-15764.5,1735.97,-312.101,-4643.62
64.2,5.797,45108.5,10822.6,-14341.8,1741.9,-360.54,-4758.93
64.3,5.82619,45160.8,11991.9,-12809.1,1792.0,-371.161,-4788.14
64.4,5.85748,45149.2,13227.3,-11049.3,1843.6,-361.719,-4802.33
64.5,5.87427,45071.7,11665.6,-8681.17,1896.07,-287.084,-4867.32
64.6,5.85681,44976.3,7934.08,-6255.31,1938.76,-195.753,-4978.39
64.7,5.80594,44887.1,4938.38,-4056.54,1919.18,-101.686,-5025.12
64.8,5.74217,44889.6,3318.16,-2204.54,1897.07,-52.1441,-4943.37
64.9,5.68184,44920.1,970.71,-851.568,1845.05,-60.9468,-4866.91
65.0,5.6483,45003.3,-2926.67,268.294,1810.34,-110.79,-4936.84
65.1,5.63333,45038.2,-5555.47,1372.23,1788.48,-179.902,-5053.18
65.2,5.62993,45068.0,-6567.59,2724.46,1807.97,-212.005,-5031.07
65.3,5.63268,45072.3,-5103.45,4127.48,1806.83,-230.712,-4995.87
65.4,5.64509,45113.2,-3341.33,5218.94,1770.36,-202.595,-5037.31
65.5,5.67955,45186.9,-2221.62,6023.52,1740.42,-98.8394,-5054.79
65.6,5.73813,45246.3,667.914,6712.19,1744.24,7.07263,-4984.75
65.7,5.79774,45224.9,3837.01,7152.37,1766.0,40.4265,-4816.1
65.8,5.83924,45137.5,4575.18,7397.23,1841.74,3.46487,-4722.29
65.9,5.84744,45045.2,3712.05,7030.04,1912.18,-66.9082,-4822.39
66.0,5.8367,45027.0,1485.89,5886.36,1938.98,-130.019,-4881.38
66.1,5.83473,45079.4,1211.38,5456.58,1939.36,-148.361,-4895.52
66.2,5.8503,45128.8,-601.707,6570.02,1953.63,-188.155,-4880.3
66.3,5.86259,45081.7,-3091.33,9130.75,1968.93,-242.27,-4993.48
66.4,5.84469,44962.9,-6871.65,11837.4,2015.29,-263.652,-5061.82
66.5,5.78116,44842.2,-8085.69,12477.9,2022.53,-214.408,-5008.28
66.6,5.70636,44865.6,-6889.14,9816.61,2009.68,-117.944,-4849.68
66.7,5.65705,44969.8,-5021.14,4723.6,1977.41,-47.6642,-4744.21
66.8,5.64417,45071.8,-4448.53,-517.429,1923.06,-6.3345,-4730.33
66.9,5.65386,45109.9,-1800.37,-4004.44,1873.48,-36.227,-4844.98
67.0,5.66135,45063.0,2232.76,-5195.77,1804.88,-125.038,-4872.64
67.1,5.66229,45066.2,8260.53,-4852.24,1748.14,-222.131,-4895.9
67.2,5.67854,45127.4,13746.6,-4647.53,1692.23,-294.666,-4939.8
67.3,5.72861,45212.6,17033.8,-3612.06,1639.87,-210.908,-4953.79
67.4,5.79529,45259.8,16891.4,-1075.99,1659.1,-130.995,-4872.82
67.5,5.8526,45196.4,13413.0,2560.68,1718.26,-188.755,-4769.31
67.6,5.88225,45099.0,9231.02,6062.67,1740.37,-301.077,-4775.39
67.7,5.87236,44999.4,5838.8,7334.45,1745.05,-326.374,-4794.8
67.8,5.85253,45022.4,4612.81,5508.5,1728.23,-242.095,-4779.89
67.9,5.84802,45071.7,4736.99,2409.14,1672.21,-158.148,-4797.62
68.0,5.8502,45073.6,3537.82,1066.8,1647.83,-124.106,-4885.28
68.1,5.84338,45030.3,1705.44,2700.18,1661.82,-162.942,-5026.8
68.2,5.80762,44918.7,199.881,6579.51,1698.58,-243.884,-5071.27
68.3,5.73797,44831.1,-743.5,9875.92,1735.03,-342.699,-4998.43
68.4,5.6731,44917.4,-2184.55,11054.3,1779.36,-360.67,-4905.62
68.5,5.64075,45024.9,-3352.96,10730.0,1805.14,-298.156,-4878.74
68.6,5.64269,45105.8,-5375.82,10261.0,1855.84,-273.51,-4823.34
68.7,5.66418,45136.0,-7011.08,10643.2,1860.71,-346.875,-4793.84
68.8,5.68195,45087.3,-8886.25,11636.4,1849.68,-421.461,-4856.74
68.9,5.68863,45074.5,-11800.9,11544.2,1816.44,-419.453,-4965.83
69.0,5.71043,45149.4,-15194.6,8636.23,1737.34,-353.756,-5032.56
69.1,5.76396,45246.7,-18481.7,4254.9,1715.23,-224.417,-5044.46
69.2,5.82517,45224.6,-21032.1,-180.911,1703.48,-137.813,-5025.61
69.3,5.87389,45169.3,-23377.0,-2661.55,1724.29,-108.964,-4981.4
69.4,5.8877,45049.2,-24676.5,-3267.02,1797.83,-195.07,-4952.22
69.5,5.86349,44971.4,-22670.8,-3276.85,1830.43,-267.825,-4937.06
69.6,5.84004,45012.5,-18717.4,-3315.23,1851.81,-235.285,-4847.4
69.7,5.82012,45017.4,-12871.6,-2768.11,1807.68,-176.789,-4771.19
69.8,5.81593,45089.8,-6305.2,-920.712,1819.0,-190.661,-4787.5
69.9,5.82304,45072.3,-855.502,2724.77,1830.08,-268.107,-4787.82
70.0,5.80223,44968.2,2315.73,7662.4,1861.18,-304.182,-4773.53
70.1,5.75515,44913.7,4354.27,10858.1,1887.2,-364.349,-4834.34
70.2,5.71732,44983.5,4393.25,12010.2,1873.42,-341.016,-4865.7
70.3,5.6984,45037.8,4285.45,10887.1,1824.82,-299.082,-4861.02
70.4,5.70922,45132.7,3005.18,8044.81,1769.19,-275.072,-4809.79
70.5,5.75022,45206.4,3910.32,4980.34,1751.29,-255.836,-4870.38
70.6,5.78929,45133.1,4497.29,2579.69,1716.88,-236.68,-4844.58
70.7,5.81198,45120.7,8116.34,1628.15,1697.84,-204.085,-4831.64
70.8,5.83004,45096.4,11389.9,2256.56,1651.14,-211.435,-4740.67
70.9,5.83893,45079.5,13369.2,3273.81,1610.28,-271.759,-4673.19
71.0,5.85419,45116.7,13902.6,3223.98,1532.97,-307.947,-4659.57
71.1,5.86919,45099.9,14979.4,1994.14,1500.6,-274.72,-4678.07
71.2,5.87075,45051.4,17553.8,1166.07,1526.13,-182.376,-4672.46
71.3,5.85684,45005.9,18798.6,2241.84,1543.13,-151.967,-4666.12
71.4,5.8293,44969.8,19015.6,6338.0,1553.6,-197.541,-4826.94
71.5,5.7895,44950.3,17913.1,11108.5,1550.52,-313.141,-4977.72
71.6,5.76582,45037.1,16433.3,14292.4,1576.53,-338.135,-4984.64
71.7,5.75972,45058.8,14746.4,15201.4,1640.66,-251.307,-4946.71
71.8,5.75226,45031.3,12167.1,14141.0,1720.76,-178.295,-4984.48
71.9,5.74612,45064.6,8733.59,13165.9,1815.55,-132.444,-5035.59
72.0,5.7384,45006.8,5122.54,13792.5,1858.58,-106.683,-5004.24
72.1,5.71837,45019.6,3141.84,14983.5,1869.6,-98.1383,-4999.33
72.2,5.71508,45068.7,1970.66,15087.0,1834.12,-90.3672,-5025.29
72.3,5.72953,45113.5,756.762,14952.5,1842.86,23.4937,-5052.24
72.4,5.74156,45081.8,-1665.17,13721.2,1857.16,76.7525,-5018.49
72.5,5.74976,45086.1,-3078.76,12762.2,1860.74,78.7104,-5036.16
72.6,5.74155,44998.7,-4528.01,12873.5,1843.27,19.7986,-5012.01
72.7,5.72777,45040.0,-6612.66,13984.8,1851.66,-31.7223,-4946.74
72.8,5.73298,45094.3,-9438.66,14687.0,1861.04,-116.974,-4921.78
72.9,5.74205,45081.0,-11200.6,14453.6,1877.07,-148.554,-4988.49
73.0,5.74885,45096.7,-10285.5,12934.8,1920.02,-86.8391,-5023.23
73.1,5.74984,45043.4,-7300.35,10482.2,1950.89,-33.175,-4959.46
73.2,5.74083,45035.4,-5474.56,8482.56,1978.82,2.84216,-4890.29
73.3,5.73689,45067.2,-5624.07,7739.12,2016.41,17.5449,-4954.68
73.4,5.74719,45113.9,-5838.99,8319.05,2076.98,-14.6551,-5044.97
73.5,5.7691,45131.6,-4487.78,9672.87,2140.68,-92.2195,-5005.06
73.6,5.77973,45070.2,-2159.89,9949.05,2164.06,-223.242,-4912.28
73.7,5.77853,45042.8,-986.989,9191.0,2192.86,-252.543,-4923.61
73.8,5.7639,45007.9,-2375.0,7330.73,2174.46,-221.87,-4950.59
73.9,5.76146,45085.5,-3251.2,5665.31,2137.78,-164.018,-4954.55
74.0,5.78328,45146.1,-2827.64,4574.73,2119.85,-171.981,-4908.38
74.1,5.81108,45150.5,-1342.22,3381.18,2076.85,-193.836,-4893.19
74.2,5.82504,45059.2,-489.342,489.844,2007.73,-177.516,-4904.27
74.3,5.81428,45011.0,56.9514,-3603.91,2002.26,-86.06,-4936.48
74.4,5.80457,45058.1,2405.88,-7552.65,2038.44,-9.68025,-4978.39
74.5,5.81452,45118.3,3848.07,-8681.65,2034.21,19.6145,-4904.91
74.6,5.83796,45136.1,4287.89,-5387.1,2051.81,-38.7485,-4894.57
74.7,5.86301,45138.7,4289.24,940.878,2072.62,-168.663,-4972.06
74.8,5.87957,45101.9,5336.56,7370.86,2086.61,-314.874,-4979.16
74.9,5.88506,45067.2,6665.11,12528.5,2083.73,-332.353,-4850.01
75.0,5.88215,45048.9,5386.66,15270.7,2034.16,-317.546,-4724.76
75.1,5.88276,45089.9,1483.78,16033.2,1988.49,-328.836,-4807.74
75.2,5.90401,45138.2,-2840.15,15624.3,1993.1,-341.16,-4962.87
75.3,5.92035,45091.0,-5438.46,13600.9,1969.98,-326.335,-4984.75
75.4,5.91748,45033.7,-7459.04,9849.51,1977.89,-259.02,-4959.85
75.5,5.89365,44970.3,-9612.67,5181.0,1979.6,-146.126,-5063.33
75.6,5.86636,44999.2,-13189.0,1310.37,2004.04,-18.1767,-5143.5
75.7,5.86266,45098.0,-14865.9,-221.626,2031.12,47.3736,-5095.5
75.8,5.87699,45103.9,-15855.7,793.899,2020.96,-10.8345,-4922.54
75.9,5.88729,45090.1,-15962.5,3036.79,2008.08,-136.747,-4864.42
76.0,5.89042,45052.9,-16444.1,4520.2,1990.18,-235.807,-4880.5
76.1,5.88031,45016.5,-15592.0,4055.11,1942.52,-275.894,-4889.63
76.2,5.8777,45088.3,-13128.2,1767.42,1924.15,-243.781,-4857.71
76.3,5.8993,45147.5,-11559.3,-316.688,1903.49,-141.734,-4847.74
76.4,5.92871,45151.4,-10101.9,-761.635,1939.34,-47.2463,-4987.17
76.5,5.95781,45135.2,-9502.81,824.395,2001.83,11.7882,-5078.44
76.6,5.9678,45028.5,-6859.46,3513.88,2046.1,2.431,-5058.34
76.7,5.952,44806.6,-4763.42,5600.7,2088.41,-28.7962,-4943.38
76.8,5.94112,44801.7,-4630.58,6794.98,2128.18,-22.3827,-4903.3
76.9,5.93714,44851.5,-5182.6,7440.95,2121.21,-45.031,-4953.69
77.0,5.95119,44950.9,-4351.91,9372.81,2153.48,-87.231,-4970.73
77.1,5.97068,44920.2,-2455.52,12828.4,2122.8,-196.471,-4907.46
77.2,5.97033,44805.2,-37.9529,16308.1,2118.09,-297.339,-4978.54
77.3,5.96436,44689.4,210.505,17481.8,2100.22,-304.405,-5079.61
77.4,5.94915,44682.1,456.804,15909.3,2098.0,-150.681,-5094.45
77.5,5.94098,44725.1,728.424,12049.3,2055.55,21.3167,-4982.64
77.6,5.93873,44811.3,555.491,8370.72,2019.82,124.381,-4886.25
77.7,5.94974,44889.0,-2628.39,6918.28,2031.0,132.102,-4853.6
77.8,5.96457,44879.1,-6555.5,7597.21,2081.41,44.1581,-4937.67
77.9,5.97456,44804.1,-9207.72,8990.39,2102.67,-60.6404,-5022.25
78.0,5.98505,44759.8,-10392.7,10175.7,2142.6,-100.095,-5040.84
78.1,5.99884,44735.7,-11507.3,10108.7,2159.26,-120.252,-5068.0
78.2,6.02583,44762.9,-12963.9,9047.86,2150.88,-92.5166,-5116.73
78.3,6.06492,44707.3,-12386.5,8522.03,2098.31,-21.842,-5123.93
78.4,6.08593,44529.1,-9490.8,8576.05,2056.03,-8.68888,-4990.41
78.5,6.0912,44307.9,-6047.78,8888.29,2002.57,-19.9096,-4853.44
78.6,6.07233,44085.6,-5454.35,9274.81,1962.35,-3.69075,-4822.8
78.7,6.0306,43992.2,-5923.17,9181.45,1921.78,39.4109,-4934.96
78.8,5.99773,44070.5,-6180.16,8503.43,1908.36,41.6517,-4978.76
78.9,5.9835,44217.8,-6865.33,8488.14,1903.77,22.9539,-4911.56
79.0,5.96711,44288.6,-8508.5,7734.57,1883.51,-59.7383,-4957.3
79.1,5.96374,44366.2,-12946.0,6407.84,1879.87,-77.359,-5053.43
79.2,5.95616,44381.3,-17480.8,4382.25,1866.14,-63.2967,-5073.03
79.3,5.95559,44453.6,-20256.0,1286.94,1818.78,-43.0615,-4990.23
79.4,5.9737,44561.7,-22255.5,-1648.15,1778.87,0.34175,-4890.64
79.5,5.99336,44550.7,-24318.4,-4140.17,1792.78,29.3062,-4880.98
79.6,5.99603,44467.4,-23402.3,-7168.99,1769.78,31.0632,-4945.14
79.7,5.99943,44414.3,-20851.6,-9811.85,1790.6,65.0792,-4878.28
79.8,5.98479,44322.0,-17105.3,-11505.6,1761.39,109.357,-4761.67
79.9,5.97649,44396.0,-14278.8,-11616.3,1775.39,105.867,-4790.04
80.0,5.98867,44488.5,-11469.1,-9013.38,1762.87,28.6101,-4905.5
80.1,5.98721,44465.6,-6657.15,-4824.44,1708.87,-108.112,-4904.57
80.2,5.98013,44461.1,-794.329,-1008.01,1708.94,-244.233,-4792.21
80.3,5.9609,44430.2,2663.04,1363.48,1702.41,-282.945,-4772.17
80.4,5.92629,44447.8,3228.31,1549.64,1697.42,-242.683,-4874.18
80.5,5.90104,44616.8,4847.71,1049.94,1709.58,-143.945,-4959.55
80.6,5.89352,44775.4,10656.0,1282.55,1725.96,-99.5039,-4938.81
80.7,5.88074,44832.3,17514.3,2221.27,1695.16,-117.667,-4826.15
80.8,5.86781,44872.6,21097.5,4047.01,1676.93,-100.348,-4829.72
80.9,5.84509,44864.4,20444.3,6014.08,1665.0,-90.5727,-4916.04
81.0,5.83424,45023.8,16527.5,7821.31,1682.56,-107.429,-4887.04
81.1,5.85412,45158.6,12584.9,10521.7,1733.86,-169.157,-4835.48
81.2,5.87582,45106.0,7919.32,13668.9,1750.89,-275.737,-4857.06
81.3,5.89115,45107.0,2763.38,16333.5,1791.17,-336.849,-4987.76
81.4,5.90425,45084.2,-792.183,18831.0,1798.46,-294.743,-5100.26
81.5,5.90458,45053.3,-3127.85,20867.8,1808.72,-245.513,-5080.22
81.6,5.91004,45098.0,-2378.49,21840.3,1783.18,-250.472,-5077.16
81.7,5.92202,45083.2,-696.476,21929.3,1737.71,-271.181,-5051.54
81.8,5.9139,45024.5,1663.64,19700.1,1721.19,-312.538,-4976.87
81.9,5.90507,45051.0,3577.08,15560.3,1718.02,-273.894,-4868.7
82.0,5.88775,44985.5,3370.74,11417.7,1739.38,-227.521,-4833.52
82.1,5.85405,44960.9,1149.96,8498.56,1726.27,-216.482,-4901.24
82.2,5.8379,45059.0,-35.9053,8197.41,1736.75,-220.45,-5016.68
82.3,5.83407,45044.4,-450.484,11050.6,1751.25,-217.463,-5061.36
82.4,5.81816,45006.5,-1800.31,13862.3,1751.96,-295.004,-5068.92
82.5,5.80993,45061.7,-5740.91,15286.1,1784.55,-319.052,-5131.12
82.6,5.80428,45042.3,-8683.73,14795.3,1845.96,-279.941,-5241.42
82.7,5.81076,45118.5,-9045.59,11978.4,1894.07,-261.168,-5182.05
82.8,5.85372,45222.9,-8362.66,8854.77,1934.03,-258.741,-4977.93
82.9,5.89844,45160.7,-7820.91,6567.67,1979.41,-265.678,-4929.61
83.0,5.92517,45125.5,-7814.36,3448.24,2008.41,-265.287,-5000.64
83.1,5.94913,45118.7,-6002.1,-615.099,2056.39,-202.279,-4965.4
83.2,5.95312,45034.3,-2097.68,-4459.88,2058.92,-74.9824,-4797.67
83.3,5.93852,45031.9,-323.567,-7651.12,2062.31,-0.663031,-4690.64
83.4,5.93498,45056.9,-1563.4,-8686.17,2085.54,-28.4224,-4814.56
83.5,5.91789,44997.5,-1387.72,-8015.76,2075.85,-133.2,-4985.33
83.6,5.89674,45014.5,1632.67,-7020.8,2057.18,-228.774,-4899.84
83.7,5.87956,45010.3,5163.82,-6064.35,2054.32,-280.12,-4735.91
83.8,5.85572,44991.8,6710.08,-5073.74,2035.89,-271.858,-4793.96
83.9,5.84154,45046.0,6550.42,-3822.76,2007.62,-231.522,-4907.33
84.0,5.84832,45105.6,9405.12,-851.668,2006.13,-159.628,-4838.36
84.1,5.86513,45120.0,15169.7,4061.93,1987.0,-98.607,-4649.91
84.2,5.88119,45098.7,17935.2,9489.17,1965.96,-129.611,-4582.6
84.3,5.89114,45078.1,15833.5,14516.1,1988.48,-165.774,-4753.66
84.4,5.89107,45051.0,13949.9,16834.0,1994.64,-217.636,-4940.73
84.5,5.9023,45131.5,15693.6,16217.6,2005.06,-240.843,-4922.79
84.6,5.93903,45182.6,19471.6,14760.1,1994.16,-219.029,-4848.86
84.7,5.97602,45163.5,19936.3,14482.6,1993.89,-198.169,-4898.89
84.8,6.01102,45143.4,18313.2,15865.4,2061.84,-232.396,-5079.05
84.9,6.02957,44915.8,18141.2,18328.4,2129.34,-247.861,-5096.24
85.0,6.01542,44679.5,21274.2,19444.1,2148.29,-215.084,-4882.99
85.1,5.98083,44590.8,24843.6,17918.6,2169.24,-156.852,-4745.98
85.2,5.94772,44631.3,24459.3,15425.9,2184.5,-45.7141,-4778.63
85.3,5.9184,44730.7,21745.7,13511.0,2194.72,-10.4016,-4888.76
85.4,5.89348,44813.6,19563.9,13295.8,2202.39,-80.3022,-4949.07
85.5,5.87026,44842.0,18081.4,14135.4,2202.31,-204.168,-4954.52
85.6,5.84454,44883.2,16304.6,14211.2,2191.57,-258.025,-5034.45
85.7,5.8336,45015.9,15957.1,12998.7,2188.43,-185.952,-5172.42
85.8,5.8417,45103.0,14966.2,11592.1,2152.41,-62.9528,-5072.97
85.9,5.86458,45153.1,13749.0,11715.8,2171.51,9.2915,-4891.99
86.0,5.89298,45129.3,10493.7,13301.5,2177.21,-46.4773,-4827.75
86.1,5.90994,45094.8,6258.34,15160.7,2185.1,-119.515,-4872.06
86.2,5.91348,45057.0,3634.0,15713.2,2151.09,-120.582,-4891.6
86.3,5.9058,45039.6,3813.92,13988.8,2108.19,-94.3119,-4864.73
86.4,5.91753,45134.0,3995.79,11505.1,2072.98,-53.8228,-4871.09
86.5,5.95517,45195.4,941.136,10851.9,2088.79,-4.2595,-4950.54
86.6,5.99035,45141.9,-3094.91,12266.0,2122.76,-57.3413,-5075.66
86.7,6.01167,45039.2,-4098.35,14810.3,2203.88,-152.422,-5148.5
86.8,6.01361,44802.8,-3782.79,16885.7,2292.16,-221.231,-5021.22
86.9,5.97987,44586.1,-1432.62,16138.1,2285.95,-262.549,-4937.7
87.0,5.94823,44629.0,-1145.16,12819.9,2307.95,-219.796,-4919.27
87.1,5.93101,44705.5,-520.332,8319.16,2292.18,-162.89,-4940.37
87.2,5.92014,44785.8,2276.36,4023.15,2267.11,-138.356,-4929.69
87.3,5.9242,44815.3,7181.61,2015.47,2240.17,-113.893,-4913.88
87.4,5.92007,44718.8,10800.1,2986.49,2212.72,-110.747,-4937.43
87.5,5.89897,44655.2,11709.9,4205.33,2166.29,-207.434,-5009.27
87.6,5.89416,44773.3,11033.1,4315.87,2131.83,-258.64,-5052.16
87.7,5.90447,44927.9,11663.6,2854.68,2072.69,-227.523,-5019.4
87.8,5.9276,45087.2,12046.3,203.026,2026.15,-203.951,-4883.29
87.9,5.97311,45190.2,10928.9,-437.825,2017.39,-191.833,-4842.8
88.0,6.00866,45063.8,10367.7,2066.72,2004.62,-247.0,-4946.17
88.1,6.02556,44890.3,13119.0,5306.93,1951.03,-381.317,-4990.43
88.2,6.04915,44815.6,18412.7,7118.14,1967.46,-439.37,-4863.75
88.3,6.08356,44733.2,22491.5,7688.01,2011.41,-306.589,-4758.76
88.4,6.11579,44599.8,21168.1,8075.56,2056.4,-154.268,-4800.82
88.5,6.14253,44389.1,17547.0,11207.0,2080.83,-122.475,-4938.52
88.6,6.13291,44040.0,14966.0,17510.3,2038.42,-235.733,-4945.1
88.7,6.10268,43863.9,14434.9,24179.1,2002.57,-400.031,-4884.56
88.8,6.07784,43827.5,13172.3,26952.3,1992.99,-552.067,-4938.61
88.9,6.05837,43837.7,11356.2,25077.7,1967.2,-524.252,-5105.12
89.0,6.04632,43904.8,11487.3,21431.7,1995.74,-334.973,-5201.92
89.1,6.0433,43897.8,13008.9,19560.9,2014.62,-252.095,-5068.44
89.2,6.03859,43887.8,12790.4,21764.6,2030.65,-305.726,-4933.53
89.3,6.03852,43894.8,9041.01,25289.2,2068.36,-421.255,-4961.43
89.4,6.04702,43950.4,4666.0,26097.0,2098.59,-427.818,-5032.05
89.5,6.06961,44028.5,5134.32,22212.2,2109.13,-291.068,-4999.26
89.6,6.1031,44053.9,7393.04,16525.8,2107.71,-108.496,-4826.56
89.7,6.1261,43954.3,6896.72,12387.9,2089.08,-76.3457,-4835.23
89.8,6.1418,43853.2,2932.25,11777.0,2034.07,-189.971,-5123.37
89.9,6.15503,43773.5,550.403,13436.5,1981.58,-331.444,-5330.87
90.0,6.17325,43734.5,4055.03,13871.2,1951.13,-412.234,-5224.17
90.1,6.20569,43719.1,6624.42,11808.8,2002.14,-342.841,-4919.83
90.2,6.23114,43544.8,5795.69,9180.48,2098.48,-183.689,-4884.35
90.3,6.22582,43292.0,1034.77,8211.93,2223.1,-78.7456,-4951.88
90.4,6.20724,43126.0,196.6,9798.4,2292.6,-127.187,-4887.12
90.5,6.1785,43055.2,3603.78,11221.7,2303.73,-283.972,-4669.54
90.6,6.16423,43124.1,6749.99,9291.56,2282.09,-323.288,-4640.51
90.7,6.16494,43167.5,6529.84,3295.0,2254.45,-194.432,-4866.94
90.8,6.16813,43158.9,6286.07,-3588.44,2258.11,-12.2943,-5073.6
90.9,6.1654,43062.5,10748.1,-8664.85,2201.69,0.969875,-5029.73
91.0,6.16617,43057.7,18548.6,-9329.77,2169.89,-96.7935,-4877.88
91.1,6.17213,43066.5,24363.4,-7958.64,2130.52,-258.628,-4801.82
91.2,6.19607,43183.0,28533.1,-6496.31,2141.82,-286.838,-4852.15
91.3,6.2352,43199.1,33101.1,-4945.88,2152.19,-203.822,-4750.95
91.4,6.25474,43072.8,38135.2,-2765.38,2147.47,-175.549,-4504.04
91.5,6.26358,42978.9,41029.3,1595.05,2126.33,-205.721,-4444.98
91.6,6.26203,42862.6,39532.2,7630.09,2065.97,-306.392,-4624.74
91.7,6.24571,42835.8,36405.0,12143.5,1979.06,-399.613,-4843.46
91.8,6.24844,42905.2,34606.8,12815.0,1869.1,-423.98,-4912.98
91.9,6.25246,42929.9,33358.0,10570.7,1845.66,-314.702,-4923.03
92.0,6.24968,42859.9,28407.9,7724.3,1850.35,-160.146,-4992.92
92.1,6.2348,42767.3,21025.2,7352.94,1898.88,-114.802,-5138.28
92.2,6.20808,42695.3,14654.6,10125.1,1966.95,-180.183,-5126.23
92.3,6.17758,42732.5,14408.6,12607.3,2011.61,-299.773,-4991.21
92.4,6.17249,42899.2,17491.2,13334.4,2069.57,-251.512,-4839.07
92.5,6.17069,42916.1,19905.9,11360.5,2031.84,-148.219,-4772.48
92.6,6.15905,42902.9,18578.9,7160.6,1999.63,-135.81,-4765.15
92.7,6.1602,42963.8,16570.6,3921.02,2015.06,-124.39,-4838.16
92.8,6.16846,42987.7,15351.9,1595.89,2005.4,-171.178,-4893.55
92.9,6.1831,43062.9,16238.0,-1249.05,1951.16,-230.467,-4967.8
93.0,6.21394,43090.9,17561.0,-4146.55,1921.29,-191.38,-5031.15
93.1,6.21505,42964.5,18267.4,-7397.42,1911.97,-120.7,-5034.51
93.2,6.20665,42947.3,17404.0,-9862.56,1963.83,-23.9123,-4967.55
93.3,6.2016,42972.4,16745.0,-9915.35,2028.19,1.14038,-4902.12
93.4,6.19074,43031.2,19605.8,-7806.78,2073.19,-42.3954,-4895.04
93.5,6.19999,43143.3,25281.5,-5268.04,2088.87,-155.57,-4811.8
93.6,6.21928,43151.4,30644.4,-3154.65,2105.74,-258.361,-4664.54
93.7,6.22464,43055.3,32730.3,-2963.94,2095.93,-300.103,-4640.19
93.8,6.22221,42940.6,32258.1,-5362.83,2051.53,-325.398,-4784.39
93.9,6.22551,42927.6,32811.9,-7643.35,2048.42,-252.475,-4930.05
94.0,6.22425,42878.2,34841.6,-10019.2,1990.41,-246.286,-4880.72
94.1,6.23163,42919.6,36232.7,-11462.7,1977.69,-245.441,-4847.63
94.2,6.23374,42808.8,35619.0,-12448.9,1923.07,-254.015,-4914.87
94.3,6.21126,42727.0,35337.2,-14083.2,1870.11,-243.639,-4952.88
94.4,6.19997,42779.5,37693.1,-15337.8,1806.53,-198.497,-4811.27
94.5,6.1987,42843.9,38977.0,-14892.7,1763.05,-233.504,-4562.59
94.6,6.21076,42992.2,37943.0,-12967.0,1764.86,-362.861,-4578.64
94.7,6.25645,43094.6,34564.1,-9687.3,1786.3,-477.261,-4773.11
94.8,6.28485,42966.5,33459.7,-6696.02,1794.83,-529.536,-4884.94
94.9,6.28699,42815.4,34165.8,-5871.97,1795.23,-502.414,-4851.84
95.0,6.29399,42762.7,34338.1,-5501.78,1787.95,-371.798,-4913.85
95.1,6.29574,42720.5,30848.9,-4415.25,1774.71,-258.635,-5053.47
95.2,6.31271,42776.9,28250.1,-2625.92,1781.18,-263.264,-5148.7
95.3,6.33387,42668.7,28685.7,284.918,1787.27,-323.642,-5044.21
95.4,6.32226,42423.8,29273.9,1795.25,1849.48,-438.295,-4837.02
95.5,6.296,42307.5,27513.6,1102.28,1888.91,-474.777,-4802.51
95.6,6.27634,42278.7,22656.6,-517.371,1935.24,-435.331,-4869.81
95.7,6.26168,42374.3,20341.8,-2175.7,1940.47,-402.397,-4915.63
95.8,6.27947,42538.0,21123.4,-3112.73,1928.19,-409.974,-4868.28
95.9,6.29331,42461.6,19513.8,-3425.97,1894.49,-408.852,-4793.05
96.0,6.27371,42322.3,16194.2,-5580.61,1878.37,-342.666,-4924.12
96.1,6.25468,42298.1,12662.0,-8861.14,1879.0,-153.654,-5016.01
96.2,6.23662,42357.3,10976.1,-11252.5,1923.87,-32.0655,-4878.09
96.3,6.23831,42531.3,10256.9,-12034.9,1968.5,-93.4765,-4696.08
96.4,6.26346,42627.6,8071.59,-10992.3,1967.3,-249.362,-4717.3
96.5,6.2734,42552.3,7197.23,-9363.94,2002.99,-322.39,-4883.42
96.6,6.27984,42510.0,10613.4,-8596.09,1981.44,-293.069,-4842.13
96.7,6.28797,42472.5,15577.3,-8441.28,1915.29,-282.351,-4600.97
96.8,6.28987,42454.8,18634.4,-8221.66,1833.72,-256.698,-4563.34
96.9,6.306,42522.6,16588.8,-8697.07,1845.19,-240.527,-4718.31
97.0,6.32376,42496.1,14562.7,-9795.86,1821.77,-176.303,-4818.3
97.1,6.31709,42343.3,14770.2,-11447.1,1816.64,-76.5098,-4709.41
97.2,6.29868,42250.4,15594.0,-12261.7,1858.81,-8.4295,-4624.42
97.3,6.27977,42256.3,13838.8,-10967.7,1875.45,-4.74162,-4755.68
97.4,6.26224,42278.5,11483.6,-8528.76,1851.01,-111.232,-4947.35
97.5,6.25472,42377.6,13047.5,-6415.47,1862.15,-231.983,-4941.79
97.6,6.26919,42491.7,19306.3,-5949.86,1878.96,-285.075,-4758.67
97.7,6.28415,42487.1,23978.8,-7125.21,1884.72,-243.874,-4611.06
97.8,6.2887,42405.2,24415.1,-8003.98,1930.9,-154.221,-4677.17
97.9,6.28337,42371.4,23676.1,-6832.99,1969.64,-87.1309,-4798.7
98.0,6.28405,42410.1,24463.3,-4198.23,1996.21,-123.726,-4728.72
98.1,6.28637,42456.0,26292.9,-2132.07,2009.1,-171.06,-4644.44
98.2,6.28337,42435.1,25735.6,-2835.83,1984.52,-142.904,-4740.99
98.3,6.27265,42447.0,24809.1,-5630.82,1964.61,-17.4722,-4954.27
98.4,6.27116,42504.1,24635.5,-8241.37,1972.76,41.4539,-4950.95
98.5,6.28244,42559.6,25249.8,-9000.78,1956.79,-83.3735,-4785.44
98.6,6.28944,42562.7,24357.0,-8400.55,1917.41,-273.85,-4767.47
98.7,6.29096,42509.0,20971.2,-8038.76,1872.54,-319.408,-4879.69
98.8,6.28005,42475.7,20265.5,-10368.1,1870.55,-258.483,-4917.49
98.9,6.26991,42487.0,20913.5,-15116.5,1865.59,-121.621,-4694.29
99.0,6.26656,42530.7,19194.2,-18721.7,1876.57,86.1605,-4566.92
99.1,6.26241,42542.6,12512.8,-19216.3,1943.85,214.99,-4744.2
99.2,6.26372,42540.7,6191.24,-16676.5,1979.61,158.353,-5016.8
99.3,6.25904,42474.6,3934.36,-12234.2,1976.52,48.8577,-5017.07
99.4,6.24657,42431.1,5790.87,-8675.44,1942.19,-45.591,-4915.11
99.5,6.24485,42505.6,5328.77,-7125.72,1929.16,-90.1202,-4939.3
99.6,6.27242,42630.5,4630.12,-6901.84,1945.99,-133.724,-5131.96
99.7,6.31095,42651.7,4124.85,-6370.59,1961.89,-156.177,-5047.93
99.8,6.3354,42518.4,7866.19,-5894.01,1971.43,-201.451,-4800.15
99.9,6.33108,42292.7,10598.7,-6653.15,1960.39,-220.16,-4645.22
100.0,6.31043,42214.8,10789.9,-9093.33,1973.28,-105.288,-4703.01
100.1,6.30016,42273.9,10039.4,-12146.3,1945.95,93.3717,-4750.17
100.2,6.29473,42325.9,9152.71,-14121.9,1905.02,190.854,-4684.29
100.3,6.28773,42348.9,6995.66,-14544.4,1897.32,97.2035,-4693.06
100.4,6.26914,42311.6,2411.65,-14617.8,1887.0,-75.3639,-4885.55
100.5,6.23744,42274.9,-2699.39,-16381.7,1838.09,-194.704,-5028.98
100.6,6.21703,42441.5,-5720.62,-20561.5,1826.75,-218.021,-4948.2
100.7,6.2381,42706.4,-5416.59,-25153.3,1835.54,-159.985,-4808.88
100.8,6.2857,42812.2,-4932.3,-27538.5,1857.04,-102.657,-4718.87
100.9,6.31646,42670.6,-3107.12,-27356.7,1848.96,-118.467,-4714.81
101.0,6.32016,42438.8,557.45,-24829.3,1838.17,-106.664,-4645.31
101.1,6.29915,42249.3,5327.97,-21587.7,1773.06,-56.115,-4517.72
101.2,6.27333,42272.8,10017.9,-20227.6,1732.69,-86.0499,-4514.61
101.3,6.28108,42451.3,13323.7,-20055.8,1696.43,-123.361,-4646.36
101.4,6.30121,42526.3,16555.4,-20060.2,1715.61,-197.505,-4785.5
101.5,6.31331,42457.2,19686.9,-19202.4,1753.12,-291.454,-4845.75
101.6,6.31668,42354.6,23097.3,-16771.2,1810.06,-422.075,-4926.62
101.7,6.30738,42281.3,24157.3,-13138.8,1868.43,-505.143,-4959.71
101.8,6.30381,42343.4,23967.0,-10291.0,1909.78,-504.135,-4931.48
101.9,6.31454,42415.8,24170.8,-9038.71,1940.6,-421.689,-4859.82
102.0,6.31814,42403.5,24909.2,-10054.0,1981.31,-310.38,-4742.45
102.1,6.31854,42343.8,25887.1,-11771.0,2010.32,-180.453,-4668.79
102.2,6.30217,42206.8,25202.2,-12289.8,2037.39,-121.484,-4700.85
102.3,6.27662,42184.1,24273.1,-11457.3,2076.88,-185.367,-4856.88
102.4,6.27585,42278.0,24206.8,-10086.2,2058.66,-324.477,-5000.8
102.5,6.29722,42406.2,23014.6,-8183.61,2093.98,-372.117,-5040.22
102.6,6.32617,42403.0,20518.7,-6538.03,2086.58,-368.287,-5085.84
102.7,6.34418,42279.7,15539.7,-4547.73,2066.09,-370.19,-5129.69
102.8,6.33918,42152.2,11245.0,-2167.65,2084.35,-398.626,-5110.25
102.9,6.34014,42174.5,12327.8,-396.171,2077.96,-403.448,-5030.24
103.0,6.36109,42256.4,14621.3,-712.563,2096.94,-413.389,-4790.58
103.1,6.37983,42229.3,17096.8,-3554.32,2102.65,-363.672,-4694.77
103.2,6.38425,42067.8,16380.0,-8893.99,2083.13,-296.409,-4727.56
103.3,6.3639,41929.1,14781.5,-15207.7,2090.31,-200.959,-4777.33
103.4,6.36272,41986.6,14485.8,-19888.4,2117.6,-83.043,-4780.58
103.5,6.38809,42051.7,15485.9,-21832.3,2100.69,-96.6725,-4801.8
103.6,6.41389,42024.4,14066.5,-21692.8,2077.8,-213.635,-4814.7
103.7,6.42425,41857.2,11152.5,-20592.1,2066.93,-276.643,-4866.4
103.8,6.41147,41673.4,7974.71,-18534.8,2087.84,-217.036,-4860.35
103.9,6.38402,41628.5,6713.89,-16093.0,2086.1,-225.768,-4769.56
104.0,6.38885,41776.7,6510.54,-12085.9,2118.59,-311.31,-4668.8
104.1,6.4074,41830.3,7847.73,-8076.75,2119.34,-442.12,-4665.49
104.2,6.42619,41798.6,8872.22,-6068.74,2110.56,-425.81,-4642.97
104.3,6.44193,41654.1,14044.8,-6872.43,2082.87,-351.484,-4670.17
104.4,6.42967,41496.2,19133.3,-9291.18,2029.09,-245.0,-4592.87
104.5,6.43102,41533.9,20793.0,-11654.1,2022.86,-182.248,-4524.43
104.6,6.45274,41607.0,20010.0,-12302.4,2086.32,-196.676,-4669.27
104.7,6.46987,41583.5,19155.2,-11848.1,2070.12,-247.802,-4815.81
104.8,6.47561,41485.9,20252.8,-10620.2,2116.03,-289.834,-4805.46
104.9,6.46018,41318.8,22751.7,-9556.4,2118.03,-363.705,-4751.27
105.0,6.43465,41321.5,22113.8,-9278.0,2131.21,-388.546,-4746.13
105.1,6.44074,41445.2,20210.4,-9929.34,2161.48,-376.366,-4813.28
105.2,6.46332,41511.4,19879.2,-10706.1,2156.76,-285.949,-4759.69
105.3,6.50421,41537.2,21502.5,-11470.2,2219.68,-193.262,-4585.06
105.4,6.54221,41345.4,21926.6,-10576.9,2247.78,-87.1208,-4513.44
105.5,6.53422,41034.8,18033.7,-8490.92,2294.58,-36.321,-4646.06
105.6,6.50977,40907.7,13076.4,-7274.96,2311.42,-67.4465,-4872.76
105.7,6.50023,40981.9,12973.1,-5421.21,2282.42,-4.49925,-5019.3
105.8,6.49843,41033.0,15475.5,-3991.27,2224.34,-56.8223,-4963.69
105.9,6.5124,41142.1,17099.6,-2100.26,2198.58,-160.562,-4962.84
106.0,6.53524,41056.5,15373.6,1363.18,2155.8,-231.975,-5084.78
106.1,6.52566,40868.7,14452.1,5102.38,2133.7,-302.237,-5119.15
106.2,6.52309,40893.3,18005.8,6744.41,2102.45,-376.414,-4908.4
106.3,6.55362,40987.8,23523.4,7583.82,2113.39,-295.29,-4617.1
106.4,6.57809,40951.4,24971.6,7311.99,2155.06,-143.744,-4539.17
106.5,6.59383,40857.5,21677.5,4717.44,2155.83,-110.462,-4687.21
106.6,6.59441,40782.4,20708.4,2276.06,2133.77,-41.0682,-4892.47
106.7,6.56049,40676.2,21332.1,-1651.33,2065.95,-38.2065,-4823.35
106.8,6.54847,40853.4,20949.1,-5896.66,1997.83,-19.4551,-4783.85
106.9,6.57539,40902.9,16036.7,-8960.48,1921.44,-60.2959,-4953.84
107.0,6.60487,40912.2,10122.7,-10098.6,1915.84,-168.178,-5118.73
107.1,6.65415,40964.5,7834.66,-9575.41,1962.25,-304.75,-4994.62
107.2,6.67966,40818.9,9198.69,-8015.3,2009.4,-418.716,-4731.05
107.3,6.67383,40786.3,10077.2,-6499.84,2060.09,-381.561,-4636.89
107.4,6.6717,40803.2,8613.26,-5625.9,2067.85,-286.241,-4722.91
107.5,6.67384,40822.1,8807.16,-5317.6,2082.36,-241.862,-4774.38
107.6,6.68442,40876.6,11938.8,-6614.92,2097.81,-221.381,-4686.81
107.7,6.70033,40827.0,13808.7,-9406.82,2057.47,-195.809,-4635.84
107.8,6.67711,40694.8,10692.1,-12955.4,1993.35,-139.442,-4793.3
107.9,6.64844,40750.2,4920.09,-16179.0,1968.69,-145.42,-5005.37
108.0,6.64422,40830.6,2496.24,-18041.0,1952.89,-263.995,-5049.06
108.1,6.67181,40924.5,5247.44,-17236.5,1927.78,-311.986,-4919.61
108.2,6.70911,40900.9,8895.98,-15110.8,1922.6,-354.944,-4827.87
108.3,6.72359,40826.9,9391.79,-11693.1,1955.76,-314.405,-4831.67
108.4,6.71921,40760.9,9611.7,-8059.62,2006.45,-269.307,-4841.99
108.5,6.70402,40771.6,11602.2,-4813.25,2024.68,-253.174,-4686.92
108.6,6.69847,40823.7,13051.7,-3137.72,1967.78,-270.892,-4481.12
108.7,6.7222,40913.6,11379.9,-2745.27,1925.76,-245.904,-4505.78
108.8,6.75698,40907.0,7664.41,-3894.77,1892.17,-248.771,-4720.81
108.9,6.7823,40860.0,4572.67,-5999.14,1854.52,-287.459,-4839.06
109.0,6.78609,40794.8,3156.7,-8601.45,1843.38,-334.162,-4824.02
109.1,6.79068,40832.5,4252.27,-10553.2,1840.68,-292.927,-4895.51
109.2,6.80343,40865.2,5136.67,-11280.8,1856.75,-240.585,-4946.02
109.3,6.8252,40868.9,8325.5,-11099.2,1934.96,-287.394,-4889.5
109.4,6.83755,40830.8,13767.3,-9679.62,1994.7,-295.613,-4707.14
109.5,6.8267,40755.7,18732.0,-8641.8,2085.18,-324.166,-4508.21
109.6,6.80611,40752.1,23881.6,-8190.45,2081.72,-305.83,-4511.57
109.7,6.79327,40789.4,27977.0,-8727.05,2024.29,-316.523,-4528.06
109.8,6.8032,40872.5,29711.6,-9116.69,1975.04,-324.473,-4453.88
109.9,6.82533,40873.5,26766.3,-10172.8,1895.76,-380.074,-4456.12
110.0,6.84335,40845.6,22956.5,-10987.3,1812.81,-386.933,-4778.81
110.1,6.82888,40723.6,18980.0,-12421.5,1724.05,-394.323,-4989.04
110.2,6.80308,40753.6,18903.6,-15013.1,1663.35,-383.161,-4960.6
110.3,6.80063,40826.4,20804.9,-18025.7,1640.52,-326.345,-4835.75
110.4,6.81885,40894.3,21105.8,-18984.8,1693.76,-177.975,-4778.48
110.5,6.84846,40897.1,20993.2,-16911.0,1778.9,-118.794,-4746.04
110.6,6.86627,40827.4,19515.5,-11144.9,1813.67,-173.459,-4538.55
110.7,6.85544,40753.0,16758.5,-5258.2,1849.9,-341.833,-4366.24
110.8,6.8422,40782.9,11656.8,-3019.29,1822.48,-416.704,-4427.85
110.9,6.85893,40897.8,6800.4,-4353.65,1796.36,-273.57,-4675.25
111.0,6.88537,40885.8,5311.78,-8402.74,1714.78,-151.256,-4835.19
111.1,6.90954,40866.8,5096.8,-11148.1,1653.33,-80.2815,-4883.16
111.2,6.89688,40695.2,6940.67,-10701.9,1507.07,-103.865,-5071.25
111.3,6.82815,40571.0,7950.61,-8852.65,1413.92,-126.712,-5183.39
111.4,6.76417,40661.4,11258.3,-7656.79,1392.86,-84.8496,-5084.27
111.5,6.73197,40753.8,15927.2,-7985.42,1436.07,-23.0188,-4749.14
111.6,6.72305,40816.1,21496.6,-9552.79,1471.9,-4.28572,-4481.1
111.7,6.71912,40779.1,25570.6,-10324.3,1513.41,-27.3214,-4382.32
111.8,6.69483,40703.6,30008.7,-10398.4,1548.68,-151.352,-4422.97
111.9,6.67211,40780.5,34764.6,-10982.9,1546.05,-228.268,-4497.06
112.0,6.67681,40834.8,37066.2,-13670.9,1482.21,-239.075,-4597.32
112.1,6.69325,40876.9,35224.9,-19152.9,1432.45,-147.22,-4767.96
112.2,6.73008,40940.8,33346.1,-25879.1,1375.23,26.311,-4997.5
112.3,6.75907,40844.8,34796.8,-30621.7,1341.68,148.27,-5018.9
112.4,6.75847,40776.7,37524.7,-30675.3,1345.51,188.345,-4753.65
112.5,6.738,40737.2,40331.7,-27395.7,1349.81,13.3308,-4570.44
112.6,6.71232,40736.1,42196.8,-23273.4,1342.01,-189.792,-4537.84
112.7,6.69149,40749.3,43828.6,-21232.9,1289.55,-267.473,-4375.62
112.8,6.67304,40761.3,45668.6,-21246.5,1250.17,-209.832,-4169.96
112.9,6.65794,40764.3,46348.4,-22061.7,1215.1,-197.738,-4198.46
113.0,6.63311,40723.8,42394.7,-22152.9,1168.54,-216.439,-4430.99
113.1,6.60408,40719.1,38877.0,-21185.2,1162.63,-210.938,-4756.69
113.2,6.5722,40718.8,36490.4,-19534.1,1144.95,-100.302,-4890.25
113.3,6.55222,40782.7,35105.6,-17515.2,1164.23,2.19112,-4908.43
113.4,6.55064,40810.3,30712.4,-14481.4,1219.07,24.3271,-4896.12
113.5,6.55619,40832.5,24443.7,-9197.93,1305.75,2.88538,-4904.63
113.6,6.56031,40816.1,21232.7,-2533.22,1383.71,-135.274,-4858.43
113.7,6.55206,40767.3,19051.1,3151.72,1373.51,-353.759,-4600.86
113.8,6.5564,40853.3,19070.7,7234.26,1320.24,-410.012,-4528.05
113.9,6.57853,40870.5,20686.0,8854.74,1207.24,-364.078,-4695.86
114.0,6.59914,40864.7,21729.4,8481.31,1099.72,-276.925,-4776.13
114.1,6.61094,40800.5,24255.7,8244.3,1006.25,-157.885,-4814.9
114.2,6.56758,40602.1,22720.7,8213.32,936.511,-96.6489,-4838.04
114.3,6.49083,40589.8,19677.3,7404.58,948.119,-72.8502,-5021.68
114.4,6.43178,40665.8,16369.3,5852.66,1008.14,-54.1255,-5086.15
114.5,6.38301,40814.8,16868.0,3428.13,1030.67,-70.7142,-4940.05
114.6,6.3521,41113.1,18907.5,915.58,1040.5,-138.434,-4706.19
114.7,6.3351,41184.4,19831.8,-106.082,1060.81,-251.962,-4620.82
114.8,6.31582,41177.4,17917.2,-486.081,1107.01,-395.886,-4628.99
114.9,6.31084,41234.8,18904.3,-1469.85,1126.84,-474.085,-4694.69
115.0,6.32304,41265.9,20372.9,-3608.05,1124.85,-418.35,-4596.05
115.1,6.33578,41398.4,21240.1,-6997.62,1118.32,-238.741,-4561.67
115.2,6.35537,41710.1,20621.8,-10126.6,1111.58,-42.157,-4731.74
115.3,6.35237,41760.7,21388.0,-11854.9,1060.74,15.9205,-4907.48
115.4,6.32807,41706.1,23545.7,-12459.3,1054.86,-38.289,-4811.6
115.5,6.30855,41769.4,27641.7,-12437.9,1068.59,-146.725,-4688.6
115.6,6.30095,41932.2,30936.3,-11482.6,1130.66,-223.622,-4706.55
115.7,6.29443,42031.3,32721.1,-10223.5,1138.32,-371.125,-4714.78
115.8,6.28194,42123.8,35863.0,-7503.41,1153.0,-499.099,-4664.48
115.9,6.26805,42215.4,39830.7,-3102.05,1188.39,-554.549,-4573.69
116.0,6.25471,42334.8,41535.5,375.937,1264.6,-617.579,-4544.76
116.1,6.2497,42453.7,40264.1,2239.38,1306.97,-539.407,-4638.6
116.2,6.23928,42479.9,38787.3,4067.22,1304.24,-299.401,-4784.99
116.3,6.20303,42439.7,37918.6,6146.28,1268.23,-160.226,-4798.17
116.4,6.17168,42532.5,35773.4,9301.48,1288.07,-222.086,-4750.62
116.5,6.14485,42607.7,30659.0,13199.9,1282.01,-389.852,-4816.48
116.6,6.11439,42763.0,23939.5,15882.5,1305.36,-493.263,-4984.3
116.7,6.11427,42981.6,19666.4,17189.2,1291.29,-524.686,-5057.15
116.8,6.11602,43110.5,16040.9,18679.2,1271.16,-529.72,-4894.32
116.9,6.11384,43197.7,13107.7,19552.0,1227.37,-602.249,-4816.27
117.0,6.11517,43279.5,9055.71,21005.1,1162.55,-543.494,-4912.7
117.1,6.10422,43251.2,6740.48,21443.3,1131.56,-448.93,-4977.93
117.2,6.0833,43334.2,7205.04,20007.0,1126.3,-322.862,-4897.51
117.3,6.0721,43382.6,8061.22,17768.0,1188.82,-216.648,-4847.42
117.4,6.0418,43373.3,5073.99,14561.4,1283.99,-223.38,-4911.61
117.5,6.00764,43521.4,651.147,9932.3,1346.83,-277.824,-5047.57
117.6,5.99674,43644.4,-268.739,5714.31,1407.76,-282.517,-5100.09
117.7,5.98998,43704.5,2824.49,2493.17,1437.01,-293.833,-4989.66
117.8,6.01172,43937.2,4597.74,1353.33,1499.71,-318.3,-4837.12
117.9,6.03353,44044.2,3796.21,2631.36,1540.32,-369.068,-4895.88
118.0,6.02058,44107.7,4289.21,5147.08,1577.97,-331.295,-5041.26
118.1,6.00307,44058.7,5606.36,6424.88,1644.14,-278.722,-4879.92
118.2,5.97533,44036.4,8824.85,5849.6,1678.93,-220.661,-4684.13
118.3,5.94279,44145.5,9280.74,3396.91,1667.76,-122.854,-4685.58
118.4,5.92144,44298.6,8492.78,206.76,1638.84,-69.7109,-4853.18
118.5,5.90059,44419.2,9371.94,-2359.73,1620.69,-87.0179,-4910.31
118.6,5.87768,44520.4,12617.2,-4391.15,1527.99,-189.786,-4827.36
118.7,5.85492,44605.2,14288.9,-5835.29,1467.77,-273.944,-4813.61
118.8,5.84688,44571.3,14152.9,-6627.92,1441.49,-256.623,-4957.59
118.9,5.8585,44448.7,15689.3,-6318.52,1434.33,-193.476,-5048.18
119.0,5.88342,44275.7,20056.5,-3454.26,1434.23,-148.242,-4881.51
119.1,5.88339,44098.8,24854.4,955.267,1435.99,-213.109,-4682.78
119.2,5.8687,44171.1,26441.1,6063.37,1467.28,-234.958,-4714.58
119.3,5.84742,44283.5,25498.8,8614.08,1489.19,-269.754,-4834.4
119.4,5.85153,44578.5,25667.4,9100.15,1519.56,-182.417,-4827.0
119.5,5.88322,44836.1,25471.1,8901.38,1510.93,-113.744,-4717.72
119.6,5.89788,45105.6,23707.8,9543.34,1477.96,-152.057,-4843.56
119.7,5.89245,45001.1,20631.6,11737.1,1440.51,-221.752,-5135.39
119.8,5.86292,44945.2,18835.0,14394.7,1409.56,-274.889,-5250.74
119.9,5.8327,45007.8,19669.4,17086.8,1432.75,-209.976,-5151.26
120.0,5.82005,45024.5,19865.7,19537.7,1474.85,-160.033,-5055.93
120.1,5.80222,45012.6,17219.3,22470.1,1584.64,-166.777,-5083.22
120.2,5.77049,44953.4,12747.3,24015.5,1681.52,-258.704,-5036.44
120.3,5.73375,44972.1,10354.7,23421.6,1799.26,-283.884,-4903.3
120.4,5.71977,45059.3,9850.4,19952.4,1886.05,-234.742,-4790.2
120.5,5.7475,45106.6,8098.93,14565.2,1952.27,-162.823,-4807.94
120.6,5.80353,45071.7,4280.76,9669.99,1985.3,-117.742,-4965.76
120.7,5.83435,45117.8,1640.32,6499.57,1971.73,-106.231,-5169.0
120.8,5.83393,45021.9,-209.388,4755.61,1954.18,-95.9133,-5211.44
120.9,5.81738,44992.6,-2909.84,4446.9,1934.29,-63.8346,-5172.57
121.0,5.80271,45060.9,-6135.93,4948.97,1936.89,-48.0952,-5194.58
121.1,5.82007,45144.8,-9176.83,6092.44,1972.33,-85.8974,-5135.74
121.2,5.85138,45153.4,-9242.14,9067.87,2041.96,-132.798,-4935.4
121.3,5.85682,45038.9,-6996.05,11361.1,2086.78,-310.917,-4715.05
121.4,5.84615,45026.9,-4758.48,12178.4,2116.69,-426.506,-4648.76
121.5,5.83874,45044.4,-4555.34,11056.9,2157.77,-414.249,-4703.34
121.6,5.8397,45102.4,-3594.08,7717.33,2146.49,-320.144,-4822.22
121.7,5.86837,45162.1,-3056.29,3597.21,2126.23,-214.509,-4873.62
121.8,5.89018,45104.5,-1140.08,411.425,2137.46,-153.048,-4993.66
121.9,5.88914,45043.4,36.9979,-2191.39,2155.63,-141.925,-5094.83
122.0,5.8778,45021.4,2293.86,-5334.54,2153.32,-212.312,-5088.37
122.1,5.86156,45018.3,6602.57,-8480.97,2102.54,-245.391,-4941.94
122.2,5.8669,45143.7,12441.1,-10600.3,2078.64,-238.16,-4754.32
122.3,5.91584,45225.5,18406.9,-8772.68,2063.58,-264.228,-4629.78
122.4,5.96549,45178.9,23706.3,-2728.81,2080.65,-442.087,-4610.7
122.5,5.98343,45074.6,29507.7,3890.33,2070.01,-664.571,-4659.55
122.6,5.98121,44995.0,34852.2,8205.06,2085.71,-676.064,-4704.31
122.7,5.95853,44861.6,40544.7,8663.55,2027.24,-483.115,-4786.58
122.8,5.95396,44996.2,42528.9,8092.53,2008.54,-224.97,-4834.56
122.9,5.98233,45126.9,41487.6,10911.3,2021.61,-146.739,-4909.98
123.0,6.01063,45065.5,37618.4,18140.8,2065.08,-261.395,-4981.49
123.1,6.02226,44810.4,33556.5,26721.2,2072.7,-481.23,-5024.73
123.2,5.99731,44509.4,29686.8,32851.1,2084.11,-620.669,-4970.42
123.3,5.96329,44430.0,26339.6,33909.2,2095.97,-641.036,-4879.02
123.4,5.96409,44646.9,24056.1,31756.2,2128.18,-549.387,-4877.82
123.5,6.0024,44795.3,22775.8,28891.7,2150.39,-484.979,-4882.22
123.6,6.04665,44752.7,23038.0,26786.5,2183.24,-462.328,-4871.88
123.7,6.0699,44470.5,22979.2,25173.9,2221.42,-416.053,-4848.34
123.8,6.05978,44164.0,20763.6,23243.8,2304.74,-292.081,-4905.65
123.9,6.03579,44045.6,17039.8,19939.8,2362.65,-171.247,-5001.5
124.0,6.03255,44139.5,11748.7,16448.4,2413.21,-109.624,-4997.74
124.1,6.04924,44241.0,6305.7,13583.5,2427.61,-167.398,-4939.74
124.2,6.07791,44280.2,378.102,12081.1,2450.82,-256.596,-4942.09
124.3,6.1092,44178.4,-6179.32,11978.6,2487.61,-350.917,-4996.55
124.4,6.12994,44000.7,-11327.1,12403.0,2533.17,-441.69,-5034.1
124.5,6.15363,43900.3,-14417.6,12976.3,2536.88,-437.872,-5027.79
124.6,6.174,43765.1,-15863.4,13339.2,2479.67,-340.67,-4994.21
124.7,6.18638,43664.4,-15928.4,13188.0,2435.5,-198.506,-4999.62
124.8,6.20189,43564.0,-14090.1,11524.6,2414.83,-132.214,-5015.35
124.9,6.20373,43395.7,-9572.76,9085.98,2354.73,-63.929,-4976.9
125.0,6.1886,43237.8,-4914.63,5527.27,2317.16,-44.0005,-4863.46
125.1,6.17952,43214.5,-419.804,1644.8,2303.34,-68.8043,-4835.95
125.2,6.20958,43312.4,4198.5,171.858,2305.75,-90.9128,-4917.26
125.3,6.24735,43272.2,9223.68,1100.44,2300.14,-225.02,-4930.24
125.4,6.28703,43156.9,15359.9,3340.36,2298.25,-390.391,-4882.79
125.5,6.32019,42949.4,22466.8,5450.61,2270.92,-463.484,-4881.43
125.6,6.32894,42732.9,28134.9,5915.51,2193.86,-379.259,-4850.29
125.7,6.3416,42658.7,34495.9,4917.33,2116.1,-236.953,-4825.08
125.8,6.37224,42626.8,39834.6,5180.57,2073.39,-94.7298,-4745.44
125.9,6.40048,42503.5,42911.9,7667.24,2076.47,-65.1052,-4698.37
126.0,6.42216,42300.1,40952.9,11933.7,2155.32,-144.976,-4762.49
126.1,6.41434,41997.3,35025.8,16360.5,2203.34,-250.201,-4909.9
126.2,6.37421,41805.1,28782.3,18127.1,2172.04,-337.929,-5042.08
126.3,6.34932,41867.1,24967.4,17992.4,2028.98,-302.153,-5096.26
126.4,6.35085,42052.8,23226.2,18228.7,1872.05,-252.95,-5066.46
126.5,6.38164,42204.4,20997.6,20283.9,1782.83,-270.583,-5060.1
126.6,6.42326,42131.6,18186.4,24878.2,1779.22,-322.046,-5106.87
126.7,6.42137,41803.5,18203.4,29511.8,1828.41,-367.298,-5166.71
126.8,6.38622,41586.1,20340.8,31258.6,1875.69,-341.397,-5033.92
126.9,6.35032,41579.6,22092.1,30017.2,1902.55,-209.269,-4840.44
127.0,6.35603,41845.2,19583.2,28860.4,1983.74,-13.7059,-4824.59
127.1,6.40368,42007.2,14661.1,28439.4,1997.58,-54.6362,-4991.75
127.2,6.45953,41932.6,10135.0,29986.4,2023.34,-187.09,-5118.58
127.3,6.48051,41563.6,5971.43,31474.0,1993.83,-315.179,-5085.95
127.4,6.45505,41270.0,208.361,30027.5,1940.25,-353.704,-5123.84
127.5,6.44252,41315.2,-6320.44,25873.2,1886.64,-263.815,-5287.42
127.6,6.46252,41496.0,-10004.0,22318.1,1885.1,-94.3645,-5336.68
127.7,6.50454,41586.0,-11308.1,21423.3,1921.83,-37.2265,-5073.31
127.8,6.52828,41391.1,-9677.81,22072.8,2018.92,-209.837,-4897.9
127.9,6.49081,40982.5,-8640.67,21560.3,2021.93,-334.355,-4892.69
128.0,6.40744,40803.8,-3983.97,16703.2,1933.52,-290.08,-4900.71
128.1,6.3527,41062.7,3564.03,9355.9,1809.1,-110.64,-4691.05
128.2,6.35739,41487.9,11738.9,4021.05,1690.28,-40.344,-4550.55
128.3,6.40333,41729.2,14683.5,3289.95,1611.45,-188.293,-4695.3
128.4,6.41919,41549.6,14605.4,5117.75,1534.07,-464.02,-5002.25
128.5,6.37881,41284.5,17744.1,5914.72,1513.81,-566.285,-5175.33
128.6,6.3251,41274.4,24363.4,2942.7,1419.07,-482.314,-5020.32
128.7,6.30967,41661.9,31199.8,-708.611,1369.95,-290.327,-4876.11
128.8,6.35976,42076.9,33702.0,-1819.34,1362.34,-238.615,-4889.8
128.9,6.4321,42155.9,34910.5,524.962,1361.51,-379.547,-4910.59
129.0,6.47119,41877.2,38789.0,3293.12,1430.08,-569.869,-4757.95
129.1,6.45918,41470.7,44173.7,3300.43,1448.48,-595.568,-4541.47
129.2,6.42013,41336.9,44071.8,-76.9183,1451.69,-471.039,-4478.52
129.3,6.40306,41508.6,38192.0,-3851.51,1425.27,-322.885,-4671.3
129.4,6.42694,41787.9,30820.9,-3827.75,1428.09,-253.46,-4901.06
129.5,6.4497,41758.6,26268.2,182.813,1393.18,-364.787,-4955.16
129.6,6.43225,41552.5,24718.0,5781.85,1450.99,-500.491,-4978.77
129.7,6.37642,41305.5,22625.7,9833.37,1522.86,-536.508,-5053.73
129.8,6.29497,41301.7,19578.1,11862.2,1550.85,-412.103,-5086.2
129.9,6.23798,41623.7,18263.7,13318.3,1551.88,-307.905,-4965.46
130.0,6.23751,42070.6,16301.5,16507.4,1569.76,-345.043,-4697.56
130.1,6.27392,42330.4,14428.5,21400.6,1607.08,-482.271,-4664.87
130.2,6.29903,42268.5,11756.4,25178.2,1617.0,-601.307,-4823.26
130.3,6.28476,42041.9,10144.1,25468.3,1611.23,-579.588,-4940.53
130.4,6.25088,41989.5,9638.54,21821.4,1574.07,-468.401,-4964.58
130.5,6.24396,42249.9,8993.93,16147.5,1486.87,-345.947,-5043.84
130.6,6.28203,42548.2,6461.7,11631.3,1392.18,-275.767,-5155.46
130.7,6.3409,42691.3,5181.35,9936.9,1421.02,-261.341,-5228.28
130.8,6.39087,42491.2,4380.18,11118.1,1441.64,-271.093,-5062.13
130.9,6.37494,42052.0,4906.81,13403.9,1464.07,-373.546,-4911.03
131.0,6.31498,41851.8,6341.99,15188.0,1469.5,-438.599,-4888.32
131.1,6.26814,42011.2,9725.9,14892.8,1413.72,-482.109,-4865.34
131.2,6.25388,42320.8,15381.6,12869.6,1328.73,-449.219,-4788.82
131.3,6.25884,42515.7,19964.8,9464.17,1261.06,-406.216,-4760.17
131.4,6.24701,42454.7,20972.5,6600.32,1249.23,-323.708,-4915.47
131.5,6.19599,42284.4,19782.6,5124.15,1268.04,-236.84,-5117.86
131.6,6.13105,42318.4,21283.6,4470.6,1279.26,-203.274,-5174.72
131.7,6.1034,42656.6,24475.4,5111.56,1286.63,-156.132,-4995.7
131.8,6.1006,42816.9,26899.8,6158.84,1238.88,-163.635,-4825.77
131.9,6.11534,43028.2,26660.0,7355.77,1279.94,-195.113,-4831.74
132.0,6.13113,43124.2,27039.5,8092.0,1309.82,-289.448,-4849.2
132.1,6.12731,43154.3,30650.9,9134.64,1331.9,-310.417,-4731.98
132.2,6.11735,43176.3,35574.7,9828.38,1296.75,-329.958,-4583.33
132.3,6.11952,43333.5,38431.4,11113.5,1258.77,-278.365,-4642.0
132.4,6.13894,43492.1,38368.9,12002.3,1245.51,-237.709,-4809.05
132.5,6.16383,43566.7,37416.6,12401.0,1278.44,-175.081,-4837.92
132.6,6.1685,43464.0,36877.4,13117.5,1337.5,-83.5889,-4760.74
132.7,6.12255,43236.8,33504.0,13750.1,1374.41,-85.203,-4725.05
132.8,6.0466,43225.3,26248.9,13783.4,1406.5,-186.346,-4789.06
132.9,5.99458,43529.1,20527.5,13962.2,1441.05,-213.976,-4901.65
133.0,5.98062,43782.1,18163.0,14522.8,1448.22,-210.888,-4858.59
133.1,5.98081,43880.0,17626.0,15228.9,1449.83,-264.332,-4775.78
133.2,5.96998,43890.4,16902.5,16605.4,1414.63,-322.227,-4881.14
133.3,5.91644,43904.7,17790.8,16960.6,1397.21,-352.602,-5090.71
133.4,5.87036,44066.7,22706.3,15252.9,1351.58,-279.244,-5085.48
133.5,5.87008,44059.1,28391.4,12922.2,1362.41,-151.352,-4876.43
133.6,5.89467,43956.9,27590.5,11243.0,1454.52,-55.6772,-4766.72
133.7,5.93406,43898.4,21620.4,10366.6,1579.91,-83.833,-4970.16
133.8,5.94534,43871.7,17109.9,10960.3,1718.17,-126.596,-5149.07
133.9,5.92289,43976.0,16846.6,11835.1,1759.71,-148.121,-4995.29
134.0,5.90534,44209.4,17743.5,12496.8,1715.72,-196.772,-4834.71
134.1,5.91297,44402.3,12625.1,13005.1,1653.96,-263.538,-4944.8
134.2,5.93942,44579.2,5544.87,12273.4,1621.21,-305.556,-5217.91
134.3,5.96823,44801.8,3989.31,10431.7,1634.62,-279.534,-5290.62
134.4,5.94275,44927.0,7678.41,7758.29,1579.72,-228.281,-5056.6
134.5,5.8797,44741.0,10489.3,5415.1,1608.81,-150.173,-4930.17
134.6,5.81294,44867.0,9669.36,4561.63,1633.3,-93.0297,-5079.92
134.7,5.76194,44965.2,8958.39,5339.6,1623.68,-44.1852,-5167.46
134.8,5.73952,45026.2,11222.9,6806.32,1584.04,-83.7458,-4905.64
134.9,5.72226,44991.2,13513.2,8137.24,1564.61,-163.783,-4651.83
135.0,5.70234,44861.8,12501.1,8597.59,1518.45,-231.635,-4761.33
135.1,5.68452,44691.9,10350.1,8145.45,1475.63,-293.737,-5018.76
135.2,5.69154,44520.5,11339.8,7240.48,1448.36,-347.412,-5011.55
135.3,5.74285,44394.0,13916.5,7372.3,1516.09,-338.605,-4857.59
135.4,5.80987,44248.2,15019.1,7846.46,1579.6,-346.355,-4925.53
135.5,5.84959,44315.3,15126.8,8529.76,1607.61,-282.923,-5137.96
135.6,5.84683,44607.9,17810.8,9058.42,1645.05,-183.232,-5083.06
135.7,5.80972,45012.6,21960.0,9105.48,1622.9,-118.115,-4716.59
135.8,5.78598,45016.0,23737.6,9431.72,1602.01,-111.489,-4537.84
135.9,5.78955,45087.3,19454.3,12107.3,1598.23,-143.321,-4676.61
136.0,5.78639,45043.7,13955.1,16646.8,1603.22,-267.441,-4886.17
136.1,5.75628,44921.2,10905.7,21699.4,1584.57,-441.151,-4905.34
136.2,5.68423,44822.3,10848.2,25206.9,1590.14,-551.169,-4944.04
136.3,5.61726,44927.5,9100.19,25270.1,1651.98,-512.752,-5105.81
136.4,5.60565,45046.9,6970.45,23351.6,1685.28,-336.4,-5275.46
136.5,5.62251,44872.0,7131.91,21526.2,1734.45,-170.192,-5224.24
136.6,5.65395,44769.6,8903.22,22275.5,1827.95,-50.9152,-4970.54
136.7,5.66989,44700.7,10400.1,25160.9,1934.56,-103.938,-4853.36
136.8,5.66939,44844.8,10954.3,28572.2,2021.9,-205.07,-4962.55
136.9,5.68172,45141.4,11114.5,30629.0,2076.05,-266.676,-5027.62
137.0,5.72312,45210.4,11261.5,30984.8,2124.42,-286.812,-5011.52
137.1,5.79021,45269.9,10149.4,30996.8,2128.92,-294.161,-5108.44
137.2,5.85723,45237.9,7802.47,31698.0,2173.69,-355.226,-5370.09
137.3,5.89717,45124.9,4610.14,33410.5,2225.28,-384.602,-5495.77
137.4,5.90165,45031.4,2914.16,34001.9,2292.1,-393.932,-5455.03
137.5,5.88864,45022.1,1682.67,32045.3,2356.67,-335.879,-5356.3
137.6,5.86958,45002.2,-2296.21,27770.9,2388.08,-183.854,-5227.2
137.7,5.84337,44994.9,-5713.74,22825.7,2405.59,-37.983,-5177.48
137.8,5.81309,44974.2,-6613.95,18144.4,2384.98,-37.1323,-5110.69
137.9,5.77432,44947.1,-4873.52,14504.1,2318.17,-114.56,-5039.57
138.0,5.73379,44959.8,-3526.7,11060.2,2258.08,-178.45,-5064.81
138.1,5.71326,45048.0,-2360.5,7148.83,2187.23,-164.633,-5242.92
138.2,5.73377,45160.2,-2244.2,3634.96,2146.15,-94.4399,-5314.51
138.3,5.77042,45183.1,-2227.27,2101.0,2110.27,-20.6971,-5227.21
138.4,5.81722,45200.7,-2668.35,2939.72,2142.46,-7.75525,-5136.54
138.5,5.85453,45138.1,-4008.28,5036.19,2144.6,-65.6071,-5077.0
138.6,5.88218,45141.4,-3961.07,6553.84,2155.9,-111.137,-5005.62
138.7,5.91372,45165.3,-1813.51,6640.09,2109.92,-65.6738,-4847.81
138.8,5.9516,45169.9,1258.25,6616.51,2030.81,30.0501,-4731.42
138.9,5.98081,45133.8,1406.4,7333.35,1951.14,10.8425,-4718.15
139.0,6.00073,45111.1,1702.09,8983.29,1898.79,-99.1628,-4893.46
139.1,6.00285,45031.8,2814.19,10688.5,1857.42,-161.356,-4980.8
139.2,5.97952,44963.4,6613.0,10856.1,1860.09,-149.578,-4951.95
139.3,5.94406,44871.5,9859.43,9348.02,1877.82,-86.0625,-4877.07
139.4,5.90449,44866.2,11420.0,9227.14,1918.25,26.4075,-4884.3
139.5,5.86504,44960.9,13133.3,12134.0,2061.27,59.7956,-4927.25
139.6,5.84943,45043.2,16100.4,17600.3,2214.16,-76.8402,-4872.79
139.7,5.83696,45028.5,19870.9,23874.8,2340.95,-240.161,-4773.84
139.8,5.81818,45005.9,22242.0,28190.9,2392.2,-296.073,-4789.28
139.9,5.81095,45077.5,22440.9,30138.5,2400.57,-248.151,-4930.33
140.0,5.83734,45182.1,22709.7,30877.2,2402.89,-234.727,-5072.4
140.1,5.90373,45288.9,23908.5,32785.2,2372.59,-238.628,-5116.58
140.2,5.97857,45259.4,24654.4,34920.8,2390.9,-328.402,-5155.4
140.3,6.03186,45135.1,23037.1,36355.2,2404.6,-344.91,-5264.83
140.4,6.04794,44806.0,19398.8,35678.4,2506.76,-281.459,-5371.94
140.5,6.04984,44644.3,16403.5,33842.3,2593.48,-137.081,-5350.51
140.6,6.06079,44674.2,13521.3,32831.3,2684.42,-32.2035,-5219.04
140.7,6.08335,44682.7,10201.7,33859.2,2751.88,-60.9342,-5159.27
140.8,6.1056,44587.0,8772.41,36313.8,2782.49,-182.485,-5228.1
140.9,6.11188,44351.9,7267.26,38418.6,2747.01,-284.325,-5182.84
141.0,6.08568,44092.3,7451.15,38518.1,2644.49,-300.678,-5152.69
141.1,6.05074,43989.6,6927.83,36315.6,2518.46,-256.998,-5218.33
141.2,6.03893,44090.1,5289.07,32683.0,2429.12,-214.672,-5304.24
141.3,6.06377,44253.3,4298.13,29614.0,2403.08,-127.38,-5332.63
141.4,6.09492,44140.8,5443.47,27368.9,2354.69,-89.428,-5305.44
141.5,6.09686,43890.5,4770.74,26418.0,2358.24,-62.9545,-5210.62
141.6,6.08568,43699.5,2476.91,26240.9,2341.82,-74.5902,-5159.76
141.7,6.08248,43701.6,1240.16,26307.6,2275.49,-132.928,-5162.27
141.8,6.11929,43888.8,1336.35,25628.4,2199.97,-254.198,-5017.87
141.9,6.19464,44009.6,2972.86,24049.8,2131.25,-371.16,-4862.34
142.0,6.27374,43870.0,2480.85,22291.7,2107.15,-394.17,-4839.29
142.1,6.32823,43525.5,609.21,21742.4,2108.82,-338.091,-4992.45
142.2,6.34296,43133.7,-2263.92,23454.0,2105.35,-292.486,-5061.69
142.3,6.32342,42852.0,-3706.51,26276.8,2037.43,-328.596,-5057.52
142.4,6.29617,42808.8,-4201.9,28348.8,1970.64,-317.88,-5066.92
142.5,6.28619,42851.8,-4488.09,28933.4,1973.63,-231.846,-5119.22
142.6,6.27168,42796.8,-4651.84,28013.1,1997.37,-209.409,-5088.28
142.7,6.23766,42612.4,-3676.18,26827.1,1966.52,-309.576,-4991.56
142.8,6.1765,42450.6,-1407.13,25708.4,1956.53,-505.47,-4940.57
142.9,6.12811,42603.5,1956.37,24113.5,1981.84,-620.596,-4971.54
143.0,6.14277,42937.4,5804.15,22020.4,2008.76,-606.193,-4983.73
143.1,6.19314,43112.0,9936.28,19603.2,2052.81,-540.084,-4955.78
143.2,6.23966,43028.7,14116.3,16904.5,2132.09,-450.664,-4955.54
143.3,6.26497,42773.2,16819.0,15218.4,2145.48,-291.089,-4929.33
143.4,6.26053,42546.6,18193.5,15584.3,2110.64,-135.83,-4908.07
143.5,6.26297,42550.3,18987.6,17095.9,2035.71,-170.116,-4914.41
143.6,6.31082,42753.1,20672.5,20762.8,2000.32,-268.178,-4965.1
143.7,6.37418,42722.4,21619.6,25349.5,1983.29,-401.711,-4967.78
143.8,6.40775,42451.9,22759.9,29714.3,1979.21,-516.051,-5041.5
143.9,6.41118,42161.1,20238.1,34952.7,2050.54,-525.492,-5111.48
144.0,6.37619,41925.1,17623.6,39892.1,2058.53,-540.899,-5188.71
144.1,6.35278,42043.8,15732.8,43210.0,2059.99,-514.117,-5158.65
144.2,6.36373,42233.2,14921.6,44644.6,2021.92,-381.86,-5032.55
144.3,6.36455,42185.8,13473.0,43111.2,1948.46,-226.027,-4952.62
144.4,6.34382,42037.7,11238.3,39646.7,1892.81,-93.9615,-4987.22
144.5,6.29928,41848.4,8917.3,36655.6,1844.93,-37.9212,-5039.11
144.6,6.24275,41842.6,7973.93,35792.3,1769.96,-45.0078,-5100.35
144.7,6.21854,42078.2,8396.27,36564.6,1690.02,-188.45,-5216.64
144.8,6.23541,42368.1,8873.37,37709.4,1664.08,-340.076,-5316.41
144.9,6.28541,42529.6,9669.91,37150.0,1640.53,-377.06,-5327.95
145.0,6.33758,42493.1,12017.0,35776.7,1619.79,-246.151,-5246.17
145.1,6.36629,42280.0,13726.0,35040.1,1622.37,-122.252,-5041.89
145.2,6.38255,42192.6,13190.0,36590.0,1640.92,-73.7247,-4882.19
145.3,6.40267,42155.8,11986.9,39836.9,1598.46,-96.5629,-4907.41
145.4,6.40914,42112.1,10355.2,42313.7,1526.86,-120.611,-4960.26
145.5,6.39953,42046.7,8522.94,41071.4,1507.74,-118.915,-4951.08
145.6,6.3782,41967.8,5002.41,36579.3,1532.11,-23.9204,-5012.47
145.7,6.33785,41884.8,-1010.25,31529.0,1537.54,105.826,-5182.21
145.8,6.28746,41915.9,-6589.48,28092.3,1540.2,95.8339,-5325.86
145.9,6.24758,42042.0,-8765.17,27184.9,1492.06,-22.9027,-5270.05
146.0,6.22479,42236.0,-8215.17,27055.0,1514.9,-136.457,-5079.84
146.1,6.21284,42369.4,-8007.78,25496.3,1554.43,-113.321,-4931.88
146.2,6.19263,42360.8,-7790.13,21771.7,1606.66,-24.8349,-4909.2
146.3,6.15194,42358.8,-6551.95,16190.6,1696.19,13.9097,-4846.15
146.4,6.1206,42504.0,-3234.24,10127.6,1716.53,42.6349,-4712.66
146.5,6.1076,42692.7,-493.985,3973.54,1659.42,26.4307,-4652.98
146.6,6.12525,42986.3,475.226,-1042.4,1599.94,94.6711,-4781.22
146.7,6.17937,43131.4,405.527,-4295.23,1507.19,120.891,-4892.69
146.8,6.22547,43076.1,1769.05,-4356.21,1472.02,96.296,-4914.38
146.9,6.24185,42878.8,1946.44,-1807.12,1433.02,14.9753,-4817.12
147.0,6.23131,42760.9,-1572.1,2611.27,1510.62,-81.1295,-4811.04
147.1,6.20387,42783.7,-8885.43,6626.16,1600.21,-170.376,-4909.26
147.2,6.18395,42966.3,-14566.5,8518.37,1653.56,-210.259,-4976.35
147.3,6.16511,43092.7,-12701.6,7040.39,1657.41,-235.456,-4946.4
147.4,6.1353,43137.1,-6043.1,3215.5,1602.34,-149.934,-4809.54
147.5,6.0999,43156.9,-1375.33,-1216.66,1576.53,-46.2562,-4745.38
147.6,6.05914,43213.1,734.62,-4357.26,1538.29,19.0585,-4893.94
147.7,6.02905,43363.9,1131.44,-5391.03,1503.53,47.7186,-4989.59
147.8,6.01957,43579.0,5756.57,-3811.01,1489.93,52.5694,-4982.63
147.9,6.01694,43706.2,10311.6,-347.07,1497.33,20.03,-4880.87
148.0,6.01331,43783.6,11558.6,4047.0,1547.48,-75.328,-4908.35
148.1,5.99584,43794.0,11325.5,7219.61,1548.62,-234.669,-5075.06
148.2,5.97985,43928.9,14820.3,8979.26,1486.02,-270.996,-5109.32
148.3,5.99776,44087.6,21057.3,10134.9,1443.81,-225.171,-4870.62
148.4,6.04649,44215.6,25059.9,12979.6,1417.63,-169.862,-4679.56
148.5,6.10223,44369.9,22328.5,17445.0,1439.11,-219.121,-4742.07
148.6,6.12065,44093.2,17798.1,21882.5,1411.72,-273.593,-4920.28
148.7,6.09184,43889.2,16138.8,23986.2,1449.27,-247.269,-4899.58
148.8,6.04485,43874.6,16883.7,22171.4,1463.72,-179.235,-4737.25
148.9,6.01632,44106.1,13933.3,18437.7,1524.94,-79.7432,-4765.21
149.0,6.00298,44299.5,7527.93,15886.4,1557.2,-33.3184,-5049.77
149.1,5.98805,44395.5,5020.97,16433.6,1604.04,-85.7451,-5274.83
149.2,5.97547,44364.2,8145.9,20068.0,1666.5,-229.023,-5130.46
149.3,5.94118,44253.5,12132.1,23869.9,1693.83,-415.662,-4858.61
149.4,5.91778,44366.1,11689.6,26402.6,1746.04,-432.445,-4891.33
149.5,5.92406,44527.2,9726.72,26260.4,1809.47,-405.212,-5035.83
149.6,5.94856,44673.9,12279.0,24474.1,1874.71,-351.086,-4947.23
149.7,5.98458,44669.8,15920.6,22470.3,1923.89,-302.214,-4633.28
149.8,5.9953,44490.7,15727.6,21230.8,1977.43,-269.91,-4671.49
149.9,5.97976,44343.8,9870.96,18918.2,2026.99,-282.543,-5036.49
150.0,5.9742,44397.0,3236.76,15727.7,2037.98,-221.139,-5225.11
150.1,5.98321,44526.2,1478.44,11532.6,2014.87,-175.055,-5091.84
150.2,6.00452,44647.8,715.868,6884.84,1974.13,-191.422,-4925.5
150.3,6.03465,44655.7,-2754.39,3660.46,1969.54,-227.585,-4983.47
150.4,6.03182,44481.3,-5380.48,1721.29,2008.21,-287.327,-5098.16
150.5,6.01012,44394.1,-4327.08,-55.8513,2027.26,-316.266,-4919.99
150.6,5.99444,44424.8,-443.171,-1723.84,1998.28,-284.162,-4620.96
150.7,5.97297,44496.6,2613.71,-4267.24,1969.74,-237.106,-4574.18
150.8,5.9736,44640.9,3192.15,-8400.17,2001.84,-182.985,-4696.21
150.9,5.99224,44660.7,5162.66,-12036.2,2031.19,-70.6227,-4737.95
151.0,5.99645,44511.7,9368.52,-14151.7,2059.67,-17.9318,-4655.95
151.1,5.99047,44392.9,12140.0,-13762.3,2063.95,-83.5405,-4667.42
151.2,6.00242,44386.0,10413.9,-10485.1,2118.19,-213.915,-4840.71
151.3,6.0277,44410.3,7276.3,-7016.87,2133.21,-366.239,-4983.38
151.4,6.06993,44453.2,6709.08,-4722.79,2150.08,-402.163,-4885.64
151.5,6.11517,44325.8,9292.23,-2980.7,2159.09,-331.818,-4699.82
151.6,6.13251,44121.2,11318.4,-367.791,2178.15,-220.801,-4633.94
151.7,6.13506,43931.5,13131.9,3390.33,2179.75,-230.193,-4726.94
151.8,6.11473,43790.7,15453.9,7932.38,2164.02,-266.31,-4730.16
151.9,6.08034,43776.5,19019.0,10085.7,2057.09,-272.029,-4630.71
152.0,6.05655,43894.8,20398.6,8861.64,1983.17,-201.667,-4611.02
152.1,6.03378,43969.0,18145.2,5520.5,1951.1,-114.158,-4765.82
152.2,6.01607,44077.2,15053.4,3072.54,1959.29,-32.8797,-4965.82
152.3,6.01139,44146.5,13587.1,4134.12,2007.75,-45.1813,-5036.34
152.4,6.00291,44167.6,16507.0,7897.56,2036.06,-158.583,-5065.75
152.5,6.01239,44254.7,18110.5,12283.0,2100.79,-217.063,-5025.31
152.6,6.03547,44293.6,18339.8,15260.6,2199.23,-161.889,-5017.5
152.7,6.06354,44251.9,18676.8,15569.2,2263.17,-55.01,-4954.57
152.8,6.10076,44160.5,19063.9,15269.1,2285.91,54.5023,-4777.21
152.9,6.12796,43962.8,17925.1,16605.1,2283.72,66.7429,-4645.58
153.0,6.15395,43838.2,14126.8,19224.7,2301.94,-17.8471,-4746.99
153.1,6.18669,43696.3,9481.96,21887.0,2305.32,-89.1167,-4959.53
153.2,6.19578,43471.4,4590.32,22697.1,2302.59,-93.2261,-5044.16
153.3,6.17705,43316.5,1498.89,20663.7,2295.42,-31.8327,-5099.35
153.4,6.1535,43289.7,772.632,17359.7,2311.77,34.3838,-5205.33
153.5,6.13419,43372.1,-101.859,15864.3,2292.37,127.095,-5166.77
153.6,6.12882,43507.6,-330.102,16717.1,2308.17,87.5993,-5009.68
153.7,6.13514,43579.3,-874.483,18691.1,2376.93,-51.3029,-4863.78
153.8,6.1306,43489.5,-1100.73,18998.3,2397.15,-135.486,-4786.7
153.9,6.10503,43394.8,-1667.91,15177.0,2417.18,-101.569,-4709.95
154.0,6.08922,43442.7,-928.07,8523.68,2369.39,53.9991,-4709.3
154.1,6.11101,43631.4,-2564.23,2526.02,2362.99,181.664,-4782.76
154.2,6.16768,43747.2,-7197.73,-134.179,2310.28,193.692,-4958.19
154.3,6.2313,43616.0,-13228.4,563.567,2239.21,107.236,-5169.44
154.4,6.26327,43281.5,-17441.5,2327.89,2196.88,19.1435,-5295.59
154.5,6.26067,42971.5,-18888.2,1741.45,2121.78,-35.671,-5232.57
154.6,6.26701,42962.7,-17560.7,128.84,2100.47,38.6115,-5109.14
154.7,6.298,43031.6,-16214.8,-567.446,2111.45,74.2975,-4969.21
154.8,6.34407,43048.4,-12903.3,1358.69,2133.62,-0.57525,-4919.67
154.9,6.38226,42853.5,-6843.44,5877.22,2166.7,-117.735,-4871.3
155.0,6.36366,42432.7,986.365,9445.36,2148.98,-199.827,-4759.27
155.1,6.32212,42265.4,8003.7,9805.82,2118.31,-134.689,-4706.56
155.2,6.28687,42296.2,10719.1,7157.53,2054.85,3.0805,-4741.36
155.3,6.27099,42459.6,10709.9,3543.91,2010.18,96.0114,-4859.57
155.4,6.29072,42617.6,9795.82,1951.33,1980.54,106.852,-4918.34
155.5,6.30757,42519.5,9087.01,3793.42,1965.49,4.24788,-4934.23
155.6,6.29029,42274.6,8462.74,6625.93,1967.02,-198.317,-4977.17
155.7,6.27231,42211.3,9735.65,8849.3,1990.63,-313.65,-5030.82
155.8,6.28048,42317.7,12965.3,9711.97,2021.5,-302.785,-4907.08
155.9,6.31859,42467.8,16020.1,9141.26,2052.97,-272.929,-4657.32
156.0,6.38376,42495.9,19005.5,8912.17,2034.18,-270.236,-4569.62
156.1,6.43857,42298.0,19996.1,10905.3,2070.37,-239.867,-4590.79
156.2,6.46137,41963.3,20943.9,13985.2,2068.53,-253.126,-4593.78
156.3,6.4703,41778.0,20363.9,17940.5,2085.26,-253.483,-4613.06
156.4,6.46508,41617.0,14355.2,21832.9,2071.19,-247.032,-4710.68
156.5,6.45573,41623.0,5696.92,24791.9,2104.29,-241.089,-5014.76
156.6,6.45948,41627.1,-1518.89,27869.6,2122.73,-231.993,-5252.57
156.7,6.43788,41479.4,-5335.17,30927.9,2068.8,-315.531,-5194.84
156.8,6.39339,41399.4,-8333.51,33325.3,2007.28,-408.319,-5045.08
156.9,6.36433,41468.5,-10952.1,35046.0,1934.71,-438.954,-5104.79
157.0,6.3532,41628.7,-13477.2,35762.9,1906.47,-362.536,-5098.96
157.1,6.373,41766.8,-14949.8,35384.6,1901.42,-268.603,-4877.16
157.2,6.3884,41704.5,-14291.8,34410.0,1935.96,-223.809,-4784.85
157.3,6.38061,41568.7,-15480.2,32155.5,1994.3,-188.773,-4909.98
157.4,6.36234,41506.3,-15501.7,27322.4,2010.1,-187.172,-5096.4
157.5,6.36064,41643.1,-15067.7,20679.7,2034.71,-101.132,-5092.84
157.6,6.40842,41877.8,-13444.8,14281.8,2039.36,17.3407,-5069.83
157.7,6.4815,41905.6,-11932.4,10236.1,2000.06,6.612,-5117.18
157.8,6.53606,41677.6,-10877.3,9298.74,1950.29,-144.209,-5110.18
157.9,6.54803,41327.3,-7833.5,10129.1,1885.88,-283.518,-4977.42
158.0,6.52772,41104.7,-4857.56,9826.8,1859.45,-327.145,-4749.28
158.1,6.50588,41129.7,-1982.06,7098.88,1827.17,-243.694,-4647.31
158.2,6.50534,41287.3,877.275,4001.6,1862.11,-48.621,-4685.72
158.3,6.51125,41311.9,5399.96,2502.15,1911.0,41.1544,-4712.6
158.4,6.48425,41137.1,10157.7,3085.34,1896.2,-14.5219,-4693.19
158.5,6.43639,41013.6,13622.3,4219.86,1951.17,-138.512,-4791.54
158.6,6.39169,41089.9,13520.2,3189.57,2015.94,-202.865,-4929.13
158.7,6.39744,41376.4,11844.3,-1179.66,2042.0,-168.302,-4965.94
158.8,6.45002,41581.0,10928.4,-5138.51,2042.48,-46.8964,-4871.96
158.9,6.50414,41508.2,11360.2,-6115.96,2078.26,-69.7915,-4773.32
159.0,6.54552,41300.6,13141.9,-3409.58,2071.76,-226.359,-4764.66
159.1,6.56671,41038.3,16639.1,1598.76,2067.83,-350.018,-4806.43
159.2,6.56387,40855.8,21761.0,4963.11,2023.91,-347.338,-4790.44
159.3,6.56833,40857.5,28255.1,5663.53,1903.55,-202.183,-4741.81
159.4,6.58518,40905.8,30260.9,6850.28,1839.69,3.582,-4667.52
159.5,6.61126,40901.0,27833.6,11035.0,1814.52,72.7708,-4764.18
159.6,6.62694,40827.0,21492.9,18245.4,1849.03,-85.5865,-4935.21
159.7,6.60851,40695.5,15349.2,26361.7,1851.1,-271.768,-5060.01
159.8,6.55951,40648.9,12270.0,31862.1,1825.54,-319.11,-5149.23
159.9,6.51908,40736.0,11461.2,32980.6,1811.2,-264.31,-5210.55
160.0,6.51064,40823.0,9386.0,31051.7,1731.45,-162.964,-5173.33
160.1,6.52566,40958.2,7461.19,28908.0,1668.41,-52.8794,-5158.69
160.2,6.52922,40838.3,8512.15,26753.7,1577.57,-54.3896,-5146.91
160.3,6.52275,40769.8,12107.2,25127.7,1593.45,-66.7391,-5036.34
160.4,6.5014,40735.9,14149.8,21807.0,1610.4,-89.6697,-4843.31
160.5,6.49135,40819.3,16584.1,16376.1,1617.19,-16.0103,-4880.1
160.6,6.51196,40891.3,17015.6,10690.3,1633.22,101.662,-4922.82
160.7,6.53732,40885.6,15990.9,6842.59,1671.68,127.224,-4855.04
160.8,6.56615,40892.5,14567.4,6608.75,1711.03,56.342,-4843.2
160.9,6.57197,40767.9,12636.1,9499.25,1717.9,-79.3371,-4979.44
161.0,6.54649,40720.5,11530.2,12204.2,1694.54,-204.994,-5079.6
161.1,6.52978,40783.3,14089.6,13169.0,1625.04,-224.666,-5037.98
161.2,6.52617,40816.8,17958.1,12485.3,1623.34,-179.678,-4881.0
161.3,6.5292,40904.1,20558.4,10330.3,1634.35,-171.733,-4777.05
161.4,6.5232,40853.0,22000.0,7273.11,1662.03,-220.695,-4752.66
161.5,6.4983,40788.3,26939.6,5217.16,1728.72,-160.461,-4775.89
161.6,6.46042,40752.2,33157.0,3462.74,1726.39,-117.233,-4637.25
161.7,6.43782,40909.9,38393.6,2587.55,1715.19,-148.195,-4565.94
161.8,6.44546,41104.7,39904.1,4209.74,1742.82,-129.905,-4715.52
161.9,6.45729,41134.6,38993.1,7879.17,1754.78,-149.773,-4915.19
162.0,6.465,41118.5,38147.8,13757.9,1760.35,-224.215,-4964.5
162.1,6.46191,41015.9,37565.2,20510.4,1699.67,-388.805,-4889.89
162.2,6.447,41014.4,35929.2,26336.6,1635.31,-533.858,-4877.15
162.3,6.45942,41195.2,33217.6,29382.2,1619.04,-581.456,-4915.39
162.4,6.50315,41326.3,30290.9,30029.0,1630.41,-518.614,-4891.29
162.5,6.53857,41273.3,29434.0,28779.3,1667.34,-456.273,-4831.31
162.6,6.55078,41098.2,28784.2,27278.6,1735.53,-388.497,-4792.57
162.7,6.53022,40898.1,26730.0,25990.5,1775.93,-353.005,-4845.78
162.8,6.49615,40921.7,24963.4,24311.6,1821.68,-326.305,-5004.77
162.9,6.48647,41084.1,24021.0,22024.1,1804.1,-313.312,-5076.92
163.0,6.48261,41174.3,24051.9,19617.9,1756.84,-353.539,-5033.4
163.1,6.47024,41166.9,23099.3,16957.0,1686.96,-468.898,-5010.04
163.2,6.4533,41146.9,21178.9,15419.0,1689.67,-553.063,-5082.77
163.3,6.43268,41128.1,18157.8,14750.1,1700.06,-605.164,-5070.78
163.4,6.41501,41202.1,16049.5,13451.6,1702.89,-649.438,-4966.82
163.5,6.42406,41354.6,17849.7,12024.2,1695.68,-593.896,-4950.98
163.6,6.44096,41385.0,19366.2,10177.8,1680.81,-489.755,-4885.27
163.7,6.45716,41389.5,21042.0,8371.73,1696.69,-387.115,-4849.58
163.8,6.46762,41277.2,20261.5,7697.58,1708.78,-324.664,-4839.39
163.9,6.45558,41187.2,19304.7,7465.85,1738.34,-360.822,-4954.75
164.0,6.44923,41223.1,18681.4,7330.83,1699.49,-411.482,-5016.61
164.1,6.46084,41322.3,20511.6,7758.54,1649.41,-462.161,-5011.4
164.2,6.47286,41370.7,24541.0,8681.85,1571.89,-524.938,-4991.94
164.3,6.49776,41398.4,27742.8,10804.0,1534.37,-582.361,-4962.0
164.4,6.51054,41264.6,29119.3,14706.7,1512.99,-614.763,-4914.02
164.5,6.49704,41136.2,31692.8,19309.2,1534.63,-619.986,-4915.67
164.6,6.48311,41116.2,35639.3,23650.9,1527.22,-600.793,-4833.6
164.7,6.4525,41063.1,38604.6,26280.7,1500.51,-595.968,-4678.7
164.8,6.41759,41138.9,38714.7,25382.6,1527.05,-584.126,-4648.43
164.9,6.40292,41271.9,36334.9,22373.6,1545.35,-460.933,-4742.86
165.0,6.39008,41299.3,34833.0,19649.0,1510.22,-330.967,-4856.99
165.1,6.38262,41391.3,34589.2,19767.7,1476.84,-304.869,-4883.08
165.2,6.39078,41435.6,35451.1,23623.2,1438.57,-435.219,-4935.25
165.3,6.39209,41432.3,33635.3,29143.5,1407.4,-590.968,-4985.7
165.4,6.39463,41498.9,30127.6,33209.5,1437.55,-616.287,-5034.98
165.5,6.41726,41605.2,24879.0,36783.3,1562.29,-454.712,-5018.37
165.6,6.42392,41541.4,19046.8,39074.7,1641.65,-433.933,-4927.22
165.7,6.42524,41580.6,13344.4,40118.0,1743.15,-522.266,-4908.23
165.8,6.43187,41540.2,9716.75,39591.1,1740.64,-567.282,-4961.74
165.9,6.41502,41505.0,8265.29,35337.6,1689.05,-491.97,-4990.71
166.0,6.42271,41629.4,8771.21,28862.6,1625.04,-275.787,-5000.92
166.1,6.43931,41630.6,9507.79,23509.3,1630.39,-125.371,-5068.17
166.2,6.42617,41523.5,8826.48,20589.4,1630.62,-113.991,-5164.08
166.3,6.40092,41466.5,8004.1,19673.8,1694.83,-214.432,-5222.0
166.4,6.35588,41425.2,8595.69,18750.0,1754.58,-304.806,-5199.99
166.5,6.31502,41608.1,11067.7,15955.0,1753.66,-274.114,-5107.88
166.6,6.3107,41843.8,12315.7,12702.1,1739.07,-185.448,-4962.15
166.7,6.32073,41970.9,13085.4,10622.4,1733.87,-199.337,-4909.25
166.8,6.3379,42041.3,13020.9,9695.63,1756.39,-272.662,-4910.7
166.9,6.37227,41987.1,14823.6,9886.69,1740.2,-293.669,-4937.71
167.0,6.37883,41826.2,16561.0,10010.1,1713.2,-214.634,-4915.61
167.1,6.3845,41807.5,15997.5,8691.96,1699.64,-139.158,-4914.27
167.2,6.40096,41832.9,13174.1,8023.49,1704.22,-53.8198,-5035.2
167.3,6.40198,41788.9,8262.16,7793.69,1667.79,-38.9031,-5090.62
167.4,6.39552,41772.4,5323.61,7224.72,1598.26,-95.1107,-5060.67
167.5,6.38108,41739.9,6239.24,6891.86,1545.28,-123.915,-5034.69
167.6,6.35653,41737.7,7841.46,6633.93,1501.18,-130.886,-4959.72
167.7,6.34461,41867.7,7900.77,6859.69,1499.56,-159.137,-4903.35
167.8,6.34632,41939.7,7395.41,8212.38,1513.56,-200.315,-4905.5
167.9,6.33202,41943.2,8053.53,8778.09,1535.77,-239.84,-4904.16
168.0,6.32785,42000.4,10981.7,7417.29,1585.5,-215.981,-4866.39
168.1,6.32901,42050.0,13566.3,4813.05,1649.06,-100.669,-4821.66
168.2,6.33527,42086.4,14954.6,1503.43,1730.36,-4.589,-4905.74
168.3,6.35359,42089.5,15036.9,-588.137,1756.79,38.2855,-5025.36
168.4,6.35534,41958.0,14904.9,-86.931,1742.67,18.0395,-5047.6
168.5,6.33964,41853.0,14104.5,2194.78,1718.41,-75.6217,-4987.19
168.6,6.32844,41875.9,11390.9,4978.6,1676.93,-205.781,-4957.44
168.7,6.32554,41941.3,7947.95,7808.76,1680.18,-266.701,-5000.11
168.8,6.31902,41985.3,6945.11,9745.21,1660.63,-298.88,-5017.12
168.9,6.3104,42035.1,10286.4,10692.1,1630.62,-347.903,-4955.57
169.0,6.28642,42043.8,13823.4,10703.6,1600.11,-359.849,-4846.93
169.1,6.25038,42110.1,15768.2,8266.1,1562.33,-353.43,-4840.18
169.2,6.23193,42352.8,16784.7,4863.57,1603.81,-185.117,-4939.25
169.3,6.24021,42550.1,16100.5,2421.83,1668.59,14.4579,-4885.66
169.4,6.25134,42632.5,15794.6,1840.22,1766.25,28.0012,-4833.51
169.5,6.26354,42598.9,14354.1,3349.77,1833.62,-118.55,-4883.09
169.6,6.25587,42479.2,11649.3,4734.61,1852.94,-311.226,-4977.15
169.7,6.24956,42488.7,9762.55,4707.77,1837.63,-348.882,-5021.07
169.8,6.26618,42564.7,9610.01,3090.18,1741.27,-345.676,-4955.58
169.9,6.30475,42661.9,9758.59,2753.83,1687.17,-312.941,-4912.5
170.0,6.34637,42565.2,8229.58,3870.15,1668.89,-356.165,-4924.19
170.1,6.36267,42322.1,5795.04,6250.9,1714.05,-351.056,-4968.83
170.2,6.34032,42069.3,6462.52,7867.06,1782.06,-281.56,-5014.62
170.3,6.29794,41999.0,9045.21,7727.9,1825.71,-167.156,-4943.44
170.4,6.26006,42126.3,11203.6,6578.95,1837.43,-93.9696,-4878.84
170.5,6.23993,42363.8,10230.6,6464.87,1849.27,-70.8193,-4942.46
170.6,6.23356,42515.9,7312.73,8540.17,1787.4,-128.583,-5088.9
170.7,6.22205,42555.0,5173.93,11623.2,1713.48,-309.02,-5154.81
170.8,6.19936,42562.0,4834.27,14005.2,1633.36,-450.153,-5114.02
170.9,6.17932,42646.2,4919.31,13630.4,1575.32,-470.535,-5058.6
171.0,6.17234,42807.6,4531.9,9359.22,1515.28,-411.468,-5013.41
171.1,6.1929,43029.5,5690.04,3892.82,1470.16,-206.322,-4926.27
171.2,6.24149,43125.7,8272.13,1329.46,1520.4,39.0978,-4779.22
171.3,6.27139,42963.9,11159.4,1072.46,1564.27,10.6458,-4679.74
171.4,6.29795,42837.5,11096.2,3216.61,1645.83,-50.885,-4722.14
171.5,6.29804,42548.4,9547.34,4136.77,1702.71,-150.717,-4824.52
171.6,6.2825,42508.4,8310.83,2675.02,1731.19,-140.616,-4898.74
171.7,6.28879,42587.2,9604.53,-680.731,1664.13,-187.67,-4906.54
171.8,6.30832,42640.3,8574.93,-1081.73,1622.3,-177.581,-4856.33
171.9,6.32184,42579.1,5117.75,2142.65,1584.25,-259.684,-4931.65
172.0,6.30645,42389.5,3010.46,7622.16,1546.54,-416.265,-5089.75
172.1,6.26094,42239.8,4649.5,12926.6,1562.67,-451.789,-5069.62
172.2,6.1929,42236.2,9315.67,14794.5,1573.02,-354.708,-4899.81
172.3,6.14568,42510.2,9867.25,13523.9,1663.68,-183.717,-4777.68
172.4,6.12367,42779.7,6757.43,11554.7,1739.73,-68.0694,-4910.79
172.5,6.11042,42950.6,3845.71,9872.87,1784.81,-114.069,-5068.98
172.6,6.1108,43086.7,3546.59,9011.69,1788.67,-226.852,-5042.38
172.7,6.12352,43150.2,4030.11,7402.69,1759.88,-350.057,-5006.86
172.8,6.15814,43282.4,1828.25,4539.71,1732.16,-343.331,-5159.7
172.9,6.22178,43346.6,-1203.46,1523.41,1720.83,-244.072,-5375.81
173.0,6.28483,43239.6,-3135.14,783.204,1713.17,-124.677,-5328.91
173.1,6.32084,42997.2,-2729.74,2081.42,1719.67,-132.219,-5157.53
173.2,6.33322,42752.3,-2860.6,4443.37,1793.95,-158.136,-5112.8
173.3,6.32189,42548.8,-5029.98,6059.62,1837.64,-79.2335,-5146.04
173.4,6.29229,42463.4,-6025.43,4743.96,1869.21,3.65875,-5087.8
173.5,6.26996,42529.9,-6054.93,1818.4,1877.17,82.6775,-4906.88
173.6,6.25825,42591.2,-5213.39,147.243,1855.59,130.752,-4876.69
173.7,6.235,42584.8,-8803.4,-263.122,1810.15,37.8122,-4940.76
173.8,6.20704,42587.6,-11670.5,349.264,1734.19,-66.6367,-5119.98
173.9,6.17181,42613.1,-12066.2,1168.78,1669.56,-76.3265,-5170.69
174.0,6.13205,42739.8,-9654.06,954.804,1601.44,-13.9634,-5056.46
174.1,6.1219,42985.8,-6712.55,96.4686,1560.76,43.8377,-4935.08
174.2,6.1375,43164.2,-4780.17,475.189,1554.09,112.747,-4861.99
174.3,6.15053,43170.9,-2511.31,1467.95,1545.77,109.573,-4743.48
174.4,6.17224,43174.9,1503.43,2382.53,1608.04,37.6696,-4590.37
174.5,6.19929,43115.3,2371.61,2459.33,1659.3,-22.5826,-4422.66
174.6,6.23055,43119.7,-41.0446,1179.79,1715.61,-29.9997,-4526.88
174.7,6.28284,43126.7,-4407.37,-370.538,1732.39,-15.6989,-4787.94
174.8,6.31401,42968.7,-7025.94,-1922.71,1700.18,-56.7538,-4934.41
174.9,6.32288,42822.6,-7325.68,-1923.69,1700.33,-11.2991,-4958.63
175.0,6.31935,42677.8,-11524.9,343.51,1753.65,46.2016,-4974.83
175.1,6.28884,42584.2,-17713.8,3648.41,1794.98,17.9611,-5159.81
175.2,6.25899,42598.8,-22028.8,7642.85,1863.53,8.052,-5251.82
175.3,6.20838,42523.5,-20173.9,10581.3,1881.05,-42.5361,-5044.75
175.4,6.13317,42539.4,-14696.7,10107.1,1853.13,-116.6,-4779.4
175.5,6.08499,42762.3,-11678.6,7902.76,1843.23,-85.573,-4754.47
175.6,6.05788,43016.3,-9974.07,5055.86,1878.3,-56.5575,-4955.24
175.7,6.05979,43253.6,-7587.46,1566.41,1858.13,-83.7527,-5035.87
175.8,6.07797,43358.8,-2210.2,-861.781,1794.29,-61.3317,-5009.73
175.9,6.07618,43303.3,2572.07,-3241.8,1752.81,-30.7467,-5028.67
176.0,6.0855,43412.6,2702.86,-5827.07,1771.72,46.5505,-5104.15
176.1,6.1247,43542.4,851.174,-6808.65,1805.15,128.422,-5162.01
176.2,6.16406,43552.8,-383.033,-5969.09,1832.9,104.113,-5044.12
176.3,6.20637,43540.2,-2331.4,-3963.19,1887.86,-4.79812,-4837.4
176.4,6.2523,43407.4,-5602.97,-335.756,1900.8,-74.4723,-4815.38
176.5,6.26258,43172.5,-9267.33,2375.21,1889.01,-148.812,-4937.1
176.6,6.26417,43084.6,-11200.5,2541.94,1860.69,-196.981,-4947.49
176.7,6.26753,43032.1,-11016.7,1679.73,1819.65,-122.701,-4861.58
176.8,6.24578,42948.4,-11738.2,218.125,1809.5,-8.291,-4889.57
176.9,6.21596,42910.0,-13772.2,-1444.92,1776.99,-1.68997,-5060.77
177.0,6.1554,42802.5,-15205.1,-2644.71,1710.5,-45.7434,-5130.77
177.1,6.06536,42805.8,-13832.5,-5285.33,1651.78,-78.9957,-5007.18
177.2,6.00187,43104.6,-8253.37,-8731.05,1598.61,-34.7253,-4898.17
177.3,5.97642,43435.6,-4364.22,-10529.3,1567.02,5.82281,-4775.98
177.4,5.97722,43575.9,-2414.27,-10144.7,1558.32,-104.537,-4723.02
177.5,6.00565,43644.3,-1331.17,-7573.73,1554.54,-248.946,-4748.54
177.6,6.03197,43595.8,-139.179,-5034.87,1570.25,-329.29,-4795.28
177.7,6.04682,43689.3,924.127,-5907.51,1543.84,-343.223,-4807.89
177.8,6.08711,43974.1,1748.3,-8723.63,1502.72,-181.748,-4879.67
177.9,6.14403,44084.4,1705.72,-10145.7,1492.51,24.0562,-4975.63
178.0,6.19269,44002.4,1051.73,-8529.59,1475.47,65.678,-5032.26
178.1,6.22886,43806.1,1135.2,-3297.27,1524.35,-58.8457,-5069.06
178.2,6.22374,43472.9,1881.37,3426.43,1580.15,-187.941,-5057.43
178.3,6.18501,43313.3,2140.19,8144.92,1666.42,-233.417,-5008.25
178.4,6.15107,43334.3,1011.05,10837.9,1726.49,-203.189,-4943.65
178.5,6.11643,43418.3,-2951.25,12419.1,1807.74,-189.368,-4901.13
178.6,6.08288,43495.8,-8632.6,12907.5,1778.9,-243.178,-4874.95
178.7,6.03987,43509.9,-10311.2,11835.0,1729.77,-314.091,-5002.88
178.8,5.98428,43542.4,-8740.29,8357.25,1680.61,-265.688,-5028.21
178.9,5.9417,43701.2,-4596.93,3103.17,1623.24,-90.8885,-5019.62
179.0,5.91357,43882.2,-2111.02,-743.13,1583.45,86.8942,-5071.12
179.1,5.89047,44035.5,-2350.06,-1107.67,1552.88,123.268,-5148.41
179.2,5.8914,44203.5,-4039.84,1847.61,1587.91,-3.38369,-5114.67
179.3,5.91584,44227.0,-2787.49,5492.16,1602.8,-216.506,-4996.32
179.4,5.96674,44299.5,-917.94,8425.57,1681.7,-286.735,-4861.98
179.5,6.02948,44319.7,279.535,9504.9,1692.39,-321.614,-4830.01
179.6,6.08418,44531.5,265.485,11114.4,1705.57,-290.674,-4943.24
179.7,6.13355,44456.0,612.237,13888.4,1716.28,-308.527,-5063.14
179.8,6.17589,44357.6,1717.3,17487.9,1728.69,-311.259,-5140.68
179.9,6.20382,44140.2,3129.44,19349.0,1752.6,-286.233,-5233.82
180.0,6.19745,43873.1,2949.6,18496.8,1788.96,-141.933,-5294.0
180.1,6.15439,43615.0,2903.66,15661.4,1784.47,26.2122,-5260.35
180.2,6.07556,43476.1,3005.6,12784.9,1764.97,89.2939,-5098.59
180.3,6.00123,43576.9,5900.26,11595.5,1707.3,-2.15675,-5023.01
180.4,5.9426,43791.9,10046.5,12437.9,1622.65,-163.004,-4993.66
180.5,5.90444,44036.9,13878.5,13721.3,1555.43,-304.394,-4931.34
180.6,5.8631,44156.7,17431.8,13072.0,1479.96,-373.728,-4907.84
180.7,5.82497,44277.4,19528.1,10662.4,1437.89,-267.887,-4903.84
180.8,5.79992,44205.6,19494.4,7129.13,1409.46,-129.2,-4875.96
180.9,5.80828,44038.5,17909.9,3910.61,1404.41,-36.4673,-4854.62
181.0,5.85638,43758.7,16408.1,1123.65,1401.87,-27.571,-4854.24
181.1,5.91735,43505.4,16065.6,-1710.62,1429.93,-43.4912,-4824.59
181.2,5.96927,43432.1,17328.8,-4890.1,1423.87,-36.2412,-4763.07
181.3,6.0006,43569.9,17411.2,-6876.93,1445.66,-14.2385,-4689.63
181.4,6.01761,43952.0,15807.4,-6731.57,1478.71,-84.9895,-4725.86
181.5,6.04082,44521.5,13023.8,-4200.39,1533.05,-223.535,-4823.31
181.6,6.06489,45009.2,13442.4,-947.084,1594.23,-378.714,-4911.09
181.7,6.06161,44701.8,15148.4,508.608,1614.13,-420.461,-4828.33
181.8,6.02148,44442.7,16801.4,392.427,1662.71,-294.006,-4785.96
181.9,5.94864,44318.9,15851.7,-826.303,1757.73,-173.614,-4852.41
182.0,5.8785,44407.8,13496.0,-1061.62,1851.79,-94.2411,-4913.69
182.1,5.82787,44627.3,12302.0,371.844,1958.45,-112.202,-4921.48
182.2,5.78447,44808.3,12489.1,1323.34,1967.45,-200.096,-4891.66
182.3,5.75007,44961.2,11455.5,1050.59,1964.35,-193.526,-4905.68
182.4,5.7244,44988.3,9113.96,-349.239,1997.83,-149.151,-5005.57
182.5,5.72229,45078.9,8606.57,-1388.29,2019.78,-125.211,-5109.22
182.6,5.76723,44994.3,8867.28,-459.395,2009.19,-191.043,-5027.23
182.7,5.82116,44783.3,12145.0,2821.82,1909.21,-274.327,-4985.41
182.8,5.87383,44803.4,14162.0,6244.16,1875.41,-324.497,-4967.66
182.9,5.92681,44919.6,14206.5,8386.93,1849.46,-298.13,-4936.22
183.0,5.96114,45175.3,14767.3,10149.1,1880.71,-162.725,-4935.36
183.1,5.99144,45118.5,13396.5,11217.0,1950.15,-128.202,-4840.91
183.2,6.01277,45112.9,10607.4,12342.7,2024.21,-200.906,-4799.04
183.3,6.01819,45063.3,8077.11,12921.5,2052.54,-264.703,-4890.51
183.4,6.00498,45009.2,7306.79,13290.4,2017.86,-194.115,-4967.54
183.5,5.98401,44976.6,8032.27,14203.9,1982.49,-143.581,-4915.9
183.6,5.9564,44907.3,9473.76,16500.0,1939.03,-191.24,-4924.29
183.7,5.93045,44856.5,9875.76,19828.9,1925.32,-269.267,-5001.22
183.8,5.90006,44820.3,9725.97,22227.2,1977.34,-320.176,-5036.87
183.9,5.85948,44784.1,11495.5,20876.5,2014.08,-342.312,-4965.62
184.0,5.82482,44837.8,14079.2,16017.5,2031.65,-276.982,-4824.08
184.1,5.80758,44981.8,16669.6,10041.9,2017.14,-164.888,-4757.09
184.2,5.81747,45148.2,17308.2,4589.83,1982.78,-150.054,-4755.19
184.3,5.8646,45233.2,18392.1,2449.41,1915.31,-152.656,-4840.8
184.4,5.91621,45176.9,19688.1,3055.76,1839.23,-210.564,-4924.11
184.5,5.9541,45163.0,20977.1,3910.44,1828.14,-293.084,-4986.78
184.6,5.98735,45129.3,20017.6,2966.93,1854.13,-326.46,-5033.34
184.7,6.00486,45063.1,19954.3,902.065,1865.15,-231.853,-5115.99
184.8,6.01816,45050.1,19892.0,-1143.83,1868.58,-142.594,-5047.94
184.9,6.04853,45074.5,20874.0,-288.099,1910.72,-126.513,-4943.51
185.0,6.06481,44894.7,21239.6,2724.32,1941.52,-254.799,-4884.91
185.1,6.05532,44654.2,20491.0,5358.75,1970.34,-341.117,-4886.88
185.2,6.0302,44426.2,19505.8,6466.5,2007.59,-293.266,-4912.67
185.3,5.96911,44236.7,18931.6,4669.49,1992.47,-246.501,-4904.93
185.4,5.92704,44343.6,18385.7,2275.78,1930.32,-185.439,-4925.08
185.5,5.90139,44471.8,16982.6,1531.72,1904.75,-191.324,-5008.66
185.6,5.88502,44578.2,15391.6,2592.65,1858.61,-231.348,-5099.36
185.7,5.88527,44652.5,14708.9,4746.03,1870.41,-273.292,-5135.47
185.8,5.87933,44601.2,15561.5,7598.17,1889.91,-281.139,-5111.61
185.9,5.86104,44618.2,15580.2,9091.94,1909.87,-304.833,-5001.58
186.0,5.87499,44821.8,15066.6,9415.9,1921.92,-323.347,-4910.52
186.1,5.90988,45003.3,14809.9,9771.89,1888.77,-279.565,-4873.35
186.2,5.96381,45137.4,15784.5,9974.96,1878.98,-274.945,-4852.1
186.3,6.02273,45081.4,17918.0,10813.2,1842.27,-330.228,-4867.03
186.4,6.04774,44830.4,19012.6,11669.5,1822.81,-407.127,-4953.83
186.5,6.0441,44654.9,19956.1,10465.6,1815.03,-451.609,-5123.35
186.6,6.04459,44632.4,21757.6,6961.68,1810.02,-409.105,-5211.74
186.7,6.04516,44641.6,24547.2,3471.14,1780.35,-256.815,-5141.06
186.8,6.04757,44632.7,25556.7,1966.99,1840.47,-167.204,-5021.04
186.9,6.04649,44517.0,22474.0,4041.76,1925.08,-216.133,-4957.09
187.0,6.01488,44296.8,18285.5,7678.88,1998.71,-338.501,-4977.93
187.1,5.96725,44191.9,15378.7,10079.6,2058.09,-375.16,-4925.25
187.2,5.9265,44238.7,13730.1,8877.33,2062.91,-378.826,-4781.66
187.3,5.91022,44461.1,10907.0,5067.68,2050.28,-300.951,-4768.39
187.4,5.93298,44665.9,8115.43,1601.23,2037.37,-182.507,-5010.66
187.5,5.96313,44675.9,7410.49,-246.322,2039.41,-176.109,-5200.17
187.6,5.98366,44584.8,11426.4,-403.443,1979.53,-203.58,-5185.97
187.7,6.00729,44492.4,16483.0,1343.48,1965.44,-154.24,-5058.67
187.8,6.01859,44438.7,20063.1,3333.48,1985.09,-123.359,-5017.02
187.9,6.05373,44544.6,22157.9,6106.9,2002.38,-97.1827,-4983.11
188.0,6.09378,44502.7,23322.7,10350.9,2008.32,-176.481,-4762.1
188.1,6.10287,44350.7,24875.3,14684.1,1978.52,-345.598,-4563.61
188.2,6.10587,44238.1,25181.3,17125.6,1903.78,-515.638,-4578.43
188.3,6.09245,44104.4,23159.3,17445.2,1809.91,-537.404,-4741.61
188.4,6.07223,44110.3,22326.1,14548.9,1753.6,-474.767,-4941.33
188.5,6.07857,44201.5,22789.2,9855.57,1734.92,-373.908,-5034.09
188.6,6.08825,44141.8,22779.2,5807.46,1741.75,-242.074,-5053.35
188.7,6.07063,43973.2,20447.9,2416.06,1801.27,-166.298,-5083.11
188.8,6.04848,43856.9,20337.0,168.146,1885.92,-165.111,-5132.15
188.9,6.01531,43779.3,21650.9,-1055.33,1965.14,-211.245,-4960.0
189.0,5.99118,43886.5,24099.7,-2214.75,2036.12,-266.897,-4741.87
189.1,6.00976,44075.6,26838.3,-2319.57,2047.91,-301.188,-4745.46
189.2,6.04082,44098.4,27655.8,-878.169,2020.16,-362.167,-4826.07
189.3,6.06921,44051.3,30237.8,1541.21,1959.94,-441.276,-4888.44
189.4,6.10135,43947.0,34456.9,4601.29,1886.68,-471.997,-4936.41
189.5,6.11413,43815.9,36314.2,6982.91,1839.16,-416.519,-4988.02
189.6,6.12637,43813.5,34252.0,7676.67,1820.16,-321.688,-5060.06
189.7,6.13683,43797.7,30232.1,7437.19,1853.8,-239.053,-5111.51
189.8,6.12059,43724.4,28009.3,6069.1,1878.12,-222.322,-5055.26
189.9,6.09578,43712.8,27392.1,4354.02,1875.28,-221.405,-4903.7
190.0,6.05304,43694.2,26865.1,2172.82,1831.96,-282.92,-4824.81
190.1,6.01352,43837.3,27158.8,-298.575,1803.21,-309.925,-4895.56
190.2,6.01227,44064.3,28605.9,-2611.98,1775.34,-320.207,-4890.15
190.3,6.0235,44160.9,30590.4,-4678.35,1767.62,-348.235,-4763.43
190.4,6.04686,44197.2,30652.5,-5173.99,1802.4,-282.289,-4708.09
190.5,6.05828,44031.0,27634.2,-4855.74,1830.52,-268.234,-4773.6
190.6,6.05133,43924.7,26953.0,-5191.24,1881.09,-296.234,-4892.43
190.7,6.06946,43989.8,29472.0,-5629.13,1954.41,-245.205,-4789.67
190.8,6.09552,43955.9,33272.4,-6136.85,1995.82,-218.786,-4632.84
190.9,6.11501,43892.9,33142.5,-6438.71,2019.05,-260.862,-4647.17
191.0,6.12927,43735.3,31037.7,-6152.86,2009.46,-354.263,-4845.48
191.1,6.12252,43605.6,31099.5,-5245.5,2001.57,-400.067,-4896.9
191.2,6.1115,43586.4,34672.5,-4594.56,1894.5,-408.186,-4742.93
191.3,6.10654,43659.8,36249.6,-2924.42,1812.52,-385.184,-4671.87
191.4,6.10153,43754.9,33439.3,-414.501,1784.6,-383.944,-4829.57
191.5,6.1001,43832.1,29062.2,2808.92,1787.81,-346.484,-5007.56
191.6,6.08242,43783.3,26959.4,5298.71,1827.15,-362.233,-4951.83
191.7,6.04168,43766.4,27998.7,5720.95,1863.76,-367.919,-4868.29
191.8,6.0102,43862.2,27894.5,3898.31,1844.4,-331.279,-4879.47
191.9,6.00235,44052.3,24987.6,1831.48,1919.27,-241.997,-4959.93
192.0,6.03644,44265.7,23379.3,1111.2,1967.03,-202.312,-5011.41
192.1,6.08986,44226.6,25491.1,1830.19,1955.16,-323.44,-4954.68
192.2,6.12485,44001.7,28988.1,4562.82,1948.24,-357.169,-4859.82
192.3,6.13964,43738.9,31091.7,7291.52,1944.87,-341.428,-4871.2
192.4,6.15381,43658.1,29529.2,9806.25,2001.16,-283.255,-4934.87
192.5,6.17222,43599.7,25206.3,12251.5,1986.35,-253.405,-4940.33
192.6,6.17066,43505.6,22180.5,14389.1,1959.91,-253.85,-4984.83
192.7,6.15937,43440.7,21076.0,15621.4,1925.33,-274.191,-5028.55
192.8,6.1362,43397.1,20305.7,15066.5,1891.85,-309.632,-5017.6
192.9,6.12583,43485.6,19622.1,13418.7,1897.18,-289.992,-5030.15
193.0,6.12354,43539.8,18553.3,11534.3,1896.14,-279.717,-5060.88
193.1,6.11731,43549.8,19503.0,9285.9,1914.86,-350.567,-5078.12
193.2,6.11213,43561.1,23005.8,7098.2,1910.87,-369.685,-5020.62
193.3,6.09536,43544.5,27784.0,4708.54,1934.58,-323.23,-4938.77
193.4,6.08662,43615.1,32525.4,2226.59,1991.24,-249.401,-4917.11
193.5,6.10233,43718.8,35550.2,423.448,2063.49,-205.883,-4902.46
193.6,6.12018,43673.7,38087.4,-189.773,2051.42,-205.075,-4878.72
193.7,6.1344,43607.5,40627.6,147.905,2026.2,-215.464,-4839.78
193.8,6.15941,43543.6,42881.5,2085.91,1959.44,-214.865,-4839.6
193.9,6.18219,43430.4,41239.7,5240.95,1879.54,-276.393,-4828.57
194.0,6.19849,43341.0,37523.2,8028.68,1798.53,-412.787,-4909.25
194.1,6.21215,43284.2,33173.2,9503.68,1756.61,-485.605,-4970.98
194.2,6.22137,43233.4,30776.6,8535.04,1774.0,-456.562,-4952.61
194.3,6.22712,43215.5,30300.5,6241.65,1818.98,-325.987,-4898.26
194.4,6.22644,43142.4,31011.4,4859.8,1841.65,-199.509,-4896.86
194.5,6.20765,43057.9,32116.6,6368.36,1851.33,-111.879,-4889.72
194.6,6.18787,43052.5,31320.0,10336.2,1877.9,-127.029,-4767.81
194.7,6.17439,43083.7,27861.4,14920.8,1913.0,-212.121,-4686.59
194.8,6.17289,43144.4,21094.6,18440.9,1956.61,-259.661,-4742.87
194.9,6.17503,43136.3,13422.1,19807.0,2011.9,-315.083,-4874.27
195.0,6.16855,43082.7,7977.76,18754.8,2034.65,-403.83,-4958.62
195.1,6.17545,43112.6,3019.59,16713.4,2072.0,-431.13,-4940.62
195.2,6.19197,43142.7,-859.748,13729.7,2094.86,-442.691,-5031.74
195.3,6.2289,43202.8,-2257.17,10429.8,2129.75,-340.997,-5178.68
195.4,6.28289,43125.5,-1352.56,7719.03,2165.5,-215.49,-5095.99
195.5,6.29721,42861.2,4573.68,5515.32,2155.76,-143.468,-4902.4
195.6,6.2885,42638.0,10683.0,4233.07,2137.13,-113.779,-4716.65
195.7,6.25923,42515.2,13927.1,3312.8,2117.27,-180.733,-4636.54
195.8,6.23324,42620.7,16883.1,1686.74,2029.42,-273.517,-4683.95
195.9,6.24514,42853.7,20487.7,33.3079,1994.79,-335.21,-4698.35
196.0,6.26349,42880.7,23088.8,-926.01,1977.96,-368.418,-4713.48
196.1,6.2681,42781.7,23223.0,-1130.88,1948.13,-394.715,-4884.52
196.2,6.26064,42670.4,23079.0,401.98,1977.62,-368.995,-5168.01
196.3,6.24994,42620.4,24712.2,2946.8,2000.06,-300.884,-5220.85
196.4,6.25694,42720.2,29188.3,4751.05,2007.87,-263.62,-5041.38
196.5,6.29269,42803.7,31636.7,6351.95,2073.51,-180.164,-4840.34
196.6,6.32974,42688.7,30838.0,6684.75,2174.07,-180.831,-4793.22
196.7,6.35308,42490.4,30497.2,5328.78,2252.32,-244.39,-4770.62
196.8,6.37525,42290.4,33257.9,4254.76,2311.97,-271.617,-4669.18
196.9,6.38794,42133.8,39414.6,4360.73,2301.38,-290.698,-4657.71
197.0,6.41675,42117.9,43749.0,5296.26,2217.12,-361.006,-4768.8
197.1,6.45618,42042.1,45827.8,8045.76,2089.87,-371.241,-4969.87
197.2,6.47641,41884.5,46729.6,11845.3,2087.98,-300.314,-5091.21
197.3,6.48222,41691.0,47452.1,14959.0,2078.7,-291.984,-5036.68
197.4,6.46473,41527.3,46032.1,17822.0,2111.55,-315.842,-4914.39
197.5,6.42423,41439.7,41497.5,19822.0,2187.1,-319.995,-4866.27
197.6,6.38922,41519.5,37490.3,20128.6,2194.62,-361.129,-4892.91
197.7,6.38133,41709.0,34427.0,20221.8,2173.31,-345.617,-4836.73
197.8,6.39319,41797.0,32198.1,21199.4,2115.54,-284.401,-4799.74
197.9,6.41116,41779.2,28119.2,22946.6,2062.49,-286.204,-4929.18
198.0,6.42975,41692.5,23344.4,24934.6,1994.48,-320.92,-5177.07
198.1,6.44018,41571.7,18344.5,26371.3,1950.72,-286.99,-5259.29
198.2,6.45208,41512.2,14420.9,26328.1,1903.99,-207.64,-5209.0
198.3,6.47547,41521.5,10454.2,25712.1,1878.47,-152.413,-5178.15
198.4,6.50638,41479.9,7227.9,25732.1,1901.32,-167.222,-5224.23
198.5,6.52799,41345.1,6542.67,25528.3,1972.5,-280.793,-5193.22
198.6,6.5394,41185.4,8655.17,24527.3,2016.25,-337.708,-5034.65
198.7,6.53473,41017.3,13187.6,22067.2,2003.44,-327.101,-4948.48
198.8,6.53211,41002.6,16784.5,19281.1,1974.34,-240.31,-4928.02
198.9,6.54855,41058.7,20549.8,18038.3,1937.61,-175.323,-4955.44
199.0,6.56295,41002.9,23530.8,19757.3,1916.02,-159.526,-4940.51
199.1,6.55944,40876.4,24174.9,22716.0,1954.48,-242.303,-4946.26
199.2,6.53011,40713.8,21054.7,24348.9,1984.89,-342.127,-5047.24
199.3,6.47065,40616.8,16955.7,22324.6,1986.33,-354.736,-5175.04
199.4,6.42458,40780.1,16509.2,16674.2,1991.44,-276.55,-5171.98
199.5,6.42267,41081.4,19904.6,10781.6,1939.16,-168.799,-4996.73
199.6,6.45313,41241.6,24214.6,7870.27,1882.11,-165.211,-4868.32
199.7,6.48278,41181.5,26939.8,8614.71,1823.21,-278.615,-4886.66
199.8,6.49711,41046.9,31321.0,10632.2,1844.3,-422.67,-4967.56
199.9,6.49635,40930.9,38622.7,11789.6,1801.83,-409.447,-4873.98
200.0,6.49504,40965.6,45802.9,12350.7,1765.98,-261.078,-4696.0
200.1,6.50418,41061.8,49317.6,13063.9,1729.06,-213.918,-4715.29
200.2,6.53391,41201.7,49416.3,16880.2,1720.72,-221.876,-4937.37
200.3,6.56493,41136.6,49533.8,23618.0,1711.14,-314.519,-5053.65
200.4,6.56767,40947.4,52009.0,30720.0,1679.69,-448.261,-4994.56
200.5,6.55777,40821.7,52969.5,35522.7,1650.94,-540.492,-4910.43
200.6,6.54402,40786.1,51224.0,37056.6,1611.29,-516.588,-4997.69
200.7,6.53749,40839.8,47521.1,36411.9,1555.56,-403.375,-5071.05
200.8,6.54978,40927.2,47617.8,35802.3,1530.77,-368.529,-5067.69
200.9,6.55453,40877.3,48295.6,36315.7,1539.95,-403.658,-4925.56
201.0,6.5356,40707.3,47329.3,36397.8,1574.83,-450.358,-4922.79
201.1,6.48816,40657.7,41808.8,35000.1,1609.59,-368.751,-5027.23
201.2,6.44231,40701.8,38306.0,31626.8,1613.03,-231.373,-5148.31
201.3,6.43123,40933.9,36030.9,29064.4,1551.3,-108.682,-5008.62
201.4,6.4402,41076.5,34655.7,28572.4,1421.18,-192.547,-4870.45
201.5,6.45545,41172.5,31863.5,30102.0,1341.51,-372.597,-4961.29
201.6,6.46608,41107.4,28322.5,32209.0,1241.41,-491.14,-5087.37
201.7,6.45292,41051.8,27976.1,33526.2,1195.92,-493.342,-5096.84
201.8,6.43976,41113.3,28916.7,33448.0,1148.65,-461.057,-4985.55
201.9,6.44429,41296.1,27397.8,34356.0,1160.98,-361.792,-4948.18
202.0,6.45468,41389.6,22822.9,36563.9,1201.12,-276.765,-5049.92
202.1,6.46803,41428.1,19839.8,39358.8,1286.53,-249.585,-5145.79
202.2,6.46337,41300.7,19770.5,41419.8,1322.28,-268.802,-5027.69
202.3,6.4287,41165.6,19667.8,41304.7,1337.26,-297.897,-4890.52
202.4,6.39509,41235.6,14728.5,38855.8,1364.58,-301.328,-4939.92
202.5,6.38191,41386.4,9208.12,35357.4,1361.73,-304.236,-5169.73
202.6,6.38039,41513.7,7243.36,32306.9,1364.9,-323.892,-5256.0
202.7,6.3748,41535.9,11557.8,30221.6,1320.44,-363.528,-5178.5
202.8,6.33914,41405.5,18415.1,27774.1,1241.03,-419.044,-5124.11
202.9,6.2719,41384.5,26406.5,23913.1,1173.89,-371.496,-5183.42
203.0,6.22054,41634.5,34109.1,19205.1,1140.86,-215.917,-5069.12
203.1,6.19713,41942.3,41853.9,16178.5,1152.02,-61.133,-4775.6
203.2,6.2038,42020.9,46146.4,16731.4,1137.03,-69.1842,-4549.07
203.3,6.2085,41998.8,43732.8,21470.1,1169.5,-218.406,-4575.11
203.4,6.19948,41978.1,39391.0,28488.6,1203.77,-368.244,-4831.39
203.5,6.17581,41902.0,37418.8,32464.6,1157.61,-581.504,-4990.62
203.6,6.16901,41979.5,37032.8,32425.6,1133.56,-591.956,-4971.84
203.7,6.20589,41988.1,34614.3,29823.2,1123.24,-409.344,-5008.09
203.8,6.25235,42024.5,30543.8,27849.5,1098.11,-229.562,-5188.52
203.9,6.28608,42268.4,27171.6,29175.4,1106.76,-171.39,-5215.58
204.0,6.27733,42637.1,28445.0,34215.7,1132.25,-209.097,-5015.64
204.1,6.2199,42479.4,30541.7,37838.7,1175.78,-349.978,-4749.38
204.2,6.1693,42646.6,29377.4,38969.3,1235.2,-307.902,-4701.77
204.3,6.13381,42791.7,26544.6,37285.3,1299.14,-235.533,-4838.2
204.4,6.09705,42993.3,25562.7,34242.1,1334.15,-244.094,-4893.63
204.5,6.07235,43150.1,25984.2,32233.2,1313.5,-335.005,-4829.69
204.6,6.02483,43191.2,22623.9,32595.5,1237.26,-367.72,-4888.17
204.7,5.98135,43280.8,15735.3,32619.1,1166.52,-418.219,-5155.24
204.8,5.97603,43195.8,12298.4,31686.2,1091.84,-401.489,-5355.11
204.9,5.98409,42891.5,12923.9,30409.0,1046.72,-268.071,-5130.12
205.0,5.98241,42691.3,13391.4,28291.1,1081.09,-187.041,-4831.39
205.1,5.97955,42603.7,11531.3,27475.5,1131.86,-131.081,-4909.1
205.2,5.95686,42442.8,9077.69,28095.4,1185.3,-166.351,-5068.67
205.3,5.93686,42466.3,12495.3,28218.3,1210.93,-266.639,-5008.16
205.4,5.96212,42509.1,19955.1,27195.5,1229.04,-332.337,-4818.59
205.5,6.00437,42459.1,23483.0,25347.6,1269.35,-290.835,-4833.0
205.6,6.03624,42596.6,20293.1,23804.7,1304.7,-180.988,-5057.85
205.7,6.05001,42912.1,16695.4,25224.3,1364.67,-111.573,-5242.01
205.8,6.02316,43315.0,18919.6,29165.8,1403.82,-172.86,-5185.4
205.9,5.98451,43907.0,23502.0,33517.0,1385.19,-255.852,-5005.29
206.0,5.94279,44394.9,24823.0,36112.8,1388.54,-269.192,-4992.23
206.1,5.89449,44481.3,24670.8,35631.3,1404.59,-202.852,-5146.18
206.2,5.85128,44623.4,26450.7,33571.7,1434.0,-125.634,-5100.5
206.3,5.81116,44720.9,30759.4,32992.5,1455.12,-113.751,-4848.2
206.4,5.77242,44843.2,32732.9,34705.4,1464.99,-193.94,-4758.36
206.5,5.75896,44841.8,30920.4,37230.2,1477.66,-316.633,-4972.03
206.6,5.75978,44652.6,28467.3,38407.6,1440.71,-361.976,-5130.74
206.7,5.76573,44476.6,28620.3,36565.1,1427.04,-295.376,-5036.47
206.8,5.7826,44278.6,29539.5,32783.6,1409.25,-180.905,-4920.99
206.9,5.79034,44042.3,26985.4,29081.7,1411.03,-117.146,-4967.39
207.0,5.7982,43958.0,22908.8,26891.6,1431.66,-98.5526,-5092.12
207.1,5.81843,43916.9,22560.7,26457.8,1422.76,-140.754,-5054.49
207.2,5.82867,43953.1,25370.1,26646.5,1408.36,-204.819,-4828.07
207.3,5.8356,44187.6,26530.1,25631.4,1418.86,-276.072,-4693.37
207.4,5.83552,44489.0,24929.9,23755.6,1455.76,-263.796,-4837.98
207.5,5.81425,44806.1,24453.0,20836.1,1467.95,-251.346,-4973.85
207.6,5.78246,45019.5,27641.3,17464.3,1479.7,-253.62,-4893.72
207.7,5.75961,45005.6,30551.4,15377.3,1513.82,-225.365,-4778.84
207.8,5.7213,44933.6,30484.2,13709.5,1553.83,-234.084,-4929.02
207.9,5.68836,44992.3,28325.3,11891.9,1608.35,-226.553,-5127.81
208.0,5.65813,44970.5,29430.5,11145.8,1626.04,-143.691,-5075.59
208.1,5.62682,44985.3,31341.9,11758.6,1659.21,-100.632,-4806.95
208.2,5.61725,45056.2,28805.1,13588.8,1699.69,-189.005,-4692.1
208.3,5.62532,44954.7,20836.0,16780.1,1715.59,-295.327,-4853.39
208.4,5.62424,44827.6,12813.1,19120.7,1714.54,-359.49,-5013.31
208.5,5.62637,44801.7,9615.66,19451.2,1653.63,-345.932,-4978.71
208.6,5.63628,44717.5,8473.23,18753.7,1614.75,-273.07,-4914.29
208.7,5.6496,44649.0,7676.49,18473.8,1566.96,-173.148,-5106.88
208.8,5.67148,44635.1,8103.54,19232.1,1556.88,-136.88,-5324.67
208.9,5.68481,44612.6,12651.4,20867.8,1572.69,-181.183,-5261.72
209.0,5.67097,44727.0,20487.4,22270.6,1607.53,-204.976,-5024.85
209.1,5.65416,44976.7,26225.3,22427.9,1670.39,-230.886,-4862.52
209.2,5.64035,45038.1,28879.6,22374.6,1735.88,-232.387,-4885.65
209.3,5.64032,45088.9,29310.0,22556.0,1823.82,-276.47,-4853.62
209.4,5.6465,45084.4,31813.1,23575.3,1890.57,-340.301,-4817.14
209.5,5.63812,45002.7,33020.9,24901.7,1880.89,-379.686,-4840.73
209.6,5.60981,44983.9,31382.7,25303.2,1862.29,-350.322,-5031.96
209.7,5.59424,45040.8,28319.1,24541.0,1848.57,-243.085,-5266.35
209.8,5.59429,45078.3,27031.4,23720.9,1853.44,-120.076,-5341.24
209.9,5.60078,45084.2,27234.3,23648.1,1854.99,-83.3155,-5239.78
210.0,5.59784,45038.1,27151.8,24580.4,1835.09,-129.902,-5138.67
210.1,5.58334,45005.3,27308.6,25397.3,1834.27,-224.689,-5111.62
210.2,5.57557,45070.0,29849.2,25115.1,1841.99,-272.842,-4999.27
210.3,5.59202,45125.8,34386.6,23853.4,1830.36,-276.568,-4771.71
210.4,5.61927,45139.3,39372.8,23422.1,1823.07,-233.7,-4700.66
210.5,5.64179,45116.0,40665.3,25004.3,1807.54,-193.232,-4796.27
210.6,5.65117,45073.9,39476.4,28755.6,1808.72,-185.212,-4968.47
210.7,5.64881,45048.8,37357.9,33162.6,1830.47,-187.145,-5047.29
210.8,5.64859,45067.4,36321.6,36182.5,1825.1,-204.056,-5069.46
210.9,5.65096,45085.2,35826.8,36960.4,1818.67,-222.03,-5108.63
211.0,5.66288,45104.4,34342.5,36206.0,1842.19,-232.359,-5092.33
211.1,5.66642,45063.5,33384.8,35056.8,1863.65,-290.528,-5038.26
211.2,5.66701,45066.3,31128.3,35371.6,1936.49,-326.635,-4956.49
211.3,5.66355,45046.9,30328.1,36946.8,1955.21,-373.973,-4978.63
211.4,5.66224,45071.4,30519.5,39117.0,1953.4,-359.794,-5023.41
211.5,5.66616,45066.2,28765.8,41088.6,1934.63,-284.019,-4955.09
211.6,5.6578,45027.4,23809.9,42082.1,1905.64,-205.774,-4980.0
211.7,5.63709,44990.9,18102.2,41919.6,1849.42,-154.972,-5199.25
211.8,5.61608,45005.1,12021.8,41788.0,1831.78,-125.7,-5298.18
211.9,5.60022,45041.7,7684.67,42216.6,1854.58,-152.223,-5288.11
212.0,5.61208,45138.6,3653.3,43916.4,1936.74,-212.523,-5339.57
212.1,5.64138,45141.2,-785.222,46454.6,2014.92,-301.584,-5466.46
212.2,5.66337,45125.0,-3343.39,48258.1,2137.68,-366.81,-5521.55
212.3,5.68597,45119.3,-962.119,48038.5,2204.81,-353.876,-5423.92
212.4,5.70123,45098.6,4926.75,45580.4,2224.06,-272.24,-5250.68
212.5,5.7238,45147.9,9041.67,41850.5,2236.08,-164.952,-5086.94
212.6,5.75694,45169.5,10527.8,38938.7,2239.87,-63.0925,-5085.33
212.7,5.7873,45127.5,11388.0,38298.4,2288.2,-18.69,-5179.31
212.8,5.78852,45025.3,12688.0,38690.4,2319.07,-97.9345,-5212.01
212.9,5.76294,44975.8,15909.0,38682.3,2339.74,-212.727,-5269.19
213.0,5.72352,44934.8,17696.6,36760.0,2314.76,-257.46,-5299.82
213.1,5.69564,45031.3,18295.2,33220.9,2283.36,-218.51,-5301.43
213.2,5.70063,45112.2,18120.5,30357.4,2218.53,-166.043,-5186.18
213.3,5.71574,45104.1,18687.3,30386.3,2154.76,-165.327,-5023.88
213.4,5.72118,45049.9,18698.8,33506.0,2100.27,-193.082,-4870.0
213.5,5.71284,45027.0,19507.1,37600.0,2106.84,-261.549,-4841.27
213.6,5.6976,45024.8,21984.2,39280.8,2118.49,-307.11,-4885.34
213.7,5.70544,45121.7,25024.2,37736.0,2125.93,-218.64,-4880.68
213.8,5.73595,45182.9,28019.5,34345.3,2141.48,-101.258,-4911.86
213.9,5.79079,45241.4,28534.3,32307.3,2175.87,-42.9908,-5018.2
214.0,5.85875,45255.6,28600.0,34525.0,2213.28,-98.1479,-5176.8
214.1,5.91419,45193.2,28746.7,40598.9,2258.39,-249.182,-5203.27
214.2,5.94348,45108.8,28759.2,46522.1,2292.84,-452.289,-5118.4
214.3,5.95334,45075.7,28276.8,48978.0,2324.6,-543.787,-5076.57
214.4,5.95469,45065.9,27220.6,47363.5,2350.64,-439.281,-5091.81
214.5,5.95531,45064.7,25350.6,44421.0,2363.69,-257.514,-5037.36
214.6,5.94994,45041.2,23107.9,43286.6,2361.88,-176.451,-5019.53
214.7,5.9312,44995.0,18892.7,44815.1,2371.29,-202.993,-5117.74
214.8,5.89866,44963.0,15489.3,46903.8,2356.25,-226.175,-5326.63
214.9,5.86876,45000.6,13183.0,47183.6,2378.87,-151.229,-5401.85
215.0,5.85766,45054.6,10145.8,45310.3,2403.38,-40.6488,-5310.63
215.1,5.86559,45107.4,4502.29,43345.4,2444.91,8.51,-5269.16
215.2,5.89016,45151.4,-3277.8,42814.7,2542.04,-76.3955,-5323.87
215.3,5.9281,45182.2,-9552.75,43529.7,2608.09,-210.132,-5327.63
215.4,5.971,45185.7,-11155.3,43256.7,2626.45,-304.624,-5228.11
215.5,6.02043,45148.5,-9813.12,41481.8,2604.23,-216.393,-5122.0
215.6,6.07448,44939.0,-6908.46,37681.8,2540.48,-108.618,-5113.45
215.7,6.12865,44738.5,-3506.79,32589.8,2508.86,-62.3415,-5114.83
215.8,6.18403,44503.8,1627.7,27939.5,2485.04,-2.517,-5034.52
215.9,6.21612,44125.5,6657.78,23573.1,2441.73,-10.1255,-4911.31
216.0,6.21759,43824.2,9336.88,19960.1,2417.82,-43.7482,-4885.07
216.1,6.21832,43656.0,10644.5,19201.0,2437.7,-43.6263,-5007.22
216.2,6.21037,43522.7,11486.7,21104.3,2535.26,-144.712,-5081.7
216.3,6.20778,43464.0,13538.8,25078.6,2592.97,-271.79,-5096.46
216.4,6.191,43310.3,16255.9,29145.1,2615.19,-372.592,-5144.32
216.5,6.16408,43205.3,17705.9,31957.8,2634.45,-332.432,-5168.92
216.6,6.16066,43272.6,18447.2,33257.5,2614.65,-242.799,-5105.64
216.7,6.18168,43304.2,19835.5,34640.6,2564.25,-180.999,-5035.13
216.8,6.21978,43293.7,21244.8,37527.5,2571.94,-142.553,-5023.05
216.9,6.26027,43122.1,22606.4,40863.4,2538.86,-176.397,-5068.54
217.0,6.26935,42846.6,25009.4,42814.3,2452.14,-235.397,-5160.73
217.1,6.27006,42712.5,28272.2,42466.0,2360.93,-208.809,-5197.08
217.2,6.28405,42721.1,31197.9,40986.3,2253.25,-113.326,-5180.42
217.3,6.31983,42813.4,32349.2,40576.1,2189.46,-81.0084,-5162.47
217.4,6.36796,42770.5,30882.6,41607.1,2149.41,-190.679,-5123.77
217.5,6.40658,42596.3,29774.0,43298.5,2171.57,-289.603,-5109.98
217.6,6.42686,42357.5,30061.0,43232.4,2241.24,-308.183,-5040.54
217.7,6.44114,42200.3,30238.4,42119.5,2296.83,-182.736,-4941.53
217.8,6.4573,42093.5,27031.2,41736.0,2399.83,-67.9925,-4897.09
217.9,6.47701,41984.9,21170.6,42952.8,2480.72,-77.6008,-4989.11
218.0,6.49054,41807.5,16701.6,45150.9,2506.97,-141.085,-5141.93
218.1,6.49563,41586.2,14682.0,47362.3,2530.85,-145.179,-5166.46
218.2,6.47523,41323.3,12207.7,47299.6,2485.77,-173.949,-5085.35
218.3,6.46037,41244.6,7274.79,46085.7,2438.29,-153.542,-5134.45
218.4,6.45989,41208.5,2915.14,44442.8,2407.16,-211.938,-5257.73
218.5,6.47761,41295.8,3341.18,42912.7,2427.03,-284.578,-5257.61
218.6,6.51893,41270.3,9356.7,41476.6,2399.78,-341.602,-5088.86
218.7,6.53135,41049.4,13724.9,38831.0,2398.12,-398.57,-4888.59
218.8,6.52286,40953.5,14761.5,34340.2,2431.71,-299.412,-4956.6
218.9,6.53216,40971.8,15454.8,29433.7,2381.97,-124.485,-5076.63
219.0,6.54024,41007.6,17330.4,25375.3,2302.45,-32.4023,-4948.89
219.1,6.56332,41101.7,19997.9,22501.9,2234.95,-76.2435,-4826.03
219.2,6.60786,41084.2,20904.7,22095.1,2202.8,-147.872,-4980.37
219.3,6.62984,40886.9,19942.1,22713.0,2162.21,-228.479,-5224.51
219.4,6.64344,40851.6,22298.2,23273.4,2137.75,-332.4,-5334.29
219.5,6.6614,40844.7,26200.7,24636.1,2146.82,-387.664,-5211.15
219.6,6.68065,40905.2,29582.5,26528.7,2197.62,-384.459,-5143.51
219.7,6.72701,40971.7,29108.7,28757.4,2266.44,-332.491,-5154.86
219.8,6.77061,40890.4,26805.4,31832.0,2336.68,-270.573,-5088.25
219.9,6.76828,40771.8,28683.6,34524.3,2344.69,-226.277,-4977.59
220.0,6.75281,40753.8,32418.5,34962.2,2310.02,-265.013,-4827.91
220.1,6.73435,40760.7,35885.8,33877.8,2170.26,-253.278,-4824.62
220.2,6.72355,40791.1,36854.9,31248.7,2054.33,-242.474,-4976.48
220.3,6.7334,40867.6,36555.4,30807.6,1958.29,-184.929,-5153.83
220.4,6.74125,40821.7,33993.3,34062.5,1961.39,-236.887,-5195.22
220.5,6.74338,40805.9,29917.0,39261.7,1997.58,-422.433,-5205.63
220.6,6.74594,40809.3,24893.9,44294.6,2039.42,-511.874,-5245.77
220.7,6.74059,40786.6,21495.6,46951.9,2098.47,-439.904,-5179.86
220.8,6.75735,40911.2,21173.5,47832.2,2125.66,-269.142,-4974.66
220.9,6.81008,40988.4,22152.3,49857.8,2120.57,-201.515,-4834.33
221.0,6.85902,40924.8,21131.4,54295.9,2090.37,-279.542,-4843.77
221.1,6.89806,40911.6,18127.8,59474.6,2102.68,-418.051,-5007.5
221.2,6.91079,40806.5,15115.1,61814.0,2082.45,-530.541,-5142.72
221.3,6.90431,40788.9,13261.3,60016.0,2052.77,-473.198,-5226.2
221.4,6.90052,40804.8,12318.8,54730.8,1954.81,-385.117,-5271.59
221.5,6.90504,40851.9,9308.57,49334.1,1926.07,-323.751,-5264.42
221.6,6.93123,40899.8,7722.31,47190.5,1938.22,-276.665,-5292.09
221.7,6.92549,40725.8,7875.73,46702.4,1881.07,-398.56,-5189.19
221.8,6.87702,40648.2,11242.6,46099.8,1860.71,-474.995,-5054.22
221.9,6.8264,40671.0,18019.4,44736.6,1803.07,-392.019,-5003.31
222.0,6.79197,40755.7,22462.2,42148.4,1768.63,-308.372,-4934.46
222.1,6.80684,40917.6,25625.1,40349.4,1717.95,-286.441,-4956.75
222.2,6.83735,40887.0,27358.5,41261.4,1707.32,-318.467,-5040.77
222.3,6.85038,40811.4,27084.8,43142.0,1764.83,-435.07,-5104.27
222.4,6.85565,40835.8,27320.1,43891.1,1756.37,-538.044,-5153.04
222.5,6.8685,40854.4,27824.0,44147.8,1703.72,-449.684,-5156.0
222.6,6.88633,40858.9,27131.1,43456.1,1617.93,-381.879,-5047.01
222.7,6.90992,40896.9,24846.5,42269.2,1521.76,-407.931,-4961.61
222.8,6.93414,40847.3,22784.7,42727.5,1448.15,-378.398,-4988.26
222.9,6.9203,40710.9,21770.8,44096.9,1405.5,-347.443,-4965.91
223.0,6.88585,40718.0,25085.8,45245.4,1322.8,-372.664,-4927.43
223.1,6.85694,40701.5,30250.9,46938.1,1252.42,-402.249,-4886.13
223.2,6.82629,40747.9,33591.0,49312.1,1288.91,-389.184,-4903.82
223.3,6.82209,40832.5,34514.5,51811.4,1351.71,-414.092,-4996.41
223.4,6.81025,40726.6,33763.8,53598.3,1360.19,-529.021,-5029.32
223.5,6.77606,40709.6,33319.0,54743.8,1389.46,-529.32,-5006.59
223.6,6.75691,40776.0,32128.8,55023.1,1443.03,-479.002,-4947.35
223.7,6.75403,40820.8,30178.0,55891.6,1455.1,-436.235,-4987.99
223.8,6.76319,40847.0,27502.4,57649.2,1422.26,-436.293,-5082.62
223.9,6.77704,40837.9,26282.2,59663.8,1381.29,-461.521,-5146.08
224.0,6.77829,40801.1,28057.5,60598.6,1333.8,-455.278,-5147.55
224.1,6.77087,40777.5,30556.2,58592.7,1271.47,-448.031,-5073.62
224.2,6.76016,40778.6,30387.2,54253.0,1215.05,-405.498,-4999.32
224.3,6.76676,40854.7,29055.4,49716.1,1259.47,-323.292,-5043.89
224.4,6.79559,40910.7,28945.3,46905.9,1306.11,-310.236,-5088.16
224.5,6.81653,40849.9,33846.2,46840.4,1331.31,-365.912,-5112.29
224.6,6.81423,40734.6,38080.9,48536.7,1365.67,-469.953,-5016.96
224.7,6.76549,40628.9,39316.2,48919.0,1364.22,-579.637,-5019.3
224.8,6.71706,40704.4,39674.5,46425.9,1379.72,-546.12,-5194.33
224.9,6.69438,40771.3,39265.8,41931.6,1366.8,-443.778,-5156.34
225.0,6.69375,40849.6,40582.4,36887.8,1361.27,-426.281,-4981.74
225.1,6.71445,40877.8,39103.6,33039.6,1395.34,-489.412,-4887.64
225.2,6.70877,40722.9,32780.5,30619.7,1387.27,-554.231,-4994.31
225.3,6.67485,40726.4,28048.7,28618.3,1390.87,-495.716,-5203.59
225.4,6.65887,40770.8,26874.9,26518.9,1338.91,-410.606,-5210.73
225.5,6.64715,40782.1,28188.0,24708.1,1248.03,-375.455,-5082.2
225.6,6.6507,40857.2,26895.6,23302.6,1205.29,-336.468,-5053.91
225.7,6.67776,40884.8,24495.7,24664.4,1198.3,-258.783,-5202.82
225.8,6.67885,40760.2,23108.1,28798.6,1156.01,-300.666,-5168.56
225.9,6.65578,40749.7,24020.2,34170.7,1136.59,-462.001,-4927.12
226.0,6.6472,40791.3,24874.2,40721.0,1124.58,-532.074,-4810.42
226.1,6.64014,40788.1,23827.9,45249.0,1116.74,-568.218,-4904.09
226.2,6.65954,40915.0,24778.0,47421.2,1123.91,-510.797,-5037.93
226.3,6.68562,40842.3,27859.1,49263.1,1169.38,-408.884,-4945.78
226.4,6.65661,40660.9,32574.1,49581.6,1154.65,-414.118,-4854.5
226.5,6.62537,40755.7,32509.2,49145.3,1196.29,-375.311,-4887.9
226.6,6.59167,40676.9,31954.0,48549.7,1187.35,-314.355,-5018.26
226.7,6.54906,40707.8,34858.3,47369.1,1118.21,-296.827,-4969.56
226.8,6.53662,40818.7,40421.1,46267.4,1060.37,-379.884,-4699.65
226.9,6.51796,40709.6,43902.9,45493.9,1057.82,-516.851,-4532.43
227.0,6.4755,40688.1,43622.6,43614.6,1104.88,-583.333,-4654.64
227.1,6.44641,40738.3,41779.8,40564.1,1138.68,-541.573,-4736.87
227.2,6.42184,40734.5,43852.2,37513.4,1143.99,-460.682,-4655.95
227.3,6.41377,40867.1,46695.2,34149.3,1135.94,-439.166,-4507.13
227.4,6.44121,41126.9,46298.3,32322.4,1133.26,-387.996,-4578.88
227.5,6.45139,41123.4,43077.5,31295.0,1132.03,-394.956,-4835.61
227.6,6.43571,41094.7,42544.0,29624.8,1155.13,-432.486,-4995.0
227.7,6.43114,41173.7,45872.6,28546.2,1205.24,-449.425,-4918.71
227.8,6.41503,41221.7,50054.7,28051.6,1254.93,-511.877,-4836.04
227.9,6.41976,41409.8,51880.4,28064.5,1316.21,-595.127,-4939.21
228.0,6.44515,41510.4,52020.7,30981.3,1392.79,-574.864,-5049.38
228.1,6.43924,41371.5,54007.0,35914.7,1438.82,-556.665,-5014.51
228.2,6.41801,41334.9,56856.4,41027.3,1456.08,-587.139,-4895.74
228.3,6.39741,41331.0,57164.6,45485.4,1423.35,-591.573,-4917.94
228.4,6.36137,41379.7,56412.7,47240.6,1345.2,-542.958,-5122.25
228.5,6.33773,41549.0,56831.0,45897.5,1277.46,-464.129,-5233.93
228.6,6.31928,41646.7,59971.9,44042.9,1235.79,-371.358,-5234.88
228.7,6.27914,41674.1,61365.6,42991.7,1199.77,-333.724,-5208.06
228.8,6.23973,41808.1,59589.4,43145.6,1153.08,-393.751,-5254.73
228.9,6.22341,42053.1,57745.5,44410.8,1151.87,-469.494,-5277.88
229.0,6.23938,42224.9,60096.6,45817.2,1139.09,-456.785,-5103.97
229.1,6.28518,42305.6,61093.8,47942.9,1160.0,-397.886,-4732.34
229.2,6.2999,42341.1,58367.4,50873.6,1161.31,-416.596,-4629.87
229.3,6.29035,42315.1,52373.8,54610.9,1189.86,-418.761,-4821.73
229.4,6.28958,42373.3,49392.8,58197.2,1189.07,-433.828,-4972.96
229.5,6.28669,42446.6,50385.9,60242.2,1147.21,-447.341,-4879.6
229.6,6.3011,42565.4,50679.1,60034.0,1129.05,-463.767,-4822.46
229.7,6.31722,42538.5,46466.5,59047.4,1178.81,-445.973,-5011.29
229.8,6.30608,42398.2,43024.2,57902.0,1208.34,-431.444,-5211.18
229.9,6.28194,42295.6,42824.9,57580.6,1223.83,-478.861,-5011.39
230.0,6.24642,42285.3,43803.8,59091.6,1257.45,-533.241,-4671.32
230.1,6.20487,42362.6,40116.9,59841.1,1283.61,-644.324,-4601.31
230.2,6.17173,42537.2,34837.3,58415.1,1273.39,-683.602,-4828.78
230.3,6.13875,42677.2,31313.2,54650.5,1326.95,-584.036,-4879.5
230.4,6.10773,42800.3,33280.0,48521.2,1335.87,-508.946,-4767.0
230.5,6.08286,42968.6,34935.0,43067.3,1319.15,-442.913,-4789.17
230.6,6.07087,43061.1,31658.6,40483.6,1311.44,-420.617,-5032.0
230.7,6.07673,43182.1,29456.7,41000.7,1330.74,-443.448,-5318.68
230.8,6.10316,43251.9,31642.6,42718.8,1330.1,-560.144,-5304.87
230.9,6.12272,43363.4,36272.0,44776.1,1346.82,-613.289,-5098.48
231.0,6.1311,43470.2,37926.5,44999.1,1413.66,-627.625,-5000.77
231.1,6.14496,43476.4,36299.6,44901.7,1422.06,-553.291,-5073.24
231.2,6.15422,43479.9,37109.0,46132.0,1402.44,-513.062,-5097.34
231.3,6.16377,43508.2,41873.0,48048.9,1360.39,-590.101,-4946.06
231.4,6.18076,43491.8,47634.4,49207.7,1311.2,-690.179,-4876.03
231.5,6.18244,43384.4,49339.1,47983.4,1288.73,-653.576,-5018.1
231.6,6.1688,43301.8,48659.6,44030.4,1312.62,-502.957,-5223.26
231.7,6.15693,43262.3,48608.6,40702.9,1347.85,-338.006,-5218.91
231.8,6.12501,43217.7,49476.8,40179.7,1354.53,-327.173,-5059.85
231.9,6.0931,43291.7,50404.5,42716.8,1372.03,-432.535,-5058.78
232.0,6.07659,43415.5,48954.8,46929.2,1399.15,-530.611,-5101.9
232.1,6.06528,43515.0,49458.0,50590.5,1385.3,-569.219,-5076.84
232.2,6.06152,43601.6,51106.7,52623.9,1375.06,-589.988,-4862.28
232.3,6.06164,43634.8,51867.5,54895.7,1378.71,-570.11,-4732.08
232.4,6.05955,43685.3,48242.0,57851.3,1420.3,-570.428,-4821.08
232.5,6.07323,43791.0,43194.8,60979.5,1445.56,-601.018,-5029.76
232.6,6.10558,43887.0,39696.9,63635.4,1449.18,-574.041,-5106.53
232.7,6.12079,43849.5,39891.8,63870.1,1413.93,-496.834,-5084.51
232.8,6.13461,43792.4,39539.1,60967.1,1415.82,-417.013,-5045.89
232.9,6.12718,43697.2,37400.8,56824.0,1391.63,-302.877,-5069.97
233.0,6.10614,43679.9,36002.0,52407.6,1396.26,-263.651,-5094.08
233.1,6.10174,43787.6,36613.7,50335.8,1408.11,-266.257,-4978.32
233.2,6.10333,43834.6,37053.9,51650.5,1450.45,-340.931,-4816.93
233.3,6.09097,43788.2,35471.6,54389.0,1490.06,-502.631,-4837.23
233.4,6.07292,43746.3,32620.9,56390.9,1548.4,-611.253,-4982.12
233.5,6.04667,43716.5,32906.9,55522.3,1550.04,-593.091,-5015.8
233.6,6.02634,43799.2,36136.4,51827.8,1549.12,-465.547,-4886.21
233.7,6.02824,43915.7,37229.3,47506.8,1538.11,-369.674,-4789.31
233.8,6.03448,43970.8,34168.5,44968.8,1521.85,-322.014,-4910.15
233.9,6.039,43914.3,30568.8,43887.3,1470.11,-377.862,-5082.77
234.0,6.02591,43828.8,29760.8,43074.9,1406.09,-445.026,-5036.76
234.1,6.00518,43821.8,30997.6,41158.3,1384.68,-464.287,-4870.58
234.2,5.99361,43937.8,29364.4,38016.6,1421.48,-461.592,-4828.93
234.3,6.00132,44143.1,24850.7,35253.4,1498.54,-435.565,-4988.92
234.4,6.02376,44259.6,22368.4,34048.9,1547.65,-453.613,-5093.99
234.5,6.04287,44280.9,22811.6,34726.2,1587.68,-493.712,-4945.15
234.6,6.05124,44211.6,23882.5,35933.2,1579.3,-524.295,-4828.24
234.7,6.04926,44165.6,23696.9,35431.4,1588.84,-548.445,-4980.7
234.8,6.05061,44202.9,22844.6,32916.8,1605.82,-460.801,-5135.3
234.9,6.0553,44217.4,25333.3,29411.0,1627.45,-358.108,-5091.92
235.0,6.05217,44182.4,29813.6,27004.9,1647.59,-296.995,-4964.7
235.1,6.04815,44141.0,34608.0,28142.0,1657.67,-283.405,-5033.95
235.2,6.02495,44016.6,39390.7,32087.9,1636.74,-396.351,-5177.76
235.3,5.99202,44016.7,45643.1,37636.0,1572.75,-479.017,-5170.46
235.4,5.9703,44104.2,51757.7,42712.1,1520.61,-529.068,-4983.07
235.5,5.96068,44261.1,55235.3,45940.5,1504.73,-561.458,-4896.06
235.6,5.96696,44411.6,55355.1,47503.5,1482.27,-524.722,-4959.6
235.7,5.97202,44423.2,54325.4,48447.2,1482.3,-475.414,-5006.13
235.8,5.95462,44390.6,54760.5,48572.8,1427.27,-464.134,-4949.12
235.9,5.9353,44450.6,54620.1,47271.5,1341.51,-449.787,-4867.09
236.0,5.93589,44649.0,53133.6,45752.7,1308.39,-338.232,-4950.39
236.1,5.95864,44825.1,51223.4,43744.9,1289.12,-263.018,-5029.04
236.2,6.00807,44933.8,51666.9,43188.6,1337.8,-259.229,-4988.99
236.3,6.0392,44730.6,53521.6,45270.0,1396.44,-341.596,-4864.25
236.4,6.03598,44494.9,53890.7,49237.0,1482.29,-455.805,-4804.78
236.5,6.0327,44412.2,51876.7,53084.0,1560.61,-597.17,-4830.47
236.6,6.04003,44446.7,49695.6,55823.5,1635.64,-664.395,-4841.53
236.7,6.05344,44451.3,47908.7,56138.2,1669.24,-660.545,-4750.86
236.8,6.06319,44366.2,45756.8,54991.1,1665.88,-578.988,-4746.03
236.9,6.05097,44170.9,39880.4,53310.0,1683.48,-497.47,-4858.61
237.0,6.01316,44025.2,33815.2,51104.5,1668.98,-456.647,-5061.81
237.1,5.97865,44052.8,27778.8,48380.1,1628.85,-439.98,-5113.07
237.2,5.95187,44182.9,23247.2,44936.2,1589.3,-428.905,-5086.47
237.3,5.93993,44349.3,18548.1,40657.9,1567.48,-436.846,-5119.6
237.4,5.93231,44442.9,13876.8,35803.0,1587.67,-487.097,-5185.0
237.5,5.92338,44511.0,12526.0,31115.5,1647.52,-512.975,-5190.02
237.6,5.92052,44600.0,13997.6,27121.3,1652.04,-479.728,-5029.72
237.7,5.93686,44744.5,14920.9,24810.0,1658.8,-413.889,-4853.94
237.8,5.97123,44863.2,15081.5,24449.7,1638.05,-339.872,-4885.38
237.9,6.01976,44854.7,17678.2,24710.9,1550.78,-348.004,-5001.49
238.0,6.05335,44692.8,21419.7,24984.2,1491.1,-358.008,-4907.91
238.1,6.05158,44419.5,25410.5,23540.6,1431.58,-388.096,-4825.49
238.2,6.03388,44303.2,26431.5,20855.6,1415.34,-383.806,-4960.68
238.3,6.02288,44350.8,26989.3,18318.8,1441.66,-359.639,-5195.34
238.4,6.02623,44417.1,29080.5,16919.5,1465.55,-380.578,-5158.1
238.5,6.03568,44433.7,32030.2,17002.5,1526.75,-443.621,-4913.78
238.6,6.0242,44288.6,35095.6,17148.3,1542.73,-489.038,-4823.76
238.7,5.998,44192.5,37741.3,16811.1,1562.64,-417.172,-4851.04
238.8,5.97116,44217.5,43059.2,16441.7,1588.74,-316.929,-4751.99
238.9,5.95709,44333.0,49462.9,17137.0,1600.24,-308.298,-4525.8
239.0,5.94325,44397.7,53114.6,19331.9,1576.47,-399.692,-4513.56
239.1,5.91568,44423.4,52190.8,21248.7,1601.73,-503.623,-4757.55
239.2,5.8982,44536.1,51372.1,22079.6,1626.76,-487.483,-5005.91
239.3,5.89642,44674.2,53182.2,21213.1,1629.07,-471.944,-4961.82
239.4,5.9102,44834.2,55623.1,19709.7,1596.74,-486.723,-4809.16
239.5,5.94861,44942.6,53537.8,20182.0,1558.5,-441.849,-4785.46
239.6,5.97253,44852.6,46883.8,22837.9,1519.89,-440.42,-4881.66
239.7,5.98147,44795.7,41444.5,26600.3,1537.98,-485.139,-4937.6
239.8,5.98596,44728.0,40623.2,29702.6,1511.55,-536.084,-4832.65
239.9,5.97153,44703.7,42417.3,30857.8,1498.46,-487.708,-4759.28
240.0,5.96235,44776.0,42775.4,30103.8,1517.34,-358.685,-4850.37
240.1,5.96597,44834.0,42419.9,30153.8,1571.58,-240.243,-5042.38
240.2,5.96511,44806.4,42093.8,32320.3,1634.52,-247.453,-5073.32
240.3,5.96523,44758.8,41251.4,36815.2,1689.17,-323.2,-4976.12
240.4,5.95657,44636.5,39078.3,41281.8,1712.12,-457.676,-4989.59
240.5,5.93848,44614.6,35062.7,42688.6,1713.41,-544.664,-5061.13
240.6,5.92976,44657.9,32858.7,39911.7,1719.55,-527.877,-5047.73
240.7,5.92812,44717.5,30503.0,36357.5,1735.35,-341.531,-4883.07
240.8,5.92105,44739.2,26229.0,33630.6,1765.06,-245.046,-4844.28
240.9,5.92358,44788.5,21094.0,34235.4,1796.62,-205.659,-5058.79
241.0,5.91433,44717.8,17481.9,35860.9,1816.8,-287.148,-5169.75
241.1,5.89244,44749.0,17186.2,33800.3,1850.23,-360.255,-5022.1
241.2,5.89712,44917.0,16092.7,27314.6,1879.07,-243.832,-4837.37
241.3,5.90934,45023.9,10509.4,18933.0,1910.01,-49.5267,-4837.27
241.4,5.93079,45141.8,3300.65,11647.0,1933.71,-22.0088,-4943.51
241.5,5.95767,45119.3,982.954,8096.66,1896.38,-186.234,-4977.52
241.6,5.95941,45001.9,4057.72,7998.9,1859.1,-311.499,-4919.06
241.7,5.95925,44984.7,8610.22,8121.56,1861.11,-329.494,-4944.23
241.8,5.96914,44994.9,11612.7,6880.93,1893.09,-288.601,-5045.4
241.9,5.97843,44958.5,14166.5,5513.02,1950.65,-170.646,-5052.07
242.0,5.98794,44903.3,19019.2,5864.1,1985.6,-72.5535,-4910.73
242.1,6.00249,44791.6,24119.4,9724.17,2026.8,-101.714,-4756.04
242.2,6.01124,44659.4,24366.3,16344.4,2072.85,-253.433,-4693.94
242.3,6.00744,44507.2,22730.6,21428.8,2083.34,-472.793,-4854.98
242.4,6.0009,44438.8,22268.7,22605.8,2074.67,-506.917,-5013.38
242.5,5.98919,44390.1,25833.1,18998.1,2002.19,-408.272,-5009.74
242.6,5.97714,44426.6,29181.5,13833.0,1896.28,-252.31,-4953.7
242.7,5.97607,44500.6,30466.8,11617.8,1817.73,-143.1,-5104.57
242.8,5.97933,44539.1,29890.1,13820.3,1779.78,-141.334,-5256.35
242.9,5.98457,44544.6,30931.3,18125.3,1777.41,-230.965,-5149.02
243.0,5.97819,44478.5,34112.1,20802.0,1797.46,-338.921,-4866.47
243.1,5.97043,44522.0,35317.8,21298.2,1858.05,-271.03,-4699.95
243.2,5.97783,44606.6,32013.9,20696.1,1912.85,-190.944,-4718.34
243.3,6.00037,44694.7,29122.0,21240.9,1915.67,-257.122,-4845.41
243.4,6.03606,44727.9,30102.6,24345.8,1863.36,-367.642,-4904.94
243.5,6.06293,44564.4,32710.2,28316.4,1798.97,-468.092,-4886.78
243.6,6.07038,44365.9,31570.3,31343.6,1741.14,-433.272,-4987.88
243.7,6.07422,44250.1,27779.9,33092.0,1720.42,-303.101,-5221.05
243.8,6.07138,44132.1,25474.7,34070.2,1701.1,-239.46,-5247.79
243.9,6.0578,44065.3,27402.1,34701.2,1656.32,-289.123,-5003.8
244.0,6.03583,44003.2,28581.7,34976.1,1638.25,-380.887,-4766.11
244.1,5.99486,43941.3,26336.4,33535.7,1661.16,-452.093,-4804.35
244.2,5.95979,44060.8,24217.0,29749.8,1711.91,-436.548,-4996.02
244.3,5.94868,44246.1,25630.0,25247.4,1721.38,-347.881,-4994.45
244.4,5.93708,44347.4,29119.0,21796.1,1685.3,-274.881,-4879.79
244.5,5.93247,44469.1,28250.2,19410.7,1699.37,-304.585,-4938.29
244.6,5.9369,44555.1,24244.0,16835.1,1711.42,-383.79,-5210.49
244.7,5.9498,44644.9,22315.4,12891.4,1776.49,-341.271,-5318.65
244.8,5.9755,44698.6,24271.2,6420.59,1839.12,-296.888,-5039.05
244.9,6.00406,44696.3,26779.0,-524.06,1897.51,-253.493,-4763.58
245.0,6.03377,44616.6,24481.5,-5510.29,1969.67,-207.29,-4762.57
245.1,6.0572,44488.4,20070.2,-7742.7,2043.37,-214.096,-4877.38
245.2,6.07658,44370.2,20496.9,-8193.36,2039.68,-261.646,-4852.35
245.3,6.08511,44232.1,25161.3,-7956.56,1929.57,-253.271,-4688.43
245.4,6.07784,44113.5,28902.9,-7096.44,1842.56,-168.223,-4697.78
245.5,6.06268,44071.6,26143.6,-4697.59,1797.45,-73.1937,-4887.85
245.6,6.04913,44073.4,20160.3,95.7148,1795.79,-116.247,-5061.83
245.7,6.0202,44051.7,15675.2,6215.34,1837.99,-280.008,-5049.97
245.8,5.99967,44153.8,15890.7,11193.5,1902.32,-431.938,-4981.92
245.9,5.99549,44250.1,16828.7,13982.7,1956.55,-458.941,-4921.36
246.0,5.9952,44297.0,18304.6,13520.7,1965.6,-463.15,-4916.66
246.1,6.01806,44403.5,21986.4,11282.1,1970.47,-412.648,-4873.26
246.2,6.05901,44382.5,27406.4,9616.32,1920.81,-297.82,-4720.38
246.3,6.08589,44227.4,31615.2,8224.88,1853.42,-265.335,-4621.82
246.4,6.10898,44106.1,32461.8,7125.13,1805.96,-268.065,-4726.57
246.5,6.13357,43992.2,30507.2,6721.05,1830.13,-225.096,-4913.26
246.6,6.13471,43825.7,27153.8,5130.88,1823.0,-240.005,-4948.79
246.7,6.12707,43770.9,23728.5,2681.32,1829.09,-252.384,-4946.52
246.8,6.12675,43771.2,21457.7,1275.91,1834.99,-237.643,-5041.15
246.9,6.12649,43801.9,21183.8,1232.35,1848.66,-266.132,-5095.14
247.0,6.14394,43835.7,24706.7,2164.72,1817.08,-378.477,-5010.66
247.1,6.1425,43711.5,28108.9,3471.24,1794.97,-439.833,-4794.8
247.2,6.11644,43574.4,29675.2,2255.09,1781.12,-421.874,-4688.32
247.3,6.09619,43612.5,30256.0,-1548.63,1829.89,-303.56,-4739.4
247.4,6.07947,43647.1,30636.9,-6641.77,1901.73,-184.658,-4709.84
247.5,6.06164,43694.3,31296.9,-12258.9,1947.88,-131.546,-4619.38
247.6,6.06156,43754.9,31744.7,-16712.8,1962.97,-95.3745,-4718.05
247.7,6.06271,43726.3,30857.6,-19123.4,1939.29,-59.6351,-4911.05
247.8,6.06805,43732.0,29366.8,-19365.8,1899.67,-39.9229,-4941.18
247.9,6.08649,43711.2,28849.2,-17415.0,1801.05,-110.701,-4807.89
248.0,6.10617,43711.0,27268.8,-14707.1,1756.9,-261.415,-4682.8
248.1,6.13459,43732.2,24242.5,-12963.0,1775.22,-339.103,-4637.67
248.2,6.17341,43695.9,20878.0,-11723.0,1864.99,-272.065,-4594.07
248.3,6.1886,43537.5,18445.2,-10564.9,1905.9,-185.646,-4517.99
248.4,6.17993,43391.8,17688.0,-9402.42,1905.19,-176.182,-4553.35
248.5,6.16658,43329.0,17547.3,-7413.96,1901.34,-139.534,-4693.41
248.6,6.1565,43390.3,17490.0,-5431.37,1954.3,-43.7605,-4804.09
248.7,6.17565,43497.6,19531.8,-4198.21,1982.55,12.4705,-4898.08
248.8,6.19341,43395.7,21067.4,-2360.91,1984.53,-14.9078,-4895.64
248.9,6.17274,43191.8,22344.4,1165.56,1990.29,-97.4655,-4887.9
249.0,6.14028,43103.4,22893.0,5781.86,1985.84,-264.991,-4909.03
249.1,6.11822,43188.7,24716.4,11287.9,1951.01,-399.4,-4924.58
249.2,6.1158,43363.2,27667.8,14850.7,1929.03,-495.129,-4829.83
249.3,6.13464,43483.1,30890.2,14923.2,1912.37,-462.212,-4753.41
249.4,6.14357,43395.0,34175.3,11552.3,1882.06,-321.628,-4789.8
249.5,6.13294,43296.8,35613.5,7493.16,1851.0,-67.7521,-4821.06
249.6,6.11752,43261.3,34076.2,4602.75,1809.36,58.9029,-4790.48
249.7,6.10917,43370.9,30993.7,4140.75,1770.41,35.5029,-4866.28
249.8,6.12056,43536.4,25627.8,4454.93,1718.88,-74.5403,-4958.17
249.9,6.14258,43625.4,20270.9,4263.94,1722.38,-135.371,-5010.11
250.0,6.14901,43551.7,15810.4,2518.54,1727.01,-164.776,-5002.57
250.1,6.13686,43476.1,14494.5,750.329,1715.82,-178.626,-5029.93
250.2,6.12279,43498.0,15586.0,1172.1,1709.98,-186.706,-5011.53
250.3,6.11657,43554.6,18101.1,3156.2,1654.73,-266.739,-4874.36
250.4,6.12826,43685.2,20900.4,4924.47,1661.38,-310.902,-4727.01
250.5,6.14494,43645.7,23194.2,4153.51,1691.59,-251.957,-4672.27
250.6,6.13712,43465.6,24589.0,373.759,1739.79,-102.49,-4668.37
250.7,6.10318,43309.2,25795.9,-5675.41,1756.98,-20.5851,-4648.42
250.8,6.07103,43343.1,25354.4,-10227.7,1782.14,37.1851,-4679.15
250.9,6.05754,43501.6,22325.2,-12601.5,1800.6,-39.7346,-4809.2
251.0,6.0781,43726.5,19018.2,-13010.9,1787.17,-157.391,-4990.51
251.1,6.10703,43731.4,16988.9,-11689.6,1740.3,-208.128,-5036.67
251.2,6.10472,43551.0,17085.1,-10309.2,1666.13,-245.048,-4940.58
251.3,6.08591,43482.5,17451.3,-9839.21,1609.21,-269.714,-4826.17
251.4,6.08482,43587.1,17830.2,-8991.08,1594.8,-233.243,-4762.14
251.5,6.10285,43760.3,19697.9,-7212.01,1595.49,-169.038,-4721.43
251.6,6.13826,43849.3,24163.8,-4892.44,1640.56,-197.266,-4674.97
251.7,6.15713,43702.0,29912.1,-1297.14,1666.14,-208.45,-4683.71
251.8,6.13252,43460.0,32636.3,1719.79,1711.36,-202.196,-4759.15
251.9,6.09516,43433.7,32850.0,3540.25,1721.35,-167.688,-4906.41
252.0,6.08408,43606.9,33296.0,5925.67,1667.61,-114.61,-5041.2
252.1,6.09607,43807.8,33743.6,10281.9,1605.33,-138.007,-4998.24
252.2,6.12128,43867.0,34136.5,16029.7,1568.01,-304.688,-4927.53
252.3,6.1349,43731.3,31252.3,22546.9,1581.83,-445.022,-4935.45
252.4,6.10869,43505.4,28765.6,26560.3,1575.17,-509.727,-5020.94
252.5,6.07803,43505.2,29963.8,26891.7,1577.2,-447.847,-5020.93
252.6,6.07458,43666.0,34925.0,24823.8,1555.76,-322.721,-4852.56
252.7,6.08603,43811.5,37788.1,21539.5,1548.36,-226.526,-4677.98
252.8,6.1154,43873.9,37008.2,19269.8,1588.46,-148.331,-4760.09
252.9,6.11915,43666.4,33741.0,18933.5,1571.69,-112.41,-4874.34
253.0,6.09145,43518.9,32161.1,19878.1,1588.97,-136.483,-4857.92
253.1,6.06893,43554.4,31774.0,21005.8,1559.26,-251.366,-4750.79
253.2,6.0548,43689.1,28919.3,21752.6,1500.78,-358.644,-4752.27
253.3,6.04888,43842.4,22263.0,20479.5,1452.91,-453.063,-4847.17
253.4,6.05051,43946.1,18095.6,17565.0,1418.82,-473.969,-4958.74
253.5,6.0464,43958.9,18865.4,13801.3,1432.56,-425.784,-4883.77
253.6,6.03481,43945.8,23129.3,9426.44,1437.31,-363.941,-4718.06
253.7,6.02363,43976.2,25414.2,4426.48,1482.3,-307.33,-4645.06
253.8,6.0087,43998.5,25952.0,-1167.41,1491.66,-201.564,-4726.05
253.9,5.98447,44027.4,24537.0,-8240.82,1472.11,-106.562,-4668.9
254.0,5.96304,44124.3,22119.7,-15454.5,1457.4,-18.5445,-4517.38
254.1,5.94288,44213.0,16883.5,-21035.9,1454.23,16.0697,-4513.81
254.2,5.93042,44336.5,8808.83,-23951.3,1474.6,-35.4427,-4733.99
254.3,5.93155,44480.1,3904.58,-24400.5,1509.09,-155.392,-5004.81
254.4,5.93662,44530.2,5020.0,-23510.5,1467.37,-242.992,-5036.26
254.5,5.93372,44560.0,10062.7,-23863.3,1420.01,-290.244,-4856.68
254.6,5.95231,44689.2,14016.2,-24931.2,1422.05,-176.86,-4704.53
254.7,5.97967,44728.3,17900.8,-25579.6,1478.38,-34.8131,-4698.77
254.8,6.00299,44707.2,24908.6,-24348.8,1548.34,35.697,-4588.14
254.9,6.01143,44550.5,34573.1,-20546.9,1561.47,-5.069,-4315.69
255.0,5.9814,44367.1,43800.7,-15675.4,1576.34,-131.301,-4242.7
255.1,5.94185,44411.9,48197.1,-11851.7,1628.78,-196.783,-4458.02
255.2,5.93109,44593.1,48634.9,-9814.55,1657.97,-220.393,-4687.24
255.3,5.93119,44768.6,49431.4,-8482.01,1666.21,-225.483,-4775.56
255.4,5.93842,44836.1,48546.3,-6712.07,1651.03,-270.857,-4742.8
255.5,5.94063,44809.6,45377.9,-2781.84,1661.43,-295.438,-4843.19
255.6,5.93647,44803.6,40631.7,2414.37,1722.99,-305.208,-4960.13
255.7,5.93673,44835.5,37939.7,6577.65,1740.82,-329.896,-4882.23
255.8,5.94093,44896.7,38103.2,8688.77,1803.04,-285.924,-4685.72
255.9,5.93409,44876.1,37549.6,7584.45,1845.56,-196.027,-4554.35
256.0,5.93051,44916.5,35889.9,5338.33,1878.51,-58.1587,-4682.79
256.1,5.9267,44904.4,33664.7,3910.0,1870.11,-20.196,-4832.92
256.2,5.91742,44901.7,33596.6,4028.81,1787.66,-114.385,-4904.86
256.3,5.91761,44962.7,33376.3,5164.08,1705.21,-246.332,-4939.59
256.4,5.92526,45001.9,32061.9,5700.86,1604.93,-323.158,-5073.25
256.5,5.93904,45070.1,29548.6,4962.37,1596.68,-282.96,-5170.65
256.6,5.95168,45028.5,27474.0,3710.0,1610.14,-204.52,-5093.98
256.7,5.94125,44920.5,26649.9,3220.86,1628.66,-147.27,-4941.34
256.8,5.92273,44917.2,25049.9,3625.85,1687.43,-133.034,-4840.52
256.9,5.91326,44977.7,23582.1,3418.99,1726.17,-152.208,-4827.86
257.0,5.91194,45027.6,23856.1,623.846,1744.72,-142.232,-4807.08
257.1,5.92161,45050.6,24841.5,-4624.53,1765.34,-51.2141,-4728.22
257.2,5.91828,44928.0,24926.0,-11157.2,1714.24,-2.66475,-4725.34
257.3,5.90135,44842.9,23760.2,-17056.1,1699.78,-31.4683,-4890.78
257.4,5.90123,44909.9,21035.6,-20462.5,1745.43,-74.8844,-4959.5
257.5,5.91025,44979.9,21148.4,-21649.6,1758.9,-140.472,-4949.9
257.6,5.92055,45009.6,22312.5,-21794.6,1808.71,-184.692,-4870.39
257.7,5.93449,45002.0,23245.4,-21701.7,1905.1,-192.185,-4782.64
257.8,5.92929,44902.1,25080.8,-22618.8,1969.61,-200.101,-4713.17
257.9,5.91879,44876.6,28362.6,-25095.0,2010.94,-197.587,-4556.65
258.0,5.92193,44957.4,34034.4,-27673.3,2032.72,-160.686,-4417.2
258.1,5.93515,45011.0,39979.1,-30005.3,2038.08,-195.393,-4377.96
258.2,5.95838,45053.0,42563.4,-31733.8,2063.77,-254.135,-4448.02
258.3,5.97633,44924.2,42098.0,-32067.8,2032.44,-253.315,-4605.79
258.4,5.95974,44741.2,39998.8,-31470.4,1990.58,-219.197,-4757.01
258.5,5.9383,44733.8,39241.8,-31041.4,1957.97,-258.29,-4846.05
258.6,5.93429,44840.0,40050.4,-29211.1,1874.33,-249.931,-4822.65
258.7,5.93592,44931.2,40608.4,-25881.8,1837.45,-239.587,-4726.54
258.8,5.95333,45011.3,40877.1,-21269.3,1852.3,-294.787,-4689.96
258.9,5.97421,44933.0,40380.5,-15466.7,1882.0,-384.579,-4638.85
259.0,5.97021,44773.4,41294.7,-10220.9,1939.79,-470.738,-4605.34
259.1,5.97068,44737.7,42698.4,-6588.91,1969.77,-469.62,-4606.12
259.2,5.98689,44773.6,43510.8,-4259.82,1984.4,-427.136,-4676.5
259.3,6.01828,44820.4,42566.4,-3186.9,2017.92,-391.805,-4801.64
259.4,6.06197,44764.4,40207.2,-2583.18,2037.76,-341.393,-4907.76
259.5,6.08254,44514.0,36073.5,-1851.48,2089.75,-301.175,-4932.99
259.6,6.0753,44271.9,32744.4,-976.358,2114.36,-277.436,-5016.9
259.7,6.07168,44204.3,29239.3,666.202,2160.88,-272.597,-5049.29
259.8,6.06622,44143.3,27928.1,3278.48,2112.84,-325.078,-4998.92
259.9,6.06039,44160.1,25204.4,5489.74,2117.82,-430.729,-4837.77
260.0,6.06621,44182.8,22712.3,6559.04,2140.54,-492.975,-4789.73
260.1,6.06173,44069.6,19995.0,5465.7,2148.43,-487.738,-4814.06
260.2,6.03925,44013.3,18043.0,1814.88,2158.17,-405.348,-4789.3
260.3,6.02013,43993.1,16563.6,-2984.33,2117.88,-294.541,-4740.9
260.4,5.99725,44058.2,14775.1,-7380.76,2073.91,-195.209,-4801.55
260.5,5.98918,44195.0,11560.2,-12247.1,2015.65,-202.747,-4898.27
260.6,5.9993,44300.1,9042.52,-16642.0,2008.17,-182.084,-4957.37
260.7,6.01086,44315.3,9066.03,-21068.2,2063.34,-170.237,-4927.67
260.8,6.02944,44291.0,10502.0,-24517.6,2052.26,-164.186,-4850.86
260.9,6.04593,44209.7,14656.4,-25805.8,2014.04,-237.124,-4860.84
261.0,6.05699,44161.3,20644.1,-24797.4,1969.44,-317.735,-4818.01
261.1,6.1001,44237.1,28730.1,-22838.0,1963.34,-377.906,-4715.6
261.2,6.15481,44161.2,37260.0,-20928.3,1903.18,-373.642,-4618.21
261.3,6.18249,43888.9,44484.6,-19839.6,1831.52,-289.923,-4608.6
261.4,6.17748,43603.8,49174.2,-18416.6,1795.76,-171.628,-4635.95
261.5,6.14507,43394.8,53076.4,-15812.1,1779.45,-140.335,-4709.44
261.6,6.11375,43429.0,54459.3,-12038.9,1792.62,-194.106,-4759.49
261.7,6.09913,43543.3,52041.4,-7909.8,1832.01,-276.753,-4820.82
261.8,6.08661,43602.2,46711.5,-3999.15,1876.41,-308.02,-4937.87
261.9,6.06971,43613.9,42529.9,-932.677,1892.84,-335.743,-5034.57
262.0,6.05493,43634.3,40483.3,2628.21,1873.44,-346.836,-4961.49
262.1,6.05128,43741.2,40699.9,7423.17,1844.75,-355.362,-4841.1
262.2,6.07041,43875.1,40042.2,12481.0,1831.6,-369.719,-4795.17
262.3,6.10515,43926.7,38500.5,17756.3,1834.0,-313.207,-4846.02
262.4,6.11058,43744.2,37161.4,21311.5,1799.63,-274.666,-4860.9
262.5,6.08227,43594.1,36671.0,22214.0,1728.86,-243.785,-4847.26
262.6,6.0583,43648.3,33516.5,21163.5,1720.94,-191.482,-4847.77
262.7,6.04556,43785.5,28278.7,18007.0,1680.26,-180.526,-4976.93
262.8,6.06552,44025.0,22583.7,14179.0,1680.64,-172.686,-5130.72
262.9,6.09311,44046.6,19305.4,10406.2,1655.87,-209.09,-5145.42
263.0,6.09646,43924.2,18678.7,6463.53,1638.14,-248.085,-5053.64
263.1,6.09056,43862.2,15696.0,2466.27,1708.48,-231.062,-4942.84
263.2,6.09319,43898.3,10969.4,-613.832,1820.48,-151.244,-4955.89
263.3,6.09569,43932.1,7293.07,-3027.95,1876.83,-73.5011,-4969.19
263.4,6.10309,43922.7,7391.21,-4027.04,1900.64,-29.8275,-4869.14
263.5,6.08608,43768.4,9656.83,-4356.76,1882.26,-55.18,-4768.07
263.6,6.05646,43690.2,11601.7,-5511.77,1862.64,-102.096,-4814.53
263.7,6.03819,43691.7,9409.11,-7202.58,1808.09,-81.6168,-4884.49
263.8,6.01717,43726.8,5366.63,-9069.98,1778.17,-61.5895,-4939.53
263.9,6.01073,43845.0,3096.13,-10978.7,1735.08,-111.583,-4988.24
264.0,6.01629,43939.4,3943.94,-12335.7,1707.9,-192.907,-5001.64
264.1,6.0152,43968.1,6983.26,-14025.9,1698.16,-232.442,-4943.41
264.2,6.02036,44080.2,11594.8,-15742.8,1734.76,-146.55,-4896.52
264.3,6.02538,44101.8,17350.7,-16886.6,1747.59,-66.2178,-4849.0
264.4,6.02141,44149.6,23357.0,-17013.1,1739.36,-50.9045,-4727.55
264.5,6.02892,44238.6,28051.1,-16027.4,1736.62,-75.2764,-4593.34
264.6,6.04194,44260.3,30981.3,-13984.6,1736.77,-94.943,-4567.65
264.7,6.05931,44274.7,30723.9,-11290.7,1775.85,-111.539,-4612.94
264.8,6.08367,44231.7,29725.7,-7463.21,1817.72,-171.392,-4734.38
264.9,6.09023,44067.6,29035.4,-2355.61,1801.53,-246.608,-4886.6
265.0,6.08354,43961.5,26720.0,3620.61,1799.74,-282.023,-4989.08
265.1,6.07032,43936.6,22588.3,9813.32,1813.01,-281.828,-5081.65
265.2,6.05316,43931.3,16898.1,15023.8,1786.39,-260.926,-5143.07
265.3,6.03906,44006.6,13928.6,19651.5,1804.46,-190.973,-5193.54
265.4,6.01907,43989.7,12089.8,23466.0,1793.03,-171.059,-5038.46
265.5,5.97601,43958.2,10288.7,25097.8,1765.98,-240.069,-4870.02
265.6,5.93967,44086.6,7617.78,23449.0,1787.49,-315.454,-4878.56
265.7,5.92204,44293.9,3877.39,18235.1,1831.02,-283.075,-4926.0
265.8,5.93066,44541.3,1880.97,10750.9,1858.56,-161.704,-4940.86
265.9,5.96394,44693.4,1658.46,3906.37,1884.59,-68.8382,-4973.14
266.0,5.98823,44648.6,1633.1,-654.058,1843.68,-47.7105,-5036.98
266.1,5.99604,44544.2,2098.65,-3377.38,1802.2,-67.7705,-5095.55
266.2,6.00701,44549.5,3977.07,-4699.76,1865.77,-31.2383,-5063.81
266.3,6.02042,44523.6,8020.87,-5958.22,1872.96,-32.8963,-4902.38
266.4,6.02583,44494.1,10701.4,-7125.13,1916.42,-97.8272,-4690.79
266.5,6.0277,44444.3,10973.4,-7453.35,1976.32,-180.444,-4602.13
266.6,6.025,44370.1,12122.7,-7162.14,1988.89,-279.284,-4656.73
266.7,6.02117,44360.0,13974.6,-7895.86,1990.85,-400.547,-4613.38
266.8,6.02923,44374.3,17282.4,-9474.79,1977.73,-400.566,-4588.63
266.9,6.03238,44305.2,18176.1,-12062.9,1967.3,-321.981,-4686.02
267.0,6.021,44257.9,16387.1,-14189.2,1981.78,-157.635,-4877.47
267.1,6.00413,44184.3,14385.1,-13710.2,1981.67,-34.8268,-4978.75
267.2,5.95872,44128.7,14404.5,-11412.1,1991.02,-91.2455,-4959.32
267.3,5.93008,44307.1,16120.4,-9151.77,2030.26,-222.889,-4919.78
267.4,5.92599,44479.2,17377.0,-8398.98,2055.26,-319.023,-4878.48
267.5,5.92592,44586.3,18142.6,-9892.41,2068.41,-328.825,-4842.89
267.6,5.94978,44699.3,18089.2,-11342.7,2089.27,-292.064,-4788.04
267.7,5.98449,44704.5,17330.6,-9931.67,2108.51,-299.553,-4786.8
267.8,6.01686,44664.5,16953.3,-6339.83,2071.24,-358.899,-4898.68
267.9,6.0601,44644.9,18867.3,-1807.41,2036.05,-333.597,-5064.48
268.0,6.08425,44462.3,20471.9,2387.84,1989.6,-195.699,-5094.78
268.1,6.08099,44324.1,22147.6,4931.73,2003.86,-85.0039,-5119.72
268.2,6.08478,44276.4,20999.2,7891.27,2029.66,-12.5,-5150.73
268.3,6.06878,44146.4,19477.8,11452.8,2074.51,-97.6274,-5179.86
268.4,6.04805,44155.7,17294.8,14693.8,2154.17,-226.01,-5072.56
268.5,6.04929,44192.8,15643.7,16996.4,2221.86,-307.289,-4969.69
268.6,6.04647,44156.2,12798.1,18245.0,2237.73,-290.745,-4943.48
268.7,6.04208,44138.2,10542.6,18660.7,2200.17,-224.476,-5016.14
268.8,6.0391,44086.8,9587.95,19867.9,2138.33,-150.373,-5058.71
268.9,6.01764,44029.3,10494.5,20166.0,2054.36,-151.432,-5046.79
269.0,5.996,44072.4,11379.7,17437.6,1976.58,-136.61,-5044.57
269.1,5.98041,44136.1,12548.9,11174.0,1944.0,-48.064,-5077.04
269.2,5.96546,44221.4,14348.7,3187.25,1935.94,108.705,-5020.59
269.3,5.9746,44354.1,16977.1,-2905.95,1941.14,157.344,-4853.7
269.4,5.99286,44398.4,18334.2,-3647.44,1953.88,67.2194,-4724.79
269.5,6.01063,44372.6,18217.7,-415.732,1951.45,-135.029,-4740.15
269.6,6.0353,44392.5,16399.3,3925.28,1987.11,-276.52,-4775.89
269.7,6.06388,44363.7,14669.7,6911.07,1985.9,-268.145,-4779.02
269.8,6.07519,44285.4,13154.5,6779.27,1945.82,-217.322,-4790.31
269.9,6.07852,44210.8,11418.8,4724.91,1893.74,-169.067,-4870.56
270.0,6.08044,44198.5,9498.16,2705.93,1928.9,-136.067,-4971.51
270.1,6.0874,44163.5,7753.33,1179.24,1951.39,-128.56,-5019.2
270.2,6.10013,44099.6,7263.28,603.746,2037.29,-135.055,-5061.54
270.3,6.10041,43941.9,8414.75,546.011,2121.96,-162.711,-5066.07
270.4,6.07933,43757.3,11977.2,-322.448,2170.64,-205.025,-5026.08
270.5,6.04553,43663.5,16445.2,-1272.7,2160.25,-194.275,-4906.64
270.6,6.01622,43766.5,20244.5,-1430.17,2169.65,-166.629,-4844.64
270.7,6.01438,43982.4,22230.9,-131.74,2154.8,-169.208,-4890.66
270.8,6.03894,44110.1,22758.5,3129.86,2131.33,-212.781,-4993.55
270.9,6.04587,44043.0,23117.6,6870.62,2136.51,-271.632,-5087.24
271.0,6.03846,43964.1,23546.2,9576.42,2153.22,-270.005,-5157.77
271.1,6.0308,43954.0,22234.8,11000.2,2165.64,-206.465,-5188.31
271.2,6.0408,44122.8,19755.9,12211.5,2225.8,-107.975,-5241.31
271.3,6.09397,44309.2,18159.0,14206.9,2284.5,-98.1387,-5267.19
271.4,6.15436,44262.4,15302.1,17364.1,2334.97,-175.184,-5138.21
271.5,6.18609,43977.7,13101.9,19925.3,2312.27,-273.387,-5062.05
271.6,6.18375,43683.7,9931.61,20478.1,2293.11,-303.315,-5044.01
271.7,6.16459,43535.8,6805.45,18010.1,2235.6,-276.046,-5012.93
271.8,6.16708,43633.0,5221.2,14231.5,2190.98,-163.932,-4992.47
271.9,6.19543,43699.4,4586.15,11627.4,2179.67,-67.3656,-5003.04
272.0,6.20836,43531.0,4561.84,11034.4,2149.08,-71.4189,-5048.46
272.1,6.19266,43282.2,3626.05,12304.1,2175.96,-113.569,-5071.26
272.2,6.14648,43052.2,4313.98,12897.1,2152.79,-180.919,-5084.06
272.3,6.10234,43130.9,5940.59,11131.3,2155.21,-189.871,-5003.95
272.4,6.10274,43382.1,8125.02,7983.46,2132.47,-141.271,-4861.54
272.5,6.12265,43529.2,9543.11,6147.21,2082.26,-94.6623,-4773.05
272.6,6.15523,43547.7,8723.35,7834.24,2080.67,-119.672,-4805.62
272.7,6.17477,43387.2,5816.61,12821.2,2103.37,-230.194,-4877.35
272.8,6.17458,43220.2,1687.03,17623.7,2134.81,-356.662,-4918.1
272.9,6.17935,43222.2,-1529.35,19128.6,2150.99,-340.542,-4990.38
273.0,6.20572,43301.6,-4130.09,16569.5,2162.57,-217.992,-5036.61
273.1,6.24347,43340.8,-5677.04,12514.9,2162.73,-64.6694,-5045.5
273.2,6.28739,43257.4,-6562.91,10790.2,2185.26,10.1637,-5031.87
273.3,6.30829,42986.2,-6583.22,12415.2,2215.47,-104.073,-5055.67
273.4,6.30245,42765.4,-5941.27,15646.5,2248.38,-259.252,-5062.46
273.5,6.28112,42597.1,-2600.43,16461.7,2228.13,-392.187,-5026.23
273.6,6.24495,42568.5,2082.21,12679.9,2187.43,-384.367,-4890.11
273.7,6.22742,42700.7,5835.11,5996.0,2149.97,-221.777,-4758.53
273.8,6.22464,42780.6,7077.68,1224.11,2129.17,-54.36,-4759.82
273.9,6.22608,42788.9,6559.02,1058.86,2181.05,-68.7178,-4871.21
274.0,6.22452,42723.6,6615.26,4649.32,2185.47,-201.406,-4965.36
274.1,6.21638,42643.6,8080.19,8117.17,2218.62,-311.621,-5010.26
274.2,6.21136,42675.9,9967.59,8283.85,2262.42,-240.052,-5081.8
274.3,6.24515,42841.1,11024.0,7094.21,2342.84,-30.1105,-5154.66
274.4,6.28764,42817.6,9226.15,8572.28,2377.14,52.635,-5123.97
274.5,6.33043,42770.4,7412.87,14346.1,2474.21,-82.6465,-5157.55
274.6,6.37301,42569.4,5887.85,21693.1,2475.39,-345.31,-5169.09
274.7,6.37863,42301.1,6663.68,26055.6,2394.96,-469.522,-5147.52
274.8,6.37729,42206.2,7705.2,24013.6,2280.45,-385.283,-5035.62
274.9,6.39706,42253.2,8613.44,18559.6,2230.9,-145.977,-4992.22
275.0,6.42504,42239.0,7978.53,14191.8,2224.13,41.018,-5040.07
275.1,6.44214,42100.6,6988.16,14668.7,2222.28,89.4339,-5128.26
275.2,6.42742,41838.6,5985.78,18959.1,2280.35,-37.6281,-5170.52
275.3,6.39078,41702.8,4007.9,23467.5,2337.24,-134.271,-5158.57
275.4,6.35438,41722.2,1464.27,24271.9,2346.72,-131.659,-5179.44
275.5,6.34165,41880.8,-652.292,22149.3,2384.36,-30.3775,-5174.75
275.6,6.36993,42069.1,-2155.77,20161.0,2414.91,18.682,-5044.62
275.7,6.41391,42042.5,-3676.92,20750.7,2372.56,-92.4415,-4909.83
275.8,6.44217,41816.0,-6765.01,24183.2,2324.4,-219.892,-4923.22
275.9,6.4495,41571.7,-9298.04,26598.2,2283.36,-310.013,-5039.71
276.0,6.45607,41483.6,-9503.97,24536.3,2222.41,-276.35,-5033.05
276.1,6.48005,41518.1,-9486.66,18439.7,2199.38,-71.8992,-4898.51
276.2,6.51016,41496.0,-9975.1,11490.9,2182.46,174.562,-4918.25
276.3,6.52326,41343.9,-11349.0,6322.71,2115.01,222.409,-5031.41
276.4,6.51318,41189.8,-10821.5,4461.2,2074.73,110.315,-5046.15
276.5,6.4951,41108.9,-7485.67,3912.79,2073.43,-58.5615,-4924.72
276.6,6.48565,41186.3,-3846.07,2251.26,2068.59,-151.453,-4809.71
276.7,6.49948,41299.7,-4220.9,3.70998,2095.71,-107.602,-4781.8
276.8,6.5118,41259.7,-6842.65,-1815.78,2122.56,-89.0589,-4823.37
276.9,6.51468,41178.9,-6899.81,-2018.19,2134.15,-122.995,-4852.04
277.0,6.51243,41076.3,-3340.11,-935.42,2117.74,-171.959,-4805.61
277.1,6.51484,41047.5,127.568,-649.837,2145.11,-171.621,-4759.56
277.2,6.52839,41027.4,1643.59,-3267.99,2148.25,-120.724,-4859.12
277.3,6.54179,40929.7,2136.67,-7054.15,2112.74,27.5241,-4984.05
277.4,6.53973,40791.8,3275.28,-10303.5,2130.35,109.243,-4953.35
277.5,6.53952,40816.4,5938.98,-11455.7,2125.04,51.9151,-4890.12
277.6,6.54934,40836.9,6730.04,-9978.08,2146.63,-82.1471,-4902.78
277.7,6.55596,40818.6,5238.83,-8008.54,2145.48,-205.799,-4953.19
277.8,6.5631,40842.5,5526.06,-7928.85,2128.91,-258.968,-4977.14
277.9,6.57197,40813.6,5194.76,-9863.87,2129.27,-235.224,-4793.55
278.0,6.56432,40769.9,5036.15,-13638.7,2071.2,-198.27,-4706.59
278.1,6.56255,40834.2,5335.55,-16586.5,2001.93,-75.0798,-4829.25
278.2,6.57343,40836.2,8234.05,-15477.0,1920.73,64.0133,-4955.65
278.3,6.5744,40808.0,14319.6,-10542.0,1845.74,42.9575,-4933.84
278.4,6.57877,40823.1,19073.7,-3485.41,1842.24,-108.204,-4875.33
278.5,6.57102,40769.3,20694.1,3035.7,1878.72,-220.972,-4976.96
278.6,6.54769,40730.5,19140.1,5665.46,1888.17,-262.336,-5030.44
278.7,6.54127,40832.2,18725.3,5662.19,1882.34,-237.123,-4938.98
278.8,6.56792,40922.5,16396.0,6642.97,1920.87,-212.02,-4756.25
278.9,6.60656,40926.4,11338.8,9139.78,1905.78,-311.631,-4785.07
279.0,6.64151,40885.6,6443.19,12729.9,1859.88,-391.791,-5023.29
279.1,6.63444,40706.6,3147.87,14118.7,1804.49,-410.087,-5073.56
279.2,6.59183,40685.9,1486.54,11105.2,1745.75,-264.97,-4925.82
279.3,6.56623,40751.4,-2048.86,4706.89,1683.04,-73.834,-4882.56
279.4,6.5506,40792.0,-8389.19,-1757.23,1683.25,63.54,-5014.98
279.5,6.55193,40821.2,-11409.9,-7469.53,1688.53,-16.2527,-5090.34
279.6,6.55256,40789.5,-7353.13,-9897.49,1648.06,-123.907,-4945.31
279.7,6.52848,40706.7,-2527.95,-9601.06,1605.28,-198.69,-4717.51
279.8,6.49429,40717.8,-644.437,-9421.06,1549.18,-331.752,-4753.88
279.9,6.49729,40868.4,-882.067,-9444.43,1555.79,-370.718,-4941.6
280.0,6.52489,40931.1,2865.39,-9455.67,1583.96,-294.769,-4937.7
280.1,6.55035,40938.1,8984.5,-10323.2,1590.48,-274.578,-4671.18
280.2,6.56634,40829.8,12525.2,-10963.2,1618.93,-288.501,-4580.91
280.3,6.55524,40748.4,9083.61,-11020.8,1657.99,-247.028,-4746.9
280.4,6.53921,40778.5,4884.55,-12131.4,1652.45,-229.509,-4936.79
280.5,6.53894,40820.3,3295.57,-14011.5,1591.6,-228.908,-4846.47
280.6,6.54435,40828.1,3525.23,-15772.4,1563.14,-207.864,-4699.27
280.7,6.54895,40814.3,-1109.98,-18099.9,1581.74,-254.347,-4722.96
280.8,6.54436,40781.0,-5783.17,-20300.8,1581.63,-289.629,-5003.08
280.9,6.5229,40712.1,-6663.09,-20827.2,1575.85,-240.344,-5074.24
281.0,6.48184,40684.9,112.051,-20416.7,1530.94,-271.006,-4906.23
281.1,6.46043,40802.1,6179.03,-18822.6,1529.05,-313.735,-4736.63
281.2,6.46249,41008.7,8784.26,-15807.4,1540.64,-298.32,-4827.06
281.3,6.46283,41088.0,10445.9,-12990.4,1581.64,-277.284,-4932.04
281.4,6.46363,41085.1,16398.0,-10508.6,1568.0,-263.279,-4834.79
281.5,6.45359,41031.2,23193.4,-7463.29,1562.92,-264.337,-4623.97
281.6,6.43992,41080.6,25611.6,-4651.3,1538.63,-316.017,-4661.04
281.7,6.45184,41221.0,22665.4,-3193.7,1522.23,-397.892,-4903.08
281.8,6.47866,41299.7,20631.3,-1907.52,1497.81,-324.265,-5049.04
281.9,6.50027,41271.8,22127.1,-1694.01,1484.62,-281.381,-4950.48
282.0,6.51313,41186.9,21908.6,-1036.72,1439.52,-228.137,-4842.79
282.1,6.49957,41008.0,17164.2,-435.676,1411.87,-264.099,-4944.36
282.2,6.46367,40987.2,10671.7,-475.887,1390.27,-240.878,-5070.24
282.3,6.44613,41122.2,10119.3,-3053.39,1362.85,-223.628,-4981.76
282.4,6.45339,41306.4,12144.2,-5790.73,1408.64,-99.8838,-4661.97
282.5,6.45308,41305.7,12209.2,-8824.28,1475.42,-82.769,-4556.52
282.6,6.44006,41243.3,11630.8,-10523.5,1549.27,-123.543,-4828.08
282.7,6.40932,41177.6,11514.2,-10021.7,1590.25,-149.569,-4947.99
282.8,6.37183,41243.2,15038.6,-8559.8,1572.8,-184.523,-4838.99
282.9,6.36165,41481.1,16406.2,-7519.31,1577.21,-237.724,-4775.77
283.0,6.37369,41634.7,13614.5,-6146.83,1555.81,-189.187,-4985.71
283.1,6.36458,41599.6,10290.4,-5551.3,1516.88,-153.312,-5143.43
283.2,6.35163,41609.3,10461.1,-4811.6,1500.17,-113.333,-4996.32
283.3,6.33544,41610.2,12590.0,-3487.14,1446.17,-131.965,-4761.45
283.4,6.31723,41716.7,11938.4,-2621.92,1422.73,-180.003,-4759.21
283.5,6.32617,41908.0,7161.73,-2850.67,1435.99,-204.329,-4882.09
283.6,6.33654,41976.3,2763.94,-4512.31,1498.43,-190.925,-4914.28
283.7,6.33761,41980.4,511.933,-7963.31,1550.77,-154.228,-4839.98
283.8,6.33771,41994.6,-1432.4,-11727.3,1598.73,-92.2451,-4868.42
283.9,6.32518,41958.4,-4895.79,-14949.1,1619.06,-42.3675,-4988.88
284.0,6.31216,42036.1,-6811.66,-17222.2,1624.85,-21.0604,-5073.65
284.1,6.31166,42122.8,-7680.8,-17672.9,1608.8,8.06244,-4945.42
284.2,6.30578,42140.4,-7136.61,-16486.9,1626.29,22.6622,-4833.13
284.3,6.28859,42105.5,-9271.98,-15202.8,1658.77,-50.0684,-4810.93
284.4,6.2553,42066.4,-11401.3,-14338.2,1674.41,-129.972,-4883.14
284.5,6.2068,42089.6,-9342.11,-14951.6,1638.97,-194.791,-4916.85
284.6,6.16698,42309.7,-3781.41,-16961.9,1583.95,-188.477,-4830.62
284.7,6.15787,42584.9,2004.04,-19360.5,1548.34,-161.721,-4808.79
284.8,6.16141,42774.8,6160.41,-20327.8,1555.18,-95.9045,-4947.28
284.9,6.16619,42874.2,9736.51,-20047.4,1602.43,-88.646,-5035.29
285.0,6.16022,42871.3,15193.2,-18827.4,1626.24,-105.155,-4939.67
285.1,6.14061,42906.4,19281.1,-18431.9,1666.43,-134.051,-4737.81
285.2,6.12688,43044.0,20523.4,-19625.8,1641.11,-130.314,-4692.91
285.3,6.13683,43269.5,19092.9,-20451.8,1627.86,-56.9272,-4769.0
285.4,6.16327,43405.1,18032.1,-19740.0,1614.33,-80.9222,-4772.14
285.5,6.1918,43398.8,16527.8,-16699.2,1611.01,-179.271,-4708.46
285.6,6.21089,43273.1,14900.1,-11957.2,1657.41,-274.41,-4848.03
285.7,6.20768,43135.5,10452.1,-7732.06,1745.17,-301.206,-5035.35
285.8,6.20021,43092.7,8338.73,-6819.1,1838.31,-317.909,-5115.19
285.9,6.19547,43116.4,8797.81,-8372.43,1931.53,-252.848,-4999.6
286.0,6.19485,43167.3,9036.38,-10916.5,2059.44,-150.857,-4867.48
286.1,6.1929,43138.0,8120.17,-12912.1,2093.89,-129.473,-4891.61
286.2,6.18335,43101.8,6085.25,-11919.3,2139.49,-109.994,-4952.19
286.3,6.16206,43025.3,6835.13,-9428.72,2099.88,-184.195,-4913.12
286.4,6.14,43062.3,9805.84,-7112.12,2025.7,-270.232,-4836.59
286.5,6.12766,43148.8,10587.8,-5536.18,1915.26,-280.264,-4834.61
286.6,6.12108,43260.7,7830.89,-4748.5,1862.33,-240.865,-4966.18
286.7,6.13115,43381.4,3450.05,-3864.05,1839.36,-225.176,-5073.1
286.8,6.14175,43398.0,2901.52,-2441.52,1812.68,-289.727,-5136.42
286.9,6.14612,43395.1,3682.79,-1355.1,1811.66,-356.063,-5067.38
287.0,6.1596,43437.4,2226.36,-1652.83,1871.38,-335.975,-4993.54
287.1,6.18292,43459.3,-1703.35,-3880.81,1925.68,-242.009,-5016.61
287.2,6.2094,43439.8,-3985.74,-7072.56,1918.68,-120.942,-5046.19
287.3,6.233,43350.4,-2617.82,-9442.07,1895.77,-50.6426,-4910.55
287.4,6.24474,43198.8,-121.674,-10796.6,1871.98,-119.515,-4727.45
287.5,6.24349,43070.7,-228.67,-12325.0,1805.74,-236.034,-4730.44
287.6,6.23616,42985.1,-3064.7,-14039.5,1746.18,-228.137,-4893.87
287.7,6.22281,42919.3,-3476.39,-14546.9,1724.42,-128.363,-5011.56
287.8,6.20736,42926.0,-1398.05,-12884.2,1745.28,-139.184,-4936.95
287.9,6.19401,42905.4,1972.35,-8914.13,1756.41,-268.147,-4893.96
288.0,6.15826,42828.2,2868.1,-4109.27,1793.9,-334.552,-4945.08
288.1,6.11729,42876.0,4412.44,-1181.78,1836.15,-311.925,-4990.67
288.2,6.10023,43081.7,7280.03,-64.3043,1882.24,-252.22,-4830.99
288.3,6.10149,43237.5,9911.36,384.316,1921.04,-258.419,-4624.9
288.4,6.11461,43359.9,9906.81,1515.9,1971.98,-292.155,-4652.63
288.5,6.12678,43347.4,6588.78,3341.89,1964.98,-342.701,-4800.4
288.6,6.12909,43322.0,4403.0,4748.24,1960.16,-379.099,-4931.59
288.7,6.14927,43411.2,4343.77,4944.98,1946.87,-362.128,-4950.83
288.8,6.19324,43491.3,5215.6,4652.44,1957.91,-292.492,-4967.53
288.9,6.23637,43416.7,4676.72,4689.9,1970.9,-248.782,-5021.09
289.0,6.25759,43217.6,3748.09,6440.25,2006.4,-231.068,-5059.81
289.1,6.25675,43013.2,2963.52,10024.4,2109.72,-273.586,-4987.85
289.2,6.23922,42893.3,2448.28,13986.9,2149.8,-345.732,-4870.95
289.3,6.22424,42921.2,670.923,16883.4,2187.96,-384.008,-4836.98
289.4,6.22016,42971.4,-1415.4,18504.8,2212.27,-333.497,-4930.05
289.5,6.21366,42986.8,-1409.67,18720.3,2193.67,-270.411,-5028.85
289.6,6.20827,42946.4,695.833,18337.5,2156.58,-240.599,-5047.87
289.7,6.19162,42879.3,2688.92,17817.1,2104.09,-223.92,-5057.42
289.8,6.18401,42951.0,856.213,16515.2,2147.55,-191.74,-5100.98
289.9,6.20566,43053.4,-2748.51,13767.4,2182.7,-152.182,-5167.13
290.0,6.24003,43070.2,-3228.47,10953.8,2175.78,-79.6687,-5153.31
290.1,6.26139,42952.7,459.822,9412.42,2194.74,-32.9365,-5001.16
290.2,6.27838,42799.0,3494.04,10213.3,2174.52,-87.5807,-4818.95
290.3,6.28358,42697.4,4380.07,12145.5,2137.77,-248.283,-4867.38
290.4,6.29974,42715.1,2934.11,13507.3,2093.66,-322.802,-4978.82
290.5,6.33176,42715.2,4730.62,12465.2,2027.69,-332.547,-4985.27
290.6,6.35546,42636.4,8518.4,10252.2,1959.04,-237.887,-4838.77
290.7,6.37306,42499.0,8973.82,8733.88,1951.0,-175.43,-4782.78
290.8,6.37061,42335.4,5771.39,9506.42,1957.93,-182.265,-4996.49
290.9,6.34842,42209.3,2897.15,11067.4,1925.62,-229.163,-5184.42
291.0,6.32764,42213.2,2582.59,12844.0,1938.81,-185.144,-5076.06
291.1,6.30213,42221.5,5213.9,13483.0,1914.2,-139.029,-4919.27
291.2,6.29192,42317.5,5886.15,13880.1,1920.62,-96.9683,-4929.85
291.3,6.29338,42309.8,4588.79,16434.2,1902.92,-79.6679,-5026.84
291.4,6.2778,42219.0,4097.1,20214.6,1875.36,-201.752,-5000.67
291.5,6.27371,42245.0,4279.93,23488.5,1839.76,-342.658,-4855.88
291.6,6.27895,42235.5,5040.07,24071.2,1761.41,-411.256,-4846.08
291.7,6.28302,42274.9,3066.45,21252.5,1795.69,-306.446,-4929.28
291.8,6.30751,42330.6,479.849,16405.3,1804.02,-156.595,-4976.67
291.9,6.32732,42271.8,-907.664,12492.0,1811.41,-49.7481,-4971.18
292.0,6.33101,42180.9,-1203.94,10341.9,1838.04,-36.9381,-4956.48
292.1,6.32984,42132.6,-1793.57,9174.12,1850.0,-95.6505,-4956.56
292.2,6.3225,42118.9,-2063.08,8790.24,1846.56,-98.8917,-5007.37
292.3,6.32109,42189.5,-1855.07,9346.92,1879.63,-72.0508,-5002.95
292.4,6.32918,42232.7,-1777.71,11518.9,1896.41,-137.176,-4932.62
292.5,6.32759,42206.7,-1157.09,15786.3,1887.65,-278.598,-4966.36
292.6,6.31883,42149.0,-1782.65,20330.1,1878.7,-441.214,-4995.57
292.7,6.30049,42142.0,-77.0473,23275.7,1835.32,-470.0,-5027.94
292.8,6.29181,42187.4,3852.34,23799.2,1788.37,-366.593,-5002.16
292.9,6.29039,42253.0,7104.17,22526.0,1781.41,-255.34,-4932.26
293.0,6.28986,42251.3,6980.54,20494.8,1802.45,-206.058,-4904.54
293.1,6.27855,42198.6,6592.55,19176.9,1794.73,-169.995,-4986.47
293.2,6.24816,42126.4,9106.44,17506.3,1729.02,-210.608,-5036.63
293.3,6.22603,42250.7,12374.0,15250.8,1694.08,-256.324,-4914.84
293.4,6.23645,42483.5,13597.2,13530.6,1669.03,-255.888,-4840.97
293.5,6.26003,42606.8,11596.6,13290.4,1644.73,-238.383,-4972.06
293.6,6.28523,42619.2,8723.66,15106.8,1628.21,-288.687,-5110.31
293.7,6.2907,42505.5,6522.21,18050.9,1615.5,-400.686,-5037.97
293.8,6.27729,42456.2,7460.8,19901.8,1584.92,-466.648,-4973.48
293.9,6.27634,42562.8,6669.75,19332.3,1578.77,-390.24,-4965.0
294.0,6.28269,42620.6,4432.43,17035.0,1564.52,-238.143,-5012.8
294.1,6.2862,42640.5,3416.39,14758.3,1582.42,-146.361,-5051.82
294.2,6.28466,42585.5,5966.3,13567.5,1611.7,-171.194,-5030.72
294.3,6.27156,42495.2,8748.37,13957.5,1639.54,-200.415,-4977.44
294.4,6.24705,42430.7,9157.1,14291.0,1642.67,-256.877,-5000.49
294.5,6.21827,42492.9,8322.86,13059.1,1621.92,-293.714,-5104.66
294.6,6.21707,42638.2,8742.81,11105.6,1561.28,-243.173,-5093.98
294.7,6.2193,42713.8,8833.46,9915.35,1547.54,-170.225,-4897.64
294.8,6.22752,42752.3,6368.32,10293.4,1566.62,-177.608,-4815.8
294.9,6.22428,42654.6,2430.98,11640.3,1563.51,-293.103,-4968.99
295.0,6.19162,42562.1,1164.13,11627.9,1475.86,-362.638,-5064.93
295.1,6.16421,42668.8,4939.53,8087.12,1434.33,-328.833,-4928.87
295.2,6.1716,42906.9,8918.72,3300.88,1439.54,-171.525,-4747.67
295.3,6.19539,43054.7,9723.84,-475.189,1492.16,-106.999,-4812.33
295.4,6.21975,43049.2,8190.37,-1156.4,1567.11,-161.036,-4965.23
295.5,6.22578,42909.4,9645.69,1479.45,1599.69,-250.313,-4949.72
295.6,6.20214,42791.8,11708.5,5006.08,1572.15,-312.967,-4746.6
295.7,6.18189,42860.7,10762.8,7414.2,1527.22,-324.011,-4709.08
295.8,6.18442,43050.7,5080.63,9076.9,1534.02,-271.285,-4886.25
295.9,6.196,43139.5,-1432.97,9939.94,1557.43,-256.476,-4994.62
296.0,6.20371,43116.2,-3762.3,11494.7,1596.47,-253.478,-5008.15
296.1,6.18525,42931.1,-6087.88,13060.8,1630.83,-327.341,-4978.91
296.2,6.1401,42864.4,-8093.26,13153.2,1646.79,-360.465,-5149.88
296.3,6.11262,42992.0,-8390.68,10305.2,1636.88,-344.37,-5280.87
296.4,6.10734,43215.2,-4349.18,4755.41,1635.56,-269.204,-5138.78
296.5,6.12661,43420.4,1390.27,-1340.72,1659.13,-133.637,-4848.44
296.6,6.15644,43419.9,4067.25,-4403.57,1723.77,-49.7912,-4750.72
296.7,6.14016,43206.8,2699.67,-3964.57,1764.25,-125.816,-4846.66
296.8,6.10886,43169.9,3064.04,-1688.35,1794.73,-263.53,-4949.17
296.9,6.08848,43280.2,6422.95,128.174,1775.67,-331.522,-4876.63
297.0,6.08118,43523.7,8329.02,-365.368,1771.28,-272.847,-4797.76
297.1,6.11899,43778.1,6241.88,-1059.99,1826.37,-138.955,-4962.55
297.2,6.15668,43736.7,4374.61,1540.52,1842.08,-67.1795,-5213.99
297.3,6.15983,43517.2,3983.4,7546.42,1845.23,-153.99,-5142.94
297.4,6.13723,43349.8,5195.03,14928.3,1820.91,-307.134,-4934.51
297.5,6.10475,43357.5,5011.36,19980.7,1799.45,-369.577,-4914.5
297.6,6.08793,43536.6,4139.21,20234.5,1747.06,-287.153,-5000.48
297.7,6.09739,43719.5,2836.31,17411.9,1746.26,-165.719,-4869.55
297.8,6.09836,43730.1,5520.37,14784.3,1744.95,-112.902,-4757.74
297.9,6.08598,43625.2,7838.91,13300.2,1731.99,-211.505,-4768.35
298.0,6.06386,43587.9,6638.51,12854.1,1796.82,-306.378,-4878.61
298.1,6.04413,43637.9,6157.82,11314.9,1798.86,-307.619,-5053.29
298.2,6.0538,43845.1,7499.17,9173.57,1792.51,-172.849,-5074.27
298.3,6.07443,43902.7,9483.9,6494.3,1752.21,-153.482,-4928.19
298.4,6.0895,43895.6,8487.47,5070.73,1775.46,-176.419,-4842.01
298.5,6.09595,43799.7,5914.77,5032.71,1841.83,-228.424,-4919.25
298.6,6.08814,43726.3,4833.32,5845.79,1906.06,-252.227,-4952.84
298.7,6.08495,43743.5,6333.42,6640.73,1898.96,-296.628,-4826.62
298.8,6.08464,43801.2,8559.16,7594.58,1867.02,-323.301,-4789.33
298.9,6.09053,43831.4,8581.66,9014.77,1838.26,-300.598,-4929.83
299.0,6.08551,43789.4,9111.12,9491.97,1792.43,-353.568,-5089.89
299.1,6.06871,43758.7,11429.6,9004.44,1757.68,-353.271,-5045.68
299.2,6.04026,43747.7,14312.3,7550.16,1738.74,-292.852,-4901.57
299.3,6.00661,43827.3,14804.0,4740.92,1730.31,-253.52,-4863.7
299.4,5.99482,44044.8,14150.5,2283.93,1728.18,-204.997,-4934.54
299.5,5.99095,44150.3,14111.1,605.589,1748.93,-225.749,-4886.44
299.6,5.98398,44212.5,15863.0,-645.465,1758.74,-288.863,-4758.58
299.7,5.97383,44221.0,17153.4,-1947.53,1730.35,-332.061,-4746.51
299.8,5.96443,44260.0,16865.1,-2602.09,1718.49,-296.185,-4856.28
299.9,5.9697,44383.9,16300.4,-2726.27,1701.31,-279.124,-4915.95
300.0,5.99941,44509.3,17705.0,-2066.8,1679.62,-350.971,-4892.75
300.1,6.02994,44490.1,17956.6,-386.592,1723.87,-383.023,-4834.21
300.2,6.04121,44337.3,16794.5,955.734,1734.37,-368.142,-4883.22
300.3,6.03941,44239.0,15394.0,3282.65,1743.17,-263.646,-5004.99
300.4,6.02805,44176.4,14263.5,7252.91,1761.44,-224.836,-4984.99
300.5,6.01564,44228.5,14455.1,13799.4,1739.48,-255.317,-4943.23
300.6,6.00361,44278.7,12870.1,21602.5,1718.33,-355.67,-4992.09
300.7,5.97245,44241.6,8628.31,27546.8,1664.12,-476.525,-5089.81
300.8,5.93453,44334.4,5305.25,30027.1,1656.89,-488.251,-5170.25
300.9,5.91572,44500.8,3508.73,29931.0,1678.39,-404.003,-5113.51
301.0,5.91193,44678.0,3336.26,29106.0,1685.94,-344.779,-5064.05
301.1,5.9153,44780.1,3094.53,27713.3,1685.64,-411.266,-5091.48
301.2,5.91998,44806.8,4158.1,25433.9,1710.15,-448.513,-5143.36
301.3,5.91664,44795.2,7606.95,21281.2,1721.07,-337.381,-5076.21
301.4,5.91438,44816.5,10040.3,15344.8,1738.8,-176.102,-4884.12
301.5,5.92028,44876.1,10539.7,10509.2,1741.92,-53.7129,-4832.47
301.6,5.92145,44874.9,10171.9,7823.22,1685.35,-102.018,-4906.35
301.7,5.91684,44883.5,9781.76,7219.49,1617.81,-225.141,-4876.13
301.8,5.92213,44933.8,8868.25,6757.42,1592.07,-358.088,-4771.46
301.9,5.93,44985.2,5061.55,4683.17,1608.14,-406.944,-4793.06
302.0,5.9408,44997.4,-95.2734,1523.79,1611.37,-320.535,-5001.81
302.1,5.93684,44942.7,-2230.0,-1391.15,1656.57,-241.725,-5119.79
302.2,5.92557,44960.6,-75.9926,-3258.5,1694.85,-217.234,-4985.53
302.3,5.91929,44998.8,2087.81,-4317.78,1724.27,-211.77,-4814.9
302.4,5.90555,44999.5,1688.94,-6401.29,1786.12,-202.543,-4865.54
302.5,5.89314,45051.3,789.309,-10378.2,1848.6,-136.376,-4968.73
302.6,5.88526,45032.3,3491.99,-15241.8,1853.2,-97.7038,-4863.88
302.7,5.8706,45017.2,8668.74,-18149.3,1796.3,-83.8828,-4679.76
302.8,5.86236,45059.3,9421.05,-17958.9,1774.31,-167.543,-4667.0
302.9,5.86602,45074.1,6723.65,-15385.9,1731.45,-306.784,-4929.15
303.0,5.87807,45113.3,6868.06,-12317.9,1723.66,-347.825,-5153.35
303.1,5.88769,45065.7,12332.0,-10216.0,1658.73,-270.978,-5050.64
303.2,5.88162,45029.3,17294.9,-8326.15,1632.01,-138.059,-4834.8
303.3,5.87435,45046.6,14904.3,-4832.18,1675.78,-43.6709,-4842.91
303.4,5.87809,45094.0,7222.32,624.459,1789.57,-59.7163,-5051.4
303.5,5.8914,45107.0,4187.64,6052.4,1858.64,-170.694,-5138.66
303.6,5.90151,45080.4,7699.99,9408.84,1891.88,-248.945,-4957.53
303.7,5.89797,45034.4,10448.6,10021.5,1922.59,-226.99,-4813.06
303.8,5.88538,45027.3,7174.97,9231.22,1922.77,-150.839,-4985.06
303.9,5.88634,45092.9,3318.88,9454.22,1946.45,-106.941,-5286.26
304.0,5.90808,45151.6,2889.45,11446.1,1987.96,-125.678,-5190.4
304.1,5.93657,45132.1,4265.2,14137.1,2028.99,-156.102,-4883.21
304.2,5.92996,44992.6,2618.78,14845.5,2060.61,-165.671,-4853.67
304.3,5.89148,44927.5,-5608.65,12104.8,2132.26,-80.827,-4965.81
304.4,5.85143,44954.6,-11588.1,7229.38,2148.07,50.9506,-4972.58
304.5,5.82836,45034.2,-12475.9,2011.91,2127.6,95.7765,-4775.49
304.6,5.83876,45135.7,-12540.4,-687.788,2082.32,87.3339,-4679.59
304.7,5.86139,45116.4,-15962.6,-939.544,2103.21,-6.564,-4877.83
304.8,5.86823,45052.8,-20055.8,1.83267,2092.41,-66.4802,-5126.8
304.9,5.85298,44989.6,-20174.4,169.245,2076.07,-79.1817,-5100.72
305.0,5.83379,45018.0,-16975.4,-1106.31,2076.79,-61.1225,-4883.15
305.1,5.84156,45145.5,-15366.5,-3537.69,2102.8,-19.4455,-4762.62
305.2,5.88072,45187.9,-17569.4,-5643.05,2137.93,13.797,-4791.8
305.3,5.9095,45123.4,-18135.6,-6260.98,2175.98,35.9588,-4851.91
305.4,5.92004,45067.6,-15536.2,-5724.23,2247.44,-2.707,-4784.37
305.5,5.90454,44991.9,-11499.5,-6401.68,2273.38,-136.144,-4723.95
305.6,5.89768,45075.2,-9732.32,-8452.27,2316.8,-115.503,-4854.37
305.7,5.91382,45138.6,-8783.12,-12425.9,2364.3,-44.324,-5052.86
305.8,5.94088,45143.2,-6888.45,-16183.3,2352.4,25.8682,-5054.28
305.9,5.96118,45097.1,-3507.96,-18006.5,2364.84,-4.14563,-4923.02
306.0,5.95042,44980.8,-818.074,-17838.1,2338.68,-83.1055,-4860.54
306.1,5.91939,44831.0,1188.78,-18316.7,2338.55,-173.611,-4911.0
306.2,5.89548,44878.7,6249.79,-20677.2,2306.43,-183.473,-4881.85
306.3,5.88242,45020.8,12302.6,-24499.4,2270.56,-96.9064,-4646.24
306.4,5.89361,45129.6,17208.8,-26825.4,2261.76,16.1623,-4532.08
306.5,5.91208,45110.0,19312.0,-25418.7,2257.04,-3.82562,-4689.5
306.6,5.92404,45085.6,18359.9,-20414.6,2268.18,-138.325,-4817.41
306.7,5.93425,45050.3,17561.7,-14717.8,2302.85,-279.411,-4802.86
306.8,5.94586,45015.7,17075.8,-12087.0,2312.35,-340.53,-4813.03
306.9,5.97432,45083.2,15154.5,-13171.9,2334.77,-278.844,-4898.56
307.0,6.02299,45106.0,12768.4,-14770.2,2391.6,-149.211,-4966.33
307.1,6.0799,44986.5,10366.5,-12881.7,2468.15,-81.5319,-4917.42
307.2,6.124,44717.7,8678.86,-6953.99,2515.19,-178.857,-4883.51
307.3,6.14954,44385.4,8226.28,686.244,2548.85,-327.237,-4959.3
307.4,6.15408,44102.6,9444.37,6940.38,2563.05,-346.763,-4998.48
307.5,6.14663,43917.9,10556.5,9576.95,2525.08,-266.636,-4895.41
307.6,6.13698,43824.5,9937.95,10068.2,2482.18,-184.592,-4851.7
307.7,6.13437,43813.7,6905.23,10756.0,2502.03,-177.023,-4962.11
307.8,6.14409,43789.7,3817.01,12864.6,2508.45,-226.663,-5089.59
307.9,6.15195,43687.6,1219.29,15098.1,2534.21,-307.938,-5061.53
308.0,6.13158,43474.5,-1532.25,13726.4,2482.59,-381.036,-5004.16
308.1,6.11231,43479.4,-5354.6,8627.45,2519.77,-252.717,-5038.18
308.2,6.1199,43576.7,-9458.21,1970.29,2529.11,-28.5765,-5011.24
308.3,6.14706,43681.1,-11621.5,-3388.86,2516.47,90.0287,-4902.16
308.4,6.19612,43666.8,-12371.2,-5177.34,2485.17,35.7546,-4768.05
308.5,6.22508,43433.5,-13327.4,-4252.28,2434.86,-116.445,-4739.37
308.6,6.24027,43245.9,-14028.5,-2730.52,2395.96,-182.835,-4836.66
308.7,6.26359,43141.2,-13834.0,-1368.47,2348.53,-159.743,-4896.71
308.8,6.28756,43058.6,-16262.8,-335.345,2334.58,-146.012,-4812.57
308.9,6.33161,43051.6,-19188.8,2135.26,2334.09,-122.276,-4872.02
309.0,6.36852,42839.4,-23477.3,6266.52,2359.18,-158.783,-4991.89
309.1,6.37279,42547.4,-25575.7,9411.54,2403.11,-256.74,-5025.53
309.2,6.37511,42401.2,-22860.8,10340.2,2461.49,-264.281,-4982.35
309.3,6.36815,42229.7,-18658.0,8323.33,2465.8,-218.324,-4884.64
309.4,6.36106,42208.6,-15850.2,4406.72,2513.59,-124.004,-4875.86
309.5,6.38633,42225.4,-14793.6,338.361,2587.55,-97.9938,-4921.99
309.6,6.39733,42047.0,-12086.3,-1421.06,2574.1,-63.7373,-4941.25
309.7,6.38898,41854.8,-9330.93,-2649.11,2595.54,-125.581,-4818.56
309.8,6.38499,41778.8,-4991.81,-3688.52,2593.18,-167.911,-4800.92
309.9,6.38358,41741.8,-3746.43,-5629.98,2591.33,-137.994,-4816.55
310.0,6.40258,41812.3,-3043.72,-8222.67,2575.27,-86.437,-4862.43
310.1,6.42061,41752.0,-3370.47,-10698.5,2453.32,-101.244,-4831.53
310.2,6.4255,41659.1,-3761.43,-11592.9,2371.97,-115.625,-4826.68
310.3,6.43083,41624.6,-3496.75,-11031.2,2270.18,-116.941,-4909.76
310.4,6.44757,41656.8,-1208.24,-9448.76,2218.81,-110.236,-4988.73
310.5,6.48457,41702.9,1570.85,-7196.42,2241.34,-79.758,-4939.45
310.6,6.51635,41596.0,6035.56,-4772.94,2239.4,-46.4051,-4910.97
310.7,6.53472,41454.8,9028.73,-2204.27,2268.39,-22.2768,-4864.76
310.8,6.55041,41319.0,11283.9,819.838,2283.74,-11.0293,-4813.58
310.9,6.56812,41224.6,12686.0,4705.42,2243.93,-42.0373,-4778.52
311.0,6.58822,41147.2,13506.4,9071.78,2210.18,-113.712,-4808.92
311.1,6.61762,41023.3,13016.0,13025.7,2148.79,-183.348,-4870.9
311.2,6.62784,40783.1,10857.4,15809.0,2117.63,-193.161,-4963.07
311.3,6.61047,40749.9,7441.33,16121.5,2116.32,-188.705,-5056.31
311.4,6.58206,40715.3,1085.23,13922.9,2098.91,-145.667,-5045.5
311.5,6.55277,40736.1,-5007.38,9897.08,2080.08,-72.3089,-5064.82
311.6,6.54578,40838.1,-10017.0,5158.25,2075.43,21.6124,-5059.03
311.7,6.56308,40867.0,-13726.9,1617.01,2066.04,87.2226,-4977.71
311.8,6.57308,40811.9,-16697.2,1004.42,2064.52,120.314,-4928.26
311.9,6.56108,40753.6,-18258.9,2173.17,2078.51,32.6935,-5021.76
312.0,6.541,40735.1,-18867.3,3701.8,2027.27,-77.2298,-5075.52
312.1,6.52352,40783.7,-18887.6,4389.84,1996.26,-103.332,-5029.7
312.2,6.54706,40937.4,-21972.2,5435.52,2022.89,7.911,-4964.35
312.3,6.60434,40994.9,-26833.2,8846.3,2064.38,72.261,-5084.38
312.4,6.65385,40924.1,-28819.4,14867.5,2094.33,-31.6863,-5259.37
312.5,6.67113,40802.9,-28924.1,20989.1,2103.38,-203.84,-5130.8
312.6,6.65204,40723.6,-26154.5,22363.7,2099.37,-332.546,-5003.19
312.7,6.64445,40828.8,-22632.4,18232.2,2088.05,-202.899,-5053.93
312.8,6.65364,40844.9,-19692.9,10112.1,2044.79,-24.8423,-5043.99
312.9,6.66806,40858.6,-14975.2,2378.36,2016.56,75.8467,-4929.04
313.0,6.67233,40799.3,-9532.63,-1857.91,1991.09,54.4315,-4801.55
313.1,6.64733,40680.4,-5757.29,-2892.39,1959.25,-42.5347,-4796.43
313.2,6.59732,40663.6,-2520.04,-3357.41,1920.12,-136.955,-4910.82
313.3,6.55204,40691.5,1081.15,-5849.23,1834.64,-195.17,-4876.95
313.4,6.52074,40739.6,4734.82,-10427.3,1731.82,-184.698,-4696.89
313.5,6.51901,40850.9,5596.26,-14344.8,1660.96,-114.348,-4607.41
313.6,6.54108,40884.5,3116.09,-15067.4,1646.52,-120.843,-4723.63
313.7,6.56293,40858.7,1208.04,-11353.4,1618.68,-186.113,-4870.9
313.8,6.56989,40810.6,3183.04,-5561.04,1596.5,-293.768,-4888.81
313.9,6.57603,40828.2,6140.73,65.6169,1566.8,-304.723,-4803.58
314.0,6.59548,40890.4,8247.49,3128.3,1557.67,-274.521,-4846.46
314.1,6.62911,40907.1,8320.63,3677.29,1488.49,-227.661,-4911.63
314.2,6.65462,40863.4,8934.11,3090.61,1460.3,-218.03,-4879.77
314.3,6.6667,40831.6,11104.2,3244.67,1461.15,-243.674,-4796.35
314.4,6.66468,40787.3,14311.5,4082.1,1460.28,-347.509,-4829.93
314.5,6.64836,40739.9,14314.6,4926.21,1464.18,-414.579,-4887.63
314.6,6.61745,40704.2,15004.7,5403.14,1441.46,-367.892,-5017.0
314.7,6.57795,40693.3,16081.5,5869.39,1384.01,-255.816,-5033.13
314.8,6.54552,40736.8,16282.2,8186.62,1403.64,-167.251,-4956.86
314.9,6.512,40698.8,13161.5,11844.7,1442.63,-249.806,-4917.54
315.0,6.47388,40702.2,5862.93,15765.1,1482.52,-344.758,-4977.52
315.1,6.4345,40691.3,-1524.52,18377.2,1531.02,-364.433,-5075.3
315.2,6.40278,40734.4,-7815.5,18860.5,1557.86,-328.686,-5056.39
315.3,6.39558,40953.0,-10367.9,17277.6,1561.73,-337.177,-5075.13
315.4,6.42252,41195.1,-12401.5,16084.3,1577.11,-289.16,-5129.38
315.5,6.45886,41276.2,-14194.3,15679.2,1566.05,-237.375,-5188.29
315.6,6.4893,41223.8,-15096.3,15186.6,1567.36,-247.193,-5187.08
315.7,6.49867,41097.9,-13605.0,14014.2,1536.89,-241.514,-5114.8
315.8,6.5036,41101.6,-12224.5,12505.9,1600.55,-145.789,-4961.32
315.9,6.50701,41094.2,-11128.9,9189.1,1583.56,-171.376,-4845.48
316.0,6.51151,41152.3,-10415.1,5363.9,1610.05,-221.718,-4834.96
316.1,6.51842,41140.6,-8556.89,1579.11,1640.99,-251.008,-4820.3
316.2,6.50893,41053.4,-4996.1,-2215.91,1617.14,-274.609,-4786.56
316.3,6.48669,41004.6,-51.8954,-4399.81,1585.17,-255.178,-4835.26
316.4,6.45376,40947.0,3211.28,-4445.21,1532.33,-253.513,-4890.76
316.5,6.41439,41030.9,3675.15,-2622.83,1504.29,-224.746,-4914.66
316.6,6.39895,41197.0,6048.23,1005.16,1494.63,-178.552,-4995.04
316.7,6.37869,41254.5,9519.53,5423.5,1514.12,-179.81,-4944.64
316.8,6.34968,41291.1,12487.9,9152.85,1490.06,-236.727,-4760.52
316.9,6.31884,41359.0,14494.6,12676.1,1463.95,-252.795,-4732.03
317.0,6.28928,41487.1,15150.7,15039.9,1389.4,-296.188,-4793.9
317.1,6.29222,41803.2,14501.9,16117.6,1348.3,-342.685,-4777.9
317.2,6.32929,42003.0,15462.2,16467.2,1253.28,-363.552,-4779.62
317.3,6.36049,42044.7,15835.2,15657.4,1231.64,-337.28,-4828.76
317.4,6.38585,42003.6,16623.5,14240.2,1197.11,-232.929,-4949.38
317.5,6.39114,41890.9,19249.4,13600.0,1219.83,-156.361,-5037.74
317.6,6.37069,41854.3,21151.8,14243.7,1232.12,-113.416,-4937.05
317.7,6.35799,41943.1,22299.7,16174.0,1253.85,-120.083,-4877.57
317.8,6.34049,42006.9,21839.0,18376.0,1323.24,-176.934,-4909.23
317.9,6.33069,42116.0,19625.9,19915.9,1439.52,-202.098,-4860.13
318.0,6.32656,42112.7,17813.2,21532.3,1556.6,-211.135,-4793.64
318.1,6.29121,41977.4,13880.8,22427.3,1649.14,-307.422,-4783.6
318.2,6.25273,42033.3,8525.17,22679.5,1706.97,-344.202,-4938.27
318.3,6.23177,42174.0,4942.29,21755.0,1745.38,-306.557,-5137.45
318.4,6.21877,42305.3,5120.78,19454.8,1705.23,-192.316,-5170.21
318.5,6.21747,42440.1,5916.02,17602.2,1709.34,-15.8936,-5102.21
318.6,6.20266,42393.1,3878.31,17366.8,1743.24,63.372,-5120.17
318.7,6.16808,42404.0,41.1122,18164.3,1831.98,47.6628,-5202.13
318.8,6.15141,42581.1,-813.065,19206.1,1899.0,-8.18275,-5145.99
318.9,6.14907,42773.4,3276.69,19366.4,1897.19,-71.3485,-4923.46
319.0,6.17249,43025.8,7910.24,18528.6,1889.31,-116.115,-4736.73
319.1,6.22109,43147.1,8650.34,18306.2,1885.74,-155.459,-4786.37
319.2,6.24994,43042.1,5456.54,19397.7,1883.16,-197.639,-4938.56
319.3,6.25978,42935.7,3706.25,20411.8,1877.7,-267.381,-5022.19
319.4,6.26656,42893.0,4182.19,19278.3,1891.73,-306.729,-4985.22
319.5,6.2735,42898.2,8151.05,15631.1,1846.99,-191.73,-5018.28
319.6,6.27188,42834.3,10882.8,10999.2,1764.2,-1.83875,-4979.05
319.7,6.26348,42782.9,10169.4,9310.25,1765.49,121.758,-4835.66
319.8,6.24854,42688.9,10774.3,12628.6,1738.03,64.5331,-4828.27
319.9,6.22468,42630.5,12053.7,19315.5,1744.94,-176.061,-4793.65
320.0,6.20345,42641.2,15239.8,25994.1,1760.58,-399.35,-4732.16
320.1,6.18914,42717.2,17720.2,30850.8,1778.93,-412.832,-4716.71
320.2,6.17166,42736.6,16987.1,32580.3,1768.35,-404.931,-4785.14
320.3,6.15905,42882.9,13466.3,33094.3,1786.71,-376.402,-4913.13
320.4,6.16406,43003.0,10042.7,33660.2,1773.4,-348.235,-4995.03
320.5,6.17341,43088.6,9584.51,33880.1,1786.88,-314.62,-5052.65
320.6,6.1984,43168.3,9630.14,32760.2,1839.86,-276.152,-5020.2
320.7,6.21778,43107.9,8434.17,30347.3,1875.56,-213.9,-4975.04
320.8,6.2156,42999.1,6962.53,27503.3,1892.98,-138.717,-5003.88
320.9,6.21143,43001.1,7373.3,24926.2,1907.86,-165.865,-4996.11
321.0,6.22024,43077.2,9806.36,24106.7,1921.44,-265.902,-4895.12
321.1,6.2306,43101.0,12133.0,23984.0,1903.48,-416.765,-4834.46
321.2,6.23816,43078.0,12295.6,24098.5,1909.65,-466.865,-4899.6
321.3,6.22958,42957.1,11140.8,24286.4,1884.45,-420.325,-5003.38
321.4,6.20707,42894.4,11412.4,25868.2,1850.98,-290.956,-5059.25
321.5,6.18595,42902.7,13032.9,29601.1,1833.9,-222.353,-5035.44
321.6,6.16937,42949.1,13749.4,34236.3,1856.21,-287.022,-5021.6
321.7,6.16034,43032.9,13081.1,36969.5,1921.6,-367.045,-5061.99
321.8,6.15805,43039.5,10723.4,36289.6,2005.04,-333.754,-5036.7
321.9,6.15017,43005.6,8984.76,32163.6,2048.39,-287.864,-4961.49
322.0,6.15257,43058.8,8117.82,26603.4,2032.68,-309.623,-4909.54
322.1,6.18559,43181.8,8715.13,22760.6,2052.96,-357.866,-4951.0
322.2,6.23833,43199.7,10535.8,21548.5,2016.9,-372.073,-4989.13
322.3,6.29511,43117.7,11195.0,22595.4,2029.39,-338.916,-4968.0
322.4,6.31984,42800.7,9525.39,24430.5,2031.63,-313.843,-4967.16
322.5,6.31132,42582.0,8077.83,26541.1,2051.32,-240.547,-5044.21
322.6,6.28844,42487.4,6958.08,27476.5,2053.21,-216.738,-5003.85
322.7,6.26622,42542.8,7343.73,27288.5,2010.45,-255.496,-4877.87
322.8,6.26595,42707.4,6111.96,26572.3,1981.98,-293.759,-4822.63
322.9,6.26956,42731.4,3086.36,25578.6,1915.92,-341.049,-4909.89
323.0,6.2666,42684.8,807.644,25094.3,1898.79,-335.65,-5042.09
323.1,6.2593,42630.3,2888.39,25753.0,1861.56,-300.373,-5104.3
323.2,6.24113,42580.6,7718.37,26690.7,1773.72,-312.959,-5079.08
323.3,6.23132,42670.9,11462.3,27788.7,1733.65,-261.039,-5060.36
323.4,6.23999,42761.2,12983.2,29128.6,1737.45,-140.984,-5106.65
323.5,6.25379,42783.0,12948.4,30613.0,1770.7,-86.3634,-5091.42
323.6,6.26836,42724.2,11679.7,32477.2,1835.51,-140.009,-4947.08
323.7,6.28859,42646.0,10736.4,35262.2,1913.94,-207.811,-4879.32
323.8,6.30015,42524.6,9194.97,37437.7,1887.11,-277.723,-4933.63
323.9,6.31761,42488.6,8028.64,38358.6,1817.21,-317.374,-5010.32
324.0,6.34147,42465.0,5989.93,38455.1,1751.7,-276.326,-5005.31
324.1,6.36964,42436.2,5559.25,37592.4,1721.54,-214.821,-5074.6
324.2,6.38727,42318.3,4589.61,36689.9,1701.33,-130.214,-5117.04
324.3,6.37429,42117.9,2581.97,37777.9,1717.37,-7.04725,-5090.23
324.4,6.32931,41980.3,-230.36,40450.2,1757.83,15.142,-5052.58
324.5,6.2852,42046.4,-3761.67,43769.1,1798.47,-51.1073,-5025.91
324.6,6.25757,42203.8,-6758.02,47342.4,1841.9,-70.8917,-5009.2
324.7,6.23563,42300.4,-9301.84,49191.1,1840.58,-107.727,-4943.75
324.8,6.23419,42437.0,-11831.7,49562.0,1876.3,-159.213,-4956.29
324.9,6.24026,42445.2,-15439.6,48612.0,1900.93,-235.221,-5049.17
325.0,6.23837,42427.0,-18198.6,45769.5,1889.82,-254.773,-5188.11
325.1,6.2545,42482.2,-20235.2,41652.8,1832.15,-142.321,-5230.04
325.2,6.27936,42520.1,-20732.0,37401.7,1797.05,10.5381,-5220.31
325.3,6.3105,42524.9,-21289.7,33608.3,1803.17,100.106,-5204.98
325.4,6.33451,42407.0,-21188.5,29896.3,1858.35,62.9922,-5207.15
325.5,6.33111,42225.9,-19362.4,25499.7,1928.33,20.6583,-5141.7
325.6,6.31758,42164.1,-17881.8,19713.8,2004.33,31.4158,-4959.69
325.7,6.31455,42221.9,-16188.1,13524.0,1994.34,31.4226,-4871.31
325.8,6.3259,42322.3,-16152.4,8876.84,1966.77,-6.64563,-4865.79
325.9,6.34441,42356.3,-16481.7,6450.36,1912.17,-88.1286,-4886.3
326.0,6.35833,42309.1,-15291.3,6750.04,1846.78,-85.439,-4937.31
326.1,6.33744,42103.1,-14691.4,7272.46,1772.12,-61.2832,-4961.32
326.2,6.28797,42010.6,-14007.8,7169.74,1698.88,17.4545,-5045.45
326.3,6.2346,42092.1,-12914.3,6541.16,1649.08,114.54,-5098.64
326.4,6.19518,42311.1,-10078.3,6159.48,1628.05,171.515,-5032.0
326.5,6.18854,42577.5,-7503.12,7425.45,1639.94,186.102,-4888.54
326.6,6.20658,42722.5,-6508.14,12403.1,1669.58,179.747,-4827.28
326.7,6.22185,42690.4,-6227.85,20039.4,1696.35,46.8865,-4881.32
326.8,6.23481,42634.5,-5929.42,28265.2,1709.03,-155.498,-4901.94
326.9,6.2418,42612.6,-4662.79,34497.9,1677.71,-281.894,-4895.35
327.0,6.26398,42710.3,-3699.03,36200.1,1641.64,-296.103,-4940.46
327.1,6.3077,42846.9,-3737.98,34341.8,1648.19,-180.452,-5068.99
327.2,6.35187,42758.6,-3859.87,32019.7,1642.72,-33.0399,-5147.19
327.3,6.35265,42480.0,-3766.98,30207.1,1650.03,-30.7138,-5119.08
327.4,6.32217,42272.6,-3328.88,28181.3,1682.96,-116.841,-5081.06
327.5,6.28701,42237.9,-3886.57,25927.2,1719.57,-86.0981,-5057.3
327.6,6.26021,42364.3,-5648.45,23834.3,1757.1,41.4302,-5023.61
327.7,6.24196,42456.3,-7216.3,22413.0,1740.04,20.7795,-4973.28
327.8,6.22306,42520.4,-9277.17,24193.8,1750.67,-76.4939,-4959.63
327.9,6.19035,42515.0,-11090.3,27899.7,1761.62,-230.062,-5051.76
328.0,6.16349,42628.5,-11949.0,31211.8,1782.55,-341.315,-5212.59
328.1,6.14979,42767.6,-13256.1,31706.1,1794.09,-378.848,-5246.42
328.2,6.1542,42933.6,-13383.2,29478.8,1818.08,-265.296,-5243.64
328.3,6.18714,43089.3,-14693.5,26262.8,1920.48,-105.579,-5207.65
328.4,6.23418,43080.2,-16459.0,23903.7,2028.53,-28.7377,-5155.85
328.5,6.27417,42924.7,-17751.0,22226.1,2118.39,-66.3745,-5063.8
328.6,6.29846,42724.8,-17839.1,20493.8,2159.41,-104.167,-4970.25
328.7,6.30354,42576.5,-17785.5,17151.7,2138.92,-115.268,-4881.72
328.8,6.31368,42574.0,-19724.8,13782.3,2053.26,-38.7832,-4851.96
328.9,6.33214,42594.2,-24160.0,12516.3,1967.73,-11.1213,-4925.39
329.0,6.33738,42539.9,-28481.5,13724.1,1887.85,-104.275,-5053.06
329.1,6.33721,42469.7,-30658.2,17208.9,1845.87,-190.387,-5137.81
329.2,6.30698,42290.0,-29481.8,20308.2,1763.4,-264.372,-5134.77
329.3,6.25475,42265.3,-27943.8,20897.3,1716.05,-262.735,-5049.63
329.4,6.21741,42395.7,-26462.6,19110.9,1694.13,-205.122,-4983.64
329.5,6.19988,42610.6,-24787.3,16532.0,1753.25,-126.803,-4921.93
329.6,6.21028,42777.5,-22747.9,13394.7,1827.18,-158.798,-4794.92
329.7,6.23467,42818.1,-21081.1,11563.4,1935.77,-176.541,-4732.27
329.8,6.25051,42691.8,-20102.4,9750.9,2045.54,-208.167,-4841.83
329.9,6.27544,42665.2,-18972.7,8621.34,2112.05,-149.854,-5032.9
330.0,6.30533,42583.2,-18256.1,8182.95,2092.08,-137.311,-5092.76
330.1,6.32481,42487.9,-18608.6,7922.07,2001.56,-183.296,-5079.18
330.2,6.35038,42469.6,-19764.9,7744.8,1894.79,-183.724,-5158.17
330.3,6.37085,42359.8,-20534.9,7516.39,1813.27,-164.296,-5219.11
330.4,6.37304,42256.6,-20427.1,7461.07,1773.31,-112.915,-5090.02
330.5,6.37137,42175.9,-19105.5,8730.56,1802.96,-75.1569,-4945.48
330.6,6.34315,42054.9,-16532.2,11146.9,1869.4,-99.8142,-4974.38
330.7,6.3003,42067.2,-13967.1,13215.0,1902.85,-135.254,-4998.06
330.8,6.26944,42200.1,-8499.14,14515.0,1940.82,-124.298,-4999.37
330.9,6.25398,42390.3,-3679.02,15175.8,2028.87,-61.248,-4951.03
331.0,6.26867,42544.5,-1933.46,15510.9,2092.89,-51.641,-4976.98
331.1,6.29227,42520.6,-3298.01,17243.2,2120.03,-75.1963,-5099.58
331.2,6.298,42358.8,-5084.07,20072.8,2133.56,-125.739,-5142.93
331.3,6.30936,42313.1,-6481.97,23471.0,2173.29,-136.234,-5030.88
331.4,6.3487,42302.8,-9755.77,26457.5,2183.9,-156.6,-4929.76
331.5,6.38252,42190.0,-14171.4,27461.3,2128.38,-186.355,-5000.46
331.6,6.4114,42039.3,-20163.6,26411.2,2095.27,-155.184,-5030.49
331.7,6.4288,41884.5,-24493.7,24261.9,2123.28,-76.2429,-4992.04
331.8,6.43055,41731.7,-27817.2,21491.3,2096.22,-35.9215,-4992.65
331.9,6.42294,41693.8,-32107.4,18778.2,2114.37,-46.4864,-5120.12
332.0,6.41862,41698.6,-35573.7,16403.0,2090.53,-32.2414,-5276.21
332.1,6.42125,41793.2,-35001.7,14009.3,2104.92,-1.9575,-5346.4
332.2,6.42613,41804.5,-31425.5,12709.3,2097.38,52.2825,-5277.46
332.3,6.42004,41731.1,-28921.1,13613.0,2134.45,75.0032,-5197.97
332.4,6.40299,41687.4,-29133.5,16349.9,2181.27,32.5411,-5198.16
332.5,6.38764,41673.9,-29959.0,19379.5,2169.78,-66.5821,-5206.0
332.6,6.37686,41708.2,-29306.9,20953.4,2125.8,-110.993,-5112.45
332.7,6.38229,41772.8,-26613.2,19002.8,2057.48,-96.8146,-4981.27
332.8,6.40986,41793.8,-24652.0,14507.2,2002.79,1.74925,-4948.75
332.9,6.43362,41690.1,-23003.4,10263.3,1941.77,142.056,-5072.03
333.0,6.4484,41547.8,-21665.5,8374.34,1883.85,218.043,-5141.74
333.1,6.4542,41439.4,-19141.9,8220.05,1840.86,145.573,-5107.72
333.2,6.4596,41425.1,-15760.6,7884.44,1846.74,75.0912,-5048.36
333.3,6.46499,41416.3,-13217.6,5137.08,1866.24,69.709,-4958.79
333.4,6.47141,41448.6,-13372.8,1518.15,1903.45,182.316,-4808.37
333.5,6.48246,41455.3,-15604.2,426.91,1967.61,258.932,-4716.29
333.6,6.49262,41414.0,-18280.5,4403.39,2016.95,173.476,-4748.49
333.7,6.49381,41335.8,-18875.5,11492.0,1994.36,-73.1263,-4846.04
333.8,6.4884,41259.9,-16939.2,18492.6,1917.46,-199.696,-4919.58
333.9,6.47947,41212.1,-14805.4,21623.2,1890.61,-180.344,-4952.57
334.0,6.47566,41246.8,-14645.9,20718.8,1923.54,-56.0035,-5030.97
334.1,6.49269,41263.3,-14025.2,19268.2,1967.67,39.959,-5166.37
334.2,6.49307,41151.1,-12749.0,20480.4,2024.6,39.872,-5149.38
334.3,6.48899,41064.0,-11505.5,25111.7,2027.86,-34.5864,-5016.58
334.4,6.47807,40974.0,-9592.89,30944.2,1994.64,-198.323,-5032.85
334.5,6.46729,41005.3,-10003.0,35361.9,2021.15,-264.827,-5098.32
334.6,6.48126,41110.7,-12339.5,37059.4,2060.1,-201.439,-5080.76
334.7,6.49234,41077.6,-15053.2,36429.7,2018.84,-136.596,-5073.68
334.8,6.4916,41072.0,-18662.3,35197.9,1993.19,-98.1165,-5165.97
334.9,6.50632,41094.0,-22628.0,34358.7,1951.4,-123.457,-5300.23
335.0,6.52664,41139.5,-24844.7,33750.7,1968.29,-161.033,-5449.38
335.1,6.55419,41136.3,-27633.5,31756.7,1981.5,-146.053,-5442.95
335.2,6.55934,40966.5,-28726.4,27030.6,1946.1,-107.725,-5417.74
335.3,6.53666,40841.8,-29611.0,20406.7,1950.64,12.6131,-5318.35
335.4,6.51688,40856.6,-30806.6,13645.6,1921.41,131.433,-5104.21
335.5,6.51414,40936.3,-32656.0,9731.96,1834.59,179.894,-4905.24
335.6,6.51432,40977.7,-31941.1,8898.83,1741.97,76.063,-4883.93
335.7,6.50851,40916.1,-29777.7,9626.88,1644.24,-75.5563,-4844.46
335.8,6.48992,40843.8,-25673.0,9469.72,1589.29,-172.721,-4810.39
335.9,6.46491,40845.5,-21507.2,7230.45,1551.49,-151.726,-4849.61
336.0,6.45448,40981.7,-18594.6,3511.75,1574.98,-80.769,-4938.78
336.1,6.47305,41149.5,-16607.8,1137.17,1622.33,9.31375,-4953.76
336.2,6.49556,41166.5,-13996.5,1091.26,1642.75,-5.08225,-4887.6
336.3,6.51292,41108.4,-12566.0,2963.0,1681.84,-81.8337,-4771.29
336.4,6.51752,40992.3,-10345.8,4429.53,1675.69,-169.705,-4737.56
336.5,6.51732,40952.6,-8658.98,5648.31,1645.47,-97.7085,-4698.77
336.6,6.51447,40928.2,-7563.48,6342.26,1566.97,-86.6405,-4627.27
336.7,6.51133,40975.0,-8627.39,8485.31,1515.31,-121.908,-4659.25
336.8,6.52269,41029.1,-12079.1,12337.2,1534.39,-189.597,-4841.74
336.9,6.52101,40959.0,-15149.9,15230.6,1553.36,-292.759,-5035.97
337.0,6.50956,40933.0,-15958.1,16490.3,1602.92,-234.887,-5117.38
337.1,6.48228,40857.7,-14400.4,15979.5,1627.0,-113.882,-5096.57
337.2,6.44564,40912.7,-12391.0,14903.0,1664.21,-19.8441,-5069.43
337.3,6.43893,41119.6,-13423.4,15742.3,1694.06,46.9916,-5007.13
337.4,6.44561,41227.4,-16332.0,19894.0,1721.21,70.8525,-4973.71
337.5,6.44405,41210.3,-17457.3,25803.1,1702.0,-12.4511,-5017.63
337.6,6.42577,41127.0,-15375.4,31829.4,1628.93,-142.709,-5033.92
337.7,6.38893,41081.6,-11169.3,35845.0,1545.86,-243.872,-5040.93
337.8,6.3649,41262.5,-9312.82,36661.8,1477.11,-218.577,-5085.73
337.9,6.38072,41524.2,-9530.41,35340.9,1435.18,-145.092,-5212.5
338.0,6.41356,41652.2,-9874.13,34322.2,1437.96,-50.937,-5284.75
338.1,6.43611,41591.7,-10379.2,33347.3,1488.51,-59.5563,-5166.87
338.2,6.43938,41448.0,-11231.0,31227.0,1542.32,-107.806,-5036.98
338.3,6.4164,41351.8,-13056.7,26267.5,1557.64,-66.0815,-5011.28
338.4,6.39603,41429.2,-14703.3,18803.5,1538.8,63.098,-4986.85
338.5,6.39348,41608.3,-13620.1,11969.3,1504.6,162.878,-4917.45
338.6,6.40801,41726.7,-13577.3,8644.03,1504.08,120.817,-4830.36
338.7,6.41083,41658.8,-13681.0,8843.2,1456.14,-49.6516,-4968.66
338.8,6.39704,41573.6,-13055.2,11069.5,1478.65,-167.173,-5229.46
338.9,6.3741,41513.4,-9827.28,13362.3,1471.96,-149.383,-5262.74
339.0,6.35144,41583.9,-3330.55,14656.8,1494.41,-103.706,-5147.67
339.1,6.35065,41755.0,612.69,16822.1,1564.74,-27.8119,-5048.94
339.2,6.35419,41804.7,-5.6932,18760.0,1658.27,-85.2607,-5061.54
339.3,6.3518,41827.7,-2613.36,20959.0,1721.29,-76.1092,-5077.6
339.4,6.33224,41717.0,-3144.24,21500.0,1717.47,-123.686,-4990.98
339.5,6.29829,41772.3,-984.666,19744.1,1663.55,-153.155,-4919.94
339.6,6.29964,42000.1,666.862,17248.6,1583.66,-75.8191,-4941.77
339.7,6.30642,42080.2,874.858,15823.2,1465.74,-21.4785,-5048.42
339.8,6.3067,42162.0,551.84,15125.6,1410.52,-88.4413,-5107.74
339.9,6.31536,42193.8,3427.74,14822.5,1348.83,-178.632,-5067.13
340.0,6.29736,42096.5,7226.4,14265.4,1312.02,-168.181,-4896.31
340.1,6.2723,42185.3,10109.5,13067.1,1344.92,-84.0474,-4784.77
340.2,6.27059,42352.7,10728.3,13064.8,1412.74,-60.9618,-4747.89
340.3,6.27072,42431.9,11409.8,16158.5,1449.69,-106.936,-4740.23
340.4,6.26683,42454.5,10749.5,21505.3,1471.0,-222.648,-4652.47
340.5,6.25781,42418.4,9531.49,27898.4,1441.83,-343.04,-4699.22
340.6,6.23646,42413.9,6365.62,32256.1,1457.08,-466.029,-4873.0
340.7,6.23779,42534.2,2935.77,33222.8,1430.25,-492.889,-4990.19
340.8,6.26448,42667.1,1255.04,33177.9,1453.46,-392.99,-5024.02
340.9,6.27889,42572.5,-448.079,33542.0,1462.12,-333.189,-4990.26
341.0,6.27991,42491.6,-1039.13,35227.8,1553.35,-383.18,-5079.87
341.1,6.26667,42365.2,-1729.43,38085.6,1660.58,-441.821,-5136.69
341.2,6.22719,42320.2,-2035.89,40160.8,1732.38,-422.556,-5063.96
341.3,6.19037,42431.2,-247.876,39721.2,1724.63,-398.043,-5029.5
341.4,6.16212,42611.6,2264.66,38191.8,1676.96,-355.971,-5039.27
341.5,6.14365,42799.4,2257.41,36808.1,1630.48,-362.997,-5000.48
341.6,6.12989,42938.3,1042.92,35799.4,1562.71,-473.932,-5035.38
341.7,6.11048,43015.9,-1322.71,33587.2,1494.31,-636.781,-5147.18
341.8,6.09157,43139.7,-4119.68,28078.1,1493.51,-662.714,-5200.02
341.9,6.1032,43249.0,-4079.86,20104.1,1523.14,-473.389,-5221.87
342.0,6.1391,43298.5,-1794.97,12545.8,1583.73,-241.445,-5195.63
342.1,6.1685,43416.0,-1101.23,8483.38,1623.58,-115.043,-5065.65
342.2,6.17792,43390.0,-901.865,8861.88,1695.04,-132.927,-5050.07
342.3,6.16271,43219.5,-1197.37,10816.1,1687.06,-259.476,-5031.08
342.4,6.14696,43234.9,-318.933,11740.9,1695.8,-306.109,-4944.21
342.5,6.16945,43376.7,474.148,11479.4,1694.03,-287.871,-4818.04
342.6,6.19516,43377.0,-83.4485,11961.6,1627.08,-310.273,-4806.39
342.7,6.20647,43263.5,-5822.95,14947.6,1588.41,-391.531,-4860.27
342.8,6.1974,43081.2,-12111.5,19985.6,1580.36,-510.281,-5033.75
342.9,6.15344,42958.5,-15358.0,22914.5,1526.95,-599.133,-5141.04
343.0,6.11722,43113.7,-12041.1,21506.9,1464.52,-481.31,-5120.24
343.1,6.10909,43322.8,-7915.79,18085.7,1442.67,-187.185,-4924.67
343.2,6.0956,43444.1,-5924.32,16127.0,1476.09,33.8525,-4850.34
343.3,6.0862,43471.4,-9031.26,17947.8,1557.16,-41.565,-4892.37
343.4,6.06375,43474.2,-11433.0,23452.2,1670.27,-262.438,-5005.68
343.5,6.03871,43517.0,-9709.07,26422.1,1724.14,-545.115,-4992.46
343.6,6.04908,43771.5,-5263.3,24183.7,1753.22,-625.388,-4915.81
343.7,6.09592,43973.8,-4192.44,18411.6,1761.24,-444.976,-4916.26
343.8,6.16034,44013.9,-5488.35,12880.6,1754.01,-235.639,-5103.78
343.9,6.22588,43870.0,-6708.99,11971.0,1747.86,-143.005,-5236.9
344.0,6.25739,43486.3,-5580.6,15832.7,1689.94,-191.928,-5168.07
344.1,6.23355,43138.7,-5800.09,20161.0,1639.97,-231.466,-5011.97
344.2,6.19476,43034.6,-9604.63,21429.0,1647.78,-133.485,-5019.59
344.3,6.15141,43066.5,-14220.4,19230.9,1646.3,25.7967,-5130.51
344.4,6.11502,43230.8,-15785.6,16908.5,1632.94,129.42,-5093.46
344.5,6.09746,43370.5,-13584.3,17838.0,1626.5,-1.01694,-4991.2
344.6,6.06722,43398.8,-12544.7,22031.8,1591.16,-231.148,-5027.16
344.7,6.03614,43464.4,-13083.5,26026.4,1552.23,-363.607,-5243.06
344.8,6.01511,43601.2,-13970.2,27143.7,1554.48,-273.566,-5319.49
344.9,6.01773,43839.7,-12350.6,24466.3,1587.59,-70.4525,-5149.21
345.0,6.04951,44039.5,-9852.17,20706.4,1656.47,156.715,-4964.99
345.1,6.07811,43980.2,-11045.2,17765.4,1728.28,233.478,-4881.79
345.2,6.08899,43858.2,-13998.0,15226.0,1813.9,201.275,-4927.81
345.3,6.10896,43792.4,-14780.3,12511.8,1851.87,180.791,-4959.46
345.4,6.12688,43694.2,-10755.9,9111.14,1792.24,177.375,-4934.5
345.5,6.14928,43676.7,-5836.68,4908.09,1681.34,145.638,-4889.03
345.6,6.18302,43655.1,-1196.94,1962.16,1599.9,105.901,-4977.61
345.7,6.20243,43510.5,1759.83,1710.27,1545.6,97.4765,-5019.31
345.8,6.19562,43358.4,3519.17,4006.26,1562.39,74.338,-4924.5
345.9,6.15287,43206.1,5391.38,7812.72,1593.42,31.1162,-4840.16
346.0,6.08477,43200.9,4680.21,12135.0,1643.61,47.362,-4793.87
346.1,6.00897,43379.6,3091.77,14677.9,1682.91,48.1314,-4810.73
346.2,5.95719,43683.9,3957.91,15365.2,1669.43,48.2573,-4873.45
346.3,5.91857,43874.5,5264.48,14372.0,1648.09,42.3535,-4860.98
346.4,5.90067,43896.0,4594.62,12611.0,1631.43,50.5029,-4875.79
346.5,5.90751,43819.6,724.689,11781.7,1635.14,77.7677,-5011.23
346.6,5.93524,43694.2,-3842.04,12848.6,1634.49,72.055,-5173.64
346.7,5.95701,43605.6,-5232.15,14471.0,1570.94,-29.4827,-5180.74
346.8,5.98355,43789.4,-2288.12,16626.0,1563.5,-43.2423,-5103.69
346.9,6.00398,44004.6,-1214.35,18111.3,1578.44,-10.5793,-4955.08
347.0,6.01817,44401.9,-2852.26,18466.9,1640.81,11.8821,-4949.45
347.1,6.03758,44525.0,-3857.37,19086.7,1694.73,32.5084,-5024.6
347.2,6.03976,44410.1,-2328.23,20667.0,1718.22,-7.59575,-4920.94
347.3,6.02709,44330.7,1119.16,22942.4,1732.68,-77.3063,-4784.15
347.4,6.01088,44297.8,49.2438,24987.7,1702.59,-183.472,-4789.2
347.5,5.96729,44282.6,-6322.84,24903.1,1668.74,-264.291,-4975.37
347.6,5.93534,44480.8,-12100.7,22259.6,1723.42,-214.48,-5157.24
347.7,5.91789,44632.5,-13627.1,17902.5,1767.1,-157.884,-5140.33
347.8,5.88508,44692.5,-13388.7,13499.4,1809.57,-139.648,-5036.83
347.9,5.84492,44741.2,-13813.6,10861.3,1851.74,-136.523,-5087.35
348.0,5.79811,44799.3,-14554.0,10299.5,1852.61,-171.061,-5185.68
348.1,5.77476,44992.9,-13082.4,11158.6,1871.65,-200.129,-5111.21
348.2,5.80554,45100.3,-7182.29,13394.9,1915.03,-228.164,-4968.45
348.3,5.85401,45081.1,-3147.57,16083.3,1932.48,-323.471,-4828.16
348.4,5.89446,45192.6,-553.082,16958.8,1934.05,-480.061,-4916.35
348.5,5.93594,45165.1,1519.39,16213.7,1938.17,-508.363,-5047.62
348.6,5.96548,45118.4,4163.94,13507.1,1910.82,-454.824,-5010.21
348.7,6.00457,45212.1,7652.13,9829.47,1878.47,-380.32,-4992.53
348.8,6.06507,45216.8,8494.12,8033.02,1884.18,-293.917,-5075.53
348.9,6.09596,44944.3,9598.76,9998.4,1883.91,-206.788,-5219.39
349.0,6.08773,44620.7,12038.4,16237.7,1898.98,-170.13,-5188.35
349.1,6.04631,44355.4,14627.9,25482.7,1905.64,-296.225,-4980.56
349.2,5.9869,44299.8,13406.5,34805.4,1918.45,-489.116,-4855.53
349.3,5.94575,44451.4,7727.56,40722.4,1902.98,-663.351,-4897.73
349.4,5.92234,44639.7,1605.98,42134.5,1858.91,-710.278,-4958.8
349.5,5.91868,44770.9,-1866.58,40309.4,1831.91,-630.75,-4974.68
349.6,5.9221,44779.2,-4644.05,37909.4,1794.14,-526.498,-5016.59
349.7,5.91874,44717.3,-8133.91,36762.9,1752.96,-442.258,-5224.52
349.8,5.92322,44727.4,-11973.4,37299.2,1725.2,-337.161,-5428.8
349.9,5.94083,44784.3,-13174.1,38972.8,1718.61,-220.684,-5441.03
350.0,5.96983,44819.3,-12253.3,40301.6,1726.22,-200.565,-5255.75
350.1,6.00206,44783.5,-12243.5,40948.7,1753.7,-277.152,-5070.82
350.2,6.03608,44698.7,-13637.0,41191.0,1812.26,-399.039,-5017.91
350.3,6.06765,44597.4,-13470.5,40839.3,1839.09,-544.538,-5015.69
350.4,6.10091,44506.0,-11178.8,39447.9,1818.08,-665.876,-4918.57
350.5,6.1299,44367.8,-8024.05,36249.9,1773.99,-692.779,-4867.98
350.6,6.13911,44199.7,-6750.77,31014.3,1726.18,-542.857,-4993.23
350.7,6.12081,43996.9,-7874.09,24880.6,1652.13,-251.925,-5149.05
350.8,6.06858,43831.3,-9300.73,20086.9,1595.6,23.5815,-5169.54
350.9,5.99623,43799.1,-10999.2,17410.9,1587.71,97.1845,-5106.07
351.0,5.92628,43943.4,-14254.5,17421.5,1628.7,53.3431,-5098.9
351.1,5.87398,44169.7,-16424.8,18716.8,1720.19,-76.1539,-5221.19
351.2,5.84149,44387.5,-16911.3,18999.2,1801.18,-264.343,-5204.26
351.3,5.83963,44625.5,-14650.4,18264.3,1838.35,-381.761,-5062.66
351.4,5.85456,44709.8,-12569.0,16514.4,1833.36,-423.189,-4964.71
351.5,5.89576,44878.2,-10906.5,14738.3,1830.79,-339.757,-5041.02
351.6,5.97892,45038.0,-6042.33,15120.5,1800.39,-150.7,-5149.52
351.7,6.05544,44876.9,-1514.02,16957.7,1821.74,-51.2518,-4998.54
351.8,6.10276,44598.4,3414.83,18829.9,1851.86,4.03886,-4949.65
351.9,6.10964,44242.1,5381.77,19803.7,1895.28,75.3188,-5088.42
352.0,6.07435,44027.0,6920.36,19290.5,1929.14,113.14,-5222.92
352.1,6.04417,44106.6,8660.77,17754.6,1916.59,28.7085,-5100.84
352.2,6.04008,44298.0,10655.0,18198.2,1901.77,-79.3009,-5002.64
352.3,6.04882,44419.2,8367.81,21770.5,1913.54,-158.119,-5062.84
352.4,6.0594,44390.3,3070.56,27115.6,1945.11,-247.924,-5215.12
352.5,6.04822,44222.1,-113.341,33356.1,1955.42,-247.805,-5297.63
352.6,5.99489,44045.7,-1915.91,38511.2,1972.13,-128.537,-5205.22
352.7,5.93435,44132.4,-5631.66,41108.8,2016.11,40.0615,-5156.7
352.8,5.89852,44362.5,-11749.7,41180.9,2031.24,165.038,-5314.76
352.9,5.88065,44588.4,-18290.8,39500.8,2047.72,253.318,-5436.2
353.0,5.88286,44723.1,-19579.9,36238.7,2021.81,256.98,-5398.62
353.1,5.90436,44778.0,-17799.7,33186.1,2035.79,224.907,-5265.66
353.2,5.93961,44781.4,-17901.9,30631.2,2049.3,139.345,-5206.41
353.3,5.992,44779.3,-19512.5,29138.6,1979.05,73.1162,-5286.57
353.4,6.05019,44752.8,-19270.8,29317.0,1911.09,62.2475,-5283.26
353.5,6.09193,44629.1,-16805.0,29409.7,1840.0,21.9309,-5068.55
353.6,6.11776,44503.9,-15749.9,28394.7,1824.51,30.7661,-4901.09
353.7,6.11359,44331.6,-17170.9,25857.6,1847.94,119.528,-5018.25
353.8,6.07691,44176.0,-19611.1,21980.5,1872.65,247.624,-5134.16
353.9,6.03281,44159.8,-19233.4,16962.5,1880.92,242.025,-5056.65
354.0,5.99861,44243.7,-17374.2,12283.0,1883.12,175.455,-4920.81
354.1,5.97598,44328.4,-18778.6,7400.89,1936.88,81.1428,-4923.12
354.2,5.97061,44394.2,-23082.2,2914.02,1991.3,63.5346,-5054.07
354.3,5.96486,44343.0,-24797.7,-711.374,2023.27,31.6759,-5110.37
354.4,5.95031,44332.5,-22752.0,-2059.68,2065.48,19.5789,-4976.04
354.5,5.9448,44343.0,-22690.7,-1123.05,2063.6,-19.8336,-4813.96
354.6,5.93913,44402.6,-25787.3,1818.55,2055.4,-38.0791,-4951.36
354.7,5.93204,44414.0,-27635.1,3609.86,1998.05,-110.24,-5168.88
354.8,5.93653,44512.8,-24096.1,3633.37,1971.01,-101.636,-5084.69
354.9,5.96043,44580.7,-15813.7,2252.7,1930.05,-47.7336,-4843.06
355.0,5.99317,44622.6,-8426.03,1016.95,1918.73,-47.6776,-4821.03
355.1,6.03751,44597.1,-6051.76,1621.03,1914.95,-139.705,-4943.45
355.2,6.06823,44499.9,-3607.91,3734.96,1941.13,-291.155,-5041.0
355.3,6.07693,44385.1,1083.6,5213.41,1971.17,-382.839,-4970.17
355.4,6.08127,44367.8,4331.78,6029.94,2022.48,-298.085,-4871.91
355.5,6.07285,44330.7,3398.52,6319.03,2039.08,-184.097,-4950.64
355.6,6.05336,44315.1,739.635,7976.08,2020.0,-98.484,-5116.49
355.7,6.03364,44279.2,-836.018,12094.7,2007.04,-112.551,-5079.01
355.8,6.00537,44235.1,-563.3,16827.5,1985.38,-229.81,-4919.38
355.9,5.99278,44253.4,-3914.2,20080.6,1963.15,-305.16,-4844.64
356.0,5.99397,44255.7,-10045.8,21395.4,1987.07,-289.286,-4981.17
356.1,5.9957,44238.0,-14796.0,20309.9,2021.66,-282.1,-5069.88
356.2,6.00823,44241.6,-15891.5,18073.0,2035.56,-297.686,-4962.08
356.3,6.02034,44208.5,-15273.5,16634.2,2044.94,-257.185,-4903.2
356.4,6.02343,44181.7,-15451.3,15197.8,2009.17,-211.406,-5039.95
356.5,6.03773,44245.7,-14882.1,14652.7,1988.06,-105.915,-5214.89
356.6,6.0577,44239.2,-13265.1,15871.0,1946.96,-2.90675,-5118.37
356.7,6.06635,44203.6,-12742.6,18617.7,1913.16,7.05836,-4890.11
356.8,6.08081,44184.4,-14557.1,22233.2,1889.32,-119.834,-4895.08
356.9,6.0842,44115.4,-19355.5,25345.1,1887.39,-289.715,-4978.65
357.0,6.08892,44124.5,-23337.8,26058.1,1886.47,-390.777,-4934.17
357.1,6.11273,44193.4,-27014.5,23916.0,1967.36,-409.331,-4827.43
357.2,6.13623,44114.8,-31470.8,19202.2,2012.35,-371.206,-4911.21
357.3,6.13865,43954.1,-34118.4,12705.4,2037.81,-267.39,-5166.91
357.4,6.12511,43771.3,-33427.9,6660.27,2038.53,-70.4161,-5224.32
357.5,6.09547,43628.5,-30556.1,2298.91,1995.34,93.0423,-5049.9
357.6,6.06986,43663.0,-25889.1,-295.823,1968.07,110.199,-5013.06
357.7,6.06644,43713.2,-21708.7,-518.243,1929.42,61.8913,-5039.12
357.8,6.06365,43714.9,-17040.8,1485.2,1948.57,-2.49825,-4944.6
357.9,6.06537,43693.6,-12540.5,4209.37,1984.7,-163.676,-4753.16
358.0,6.06176,43644.5,-10085.4,6926.97,1975.08,-343.431,-4724.96
358.1,6.05889,43683.3,-8886.93,8217.12,1967.54,-429.791,-4902.85
358.2,6.07738,43836.6,-7001.51,7091.83,1916.23,-371.635,-5010.14
358.3,6.12035,43958.7,-2285.58,4992.81,1859.53,-182.722,-5005.71
358.4,6.16567,43921.5,-311.71,4306.03,1860.38,50.4,-4969.01
358.5,6.19064,43715.7,-2448.3,5178.49,1905.17,109.871,-5073.2
358.6,6.18267,43490.9,-5425.1,7180.08,1981.59,77.4044,-5206.2
358.7,6.16165,43379.9,-6261.87,8897.77,2085.63,46.9871,-5124.91
358.8,6.14434,43423.7,-5387.11,9143.93,2140.75,6.26288,-4914.13
358.9,6.15086,43549.7,-6188.39,8569.98,2145.59,-58.5482,-4842.2
359.0,6.17326,43580.3,-8538.92,9499.43,2130.01,-104.776,-4956.32
359.1,6.18147,43445.5,-9867.24,12628.5,2070.49,-134.014,-5011.62
359.2,6.16781,43255.5,-9522.1,16562.5,1978.55,-160.466,-4936.53
359.3,6.13556,43146.0,-10011.3,19815.5,1878.06,-114.23,-4927.08
359.4,6.10245,43217.1,-14620.5,20246.3,1845.83,37.3312,-5018.93
359.5,6.09085,43366.7,-18167.9,17428.5,1828.99,190.031,-5160.64
359.6,6.09128,43514.4,-20602.6,14992.6,1893.43,367.55,-5105.1
359.7,6.10172,43554.8,-25953.8,15254.0,2063.41,401.573,-4925.23
359.8,6.11128,43523.1,-32667.7,18866.4,2142.62,255.377,-5041.76
359.9,6.12129,43500.0,-38983.4,24074.5,2193.02,44.9665,-5262.97
360.0,6.13952,43544.9,-39406.5,26188.5,2206.29,-147.214,-5218.09
360.1,6.192,43680.6,-37881.6,23481.5,2198.33,-144.464,-4899.18
360.2,6.25444,43632.9,-37805.1,16984.9,2163.3,-6.7315,-4828.74
360.3,6.29129,43378.4,-38914.0,10159.5,2137.87,172.771,-5058.46
360.4,6.29387,43062.9,-36718.3,6470.02,2098.8,272.671,-5106.69
360.5,6.25437,42775.3,-28948.9,5469.69,2000.22,220.372,-4875.05
360.6,6.19605,42705.5,-21862.7,4592.87,1861.27,155.338,-4688.5
360.7,6.14349,42816.6,-18786.2,1457.09,1760.55,150.829,-4781.03
360.8,6.10299,43005.1,-17647.5,-3565.0,1724.87,205.805,-4849.56
360.9,6.07906,43180.6,-11664.5,-8039.15,1718.59,166.378,-4728.71
361.0,6.0557,43260.5,-5343.01,-8461.59,1662.03,28.7081,-4494.04
361.1,6.02895,43350.9,-3416.56,-5382.36,1629.05,-202.787,-4554.66
361.2,6.01894,43550.6,-5080.05,-1394.55,1602.45,-358.553,-4883.8
361.3,6.03892,43703.4,-4235.71,421.818,1600.27,-344.406,-5034.33
361.4,6.07634,43809.4,-1231.46,-901.535,1586.87,-190.13,-4802.99
361.5,6.10978,43887.5,-1476.7,-3100.12,1609.98,15.3891,-4635.21
361.6,6.13476,43738.6,-6980.71,-2689.05,1676.8,140.528,-4837.21
361.7,6.14846,43594.1,-13250.2,1450.88,1732.16,82.4468,-5029.35
361.8,6.1565,43517.5,-13966.3,6720.11,1709.08,-158.883,-4928.57
361.9,6.16692,43507.1,-12175.4,10262.7,1734.89,-352.641,-4765.15
362.0,6.17749,43497.5,-13561.0,10107.9,1769.88,-382.899,-4874.94
362.1,6.17973,43460.7,-18145.1,7885.86,1821.18,-280.163,-5157.3
362.2,6.15653,43335.3,-19469.6,6077.78,1824.94,-220.749,-5250.09
362.3,6.10575,43273.4,-14772.3,6782.07,1795.12,-201.608,-5107.04
362.4,6.04709,43365.0,-9730.04,9498.2,1760.98,-159.746,-4973.09
362.5,5.99818,43539.9,-8565.84,11192.6,1733.97,-152.223,-5000.58
362.6,5.96505,43795.4,-10173.8,10650.5,1757.27,-74.682,-5031.69
362.7,5.94114,43924.4,-10678.9,7200.62,1797.73,-26.9533,-4862.35
362.8,5.91898,44035.6,-10569.4,3338.76,1825.05,-2.68125,-4673.07
362.9,5.92558,44165.5,-14467.9,1756.86,1871.66,-51.004,-4704.45
363.0,5.96298,44179.6,-23076.9,3840.82,1828.48,-168.285,-4918.84
363.1,6.0089,44231.0,-29187.6,7605.57,1721.64,-315.125,-5146.38
363.2,6.05769,44453.7,-30669.0,10364.8,1612.72,-346.261,-5116.46
363.3,6.09883,44366.3,-28625.7,11372.6,1520.77,-206.162,-4977.78
363.4,6.12022,44225.9,-28742.3,10721.7,1489.11,-76.3067,-4891.25
363.5,6.1297,44107.1,-30701.2,11365.5,1481.14,29.4421,-4890.33
363.6,6.12897,43992.8,-31031.1,14817.1,1492.83,12.247,-4804.03
363.7,6.1152,43937.2,-28467.0,20332.0,1558.38,-116.665,-4659.96
363.8,6.09493,43890.4,-25144.7,24659.4,1578.58,-313.242,-4634.48
363.9,6.0578,43820.3,-23197.8,25985.5,1559.76,-398.542,-4819.65
364.0,6.0049,43834.4,-21821.2,23357.8,1541.1,-350.935,-5020.27
364.1,5.97453,44034.7,-17754.9,19865.7,1506.23,-198.939,-5113.53
364.2,5.96282,44183.8,-13142.2,18856.9,1434.68,-109.95,-5064.95
364.3,5.94165,44231.7,-9500.03,20100.6,1367.77,-188.426,-5063.59
364.4,5.92471,44289.0,-8761.68,22820.4,1369.79,-214.774,-5085.79
364.5,5.9018,44290.7,-6716.53,23857.1,1394.09,-216.003,-5033.37
364.6,5.87615,44416.2,-4455.69,21734.2,1432.79,-147.544,-4829.12
364.7,5.88182,44623.7,-3085.69,19352.4,1453.37,-25.221,-4734.88
364.8,5.8931,44704.4,-5384.87,19329.0,1467.5,14.8139,-4819.75
364.9,5.92296,44892.3,-8498.84,22800.8,1503.02,-9.06075,-5034.71
365.0,5.96389,44936.5,-10305.6,28239.2,1500.66,-117.48,-5167.81
365.1,5.96872,44863.1,-10690.2,31875.3,1499.36,-170.857,-5180.24
365.2,5.96486,44844.3,-12476.6,31077.2,1502.21,-88.4105,-5146.98
365.3,5.95056,44832.2,-15872.5,27434.3,1530.72,88.087,-5131.54
365.4,5.92342,44889.2,-17388.8,23503.2,1536.93,215.768,-5079.67
365.5,5.90312,44978.4,-16580.8,21612.4,1571.06,185.602,-4889.18
365.6,5.88041,45005.3,-13451.8,22689.2,1623.41,120.659,-4750.34
365.7,5.84142,44935.8,-10419.0,23694.8,1617.96,68.7152,-4763.99
365.8,5.79307,44921.0,-7793.46,23304.7,1592.22,117.749,-4840.3
365.9,5.74641,44934.8,-7242.38,22048.6,1595.83,214.885,-4806.24
366.0,5.72089,45034.8,-8705.57,21384.8,1614.68,251.213,-4820.09
366.1,5.7313,45127.6,-14184.8,22992.8,1677.44,208.31,-4959.71
366.2,5.75139,45050.4,-21150.1,25763.1,1770.74,56.3074,-5139.24
366.3,5.75412,44977.7,-23776.0,27172.9,1805.94,-32.8799,-5235.32
366.4,5.75397,44962.0,-23067.1,26266.9,1798.3,1.88213,-5123.31
366.5,5.75222,44955.9,-20745.5,24023.7,1797.01,94.5038,-5027.15
366.6,5.77598,45063.5,-20368.1,21542.0,1796.25,136.053,-4999.64
366.7,5.83706,45155.5,-21551.6,21515.1,1862.23,183.496,-4986.21
366.8,5.87447,45138.2,-21411.8,22708.7,1906.71,157.632,-4924.71
366.9,5.87449,45022.2,-19650.7,23123.4,1955.18,112.809,-4857.33
367.0,5.84385,44921.4,-20443.7,22548.7,1995.59,116.832,-4834.39
367.1,5.7881,44910.0,-21857.5,20874.6,1993.46,146.422,-5027.57
367.2,5.75767,45029.7,-22135.8,18704.6,1947.07,120.056,-5199.35
367.3,5.74569,45036.5,-20813.7,18223.3,1908.12,87.7035,-5159.69
367.4,5.72369,44988.0,-17692.5,19072.5,1873.77,42.0098,-5104.04
367.5,5.69146,44972.3,-13373.1,20505.2,1852.65,1.87375,-5151.98
367.6,5.65146,44930.0,-8818.74,22365.4,1844.67,-3.85,-5059.44
367.7,5.60932,44961.1,-3905.31,23477.0,1794.39,-4.40125,-4801.92
367.8,5.60768,45111.5,-308.417,24868.4,1780.34,50.275,-4640.96
367.9,5.63618,45031.0,-918.647,27314.8,1773.51,48.7122,-4660.16
368.0,5.66328,44990.4,-3330.57,30288.5,1810.57,-27.8592,-4806.96
368.1,5.68635,44985.3,-6072.8,32317.9,1860.09,-150.855,-4915.37
368.2,5.67881,44972.5,-8027.64,32409.4,1837.42,-187.876,-4989.4
368.3,5.66564,45052.4,-10488.0,30222.1,1791.96,-123.891,-5090.53
368.4,5.68844,45174.6,-14158.4,28134.6,1754.46,-47.8315,-5159.74
368.5,5.72934,45187.9,-17178.0,27588.3,1756.24,-72.462,-5141.86
368.6,5.76682,45144.6,-19983.0,28517.4,1818.25,-153.245,-5013.53
368.7,5.75514,44953.5,-21124.3,29057.8,1881.72,-230.546,-4936.16
368.8,5.69588,44862.6,-22198.1,28032.6,1985.73,-178.951,-4906.05
368.9,5.64231,44954.6,-22601.2,25688.5,2095.13,-76.9959,-4897.85
369.0,5.62572,45068.7,-21638.1,24168.3,2187.08,-0.266,-4959.54
369.1,5.63521,45112.7,-21531.0,24458.8,2267.87,-23.048,-5040.69
369.2,5.64358,45074.6,-21498.0,26131.2,2302.32,-84.8298,-5183.78
369.3,5.63684,45021.2,-20662.2,28867.0,2304.17,-80.4979,-5328.08
369.4,5.61612,44996.8,-20170.9,31078.7,2280.55,-93.5372,-5304.14
369.5,5.61124,45086.5,-20270.2,32180.6,2219.5,-138.759,-5180.44
369.6,5.65005,45216.1,-22695.6,33622.3,2245.02,-129.825,-5105.71
369.7,5.70084,45203.1,-25926.6,34688.4,2290.78,-158.67,-5089.88
369.8,5.74049,45143.5,-27348.2,34888.7,2305.39,-182.721,-5053.13
369.9,5.74972,45044.6,-26760.5,34782.6,2285.14,-124.148,-4979.76
370.0,5.73533,45009.2,-25749.8,33010.3,2247.92,-84.6413,-4974.66
370.1,5.74314,45140.7,-26291.4,29455.7,2197.03,-61.3957,-5037.66
370.2,5.78618,45209.5,-28875.5,25577.7,2173.54,-16.6035,-5074.68
370.3,5.82158,45142.0,-32196.6,21596.3,2157.45,7.9995,-5031.71
370.4,5.83569,45084.7,-34242.5,17079.8,2218.86,-74.3483,-5014.03
370.5,5.83205,45023.5,-36417.1,13692.7,2309.15,-116.983,-4970.05
370.6,5.80381,44975.4,-35878.7,10458.8,2323.31,-168.827,-4979.16
370.7,5.80002,45116.1,-32481.8,8088.37,2316.99,-167.402,-4967.48
370.8,5.82942,45171.4,-27285.4,7640.4,2308.22,-147.314,-4897.2
370.9,5.85752,45139.0,-21669.7,8851.1,2257.94,-126.645,-4845.38
371.0,5.88433,45127.3,-16607.5,10663.1,2256.25,-150.398,-4863.15
371.1,5.8902,45039.2,-13368.2,12473.3,2252.84,-162.219,-4852.59
371.2,5.87861,45030.8,-11918.0,13710.1,2235.65,-107.92,-4848.01
371.3,5.88186,45090.3,-14690.3,14958.4,2223.84,-72.217,-4881.8
371.4,5.90064,45136.7,-21319.7,17529.4,2237.77,-58.8729,-5026.32
371.5,5.92818,45138.3,-28188.3,20933.3,2245.59,-90.2632,-5231.11
371.6,5.95055,45115.3,-32149.7,24909.8,2284.25,-87.8489,-5363.05
371.7,5.94483,45002.2,-31746.0,27513.7,2261.24,-83.9365,-5378.46
371.8,5.92718,45026.4,-30833.1,28315.1,2266.25,-15.072,-5292.76
371.9,5.9263,45081.5,-28740.7,28085.2,2229.4,72.7815,-5249.61
372.0,5.94348,45145.6,-25667.9,27421.8,2247.14,98.2267,-5184.91
372.1,5.97503,45167.2,-20376.7,25836.6,2281.22,40.0735,-5013.05
372.2,5.99505,45036.9,-13504.6,23087.4,2314.69,1.00713,-4864.3
372.3,5.9877,44762.5,-9266.13,18709.3,2398.48,55.6175,-4824.75
372.4,5.9829,44656.6,-8217.19,13906.9,2482.37,180.626,-4921.72
372.5,5.9967,44660.5,-9516.28,11045.7,2559.62,279.474,-5010.47
372.6,6.02927,44659.9,-12246.6,12204.9,2591.96,326.924,-5032.2
372.7,6.06172,44513.0,-15752.1,16488.7,2594.71,245.639,-5086.1
372.8,6.06954,44243.0,-20351.9,21638.9,2555.32,108.642,-5148.56
372.9,6.05617,44049.2,-25013.0,24675.0,2533.68,4.86,-5134.68
373.0,6.04672,44029.1,-25736.3,24099.5,2513.49,-50.6425,-5098.33
373.1,6.05338,44134.2,-23780.3,21448.1,2492.29,7.58075,-4975.4
373.2,6.07412,44174.2,-21841.1,17952.8,2491.72,25.2808,-4835.76
373.3,6.08849,44132.9,-20147.3,14447.6,2509.64,-4.11875,-4824.85
373.4,6.09396,44038.2,-16191.7,11346.4,2526.82,62.4515,-4921.43
373.5,6.09281,43930.8,-11156.9,8678.83,2522.47,194.577,-4861.28
373.6,6.07713,43886.5,-6290.96,6241.23,2486.02,246.353,-4766.38
373.7,6.08355,43991.8,-5124.0,6016.71,2488.65,257.219,-4834.46
373.8,6.10431,44027.1,-6652.3,7861.39,2494.83,144.54,-4975.61
373.9,6.13253,44011.8,-8134.0,10281.6,2518.05,-41.8635,-5022.56
374.0,6.167,43889.6,-8885.15,12228.0,2510.3,-182.665,-4955.02
374.1,6.18975,43685.8,-8054.5,13717.8,2485.01,-198.318,-4985.67
374.2,6.2086,43554.7,-5815.6,14654.9,2489.87,-159.328,-5062.92
374.3,6.23769,43436.2,-3565.54,16064.6,2441.14,-98.3373,-4988.91
374.4,6.2527,43256.7,-1151.93,18713.0,2385.11,-15.4966,-4908.48
374.5,6.24493,43080.2,-7.77024,20997.3,2364.62,19.2777,-4922.96
374.6,6.2296,42964.1,-226.033,23428.2,2344.19,85.7868,-4980.87
374.7,6.20032,42883.6,334.969,26423.1,2357.61,102.816,-5027.84
374.8,6.17054,42944.0,1359.24,29850.1,2339.97,-12.4865,-5025.83
374.9,6.15829,43070.1,1422.7,34091.6,2353.67,-182.641,-5063.69
375.0,6.1666,43182.3,895.667,38794.4,2393.5,-325.57,-5177.25
375.1,6.18707,43273.7,-1038.22,42234.4,2438.59,-397.397,-5185.31
375.2,6.22066,43225.1,-3028.02,43667.0,2410.72,-398.702,-5084.88
375.3,6.24874,43131.0,-5246.59,43628.3,2443.91,-309.508,-5000.37
375.4,6.2776,43015.1,-6653.21,41283.0,2419.44,-255.379,-4979.98
375.5,6.30741,42896.5,-9004.95,37914.5,2419.21,-188.115,-4945.72
375.6,6.33247,42727.2,-10086.5,34704.1,2451.24,-117.743,-5010.55
375.7,6.33643,42507.1,-10960.2,30390.9,2442.31,-165.484,-5106.03
375.8,6.33069,42360.9,-10716.3,25707.8,2442.73,-222.736,-5213.6
375.9,6.32359,42288.0,-9908.88,21055.4,2452.64,-248.765,-5229.99
376.0,6.32969,42349.6,-8196.62,16278.1,2436.04,-278.501,-5191.29
376.1,6.36523,42405.4,-5998.73,13252.3,2410.12,-304.672,-5146.53
376.2,6.38882,42274.2,-4166.44,13396.5,2409.49,-287.105,-5035.23
376.3,6.39487,42118.6,-3180.55,16000.0,2399.82,-286.542,-4912.44
376.4,6.38333,41938.7,-4713.26,19562.7,2326.12,-347.219,-4830.91
376.5,6.35152,41854.5,-6942.0,22153.1,2231.43,-355.845,-4919.99
376.6,6.33895,41960.4,-6018.36,22224.8,2158.28,-318.534,-5074.04
376.7,6.35663,42097.8,-2430.1,21036.2,2105.61,-240.85,-5069.55
376.8,6.38868,42081.5,2197.77,20435.4,2032.72,-202.956,-5032.94
376.9,6.41954,41963.6,4235.75,22232.3,2006.22,-233.689,-5066.69
377.0,6.44946,41811.4,1983.5,26392.5,2035.47,-299.378,-5097.67
377.1,6.47602,41682.1,378.077,30231.6,2054.92,-425.823,-5063.24
377.2,6.49996,41609.3,2820.7,31567.8,2026.92,-486.249,-4946.73
377.3,6.52642,41539.1,6412.02,29717.9,2024.36,-439.747,-4791.79
377.4,6.53507,41403.5,9324.02,25967.9,1981.27,-319.846,-4771.03
377.5,6.53383,41290.3,9431.72,23736.2,1949.19,-171.803,-4878.05
377.6,6.51628,41128.1,8659.3,24299.4,1895.25,-173.834,-5003.45
377.7,6.4989,41139.5,10971.6,27115.3,1858.41,-250.496,-5127.0
377.8,6.49532,41125.2,13709.0,29784.7,1781.54,-322.772,-5091.95
377.9,6.48602,41094.9,15642.9,31336.2,1743.11,-300.404,-5034.63
378.0,6.4725,41075.1,14010.2,32278.4,1746.45,-228.759,-5000.97
378.1,6.45235,41035.8,11605.5,35187.8,1728.96,-191.973,-5030.52
378.2,6.41607,41032.6,9967.92,39379.1,1699.89,-307.308,-5024.75
378.3,6.38993,41152.9,9011.06,41829.1,1624.05,-452.32,-4953.18
378.4,6.37571,41301.3,9334.26,39109.1,1571.01,-461.309,-4979.69
378.5,6.37817,41437.9,11810.9,31007.5,1506.66,-224.199,-5103.41
378.6,6.39121,41497.9,14243.9,21263.0,1445.57,76.0021,-5056.11
378.7,6.40081,41476.2,17122.2,14983.5,1411.3,211.949,-4965.07
378.8,6.41124,41478.5,17089.5,14443.3,1414.73,177.195,-4933.22
378.9,6.41855,41465.4,14761.9,16909.9,1427.96,26.5408,-4968.92
379.0,6.42375,41485.3,13284.2,19173.2,1447.4,-36.6203,-4987.5
379.1,6.42193,41488.5,15295.0,19200.5,1493.76,-35.6678,-4918.6
379.2,6.41381,41500.4,16631.0,19036.5,1549.35,35.2092,-4777.24
379.3,6.40273,41507.1,14992.1,21133.5,1631.55,28.6994,-4815.52
379.4,6.38905,41528.4,12854.3,25800.8,1657.87,-87.1923,-5003.91
379.5,6.38286,41584.0,11822.3,31337.5,1681.26,-193.252,-5034.91
379.6,6.37471,41577.1,13202.2,34963.2,1664.88,-203.273,-4926.01
379.7,6.36554,41597.9,11851.5,35091.6,1710.05,-118.313,-4859.3
379.8,6.34543,41580.0,8144.35,32348.8,1742.79,-11.2498,-4992.65
379.9,6.31678,41597.8,4952.37,28907.3,1755.81,57.7267,-5100.7
380.0,6.27349,41671.9,6617.34,25378.3,1712.75,10.0065,-5050.92
380.1,6.2442,41883.0,9993.21,22117.3,1681.28,-72.7182,-4929.35
380.2,6.234,42124.3,11048.5,19567.4,1658.71,-80.7022,-4971.5
380.3,6.24748,42348.0,8575.95,18679.9,1703.0,-31.7393,-5140.4
380.4,6.26207,42407.3,5775.96,19838.7,1732.74,-62.4755,-5206.99
380.5,6.25952,42390.9,6255.74,22279.4,1757.37,-173.566,-5144.51
380.6,6.25889,42463.6,7645.05,24527.7,1756.82,-222.404,-5052.26
380.7,6.26504,42575.9,6622.47,25106.0,1747.14,-165.548,-5050.08
380.8,6.28939,42718.0,5505.22,24060.2,1743.56,-56.414,-5163.33
380.9,6.32879,42774.6,6554.54,24362.4,1755.18,81.6799,-5187.51
381.0,6.34059,42548.9,8067.8,26330.5,1743.95,52.7019,-5071.0
381.1,6.31802,42332.1,9270.24,29954.0,1717.69,-36.7924,-5110.77
381.2,6.28036,42236.0,7928.17,32815.1,1730.47,-157.477,-5253.04
381.3,6.24948,42332.6,7768.16,33616.8,1727.05,-169.636,-5308.78
381.4,6.24514,42502.9,7570.56,32640.0,1733.25,-156.487,-5126.38
381.5,6.24579,42582.6,7813.42,32098.3,1800.96,-176.92,-5021.59
381.6,6.24889,42583.3,5313.91,32539.8,1899.86,-241.398,-5052.81
381.7,6.24183,42495.9,3005.98,32966.9,1978.64,-318.084,-5104.99
381.8,6.21868,42449.1,2654.43,31822.9,2016.65,-320.853,-4998.85
381.9,6.19931,42548.6,5422.79,27895.4,1999.74,-240.185,-4903.9
382.0,6.19743,42693.9,6826.09,22819.4,1921.04,-122.486,-4867.3
382.1,6.20227,42814.5,5921.68,18065.0,1863.77,-89.2154,-4893.42
382.2,6.228,42913.2,7081.28,14628.6,1837.04,-184.844,-4982.93
382.3,6.25374,42875.6,10369.3,12847.6,1855.22,-318.212,-4970.31
382.4,6.26176,42736.9,14399.9,11528.3,1848.05,-422.616,-4902.17
382.5,6.25382,42658.7,16051.2,9602.73,1881.52,-490.857,-4883.75
382.6,6.25901,42743.5,15227.0,8506.0,1944.72,-411.674,-4907.57
382.7,6.2729,42790.9,15488.7,8059.76,1963.37,-363.148,-4894.7
382.8,6.294,42827.5,16052.7,8929.14,1993.53,-339.472,-4771.29
382.9,6.30688,42703.1,15110.9,10775.8,2006.04,-323.458,-4692.37
383.0,6.28806,42489.0,10329.2,12723.8,2016.42,-282.992,-4784.59
383.1,6.26067,42416.6,6679.6,14082.5,1989.56,-255.061,-5036.71
383.2,6.24697,42487.3,4009.59,15427.4,1991.72,-264.961,-5084.47
383.3,6.2396,42533.3,3667.74,16718.6,1924.37,-334.809,-5054.66
383.4,6.23444,42582.0,2595.81,18388.9,1905.28,-369.143,-5151.04
383.5,6.23746,42599.6,816.195,20181.6,1948.84,-380.593,-5273.54
383.6,6.23361,42577.7,473.9,21818.2,1962.13,-349.623,-5192.36
383.7,6.22844,42586.1,4836.09,23208.8,1946.17,-318.315,-5004.13
383.8,6.21943,42615.7,8290.87,23673.9,1941.99,-312.624,-4783.85
383.9,6.2282,42764.8,9360.14,22764.3,1967.04,-282.191,-4752.29
384.0,6.24884,42845.8,8533.94,20542.6,2005.62,-224.277,-4845.34
384.1,6.27053,42815.8,10667.3,17671.2,2015.75,-185.984,-4949.57
384.2,6.28595,42768.0,14838.1,15219.0,2015.0,-202.007,-4961.62
384.3,6.28996,42642.6,18175.3,13506.2,1989.22,-282.327,-5020.57
384.4,6.29273,42628.5,17891.6,12729.7,2004.56,-287.507,-5163.05
384.5,6.31628,42686.4,16667.1,13412.0,2045.38,-222.689,-5268.32
384.6,6.34418,42625.4,14697.4,15432.2,2123.32,-203.222,-5145.31
384.7,6.35908,42461.0,14827.5,18948.1,2170.08,-228.772,-5014.81
384.8,6.33864,42191.3,13495.3,21823.9,2154.18,-324.108,-4911.35
384.9,6.28777,42051.5,10762.4,22013.1,2136.62,-342.368,-4906.8
385.0,6.24918,42154.6,7468.54,17536.4,2117.74,-290.582,-4924.93
385.1,6.25254,42437.9,6531.4,10899.0,2125.76,-109.517,-4992.05
385.2,6.27959,42552.9,6982.35,4871.76,2129.89,29.2935,-5055.74
385.3,6.30769,42500.1,6811.88,2550.13,2203.18,70.0845,-5145.53
385.4,6.31013,42281.7,6308.85,2289.42,2236.8,-57.4772,-5215.31
385.5,6.29691,42204.3,7299.59,2016.69,2236.47,-99.8415,-5204.5
385.6,6.31161,42349.1,9572.61,840.592,2264.57,22.8309,-5026.47
385.7,6.35964,42476.0,10533.1,-219.507,2253.66,102.592,-4794.95
385.8,6.41553,42466.1,8894.93,1532.16,2261.03,89.5871,-4735.98
385.9,6.45346,42183.1,7055.62,7064.76,2259.85,-21.3211,-4832.95
386.0,6.43743,41787.8,8140.92,12675.1,2158.53,-193.999,-4880.23
386.1,6.41648,41728.4,12159.2,15807.1,2057.7,-199.73,-4899.46
386.2,6.41621,41764.6,14949.0,15673.5,1942.47,-92.1593,-4944.02
386.3,6.42711,41868.6,15974.3,13827.4,1900.84,40.1263,-5080.64
386.4,6.45755,41879.7,13876.4,13408.3,1940.65,108.047,-5072.29
386.5,6.46155,41639.8,11133.3,16450.9,2047.04,47.7207,-4998.06
386.6,6.43003,41443.6,9129.4,21396.7,2158.96,-51.9434,-5007.9
386.7,6.40107,41409.3,6327.86,25146.0,2229.82,-196.153,-4992.98
386.8,6.37366,41473.2,4860.43,26482.9,2187.63,-231.916,-4960.68
386.9,6.37127,41671.4,3601.02,25228.8,2144.22,-170.056,-4911.47
387.0,6.41224,41832.1,1930.71,24297.0,2125.78,-95.3232,-4946.05
387.1,6.44509,41694.3,-1321.49,24331.9,2067.67,-151.335,-5062.27
387.2,6.45726,41516.1,-4049.05,25056.0,2042.72,-205.948,-5230.16
387.3,6.46305,41364.6,-4102.53,25536.6,2037.52,-187.486,-5328.3
387.4,6.45022,41310.1,-4781.14,23733.2,2042.93,-141.766,-5246.71
387.5,6.45823,41432.0,-8573.06,20898.9,2085.55,-35.0312,-5180.67
387.6,6.47375,41458.2,-14250.0,19258.4,2151.67,33.0762,-5249.64
387.7,6.46813,41378.3,-17769.3,18383.5,2181.32,-51.5718,-5281.19
387.8,6.45802,41334.6,-16470.3,17947.3,2184.09,-175.436,-5160.03
387.9,6.43077,41238.2,-13993.5,16026.2,2136.52,-253.674,-4986.55
388.0,6.40979,41339.1,-11891.2,11528.4,2039.95,-202.757,-5015.93
388.1,6.44116,41602.4,-11371.1,6991.87,2059.82,-42.6763,-5103.92
388.2,6.48962,41583.6,-8935.12,4664.58,2098.12,12.1316,-5073.1
388.3,6.51565,41411.1,-5755.28,4686.88,2182.08,-42.8922,-4936.69
388.4,6.52513,41142.1,-5072.12,6431.65,2285.32,-103.107,-4871.43
388.5,6.49312,40908.3,-6763.21,6593.21,2356.16,-147.556,-4931.88
388.6,6.48361,41034.2,-5693.75,4282.03,2359.7,-103.555,-4973.7
388.7,6.52911,41215.9,-2046.14,2967.46,2336.45,-30.9016,-4813.65
388.8,6.56872,41136.2,2658.35,4905.3,2242.9,-102.386,-4672.81
388.9,6.59423,40942.8,2719.68,9325.92,2209.24,-347.808,-4729.38
389.0,6.58958,40698.2,784.352,13613.4,2155.07,-590.182,-4936.45
389.1,6.55334,40715.6,1145.82,14411.5,2075.85,-569.819,-5018.57
389.2,6.55504,40872.1,5631.16,11968.3,2026.05,-373.134,-4908.35
389.3,6.58682,40924.5,8165.19,10927.7,2027.85,-175.856,-4804.58
389.4,6.61568,40921.4,7133.94,13613.7,2081.86,-168.362,-4960.12
389.5,6.62268,40771.2,2615.88,19835.4,2109.62,-302.009,-5086.45
389.6,6.58381,40654.1,1856.65,25523.0,2106.86,-481.264,-5114.81
389.7,6.55212,40773.3,2279.83,26741.3,2046.23,-538.64,-4977.83
389.8,6.57499,40946.5,2223.95,24631.4,1959.16,-450.096,-4961.71
389.9,6.63037,40983.8,-1951.15,22309.1,1915.06,-390.035,-5058.07
390.0,6.68818,40988.7,-3736.05,21617.0,1910.43,-460.426,-5247.96
390.1,6.73108,40872.5,-3407.6,23682.3,1962.49,-500.587,-5250.11
390.2,6.71669,40696.7,-2709.75,26285.8,1938.65,-420.589,-5154.97
390.3,6.68702,40738.6,-5086.47,25681.6,1917.1,-311.246,-5147.54
390.4,6.68099,40832.6,-8971.72,23129.6,1906.18,-115.09,-5211.2
390.5,6.68995,40841.5,-10918.4,20972.6,1881.09,73.7445,-5116.96
390.6,6.70706,40881.6,-13024.7,21022.1,1928.86,65.3652,-4913.88
390.7,6.70924,40759.2,-15447.3,24264.7,1911.7,-144.609,-4983.96
390.8,6.66176,40639.3,-17203.9,27389.6,1902.84,-408.253,-5278.58
390.9,6.6337,40796.7,-15396.1,28043.2,1929.89,-441.552,-5392.58
391.0,6.65028,40874.5,-10437.2,25611.2,1915.71,-348.29,-5223.12
391.1,6.67599,40912.2,-6857.44,21260.3,1918.28,-223.562,-5080.75
391.2,6.71266,40914.0,-6377.4,18326.7,1947.39,-53.3825,-5103.39
391.3,6.71024,40711.7,-6855.86,17755.9,1968.84,35.2259,-5022.64
391.4,6.66517,40677.6,-2643.65,16848.7,1927.43,-25.3862,-4815.24
391.5,6.63887,40764.0,3946.3,15160.5,1828.56,-69.5632,-4612.67
391.6,6.62879,40800.2,5477.89,13215.5,1741.15,-39.9586,-4554.01
391.7,6.64504,40905.4,2937.65,10656.0,1682.89,-94.6513,-4775.43
391.8,6.6733,40862.9,1083.83,9520.76,1620.27,-224.774,-5041.19
391.9,6.66112,40705.3,3627.38,9742.99,1560.38,-332.734,-5057.52
392.0,6.6387,40777.1,8089.53,9620.06,1536.32,-325.43,-4966.32
392.1,6.65361,40898.2,7615.73,10221.3,1559.35,-154.356,-4946.54
392.2,6.6743,40850.9,5317.46,12002.0,1541.13,12.8527,-5051.55
392.3,6.69195,40864.6,4442.44,15576.7,1590.27,93.395,-4989.44
392.4,6.68995,40738.5,6850.55,20913.8,1618.73,30.3646,-4757.39
392.5,6.63266,40600.1,10075.2,25498.2,1598.85,-103.839,-4723.86
392.6,6.57725,40688.1,9230.79,26839.7,1572.53,-189.994,-4900.3
392.7,6.56165,40810.3,9479.12,26601.6,1525.84,-143.205,-5174.65
392.8,6.57906,40910.0,10132.4,26584.3,1499.74,-74.0846,-5202.94
392.9,6.62056,40930.5,11339.9,28093.9,1502.69,-122.893,-5168.84
393.0,6.63995,40798.9,9399.72,31524.6,1568.94,-183.512,-5238.12
393.1,6.61194,40685.6,6060.81,34136.2,1627.24,-145.058,-5295.52
393.2,6.57091,40685.0,3140.31,33096.6,1649.96,-79.4862,-5110.5
393.3,6.54357,40769.7,3127.15,29325.0,1666.65,33.5649,-4888.33
393.4,6.54417,40832.5,3572.8,23443.7,1634.94,41.189,-4819.53
393.5,6.56383,40905.8,4546.81,19451.9,1647.23,69.4405,-4962.71
393.6,6.57786,40788.8,4485.47,18178.8,1641.87,-23.8806,-5060.85
393.7,6.55585,40726.2,8236.86,18722.6,1612.71,-173.694,-5215.5
393.8,6.53579,40750.8,11594.9,19503.5,1559.74,-255.667,-5252.96
393.9,6.52614,40804.6,11949.7,20657.8,1561.28,-171.343,-5206.44
394.0,6.53632,40860.0,9110.78,21111.0,1570.49,-127.089,-5166.08
394.1,6.55552,40879.0,6084.74,22950.0,1621.03,-88.3025,-5146.77
394.2,6.54969,40723.4,4501.11,26036.1,1671.9,-126.125,-5029.54
394.3,6.50678,40674.6,5863.98,28243.7,1723.36,-234.414,-4967.03
394.4,6.47157,40726.7,6216.88,28316.0,1725.45,-310.738,-4949.95
394.5,6.46107,40831.8,6459.96,26994.2,1689.48,-246.123,-5064.42
394.6,6.4781,41036.8,6844.52,24322.0,1643.29,-189.138,-5139.94
394.7,6.52702,41142.2,8400.37,23443.2,1605.66,-160.623,-5141.56
394.8,6.55343,40950.0,9261.6,25118.4,1584.44,-217.045,-5087.37
394.9,6.54153,40736.1,8710.88,27227.2,1581.33,-325.049,-5057.16
395.0,6.51145,40700.0,6877.52,28250.8,1575.18,-355.746,-5026.31
395.1,6.47695,40730.2,5157.45,28193.7,1567.42,-244.761,-4953.13
395.2,6.46146,40955.9,4543.81,28223.1,1543.57,-132.107,-4866.67
395.3,6.45643,41067.8,4353.12,30033.9,1505.08,-192.844,-4840.01
395.4,6.43997,41075.1,5337.01,33048.0,1472.73,-379.15,-4912.32
395.5,6.4249,41129.7,8550.67,35283.6,1437.83,-511.201,-4981.35
395.6,6.42251,41212.2,12981.7,34702.6,1435.59,-559.812,-4966.33
395.7,6.43467,41351.7,18595.2,32488.5,1437.38,-487.082,-4961.31
395.8,6.46037,41430.5,21139.2,30308.6,1492.17,-448.936,-4929.41
395.9,6.48217,41402.6,20221.8,30291.9,1580.47,-450.081,-4924.67
396.0,6.49225,41325.1,19094.1,31932.7,1675.33,-472.422,-4988.36
396.1,6.48605,41193.2,18008.2,32613.3,1784.42,-530.07,-4983.49
396.2,6.47348,41157.8,16590.9,30786.1,1858.17,-507.969,-4912.59
396.3,6.47555,41213.7,14287.8,26950.0,1926.73,-428.522,-4936.77
396.4,6.48602,41227.0,12077.0,23038.6,1921.13,-389.939,-5042.47
396.5,6.49664,41195.6,11719.0,21445.3,1823.67,-410.392,-5103.96
396.6,6.50123,41141.7,14725.3,22845.1,1783.03,-473.331,-5121.29
396.7,6.4938,41068.8,16672.1,25314.5,1728.76,-521.46,-5054.31
396.8,6.47749,41061.0,16738.8,26795.4,1729.53,-501.881,-5062.77
396.9,6.45715,41106.4,15630.9,27269.8,1765.79,-370.311,-5063.78
397.0,6.43317,41171.2,14478.5,27130.4,1835.69,-250.089,-4967.45
397.1,6.4122,41252.0,14117.3,28068.9,1838.57,-214.02,-4869.33
397.2,6.40089,41349.6,12051.0,30404.8,1845.62,-297.769,-4860.85
397.3,6.4078,41460.3,8970.84,32716.7,1830.04,-413.8,-4985.66
397.4,6.44844,41589.1,5984.54,35044.0,1847.29,-418.731,-5117.25
397.5,6.4942,41519.3,4204.53,36422.0,1841.42,-425.739,-5155.9
397.6,6.52851,41366.1,259.594,36681.8,1826.12,-409.966,-5113.94
397.7,6.55426,41214.3,-3903.19,36418.4,1830.0,-361.821,-5174.15
397.8,6.5524,41030.1,-5354.57,34437.4,1812.86,-313.241,-5209.64
397.9,6.56424,41064.5,-3325.28,31520.6,1845.5,-188.638,-5032.38
398.0,6.58342,41003.0,738.695,29430.0,1851.59,-69.1131,-4822.96
398.1,6.56953,40796.9,1755.29,28850.3,1839.51,-62.2152,-4783.01
398.2,6.53264,40684.2,916.321,30125.4,1819.4,-137.751,-4930.43
398.3,6.49278,40689.8,1079.68,33515.7,1789.56,-198.077,-5013.92
398.4,6.45432,40762.5,3690.23,35617.8,1738.23,-352.163,-4968.7
398.5,6.44694,41007.4,4887.76,35711.5,1652.05,-419.267,-4941.09
398.6,6.43915,41077.2,5475.04,33503.2,1589.39,-391.551,-5115.83
398.7,6.42658,41142.6,5786.41,29507.0,1592.51,-275.203,-5190.71
398.8,6.42953,41230.3,10973.0,25210.1,1582.65,-211.874,-5099.79
398.9,6.43338,41255.4,15889.8,23176.1,1592.45,-151.865,-4912.92
399.0,6.44225,41297.4,16799.7,23124.3,1636.38,-99.525,-4902.72
399.1,6.46771,41332.2,13493.3,24187.8,1700.85,-100.424,-5047.05
399.2,6.48203,41245.0,11116.6,25995.1,1714.56,-101.145,-5127.92
399.3,6.47994,41141.1,11259.9,26449.8,1660.58,-174.295,-5020.18
399.4,6.47278,41120.7,10107.8,26026.8,1567.02,-220.514,-4928.43
399.5,6.4611,41134.8,7389.76,25417.6,1438.02,-208.655,-5100.06
399.6,6.47004,41306.3,3591.79,25764.4,1405.28,-150.523,-5256.61
399.7,6.49242,41358.6,-191.518,28110.1,1419.55,-96.001,-5178.6
399.8,6.48233,41208.0,-1240.79,31509.9,1489.52,-77.1666,-5163.82
399.9,6.44766,41094.5,-3333.05,34832.1,1576.78,-37.7442,-5195.06
400.0,6.38355,41024.4,-6788.56,36023.5,1630.21,-25.5923,-5159.1
400.1,6.32962,41226.8,-9425.17,35274.4,1646.65,19.9721,-5082.93
400.2,6.3171,41556.7,-11570.7,33317.6,1643.25,33.3196,-5019.89
400.3,6.3309,41740.4,-12144.7,31215.3,1574.13,-34.9156,-5079.74
400.4,6.34636,41774.9,-13221.9,29901.6,1499.25,-98.3256,-5126.74
400.5,6.34012,41622.8,-13450.7,28050.4,1387.53,-167.615,-5144.35
400.6,6.31029,41582.5,-12490.8,24747.7,1296.88,-144.175,-5189.51
400.7,6.29873,41772.0,-10311.8,20447.2,1227.58,-4.75525,-5191.62
400.8,6.30505,41987.0,-7396.57,16545.1,1171.26,128.706,-5096.01
400.9,6.3148,42114.5,-6260.52,15012.3,1164.11,173.145,-4936.76
401.0,6.30628,42085.1,-7771.66,15214.2,1200.93,44.66,-4856.25
401.1,6.27472,42058.5,-7813.1,16260.6,1225.09,-65.3382,-4951.26
401.2,6.2379,42123.3,-5997.38,16831.6,1180.32,-110.36,-4940.67
401.3,6.21152,42347.5,-2286.74,17442.0,1130.55,-135.65,-4861.75
401.4,6.21588,42597.8,50.0677,18626.6,1080.94,-233.168,-4880.77
401.5,6.23905,42792.3,726.627,20823.7,1060.19,-315.407,-5060.05
401.6,6.24996,42710.7,2466.26,23252.1,1037.46,-323.383,-5161.37
401.7,6.21844,42513.7,5588.3,24655.6,1040.46,-288.956,-5037.81
401.8,6.16214,42469.3,7375.99,24302.5,1106.69,-252.963,-4913.88
401.9,6.11587,42644.3,8025.89,22800.5,1145.34,-212.295,-5008.13
402.0,6.09855,42944.8,9208.54,21763.9,1168.81,-165.487,-5076.66
402.1,6.10306,43172.2,11966.5,21868.2,1220.21,-211.736,-4957.35
402.2,6.11582,43245.8,15386.2,23870.6,1247.37,-309.312,-4896.89
402.3,6.10916,43175.9,14693.2,26644.5,1256.95,-426.175,-5006.06
402.4,6.08815,43183.6,12922.8,28935.1,1218.69,-482.671,-5203.63
402.5,6.07614,43347.8,11437.9,30485.4,1171.68,-462.942,-5203.21
402.6,6.07595,43509.2,10186.1,31296.8,1127.32,-439.864,-5067.63
402.7,6.08344,43640.2,7822.71,31278.6,1128.67,-430.27,-5090.72
402.8,6.08168,43737.2,3602.23,31049.1,1168.84,-372.25,-5219.1
402.9,6.04588,43650.5,1990.25,30693.1,1202.34,-295.285,-5252.03
403.0,5.99742,43691.7,2239.87,30128.7,1235.75,-274.358,-5101.97
403.1,5.96622,43887.9,2298.69,30267.9,1239.62,-286.511,-5017.5
403.2,5.96616,44008.3,-43.4958,31019.3,1284.59,-324.887,-5128.65
403.3,5.98038,44072.8,-1352.24,31289.2,1315.99,-402.65,-5259.97
403.4,5.99225,44178.8,-185.282,31122.9,1357.98,-426.922,-5191.03
403.5,5.98832,44331.6,1099.18,31103.7,1410.94,-366.336,-5045.78
403.6,5.97381,44269.9,-610.728,30940.2,1429.13,-324.393,-5068.12
403.7,5.96689,44391.4,-4238.51,32211.3,1438.77,-260.139,-5215.06
403.8,5.96153,44439.1,-8236.88,33712.5,1426.79,-272.859,-5155.74
403.9,5.947,44473.2,-9737.08,33900.1,1418.31,-309.532,-5021.26
404.0,5.92636,44477.7,-11020.4,31752.6,1405.91,-302.451,-4978.95
404.1,5.89311,44516.1,-13257.8,28255.1,1396.35,-230.163,-5049.61
404.2,5.86174,44667.9,-14392.9,24343.4,1358.59,-228.059,-5079.05
404.3,5.855,44845.9,-13572.2,22981.4,1376.8,-222.239,-5016.47
404.4,5.86172,44784.9,-11985.6,23736.5,1423.37,-294.291,-4972.15
404.5,5.86125,44757.8,-11530.8,26214.7,1499.99,-288.597,-5034.05
404.6,5.85154,44681.6,-11661.1,28285.0,1593.22,-304.62,-5067.07
404.7,5.82151,44684.0,-10273.9,29232.4,1689.0,-265.231,-5016.04
404.8,5.80657,44751.7,-6924.76,29236.7,1709.74,-202.51,-4936.49
404.9,5.80445,44768.5,-5099.56,29280.0,1733.95,-189.067,-4888.47
405.0,5.81527,44903.0,-7216.66,30057.6,1767.06,-195.953,-4905.82
405.1,5.82756,45045.7,-8818.69,31138.1,1738.29,-248.051,-5023.23
405.2,5.81557,44996.6,-11430.6,32228.9,1714.46,-238.139,-5015.82
405.3,5.79394,45002.9,-11382.9,32443.9,1692.95,-186.069,-5054.48
405.4,5.77704,45017.5,-10919.4,32380.9,1667.66,-106.865,-5128.96
405.5,5.76491,45034.7,-11911.5,32868.0,1701.39,-35.8265,-5162.13
405.6,5.75681,45046.0,-11513.4,34553.0,1747.15,4.15013,-5228.84
405.7,5.74991,45032.8,-7958.66,37246.9,1808.88,-10.3398,-5265.71
405.8,5.73105,44995.4,-2095.25,40010.4,1841.62,-65.4268,-5193.9
405.9,5.70451,44995.0,4643.65,40788.3,1829.65,-146.329,-5105.0
406.0,5.69042,45037.6,8009.62,39123.6,1803.3,-146.193,-5023.26
406.1,5.69321,45096.2,9889.0,35468.3,1803.5,-89.3378,-5036.28
406.2,5.7172,45152.7,10884.6,31564.5,1811.13,-16.362,-5025.87
406.3,5.7418,45111.6,12057.6,28860.4,1811.99,10.7615,-4999.91
406.4,5.74727,45049.6,11841.4,27669.1,1846.72,38.5382,-5041.38
406.5,5.7326,45000.0,8686.01,27254.9,1851.11,90.4815,-5133.09
406.6,5.71521,45018.8,5552.24,27261.7,1881.62,149.01,-5245.53
406.7,5.7059,45057.8,3542.9,26987.8,1879.19,130.984,-5220.09
406.8,5.71922,45131.2,2751.33,27793.9,1890.05,115.561,-5130.08
406.9,5.7304,45068.3,1111.85,29444.2,1898.89,23.4481,-5081.41
407.0,5.72274,45027.1,-186.441,31167.0,1909.99,-100.275,-5130.29
407.1,5.71407,45037.3,-1153.84,32439.7,1919.4,-158.601,-5110.54
407.2,5.69699,44998.4,-1298.92,31993.5,1882.53,-152.814,-5014.81
407.3,5.69337,45093.0,-1575.54,30793.0,1879.35,-29.5132,-5016.92
407.4,5.7055,45088.7,-4114.53,29968.0,1908.26,66.7341,-5120.87
407.5,5.70207,45038.5,-6690.51,30545.4,1938.78,110.322,-5257.95
407.6,5.69445,45043.0,-7809.91,32617.9,1964.77,110.247,-5297.46
407.7,5.67444,44980.4,-9213.52,35276.2,1952.96,46.7273,-5220.87
407.8,5.6492,45014.8,-11567.9,36077.5,1932.36,-81.3587,-5210.05
407.9,5.66129,45146.7,-15448.3,35594.1,1953.13,-117.279,-5224.85
408.0,5.69686,45167.9,-17513.6,35114.5,1975.83,-116.473,-5197.79
408.1,5.7314,45167.4,-17607.5,35778.6,2026.62,-130.517,-5105.05
408.2,5.7578,45097.1,-17751.9,37902.6,2090.39,-189.945,-5063.6
408.3,5.7438,44982.9,-17978.0,39680.9,2077.33,-206.037,-5157.28
408.4,5.72417,45025.9,-18690.2,38705.4,2089.77,-129.578,-5222.17
408.5,5.73573,45141.8,-16594.4,35415.7,2118.78,8.44325,-5223.36
408.6,5.76467,45154.5,-13710.3,32736.5,2116.69,145.348,-5145.94
408.7,5.78639,45096.7,-15982.5,33449.0,2164.39,131.553,-5064.99
408.8,5.77066,44973.3,-21855.4,37543.9,2206.86,-83.2237,-5180.47
408.9,5.73515,44955.7,-26007.6,41997.8,2223.67,-333.05,-5340.64
409.0,5.71556,45045.6,-25979.1,43270.6,2230.71,-454.225,-5245.18
409.1,5.72631,45121.0,-22771.1,40713.5,2141.48,-379.764,-5059.42
409.2,5.75066,45148.9,-23403.3,37391.9,2091.76,-193.813,-5011.85
409.3,5.77216,45103.3,-26324.9,35950.1,2106.89,-123.712,-5192.57
409.4,5.77775,45058.5,-26140.6,35647.0,2108.05,-228.176,-5301.82
409.5,5.76888,45027.0,-21586.0,33837.0,2098.82,-326.949,-5171.69
409.6,5.75751,45035.8,-15514.3,27508.1,2086.12,-306.764,-5048.23
409.7,5.77756,45183.7,-11071.7,17382.3,2138.51,-170.782,-5110.84
409.8,5.83693,45254.1,-7455.95,8687.62,2197.3,-25.9056,-5158.2
409.9,5.88603,45177.4,-1831.86,5399.85,2213.15,-55.6499,-5023.65
410.0,5.90965,45089.2,4464.17,8144.31,2188.77,-236.162,-4866.99
410.1,5.90991,45037.5,8891.03,13360.8,2166.71,-455.636,-4917.47
410.2,5.8979,45039.0,10023.3,15968.1,2089.43,-526.555,-4983.65
410.3,5.90387,45103.6,9995.26,14960.6,2023.92,-368.859,-4935.81
410.4,5.9233,45132.8,10521.2,14227.4,2032.2,-133.863,-4901.31
410.5,5.92718,45048.6,8206.15,16480.5,2059.09,-102.368,-4945.02
410.6,5.9158,45013.7,4229.84,22082.4,2102.46,-270.755,-5133.84
410.7,5.89422,45006.1,1085.12,28450.1,2178.35,-390.996,-5297.69
410.8,5.88694,45077.8,1545.66,31497.4,2272.18,-389.46,-5315.83
410.9,5.91599,45184.3,1488.34,30773.6,2334.75,-319.264,-5173.0
411.0,5.95819,45191.0,-1280.38,28566.9,2411.83,-266.71,-5136.8
411.1,5.99002,45130.6,-5317.18,27644.2,2429.85,-213.417,-5230.17
411.2,6.00778,44914.2,-7594.64,28712.9,2407.97,-246.34,-5208.88
411.3,6.00798,44720.1,-6957.91,29913.6,2317.65,-351.099,-5076.04
411.4,6.01511,44682.6,-5796.37,29448.4,2213.89,-344.297,-5054.88
411.5,6.02884,44631.1,-6577.87,27175.7,2145.68,-202.564,-5176.53
411.6,6.03599,44548.9,-7682.06,23953.3,2132.39,-90.884,-5259.73
411.7,6.03766,44456.7,-9007.24,22221.5,2139.66,-56.754,-5190.65
411.8,6.02725,44324.2,-9398.32,22599.1,2179.59,-148.681,-5145.62
411.9,6.01944,44365.7,-10399.9,24131.0,2268.79,-218.694,-5187.84
412.0,6.03091,44413.5,-12323.2,24377.3,2311.52,-275.213,-5190.93
412.1,6.04075,44388.0,-12086.5,22738.7,2310.34,-251.318,-5172.38
412.2,6.05441,44366.6,-10289.3,19589.7,2321.02,-151.501,-5105.51
412.3,6.0734,44269.7,-9146.98,17410.8,2301.71,-22.0343,-5047.42
412.4,6.07922,44128.0,-9715.71,16727.2,2286.54,8.36206,-5075.84
412.5,6.09378,44054.4,-8750.83,17438.3,2253.51,9.41322,-5198.66
412.6,6.11297,43938.0,-6361.26,18328.0,2223.61,13.862,-5186.25
412.7,6.11784,43815.0,-4368.85,17526.9,2228.63,26.9527,-5042.1
412.8,6.12781,43728.1,-3470.94,14639.1,2242.97,27.8407,-4977.7
412.9,6.12997,43650.9,-3104.7,10834.7,2272.5,16.1141,-5013.82
413.0,6.1257,43605.1,-836.082,6999.28,2261.85,-3.209,-4990.31
413.1,6.12982,43626.2,3074.15,3937.5,2242.75,-45.0247,-4875.17
413.2,6.13122,43615.4,7680.85,1969.21,2201.4,-62.1491,-4834.25
413.3,6.13722,43656.2,9817.5,1153.16,2237.5,6.708,-4893.03
413.4,6.15199,43638.4,10033.6,1712.2,2273.7,88.5676,-4946.79
413.5,6.14579,43516.8,10368.1,3472.98,2231.99,108.977,-4938.18
413.6,6.13226,43461.3,10373.6,6629.86,2202.68,103.823,-4921.46
413.7,6.12496,43472.8,8388.68,10388.8,2169.06,44.7165,-4952.36
413.8,6.13133,43545.7,5714.74,12781.1,2120.43,-65.8965,-5058.19
413.9,6.15847,43589.6,4045.3,13129.4,2067.46,-135.489,-5120.78
414.0,6.18577,43505.4,3401.34,11959.0,2067.7,-106.147,-5083.92
414.1,6.21934,43427.6,3427.74,11369.7,2121.67,-2.96,-5096.26
414.2,6.24826,43263.3,1354.34,13163.7,2200.01,43.6768,-5150.04
414.3,6.25916,43075.9,-208.131,15908.3,2276.65,-34.7723,-5202.08
414.4,6.2602,42947.5,707.022,16158.0,2272.42,-126.026,-5139.9
414.5,6.25754,42895.4,2978.91,12799.7,2250.22,-41.9771,-4973.24
414.6,6.26184,42900.1,3360.51,6116.02,2262.41,94.1448,-4862.66
414.7,6.28273,42907.2,1616.28,-975.975,2234.47,128.108,-4914.89
414.8,6.30571,42819.1,228.783,-4694.04,2240.09,84.0509,-5040.93
414.9,6.31177,42632.2,934.585,-4480.01,2250.39,-20.6986,-5060.74
415.0,6.29777,42465.4,1455.97,-2744.35,2203.82,-154.966,-5012.84
415.1,6.27664,42407.2,1764.41,-1445.84,2148.62,-208.434,-5089.09
415.2,6.25721,42464.5,-681.946,-1488.35,2095.77,-128.221,-5125.14
415.3,6.25914,42617.5,-2309.6,-2017.41,2095.45,-39.4725,-5074.94
415.4,6.28199,42678.8,-3452.65,-1461.17,2102.55,-52.1635,-4925.87
415.5,6.30231,42594.1,-5880.69,603.278,2130.46,-143.853,-4840.28
415.6,6.31812,42493.1,-7933.7,2688.43,2172.18,-245.295,-4945.65
415.7,6.34009,42398.2,-9107.4,3163.41,2176.53,-279.079,-5041.0
415.8,6.37129,42373.4,-7852.11,1474.4,2179.61,-248.177,-5038.9
415.9,6.40767,42290.2,-6000.8,-1253.7,2125.0,-197.344,-5041.08
416.0,6.4321,42125.8,-5094.71,-3030.61,2062.01,-169.152,-5129.65
416.1,6.4383,41935.7,-5940.14,-3135.83,2012.67,-205.264,-5177.38
416.2,6.43614,41802.3,-5536.19,-1419.63,1957.34,-243.284,-5158.14
416.3,6.42952,41737.0,-5029.76,1494.25,1967.64,-254.581,-5080.98
416.4,6.42857,41703.4,-6694.37,4942.22,2038.2,-276.66,-5013.66
416.5,6.43078,41691.1,-9265.65,8289.71,2151.89,-325.582,-5080.93
416.6,6.43567,41621.5,-10744.7,12027.5,2219.4,-332.719,-5161.39
416.7,6.42423,41524.5,-10711.9,14766.4,2243.66,-389.375,-5128.76
416.8,6.42424,41569.8,-8979.53,15775.8,2253.28,-421.111,-5122.8
416.9,6.45423,41626.8,-8971.73,14998.7,2255.41,-403.545,-5154.58
417.0,6.49144,41605.0,-9391.48,12868.6,2258.99,-324.52,-5202.01
417.1,6.52308,41457.9,-8959.49,9639.73,2236.89,-256.295,-5143.81
417.2,6.53718,41204.3,-5748.96,7233.2,2166.44,-195.475,-5048.29
417.3,6.52579,41013.6,-1849.3,5339.83,2148.18,-224.983,-4933.83
417.4,6.52065,41019.1,-278.124,4277.09,2133.83,-257.87,-4847.62
417.5,6.52877,41035.4,-1334.95,2974.02,2119.95,-316.831,-4794.27
417.6,6.54091,41064.6,-3785.45,-192.674,2117.9,-368.436,-4751.16
417.7,6.55751,41036.3,-5590.15,-5433.42,2073.88,-349.621,-4717.96
417.8,6.5664,40932.7,-5886.27,-9824.88,2029.33,-208.417,-4731.29
417.9,6.56845,40881.2,-7174.06,-13204.1,2009.39,-183.267,-4737.25
418.0,6.59098,40922.7,-8702.39,-15050.6,1995.3,-238.621,-4805.89
418.1,6.62356,40890.5,-10156.1,-15514.4,2033.09,-234.851,-4891.01
418.2,6.63689,40831.4,-10715.8,-16921.7,2076.78,-193.845,-4877.58
418.3,6.64783,40845.2,-11012.6,-19034.9,2112.64,-133.68,-4809.58
418.4,6.64509,40774.1,-10992.7,-20730.5,2122.15,-132.579,-4779.73
418.5,6.63988,40823.6,-10529.1,-22002.9,2111.29,-162.822,-4755.66
418.6,6.66108,40897.5,-8768.78,-22127.3,2038.07,-165.637,-4692.41
418.7,6.68389,40863.6,-5937.37,-21088.1,1967.27,-178.212,-4668.87
418.8,6.69111,40810.7,-3507.58,-20402.1,1862.14,-210.041,-4721.58
418.9,6.679,40728.3,-1301.15,-20055.9,1734.25,-202.107,-4802.47
419.0,6.63552,40661.6,561.464,-20340.1,1686.63,-119.578,-4829.19
419.1,6.60081,40742.7,3178.01,-21528.1,1631.36,-24.7661,-4856.2
419.2,6.59347,40811.0,6212.66,-21989.5,1586.43,30.2987,-4901.59
419.3,6.58979,40806.8,7416.89,-21344.2,1616.61,30.3528,-4861.8
419.4,6.59285,40828.0,10134.1,-20665.3,1639.83,-31.6884,-4824.84
419.5,6.59402,40802.6,11179.9,-19266.3,1628.88,-27.0122,-4697.1
419.6,6.58545,40781.7,10531.3,-17959.2,1585.31,-32.8461,-4594.57
419.7,6.59629,40868.9,7794.98,-17910.4,1530.17,-125.444,-4590.96
419.8,6.6226,40897.0,5648.1,-18280.8,1463.58,-147.082,-4672.25
419.9,6.64088,40842.3,6457.63,-19620.9,1430.85,-98.3124,-4739.85
420.0,6.63907,40782.2,7961.94,-22223.7,1403.33,-25.5975,-4700.12
420.1,6.62173,40732.3,9392.05,-24319.9,1415.72,79.0153,-4735.38
420.2,6.5921,40723.4,9998.08,-24978.6,1475.13,149.123,-4804.43
420.3,6.57943,40813.7,10961.8,-24593.6,1542.7,114.248,-4758.37
420.4,6.58348,40817.5,14634.8,-23102.1,1552.18,16.2281,-4628.87
420.5,6.5688,40735.1,16275.7,-20987.3,1602.3,-70.482,-4484.34
420.6,6.54331,40738.5,14270.0,-18826.8,1656.19,-138.031,-4517.84
420.7,6.52089,40739.6,11471.3,-17233.2,1667.85,-234.884,-4722.86
420.8,6.50383,40771.6,11489.9,-16878.3,1619.83,-290.299,-4876.31
420.9,6.50114,40819.1,13639.4,-18083.3,1538.24,-229.2,-4854.3
421.0,6.50957,40845.3,16863.6,-19668.2,1519.53,-57.474,-4898.61
421.1,6.5154,40806.2,18652.4,-20911.5,1481.05,52.4772,-5016.26
421.2,6.50755,40778.4,19616.1,-20884.1,1455.1,67.755,-5005.48
421.3,6.49469,40755.0,17245.4,-18647.2,1481.12,68.9985,-4772.01
421.4,6.47201,40752.6,13536.1,-17071.0,1503.24,-82.8749,-4681.77
421.5,6.47363,40985.6,7163.24,-16953.9,1507.31,-169.076,-4718.66
421.6,6.48902,41057.1,2953.14,-18564.9,1434.22,-185.197,-4752.58
421.7,6.48873,41063.1,3523.48,-20849.5,1319.45,-135.115,-4724.72
421.8,6.48462,41069.3,5425.45,-22613.0,1179.16,-138.611,-4666.96
421.9,6.47183,41049.2,4603.22,-22433.2,1049.48,-142.086,-4698.67
422.0,6.45758,41126.4,3191.47,-20982.9,951.666,-94.5415,-4835.22
422.1,6.45358,41222.4,5059.63,-20051.6,934.649,-67.7377,-4857.6
422.2,6.4399,41187.4,8639.18,-20438.2,967.787,-82.0954,-4614.83
422.3,6.39952,41149.6,11784.7,-21748.3,1030.26,-80.7282,-4427.6
422.4,6.35455,41205.2,12758.6,-24232.2,1097.48,-160.747,-4473.29
422.5,6.32331,41411.1,12812.4,-25912.3,1117.76,-191.773,-4526.15
422.6,6.32032,41645.7,14466.0,-26414.7,1083.66,-267.086,-4475.45
422.7,6.33857,41846.7,16739.6,-24785.1,1060.4,-328.243,-4464.38
422.8,6.36588,41887.2,17624.4,-20949.6,1049.88,-345.934,-4616.54
422.9,6.36154,41728.9,15659.9,-16396.4,1051.06,-380.63,-4763.17
423.0,6.33133,41663.3,14458.7,-13250.9,1073.04,-422.588,-4801.73
423.1,6.29845,41736.2,15998.1,-12581.7,1030.97,-417.421,-4723.49
423.2,6.26519,41889.8,18163.4,-14315.4,1002.98,-382.279,-4601.09
423.3,6.23789,42092.7,18323.8,-18219.9,1040.38,-383.875,-4517.69
423.4,6.23616,42317.4,17305.4,-20906.4,1135.63,-298.531,-4545.85
423.5,6.22315,42318.7,16346.5,-20593.0,1147.6,-238.626,-4592.12
423.6,6.18864,42352.8,15507.5,-17405.7,1127.3,-268.555,-4609.44
423.7,6.16219,42477.1,14394.0,-12932.2,1084.42,-384.407,-4698.91
423.8,6.14135,42552.1,14764.7,-10587.1,1055.07,-495.871,-4896.48
423.9,6.14655,42671.1,15021.7,-12289.1,1068.47,-463.451,-4930.71
424.0,6.16598,42703.6,15764.7,-15580.7,1122.1,-312.543,-4851.78
424.1,6.16408,42750.9,16053.3,-18214.3,1202.86,-275.074,-4819.28
424.2,6.15567,43055.0,15093.3,-18095.8,1311.07,-324.498,-4805.86
424.3,6.16617,43074.9,13329.3,-14429.9,1413.2,-337.014,-4722.91
424.4,6.16351,43069.9,12596.9,-10858.1,1436.01,-371.747,-4609.27
424.5,6.16909,43124.2,11679.3,-8766.44,1365.45,-304.088,-4553.74
424.6,6.1648,43063.6,11067.1,-6831.17,1283.66,-210.462,-4656.83
424.7,6.12319,43029.1,9714.77,-4391.27,1220.52,-204.375,-4771.84
424.8,6.09131,43186.2,6503.96,-1190.69,1225.34,-347.371,-4881.22
424.9,6.06795,43369.7,1041.72,2424.65,1262.53,-492.194,-5020.5
425.0,6.03443,43522.4,-5656.88,3050.77,1333.0,-524.272,-5142.03
425.1,6.02397,43667.1,-9240.68,497.876,1431.91,-409.323,-5135.56
425.2,6.01765,43612.4,-9395.03,-2514.58,1466.72,-208.169,-4924.83
425.3,6.01188,43650.4,-8697.21,-4833.55,1513.17,-123.532,-4695.01
425.4,6.02188,43707.7,-8441.85,-5677.75,1514.18,-140.814,-4657.22
425.5,6.01998,43727.6,-8414.31,-5661.3,1455.16,-143.498,-4696.04
425.6,6.00145,43964.4,-6086.71,-7519.77,1410.82,-140.744,-4709.69
425.7,6.00162,44220.1,-2712.66,-11081.2,1372.07,-122.148,-4730.18
425.8,5.99728,44223.9,-14.878,-14238.3,1311.99,-99.1785,-4856.9
425.9,5.98096,44257.4,205.446,-15972.8,1362.16,-112.725,-5007.46
426.0,5.99301,44406.2,845.611,-14274.7,1488.33,-103.549,-5070.37
426.1,5.99545,44366.1,997.215,-10441.8,1570.24,-146.952,-4913.28
426.2,5.98355,44377.8,1340.67,-7164.54,1646.71,-178.67,-4739.98
426.3,5.96608,44364.5,545.182,-5636.26,1633.93,-116.447,-4617.5
426.4,5.9259,44368.3,332.979,-6235.03,1603.03,-16.1108,-4551.31
426.5,5.89852,44596.8,2372.66,-7393.89,1533.53,92.628,-4520.25
426.6,5.88698,44722.3,3475.99,-7558.67,1413.19,61.5312,-4500.93
426.7,5.84995,44779.6,5918.58,-7024.5,1342.72,-28.586,-4737.78
426.8,5.8215,44894.9,7268.66,-8001.05,1364.0,-90.3869,-4946.67
426.9,5.80296,44904.9,11028.5,-10115.0,1366.58,-22.1353,-4994.62
427.0,5.78697,44895.7,16710.2,-12214.5,1383.57,107.001,-4894.94
427.1,5.80033,44899.4,19237.2,-10690.9,1432.19,191.59,-4699.35
427.2,5.81819,44790.8,18289.2,-4239.85,1501.89,76.9497,-4606.36
427.3,5.82646,44798.3,16207.4,4478.21,1565.7,-133.746,-4636.47
427.4,5.82554,44854.4,15940.8,11888.5,1605.38,-277.417,-4668.16
427.5,5.80466,44952.2,16266.4,16054.0,1634.09,-233.17,-4673.5
427.6,5.78188,44996.3,13836.2,16079.4,1574.35,-175.286,-4776.33
427.7,5.76804,45047.9,7153.95,15030.1,1512.53,-118.647,-4997.65
427.8,5.75413,44997.9,1056.04,14170.5,1401.72,-96.5007,-5209.19
427.9,5.72848,44988.6,-2495.16,13054.8,1325.71,-83.4183,-5188.86
428.0,5.70168,44971.0,-3766.02,11354.7,1325.48,-44.057,-5043.04
428.1,5.65491,44822.5,-6678.78,8313.63,1324.42,-0.23725,-4934.51
428.2,5.59361,44650.9,-11064.2,3620.9,1338.72,5.1055,-4914.96
428.3,5.54447,44399.7,-14265.4,-1917.54,1427.78,-21.0225,-4858.82
428.4,5.51917,43966.6,-14740.3,-7077.64,1462.4,-11.8775,-4738.76
428.5,5.52198,43459.7,-14729.3,-11105.0,1526.73,-3.2205,-4722.72
428.6,5.54948,42888.9,-14940.9,-13324.3,1563.85,-17.3662,-4914.67
428.7,5.58144,42383.8,-14857.4,-13525.1,1561.29,-8.43937,-5075.98
428.8,5.60453,42061.8,-13664.3,-12903.1,1532.58,-20.2096,-5052.73
428.9,5.62167,42002.7,-12440.1,-11653.1,1514.37,2.77725,-4970.22
429.0,5.63807,42104.0,-13658.9,-9679.1,1536.28,35.4661,-4958.17
429.1,5.64607,42308.8,-17565.7,-6845.21,1587.09,-2.93863,-4952.16
429.2,5.63435,42589.7,-21093.2,-3700.93,1645.03,-104.018,-4891.19
429.3,5.6061,42895.6,-21731.5,-1631.76,1726.17,-231.602,-4847.51
429.4,5.56806,43155.4,-21439.4,-1787.5,1792.73,-282.067,-4831.17
429.5,5.53526,43339.7,-21413.9,-4663.45,1793.02,-268.285,-4857.32
429.6,5.5118,43411.5,-21148.7,-8793.04,1763.93,-205.134,-4903.01
429.7,5.51141,43440.6,-20691.4,-12129.1,1759.22,-104.164,-4903.47
429.8,5.52289,43344.0,-19791.4,-13829.2,1720.7,-59.0906,-4882.11
429.9,5.52315,43232.4,-19574.4,-13725.1,1697.08,-72.3282,-4885.62
430.0,5.49984,43189.7,-19800.7,-13240.5,1670.41,-121.141,-4915.11
430.1,5.47306,43275.1,-20059.3,-13036.6,1661.28,-138.111,-4925.77
430.2,5.45855,43351.6,-18823.8,-13320.8,1643.37,-170.682,-4927.56
430.3,5.4769,43480.0,-16259.3,-13620.6,1658.5,-239.201,-4929.64
430.4,5.52756,43567.3,-12001.3,-13414.3,1629.33,-318.016,-4948.96
430.5,5.57831,43654.3,-6415.78,-12133.7,1583.71,-324.587,-4936.36
430.6,5.61916,43945.2,-841.032,-9782.9,1591.82,-267.652,-4893.48
430.7,5.6502,44378.1,2677.76,-7087.39,1609.36,-227.15,-4850.83
430.8,5.6724,44966.6,4983.21,-4384.06,1638.03,-179.178,-4879.69
430.9,5.67976,45081.6,6319.92,-2375.46,1680.4,-114.123,-4878.29
431.0,5.67149,45029.9,6017.55,234.259,1727.62,-5.929,-4851.49
431.1,5.6341,44918.7,4919.96,4220.3,1754.53,5.86325,-4923.32
431.2,5.5783,44905.2,2714.18,9348.33,1728.13,-123.5,-5039.39
431.3,5.52799,44940.3,1609.68,15024.1,1669.08,-261.859,-5119.75
431.4,5.49186,44986.9,838.905,19673.4,1622.6,-323.198,-5088.87
431.5,5.48436,45088.4,-252.807,22727.2,1642.48,-296.019,-5069.61
431.6,5.49331,45072.4,-4766.0,24463.0,1705.42,-263.403,-5037.2
431.7,5.49012,45044.4,-10415.4,24865.1,1824.01,-225.472,-5051.0
431.8,5.48476,45054.6,-13932.9,23147.5,1956.71,-156.442,-5059.31
431.9,5.49667,45083.0,-16326.2,19620.2,2076.43,-17.6035,-4996.12
432.0,5.51801,45093.5,-18824.8,14230.7,2146.33,94.4938,-4957.51
432.1,5.56212,45233.3,-22209.8,8558.68,2235.29,157.627,-5045.2
432.2,5.61062,45176.5,-23768.4,4812.7,2251.09,165.949,-5170.73
432.3,5.64024,45123.8,-21974.5,3127.5,2244.36,61.1025,-5190.24
432.4,5.66517,45135.5,-19709.8,3179.18,2228.76,-82.3924,-5090.6
432.5,5.68132,45086.2,-20444.0,3582.71,2242.63,-180.346,-5055.15
432.6,5.69031,45093.2,-23188.5,2931.49,2331.34,-150.37,-5137.06
432.7,5.697,45063.5,-24894.0,177.555,2425.11,-85.7868,-5118.53
432.8,5.67249,44959.3,-21218.1,-3972.59,2469.1,19.1136,-5001.35
432.9,5.631,44938.1,-15684.7,-8531.33,2525.19,136.478,-4870.7
433.0,5.58594,44952.2,-14596.3,-12844.1,2559.32,209.454,-4821.97
433.1,5.56334,45043.3,-15318.7,-15530.6,2572.69,267.693,-4982.58
433.2,5.56428,45086.2,-13938.6,-16423.0,2552.61,227.534,-5075.16
433.3,5.5811,45127.3,-11563.2,-15493.6,2558.69,115.649,-4913.34
433.4,5.60401,45122.3,-12485.7,-13388.3,2555.29,-10.591,-4796.41
433.5,5.61667,45084.4,-16575.2,-10954.1,2521.47,-93.709,-4968.92
433.6,5.63089,45112.8,-19338.3,-9371.49,2464.91,-123.196,-5092.12
433.7,5.67284,45218.7,-16731.9,-8058.58,2426.16,-62.3387,-4904.41
433.8,5.73101,45237.2,-10465.9,-7220.08,2394.65,-10.9403,-4671.36
433.9,5.78915,45214.8,-6525.04,-6323.06,2405.84,47.8329,-4698.84
434.0,5.82248,45111.8,-5652.84,-5208.48,2443.88,83.0805,-4854.43
434.1,5.82216,45027.0,-2911.49,-4055.74,2470.13,69.8832,-4883.94
434.2,5.81273,45053.9,2122.31,-3142.46,2484.97,-9.15287,-4750.92
434.3,5.81422,45090.5,5065.46,-1213.42,2486.27,-54.6774,-4722.27
434.4,5.82974,45123.0,2521.62,2599.38,2555.17,-99.5945,-4913.74
434.5,5.84746,45124.9,-2094.44,8342.71,2665.56,-177.342,-5120.49
434.6,5.85102,45034.1,-4684.85,14532.3,2726.18,-295.316,-5107.36
434.7,5.81971,44948.0,-4210.12,18290.0,2706.39,-379.431,-4994.36
434.8,5.7863,44998.5,-5420.54,18269.7,2666.6,-285.321,-4944.68
434.9,5.78747,45110.7,-8649.85,15899.3,2644.61,-92.2996,-5018.58
435.0,5.81562,45172.2,-9993.23,13011.0,2617.93,-9.46944,-5088.06
435.1,5.8549,45165.0,-10452.0,11373.0,2614.75,-37.0158,-4988.45
435.2,5.86494,45038.9,-9757.34,10336.7,2650.86,-109.18,-4997.52
435.3,5.85397,45024.8,-12212.4,8371.95,2716.18,-104.011,-5114.55
435.4,5.85897,45105.0,-14891.9,4624.06,2715.94,-67.073,-5220.95
435.5,5.89499,45213.4,-13525.5,2063.63,2659.53,39.259,-5177.66
435.6,5.95034,45220.2,-10329.1,918.84,2562.79,-11.4634,-4950.78
435.7,6.00445,45215.8,-8576.74,1697.32,2514.69,-144.156,-4815.48
435.8,6.0348,45097.9,-7446.25,2251.46,2450.47,-284.453,-4887.35
435.9,6.03306,44988.4,-7084.66,919.073,2392.41,-283.624,-4877.31
436.0,6.03163,44820.2,-5147.84,-2509.15,2363.17,-200.879,-4780.48
436.1,6.04149,44754.2,-3515.21,-5963.26,2369.18,-109.863,-4785.61
436.2,6.0651,44718.3,-3533.18,-8864.48,2428.58,-104.558,-4920.17
436.3,6.09047,44517.2,-2632.28,-11176.5,2469.84,-136.236,-5039.2
436.4,6.08915,44191.9,503.805,-13228.0,2502.84,-135.5,-4975.49
436.5,6.07302,43996.9,4801.95,-14442.4,2508.96,-89.8848,-4870.97
436.6,6.08052,43985.3,5795.17,-12046.2,2509.19,-78.0769,-4851.78
436.7,6.10499,44008.0,2316.69,-5551.37,2525.71,-235.891,-4909.68
436.8,6.14658,43986.6,-1911.61,2783.07,2549.3,-493.907,-4981.39
436.9,6.17512,43760.1,-3258.56,9797.16,2489.38,-631.851,-5006.74
437.0,6.16962,43513.2,-3021.22,13108.3,2457.6,-565.968,-4996.79
437.1,6.1663,43469.1,-3112.45,13455.6,2431.14,-398.901,-5053.38
437.2,6.18896,43546.6,-5888.14,13894.3,2407.44,-250.196,-5132.18
437.3,6.23225,43608.9,-9893.66,16651.3,2393.37,-149.121,-5181.81
437.4,6.2806,43501.8,-13925.2,21053.7,2414.57,-137.7,-5179.04
437.5,6.30107,43197.0,-16488.4,24704.1,2420.18,-229.04,-5187.53
437.6,6.28508,42917.2,-18950.1,25306.5,2426.42,-288.825,-5187.11
437.7,6.27168,42862.6,-21473.7,23547.1,2473.16,-236.353,-5203.35
437.8,6.27934,42919.6,-22730.7,20840.2,2478.47,-208.248,-5237.31
437.9,6.31871,43000.8,-21644.7,18866.4,2439.38,-262.671,-5222.17
438.0,6.37072,42855.9,-19267.5,18605.8,2379.38,-305.338,-5089.07
438.1,6.39542,42504.5,-17488.0,18739.7,2371.02,-259.234,-4966.19
438.2,6.40113,42168.0,-18729.1,17036.3,2360.16,-174.687,-4923.42
438.3,6.40002,41989.4,-20162.7,14085.8,2359.65,-57.366,-4969.26
438.4,6.39749,41880.9,-20725.6,9762.07,2333.46,-9.0085,-4931.67
438.5,6.403,41883.1,-20574.9,5177.18,2318.85,14.545,-4881.83
438.6,6.41364,41825.1,-21275.1,2089.21,2312.34,49.7542,-4983.96
438.7,6.40078,41665.6,-21595.0,-51.0808,2275.37,-13.0302,-5147.56
438.8,6.38678,41660.5,-19994.7,-1994.93,2255.73,-125.07,-5159.02
438.9,6.3932,41722.5,-13983.6,-3948.66,2198.38,-165.64,-5023.17
439.0,6.4121,41800.4,-7116.87,-6257.68,2166.08,-132.477,-4844.76
439.1,6.44379,41812.4,-3964.89,-8607.07,2112.85,-76.7841,-4713.46
439.2,6.46869,41697.8,-3589.5,-8596.29,2081.8,16.3311,-4725.79
439.3,6.45819,41481.8,-1763.98,-7726.34,2021.55,14.5384,-4785.83
439.4,6.44403,41413.0,1838.19,-8985.15,1964.13,-77.6309,-4769.21
439.5,6.45083,41495.4,4765.18,-12591.1,1964.09,-24.4789,-4796.36
439.6,6.46501,41495.1,5106.63,-18553.6,2007.14,101.534,-4951.27
439.7,6.48825,41461.4,4560.94,-23569.2,2056.18,188.598,-5119.24
439.8,6.51063,41328.7,4311.72,-24078.0,2117.74,142.463,-5085.98
439.9,6.51849,41161.4,4538.91,-19679.6,2171.6,23.7825,-4961.77
440.0,6.52818,41106.3,6391.38,-12873.5,2186.78,-76.2742,-4974.51
440.1,6.53727,41026.1,7406.51,-6545.32,2181.28,-96.4264,-4903.34
440.2,6.53401,40970.6,10600.4,-2348.86,2164.36,-17.5295,-4788.82
440.3,6.53085,40931.7,14520.8,1471.47,2119.44,115.799,-4700.48
440.4,6.49563,40789.6,17219.0,5576.23,2029.53,126.537,-4712.35
440.5,6.45179,40805.2,17375.1,10038.8,1935.05,57.5387,-4806.74
440.6,6.42258,40960.5,15881.1,14840.1,1837.78,35.5245,-4923.14
440.7,6.40593,41116.2,13216.6,18233.9,1770.51,24.603,-4997.28
440.8,6.39772,41243.0,9463.0,19047.8,1699.05,-23.9135,-5031.72
440.9,6.39261,41329.7,6153.43,18948.7,1680.51,-16.7335,-5058.57
441.0,6.38372,41407.3,2557.06,18951.2,1716.24,22.2967,-5010.61
441.1,6.38694,41518.4,-251.097,17524.9,1751.93,-81.024,-4944.24
441.2,6.41197,41670.6,-4389.31,15619.9,1795.95,-87.8066,-4853.59
441.3,6.44439,41678.4,-6187.4,11704.5,1853.11,-43.7899,-4883.35
441.4,6.47337,41619.2,-6013.04,5375.78,1904.35,33.8162,-4897.8
441.5,6.5046,41489.4,-4431.85,-1349.32,1914.9,118.402,-4827.58
441.6,6.51804,41311.3,-2789.3,-6581.54,1943.76,139.262,-4858.22
441.7,6.52737,41213.1,-1375.17,-10483.0,1950.57,53.9471,-5013.38
441.8,6.53396,41100.2,-430.652,-12491.2,1936.01,-25.5597,-5093.68
441.9,6.50487,40910.0,2066.64,-13349.6,1891.3,-70.3332,-5073.01
442.0,6.45503,40899.3,4658.18,-14703.0,1897.54,-133.005,-5016.44
442.1,6.4173,41010.7,6060.69,-15141.2,1909.65,-131.777,-4986.63
442.2,6.37659,41142.9,9168.43,-14680.8,1946.65,-125.805,-5013.41
442.3,6.35212,41342.6,13751.1,-12914.2,1941.79,-109.93,-4929.1
442.4,6.34509,41502.0,19639.5,-8621.38,1931.57,-104.646,-4843.66
442.5,6.33948,41601.0,21282.1,-2929.95,1942.84,-150.044,-4821.55
442.6,6.34982,41716.9,18343.5,518.918,1957.22,-297.529,-4948.57
442.7,6.38821,41855.3,15093.5,1434.95,1980.86,-314.446,-5089.64
442.8,6.42267,41797.3,14335.3,-1774.06,1924.94,-300.474,-5023.23
442.9,6.46184,41780.8,13650.5,-6597.47,1895.78,-245.099,-4882.85
443.0,6.51758,41726.5,10990.0,-9221.26,1897.79,-185.995,-4912.13
443.1,6.56438,41550.0,8017.54,-8644.1,1901.54,-217.325,-5020.61
443.2,6.59702,41333.6,6572.69,-5875.18,1875.7,-296.15,-4925.09
443.3,6.60181,41045.1,9490.72,-2635.85,1826.65,-368.936,-4746.78
443.4,6.56865,40850.3,12799.3,-2226.15,1777.86,-406.593,-4620.29
443.5,6.54343,40873.2,13697.8,-4099.15,1741.47,-349.471,-4590.97
443.6,6.51956,40897.8,14026.7,-5494.1,1732.9,-282.679,-4656.29
443.7,6.49656,40989.3,14000.0,-4497.47,1826.44,-304.959,-4721.06
443.8,6.49183,41024.6,12922.0,-135.813,1880.08,-400.929,-4792.69
443.9,6.46177,40907.3,10961.5,5693.83,1870.13,-493.407,-4955.13
444.0,6.42329,40952.7,8203.16,9706.91,1889.08,-490.301,-5076.69
444.1,6.42,41122.8,7461.07,11283.4,1870.3,-407.786,-5076.54
444.2,6.43222,41241.8,5847.96,10712.4,1877.38,-358.032,-4923.58
444.3,6.47448,41370.6,3569.52,9595.86,1897.76,-337.94,-4879.3
444.4,6.51877,41259.4,-626.411,7737.05,1920.56,-415.693,-4886.39
444.5,6.54434,41103.6,-3244.91,4792.94,1960.6,-409.816,-4892.71
444.6,6.57207,41005.6,-1969.2,-697.942,1958.92,-337.753,-4868.93
444.7,6.60405,40962.3,-314.664,-7493.88,1975.99,-176.208,-4819.17
444.8,6.632,40880.1,-676.93,-14109.3,1990.45,-25.1562,-4846.17
444.9,6.64552,40824.6,-915.261,-19367.8,2001.82,11.7999,-4960.25
445.0,6.64255,40769.1,-506.713,-22435.0,2010.31,-6.33225,-4939.96
445.1,6.61073,40697.0,1847.89,-24657.0,2005.97,-85.6582,-4813.11
445.2,6.56732,40677.7,3096.33,-26683.2,1963.01,-130.282,-4696.15
445.3,6.52724,40710.0,3928.74,-26972.6,1916.18,-89.2682,-4745.79
445.4,6.49133,40714.5,3501.12,-25200.2,1869.35,-100.474,-4743.05
445.5,6.47291,40805.7,6253.16,-20159.8,1830.83,-100.66,-4716.25
445.6,6.4708,40797.8,9760.49,-12939.5,1821.38,-115.204,-4658.75
445.7,6.46411,40795.5,12864.1,-5850.98,1814.94,-121.266,-4687.01
445.8,6.46492,40820.3,12469.4,-1811.03,1775.4,-144.622,-4717.17
445.9,6.47122,40847.3,10505.2,-1191.21,1726.36,-118.329,-4737.33
446.0,6.48721,40941.8,9730.11,-3924.65,1688.38,-78.6939,-4781.95
446.1,6.53757,41092.9,9120.47,-8420.98,1715.09,-82.1415,-4790.41
446.2,6.599,41061.7,11161.7,-12529.3,1723.61,-96.999,-4882.08
446.3,6.63871,40870.8,12049.8,-15015.5,1769.3,-46.3572,-4907.83
446.4,6.64867,40798.5,13652.5,-17106.6,1815.06,-42.7554,-4900.24
446.5,6.63997,40762.8,15915.5,-19127.6,1826.32,-9.92075,-4825.14
446.6,6.63161,40805.8,15825.6,-20515.2,1892.85,123.787,-4651.08
446.7,6.62792,40786.5,13765.4,-20721.4,1925.88,215.693,-4576.12
446.8,6.60067,40692.9,10376.2,-19253.3,1922.02,140.084,-4651.13
446.9,6.53816,40589.3,8844.64,-16285.8,1871.14,6.21744,-4792.48
447.0,6.46053,40589.0,9544.19,-13092.2,1826.05,-74.236,-4872.22
447.1,6.40229,40692.7,8635.24,-9958.65,1776.49,-26.0872,-4921.75
447.2,6.38516,40891.1,4803.92,-6799.18,1787.42,18.1786,-5075.34
447.3,6.4001,41163.5,65.1399,-2915.85,1827.02,47.6763,-5224.83
447.4,6.43303,41257.1,-2416.08,1760.06,1886.91,81.8095,-5143.04
447.5,6.4485,41122.5,-1577.55,4354.81,1892.2,-8.06675,-4920.07
447.6,6.45817,41119.2,-1299.14,3485.88,1866.82,-22.5193,-4780.72
447.7,6.49058,41195.4,-2487.22,-948.037,1837.42,50.388,-4802.58
447.8,6.53262,41247.6,-2147.88,-7238.47,1783.51,138.025,-4879.23
447.9,6.59052,41266.6,-1113.74,-12668.9,1790.18,163.309,-4854.25
448.0,6.62936,41026.1,1403.71,-15972.8,1758.22,78.8463,-4890.92
448.1,6.62115,40749.9,148.16,-17871.4,1767.21,27.1305,-4986.02
448.2,6.59284,40710.3,-2002.17,-20557.2,1764.26,2.87138,-5090.79
448.3,6.56033,40719.1,-1352.57,-23385.4,1752.0,70.857,-5051.79
448.4,6.54278,40775.5,1174.84,-24540.5,1757.23,126.031,-4821.57
448.5,6.52016,40787.3,2576.6,-23867.5,1757.45,7.38875,-4662.68
448.6,6.49194,40788.4,1181.41,-21695.8,1858.14,-142.43,-4725.26
448.7,6.44521,40716.2,1262.44,-20759.8,1861.48,-234.936,-4837.77
448.8,6.38909,40783.0,5910.33,-23204.0,1813.91,-220.573,-4805.97
448.9,6.37567,41071.2,12000.6,-27648.9,1780.74,-114.521,-4686.26
449.0,6.41441,41358.4,12991.5,-31744.6,1745.7,-22.6701,-4664.53
449.1,6.48791,41467.2,11741.7,-33129.0,1750.85,21.8779,-4869.28
449.2,6.5596,41293.8,11893.5,-31522.8,1800.03,-53.8148,-4955.66
449.3,6.60109,41002.6,13975.6,-28774.6,1884.67,-188.433,-4746.01
449.4,6.63217,40856.0,14343.2,-26717.4,1969.79,-279.229,-4588.56
449.5,6.65001,40847.3,10763.2,-26574.9,2017.11,-317.161,-4710.18
449.6,6.67482,40905.2,9809.12,-27258.2,2021.74,-278.98,-4901.94
449.7,6.70688,40905.8,13365.5,-27057.3,2001.57,-288.016,-4747.24
449.8,6.72421,40824.9,18944.6,-25078.0,1972.94,-369.712,-4518.89
449.9,6.71559,40753.8,20207.8,-20484.8,1979.63,-388.842,-4632.96
450.0,6.67603,40662.6,15336.2,-14656.3,2055.77,-388.543,-4879.93
450.1,6.62413,40663.5,11566.4,-9709.17,2082.37,-418.606,-4958.83
450.2,6.59236,40764.9,12394.0,-6235.89,2147.9,-456.284,-4866.5
450.3,6.57784,40778.7,13227.2,-3647.38,2137.78,-466.03,-4806.45
450.4,6.56516,40791.7,11483.8,-2504.42,2110.04,-531.516,-4958.28
450.5,6.56863,40838.9,7830.08,-2352.51,2067.65,-588.922,-5081.99
450.6,6.58015,40855.7,7958.58,-3573.13,1987.48,-609.825,-5033.93
450.7,6.61718,40970.0,10403.4,-6169.46,1966.62,-520.903,-4852.41
450.8,6.68758,41009.1,12106.3,-8187.18,1934.12,-393.603,-4797.03
450.9,6.74,40924.0,10135.0,-8028.54,1939.98,-314.967,-4879.23
451.0,6.76408,40830.8,8722.77,-6908.53,1938.07,-370.515,-5005.64
451.1,6.7492,40711.9,10978.4,-7533.56,1875.95,-477.388,-4990.94
451.2,6.72528,40766.5,14830.1,-11020.3,1832.12,-405.444,-4878.87
451.3,6.72816,40851.1,17748.1,-16704.2,1804.51,-266.668,-4866.59
451.4,6.74247,40852.8,17696.5,-21114.6,1785.32,-193.433,-4880.24
451.5,6.75037,40813.1,18280.0,-21205.1,1806.02,-244.9,-4850.92
451.6,6.7295,40712.8,20506.6,-18947.6,1816.2,-439.535,-4681.13
451.7,6.68713,40669.6,23950.5,-17756.9,1767.22,-551.322,-4524.52
451.8,6.65257,40743.5,28179.9,-19809.9,1767.45,-484.153,-4512.58
451.9,6.64077,40826.8,30702.4,-24666.0,1802.8,-312.562,-4461.44
452.0,6.66034,40880.1,31054.7,-28952.7,1833.13,-187.981,-4362.28
452.1,6.66929,40828.2,28898.3,-29538.8,1896.15,-156.436,-4398.96
452.2,6.66225,40760.9,24577.5,-27042.7,1927.75,-219.186,-4568.88
452.3,6.65104,40777.5,21905.1,-23641.8,1879.78,-294.484,-4697.93
452.4,6.65782,40862.3,19318.6,-20954.9,1847.65,-297.45,-4596.95
452.5,6.69635,40957.9,15360.9,-19687.8,1858.27,-282.086,-4531.19
452.6,6.7483,40940.3,10690.0,-18974.7,1879.29,-307.1,-4681.53
452.7,6.77397,40827.9,7367.2,-16670.6,1881.87,-317.76,-4803.77
452.8,6.76789,40762.7,9333.99,-13236.1,1934.96,-390.704,-4790.81
452.9,6.75358,40775.9,13251.7,-10118.8,1936.97,-452.529,-4699.2
453.0,6.74694,40800.0,15562.7,-8812.07,1921.97,-396.566,-4752.8
453.1,6.75246,40845.3,16441.3,-10058.5,1968.52,-231.886,-4898.24
453.2,6.77558,40901.7,19401.7,-11328.5,2056.66,-17.2684,-4933.38
453.3,6.77784,40749.1,22008.9,-10802.9,2040.04,7.02488,-4758.47
453.4,6.73066,40641.1,21263.9,-8968.38,1990.47,-150.574,-4715.35
453.5,6.69323,40735.3,17696.7,-7470.7,1930.32,-263.377,-4941.97
453.6,6.67571,40786.4,15224.4,-8507.34,1790.32,-263.112,-5105.74
453.7,6.68793,40893.6,16140.6,-12006.5,1690.65,-166.701,-5007.79
453.8,6.71788,40883.2,17921.5,-15190.7,1608.22,-46.2892,-4883.18
453.9,6.72577,40796.2,17441.8,-15468.1,1626.93,20.7201,-4957.4
454.0,6.70267,40712.2,14872.5,-14522.1,1613.0,-21.0751,-5005.71
454.1,6.69124,40801.8,16575.1,-14357.6,1642.42,-67.8399,-4936.79
454.2,6.70407,40876.2,21915.1,-17166.1,1642.69,-39.8877,-4711.21
454.3,6.74694,40970.9,25763.2,-22147.0,1642.4,69.7503,-4523.16
454.4,6.7966,40931.0,26096.9,-25674.9,1642.22,127.441,-4601.79
454.5,6.81098,40789.4,26197.1,-26327.1,1623.17,-2.39125,-4799.39
454.6,6.79887,40765.9,28516.6,-24342.4,1557.71,-167.748,-4801.56
454.7,6.78674,40766.4,31441.7,-21353.0,1501.59,-244.095,-4664.81
454.8,6.77897,40818.1,31954.2,-19272.6,1485.61,-203.91,-4699.24
454.9,6.78585,40840.2,28834.8,-17810.3,1457.58,-122.404,-4792.66
455.0,6.78086,40760.8,25321.9,-14478.2,1499.03,-57.4445,-4748.94
455.1,6.73565,40651.8,24553.1,-10922.0,1506.36,-170.008,-4596.89
455.2,6.68483,40683.6,24743.2,-8523.43,1522.86,-309.485,-4524.95
455.3,6.65005,40717.5,23371.8,-7757.29,1529.99,-320.185,-4621.36
455.4,6.64643,40864.4,21034.3,-8228.57,1553.04,-216.585,-4761.38
455.5,6.67174,40887.4,20000.3,-8168.42,1527.6,-177.123,-4810.34
455.6,6.67981,40799.4,18003.0,-6144.95,1538.03,-234.183,-4770.97
455.7,6.67182,40769.3,16892.3,-3746.81,1485.94,-338.342,-4860.68
455.8,6.67024,40813.5,15023.3,-1887.44,1460.05,-363.479,-4921.5
455.9,6.67819,40848.0,12302.0,-1743.81,1486.43,-353.623,-4830.67
456.0,6.71001,40942.2,8015.21,-3821.23,1582.87,-360.381,-4727.39
456.1,6.75909,40938.3,3484.73,-4944.89,1639.96,-293.867,-4745.57
456.2,6.76748,40765.9,76.673,-6251.41,1751.36,-382.825,-4808.83
456.3,6.74722,40755.5,-1265.91,-8339.72,1789.19,-432.377,-4789.54
456.4,6.72759,40732.6,266.763,-12182.1,1717.84,-408.825,-4781.86
456.5,6.71126,40790.5,654.3,-16452.8,1661.52,-227.72,-4786.88
456.6,6.71844,40853.2,17.1583,-19810.4,1593.22,-118.67,-4826.38
456.7,6.72158,40788.3,-529.536,-18983.8,1598.79,-144.437,-4872.47
456.8,6.68564,40657.1,559.511,-15426.3,1645.5,-314.495,-4894.5
456.9,6.62813,40629.8,120.205,-13132.2,1720.81,-542.569,-4823.12
457.0,6.58203,40721.7,164.307,-13310.5,1794.85,-562.021,-4850.17
457.1,6.57502,40842.2,135.685,-16165.4,1841.3,-435.833,-4880.06
457.2,6.61283,40977.9,3295.89,-19232.9,1867.61,-367.299,-4867.63
457.3,6.67208,40972.7,7629.72,-19807.4,1859.52,-398.771,-4743.65
457.4,6.71258,40890.2,10751.8,-18243.5,1853.85,-448.416,-4701.61
457.5,6.72633,40813.5,14051.5,-17658.8,1793.73,-469.518,-4833.07
457.6,6.73134,40812.1,17883.1,-18405.5,1706.65,-378.245,-4860.71
457.7,6.73545,40838.5,22635.9,-19464.4,1651.32,-285.083,-4721.38
457.8,6.77299,40960.6,25527.3,-18164.0,1707.09,-268.644,-4644.17
457.9,6.80555,40876.5,24386.5,-13541.4,1748.42,-389.389,-4741.17
458.0,6.79093,40681.4,25035.7,-7939.17,1712.78,-594.836,-4919.88
458.1,6.74452,40671.7,29131.0,-3596.37,1683.42,-679.77,-4835.63
458.2,6.7015,40701.4,34648.6,-2033.73,1601.85,-645.407,-4620.67
458.3,6.68598,40809.1,34662.5,-1932.32,1520.0,-506.733,-4536.65
458.4,6.69616,40860.5,28767.1,-1345.62,1480.76,-390.327,-4694.05
458.5,6.69777,40790.9,22721.2,900.816,1523.04,-343.573,-4843.49
458.6,6.67671,40723.0,21135.0,3117.51,1561.1,-357.265,-4798.95
458.7,6.63357,40652.9,18966.0,3477.95,1533.93,-348.475,-4693.37
458.8,6.58181,40677.6,12576.0,49.2466,1550.52,-340.266,-4806.48
458.9,6.58617,40913.2,3049.04,-5807.77,1566.45,-237.898,-4996.5
459.0,6.65159,41052.3,-2277.27,-11329.1,1606.24,-164.76,-5027.34
459.1,6.71767,40963.2,-2328.87,-15229.0,1610.93,-227.779,-4854.54
459.2,6.75138,40861.1,-1909.22,-17683.3,1639.45,-341.694,-4727.32
459.3,6.74307,40721.5,-1859.89,-20943.9,1619.5,-388.432,-4813.33
459.4,6.72525,40782.0,-333.002,-25639.2,1637.47,-206.419,-4888.88
459.5,6.74774,40924.2,4074.58,-30591.3,1675.31,20.0311,-4726.86
459.6,6.78542,40915.2,8394.08,-33008.5,1725.22,136.74,-4538.63
459.7,6.79059,40764.0,10046.8,-31665.6,1763.41,109.088,-4629.21
459.8,6.74014,40590.2,8632.08,-27433.3,1795.96,17.355,-4817.72
459.9,6.65135,40537.4,10946.1,-23511.9,1756.99,-108.085,-4918.8
460.0,6.59721,40725.9,15056.0,-20527.2,1728.49,-138.659,-4851.52
460.1,6.58216,40810.9,16831.1,-19366.1,1637.39,-193.123,-4808.81
460.2,6.59486,40871.0,14711.5,-18937.9,1572.86,-191.241,-4912.22
460.3,6.60343,40805.1,13299.9,-18908.6,1543.48,-174.098,-4994.05
460.4,6.58502,40722.7,17106.0,-19079.2,1505.0,-109.336,-4883.0
460.5,6.55711,40731.7,24992.5,-19823.2,1399.78,-25.1391,-4672.02
460.6,6.55024,40819.0,31038.7,-19808.7,1359.57,78.9836,-4583.74
460.7,6.57868,40943.2,34651.7,-18621.7,1361.9,135.389,-4709.48
460.8,6.64276,41021.4,38622.5,-16090.4,1405.6,71.876,-4821.98
460.9,6.70149,40944.7,43316.5,-11986.9,1464.34,-47.623,-4736.28
461.0,6.71773,40786.2,44883.3,-7083.06,1491.19,-175.677,-4633.95
461.1,6.69953,40732.2,42458.0,-2334.84,1480.19,-306.978,-4814.85
461.2,6.68614,40787.0,38860.4,1489.39,1401.64,-397.201,-5026.24
461.3,6.70009,40885.0,37512.5,4894.09,1345.48,-374.544,-4968.13
461.4,6.70575,40793.0,37243.0,7288.18,1280.19,-324.319,-4793.21
461.5,6.66926,40636.4,33866.1,8678.82,1279.94,-250.435,-4809.44
461.6,6.57966,40491.3,27401.8,8722.23,1301.75,-145.68,-4973.4
461.7,6.46533,40480.1,23080.2,7507.46,1329.51,-40.7612,-5011.29
461.8,6.38155,40636.4,20606.7,5458.79,1367.91,-21.8576,-4815.88
461.9,6.3598,40833.5,16721.1,3834.89,1431.59,-80.8199,-4737.02
462.0,6.37646,40895.0,11301.8,2013.53,1470.72,-224.11,-4988.95
462.1,6.40206,40859.3,6581.6,613.774,1512.93,-276.469,-5193.94
462.2,6.41287,40777.0,6839.74,-146.955,1509.88,-284.619,-5133.9
462.3,6.41413,40860.2,9393.3,308.494,1431.86,-280.996,-4997.04
462.4,6.44852,41115.8,9749.97,3233.99,1368.01,-244.823,-5030.3
462.5,6.50081,41409.7,8930.39,7010.97,1313.26,-299.693,-5123.3
462.6,6.55395,41404.4,9744.95,10205.7,1310.58,-306.035,-5035.22
462.7,6.57489,41119.7,13155.4,11553.9,1334.7,-306.001,-4824.78
462.8,6.52378,40764.1,14002.9,10252.1,1355.58,-307.71,-4708.71
462.9,6.46215,40782.0,10188.4,7344.42,1421.33,-280.1,-4806.54
463.0,6.43189,41030.7,6229.16,5984.0,1438.84,-238.629,-5000.27
463.1,6.41708,41286.1,3311.94,5464.73,1444.92,-347.706,-5011.94
463.2,6.41844,41433.8,3410.79,5903.06,1440.74,-446.714,-5002.51
463.3,6.38583,41265.4,160.002,6618.14,1437.27,-438.499,-5015.79
463.4,6.30334,41153.7,-4284.12,6003.47,1442.33,-375.531,-5122.45
463.5,6.24349,41406.9,-6645.46,4750.14,1450.14,-367.552,-5114.83
463.6,6.21338,41671.2,-4953.78,4617.4,1387.16,-409.818,-4922.91
463.7,6.22477,41905.3,-482.897,5619.23,1355.15,-466.991,-4798.73
463.8,6.26693,42016.6,3507.01,7568.9,1307.15,-540.764,-4834.57
463.9,6.28942,42130.3,7046.9,8978.62,1331.11,-640.921,-4914.34
464.0,6.28605,42057.8,12555.0,7518.64,1277.05,-699.315,-4902.5
464.1,6.28821,42147.2,19655.8,5109.56,1220.59,-581.694,-4853.2
464.2,6.30379,42329.6,23732.7,3321.23,1169.69,-472.807,-4819.2
464.3,6.34215,42570.6,24581.2,2689.32,1135.07,-503.158,-4924.25
464.4,6.39022,42572.2,24727.9,4497.81,1133.75,-543.445,-5048.4
464.5,6.38111,42295.0,25307.6,6590.77,1182.79,-540.192,-4999.7
464.6,6.3237,42053.9,26339.6,5644.5,1189.26,-562.404,-4876.72
464.7,6.2625,42104.1,24919.5,3268.16,1234.2,-492.303,-4850.8
464.8,6.21849,42329.7,22392.9,904.822,1242.8,-366.492,-4915.38
464.9,6.21704,42640.3,19971.3,27.4317,1286.73,-325.763,-4897.43
465.0,6.23208,42695.3,18029.1,2153.75,1367.05,-377.68,-4823.1
465.1,6.20348,42460.0,17041.4,4823.09,1381.08,-485.301,-4886.12
465.2,6.14884,42364.6,15329.4,6649.75,1422.72,-449.349,-5033.38
465.3,6.09181,42437.3,12257.7,7100.55,1416.01,-343.44,-5023.37
465.4,6.06331,42828.9,10625.7,7318.24,1381.93,-247.047,-4994.35
465.5,6.09214,43149.9,8713.75,8732.43,1297.1,-246.487,-4955.41
465.6,6.14282,43248.0,3900.77,12605.4,1301.31,-274.201,-4897.32
465.7,6.16908,43300.8,-401.977,15395.9,1314.83,-410.351,-4929.41
465.8,6.16879,43115.0,-3764.34,15901.6,1300.39,-433.086,-4939.38
465.9,6.15407,43101.8,-6068.62,14764.0,1319.06,-297.542,-4879.07
466.0,6.15421,43318.6,-8140.76,12617.3,1294.4,-143.863,-4878.13
466.1,6.19681,43570.5,-10697.9,12349.4,1285.6,-50.8877,-4993.42
466.2,6.22658,43494.9,-12849.5,14928.2,1309.72,-51.1785,-5122.4
466.3,6.20701,43239.8,-12862.8,17422.9,1354.01,-109.583,-5135.76
466.4,6.1627,43059.4,-12807.8,18748.3,1440.53,-89.2542,-5033.68
466.5,6.10426,43025.6,-15490.2,18139.0,1527.08,-30.7539,-4969.69
466.6,6.06489,43266.8,-19147.0,15563.1,1584.4,-11.558,-5025.27
466.7,6.06932,43529.0,-20083.8,13498.8,1610.11,-23.1949,-5044.63
466.8,6.06327,43525.7,-20077.4,11958.1,1627.83,-57.338,-4891.02
466.9,6.05653,43538.2,-18843.8,9832.59,1642.94,-47.4072,-4887.15
467.0,6.03554,43450.2,-19434.3,7796.36,1583.61,77.2522,-5019.6
467.1,5.9807,43426.5,-17852.8,5561.51,1510.96,215.444,-5144.5
467.2,5.94589,43731.8,-13676.0,3566.97,1467.22,289.318,-5051.14
467.3,5.94963,43865.7,-8117.28,2518.52,1440.32,248.639,-4898.52
467.4,5.9627,43812.8,-5439.16,2522.16,1448.52,220.533,-4854.68
467.5,5.98169,43737.6,-4528.38,3381.31,1492.1,193.479,-4900.01
467.6,5.98819,43578.3,-2270.57,4824.95,1559.32,101.111,-4871.04
467.7,5.98163,43507.8,932.87,4658.23,1564.18,-45.3483,-4686.35
467.8,5.99564,43617.5,3107.67,1895.47,1587.07,-104.186,-4629.14
467.9,6.02232,43730.2,3118.72,-3686.69,1579.99,-23.8762,-4735.07
468.0,6.05752,44097.2,2483.51,-10243.7,1633.3,170.768,-4822.15
468.1,6.08257,44531.4,3871.78,-14511.0,1692.65,321.707,-4832.19
468.2,6.05328,44159.8,4574.23,-15083.4,1709.25,330.81,-4801.0
468.3,5.98811,44019.0,3479.49,-12951.5,1754.34,231.078,-4890.36
468.4,5.93507,44071.7,2284.66,-10331.6,1756.87,123.335,-4988.29
468.5,5.90747,44321.2,3485.24,-7760.11,1742.65,95.6495,-4931.49
468.6,5.90219,44547.6,5661.76,-5638.13,1761.12,1.73,-4769.58
468.7,5.90444,44635.8,5294.15,-2829.0,1803.23,-126.6,-4752.84
468.8,5.89397,44605.3,3474.47,682.031,1820.31,-238.462,-4956.54
468.9,5.87561,44659.7,1529.87,3505.96,1829.03,-270.005,-5063.88
469.0,5.88281,44887.5,1654.84,4526.08,1854.23,-198.965,-5046.32
469.1,5.92071,44986.2,1231.28,3097.13,1870.41,-90.1706,-5029.13
469.2,5.9614,45123.6,-1277.64,1157.44,1882.24,89.6595,-5124.43
469.3,5.98115,44992.1,-6097.7,232.016,1909.65,185.529,-5179.85
469.4,5.9693,44817.9,-10231.4,588.084,1924.22,102.39,-5135.61
469.5,5.95877,44808.3,-14084.4,1745.91,1921.15,-34.1606,-5038.79
469.6,5.9724,44924.5,-17335.2,1762.39,1906.8,-181.223,-5023.13
469.7,5.99998,44999.4,-18323.1,-379.149,1878.21,-251.942,-5047.75
469.8,6.03584,44941.0,-17661.1,-3576.7,1895.34,-235.296,-4953.05
469.9,6.04102,44680.2,-14891.2,-6052.98,1921.28,-193.131,-4842.15
470.0,6.01633,44444.2,-13419.4,-7137.17,1928.89,-173.404,-4801.3
470.1,5.98768,44416.7,-11407.4,-6644.82,1973.21,-145.79,-4888.89
470.2,5.9692,44470.6,-9236.79,-6430.67,2015.37,-133.076,-4845.62
470.3,5.96821,44590.8,-6336.18,-7235.94,2027.83,-112.3,-4686.49
470.4,5.96721,44547.0,-4773.72,-9043.05,1999.1,-116.448,-4581.98
470.5,5.95205,44440.3,-4773.14,-9761.83,1947.11,-125.695,-4634.33
470.6,5.93869,44455.6,-5924.53,-8246.25,1917.09,-241.127,-4669.31
470.7,5.95442,44601.0,-6015.89,-5338.97,1894.74,-453.081,-4663.34
470.8,5.99984,44757.5,-3795.13,-3036.03,1883.74,-595.851,-4729.87
470.9,6.04986,44726.6,-1750.92,-3932.0,1893.75,-577.286,-4757.26
471.0,6.0839,44564.0,2235.5,-7565.1,1905.25,-381.93,-4781.08
471.1,6.10459,44375.0,7669.59,-11126.5,1937.03,-178.229,-4746.72
471.2,6.12092,44264.0,13436.2,-12228.2,1954.87,-120.946,-4629.69
471.3,6.1439,44196.7,17319.0,-10614.9,1993.03,-198.237,-4531.2
471.4,6.15802,44021.7,18354.6,-8186.55,2007.6,-310.566,-4522.32
471.5,6.15908,43855.7,16970.8,-6679.51,2008.78,-349.471,-4592.49
471.6,6.14787,43672.1,16742.3,-6427.5,1971.0,-401.142,-4681.79
471.7,6.12064,43544.0,17944.3,-6022.9,1888.93,-480.517,-4731.76
471.8,6.10511,43597.5,18433.4,-3392.27,1798.02,-517.921,-4796.7
471.9,6.1055,43655.6,17591.4,1274.02,1746.31,-557.083,-4957.87
472.0,6.10912,43660.6,15751.2,6002.12,1712.02,-569.311,-5075.54
472.1,6.11003,43601.0,14242.2,9266.73,1750.77,-482.076,-5021.71
472.2,6.1026,43526.9,12912.0,10044.0,1854.18,-332.949,-4862.23
472.3,6.09734,43530.1,12407.0,8906.73,1924.84,-196.441,-4792.61
472.4,6.11337,43604.8,10480.2,8184.09,1967.89,-141.865,-4754.31
472.5,6.14153,43655.3,8307.1,9113.96,1963.31,-186.307,-4767.8
472.6,6.17422,43597.0,6970.03,10346.4,1877.19,-337.245,-4869.84
472.7,6.20312,43507.0,3882.39,11315.5,1825.7,-400.065,-4981.36
472.8,6.2174,43342.7,741.99,10110.1,1754.11,-404.24,-5095.29
472.9,6.21228,43229.2,-2633.32,6463.93,1652.49,-349.521,-5141.76
473.0,6.21269,43228.6,-3941.3,3225.09,1610.42,-199.219,-5131.74
473.1,6.21045,43215.3,-6093.94,1802.28,1628.37,-90.4613,-4968.59
473.2,6.19962,43179.8,-8856.08,1436.91,1682.53,-119.936,-4844.16
473.3,6.17061,43048.8,-11127.1,190.301,1727.93,-203.224,-4831.25
473.4,6.11688,42988.8,-10469.4,-4970.99,1756.34,-239.564,-4801.38
473.5,6.07707,43140.7,-7917.26,-13401.6,1738.74,-97.6807,-4663.61
473.6,6.0702,43356.7,-6121.65,-20727.4,1696.77,87.3438,-4612.91
473.7,6.08572,43545.6,-7693.93,-23924.8,1680.08,114.895,-4769.67
473.8,6.1291,43625.9,-11167.8,-22277.3,1691.35,2.084,-4953.73
473.9,6.15706,43446.9,-9723.53,-18799.1,1695.56,-134.898,-5040.5
474.0,6.15011,43254.8,-5474.62,-17423.0,1676.62,-120.562,-4870.02
474.1,6.13838,43198.3,-1888.79,-19679.7,1645.3,-48.7826,-4672.37
474.2,6.13711,43315.0,-1207.87,-22762.2,1622.68,76.0938,-4621.67
474.3,6.16862,43520.8,-759.378,-23821.8,1648.42,136.658,-4634.88
474.4,6.21794,43533.1,1403.07,-21572.4,1701.43,69.4274,-4534.49
474.5,6.24765,43340.8,6386.21,-17940.7,1780.77,-79.7034,-4537.46
474.6,6.23791,43049.3,8780.54,-16035.8,1796.4,-137.115,-4634.22
474.7,6.20038,42904.2,9964.33,-16067.3,1779.68,-18.0539,-4846.43
474.8,6.16687,43007.9,9624.1,-16191.8,1741.22,136.613,-4911.04
474.9,6.1681,43284.9,9112.8,-12735.7,1699.35,176.065,-4887.01
475.0,6.19489,43405.3,8194.53,-4147.8,1701.2,48.1287,-4953.5
475.1,6.19852,43228.3,5156.03,6670.53,1734.23,-184.454,-5019.77
475.2,6.16907,43003.4,5736.34,15145.8,1787.57,-373.794,-5087.76
475.3,6.1199,42885.9,7421.27,18599.5,1798.56,-384.99,-4931.06
475.4,6.08427,43053.8,10511.8,17605.8,1745.33,-269.341,-4804.53
475.5,6.1021,43407.3,9580.75,15251.9,1676.09,-150.182,-4788.52
475.6,6.16089,43618.2,7581.99,14120.5,1638.05,-128.135,-4934.18
475.7,6.21263,43509.4,5648.17,13940.9,1624.32,-153.012,-5019.57
475.8,6.22167,43169.6,5145.66,12047.4,1606.14,-168.133,-5040.54
475.9,6.19032,42948.8,3824.55,7794.82,1629.21,-66.518,-5086.57
476.0,6.15907,43031.4,653.895,1935.39,1688.35,62.9025,-5170.87
476.1,6.17339,43342.2,-5320.02,-2439.49,1746.1,128.919,-5132.48
476.2,6.2139,43490.0,-10317.4,-3011.89,1766.65,56.4118,-5045.37
476.3,6.24237,43366.2,-12164.4,-1936.4,1789.96,-176.083,-4995.03
476.4,6.25476,43142.5,-12057.2,-1691.46,1852.85,-321.496,-4919.63
476.5,6.24261,42895.6,-8883.13,-4139.49,1882.77,-295.311,-4866.62
476.6,6.21629,42799.0,-7202.77,-9293.53,1883.78,-178.685,-4731.15
476.7,6.2052,42895.3,-5113.29,-13657.2,1825.81,-44.959,-4726.33
476.8,6.20466,42964.2,-5486.6,-15238.5,1808.06,-5.89831,-4732.73
476.9,6.21318,42991.5,-6576.6,-14647.4,1837.44,-58.72,-4736.11
477.0,6.20984,42860.1,-6343.9,-13396.4,1841.73,-118.756,-4771.27
477.1,6.16863,42650.8,-5686.39,-13047.9,1851.0,-154.71,-4779.84
477.2,6.12933,42746.3,-5677.36,-13905.3,1896.64,-198.496,-4758.95
477.3,6.14013,43052.0,-6835.24,-14440.0,1911.82,-268.061,-4742.73
477.4,6.18595,43290.3,-8592.94,-14030.4,1923.6,-375.293,-4742.12
477.5,6.24581,43316.6,-10716.2,-13473.4,1963.28,-427.178,-4718.66
477.6,6.2917,43117.4,-11339.2,-13636.9,2001.75,-408.016,-4724.73
477.7,6.29282,42805.5,-10697.1,-14623.3,1979.43,-290.299,-4742.74
477.8,6.27708,42681.2,-9628.8,-16347.8,1921.99,-185.092,-4745.9
477.9,6.27145,42726.3,-7534.05,-17567.5,1860.54,-153.138,-4767.42
478.0,6.27805,42825.5,-5457.06,-17511.0,1830.5,-152.267,-4768.19
478.1,6.29679,42813.9,-3250.23,-16126.2,1821.77,-201.801,-4784.68
478.2,6.30014,42664.4,-595.431,-11613.9,1856.54,-238.448,-4839.48
478.3,6.28192,42470.2,3269.31,-4806.87,1878.31,-373.958,-4885.9
478.4,6.26418,42445.2,6582.63,3665.6,1881.39,-537.004,-4823.19
478.5,6.25581,42512.8,9277.68,11578.9,1890.27,-640.457,-4783.89
478.6,6.26549,42622.3,9889.55,17037.3,1878.14,-569.061,-4800.18
478.7,6.27874,42630.7,8683.37,19190.9,1862.21,-416.15,-4837.62
478.8,6.27893,42517.2,7318.85,19341.7,1853.0,-248.862,-4865.19
478.9,6.26277,42407.9,4578.19,19141.9,1823.01,-106.287,-4859.07
479.0,6.24129,42365.5,1490.01,18228.4,1754.93,-116.937,-4930.13
479.1,6.23057,42488.2,-2108.86,15933.5,1721.49,-179.114,-5022.61
479.2,6.25223,42658.9,-4674.1,12211.4,1700.74,-158.235,-5043.61
479.3,6.28795,42724.6,-5801.95,8139.82,1741.12,-112.965,-5006.27
479.4,6.31177,42639.3,-8029.63,5253.04,1801.06,-104.376,-4926.68
479.5,6.33109,42542.4,-8969.19,4564.76,1881.96,-149.649,-4936.62
479.6,6.34791,42471.4,-7349.7,4945.33,1920.57,-198.275,-4892.39
479.7,6.36721,42449.1,-2519.23,3678.57,1934.98,-202.883,-4749.23
479.8,6.39839,42396.9,1063.53,286.771,1967.08,-100.04,-4588.94
479.9,6.41967,42234.9,2276.31,-3427.28,2005.65,80.3844,-4666.48
480.0,6.41529,41953.3,410.127,-6394.57,2032.18,105.165,-4816.28
480.1,6.38674,41748.3,-1877.32,-7270.6,2041.42,17.6588,-4902.9
480.2,6.34535,41659.7,-4082.46,-7151.86,2019.31,-80.196,-4958.38
480.3,6.31529,41762.7,-7202.79,-8376.76,1975.7,-146.919,-5056.52
480.4,6.31664,41983.4,-9092.14,-10095.7,1936.49,-67.805,-5195.68
480.5,6.32552,42018.7,-10500.6,-10269.0,1848.24,63.0795,-5116.72
480.6,6.31116,41949.3,-10223.5,-7716.18,1758.87,94.7185,-4973.86
480.7,6.29168,41959.1,-7293.16,-3292.22,1666.19,-7.12975,-4958.79
480.8,6.27952,42077.1,-4349.77,668.672,1608.17,-43.8698,-4912.21
480.9,6.29453,42278.8,-370.062,808.941,1615.27,13.914,-4805.49
481.0,6.3337,42398.0,2092.57,-2710.64,1620.82,129.476,-4693.77
481.1,6.37233,42350.5,2990.01,-6708.38,1673.73,230.404,-4745.93
481.2,6.41294,42255.3,3050.61,-8007.51,1750.11,248.55,-4889.45
481.3,6.45492,42094.2,3180.27,-5765.79,1768.08,131.144,-4947.01
481.4,6.48511,41901.5,2589.19,-1815.54,1780.73,-21.8691,-4938.59
481.5,6.51391,41779.1,1712.29,1609.79,1843.08,-76.3621,-4984.43
481.6,6.52839,41573.4,292.62,3675.84,1864.73,-31.5748,-4981.24
481.7,6.5101,41329.1,-394.269,5037.17,1844.32,5.54537,-4861.54
481.8,6.46495,41161.0,1619.19,6943.34,1763.47,-34.4325,-4773.7
481.9,6.40631,41139.1,3076.19,9777.87,1689.43,-108.588,-4705.13
482.0,6.35986,41284.1,5233.39,11754.5,1669.47,-176.384,-4752.79
482.1,6.33447,41464.1,6155.23,11792.1,1652.89,-177.51,-4777.95
482.2,6.30112,41515.5,6871.59,9010.84,1645.84,-153.12,-4828.11
482.3,6.25938,41602.0,6239.25,4424.9,1673.24,-93.2249,-4890.29
482.4,6.22693,41777.7,3862.94,318.532,1655.87,-14.0481,-4944.69
482.5,6.21706,42050.0,-980.015,-1626.36,1667.82,30.714,-4960.65
482.6,6.25637,42168.0,-3906.41,-676.709,1623.9,4.13125,-4997.81
482.7,6.32417,42252.8,-3808.1,2348.85,1617.89,-107.329,-4974.98
482.8,6.38619,42463.6,-3051.3,5027.57,1666.46,-230.242,-4860.92
482.9,6.42722,42153.9,-1964.99,4811.18,1712.59,-302.449,-4830.06
483.0,6.44069,41940.6,-1710.97,2385.95,1729.38,-227.188,-4810.06
483.1,6.44893,41842.6,-1750.44,-1225.03,1734.74,-136.26,-4726.86
483.2,6.47521,41868.7,-3212.62,-3496.54,1736.09,-101.609,-4631.64
483.3,6.50162,41773.1,-6028.6,-4201.01,1737.34,-150.985,-4677.48
483.4,6.47665,41444.3,-11099.0,-6277.59,1680.84,-229.265,-4769.43
483.5,6.40372,41209.8,-13522.7,-10083.2,1641.18,-152.021,-4901.72
483.6,6.30482,41184.2,-13019.8,-14451.4,1575.47,-14.2685,-4900.13
483.7,6.22455,41502.3,-12483.3,-16510.7,1524.58,23.0737,-4812.7
483.8,6.20191,41996.3,-12782.6,-14181.9,1529.4,-98.4215,-4837.39
483.9,6.20809,42247.4,-12104.4,-8691.86,1555.34,-304.287,-4890.24
484.0,6.20788,42296.6,-9340.36,-4256.92,1618.66,-484.936,-4748.56
484.1,6.2083,42307.3,-5471.56,-3705.16,1691.54,-532.804,-4491.38
484.2,6.21759,42388.4,-1054.5,-6490.06,1704.52,-427.255,-4425.2
484.3,6.26311,42614.8,2178.54,-9570.0,1662.4,-279.563,-4496.9
484.4,6.34431,42751.3,7349.43,-10300.8,1590.2,-266.916,-4583.24
484.5,6.41992,42606.2,11612.3,-8372.96,1533.43,-366.205,-4597.92
484.6,6.45644,42264.1,13108.4,-6354.58,1533.94,-474.689,-4710.48
484.7,6.44299,41910.4,11156.9,-6704.37,1513.09,-478.412,-4889.84
484.8,6.40613,41777.7,9463.94,-9534.12,1454.89,-422.351,-4932.5
484.9,6.36945,41880.6,9816.22,-12981.0,1376.48,-409.93,-4765.81
485.0,6.35179,42060.6,10405.0,-14527.8,1312.89,-468.587,-4587.18
485.1,6.34789,42184.9,9005.98,-13506.6,1356.99,-557.831,-4604.24
485.2,6.32919,42103.3,6037.43,-11817.5,1445.92,-595.73,-4727.53
485.3,6.28145,41965.4,6733.75,-11550.0,1542.8,-527.671,-4815.39
485.4,6.22414,41962.6,8681.72,-12680.4,1597.5,-338.806,-4763.17
485.5,6.17687,42129.2,9893.52,-14431.4,1558.63,-184.404,-4789.61
485.6,6.16742,42441.2,8750.45,-14854.4,1509.79,-133.083,-4931.67
485.7,6.19464,42636.2,7198.96,-13328.4,1427.75,-189.432,-5020.73
485.8,6.23355,42674.6,8870.21,-9738.01,1365.29,-263.602,-4996.91
485.9,6.25913,42520.1,10722.7,-5664.2,1331.83,-370.091,-4865.4
486.0,6.27286,42418.5,12114.5,-2277.08,1340.94,-472.145,-4849.08
486.1,6.28389,42422.6,11465.7,-500.071,1311.41,-487.546,-4843.88
486.2,6.29718,42524.3,11880.3,-839.684,1302.57,-430.59,-4783.22
486.3,6.32806,42659.6,13367.1,-2439.43,1311.12,-320.4,-4666.44
486.4,6.35064,42628.1,14799.0,-4617.83,1301.89,-228.384,-4624.26
486.5,6.34905,42498.4,15457.7,-5520.45,1341.04,-117.96,-4740.85
486.6,6.31254,42297.9,14440.5,-5325.77,1402.71,-80.8096,-4838.14
486.7,6.26202,42287.4,13836.4,-4525.48,1469.86,-119.047,-4912.52
486.8,6.218,42360.6,11430.5,-3181.78,1458.05,-155.345,-4906.34
486.9,6.17942,42503.0,8587.15,-964.31,1468.82,-176.332,-4991.5
487.0,6.15736,42655.4,6364.53,1388.22,1488.98,-257.226,-5033.99
487.1,6.14926,42738.5,6679.36,4220.99,1449.72,-334.308,-4946.24
487.2,6.12826,42696.8,10108.4,6470.28,1381.93,-397.16,-4830.3
487.3,6.09327,42719.1,12156.5,6432.54,1333.35,-383.261,-4722.24
487.4,6.07824,42915.4,13628.8,3592.88,1338.15,-297.439,-4765.75
487.5,6.08224,43147.3,16313.5,-1245.01,1310.79,-149.299,-4809.73
487.6,6.10092,43340.6,21152.2,-7187.06,1286.21,-36.4575,-4724.17
487.7,6.12004,43406.7,25038.5,-11918.4,1293.09,39.731,-4639.06
487.8,6.11595,43366.5,23699.6,-15634.9,1305.19,25.768,-4675.86
487.9,6.10613,43450.3,19280.4,-18673.9,1330.7,-16.071,-4820.0
488.0,6.10721,43576.8,16980.6,-21187.6,1311.39,-59.531,-4830.86
488.1,6.11769,43736.5,16439.7,-22495.6,1291.23,-57.7835,-4643.55
488.2,6.13201,43820.1,16349.9,-22712.3,1296.07,-122.928,-4564.4
488.3,6.13169,43741.1,15085.5,-21551.8,1329.67,-186.944,-4686.76
488.4,6.11312,43623.9,15376.1,-19856.6,1397.79,-197.479,-4807.71
488.5,6.07791,43543.9,19831.9,-19110.6,1460.95,-180.598,-4762.29
488.6,6.04157,43594.4,25539.3,-19334.9,1527.64,-105.198,-4626.04
488.7,6.01972,43691.6,29068.5,-20352.2,1566.76,-42.4226,-4621.86
488.8,6.00709,43814.5,31053.8,-21288.9,1625.75,-9.593,-4723.14
488.9,6.00157,43854.2,34032.4,-21174.4,1649.05,-30.7873,-4708.08
489.0,5.98196,43848.8,36697.6,-18964.1,1629.2,-83.3544,-4581.56
489.1,5.95842,43900.6,34767.0,-15244.7,1589.38,-208.744,-4575.01
489.2,5.94075,44080.2,28794.1,-11488.3,1557.44,-359.769,-4813.3
489.3,5.93666,44239.4,23479.7,-8700.54,1483.88,-383.987,-5007.01
489.4,5.93873,44238.9,22030.1,-8061.16,1428.34,-347.316,-4949.18
489.5,5.9405,44194.7,22138.9,-8987.87,1376.85,-283.818,-4772.67
489.6,5.9486,44151.4,20146.6,-9651.8,1384.82,-206.301,-4752.45
489.7,5.95191,44066.1,16427.4,-9691.15,1442.05,-182.297,-4836.25
489.8,5.9547,44085.5,14988.6,-10186.1,1452.9,-211.876,-4798.14
489.9,5.95513,44222.1,18432.8,-11629.6,1477.26,-257.357,-4683.02
490.0,5.94192,44447.9,21723.5,-14574.0,1501.85,-277.072,-4600.53
490.1,5.93792,44863.6,23003.1,-17428.6,1521.24,-240.004,-4751.25
490.2,5.93294,44885.6,23074.7,-18361.3,1503.04,-262.833,-4942.22
490.3,5.92414,44881.9,24836.0,-16666.4,1504.79,-338.502,-4948.61
490.4,5.92612,44877.3,28475.3,-12871.7,1517.57,-400.219,-4835.43
490.5,5.91425,44754.7,30440.6,-9069.03,1503.17,-469.775,-4752.45
490.6,5.88464,44724.1,30091.9,-7399.31,1497.72,-502.66,-4754.56
490.7,5.86561,44819.9,30608.6,-7258.27,1504.89,-426.104,-4732.17
490.8,5.84953,44922.6,31858.5,-7288.07,1527.1,-341.109,-4587.18
490.9,5.83126,45036.0,32815.8,-6986.19,1498.84,-369.857,-4514.51
491.0,5.82013,45023.2,31423.4,-5306.41,1470.56,-427.843,-4636.71
491.1,5.7971,44977.6,29514.0,-3272.54,1425.58,-462.442,-4822.75
491.2,5.7789,45033.5,29688.1,-2985.94,1378.27,-496.639,-4860.15
491.3,5.79168,45027.4,30525.1,-3563.93,1378.19,-494.865,-4765.26
491.4,5.79878,44815.9,28584.7,-3858.24,1367.59,-485.489,-4720.57
491.5,5.79884,44764.3,27839.9,-4126.68,1338.54,-579.622,-4855.29
491.6,5.80419,44800.7,27051.9,-3842.22,1369.1,-674.398,-4792.57
491.7,5.80349,44828.4,28337.8,-4053.23,1387.32,-691.393,-4602.32
491.8,5.80443,45024.3,29729.0,-5707.01,1398.22,-617.602,-4596.16
491.9,5.81113,45084.3,28503.2,-8336.96,1414.22,-514.139,-4709.19
492.0,5.80897,45052.0,27537.5,-9946.91,1430.11,-394.385,-4812.26
492.1,5.79376,45000.2,28053.0,-10337.4,1418.67,-369.391,-4823.1
492.2,5.77414,45007.7,28745.0,-9504.31,1420.75,-434.092,-4856.45
492.3,5.75171,44998.1,25928.1,-8084.96,1422.6,-478.788,-4933.87
492.4,5.73468,45021.5,21110.6,-7772.09,1441.65,-518.299,-5031.04
492.5,5.72447,45036.6,17821.0,-7774.74,1443.35,-497.151,-5051.08
492.6,5.70905,45006.2,17623.9,-7530.21,1447.85,-488.695,-4965.1
492.7,5.69102,45014.1,17656.0,-7358.21,1457.85,-510.469,-4839.47
492.8,5.67868,45034.9,18666.5,-7810.9,1425.0,-494.515,-4847.67
492.9,5.67092,45044.5,19830.8,-9101.74,1401.98,-366.453,-4831.52
493.0,5.67494,45066.1,21927.6,-10148.2,1370.0,-177.243,-4707.15
493.1,5.68943,45055.1,22506.8,-9355.54,1380.22,-96.708,-4609.53
493.2,5.69036,45023.5,21033.8,-6845.29,1365.5,-189.52,-4706.52
493.3,5.68298,45044.6,18859.0,-4186.3,1379.06,-310.207,-4857.48
493.4,5.68239,45062.5,19376.3,-2759.76,1371.34,-351.367,-4897.78
493.5,5.69135,45117.7,20913.2,-2278.58,1383.73,-299.392,-4817.14
493.6,5.72174,45166.1,20258.3,-815.782,1426.74,-232.891,-4792.38
493.7,5.75048,45124.8,19184.6,3576.42,1501.58,-243.961,-4922.71
493.8,5.76232,45080.2,19603.8,9726.68,1589.26,-321.043,-4924.16
493.9,5.76019,45035.9,21709.6,15259.8,1657.82,-381.563,-4751.06
494.0,5.73971,44984.8,21011.4,18230.9,1724.11,-347.575,-4627.21
494.1,5.71723,45019.4,16381.1,17609.2,1769.65,-253.254,-4760.88
494.2,5.71542,45078.8,11863.6,15366.3,1797.96,-170.677,-4966.0
494.3,5.71244,45044.3,9181.56,13329.2,1802.78,-163.361,-4952.73
494.4,5.70203,45035.7,8481.41,11431.1,1824.89,-219.731,-4939.38
494.5,5.68613,44989.9,5158.72,8967.23,1842.9,-266.092,-5048.61
494.6,5.65386,44965.2,1783.01,5035.45,1844.54,-222.721,-5230.29
494.7,5.63632,45047.0,1211.07,-638.762,1840.98,-144.915,-5153.52
494.8,5.64026,45094.2,3366.46,-6475.3,1805.43,-69.2724,-4835.01
494.9,5.65482,45110.4,5202.58,-10171.5,1777.01,25.1178,-4673.77
495.0,5.66201,45067.3,4304.77,-10795.8,1760.09,58.579,-4740.29
495.1,5.66017,45051.3,2213.06,-8761.16,1766.43,24.7325,-4807.1
495.2,5.65894,45061.2,2495.48,-6428.2,1756.43,-51.2422,-4797.22
495.3,5.66441,45100.7,5215.68,-5347.3,1702.42,-45.6505,-4816.55
495.4,5.67916,45101.9,4821.22,-6154.12,1661.3,1.96225,-4859.97
495.5,5.70126,45144.4,2285.05,-6963.01,1669.59,56.4365,-4981.48
495.6,5.73085,45152.1,-353.624,-5455.83,1690.8,68.3597,-5034.56
495.7,5.74857,45083.2,-2554.42,-888.968,1732.59,19.563,-4938.83
495.8,5.74723,45031.0,-5054.64,4517.7,1789.69,-102.505,-4829.2
495.9,5.72968,45003.8,-7641.07,8098.81,1875.51,-164.512,-4844.43
496.0,5.69959,44953.7,-9916.75,7793.05,1920.63,-114.717,-4822.79
496.1,5.65793,44958.0,-8690.1,4080.37,1917.18,-0.065375,-4737.47
496.2,5.62783,44996.0,-6189.35,-700.062,1879.19,80.4821,-4634.99
496.3,5.60811,45009.8,-4650.89,-3919.69,1802.98,67.4951,-4661.01
496.4,5.58347,44986.7,-3665.15,-6441.03,1738.1,-77.8371,-4808.99
496.5,5.56427,45016.8,-968.727,-8817.26,1707.44,-163.23,-4904.76
496.6,5.5439,44927.6,2321.18,-12192.7,1703.67,-162.991,-4832.05
496.7,5.51891,44796.5,3995.93,-16221.4,1723.81,-108.18,-4759.73
496.8,5.52231,44618.3,4750.48,-18882.6,1760.42,-79.8754,-4833.5
496.9,5.54547,44346.3,6795.07,-18868.3,1794.8,-120.519,-4843.77
497.0,5.58365,44097.8,10285.5,-17066.5,1779.95,-211.17,-4649.48
497.1,5.62586,43973.9,13175.1,-15133.1,1792.3,-293.696,-4512.93
497.2,5.655,44034.4,12709.1,-13827.1,1795.32,-252.835,-4605.71
497.3,5.67319,44361.0,10600.7,-13550.5,1794.29,-178.314,-4777.01
497.4,5.69005,44898.0,9947.65,-12669.5,1773.74,-121.476,-4818.46
497.5,5.70749,45158.1,10823.5,-10503.6,1786.95,-146.15,-4816.55
497.6,5.72346,45106.3,10693.7,-6885.3,1817.56,-189.7,-4941.42
497.7,5.70327,44939.5,7587.37,-2987.65,1838.16,-210.803,-5101.02
497.8,5.65069,44896.8,6343.19,403.872,1859.09,-194.363,-5179.44
497.9,5.59253,44908.2,5918.13,3828.59,1850.65,-146.78,-5005.85
498.0,5.55162,44982.0,5190.18,7720.51,1837.47,-169.66,-4834.74
498.1,5.54712,45110.5,1960.9,11999.2,1869.6,-250.804,-4841.52
498.2,5.57353,45157.8,-1775.15,15369.6,1926.89,-339.851,-4926.56
498.3,5.60667,45148.6,-3815.58,16682.7,2013.07,-345.216,-4941.96
498.4,5.62529,45089.3,-3725.26,15143.3,2052.54,-318.238,-4945.86
498.5,5.63235,45077.6,-4998.35,12370.4,2060.87,-232.504,-5031.91
498.6,5.65908,45169.5,-6311.61,10468.9,2032.79,-149.632,-5216.74
498.7,5.71405,45263.7,-7365.35,10403.4,2007.41,-145.509,-5242.42
498.8,5.7837,45253.8,-5663.14,11913.0,1972.08,-209.908,-5152.07
498.9,5.8265,45124.3,-6359.06,14425.5,1971.16,-267.345,-5001.0
499.0,5.81615,44975.3,-7612.52,15752.7,1962.89,-363.716,-5018.2
499.1,5.78458,44970.2,-9080.98,14972.1,1939.53,-454.648,-5024.78
499.2,5.75945,45009.1,-9113.02,12176.0,1881.75,-478.854,-4914.42
499.3,5.75956,45117.2,-8449.18,7974.07,1862.26,-417.612,-4880.63
499.4,5.78385,45137.5,-10105.9,3605.08,1873.08,-321.309,-5003.14
499.5,5.78104,45006.8,-11809.9,208.724,1894.69,-212.219,-5213.29
499.6,5.73916,44912.5,-11060.1,-1832.23,1922.31,-103.555,-5300.3
499.7,5.69016,44931.7,-7526.9,-2455.4,1906.23,-46.1379,-5231.8
499.8,5.66263,45036.8,-4075.96,-1510.01,1842.32,-42.1786,-5139.72
499.9,5.68007,45175.7,-3163.18,1031.15,1837.95,-94.7373,-5105.94
500.0,5.73088,45222.8,-1597.55,4669.96,1863.91,-226.003,-5098.22
500.1,5.77416,45162.0,1424.12,9074.2,1881.95,-351.757,-4970.71
500.2,5.79468,45097.0,4528.7,13156.1,1917.63,-444.352,-4825.32
500.3,5.80594,45088.2,6764.82,15816.4,1891.72,-462.892,-4863.01
500.4,5.84138,45201.4,6627.61,17555.1,1900.81,-340.577,-4982.38
500.5,5.89772,45235.3,6176.75,19118.3,1915.34,-162.773,-5047.55
500.6,5.94775,45176.9,6020.89,21056.4,1964.34,-52.9357,-5051.59
500.7,5.95564,45022.0,3412.25,23814.8,2034.83,-7.62975,-5057.3
500.8,5.91504,44899.9,-515.941,26925.5,2120.65,-14.564,-5167.56
500.9,5.85293,44889.5,-4624.9,29484.6,2157.32,-79.6547,-5224.76
501.0,5.82085,45036.1,-4533.86,31349.9,2201.98,-207.122,-5200.97
501.1,5.82443,45108.2,-2113.74,32239.8,2203.39,-357.206,-5087.15
501.2,5.83811,45109.1,988.776,32112.3,2212.14,-432.842,-5059.12
501.3,5.83728,45016.7,2972.53,31968.4,2181.81,-362.446,-5090.85
501.4,5.8067,44965.0,5719.35,31703.7,2166.21,-274.256,-5125.94
501.5,5.79285,45067.3,8916.11,31686.1,2189.35,-164.552,-5062.67
501.6,5.8107,45141.7,10519.1,31135.6,2191.72,-89.4421,-4985.99
501.7,5.84259,45165.1,9688.17,29774.5,2208.22,0.64725,-5067.9
501.8,5.87131,45130.1,6448.96,27331.9,2256.22,36.1898,-5181.55
501.9,5.88655,45082.5,3336.14,25084.6,2285.37,0.22925,-5227.16
502.0,5.89434,45092.3,1856.7,23813.5,2272.22,-98.9609,-5226.31
502.1,5.92636,45181.4,804.803,24321.0,2209.4,-213.644,-5225.98
502.2,5.96588,45176.6,-782.871,24738.6,2129.81,-363.136,-5219.31
502.3,6.00677,45174.5,-1137.91,23510.0,2057.53,-393.116,-5204.26
502.4,6.03145,45105.0,-252.332,20938.3,2058.95,-222.389,-5089.77
502.5,6.03004,44979.3,1907.91,18565.2,2148.3,7.05675,-4979.46
502.6,6.01038,44763.3,2494.01,17882.3,2252.89,106.315,-4936.14
502.7,5.97968,44648.5,1036.62,19262.7,2357.63,66.387,-4984.47
502.8,5.95294,44662.1,-2134.86,21435.1,2433.87,18.6691,-5040.01
502.9,5.93757,44689.4,-4352.26,21721.3,2453.94,-76.7333,-5108.99
503.0,5.93887,44721.3,-4609.33,21004.0,2422.82,-117.726,-5177.07
503.1,5.95663,44738.9,-3328.04,21064.1,2410.95,-181.482,-5222.06
503.2,5.98912,44719.6,-2119.95,23933.6,2376.47,-245.683,-5233.2
503.3,6.02699,44629.5,-748.131,29216.2,2352.68,-359.756,-5277.61
503.4,6.05372,44475.5,2628.08,34469.9,2344.51,-426.267,-5308.02
503.5,6.07665,44372.1,7124.49,38096.4,2319.89,-328.503,-5180.04
503.6,6.09365,44287.6,9846.72,39638.9,2381.24,-179.958,-4998.65
503.7,6.10332,44175.5,8722.4,38985.3,2406.92,-148.567,-4965.14
503.8,6.11581,44150.6,5309.32,37946.1,2448.36,-156.254,-5101.45
503.9,6.14049,44105.6,2445.21,36858.2,2495.22,-210.681,-5199.63
504.0,6.17196,44047.4,2312.01,35058.1,2488.71,-302.685,-5251.28
504.1,6.21014,43909.0,1626.61,33112.6,2463.75,-378.509,-5320.19
504.2,6.2302,43664.1,351.034,31515.0,2430.8,-408.369,-5470.52
504.3,6.24027,43501.7,-607.958,30230.4,2432.09,-376.715,-5516.1
504.4,6.26176,43380.0,-209.969,30420.2,2457.13,-295.944,-5349.09
504.5,6.27458,43217.2,1186.61,32684.6,2508.33,-205.654,-5162.46
504.6,6.27725,43007.2,2764.57,35157.7,2557.75,-210.317,-5078.05
504.7,6.27014,42777.2,4213.7,37558.9,2537.45,-210.337,-5004.63
504.8,6.25609,42648.2,4483.73,39410.1,2516.5,-189.401,-4883.9
504.9,6.25089,42616.6,2593.19,38308.7,2427.89,-306.511,-4852.4
505.0,6.2809,42715.4,-2464.5,36062.8,2363.11,-346.072,-4997.53
505.1,6.32572,42706.1,-7786.38,33757.8,2303.4,-297.889,-5223.91
505.2,6.36618,42591.3,-11419.2,32537.2,2218.29,-250.398,-5327.71
505.3,6.39031,42385.2,-12790.9,32737.9,2148.15,-279.721,-5296.19
505.4,6.38544,42167.5,-12875.4,33235.1,2090.28,-312.678,-5238.05
505.5,6.37642,42154.8,-13626.6,31951.7,2075.63,-250.741,-5114.7
505.6,6.39541,42241.2,-14293.3,28781.2,2112.53,-145.792,-4934.37
505.7,6.42389,42206.2,-14674.7,25405.5,2137.48,-67.2715,-4740.96
505.8,6.44628,42037.7,-14026.1,23561.6,2112.52,-109.068,-4690.21
505.9,6.45111,41785.5,-14441.7,24223.4,2082.68,-236.276,-4780.78
506.0,6.44506,41635.6,-14271.4,25346.2,2055.77,-383.799,-5007.24
506.1,6.45294,41620.6,-10345.8,24584.3,2000.42,-439.172,-5296.89
506.2,6.47346,41594.4,-5820.17,22268.4,1949.44,-334.535,-5398.62
506.3,6.48607,41496.7,-1756.26,19562.7,1962.0,-206.48,-5397.4
506.4,6.49754,41391.8,-24.9573,19268.7,2052.59,-105.92,-5384.05
506.5,6.49016,41168.1,2145.47,22398.3,2097.97,-108.706,-5313.79
506.6,6.45498,41025.8,5320.45,26502.1,2105.34,-225.187,-5070.87
506.7,6.43665,41111.9,9588.88,29190.3,2086.79,-303.864,-4830.64
506.8,6.43919,41212.8,11436.0,29430.6,2006.9,-250.549,-4758.58
506.9,6.44178,41251.9,8903.82,27403.7,1898.28,-153.139,-4877.27
507.0,6.45399,41310.9,6395.34,25867.1,1827.58,-62.2199,-5127.34
507.1,6.45578,41236.6,5705.88,26087.4,1721.56,-41.7784,-5288.6
507.2,6.4426,41226.9,7460.99,27148.3,1639.71,-66.5605,-5393.6
507.3,6.44242,41318.0,7581.46,28176.0,1589.4,-44.7109,-5413.84
507.4,6.44733,41394.5,7105.62,28151.7,1622.77,-6.64913,-5393.32
507.5,6.46503,41472.9,7721.89,27948.5,1696.42,45.0001,-5239.33
507.6,6.48365,41385.1,9455.92,28616.3,1741.5,-28.3528,-4935.38
507.7,6.47528,41229.3,12556.9,29327.5,1758.69,-217.941,-4745.23
507.8,6.47904,41226.9,12870.9,29228.1,1773.24,-322.141,-4693.22
507.9,6.4902,41213.6,10507.7,27490.0,1717.89,-265.542,-4752.94
508.0,6.50542,41217.7,6499.19,24640.5,1658.02,-100.619,-4901.97
508.1,6.52246,41147.7,2223.56,22812.7,1596.12,45.0945,-5114.46
508.2,6.51478,40985.5,-577.196,22518.5,1580.97,49.8455,-5339.48
508.3,6.47468,40852.1,-3920.36,22235.6,1561.75,-8.3565,-5430.41
508.4,6.4263,40875.1,-6133.69,21494.6,1561.32,10.0295,-5442.94
508.5,6.37962,41021.1,-9230.98,20042.4,1581.94,40.8374,-5336.09
508.6,6.35429,41287.4,-12726.4,18303.0,1605.43,-22.0784,-5171.25
508.7,6.3574,41518.3,-13289.4,18166.0,1608.3,-102.579,-5084.49
508.8,6.35804,41568.0,-12466.7,18930.0,1572.18,-163.499,-4956.96
508.9,6.34119,41551.8,-11256.8,17311.7,1458.52,-233.508,-4877.21
509.0,6.32989,41669.7,-8706.11,12767.6,1369.5,-167.858,-4999.63
509.1,6.32709,41805.1,-8175.94,5804.31,1285.75,35.053,-5080.18
509.2,6.33316,41949.2,-5601.58,-1479.6,1198.94,233.112,-5191.37
509.3,6.34602,42005.9,-3069.51,-5429.02,1182.7,303.571,-5228.39
509.4,6.33018,41904.0,-1691.16,-5247.97,1178.01,197.932,-5182.17
509.5,6.29895,41885.3,-761.143,-2659.69,1178.38,36.7609,-5129.71
509.6,6.28075,41992.0,3419.92,1179.71,1199.25,-56.7155,-5078.8
509.7,6.27712,42141.7,10593.9,5682.56,1180.29,-96.2994,-4859.88
509.8,6.2881,42292.2,17443.1,12051.5,1163.78,-134.959,-4606.04
509.9,6.29676,42264.5,21135.4,20640.1,1168.4,-269.813,-4613.54
510.0,6.27647,42179.7,21584.1,28402.4,1194.12,-441.36,-4818.9
510.1,6.24556,42183.7,21925.5,32150.7,1203.44,-468.566,-4964.43
510.2,6.20319,42233.3,22586.3,31001.4,1213.07,-305.773,-4977.94
510.3,6.16848,42425.6,21925.4,26949.7,1244.74,-77.7455,-5044.65
510.4,6.16122,42677.5,19621.0,24859.7,1310.42,59.2197,-5224.26
510.5,6.15317,42738.5,17848.4,26832.4,1402.57,-54.681,-5307.28
510.6,6.12402,42753.1,16624.0,30715.7,1474.45,-300.738,-5127.52
510.7,6.0899,42825.8,17202.0,33862.4,1464.63,-465.628,-4979.75
510.8,6.06467,42953.3,16403.3,34659.8,1485.7,-478.979,-4946.32
510.9,6.08167,43019.2,14434.1,33729.3,1474.81,-453.013,-4963.17
511.0,6.11117,42855.4,10983.2,33053.4,1405.64,-482.504,-4943.82
511.1,6.10835,42761.5,7623.12,33149.1,1357.68,-489.41,-5044.86
511.2,6.07545,42831.6,2603.1,31771.9,1336.37,-435.082,-5190.51
511.3,6.04068,42975.5,-3149.7,28345.2,1332.06,-265.938,-5319.55
511.4,6.016,43066.6,-7704.23,23525.8,1298.34,-77.7627,-5373.4
511.5,6.01001,43173.3,-11359.3,19269.5,1275.26,6.56894,-5294.04
511.6,6.01378,43252.2,-13578.6,18309.2,1308.29,-60.4267,-5201.37
511.7,6.01127,43372.2,-16407.1,21115.3,1392.88,-223.158,-5139.04
511.8,5.99648,43496.8,-16632.9,24183.6,1443.81,-493.522,-5172.18
511.9,5.98781,43718.9,-14838.9,25886.6,1505.03,-599.703,-5139.04
512.0,5.98746,43924.2,-9200.53,23261.1,1559.92,-603.051,-5065.84
512.1,6.00172,44229.5,-4675.22,17464.7,1585.76,-443.55,-4944.34
512.2,6.02026,44463.8,-2613.63,11023.8,1611.39,-257.505,-4916.87
512.3,6.01755,44294.5,-1742.48,6302.76,1606.44,-101.307,-4966.3
512.4,6.00182,44189.6,-1346.43,4075.35,1587.54,-56.7752,-4943.38
512.5,5.96523,44129.7,-645.148,3418.13,1530.73,-146.443,-4902.29
512.6,5.91187,44197.5,-1915.25,2515.85,1456.08,-254.469,-4929.67
512.7,5.87318,44441.5,-3314.3,997.162,1399.95,-325.785,-5072.07
512.8,5.85013,44674.1,-2309.75,420.787,1393.56,-366.108,-5173.24
512.9,5.84448,44632.7,1384.88,2018.45,1396.41,-441.427,-5119.44
513.0,5.85302,44475.0,5224.03,6388.53,1481.4,-525.472,-5045.57
513.1,5.8604,44237.5,7527.32,11616.1,1557.08,-558.586,-5041.75
513.2,5.86427,44104.1,9809.34,14560.7,1612.03,-516.989,-5035.03
513.3,5.87028,44114.0,13213.3,14401.7,1635.78,-363.487,-4912.11
513.4,5.87651,44276.3,16611.3,11909.3,1672.89,-198.549,-4774.54
513.5,5.88733,44597.9,17591.0,9724.05,1667.7,-99.0201,-4822.5
513.6,5.89601,44975.8,16120.7,10480.4,1677.59,-96.8941,-5063.82
513.7,5.89172,45060.8,15768.3,13820.5,1699.58,-205.227,-5297.26
513.8,5.88872,45058.5,17223.7,17940.5,1696.19,-337.095,-5323.82
513.9,5.87193,44989.5,16820.7,21150.2,1669.96,-370.589,-5199.95
514.0,5.85186,45008.3,13212.2,23689.6,1663.75,-257.9,-5169.77
514.1,5.83358,45004.9,7663.06,27051.2,1653.77,-142.905,-5157.36
514.2,5.80792,44983.9,4440.96,30707.9,1658.41,-180.934,-5024.04
514.3,5.79016,45016.8,4114.34,34003.2,1679.17,-201.896,-4828.98
514.4,5.76393,44985.8,1222.96,34708.3,1789.89,-146.123,-4736.29
514.5,5.73766,44995.1,-4387.74,31461.2,1898.96,-29.3505,-4933.44
514.6,5.71856,45013.4,-10366.0,26899.8,1903.63,121.692,-5149.1
514.7,5.7017,44990.1,-14282.8,23329.2,1872.55,144.291,-5156.45
514.8,5.71026,45052.2,-15823.3,20966.7,1805.43,16.299,-5111.05
514.9,5.76022,45070.6,-16975.0,19034.4,1753.13,-116.463,-5156.22
515.0,5.81047,45031.8,-18255.4,16728.2,1739.28,-122.877,-5163.98
515.1,5.83195,45131.7,-17684.0,12736.0,1800.92,-108.39,-5028.12
515.2,5.83563,45039.4,-14491.5,9126.79,1869.02,-51.2528,-4855.69
515.3,5.82497,45021.5,-11499.1,7582.2,1973.09,5.86075,-4782.16
515.4,5.81848,45063.1,-9205.15,6704.63,2035.0,-27.7255,-4845.2
515.5,5.8266,45097.9,-7893.79,5728.56,2066.28,-63.2677,-4906.65
515.6,5.8161,45001.0,-6082.64,3599.61,2090.51,-17.2987,-4947.66
515.7,5.79419,45001.0,-4818.93,222.737,2119.13,67.0235,-5004.85
515.8,5.77197,45004.2,-5621.39,-2319.26,2135.23,87.9538,-5076.26
515.9,5.74494,44975.8,-8440.02,-2473.06,2091.15,22.5705,-5133.55
516.0,5.71883,45007.1,-9827.08,-1484.05,1999.74,-117.079,-5167.44
516.1,5.71062,45047.1,-8289.0,-1086.78,1934.94,-221.992,-5101.5
516.2,5.70373,45054.9,-5223.81,-2710.74,1900.07,-190.505,-4940.49
516.3,5.70101,45049.2,-1230.21,-6024.43,1881.4,-74.1377,-4873.71
516.4,5.69865,45055.5,2020.13,-9167.82,1928.23,6.221,-4853.97
516.5,5.70995,45134.7,7617.0,-10038.3,1991.3,54.1486,-4866.98
516.6,5.74371,45168.5,12021.0,-8406.44,2020.83,36.326,-4786.29
516.7,5.77875,45152.0,13607.4,-4774.89,2016.63,-21.7286,-4775.82
516.8,5.80642,45126.6,10274.4,-2136.25,2041.71,-154.808,-4895.26
516.9,5.83175,45140.5,6203.1,-1216.11,2074.34,-200.598,-5064.81
517.0,5.84563,45064.0,3023.5,-1381.98,2021.92,-150.67,-5042.1
517.1,5.83368,45017.8,1927.61,-1697.32,1959.43,-153.421,-4955.47
517.2,5.81998,45031.9,490.389,-779.878,1878.3,-200.216,-4932.88
517.3,5.80971,45037.4,-1642.29,2054.58,1869.73,-197.138,-4971.72
517.4,5.79692,45034.7,-2292.7,4957.06,1901.19,-180.779,-4962.38
517.5,5.77885,44993.4,-1137.86,6903.81,1895.12,-161.291,-4852.07
517.6,5.73329,44902.6,-403.263,7338.73,1907.65,-159.597,-4772.8
517.7,5.68615,44952.4,-1705.7,6138.65,1963.61,-152.98,-4820.26
517.8,5.67813,45096.4,-3391.63,4905.01,2017.15,-124.571,-4931.2
517.9,5.69196,45117.7,-5113.69,4604.69,2028.98,-155.578,-4964.77
518.0,5.70476,45096.4,-6596.84,4595.91,1997.09,-261.6,-4995.09
518.1,5.7238,45120.8,-7206.43,4700.64,1988.01,-317.407,-5111.69
518.2,5.73936,45097.0,-8124.98,4008.77,1972.73,-291.896,-5122.47
518.3,5.76012,45143.3,-7209.52,2180.35,1931.91,-225.179,-5003.33
518.4,5.79709,45167.5,-4420.12,419.966,1891.93,-195.344,-4849.6
518.5,5.82423,45134.3,-1348.75,-689.379,1893.94,-197.078,-4751.14
518.6,5.8508,45126.9,612.754,-1948.69,1961.09,-233.856,-4691.07
518.7,5.85859,45049.4,1047.43,-3155.23,2033.73,-222.952,-4673.89
518.8,5.83965,44987.9,-529.442,-4389.66,2109.86,-178.337,-4717.21
518.9,5.81811,45015.4,-3173.2,-5983.94,2171.26,-189.859,-4835.94
519.0,5.81161,45065.1,-5678.78,-6449.07,2179.31,-179.362,-4937.49
519.1,5.80539,45040.3,-6940.04,-5950.69,2157.93,-192.069,-4989.11
519.2,5.79791,45049.5,-5768.92,-5701.62,2139.95,-274.438,-5038.73
519.3,5.79334,45048.3,-3734.82,-5435.62,2121.87,-309.89,-5012.01
519.4,5.78415,45032.2,-827.463,-5352.86,2132.35,-313.843,-4934.61
519.5,5.77901,45062.1,3072.06,-5675.36,2135.92,-326.034,-4840.3
519.6,5.78451,45082.6,8275.45,-6793.18,2099.56,-381.975,-4746.93
519.7,5.79787,45115.8,12991.9,-7772.92,2094.99,-318.308,-4653.4
519.8,5.82276,45141.3,16446.8,-9452.68,2090.72,-252.932,-4626.29
519.9,5.84826,45125.0,18953.6,-10860.9,2023.67,-204.376,-4688.55
520.0,5.86051,45072.2,19043.2,-10786.5,1946.43,-157.764,-4750.64
520.1,5.85619,45036.5,17818.4,-10681.0,1876.26,-229.298,-4837.75
520.2,5.85402,45074.1,16151.4,-11921.2,1796.9,-335.527,-4957.3
520.3,5.86171,45090.8,14952.3,-15016.9,1727.06,-348.395,-5038.98
520.4,5.8782,45123.7,15120.2,-19223.3,1747.81,-274.495,-5015.58
520.5,5.90085,45132.2,16232.0,-22159.2,1811.43,-181.094,-4946.58
520.6,5.91124,45068.9,18034.0,-21654.4,1892.7,-131.314,-4918.44
520.7,5.9032,45035.9,18833.5,-18590.3,1987.95,-143.899,-4849.16
520.8,5.89704,45050.8,18191.4,-15491.0,2041.07,-163.384,-4757.42
520.9,5.89137,45049.6,17940.2,-13459.5,2024.84,-93.3142,-4756.54
521.0,5.87938,45021.7,14771.6,-12584.0,1963.25,-8.6895,-4762.97
521.1,5.86481,45024.3,9498.32,-11024.8,1896.24,1.71925,-4843.67
521.2,5.85135,45023.8,4957.24,-7917.65,1849.18,-113.786,-5062.3
521.3,5.83965,45038.6,114.724,-3564.16,1831.97,-212.085,-5192.82
521.4,5.8341,45052.2,-2280.53,79.3326,1852.6,-257.734,-5237.76
521.5,5.8283,45039.9,-2633.6,1295.01,1887.36,-223.85,-5204.1
521.6,5.83065,45083.7,-1857.55,1445.39,1960.46,-53.3894,-5081.04
521.7,5.83528,45067.7,-1082.4,1425.3,2031.42,58.0634,-4888.55
521.8,5.84025,45084.8,-1434.63,1512.36,2079.18,52.4132,-4714.19
521.9,5.85564,45106.9,-1627.56,1638.91,2122.04,20.0803,-4684.57
522.0,5.86218,45065.3,-2271.07,80.6368,2136.77,-21.2856,-4712.81
522.1,5.86825,45103.5,-2509.94,-4046.79,2149.12,-25.9496,-4798.5
522.2,5.88451,45101.3,-5082.63,-8353.44,2144.0,58.8099,-4876.63
522.3,5.88157,45032.9,-10022.4,-11410.3,2124.33,88.2996,-5009.97
522.4,5.87194,45041.6,-15382.9,-12711.7,2068.07,51.8312,-5112.95
522.5,5.86589,45037.5,-19350.8,-12042.8,2028.13,34.3695,-5077.38
522.6,5.84349,44984.9,-19189.5,-12419.6,1998.88,-0.86575,-4941.52
522.7,5.83213,45057.6,-17483.5,-14343.9,1975.26,65.4325,-4769.44
522.8,5.8143,44975.6,-15739.0,-16767.1,1969.53,132.814,-4667.73
522.9,5.78275,44979.5,-13701.6,-17746.9,1986.75,188.223,-4697.6
523.0,5.75683,45001.2,-11432.9,-18302.9,1972.12,60.119,-4725.59
523.1,5.74332,45047.5,-7973.72,-18012.4,1918.59,-7.34225,-4786.53
523.2,5.74744,45097.4,-5563.05,-19376.2,1864.36,-0.15575,-4840.54
523.3,5.77915,45180.0,-4408.54,-21619.8,1832.3,72.7885,-4902.78
523.4,5.81537,45153.7,-3266.95,-23165.7,1818.09,94.4327,-4949.61
523.5,5.84098,45118.7,-2441.04,-22563.5,1848.75,71.3717,-4907.4
523.6,5.85186,45063.3,-2364.6,-21150.2,1853.34,-46.6526,-4803.14
523.7,5.84928,45059.4,-2296.54,-21207.1,1876.14,-151.366,-4775.0
523.8,5.85634,45096.8,-3481.18,-23393.0,1887.83,-89.9238,-4734.77
523.9,5.8673,45094.9,-3046.28,-26239.4,1894.01,57.2306,-4748.68
524.0,5.86546,45038.3,-2449.47,-27831.8,1862.09,120.361,-4755.79
524.1,5.85063,45010.1,-2715.78,-26215.9,1837.51,91.1509,-4794.66
524.2,5.82045,44958.1,-3700.7,-22643.6,1816.31,-4.87937,-4910.02
524.3,5.79009,44993.1,-5627.59,-19402.0,1804.55,-70.221,-4987.22
524.4,5.76784,45010.9,-6948.36,-17820.6,1764.1,-81.4861,-4996.38
524.5,5.74646,45006.4,-8426.58,-17354.1,1760.01,-64.6029,-4958.36
524.6,5.73458,45047.0,-11197.1,-15834.4,1789.75,-43.7074,-4941.58
524.7,5.73122,45055.2,-13800.7,-11480.6,1814.33,-69.1269,-4980.26
524.8,5.73073,45067.4,-13462.3,-5834.79,1850.69,-199.876,-5033.48
524.9,5.7422,45119.6,-10267.2,-2113.84,1864.67,-313.138,-4993.68
525.0,5.77231,45166.7,-4556.53,-1938.07,1916.31,-276.641,-4958.62
525.1,5.80947,45168.8,-1032.18,-4492.08,1940.74,-119.677,-4919.82
525.2,5.85082,45184.7,-294.054,-6667.6,1980.56,-16.5066,-4930.6
525.3,5.88971,45162.3,-2403.67,-5097.38,2062.74,-26.3318,-4952.17
525.4,5.91888,45132.4,-6098.69,450.109,2166.96,-106.756,-4995.05
525.5,5.92365,45036.9,-10712.9,5593.14,2223.19,-280.632,-5044.96
525.6,5.90487,45002.6,-13551.7,7596.51,2265.86,-322.292,-5117.46
525.7,5.87969,44980.8,-17220.5,5869.75,2271.52,-191.428,-5039.93
525.8,5.85011,44990.9,-20899.9,3112.7,2203.67,-39.7865,-4974.69
525.9,5.83327,45036.2,-24231.2,2536.17,2127.6,-24.0502,-5007.73
526.0,5.83149,45072.3,-23625.6,4883.84,2101.08,-154.557,-5097.12
526.1,5.82671,45044.0,-20729.6,7054.76,2084.83,-282.029,-5023.33
526.2,5.81213,44993.5,-15693.5,6150.04,2089.73,-270.059,-4952.58
526.3,5.78365,44985.1,-12828.5,1815.07,2138.94,-130.831,-4947.3
526.4,5.7736,45077.8,-10172.1,-3375.76,2183.04,-1.053,-4990.89
526.5,5.79864,45177.7,-7176.18,-6289.06,2204.2,-1.58675,-4891.69
526.6,5.85819,45272.3,-1693.42,-5059.86,2212.9,-83.8069,-4791.15
526.7,5.92202,45225.4,2456.35,-2214.88,2191.69,-248.096,-4760.48
526.8,5.9646,45152.5,4484.95,-943.539,2179.84,-373.62,-4821.09
526.9,5.99517,45135.4,5692.34,-1682.37,2200.78,-295.569,-4882.31
527.0,6.01419,45093.8,5514.45,-4435.15,2219.98,-211.801,-4804.92
527.1,6.0302,45086.9,4319.6,-7374.24,2225.14,-170.505,-4765.21
527.2,6.05322,44983.3,1851.16,-8283.43,2248.69,-120.593,-4848.68
527.3,6.04814,44745.2,-1707.79,-7987.83,2297.52,-112.131,-4901.82
527.4,6.02212,44575.7,-3324.28,-8632.73,2344.97,-132.725,-4908.4
527.5,5.99015,44469.1,-2897.44,-10088.6,2397.86,-96.9617,-4881.91
527.6,5.94164,44415.8,-3142.01,-12724.7,2390.2,-51.814,-4821.34
527.7,5.91316,44589.9,-2863.92,-15053.7,2406.76,-40.0137,-4852.16
527.8,5.9134,44724.2,-2826.81,-14703.6,2372.97,-64.5133,-4841.3
527.9,5.91458,44784.4,-2236.32,-11818.4,2345.01,-136.177,-4794.81
528.0,5.92682,44797.4,-2414.83,-8641.16,2323.26,-242.217,-4778.87
528.1,5.93597,44731.6,-1045.61,-7706.43,2294.86,-297.887,-4852.34
528.2,5.94189,44713.4,2060.59,-10201.0,2251.03,-180.891,-4848.77
528.3,5.97248,44803.8,6986.06,-14639.3,2233.58,-3.08825,-4739.97
528.4,6.00754,44784.3,9316.01,-18158.7,2197.43,96.1915,-4635.37
528.5,6.04444,44723.7,7387.92,-18724.2,2200.56,80.6505,-4687.73
528.6,6.07766,44597.9,5679.91,-16579.6,2201.03,6.73425,-4848.68
528.7,6.09427,44403.1,7733.15,-13525.9,2200.3,-62.1709,-4878.97
528.8,6.09438,44257.6,11918.3,-10800.7,2217.68,-96.0236,-4781.58
528.9,6.08872,44179.3,12491.0,-8320.87,2231.63,-100.838,-4748.01
529.0,6.07336,44118.1,8843.75,-5682.02,2252.77,-109.739,-4884.15
529.1,6.06089,44126.0,4615.56,-3001.3,2318.85,-137.703,-4978.95
529.2,6.05263,44102.6,5382.28,-1246.01,2331.09,-168.579,-4934.02
529.3,6.03788,44036.7,9029.1,-1358.32,2342.0,-153.415,-4818.87
529.4,6.01543,43948.2,11761.8,-3388.72,2338.65,-69.3136,-4850.68
529.5,5.99972,43974.4,11867.3,-6172.13,2388.62,18.1306,-4974.12
529.6,5.99653,44046.9,12021.3,-8839.32,2441.01,44.0672,-5034.68
529.7,6.0099,44122.7,12272.3,-10796.3,2484.47,28.8838,-4935.96
529.8,6.02194,44117.1,13309.1,-13254.8,2472.45,-35.8037,-4886.11
529.9,6.04034,44156.8,14939.3,-15808.8,2463.84,-20.0007,-4957.97
530.0,6.07265,44170.6,16732.2,-18681.9,2437.26,-22.7745,-4936.37
530.1,6.11769,44201.6,18847.3,-20799.7,2412.78,-49.4141,-4802.73
530.2,6.17266,44164.2,19710.4,-21365.4,2390.26,-56.9345,-4731.98
530.3,6.21451,43949.8,17768.5,-21116.4,2400.73,-85.1811,-4790.07
530.4,6.23442,43735.5,17489.6,-21391.9,2405.31,-103.423,-4907.12
530.5,6.24528,43557.0,21674.9,-21901.8,2355.39,-27.0317,-4917.49
530.6,6.23698,43360.3,25707.7,-21580.0,2264.64,60.1895,-4771.14
530.7,6.22193,43298.5,25916.3,-19960.5,2232.59,38.519,-4761.42
530.8,6.22756,43302.6,23189.5,-16100.3,2252.98,-29.5643,-4942.85
530.9,6.23475,43194.5,20018.6,-10364.5,2270.95,-94.6335,-4968.09
531.0,6.22395,43035.5,19927.3,-4595.12,2279.35,-169.235,-4857.69
531.1,6.2073,42894.8,19185.8,-225.718,2270.61,-284.216,-4795.35
531.2,6.19275,42883.4,16672.9,1966.52,2241.68,-361.857,-4891.53
531.3,6.20776,43004.4,15758.0,1552.37,2174.8,-348.737,-5014.55
531.4,6.24977,43065.1,19026.0,-583.348,2093.99,-296.419,-4958.69
531.5,6.28319,42922.9,24632.1,-4222.3,2032.47,-290.991,-4817.2
531.6,6.3153,42787.0,27632.7,-7554.51,2044.72,-218.739,-4796.42
531.7,6.34298,42615.5,26818.0,-8936.82,2095.58,-102.552,-4865.1
531.8,6.35482,42457.8,25858.7,-8512.36,2118.74,-92.8222,-4892.8
531.9,6.36529,42390.0,25155.3,-6050.64,2115.57,-156.476,-4797.94
532.0,6.3703,42325.6,23399.1,-2989.25,2136.43,-285.518,-4762.46
532.1,6.36875,42274.1,19145.6,-768.276,2095.18,-331.516,-4874.66
532.2,6.37423,42239.9,14335.8,536.323,2037.64,-340.891,-5044.31
532.3,6.36783,42168.0,13744.2,2077.74,2011.19,-355.142,-5143.95
532.4,6.36929,42143.3,16116.7,4834.21,2028.45,-376.859,-5110.59
532.5,6.36628,42037.1,17918.3,8383.1,2054.72,-425.674,-5091.31
532.6,6.34023,41908.5,16154.4,10743.9,2121.22,-399.49,-5135.86
532.7,6.3157,41888.2,14347.3,9715.99,2187.87,-312.712,-5143.83
532.8,6.30203,41948.6,16834.3,5578.5,2241.48,-207.335,-4976.74
532.9,6.30852,42040.9,20119.1,186.154,2233.21,-126.508,-4689.88
533.0,6.32603,42054.3,19331.1,-4658.23,2221.67,-154.572,-4592.25
533.1,6.35044,42032.6,15189.3,-7030.72,2209.7,-211.836,-4815.32
533.2,6.37771,41982.0,11836.5,-7949.41,2241.97,-299.919,-5009.79
533.3,6.40836,41922.4,12656.8,-8659.33,2224.75,-363.204,-5000.2
533.4,6.4295,41837.9,14174.1,-9753.61,2174.92,-330.577,-4941.17
533.5,6.44462,41778.0,11374.0,-11420.1,2174.06,-246.008,-4957.21
533.6,6.46013,41741.1,8027.38,-12935.8,2162.67,-184.249,-5005.79
533.7,6.47605,41717.9,8010.3,-12108.9,2165.5,-105.702,-4871.3
533.8,6.48236,41586.2,11741.3,-10040.6,2122.97,-158.677,-4590.85
533.9,6.47402,41473.5,14707.9,-7513.12,2067.3,-250.518,-4460.82
534.0,6.45951,41386.8,14499.2,-6179.85,2065.78,-339.67,-4586.29
534.1,6.44449,41382.9,13061.5,-6629.01,2082.45,-344.694,-4746.31
534.2,6.44874,41471.3,12748.7,-7805.24,2100.16,-281.443,-4773.64
534.3,6.46417,41467.8,12418.8,-8380.32,2152.15,-273.203,-4794.58
534.4,6.48596,41449.1,10692.0,-6998.25,2185.51,-257.517,-4951.84
534.5,6.5127,41344.9,9303.08,-4755.34,2204.02,-274.274,-5079.37
534.6,6.52749,41195.5,12379.8,-2430.34,2187.26,-249.308,-5000.88
534.7,6.53651,41082.7,17047.9,-2444.52,2178.51,-251.753,-4727.29
534.8,6.55504,41042.8,17205.8,-2744.05,2158.0,-143.862,-4547.28
534.9,6.5602,40930.2,14395.1,-2454.89,2129.09,-102.66,-4697.07
535.0,6.55074,40840.1,11304.9,-1354.71,2053.82,-164.1,-4812.36
535.1,6.55224,40884.1,12164.3,1064.15,2023.69,-216.772,-4809.87
535.2,6.55061,40861.0,15296.7,3271.42,1955.9,-247.208,-4846.68
535.3,6.53901,40860.2,13420.9,3233.85,1926.5,-251.128,-4977.91
535.4,6.54067,40914.3,9667.82,2113.61,1943.72,-168.441,-5192.9
535.5,6.54274,40927.0,8292.07,1052.42,1988.77,-66.0925,-5225.83
535.6,6.54882,40935.2,9146.93,388.646,2010.79,-44.1068,-4989.53
535.7,6.5647,40911.4,9752.01,936.027,2066.17,-89.0895,-4806.41
535.8,6.56502,40784.6,7982.65,782.709,2112.68,-142.793,-4829.13
535.9,6.57121,40857.1,7682.78,-1163.74,2163.47,-106.276,-4916.76
536.0,6.58411,40831.0,7986.57,-4019.59,2144.85,-19.7646,-4768.82
536.1,6.58285,40805.4,5824.78,-6973.94,2090.73,40.3364,-4626.05
536.2,6.59767,40885.2,-49.1718,-8046.92,2036.47,101.746,-4826.99
536.3,6.60933,40801.5,-8043.66,-7573.69,1948.07,58.04,-5082.5
536.4,6.59953,40778.2,-11051.7,-8208.9,1850.83,-31.4998,-5087.93
536.5,6.59173,40781.2,-8996.53,-10980.1,1757.52,-27.9069,-4892.83
536.6,6.56531,40706.1,-7471.94,-15358.9,1726.24,69.0149,-4773.19
536.7,6.53944,40768.8,-7808.63,-21224.1,1748.4,105.198,-4835.92
536.8,6.54913,40870.2,-4201.07,-24917.6,1787.33,136.476,-4886.67
536.9,6.55676,40810.8,3264.23,-25524.6,1816.89,135.374,-4641.73
537.0,6.57254,40902.4,13092.1,-24079.7,1899.89,91.803,-4459.68
537.1,6.60893,40911.7,18863.8,-20849.7,1964.14,53.7332,-4519.61
537.2,6.61774,40781.7,20211.9,-17961.9,1969.72,-12.3859,-4661.07
537.3,6.62285,40856.6,20584.1,-16950.0,2005.81,-69.7094,-4676.02
537.4,6.64591,40871.0,21080.8,-16085.1,1953.2,-50.8784,-4625.52
537.5,6.66003,40845.4,18440.5,-13632.0,1899.61,-5.8065,-4670.73
537.6,6.67611,40866.0,14218.8,-9677.54,1829.57,-58.4178,-4871.77
537.7,6.68528,40784.2,12792.1,-4308.56,1757.13,-164.979,-5011.23
537.8,6.64242,40627.4,13913.7,-313.81,1657.18,-230.509,-4853.23
537.9,6.59284,40692.5,14334.5,535.238,1699.72,-199.318,-4669.03
538.0,6.56813,40764.6,10662.7,5.1236,1786.52,-80.4238,-4688.14
538.1,6.55585,40784.9,4994.3,-574.373,1857.12,-29.0501,-4815.52
538.2,6.5532,40814.4,1622.69,-714.688,1914.09,-137.54,-4809.76
538.3,6.55015,40786.6,1467.91,-671.02,1975.62,-263.492,-4763.77
538.4,6.54471,40798.1,2910.23,-2710.46,1958.62,-313.353,-4881.69
538.5,6.5569,40885.6,3987.59,-6620.82,1938.71,-224.107,-5079.21
538.6,6.59091,40914.4,4981.98,-9562.17,1899.49,-93.4043,-5114.43
538.7,6.62163,40885.8,7985.86,-10350.6,1818.29,-123.323,-5044.11
538.8,6.64092,40857.8,11531.0,-9675.96,1758.92,-280.906,-4969.85
538.9,6.64843,40795.0,14406.3,-8887.64,1747.32,-368.837,-4908.98
539.0,6.63244,40755.2,16024.8,-10604.4,1765.4,-355.805,-4814.5
539.1,6.62561,40808.2,16820.2,-14019.6,1786.52,-266.922,-4745.09
539.2,6.62229,40785.6,14242.2,-16005.5,1811.71,-171.57,-4730.08
539.3,6.60999,40772.3,8638.26,-16417.2,1870.05,-198.405,-4825.31
539.4,6.60683,40813.8,2378.86,-16192.3,1911.44,-258.523,-4945.6
539.5,6.59777,40762.0,-2172.15,-16665.6,1908.17,-220.54,-4991.65
539.6,6.57348,40738.5,-2228.14,-20392.3,1844.19,-163.885,-4993.11
539.7,6.57691,40857.4,1404.74,-25536.6,1792.21,-104.379,-4934.24
539.8,6.58598,40827.7,4416.17,-29386.7,1745.2,-97.0775,-4738.0
539.9,6.59256,40840.5,7610.54,-31041.9,1744.8,-167.331,-4645.75
540.0,6.60541,40840.9,12443.1,-30945.6,1769.71,-286.369,-4630.19
540.1,6.60937,40809.4,18941.2,-28992.3,1803.2,-276.546,-4523.24
540.2,6.61191,40817.7,25078.3,-26087.0,1848.18,-222.738,-4360.49
540.3,6.60924,40791.8,26712.9,-21730.3,1834.93,-204.825,-4348.14
540.4,6.61445,40830.1,24883.0,-15430.3,1841.22,-243.012,-4609.76
540.5,6.62216,40839.1,21824.1,-8851.67,1798.99,-345.326,-4788.94
540.6,6.62424,40799.9,20756.5,-3475.45,1694.32,-429.141,-4786.03
540.7,6.61774,40775.9,17177.2,1734.91,1604.82,-364.818,-4774.13
540.8,6.59749,40742.7,10097.3,6387.65,1560.83,-334.197,-4950.02
540.9,6.58771,40806.9,2704.46,11672.4,1579.42,-336.012,-5140.46
541.0,6.58691,40805.1,300.711,16514.2,1644.57,-393.799,-5103.66
541.1,6.58377,40801.8,2001.35,18372.0,1754.73,-431.499,-4877.85
541.2,6.58075,40799.9,3479.14,16618.4,1842.15,-338.551,-4759.79
541.3,6.56465,40734.6,2804.55,12144.4,1854.11,-208.938,-4820.34
541.4,6.55005,40801.6,3776.73,6766.4,1846.89,-160.13,-4892.81
541.5,6.56982,40917.9,6972.66,2770.85,1837.33,-177.281,-4817.01
541.6,6.59994,40871.9,10603.9,422.795,1778.85,-233.767,-4799.99
541.7,6.60252,40777.0,10502.7,-2249.3,1685.58,-290.165,-4952.06
541.8,6.58251,40725.2,9321.8,-5271.16,1634.19,-237.337,-5158.32
541.9,6.54733,40687.4,10075.1,-8266.39,1614.8,-140.343,-5131.84
542.0,6.51395,40741.6,11779.0,-10738.8,1579.01,-93.583,-4897.55
542.1,6.51116,40833.9,13343.0,-10970.4,1573.21,-81.9557,-4818.09
542.2,6.5184,40828.3,11565.5,-9244.51,1608.66,-113.937,-4834.33
542.3,6.51868,40792.8,10298.5,-7955.66,1608.49,-181.165,-4826.77
542.4,6.50067,40731.3,11278.0,-8597.23,1609.05,-228.349,-4734.41
542.5,6.46989,40719.4,12354.5,-11941.7,1605.29,-191.186,-4650.39
542.6,6.46705,40941.9,10798.4,-16891.7,1614.22,-74.7539,-4694.56
542.7,6.49918,41130.8,10729.5,-20579.2,1587.57,38.2354,-4914.38
542.8,6.53469,41128.8,12011.0,-21908.8,1591.13,38.1582,-4937.62
542.9,6.55832,40991.9,17094.7,-21026.0,1572.8,-12.7674,-4837.07
543.0,6.54728,40705.6,21320.9,-19412.8,1521.19,-78.6592,-4751.35
543.1,6.50632,40684.0,21522.3,-16879.0,1474.27,-21.3449,-4749.8
543.2,6.47469,40747.1,19267.1,-13940.0,1442.37,-30.5856,-4745.19
543.3,6.47162,40921.2,18397.0,-9789.57,1444.39,-118.781,-4705.18
543.4,6.47518,41015.9,18974.3,-6139.24,1428.06,-279.924,-4647.86
543.5,6.46425,41022.2,18557.2,-3142.92,1439.53,-265.665,-4685.99
543.6,6.42829,40922.2,15375.8,-2491.66,1439.92,-219.858,-4817.64
543.7,6.38105,41039.7,10478.0,-2925.16,1426.74,-96.5546,-4956.91
543.8,6.36701,41326.3,5119.17,-2395.66,1403.25,31.3134,-4965.72
543.9,6.37246,41548.0,315.864,117.317,1393.42,59.5251,-4931.65
544.0,6.39084,41702.5,-4735.97,4275.81,1425.09,18.2791,-4960.55
544.1,6.3967,41593.5,-12000.7,8643.78,1480.05,-93.3519,-4977.94
544.2,6.35631,41416.8,-19437.5,11642.2,1514.61,-165.209,-5012.02
544.3,6.31191,41499.6,-24145.0,11338.3,1542.71,-220.523,-5049.99
544.4,6.30764,41793.4,-26499.2,8870.61,1543.37,-199.495,-4980.45
544.5,6.3402,42072.6,-27123.0,5340.08,1532.45,-143.538,-4886.39
544.6,6.38718,42138.0,-29116.0,1447.08,1573.18,-102.118,-4858.94
544.7,6.40761,41893.0,-32868.9,-2213.79,1574.53,-56.7183,-4878.62
544.8,6.37143,41632.6,-35086.8,-6003.2,1586.12,23.5815,-4918.09
544.9,6.32209,41619.8,-34691.4,-10121.8,1577.05,102.627,-4875.4
545.0,6.27933,41789.0,-34782.9,-14948.5,1535.46,98.4672,-4782.02
545.1,6.26511,42108.3,-35093.3,-19203.6,1533.14,107.138,-4847.47
545.2,6.27444,42297.4,-32400.6,-21415.0,1543.79,93.878,-4992.24
545.3,6.26476,42243.3,-26108.0,-21282.4,1549.34,-11.5626,-4927.92
545.4,6.25055,42215.8,-18047.9,-18705.5,1563.53,-160.926,-4748.15
545.5,6.23023,42226.3,-12270.8,-14485.7,1532.72,-260.794,-4681.86
545.6,6.22121,42387.7,-9053.55,-11513.9,1514.64,-327.088,-4752.96
545.7,6.23918,42617.7,-4153.8,-12210.2,1473.89,-341.597,-4749.7
545.8,6.27248,42687.2,4335.84,-15890.1,1415.71,-222.023,-4577.78
545.9,6.28109,42578.4,12380.8,-21091.1,1388.85,-65.4214,-4437.42
546.0,6.27246,42458.6,15113.3,-24586.2,1388.6,48.5052,-4524.29
546.1,6.25002,42386.6,14744.0,-23986.1,1375.12,37.4176,-4772.22
546.2,6.22398,42467.9,14069.1,-20003.0,1332.13,-70.6608,-4859.15
546.3,6.21274,42623.2,13934.5,-16250.2,1297.88,-285.456,-4750.14
546.4,6.20757,42750.2,12274.6,-14191.0,1272.52,-364.696,-4700.51
546.5,6.20152,42813.9,7146.9,-14045.9,1299.63,-311.34,-4751.06
546.6,6.18859,42844.2,80.3482,-13806.1,1377.3,-257.595,-4754.52
546.7,6.17942,42922.6,-4927.2,-10871.0,1419.81,-229.869,-4705.74
546.8,6.16626,42961.4,-7629.78,-6676.06,1450.53,-313.668,-4713.52
546.9,6.15459,43052.2,-8541.08,-4106.78,1470.64,-350.16,-4820.54
547.0,6.15219,43122.4,-9260.95,-4776.33,1508.32,-223.135,-4915.36
547.1,6.14309,43124.0,-8977.76,-8181.73,1518.63,-57.0798,-4950.82
547.2,6.13906,43179.1,-12021.7,-9728.54,1523.98,96.387,-4886.72
547.3,6.13809,43171.3,-16929.8,-7467.27,1548.72,-25.019,-4957.69
547.4,6.12932,43197.6,-21528.1,-2534.01,1542.93,-280.697,-5097.47
547.5,6.12701,43254.9,-24814.6,943.789,1551.96,-476.188,-5059.23
547.6,6.11128,43261.6,-25956.5,-490.084,1554.57,-480.908,-4933.52
547.7,6.08818,43348.0,-28505.6,-6682.53,1559.61,-294.224,-4867.76
547.8,6.07353,43477.6,-32077.6,-13454.9,1565.76,-65.6279,-4911.27
547.9,6.05671,43594.8,-35618.3,-17481.4,1560.18,56.8093,-4892.3
548.0,6.05041,43743.5,-36733.2,-18599.2,1600.01,41.409,-4841.31
548.1,6.05034,43811.5,-36366.3,-18785.4,1627.78,6.65397,-4824.61
548.2,6.0332,43777.1,-36955.0,-21582.4,1650.42,-21.3945,-4832.63
548.3,6.01221,43842.4,-35282.4,-27069.3,1688.45,32.5876,-4881.82
548.4,6.00374,43941.2,-32219.6,-31776.6,1657.33,115.248,-4782.88
548.5,6.00588,44100.6,-26646.2,-31638.3,1642.27,111.225,-4697.12
548.6,6.03383,44221.9,-22195.9,-26375.3,1629.44,-87.7538,-4661.78
548.7,6.05134,44136.0,-19404.9,-18676.5,1574.14,-304.852,-4665.81
548.8,6.03231,43960.7,-17160.7,-13846.8,1562.44,-351.634,-4640.84
548.9,6.00048,43934.6,-12847.4,-14734.6,1580.05,-209.098,-4579.21
549.0,5.97375,44054.5,-7804.08,-18530.2,1574.19,42.5911,-4500.63
549.1,5.96339,44255.6,-4866.02,-20066.2,1579.61,197.459,-4482.69
549.2,5.96103,44421.8,-3084.03,-16998.6,1591.8,85.519,-4633.53
549.3,5.95782,44483.3,-1604.52,-11170.4,1609.64,-158.017,-4797.66
549.4,5.93845,44452.7,1318.0,-6360.05,1602.02,-276.439,-4835.86
549.5,5.90761,44505.0,4289.88,-4561.68,1594.23,-212.685,-4790.93
549.6,5.89065,44681.4,3878.09,-3988.95,1612.38,-105.127,-4760.35
549.7,5.90625,44828.9,2030.6,-425.7,1645.42,-45.447,-4832.46
549.8,5.93576,44898.3,-1119.17,7257.79,1673.15,-112.258,-4831.07
549.9,5.9471,44984.5,-3247.02,15128.4,1699.57,-301.923,-4810.91
550.0,5.9329,44795.1,-5410.3,19487.7,1714.55,-328.191,-4842.57
550.1,5.89343,44674.3,-7475.73,17580.5,1695.97,-187.692,-4949.34
550.2,5.86205,44856.5,-9094.59,12270.2,1682.39,68.6898,-5037.79
550.3,5.86542,45102.2,-10486.1,8284.31,1658.98,193.666,-5045.14
550.4,5.8802,45088.5,-13098.3,8702.75,1689.84,121.87,-5067.75
550.5,5.8787,45038.7,-18415.8,11714.3,1730.34,-50.7246,-5119.98
550.6,5.85479,44960.0,-23335.8,13861.1,1785.97,-140.326,-5194.94
550.7,5.81037,44928.1,-26312.5,13004.5,1813.68,-84.0034,-5140.04
550.8,5.77629,44992.9,-27649.7,9594.95,1762.3,7.99805,-4967.41
550.9,5.77927,45127.6,-31049.1,6822.91,1774.89,75.8468,-4853.39
551.0,5.81532,45193.8,-35202.9,6733.25,1830.24,85.5488,-4987.91
551.1,5.849,45133.3,-35689.6,8526.3,1856.19,32.7918,-5199.4
551.2,5.85463,45040.0,-32491.8,10049.0,1925.14,-35.1784,-5173.47
551.3,5.83491,44984.8,-28380.8,9197.58,1978.95,-52.4415,-5041.55
551.4,5.81623,45039.3,-28187.6,5987.11,2013.71,24.9635,-5057.79
551.5,5.8341,45157.2,-30604.9,3434.2,2076.88,129.352,-5179.66
551.6,5.86636,45160.4,-29593.3,3105.05,2066.7,66.0915,-5160.28
551.7,5.89724,45135.0,-25016.5,6022.83,2059.43,-82.9078,-4964.11
551.8,5.88744,44957.9,-21680.1,9384.21,2021.77,-274.37,-4843.69
551.9,5.84515,44938.9,-21638.3,10815.8,2017.22,-307.194,-4986.83
552.0,5.81277,44987.1,-21264.6,8773.6,1962.81,-259.385,-5126.17
552.1,5.79711,45048.5,-17761.4,4682.47,1894.53,-191.477,-4998.61
552.2,5.80169,45106.1,-15015.5,-448.03,1857.81,-169.306,-4761.47
552.3,5.81785,45102.4,-14835.6,-5007.15,1896.12,-155.812,-4831.67
552.4,5.81478,45022.9,-17182.9,-8801.05,1959.45,-115.056,-5004.17
552.5,5.79784,45007.1,-16593.7,-11534.0,1983.71,-67.1094,-4993.33
552.6,5.78338,45036.6,-13230.2,-12132.2,1962.93,-52.1346,-4812.8
552.7,5.79432,45139.0,-12159.2,-10260.0,1963.27,-96.3249,-4752.78
552.8,5.83774,45216.7,-14617.7,-6818.34,1961.48,-197.185,-4906.67
552.9,5.88559,45176.5,-16582.6,-2300.5,1987.97,-258.388,-5021.14
553.0,5.90149,45078.3,-14612.9,1296.84,2027.11,-315.337,-4917.26
553.1,5.90527,45064.5,-12064.3,3223.02,2073.22,-337.432,-4755.37
553.2,5.91191,45099.7,-12514.8,4372.41,2103.07,-295.053,-4793.75
553.3,5.92753,45119.3,-14234.8,5386.41,2102.92,-216.773,-4981.41
553.4,5.95312,45139.0,-14392.9,7224.54,2085.57,-132.259,-4986.24
553.5,5.96803,45087.8,-10315.1,10482.9,2130.7,-76.7576,-4903.3
553.6,5.95495,44987.2,-7244.26,14826.0,2186.34,-59.8216,-4879.77
553.7,5.91497,44897.7,-7232.82,19827.1,2203.83,-88.1081,-5015.6
553.8,5.8675,44888.3,-7279.56,25340.3,2221.44,-158.457,-5136.41
553.9,5.844,45062.2,-6744.21,29998.8,2249.73,-288.866,-5002.94
554.0,5.86871,45193.8,-5477.72,33886.2,2255.03,-361.995,-4883.1
554.1,5.89894,45118.7,-7511.64,36312.0,2257.19,-409.251,-4917.81
554.2,5.91565,45102.0,-10820.8,36199.2,2303.84,-428.655,-5064.35
554.3,5.92519,45068.5,-12723.7,33523.0,2276.38,-356.427,-5071.47
554.4,5.92308,44999.6,-12318.0,29109.5,2222.35,-184.753,-4994.94
554.5,5.92685,45046.7,-12258.1,23376.0,2174.86,-21.6033,-5004.15
554.6,5.96582,45170.0,-13847.3,18518.2,2182.2,91.4652,-5117.42
554.7,6.00173,45068.7,-15560.0,16160.9,2191.06,122.728,-5169.65
554.8,6.00484,44824.7,-15848.2,15310.4,2212.48,18.6625,-5121.89
554.9,5.99494,44656.3,-15941.1,15605.2,2249.29,-113.915,-5066.56
555.0,5.98176,44623.8,-17520.4,16330.9,2309.41,-203.052,-5077.69
555.1,5.99226,44744.1,-20007.4,16465.3,2325.21,-239.383,-5115.77
555.2,6.02336,44801.8,-20803.9,15802.6,2320.15,-265.202,-5090.76
555.3,6.03821,44646.4,-19852.3,14147.1,2284.87,-217.764,-4988.63
555.4,6.029,44427.8,-19070.0,11755.4,2232.11,-61.614,-4923.26
555.5,5.99589,44245.9,-20695.9,9322.93,2170.68,91.9379,-4952.45
555.6,5.95246,44226.2,-22909.9,7323.35,2098.87,167.524,-5050.85
555.7,5.92967,44383.0,-23339.6,4797.48,2053.52,92.5832,-5088.75
555.8,5.92771,44579.7,-22196.3,1911.66,2065.05,40.4291,-5053.88
555.9,5.92862,44596.9,-22069.0,-2091.64,2074.76,-5.71566,-5026.34
556.0,5.92647,44623.1,-22248.9,-5489.06,2089.83,-25.7927,-5092.92
556.1,5.93267,44679.1,-20473.5,-6703.98,2093.24,-56.4481,-5104.95
556.2,5.96564,44812.8,-16692.5,-4708.23,2068.59,-68.3079,-4947.35
556.3,6.01186,44885.8,-13161.0,-1148.21,2042.97,-108.995,-4800.73
556.4,6.05395,44791.3,-11344.0,1874.25,2039.61,-97.9211,-4836.38
556.5,6.07927,44582.6,-12391.9,3933.22,2074.71,41.933,-4887.05
556.6,6.06782,44313.7,-12321.1,4554.25,2110.21,125.964,-4902.74
556.7,6.04921,44242.2,-12674.1,5318.03,2154.15,131.652,-4895.76
556.8,6.03111,44205.0,-13358.5,6121.79,2121.35,1.02,-4995.64
556.9,6.02034,44277.2,-16549.8,6639.36,2074.19,-99.157,-5101.62
557.0,6.02717,44339.9,-18025.2,6158.58,2047.65,-134.532,-5190.1
557.1,6.02883,44251.7,-16973.5,4801.03,2004.49,-146.976,-5150.92
557.2,6.00733,44145.3,-14593.7,3115.49,1962.7,-119.401,-5024.2
557.3,5.97618,44114.5,-13267.1,1976.89,1955.94,-72.7783,-4929.88
557.4,5.95236,44241.4,-11003.1,2015.38,1971.46,-5.393,-4975.04
557.5,5.95387,44458.0,-8690.6,3173.99,1980.66,59.2245,-4943.29
557.6,5.97486,44576.7,-5938.18,4939.77,2039.17,51.6044,-4878.61
557.7,5.99135,44530.9,-4967.37,6029.27,2089.62,17.6702,-4906.82
557.8,6.00875,44465.1,-5225.64,6006.65,2109.67,-0.10225,-5050.5
557.9,6.02402,44373.8,-7862.94,5625.64,2087.62,-7.28862,-5075.95
558.0,6.05366,44424.7,-10759.1,5917.3,2059.0,-39.632,-5059.63
558.1,6.10537,44441.6,-14912.1,6920.07,1979.16,-118.411,-5055.57
558.2,6.14319,44288.6,-18053.2,8590.09,1905.49,-147.428,-5117.08
558.3,6.15404,44047.9,-18944.3,9660.67,1881.45,-115.89,-5120.66
558.4,6.13284,43812.0,-15714.7,9750.31,1847.37,-65.1961,-5025.57
558.5,6.0842,43676.6,-9401.87,9577.14,1797.25,-1.53838,-4931.97
558.6,6.03595,43757.7,-5489.75,10611.9,1769.41,76.7655,-4834.73
558.7,6.00657,43934.0,-3408.76,12926.2,1772.06,56.4601,-4874.74
558.8,6.00065,44102.2,-2833.26,16484.3,1786.62,-25.2539,-4914.04
558.9,5.98663,44088.2,-2705.75,19094.4,1741.12,-162.648,-4856.33
559.0,5.96319,44070.4,-4900.37,19648.3,1743.08,-238.371,-4810.6
559.1,5.94882,44168.8,-8509.56,18168.0,1764.22,-236.225,-4929.51
559.2,5.95454,44350.9,-10872.4,15755.8,1741.37,-196.947,-5118.09
559.3,5.98575,44510.9,-10343.7,14239.6,1715.01,-157.447,-5160.81
559.4,6.02461,44529.1,-7704.6,14668.0,1734.2,-131.954,-5099.8
559.5,6.05118,44380.3,-5227.51,15646.2,1761.57,-159.842,-5077.34
559.6,6.05116,44174.3,-5228.42,15848.3,1780.16,-146.344,-5024.93
559.7,6.0337,44072.0,-5969.62,14645.8,1805.86,-83.0955,-4889.97
559.8,6.02337,44153.4,-6343.91,12487.1,1818.26,-63.159,-4747.15
559.9,6.02978,44295.3,-8345.3,10762.9,1801.03,-122.223,-4682.2
560.0,6.03002,44300.8,-11947.5,9580.32,1778.75,-248.273,-4793.96
560.1,6.00176,44212.8,-16331.3,8863.51,1729.61,-278.93,-4992.59
560.2,5.94841,44170.1,-16715.6,7380.36,1701.89,-273.592,-5217.89
560.3,5.89508,44310.4,-14432.5,6452.01,1674.98,-164.218,-5277.21
560.4,5.862,44558.7,-11692.8,7177.58,1663.29,-71.1296,-5225.32
560.5,5.84206,44647.7,-11879.8,9666.1,1696.66,-67.0976,-5125.81
560.6,5.83994,44742.7,-12762.2,13235.3,1791.43,-119.463,-5034.48
560.7,5.84139,44764.7,-11891.6,15450.8,1906.81,-224.432,-4856.42
560.8,5.84232,44843.9,-8667.21,14352.3,1986.37,-317.668,-4657.65
560.9,5.85964,44997.3,-6923.39,10650.5,2006.25,-305.249,-4581.15
561.0,5.89518,45186.5,-9926.98,7059.47,1991.32,-204.02,-4719.31
561.1,5.93914,45184.6,-13656.3,5497.57,1953.72,-157.482,-5052.99
561.2,5.97688,45137.6,-16991.5,6747.89,1908.28,-185.402,-5223.03
561.3,5.97795,44954.4,-18970.8,8590.03,1862.87,-225.26,-5217.87
561.4,5.95545,44833.0,-21326.2,9301.33,1841.06,-150.906,-5193.51
561.5,5.92531,44847.5,-24820.7,8818.91,1882.04,-47.4855,-5138.69
561.6,5.897,44965.0,-27575.8,8869.22,1912.34,-12.898,-4966.2
561.7,5.87858,45031.9,-27395.7,10358.0,1989.07,-132.336,-4769.55
561.8,5.85922,44997.0,-25817.5,12696.0,2017.93,-289.322,-4671.19
561.9,5.83005,44976.1,-24185.3,13315.0,2016.15,-367.398,-4732.07
562.0,5.80834,45023.7,-21699.5,11766.1,1980.44,-250.369,-4890.38
562.1,5.80144,45048.3,-18315.6,9551.78,1907.9,-48.5975,-5010.94
562.2,5.79971,45080.0,-15090.6,8488.58,1821.4,74.7805,-5061.2
562.3,5.81149,45101.1,-15037.9,9619.95,1781.4,76.2905,-5107.37
562.4,5.82745,45113.2,-14630.8,12826.8,1813.49,46.8945,-5219.72
562.5,5.84052,45093.8,-14698.7,15627.5,1871.81,-24.4228,-5101.03
562.6,5.85647,45109.6,-13880.4,17815.5,1956.56,-69.9638,-4872.69
562.7,5.86949,45095.2,-14976.2,19397.2,2018.39,-94.8196,-4744.94
562.8,5.88266,45103.5,-16612.7,19426.2,2024.48,-159.421,-4792.5
562.9,5.90568,45133.7,-15690.5,18133.9,1961.32,-174.15,-4849.1
563.0,5.92725,45113.1,-11819.9,16622.1,1889.4,-59.7629,-4820.6
563.1,5.93176,45042.4,-9142.73,14575.7,1812.37,36.379,-4818.45
563.2,5.90809,44964.9,-9618.18,12650.9,1746.09,77.9638,-5001.15
563.3,5.85265,44870.5,-10948.3,10875.6,1719.21,99.865,-5180.85
563.4,5.79314,44921.1,-9282.34,9396.81,1756.46,132.221,-5141.55
563.5,5.75543,44989.9,-6801.57,7935.46,1796.93,66.7275,-4905.78
563.6,5.73831,45040.1,-5769.9,6911.92,1868.49,-56.5109,-4807.83
563.7,5.73826,45081.4,-6266.82,6620.7,1933.92,-137.586,-4874.48
563.8,5.73895,45067.2,-3920.63,6588.36,1930.63,-174.679,-4894.61
563.9,5.74975,45102.0,2438.4,7006.92,1876.85,-166.943,-4801.95
564.0,5.77791,45165.7,7246.27,7944.71,1838.46,-133.194,-4749.83
564.1,5.81851,45178.8,9577.51,8731.89,1827.12,-105.868,-4969.33
564.2,5.84925,45124.4,8853.79,8743.94,1834.04,-53.7915,-5140.34
564.3,5.85224,45034.6,8371.86,7936.19,1857.0,15.996,-5099.6
564.4,5.84166,45034.0,7702.8,7036.56,1958.62,52.4067,-5020.5
564.5,5.84042,45064.8,5262.1,7562.98,2024.61,40.898,-5047.29
564.6,5.84264,45079.2,1154.63,10614.5,2094.2,-26.5495,-5073.45
564.7,5.85211,45089.0,-2748.49,16190.4,2151.69,-107.685,-4996.34
564.8,5.85183,45044.1,-5916.74,23027.0,2184.61,-185.005,-4918.87
564.9,5.82837,44963.9,-11368.5,28607.4,2190.65,-257.354,-4933.38
565.0,5.78683,44939.5,-17025.5,31321.7,2181.78,-242.927,-5079.85
565.1,5.7517,44994.2,-21377.4,30997.1,2197.72,-142.001,-5171.19
565.2,5.74323,45074.6,-23270.4,28624.5,2229.34,-45.7378,-5135.45
565.3,5.75597,45123.0,-24845.0,25497.1,2286.02,-16.1252,-5089.47
565.4,5.77216,45096.0,-28492.7,22719.6,2375.7,-29.9746,-5099.31
565.5,5.77726,45073.1,-33981.7,20091.6,2459.78,-43.8696,-5056.98
565.6,5.78262,45075.0,-36275.1,17202.5,2448.56,-66.8019,-5010.7
565.7,5.79991,45132.3,-34750.5,14629.4,2405.51,-99.8104,-4899.64
565.8,5.83678,45189.7,-32942.7,11775.7,2346.51,-197.485,-4753.04
565.9,5.88465,45202.8,-32283.6,8914.45,2310.5,-248.394,-4769.4
566.0,5.91826,45120.1,-31728.6,6028.31,2323.74,-241.255,-4935.4
566.1,5.91878,45033.3,-29260.1,3178.77,2349.29,-183.57,-4999.34
566.2,5.90249,44993.3,-25786.4,978.611,2337.32,-126.857,-4910.65
566.3,5.88146,45010.6,-21864.5,-229.943,2339.6,-121.034,-4909.36
566.4,5.86768,45048.2,-20610.7,-1759.13,2314.17,-162.264,-4924.01
566.5,5.8611,45038.7,-17723.4,-4248.1,2257.03,-203.728,-4892.35
566.6,5.83855,44987.0,-13306.7,-7963.18,2199.62,-224.282,-4720.84
566.7,5.81382,45005.0,-8052.97,-11865.3,2163.42,-230.801,-4611.96
566.8,5.79957,45032.4,-4676.49,-13372.9,2084.75,-229.774,-4657.22
566.9,5.80239,45106.6,-2923.55,-11558.2,2058.44,-264.193,-4808.02
567.0,5.83308,45179.5,-258.788,-6877.8,2040.96,-304.428,-4881.58
567.1,5.87135,45159.6,3263.23,-1382.45,2096.81,-333.445,-4865.61
567.2,5.89412,45106.5,6455.63,2234.27,2186.48,-342.932,-4878.39
567.3,5.90554,45084.1,9505.4,2822.46,2236.1,-323.579,-4924.29
567.4,5.91596,45099.4,11507.8,2151.44,2280.69,-252.654,-4845.49
567.5,5.93983,45147.4,15167.2,2811.1,2253.96,-210.865,-4780.0
567.6,5.97145,45159.9,16235.3,6417.07,2202.26,-282.939,-4750.34
567.7,5.99141,45082.8,15921.9,11616.7,2155.57,-461.82,-4888.38
567.8,5.98134,44928.9,14817.0,15132.0,2146.87,-553.078,-5033.93
567.9,5.95129,44810.5,16970.0,15466.0,2139.31,-446.008,-5132.05
568.0,5.90916,44805.8,18892.3,14217.3,2126.18,-212.348,-5065.64
568.1,5.88165,44982.3,16066.1,14579.3,2137.29,-57.8923,-4985.17
568.2,5.86965,45047.0,9653.92,18409.1,2125.2,-86.1199,-5064.25
568.3,5.858,45041.0,2967.2,23554.8,2169.5,-227.693,-5132.9
568.4,5.85173,45052.7,-244.58,26248.8,2213.62,-324.716,-5052.19
568.5,5.84424,45024.4,-2902.92,24923.7,2211.13,-285.876,-4929.09
568.6,5.83252,45051.6,-8683.22,20813.5,2242.96,-161.89,-4984.18
568.7,5.85273,45163.8,-15886.8,16912.7,2257.73,-72.0812,-5189.62
568.8,5.89991,45210.8,-22136.6,15083.3,2257.3,-74.722,-5251.54
568.9,5.95026,45201.8,-25030.3,13949.9,2209.63,-121.255,-5164.06
569.0,5.98921,45144.3,-26200.1,11468.7,2151.02,-80.2646,-5103.25
569.1,6.00491,44966.7,-27086.1,7150.14,2120.82,68.0681,-5098.86
569.2,6.0084,44826.9,-26803.8,1795.71,2089.01,169.374,-5018.84
569.3,6.00702,44768.5,-25256.2,-2246.39,2044.77,184.501,-4845.05
569.4,5.99765,44707.5,-23961.5,-4639.7,2004.26,102.734,-4749.06
569.5,5.98064,44703.7,-22850.5,-5598.37,1993.81,53.5672,-4836.45
569.6,5.97084,44734.7,-20847.0,-5870.69,2057.48,54.8425,-4939.16
569.7,5.95867,44710.9,-16010.3,-5783.67,2124.1,51.8465,-4957.14
569.8,5.93926,44681.4,-10691.7,-5106.84,2172.2,42.9155,-4913.5
569.9,5.91587,44679.4,-8555.23,-3170.63,2193.52,57.0013,-4899.71
570.0,5.90029,44744.8,-8543.61,-862.744,2201.95,23.217,-4932.15
570.1,5.91195,44906.2,-8562.45,1205.07,2214.0,-5.07225,-4898.82
570.2,5.94941,44986.0,-5501.89,3443.21,2243.05,11.9593,-4845.59
570.3,5.98378,44875.4,-2855.06,5821.03,2281.09,20.2595,-4784.82
570.4,6.00921,44709.4,196.945,8513.58,2289.54,-20.6851,-4884.06
570.5,6.02729,44565.4,2404.18,12596.0,2259.85,-17.0266,-4981.65
570.6,6.03419,44453.5,4834.52,16247.7,2237.37,-62.2694,-5001.07
570.7,6.05878,44540.3,6749.49,19541.3,2263.05,-42.811,-5014.1
570.8,6.09336,44488.9,5942.36,22250.2,2267.17,-38.494,-5021.89
570.9,6.09772,44314.0,3950.78,24598.0,2273.02,-35.8759,-5092.47
571.0,6.07856,44141.7,4466.83,25582.1,2285.15,-103.282,-5137.63
571.1,6.05201,44088.0,4760.94,26821.3,2320.66,-67.7565,-5025.93
571.2,6.02743,44140.4,3218.13,27851.1,2331.45,-20.0155,-4968.41
571.3,6.01595,44245.7,-1113.31,29011.9,2307.04,-7.09794,-5068.19
571.4,6.01642,44291.9,-6869.69,31243.3,2311.29,27.253,-5156.32
571.5,6.00893,44225.5,-8853.57,33213.1,2297.48,20.4245,-5151.13
571.6,5.9995,44165.9,-9743.75,33417.8,2252.61,-29.6751,-5036.22
571.7,5.99282,44155.5,-12575.6,31894.5,2241.69,-28.7944,-4994.94
571.8,6.00447,44239.0,-19047.1,28993.3,2287.31,35.2173,-5062.31
571.9,6.05445,44375.8,-23949.1,26300.1,2372.35,96.1137,-5151.59
572.0,6.10976,44270.5,-27974.1,24687.7,2433.15,79.7903,-5020.48
572.1,6.14465,44048.1,-31120.3,23728.0,2519.05,50.277,-4912.13
572.2,6.15968,43804.7,-33672.6,21596.0,2551.77,23.4643,-4990.77
572.3,6.1595,43667.1,-36571.2,17195.3,2552.16,43.066,-4997.14
572.4,6.17298,43717.3,-35152.8,10565.1,2548.33,73.4792,-4926.25
572.5,6.20695,43748.6,-32606.8,4388.46,2554.47,137.371,-4794.15
572.6,6.22829,43582.3,-33064.5,202.531,2571.11,102.02,-4746.54
572.7,6.21632,43349.9,-33804.7,-2059.62,2606.43,-12.681,-4899.37
572.8,6.18708,43168.5,-31609.8,-3247.02,2615.25,-90.4918,-4973.53
572.9,6.1487,43148.6,-24061.6,-4445.23,2624.52,-77.7298,-4865.8
573.0,6.14556,43356.1,-15745.1,-4907.64,2663.87,10.7905,-4735.1
573.1,6.17521,43450.4,-11865.5,-3628.74,2698.16,-27.1664,-4753.92
573.2,6.20175,43386.1,-12668.4,-782.545,2767.98,-154.58,-4846.49
573.3,6.23077,43222.3,-15241.6,2524.84,2839.13,-255.059,-4830.85
573.4,6.24113,42993.7,-15312.1,4058.66,2857.62,-326.634,-4799.85
573.5,6.26054,42953.9,-16061.6,3700.21,2846.51,-295.473,-4798.42
573.6,6.316,43000.8,-19029.7,3166.21,2808.94,-229.466,-4906.94
573.7,6.37816,42899.7,-21861.5,3543.04,2730.63,-205.072,-5060.08
573.8,6.43672,42688.8,-20884.1,5429.12,2693.37,-187.923,-5146.22
573.9,6.46347,42291.8,-17147.3,7663.94,2676.87,-201.431,-5062.52
574.0,6.45526,42003.6,-11962.0,9560.62,2648.71,-173.173,-4981.8
574.1,6.44039,41877.1,-7297.68,10232.8,2612.46,-181.128,-4956.01
574.2,6.43662,41906.8,-4015.8,11702.8,2590.83,-156.823,-4881.73
574.3,6.44371,41926.3,-4366.21,14924.3,2608.98,-174.438,-4753.4
574.4,6.44862,41826.0,-4923.8,19096.2,2624.44,-311.865,-4843.77
574.5,6.43805,41651.9,-4845.51,22239.2,2588.16,-445.926,-5004.15
574.6,6.41885,41545.2,-3093.15,23266.8,2538.37,-394.999,-5032.11
574.7,6.40709,41527.1,-2496.95,21820.3,2472.42,-251.194,-4956.51
574.8,6.42909,41656.9,-5500.26,19597.6,2463.49,-140.317,-4997.52
574.9,6.47773,41676.6,-12821.0,18226.6,2455.5,-107.36,-5090.48
575.0,6.52345,41505.6,-17364.3,17652.8,2485.0,-124.612,-5130.02
575.1,6.55003,41230.1,-19522.7,17083.9,2486.99,-129.171,-4962.46
575.2,6.55472,40987.0,-23551.5,15340.8,2453.0,-139.787,-4767.87
575.3,6.56214,40944.2,-30317.7,12637.1,2474.77,-104.062,-4844.71
575.4,6.60748,41048.2,-36365.1,9515.86,2528.42,-60.5024,-5046.17
575.5,6.66947,41009.5,-37057.3,6098.67,2559.24,-93.5723,-5028.18
575.6,6.70943,40878.1,-32512.6,2558.65,2564.13,-122.618,-4902.63
575.7,6.71014,40752.6,-30184.2,-1168.48,2607.58,-103.875,-4866.74
575.8,6.67531,40695.8,-31140.1,-5314.84,2592.54,-34.3341,-4998.0
575.9,6.6586,40801.6,-30845.3,-9709.15,2580.78,13.2539,-5064.21
576.0,6.66838,40864.2,-27063.7,-13006.0,2524.94,76.1189,-4880.14
576.1,6.68898,40881.9,-22156.6,-13669.6,2541.24,143.398,-4715.36
576.2,6.68889,40770.0,-23000.0,-11362.6,2545.84,144.464,-4724.6
576.3,6.66013,40692.5,-28073.9,-7271.35,2513.67,52.3345,-4892.24
576.4,6.61919,40698.6,-30274.2,-3539.14,2409.7,-53.1919,-5007.62
576.5,6.60864,40829.1,-28258.2,-2833.07,2268.25,-133.649,-4894.92
576.6,6.64866,40995.3,-27134.6,-5009.96,2161.64,-96.2045,-4780.92
576.7,6.72618,41051.0,-30681.3,-8078.09,2180.66,18.5343,-4885.74
576.8,6.79264,40956.6,-33940.6,-9309.91,2220.68,123.303,-5118.26
576.9,6.81862,40816.8,-31824.9,-8909.67,2237.04,71.7883,-5077.54
577.0,6.81439,40788.1,-24451.2,-8497.64,2214.74,10.5127,-4825.21
577.1,6.8212,40850.1,-14063.6,-10455.5,2165.76,25.533,-4749.64
577.2,6.86333,40995.6,-7751.17,-12806.9,2168.87,231.21,-4763.66
577.3,6.92147,40957.7,-1997.74,-13068.3,2158.29,290.355,-4776.26
577.4,6.93536,40784.5,2556.1,-8824.98,2121.08,128.007,-4717.68
577.5,6.89954,40642.5,3038.83,-1562.15,2083.99,-138.598,-4739.7
577.6,6.82498,40572.9,1879.96,3765.79,1994.94,-344.353,-4991.02
577.7,6.77186,40724.5,1095.99,3766.0,1908.84,-318.6,-5178.26
577.8,6.76663,40845.4,4399.36,-39.1227,1839.08,-101.861,-5151.32
577.9,6.77092,40815.1,4697.88,-4197.89,1783.67,87.8802,-4909.47
578.0,6.75635,40745.4,-684.513,-6206.82,1821.03,114.52,-4879.3
578.1,6.72577,40711.2,-7767.18,-5221.97,1895.23,108.641,-5090.86
578.2,6.697,40723.1,-9257.67,-4266.06,1882.01,46.6592,-5118.67
578.3,6.70141,40899.2,-6759.81,-5014.5,1891.53,14.5147,-4826.9
578.4,6.75291,40984.5,-5682.72,-6596.67,1854.74,33.0851,-4709.14
578.5,6.80121,40933.8,-10637.3,-8084.85,1848.17,22.7027,-4964.81
578.6,6.85286,40960.8,-15086.3,-7753.67,1918.48,9.38025,-5231.09
578.7,6.88347,40837.7,-13499.8,-5213.4,1880.26,-44.1945,-5120.02
578.8,6.87825,40773.9,-11412.5,-2936.85,1862.2,-119.62,-4803.8
578.9,6.88418,40857.2,-13313.3,-2056.53,1844.16,-66.0512,-4809.61
579.0,6.8928,40819.5,-18677.3,-1615.75,1854.43,112.91,-5003.16
579.1,6.88426,40757.5,-21863.8,-372.482,1867.65,224.491,-4929.12
579.2,6.85387,40702.7,-22999.5,3506.31,1897.7,176.458,-4642.74
579.3,6.78291,40541.0,-25432.0,8048.66,1859.97,-41.9082,-4646.47
579.4,6.69847,40609.1,-32140.2,11345.1,1801.43,-111.121,-4923.51
579.5,6.65376,40723.7,-36012.4,10303.7,1741.54,-154.982,-5108.45
579.6,6.65227,40875.3,-33647.9,6603.35,1670.96,-105.739,-4960.87
579.7,6.69181,40957.4,-29663.8,3317.87,1646.64,-16.0066,-4739.66
579.8,6.72811,40874.3,-30836.1,2558.05,1735.08,-30.7181,-4752.11
579.9,6.73982,40816.1,-33211.2,4266.06,1825.89,-102.193,-4983.94
580.0,6.73673,40780.6,-31984.6,5782.37,1822.29,-185.195,-4975.28
580.1,6.73192,40802.2,-25917.0,4203.44,1730.35,-214.565,-4690.41
580.2,6.75137,40905.2,-20309.0,-805.051,1580.7,-114.169,-4545.58
580.3,6.78372,40894.5,-18815.2,-5970.36,1416.87,43.2108,-4729.16
580.4,6.79748,40813.4,-19078.0,-8456.1,1301.65,54.4475,-4903.29
580.5,6.79098,40758.8,-15583.5,-7314.94,1215.74,-113.48,-4871.05
580.6,6.74838,40634.1,-12003.6,-4410.51,1137.19,-306.722,-4757.45
580.7,6.68291,40614.5,-9512.65,-3794.47,1131.54,-389.558,-4929.8
580.8,6.63694,40707.6,-8865.59,-7135.33,1137.89,-318.196,-5103.77
580.9,6.60925,40751.6,-5523.98,-11902.6,1194.06,-130.573,-5014.65
581.0,6.5804,40711.5,172.88,-15570.2,1225.39,-24.8088,-4756.25
581.1,6.54409,40703.1,3465.67,-16263.9,1233.71,-41.9048,-4623.95
581.2,6.51069,40721.8,3069.57,-14266.5,1259.39,-116.605,-4722.85
581.3,6.4904,40777.5,3130.48,-11691.9,1262.69,-163.592,-4825.77
581.4,6.49954,40869.8,3325.88,-10733.8,1250.83,-204.255,-4693.63
581.5,6.52898,40903.2,990.065,-9823.67,1230.22,-145.209,-4634.13
581.6,6.55766,40874.7,-6377.72,-6904.14,1265.0,-58.753,-4857.76
581.7,6.56913,40807.3,-15164.3,-1976.86,1288.87,-116.97,-5154.02
581.8,6.5692,40789.2,-18494.6,4628.76,1295.84,-195.838,-5244.76
581.9,6.54942,40727.3,-16969.8,9813.84,1251.89,-227.22,-5093.96
582.0,6.52955,40767.8,-16694.3,12695.3,1229.57,-96.1038,-4954.36
582.1,6.52206,40787.4,-19670.9,14842.5,1221.77,57.0368,-4971.72
582.2,6.50476,40750.0,-22762.5,18521.3,1249.27,89.7527,-4998.98
582.3,6.46993,40769.2,-23143.2,23615.3,1258.31,-56.0725,-4879.77
582.4,6.42154,40810.1,-21635.7,28705.9,1246.32,-226.119,-4821.34
582.5,6.3642,40950.4,-23976.2,29617.2,1273.4,-322.907,-4946.05
582.6,6.33546,41241.3,-28580.6,25681.3,1275.94,-208.198,-5182.79
582.7,6.3382,41418.2,-31327.9,20645.3,1320.6,31.2625,-5302.15
582.8,6.34001,41520.8,-32952.7,17289.4,1320.9,127.03,-5177.33
582.9,6.33024,41548.2,-34230.9,16899.2,1232.2,45.9686,-5130.94
583.0,6.29864,41489.2,-36164.5,18498.0,1117.13,-35.0848,-5223.34
583.1,6.25044,41564.8,-35443.1,16980.3,1006.9,-106.865,-5215.91
583.2,6.24145,41913.4,-32153.1,11640.7,932.729,-30.0518,-4979.99
583.3,6.25604,41965.0,-28760.8,5303.58,858.431,108.438,-4785.91
583.4,6.24546,41973.2,-29235.6,364.488,845.938,155.185,-4822.62
583.5,6.23635,42070.9,-31510.1,-1000.59,889.442,119.638,-4990.06
583.6,6.21032,41927.1,-29079.2,-445.777,898.503,-2.6975,-5083.95
583.7,6.17387,41884.0,-23488.7,-2110.53,891.495,-52.4963,-4966.84
583.8,6.17178,41845.4,-19086.7,-6942.35,893.813,45.0127,-4847.88
583.9,6.16112,41644.8,-19245.3,-12539.0,920.576,232.441,-4882.77
584.0,6.13727,41657.8,-18949.7,-16623.3,968.636,297.322,-4977.09
584.1,6.11433,41699.4,-15744.8,-16275.3,999.118,198.625,-4841.58
584.2,6.07024,41709.8,-9711.83,-12270.9,1004.38,38.5645,-4655.26
584.3,6.02784,41876.9,-5648.22,-8260.33,1021.98,-68.1121,-4666.61
584.4,6.00645,41991.4,-4477.49,-5458.52,1068.0,-38.5139,-4830.91
584.5,5.98486,42022.7,-2013.65,-2922.47,1132.7,74.6309,-4931.67
584.6,5.96356,42066.1,247.301,-94.1966,1173.62,81.0648,-4806.81
584.7,5.93966,41985.5,761.896,4677.45,1185.56,6.14337,-4799.93
584.8,5.90841,41821.1,-2785.98,10072.2,1218.05,-74.3668,-4997.8
584.9,5.89205,41648.3,-6302.4,13756.3,1272.29,-93.4055,-5167.77
585.0,5.89432,41282.2,-8260.6,15888.8,1289.57,-47.6654,-5078.54
585.1,5.88215,40890.8,-10060.3,17270.2,1324.05,-5.86106,-4952.32
585.2,5.86711,40610.1,-14726.4,17976.5,1346.76,-48.0315,-4988.47
585.3,5.86001,40326.7,-20072.5,19214.1,1374.54,-62.2375,-5131.89
585.4,5.85655,40040.9,-21563.4,20323.3,1383.76,-38.5871,-5156.45
585.5,5.86668,39873.3,-21002.8,20476.1,1434.02,-29.1199,-5006.67
585.6,5.8751,39696.3,-21264.2,19652.2,1454.94,-31.4999,-4967.88
585.7,5.85022,39637.3,-23301.4,18006.3,1442.69,3.20637,-5129.04
585.8,5.80812,39775.3,-25138.7,15097.9,1433.74,16.219,-5185.18
585.9,5.77954,39954.7,-24161.5,12424.7,1439.34,44.7192,-5058.92
586.0,5.76859,40013.1,-20992.8,9892.73,1475.42,23.9345,-4954.7
586.1,5.77674,40061.1,-20534.4,8512.27,1541.95,31.6542,-4939.21
586.2,5.77334,40030.6,-22274.2,9122.88,1611.44,45.094,-4973.8
586.3,5.74238,40066.4,-24609.9,10880.7,1690.93,-16.9055,-4959.23
586.4,5.7138,40195.1,-26913.3,12346.3,1740.57,-111.604,-4892.7
586.5,5.70872,40237.0,-27599.6,12700.0,1750.8,-140.689,-4927.67
586.6,5.71707,40154.1,-27906.3,10778.7,1731.83,-124.82,-4988.95
586.7,5.74061,40130.2,-27130.5,7754.77,1728.29,-79.4425,-5022.25
586.8,5.75059,40038.3,-24978.6,4952.84,1748.27,-81.801,-5017.38
586.9,5.72749,40055.7,-23089.8,2172.36,1776.17,-118.883,-4993.93
587.0,5.70945,40239.1,-21191.8,-243.249,1779.33,-116.936,-4995.37
587.1,5.70303,40364.1,-18378.6,-2313.43,1806.25,-99.7243,-4976.14
587.2,5.72291,40568.3,-16698.9,-3643.74,1864.32,-95.7484,-4853.77
587.3,5.74866,40716.2,-14739.2,-3903.92,1888.97,-154.191,-4841.04
587.4,5.7414,40902.3,-14012.4,-2693.51,1898.74,-200.946,-4903.42
587.5,5.70164,41254.9,-13728.3,-1680.34,1874.68,-271.74,-4953.53
587.6,5.67223,41715.3,-13960.5,-1207.66,1875.6,-281.267,-4985.35
587.7,5.67941,42102.5,-12645.5,-979.518,1920.3,-235.03,-5098.59
587.8,5.71628,42430.5,-11427.2,-268.486,2002.19,-168.198,-5161.71
587.9,5.73708,42717.2,-10516.1,1165.96,2064.68,-164.623,-5126.54
588.0,5.71638,43142.4,-9636.75,2890.99,2143.75,-191.125,-5093.06
588.1,5.6816,43705.1,-8668.68,3181.31,2235.16,-223.829,-5076.41
588.2,5.67397,44228.1,-7191.18,1903.7,2226.35,-184.07,-5009.46
588.3,5.69579,44612.1,-4220.88,25.5401,2173.19,-117.138,-4924.72
588.4,5.73296,45003.2,-168.142,216.748,2138.32,-35.8413,-4899.93
588.5,5.75086,45113.5,2908.83,3518.17,2110.64,-66.2045,-4927.5
588.6,5.7344,44967.3,4464.79,9175.81,2079.45,-156.588,-4982.17
588.7,5.70836,45005.5,5697.0,15035.9,2114.71,-198.811,-5045.36
588.8,5.71033,45100.8,4424.74,19297.8,2181.88,-178.306,-5006.0
588.9,5.7262,45132.3,1982.37,21480.5,2222.06,-162.716,-4972.13
589.0,5.74764,45118.6,-392.179,22509.9,2272.46,-169.846,-5000.86
589.1,5.751,45040.2,-3266.77,24046.8,2290.24,-188.749,-4958.3
589.2,5.73299,45005.9,-6206.0,25287.0,2285.91,-245.96,-4901.47
589.3,5.7347,45105.3,-9013.0,25534.1,2277.6,-279.022,-4938.82
589.4,5.76438,45185.1,-11313.5,24612.2,2294.12,-214.426,-5030.22
589.5,5.80508,45172.0,-11802.4,22125.8,2323.87,-126.654,-5065.8
589.6,5.82648,45091.2,-11392.7,18556.1,2358.77,-87.9622,-5015.48
589.7,5.8113,44967.5,-11172.2,15229.3,2355.65,-55.3783,-4999.33
589.8,5.77403,44957.1,-13877.0,12390.1,2345.97,-31.551,-4997.51
589.9,5.77062,45117.2,-17235.0,10586.2,2382.82,-13.0081,-5012.89
590.0,5.8003,45173.8,-19293.2,10434.2,2383.12,-15.2856,-4985.9
590.1,5.83202,45129.8,-20014.5,12230.3,2389.05,-23.6309,-4951.38
590.2,5.83184,45019.2,-20030.8,15341.1,2403.95,-51.6245,-4990.1
590.3,5.79946,44938.0,-21228.4,18214.5,2404.24,-102.724,-5037.19
590.4,5.76425,44994.5,-22532.4,19092.4,2392.43,-120.751,-5062.49
590.5,5.77568,45159.0,-22050.0,17260.9,2371.38,-87.8729,-5056.86
590.6,5.81969,45217.7,-21057.5,13782.0,2359.33,-1.57588,-4991.46
590.7,5.86268,45161.0,-18028.3,9609.44,2357.36,37.1394,-4987.99
590.8,5.87907,45068.0,-13749.7,6602.24,2379.74,61.4808,-4994.68
590.9,5.86306,44988.5,-8464.73,4652.66,2395.78,46.6099,-4939.16
591.0,5.84746,45044.4,-3600.17,2756.24,2408.68,23.6222,-4867.93
591.1,5.87004,45179.3,-1594.63,1014.57,2447.76,37.0197,-4820.02
591.2,5.91116,45185.0,-1043.8,-711.288,2467.27,28.1,-4834.03
591.3,5.9423,45126.8,272.392,-1886.85,2479.23,-10.5845,-4854.8
591.4,5.93827,44999.5,3113.25,-2774.6,2457.71,-113.064,-4794.87
591.5,5.91046,44978.2,5616.39,-4206.96,2433.85,-185.599,-4741.93
591.6,5.90267,45088.0,6805.04,-5879.33,2398.21,-146.738,-4808.88
591.7,5.92288,45151.5,8819.88,-7367.24,2395.49,-99.7692,-4938.84
591.8,5.9521,45137.4,11698.4,-8067.07,2378.69,-75.4575,-4918.0
591.9,5.95767,45023.1,16367.8,-7297.68,2347.56,-72.2271,-4855.73
592.0,5.91583,44779.3,19836.5,-5861.69,2314.07,-87.9384,-4856.73
592.1,5.87459,44830.7,22423.4,-3957.63,2297.01,-95.4365,-4914.52
592.2,5.87888,45109.9,24484.9,-657.629,2305.52,-117.872,-4912.9
592.3,5.91958,45215.2,25606.5,4030.32,2293.01,-208.508,-4845.05
592.4,5.9698,45189.5,24453.8,9387.13,2251.95,-352.384,-4862.66
592.5,5.98399,45005.1,21788.0,14341.1,2207.86,-437.086,-5016.86
592.6,5.98316,44789.1,19324.6,18423.2,2198.76,-381.715,-5138.05
592.7,5.98824,44758.5,18328.6,20746.3,2193.48,-320.083,-5130.36
592.8,6.02586,44885.7,18431.8,22013.9,2224.39,-256.598,-5128.36
592.9,6.07401,44817.6,17618.9,22352.3,2291.05,-214.052,-5168.09
593.0,6.10455,44577.1,14305.4,22238.9,2421.41,-149.481,-5145.87
593.1,6.08882,44176.2,10531.5,21688.6,2461.69,-139.157,-5087.3
593.2,6.04508,43975.0,8805.61,21037.5,2486.77,-183.97,-5060.26
593.3,6.02167,44104.4,5474.4,20105.6,2534.79,-251.166,-4948.93
593.4,6.0409,44334.4,1919.97,19505.4,2548.72,-264.436,-4941.44
593.5,6.07463,44363.4,-4400.01,19269.6,2564.79,-266.645,-4972.32
593.6,6.08594,44170.2,-10617.8,19356.5,2599.96,-271.047,-5042.07
593.7,6.06911,43916.9,-14734.9,18886.4,2612.14,-294.612,-5077.89
593.8,6.03162,43831.3,-18229.3,16516.5,2569.69,-268.049,-5005.51
593.9,6.02407,44011.1,-19503.9,12165.1,2508.31,-177.25,-4997.91
594.0,6.0575,44243.7,-19059.4,7512.27,2501.0,-87.4163,-5039.2
594.1,6.10934,44273.5,-15955.5,4445.47,2510.78,-66.697,-5039.64
594.2,6.15274,44039.5,-13007.2,4904.82,2528.75,-113.196,-4962.51
594.3,6.14882,43675.8,-9753.91,7463.3,2526.79,-264.652,-4996.68
594.4,6.14004,43583.3,-6891.76,9559.28,2546.43,-399.857,-5061.65
594.5,6.16959,43705.3,-3914.44,9893.31,2549.53,-429.588,-4999.64
594.6,6.21814,43761.6,698.017,8265.24,2526.75,-395.82,-4949.24
594.7,6.27185,43643.7,4260.63,5905.01,2511.66,-368.004,-4948.66
594.8,6.29084,43248.4,4939.61,4162.1,2449.61,-381.031,-4960.44
594.9,6.26242,42916.4,7449.11,3009.99,2414.73,-358.539,-5074.57
595.0,6.24389,42856.6,13024.2,2097.65,2388.53,-290.888,-5114.55
595.1,6.24303,42916.1,19209.0,1131.38,2361.0,-251.719,-4992.13
595.2,6.2543,42949.3,23157.8,479.739,2362.42,-222.467,-4898.7
595.3,6.2581,42827.7,22800.0,571.153,2404.43,-223.711,-4919.84
595.4,6.24378,42674.1,21483.8,2632.64,2455.79,-228.353,-4969.22
595.5,6.22783,42637.0,20412.1,5435.01,2456.08,-332.611,-4878.28
595.6,6.2324,42728.8,20001.8,8048.06,2376.12,-456.463,-4798.61
595.7,6.26458,42855.0,18855.5,9160.96,2305.84,-474.391,-4889.06
595.8,6.31147,42860.0,15506.5,8315.53,2282.62,-382.791,-5004.47
595.9,6.35384,42695.1,12846.4,7006.99,2260.62,-246.332,-5059.98
596.0,6.36287,42414.5,12927.9,6356.63,2221.76,-183.158,-5071.08
596.1,6.35788,42253.4,14386.8,6640.92,2176.65,-173.689,-5016.37
596.2,6.36495,42273.0,16448.2,8041.9,2166.94,-142.868,-4969.46
596.3,6.38723,42278.6,17627.1,9680.12,2153.98,-162.788,-4890.84
596.4,6.40101,42197.5,17976.6,10253.7,2155.06,-271.062,-4814.43
596.5,6.40476,42042.7,20268.7,10084.3,2180.8,-349.693,-4826.83
596.6,6.38989,41880.8,21115.6,9779.46,2190.28,-348.64,-4783.08
596.7,6.37307,41859.3,18627.8,9334.72,2217.16,-346.279,-4767.56
596.8,6.38509,41972.2,14387.7,9328.14,2264.69,-329.11,-4910.46
596.9,6.4081,41962.6,10208.8,8690.54,2315.85,-296.041,-5032.37
597.0,6.42226,41837.6,6134.72,6409.74,2338.86,-205.308,-4978.06
597.1,6.417,41628.2,3530.56,2246.39,2324.41,-106.553,-4963.52
597.2,6.39619,41510.8,-286.868,-1871.57,2323.46,22.5825,-4989.01
597.3,6.38749,41551.5,-3637.6,-4802.21,2313.54,49.7709,-5016.79
597.4,6.4069,41690.1,-3790.49,-5366.86,2340.93,-15.2342,-5042.41
597.5,6.44522,41725.2,-1916.0,-3500.73,2325.68,-81.2162,-5004.96
597.6,6.46483,41562.1,1461.24,-451.364,2288.7,-139.917,-5006.53
597.7,6.46125,41396.5,4672.42,2970.04,2247.18,-167.188,-5035.56
597.8,6.45376,41365.5,7689.48,5784.52,2215.1,-197.864,-5012.44
597.9,6.4519,41416.8,12278.5,6413.17,2143.99,-244.548,-4960.53
598.0,6.46461,41523.0,19086.0,5197.63,2051.29,-195.498,-4913.49
598.1,6.48226,41501.7,26242.2,2411.64,1990.91,-137.524,-4828.13
598.2,6.48452,41403.7,32739.3,-161.457,1984.74,-70.6145,-4778.04
598.3,6.47083,41244.9,36197.6,-1681.52,1987.54,-58.4441,-4761.52
598.4,6.44652,41174.3,36621.4,-1836.39,1996.86,-92.583,-4779.03
598.5,6.42997,41248.7,36536.4,-2362.04,1978.1,-189.258,-4817.59
598.6,6.43357,41361.9,36871.6,-4751.7,1925.73,-270.759,-4797.08
598.7,6.45503,41429.6,35836.9,-8283.25,1896.44,-237.856,-4706.57
598.8,6.46967,41357.7,32856.9,-12782.7,1851.42,-228.119,-4701.33
598.9,6.48466,41294.8,29953.0,-15313.8,1856.99,-185.904,-4838.4
599.0,6.49839,41209.2,27742.1,-13851.8,1864.14,-143.986,-4874.73
599.1,6.49641,41119.5,28157.0,-9992.8,1834.68,-199.361,-4833.85
599.2,6.49563,41104.2,28493.3,-6203.54,1837.19,-303.88,-4818.81
599.3,6.48883,41097.9,27730.6,-4451.15,1867.94,-305.663,-4849.47
599.4,6.48534,41123.2,26803.5,-4929.01,1882.61,-203.262,-4833.8
599.5,6.48287,41138.1,25491.4,-5166.12,1880.46,-157.102,-4765.55
599.6,6.47793,41146.1,23242.6,-3677.47,1891.31,-280.961,-4762.41
599.7,6.48416,41198.4,18705.6,-323.103,1924.21,-406.414,-4852.19
599.8,6.49016,41187.8,15158.1,2362.62,1963.19,-459.377,-5028.9
599.9,6.49764,41196.4,13570.3,1576.99,2027.0,-425.645,-5057.26
600.0,6.50385,41154.8,13066.2,-1879.21,2041.48,-254.209,-4922.91
