index,t_s,rpm,rev,force_x_N,force_y_N,axial_load_N,moment_x_Nm,moment_y_Nm,Moment_z_Nm,bearing,stress_inner_MPa,stress_outer_MPa,s0_static,L10_basic_rev,L10m_mod_rev,L10r_rev,L10mr_rev,dmg_ISO281_basic,dmg_ISO281_mod,dmg_ISO16281_basic,dmg_ISO16281_mod,shaft_DIN743_SF_inf,shaft_SF_offset_m
0,0.0,6.1099505,0.40733003333333334,5024079.841720418,-126695.74007530733,1995964.6702102735,-18593842.977751713,-9555222.155299239,43438979.99999999,Main Bearing_UW,1415.9097738952617,1372.253866451121,9.797238642960865,17530393.08559913,30400986.160566926,26234147.93826808,35248617.1954754,2.3235647446373972e-08,1.339857961126539e-08,1.5526710998650575e-08,1.1555915259723132e-08,,
0,0.0,6.1099505,0.40733003333333334,5024079.841720418,-126695.74007530733,1995964.6702102735,-18593842.977751713,-9555222.155299239,43438979.99999999,Main Bearing_DW,1245.7072419980962,1207.7019486926258,16.312564027040196,95907697.04314005,366444565.27787536,106029372.23090224,219064981.9882912,4.247104725600001e-09,1.1115734054466179e-09,3.841671649684795e-09,1.8594027655004426e-09,,
1,4.0,5.949857,0.3966571333333333,5015351.057759543,-56080.232319738585,2277464.896346898,-12247810.762291294,-15107236.055470133,44671555.0,Main Bearing_UW,1459.2701363631306,1414.2467545769655,9.275181659373644,14605646.30032981,23205043.380803473,21053481.258713964,26285119.560195927,2.7157793991244083e-08,1.709357430727626e-08,1.88404534366096e-08,1.509055845931928e-08,,
1,4.0,5.949857,0.3966571333333333,5015351.057759543,-56080.232319738585,2277464.896346898,-12247810.762291294,-15107236.055470133,44671555.0,Main Bearing_DW,1194.6904850047674,1158.2359663126883,17.8842345796066,130320846.02519831,576648324.0311844,149654014.46142554,340989408.8612865,3.043696733342548e-09,6.878666195722483e-10,2.6504944405321964e-09,1.1632535293631136e-09,,
2,8.0,5.928424,0.39522826666666666,5054330.941441443,44900.48967483604,2363361.755320658,-19361280.248776898,-27230059.563098434,44959475.0,Main Bearing_UW,1663.0594656268493,1611.1218686800948,6.693824331917898,4924480.263898294,5306686.485178018,6799373.578742772,6360507.065818155,8.025786387329287e-08,7.447741029559019e-08,5.812715864036194e-08,6.21378551390428e-08,,
2,8.0,5.928424,0.39522826666666666,5054330.941441443,44900.48967483604,2363361.755320658,-19361280.248776898,-27230059.563098434,44959475.0,Main Bearing_DW,1464.5017977093241,1419.4228043792477,10.246612824728022,20357000.458691336,36829272.48887039,24082488.177898604,31228736.808262136,1.9414857678500744e-08,1.0731362309318018e-08,1.641143820966898e-08,1.2655915898657218e-08,,
3,12.0,5.921643749999999,0.39477624999999994,5044932.256947967,23124.921273366817,2466868.4809557674,-19583624.131014638,-31953073.65284903,44955472.49999999,Main Bearing_UW,1720.9058364872456,1666.6708220650605,6.144131877841751,3700960.5959563265,3639459.563221692,5055673.37585922,4409907.161202847,1.0666859042793725e-07,1.0847111862139757e-07,7.80857900917911e-08,8.952030860720449e-08,,
3,12.0,5.921643749999999,0.39477624999999994,5044932.256947967,23124.921273366817,2466868.4809557674,-19583624.131014638,-31953073.65284903,44955472.49999999,Main Bearing_DW,1531.8787233643989,1484.6110567088954,9.120989853124176,13811873.975400072,21417793.021997664,16200109.29378309,18877377.91179189,2.858238141349425e-08,1.843216290280401e-08,2.436873991655712e-08,2.0912663392377185e-08,,
4,16.0,6.0064315,0.40042876666666666,4974328.4025661815,54925.488828849484,2620307.411698809,-12041495.926846128,-26106986.957088243,44467972.49999999,Main Bearing_UW,1599.0485181202605,1549.1204991452344,7.231120599051329,6369881.902907621,7526733.4819382625,9189382.064464534,9298301.707036866,6.286282426741466e-08,5.320086962393006e-08,4.357515705165097e-08,4.3064720771926124e-08,,
4,16.0,6.0064315,0.40042876666666666,4974328.4025661815,54925.488828849484,2620307.411698809,-12041495.926846128,-26106986.957088243,44467972.49999999,Main Bearing_DW,1392.3332125039778,1349.8495834871862,11.998008967799269,34446357.59557074,78687050.03408419,38855416.124577574,58138997.26103179,1.1624705618168333e-08,5.0888776042972305e-09,1.030561004372772e-08,6.887438475569612e-09,,
5,20.0,6.14026825,0.4093512166666667,5064374.214135215,35949.57362107302,2605553.9654902513,-17709287.518655308,-29323175.75636371,43538075.0,Main Bearing_UW,1669.5675209750761,1617.4258473774016,6.512017453857962,4492601.365304762,4779651.408743489,6360235.561421591,5946394.0717156045,9.111674581857716e-08,8.564457565207252e-08,6.43610150462999e-08,6.884024363837091e-08,,
5,20.0,6.14026825,0.4093512166666667,5064374.214135215,35949.57362107302,2605553.9654902513,-17709287.518655308,-29323175.75636371,43538075.0,Main Bearing_DW,1489.0948252560822,1443.151741672738,10.001639836757237,18779473.09877195,33585050.57129499,21326763.81452939,27261416.610080954,2.179780095605747e-08,1.218849487207673e-08,1.919424907719876e-08,1.5015772016605085e-08,,
6,24.0,6.18999375,0.41266625,5059587.125060699,-38068.910941576476,2409262.0952408775,-19610844.928364016,-24249297.665542398,43062797.5,Main Bearing_UW,1621.4164464932999,1570.7866761666432,7.046100415893334,5842635.487214363,6806954.711816536,8291436.475388344,8297272.376178575,7.063015498794191e-08,6.062420971945528e-08,4.977017567763155e-08,4.973516973900515e-08,,
6,24.0,6.18999375,0.41266625,5059587.125060699,-38068.910941576476,2409262.0952408775,-19610844.928364016,-24249297.665542398,43062797.5,Main Bearing_DW,1433.8901735525355,1389.9710686082449,10.983445806924463,25659099.067291573,52539473.57303871,29576684.80485869,41585953.425815076,1.6082647676669137e-08,7.854403973544281e-09,1.3952417342332078e-08,9.92321243123962e-09,,
7,28.0,6.1120795,0.4074719666666667,5075483.780275708,-69414.97428331213,2383436.1230859617,-28614243.0398529,-21537995.00550996,43522387.5,Main Bearing_UW,1638.015875283056,1586.8656107407096,6.722192511279293,4994390.748532088,5487943.660864258,7258787.525032734,6985050.438315168,8.15859205222234e-08,7.424856956394059e-08,5.613499021171985e-08,5.8334863901849093e-08,,
7,28.0,6.1120795,0.4074719666666667,5075483.780275708,-69414.97428331213,2383436.1230859617,-28614243.0398529,-21537995.00550996,43522387.5,Main Bearing_DW,1526.9999494851943,1479.8846521262328,9.482353477327251,15721711.911889397,26113450.16033974,17314323.20743767,20883528.93476603,2.591778611326161e-08,1.5603911553806165e-08,2.3533808499752965e-08,1.9511643263908538e-08,,
8,32.0,6.00219275,0.40014618333333335,5072319.320852177,-52455.96479158047,2462513.319229154,-25816874.385932375,-23344990.861317106,44323997.5,Main Bearing_UW,1638.2864536322272,1587.127705042783,6.733807290762025,5023213.572221337,5481262.180178171,7283138.874148051,6957396.137294562,7.965940081587711e-08,7.300256221648686e-08,5.4941446297787454e-08,5.751378467418032e-08,,
8,32.0,6.00219275,0.40014618333333335,5072319.320852177,-52455.96479158047,2462513.319229154,-25816874.385932375,-23344990.861317106,44323997.5,Main Bearing_DW,1508.5943103984055,1462.0562673093157,9.782590767174343,17443179.594719093,29870814.72460084,19292358.88015703,23729140.523143057,2.2939979558226713e-08,1.3395891174129347e-08,2.0741174566522283e-08,1.6863071081022523e-08,,
9,36.0,5.98068475,0.3987123166666667,5078735.467381004,-39278.928704845755,2756700.511179322,-32961570.7646514,-16610398.839426257,44583352.5,Main Bearing_UW,1602.8739960877765,1552.8268497831657,6.877758261557348,5390169.089379025,6009193.068561288,7928767.525446923,7704943.563969193,7.397027997735789e-08,6.635039216041129e-08,5.028679619966438e-08,5.174759728691257e-08,,
9,36.0,5.98068475,0.3987123166666667,5078735.467381004,-39278.928704845755,2756700.511179322,-32961570.7646514,-16610398.839426257,44583352.5,Main Bearing_DW,1568.3996427422296,1520.003038976434,9.155794713990312,13988340.238407834,21922032.464812066,14290418.224928431,16225510.447425451,2.8503189790302705e-08,1.8187744102042355e-08,2.7900675151070568e-08,2.457317555331096e-08,,
10,40.0,6.130271,0.4086847333333333,5075739.035817051,-68425.61143590513,2811933.124407723,-32472771.62199026,-19893448.287348222,43664110.0,Main Bearing_UW,1633.4386812695261,1582.3162003701925,6.58067518440041,4652441.078961403,5002237.653931872,6844277.442188435,6493936.126890317,8.784307558056531e-08,8.170038322991269e-08,5.971188876917557e-08,6.29332850443412e-08,,
10,40.0,6.130271,0.4086847333333333,5075739.035817051,-68425.61143590513,2811933.124407723,-32472771.62199026,-19893448.287348222,43664110.0,Main Bearing_DW,1583.6545495023845,1534.7850648342612,8.889479589137515,12677505.92204551,19404225.782797053,13037415.695214419,14631497.263415566,3.22369980220362e-08,2.1061635641018748e-08,3.134706623517015e-08,2.7931846343245003e-08,,
11,44.0,6.3547205,0.42364803333333334,5020849.339351289,-48301.15559520979,2776771.7243369543,-19679613.980670057,-15255334.275704378,42136710.0,Main Bearing_UW,1474.0626916909014,1428.5758346572209,8.49020099319847,10876920.07455928,16030222.762949077,16450919.628074218,19819879.637282398,3.8949264169388416e-08,2.6428081480721412e-08,2.5752240173270276e-08,2.137490444373969e-08,,
11,44.0,6.3547205,0.42364803333333334,5020849.339351289,-48301.15559520979,2776771.7243369543,-19679613.980670057,-15255334.275704378,42136710.0,Main Bearing_DW,1350.0968019525467,1308.9064949710855,13.743937716345934,54177208.785899095,159102950.06046364,54748704.52392471,93930282.45583545,7.819672567620312e-09,2.6627289636825406e-09,7.738046717584026e-09,4.510239107739573e-09,,
12,48.0,6.496792000000001,0.43311946666666673,4967420.47944698,-204181.09230928787,2406736.6341460263,-14047070.363183642,-5022073.214395398,41085637.5,Main Bearing_UW,1287.2813601356659,1248.006974441045,12.019653121334443,34601392.1229948,83463141.19560279,52055888.79241282,88182463.26484767,1.2517400026192344e-08,5.189350178561041e-09,8.320278007236603e-09,4.911628124583382e-09,,
12,48.0,6.496792000000001,0.43311946666666673,4967420.47944698,-204181.09230928787,2406736.6341460263,-14047070.363183642,-5022073.214395398,41085637.5,Main Bearing_DW,1128.5687140990765,1094.328826963923,22.85501970825467,295155829.69491833,2339828686.324002,277953617.45238566,844605289.8589766,1.467426434078404e-09,1.851073410622728e-10,1.5582436761804745e-09,5.128069547598791e-10,,
13,52.0,6.458350749999999,0.4305567166666666,4953313.159977477,-118008.91201054779,2283831.690831049,-7564228.840588799,-3251982.8302807314,41234337.5,Main Bearing_UW,1204.5890325811586,1168.228118632188,14.442349789079122,63910502.06622975,206225148.48163745,98358227.43376666,203556212.11271867,6.736869571459248e-09,2.087799280721594e-09,4.377434688487028e-09,2.115173554262481e-09,,
13,52.0,6.458350749999999,0.4305567166666666,4953313.159977477,-118008.91201054779,2283831.690831049,-7564228.840588799,-3251982.8302807314,41234337.5,Main Bearing_DW,908.9934396719253,881.5226659640895,42.31984583093443,2301051231.8289857,100544587543.55472,1949969073.490265,13719368435.722092,1.8711305107467753e-10,4.282246585179482e-12,2.2080181810063777e-10,3.138312952844065e-11,,
14,56.0,6.4169505000000004,0.42779670000000003,5016389.064522349,-162539.0849265038,2227866.9256868227,-18169465.97194676,14003049.773171654,41520595.0,Main Bearing_UW,1210.0594200422481,1173.1247500062648,16.165819773717335,34930559.72958773,83924832.16601948,69700524.99913777,127759488.66117238,1.2247061121028569e-08,5.097379273320866e-09,6.137639565918507e-09,3.3484534454779213e-09,,
14,56.0,6.4169505000000004,0.42779670000000003,5016389.064522349,-162539.0849265038,2227866.9256868227,-18169465.97194676,14003049.773171654,41520595.0,Main Bearing_DW,1345.1306761371243,1304.1027995438287,14.151871586615384,59725385.59021272,185379964.6283422,57815597.76291472,101561368.53299075,7.162728139340865e-09,2.3076749467379898e-09,7.399330224938127e-09,4.2121990494942615e-09,,
15,60.0,6.361466,0.42409773333333334,5034350.533879034,-152147.71765179985,2172666.7060664445,-23652659.216488734,5741361.698691562,41847940.0,Main Bearing_UW,1304.477581997992,1264.6138196185802,12.15288747861497,23455997.972174257,47024734.90218924,41400360.110425375,64531161.98452594,1.8080566592665915e-08,9.018609763892351e-09,1.0243817498257405e-08,6.5719835237900814e-09,,
15,60.0,6.361466,0.42409773333333334,5034350.533879034,-152147.71765179985,2172666.7060664445,-23652659.216488734,5741361.698691562,41847940.0,Main Bearing_DW,1363.1949875291386,1321.6131783069993,13.564116051045033,51850269.87553873,149152571.0993171,51043651.17377557,85820002.99429072,8.179277260298483e-09,2.8433819826742165e-09,8.308530514196834e-09,4.941711938201015e-09,,
16,64.0,6.244851,0.41632339999999995,5041337.435652803,-153729.94591482583,2080508.6805347428,-29030092.964527473,3026101.0770883113,42571330.0,Main Bearing_UW,1389.7360053644968,1346.8487415404297,9.961853435710866,15384060.186796466,25655008.300271,25173810.25624178,33688716.7269845,2.7061997609533144e-08,1.6227763215948842e-08,1.6537957335909198e-08,1.2357947718041954e-08,,
16,64.0,6.244851,0.41632339999999995,5041337.435652803,-153729.94591482583,2080508.6805347428,-29030092.964527473,3026101.0770883113,42571330.0,Main Bearing_DW,1449.867086290822,1405.6393367569578,11.385162341473942,28923007.962385684,62733933.86170755,29089702.314487908,40989273.75031053,1.4394194426161612e-08,6.6363349844719595e-09,1.4311710566823271e-08,1.0156886470740309e-08,,
17,68.0,6.0198772499999995,0.40132514999999996,5015093.926073177,-135467.9440965408,1993906.6245232865,-21784118.362185195,-5013959.641169856,44048157.5,Main Bearing_UW,1371.4787912096042,1329.3385877008448,10.26881162633242,20504380.643306226,37555594.06007305,31436272.77163411,44003636.76612302,1.957265410652698e-08,1.0686161676954162e-08,1.2766308299822607e-08,9.120272311423297e-09,,
17,68.0,6.0198772499999995,0.40132514999999996,5015093.926073177,-135467.9440965408,1993906.6245232865,-21784118.362185195,-5013959.641169856,44048157.5,Main Bearing_DW,1298.135420437567,1258.5339841141406,15.06666045751625,73592920.06355657,241991909.84741306,76238373.28317982,140416921.05498707,5.453311944320271e-09,1.658423830172892e-09,5.264083331228983e-09,2.8580967805357417e-09,,
18,72.0,5.8274945,0.38849963333333337,5031366.927963776,-162575.9368880765,2448805.069703315,-12731467.926609717,7893193.34065954,45069282.5,Main Bearing_UW,1149.6186239088538,1114.9267382766368,18.4861421448414,55616204.92085601,155387188.06227106,110060344.180974,220064086.1789416,6.985367554046222e-09,2.500203769551728e-09,3.5298784155582608e-09,1.7653931637778965e-09,,
18,72.0,5.8274945,0.38849963333333337,5031366.927963776,-162575.9368880765,2448805.069703315,-12731467.926609717,7893193.34065954,45069282.5,Main Bearing_DW,1162.580338368496,1127.4618718724496,21.464582167360916,239434922.7258839,1492561083.6448336,217375608.32140648,558971666.905637,1.6225687920141274e-09,2.6029060893415324e-10,1.7872273542250744e-09,6.95025627119877e-10,,
19,76.0,5.98589725,0.3990598166666667,5030668.891540999,-211217.05107684433,2832006.98949402,-12633316.378619172,18119227.93862055,44651387.5,Main Bearing_UW,1170.0415752269237,1134.3358197497726,17.662674306358753,35637066.87661107,82467819.4880093,75502025.7392111,135511014.53464958,1.1197886123691433e-08,4.8389762108926545e-09,5.285418672673038e-09,2.944851516587449e-09,,
19,76.0,5.98589725,0.3990598166666667,5030668.891540999,-211217.05107684433,2832006.98949402,-12633316.378619172,18119227.93862055,44651387.5,Main Bearing_DW,1338.427349312189,1297.6047308767081,14.551065652044134,65528269.49523968,202355141.9938313,61562964.0224002,105862517.34368587,6.089887917697208e-09,1.972076482636808e-09,6.4821410567799404e-09,3.769604451886468e-09,,
20,80.0,6.3121295,0.42080863333333335,5041344.19511382,-232607.468628945,2657810.209314717,-6257994.951668617,17931791.151448313,42489447.49999999,Main Bearing_UW,1065.548622040426,1033.393523794186,22.825822285739942,65371981.14702953,209763679.58056647,132022344.5394287,292297312.49532515,6.437140590658919e-09,2.0061081793319147e-09,3.1874046382175717e-09,1.4396596046022953e-09,,
20,80.0,6.3121295,0.42080863333333335,5041344.19511382,-232607.468628945,2657810.209314717,-6257994.951668617,17931791.151448313,42489447.49999999,Main Bearing_DW,1273.225135361247,1234.4151389628303,16.712842634365483,103979353.19478688,426095305.0713554,96480153.55704807,197832021.02757198,4.047040305636668e-09,9.875927482065622e-10,4.361608246036964e-09,2.127100714776022e-09,,
21,84.0,6.338703499999999,0.4225802333333333,4988686.135443505,-188859.4379757262,2107150.3023818335,3023859.8624031157,20654029.994586963,41925580.0,Main Bearing_UW,994.668312576599,964.2658550463458,28.144247349939352,104241337.20098773,429217490.1910124,186354788.30954447,464947988.3451151,4.053864279566525e-09,9.845363783877369e-10,2.2676113512651295e-09,9.088763559068597e-10,,
21,84.0,6.338703499999999,0.4225802333333333,4988686.135443505,-188859.4379757262,2107150.3023818335,3023859.8624031157,20654029.994586963,41925580.0,Main Bearing_DW,1310.8730690894115,1270.8936112137023,15.237847719914452,76417260.08381528,266494966.73068824,73208787.46449094,137554895.12751484,5.529905585071261e-09,1.5856968651883774e-09,5.772261062762457e-09,3.072084297266171e-09,,
22,88.0,6.1519165000000005,0.41012776666666667,4931871.226362609,-194740.63769886357,2293615.349842754,14154693.016057288,8886723.82353108,43211382.5,Main Bearing_UW,1143.1598225212826,1108.6474548929193,18.76196982334029,56622325.50882785,165976107.4462162,113300678.1690619,236658496.93559334,7.2432165754605864e-09,2.471004851102239e-09,3.619817403517157e-09,1.7329940482901108e-09,,
22,88.0,6.1519165000000005,0.41012776666666667,4931871.226362609,-194740.63769886357,2293615.349842754,14154693.016057288,8886723.82353108,43211382.5,Main Bearing_DW,1206.006522230269,1169.432583558736,19.294059431688176,167825547.08431384,884771826.9901928,156017093.09014612,370220626.5006252,2.443774346587547e-09,4.6354071655042956e-10,2.628736111816263e-09,1.1077928600122827e-09,,
23,92.0,6.125307,0.40835380000000004,4892765.615593556,-163140.21456852544,2372482.1407765523,18529065.00683033,9444367.218758693,43566134.99999999,Main Bearing_UW,1211.9786047343607,1174.9978928193816,16.098633261150994,35690207.96300901,83933308.18721716,70257175.92901804,125589206.88846835,1.1441620077508008e-08,4.865217502080912e-09,5.8122717658416345e-09,3.251503931883618e-09,,
23,92.0,6.125307,0.40835380000000004,4892765.615593556,-163140.21456852544,2372482.1407765523,18529065.00683033,9444367.218758693,43566134.99999999,Main Bearing_DW,1297.9970630830132,1258.4069808185532,15.671616806611263,83912252.33893839,299268244.4681615,80069513.96379851,151597631.02917495,4.866438316428181e-09,1.3645076199972292e-09,5.099990992634567e-09,2.6936687415742823e-09,,
24,96.0,6.158587750000001,0.4105725166666667,4908704.107395656,-126366.40109577612,2460684.4344389685,13245544.979231788,7568793.460302726,43289055.0,Main Bearing_UW,1145.8896392977233,1111.3019795603304,18.63578702946594,55803486.708444096,162541662.3951852,111438996.21182422,231641974.42851898,7.357470668665934e-09,2.5259524888360478e-09,3.684280463961169e-09,1.7724443839661834e-09,,
24,96.0,6.158587750000001,0.4105725166666667,4908704.107395656,-126366.40109577612,2460684.4344389685,13245544.979231788,7568793.460302726,43289055.0,Main Bearing_DW,1169.4341382792954,1134.0807853584038,21.120182932148282,226867150.78439805,1439809910.7802446,206275316.7174257,540939307.6947653,1.8097486359179963e-09,2.851574458493442e-10,1.9904103079337677e-09,7.589992275036141e-10,,
25,100.0,6.1406045,0.4093736333333334,4950245.199753756,-126650.71734005584,2349393.49747103,15241224.548973309,-7228949.168267758,43409759.99999999,Main Bearing_UW,1320.3405919474037,1280.0516766400904,11.270312269517657,27961847.501948744,59114521.90093076,42638915.74504317,65887567.503194675,1.4640435804708645e-08,6.925094209835566e-09,9.60093909941703e-09,6.21321516101629e-09,,
25,100.0,6.1406045,0.4093736333333334,4950245.199753756,-126650.71734005584,2349393.49747103,15241224.548973309,-7228949.168267758,43409759.99999999,Main Bearing_DW,1174.2587114322237,1138.4371080784122,20.26305936566924,197604162.07909206,1147881984.3565328,192454456.80102885,490625549.62556815,2.0716852774056427e-09,3.5663390393117425e-10,2.1271195281103247e-09,8.343911841642899e-10,,
26,104.0,6.10937475,0.40729165,4952661.345341881,-41311.191031783135,2448251.961438863,9488054.586537832,-8350070.068373556,43588112.5,Main Bearing_UW,1305.2543201606134,1265.4349798308801,11.766324142973463,32278652.230766043,72441710.7315572,49886819.716115385,80639811.08784455,1.2617988108307523e-08,5.622336163612641e-09,8.164313787042812e-09,5.0507515395381946e-09,,
26,104.0,6.10937475,0.40729165,4952661.345341881,-41311.191031783135,2448251.961438863,9488054.586537832,-8350070.068373556,43588112.5,Main Bearing_DW,1045.5040595109992,1013.9057398746992,27.826843536401274,568843131.7203168,6739934170.0948925,539423771.5419601,2030017618.8193505,7.159999431974388e-10,6.042961840890883e-11,7.550495018707533e-10,2.0063453943659813e-10,,
27,108.0,6.0781795,0.40521196666666665,4994774.177241739,-70234.55683988753,2408019.923774845,4240575.872537343,-24440313.038621265,43801992.5,Main Bearing_UW,1582.5941278888788,1533.617126725196,7.7255137733625565,7940916.003577085,10190040.454364033,10780913.690800596,11432119.302840041,5.102836580617826e-08,3.9765491460156935e-08,3.758605052301234e-08,3.54450435595088e-08,,
27,108.0,6.0781795,0.40521196666666665,4994774.177241739,-70234.55683988753,2408019.923774845,4240575.872537343,-24440313.038621265,43801992.5,Main Bearing_DW,1290.555954491872,1251.1720848239408,14.029546948057833,58021843.16336435,170621854.91302642,71855771.93357727,130239190.065629,6.983783081929429e-09,2.3749124452621927e-09,5.639240324928112e-09,3.1112905912765252e-09,,
28,112.0,6.117267,0.4078178,4989937.606954359,75242.18724936363,2615601.7004553257,4363916.099968879,-29925932.394307055,43729632.5,Main Bearing_UW,1645.6961878856625,1594.3035521373965,6.852960160140622,5325659.408130511,5979902.806597034,7407538.376763988,7175673.957689474,7.657601974647456e-08,6.819806495016859e-08,5.5054429590165255e-08,5.683337933198333e-08,,
28,112.0,6.117267,0.4078178,4989937.606954359,75242.18724936363,2615601.7004553257,4363916.099968879,-29925932.394307055,43729632.5,Main Bearing_DW,1407.729614778479,1364.628785913907,11.42341515621093,29248206.026902005,62902683.311379045,34395741.748830095,50153084.421585865,1.3943344067834318e-08,6.48331324724626e-09,1.185663629463293e-08,8.131460002975917e-09,,
29,116.0,6.149047749999999,0.40993651666666664,5057445.470634626,68460.9799750701,2517475.7403436075,-18848696.187902175,-30852060.271930136,43251610.0,Main Bearing_UW,1699.355404165512,1646.0368216178722,6.295318429996163,4013331.5578489224,4120779.3541938798,5565406.262290769,5046203.7100487165,1.0214369552023397e-07,9.948033646826008e-08,7.365796805244066e-08,8.123661671651164e-08,,
29,116.0,6.149047749999999,0.40993651666666664,5057445.470634626,68460.9799750701,2517475.7403436075,-18848696.187902175,-30852060.271930136,43251610.0,Main Bearing_DW,1514.6749613511236,1467.939998959123,9.46269591718431,15613333.85161673,25954249.658705004,18079478.572507627,22111328.96943203,2.625554033254842e-08,1.5794581698846177e-08,2.2674133826516014e-08,1.8539659793103636e-08,,
30,120.0,6.1534705,0.41023136666666665,5090303.496815862,-48201.35650873234,2581495.446181713,-23439273.378003713,-28351509.650011223,43437335.0,Main Bearing_UW,1686.0336303455783,1633.1729690002376,6.317359874310462,4060362.022349857,4185985.0357083017,5775910.342704469,5281771.037332041,1.010331996035302e-07,9.800115460691136e-08,7.102453852747703e-08,7.766928247497171e-08,,
30,120.0,6.1534705,0.41023136666666665,5090303.496815862,-48201.35650873234,2581495.446181713,-23439273.378003713,-28351509.650011223,43437335.0,Main Bearing_DW,1535.7963156431153,1488.4080402637926,9.274594386954364,14602563.93135946,23654588.153694943,16332711.312206637,19457806.884681445,2.8093105333761424e-08,1.7342570667525523e-08,2.5117162657498914e-08,2.108312458325556e-08,,
31,124.0,6.26787575,0.4178583833333333,5075280.598622413,60953.82942709166,2714987.5568013215,-26433894.05521511,-25380377.271891076,42614610.0,Main Bearing_UW,1652.6125371549522,1600.9969544713915,6.4903090934137,4442873.677488318,4756428.382117948,6516289.939571968,6177371.609118625,9.405137612860524e-08,8.785129297947483e-08,6.412519811246781e-08,6.764339427411468e-08,,
31,124.0,6.26787575,0.4178583833333333,5075280.598622413,60953.82942709166,2714987.5568013215,-26433894.05521511,-25380377.271891076,42614610.0,Main Bearing_DW,1547.8226424281627,1500.0626580718701,9.287765321266363,14671802.632840535,24066203.866246156,15655629.132894466,18626153.230191957,2.8480371075741074e-08,1.736287059046304e-08,2.6690615866427223e-08,2.2433960365794055e-08,,
32,128.0,6.40702,0.42713466666666666,5025211.887176104,-95486.9831003465,2390307.686988337,-18108079.03770516,-17990344.440711945,41710242.5,Main Bearing_UW,1522.0995009902988,1475.1275494086071,8.12904993978132,9409762.68009734,13200795.360045092,13897209.716798292,16110845.02024326,4.539271405538233e-08,3.2356737228082264e-08,3.0735282504254537e-08,2.651224477238608e-08,,
32,128.0,6.40702,0.42713466666666666,5025211.887176104,-95486.9831003465,2390307.686988337,-18108079.03770516,-17990344.440711945,41710242.5,Main Bearing_DW,1338.0385201753213,1297.2135252295298,13.452802390728266,50445439.2453772,143919087.2696681,55977234.9711699,97031626.49282524,8.4672603322769e-09,2.967880597146395e-09,7.63050670306697e-09,4.402014911068713e-09,,
33,132.0,6.4038155,0.42692103333333337,5022536.928858412,-130218.59577877745,2300137.4266364505,-18259747.78705345,-13461086.346619135,41581692.5,Main Bearing_UW,1458.7904674898189,1413.7787967071224,8.97215855021009,13074823.358927099,20758794.024426267,19715523.24456387,25080039.875739537,3.2652145395283254e-08,2.0565791675132372e-08,2.165405543832308e-08,1.702234268559929e-08,,
33,132.0,6.4038155,0.42692103333333337,5022536.928858412,-130218.59577877745,2300137.4266364505,-18259747.78705345,-13461086.346619135,41581692.5,Main Bearing_DW,1287.43284074775,1248.1531911344678,15.108552102229218,74277199.39356366,257237699.41830257,80261658.40393715,155954876.40783113,5.747672728898383e-09,1.6596363375148338e-09,5.319115525681578e-09,2.737465112773453e-09,,
34,136.0,6.35507725,0.42367181666666665,4982523.109030819,-153784.97837828804,2185772.6624231,-20943012.33245244,-15201012.502269717,41908534.99999999,Main Bearing_UW,1508.1906795049867,1461.6480746086252,8.34337532840772,10262471.591241183,14800283.937488757,15139481.091923807,17879081.594341002,4.1283604334482366e-08,2.8625924911718504e-08,2.7984566584166178e-08,2.3696508930344897e-08,,
34,136.0,6.35507725,0.42367181666666665,4982523.109030819,-153784.97837828804,2185772.6624231,-20943012.33245244,-15201012.502269717,41908534.99999999,Main Bearing_DW,1345.6232206842594,1304.5680157639051,13.198712852820266,47338878.73375426,130226769.07529391,53020557.38212816,89945753.66124433,8.949764506453633e-09,3.253338923134229e-09,7.990708464514847e-09,4.710303704411758e-09,,
35,140.0,6.20244975,0.41349665,4996052.28706605,-124329.29617218548,2175372.5688582375,-15530853.88522883,-13644836.282353466,42887197.49999999,Main Bearing_UW,1454.7268616326287,1409.843295721896,9.277890084326879,14619867.684036423,23802598.185571447,21337081.531108126,27310848.25644951,2.8283200569010694e-08,1.7371912375962873e-08,1.937925059700165e-08,1.5140381071918994e-08,,
35,140.0,6.20244975,0.41349665,4996052.28706605,-124329.29617218548,2175372.5688582375,-15530853.88522883,-13644836.282353466,42887197.49999999,Main Bearing_DW,1228.669478287104,1191.1808283099358,16.678762461968777,103274264.3759331,415697472.9578472,117332463.10259444,253022014.10995257,4.003869235948397e-09,9.947057100391123e-10,3.5241453138032425e-09,1.634231912407084e-09,,
36,144.0,6.2297315,0.4153154333333333,4981051.30448803,-97355.26815532503,2507035.48285267,-20381849.87884343,-18824159.768456213,42901957.50000001,Main Bearing_UW,1537.3027494970281,1489.6500445646134,7.812511126030785,8242928.40797748,10858640.03560791,12334525.567221342,13665065.285561366,5.0384452318109703e-08,3.8247463031412876e-08,3.367096943209737e-08,3.039249536349888e-08,,
36,144.0,6.2297315,0.4153154333333333,4981051.30448803,-97355.26815532503,2507035.48285267,-20381849.87884343,-18824159.768456213,42901957.50000001,Main Bearing_DW,1389.860197730775,1347.4554708376145,12.335820827738457,37786750.07433227,92250185.72910804,40740029.37489201,63142417.072896436,1.0991033431463275e-08,4.502055253882132e-09,1.0194284091245434e-08,6.577439581602671e-09,,
37,148.0,6.24574,0.4163826666666666,4961781.773015433,-101258.8019821876,2160760.8726406065,-8069348.057346096,-22432343.717409834,42613354.99999999,Main Bearing_UW,1579.3714082579231,1530.6293239746228,7.993672683035166,8897484.412723672,12063746.70903556,11475633.243167952,12536321.686435377,4.6797796697595425e-08,3.4515203005282134e-08,3.628406884775279e-08,3.321410195761037e-08,,
37,148.0,6.24574,0.4163826666666666,4961781.773015433,-101258.8019821876,2160760.8726406065,-8069348.057346096,-22432343.717409834,42613354.99999999,Main Bearing_DW,1251.8475219079046,1213.6424886086002,14.592272279317465,66148872.66362563,211850067.55809423,88556814.86063094,174223508.66349503,6.294629823610431e-09,1.9654592111587824e-09,4.701870401752388e-09,2.3899338835546657e-09,,
38,152.0,6.0200895,0.4013393,5034944.730058359,-55153.101037285225,2170482.370455368,-19215227.01528806,-21086295.465327498,44008702.5,Main Bearing_UW,1591.4182013562618,1541.8161626648714,7.536090036934373,7310262.299394775,9067203.681298511,10109537.315871386,10494815.934764989,5.4900807052193917e-08,4.426274230805901e-08,3.969907696665016e-08,3.824167117314833e-08,,
38,152.0,6.0200895,0.4013393,5034944.730058359,-55153.101037285225,2170482.370455368,-19215227.01528806,-21086295.465327498,44008702.5,Main Bearing_DW,1374.2340315795977,1332.302774672684,12.01703115829655,34628737.30823722,79411175.37678257,41831197.891839206,63982732.9413628,1.1589775752653058e-08,5.0539398024996306e-09,9.594257879913518e-09,6.2726189012246296e-09,,
39,156.0,5.911168,0.39407786666666667,5069550.588140002,-121113.00779842159,2597346.8934231014,-23292060.609543484,-16666686.124283718,45044662.5,Main Bearing_UW,1528.9022650967775,1481.4978317879438,7.8147480196162045,8250798.141291143,10575377.746513478,12450054.26511436,13468609.310968537,4.776239339737362e-08,3.7263715406911816e-08,3.16527027332637e-08,2.925898714321889e-08,,
39,156.0,5.911168,0.39407786666666667,5069550.588140002,-121113.00779842159,2597346.8934231014,-23292060.609543484,-16666686.124283718,45044662.5,Main Bearing_DW,1415.8540383300651,1372.657995262583,11.898711660008104,33505222.00504866,74798547.8658357,35108365.563201874,50618012.71615909,1.1761684987709853e-08,5.2685229581397004e-09,1.1224614428639521e-08,7.785328690726391e-09,,
40,160.0,6.07853575,0.4052357166666667,5075275.351555087,-123429.74663899471,2785957.088772947,-19136243.27993787,-8776889.62691164,44018020.00000001,Main Bearing_UW,1388.924588053522,1346.2364850839895,9.851973161626137,16726755.364708686,28381228.2732223,26022685.842399336,34677562.65037582,2.4226797596481995e-08,1.4278300881326082e-08,1.557240167755502e-08,1.1685818889646643e-08,,
40,160.0,6.07853575,0.4052357166666667,5075275.351555087,-123429.74663899471,2785957.088772947,-19136243.27993787,-8776889.62691164,44018020.00000001,Main Bearing_DW,1280.0105918089087,1240.9610280598995,16.167580414146684,93095666.20072356,348652948.741827,90080349.22568797,176223237.66992825,4.3528956094791564e-09,1.162289658323637e-09,4.4986028601131e-09,2.2995589118938223e-09,,
41,164.0,6.356923,0.42379486666666666,5102567.162235545,-113197.70283080428,2652014.862985095,-29636236.134491954,-15921103.984130995,42202145.00000001,Main Bearing_UW,1571.2566756914732,1522.20120108887,7.25005450448892,6425648.0860682735,7837661.3770717485,9578151.281857159,10036214.39680185,6.59536378261229e-08,5.4071596905989563e-08,4.424599843911578e-08,4.22265657060608e-08,,
41,164.0,6.356923,0.42379486666666666,5102567.162235545,-113197.70283080428,2652014.862985095,-29636236.134491954,-15921103.984130995,42202145.00000001,Main Bearing_DW,1510.3630077542418,1463.9344241234899,10.064950109663435,19178653.820052713,35327915.85282005,19819602.745998606,25316638.572581794,2.2097216553518345e-08,1.1996033630521604e-08,2.1382611553716782e-08,1.6739776311600913e-08,,
42,168.0,6.5003934999999995,0.43335956666666664,5021037.91655923,-133624.01024409616,2372012.9264073106,-17250572.346981317,-15972335.918024478,41060755.0,Main Bearing_UW,1488.5613757698095,1442.628539609311,8.575650338624508,11246125.2170996,16996229.489190508,16762427.991711231,20569454.479648795,3.853412249116243e-08,2.5497394403992986e-08,2.585303077101697e-08,2.1068111801186954e-08,,
42,168.0,6.5003934999999995,0.43335956666666664,5021037.91655923,-133624.01024409616,2372012.9264073106,-17250572.346981317,-15972335.918024478,41060755.0,Main Bearing_DW,1299.864835044736,1260.204228871836,14.624759131911025,66641040.8914567,220729433.9119593,73109324.33415534,139077091.75029382,6.502893125161597e-09,1.9633066555116414e-09,5.927555351023932e-09,3.115966556481802e-09,,
43,172.0,6.42522125,0.42834808333333335,4990017.9405037565,-110497.44545458946,1988506.4170615945,-14812561.70925418,-6558055.151898543,41339252.5,Main Bearing_UW,1332.3903374257582,1291.7387983558513,11.36383346854213,28742788.607669964,63329503.644023016,43762487.42948121,70079201.69563366,1.490280185336747e-08,6.763799788185462e-09,9.788019568667632e-09,6.112342506321985e-09,,
43,172.0,6.42522125,0.42834808333333335,4990017.9405037565,-110497.44545458946,1988506.4170615945,-14812561.70925418,-6558055.151898543,41339252.5,Main Bearing_DW,1139.8384680282545,1105.1663849104943,21.09956444171207,226129730.90027303,1490014300.9190292,238511654.70126224,677568173.998991,1.894258139467039e-09,2.8747917591739326e-10,1.795920974469121e-09,6.32184479393761e-10,,
44,176.0,6.19668975,0.41311265,5078617.474556851,-179428.7666839246,2009350.0485551723,-24348101.28997072,-11842319.725444568,42856877.5,Main Bearing_UW,1500.7819880873508,1454.4684053955218,8.427545812464597,10611654.589774033,15282294.802575666,15717644.633671094,18508807.960093353,3.893008828218908e-08,2.7032108419369997e-08,2.628336876347301e-08,2.2319786930131206e-08,,
44,176.0,6.19668975,0.41311265,5078617.474556851,-179428.7666839246,2009350.0485551723,-24348101.28997072,-11842319.725444568,42856877.5,Main Bearing_DW,1372.17917192105,1330.3152721208075,12.528569211041024,39790948.05192035,99121937.06796232,44559437.67344273,70684406.37165883,1.0382076080744772e-08,4.167721719529674e-09,9.271047202784018e-09,5.844466569158867e-09,,
45,180.0,5.9425497499999995,0.3961699833333333,5048261.683190082,-120314.43543685465,2120149.097898433,-17365200.675922535,-8691045.432603683,44515850.0,Main Bearing_UW,1385.3434488818891,1342.897239825936,10.198025184658588,20037012.33694187,36069114.59037259,30592308.394356057,42250609.92579689,1.9771908938885164e-08,1.0983634830866551e-08,1.2949986585726963e-08,9.376668976592558e-09,,
45,180.0,5.9425497499999995,0.3961699833333333,5048261.683190082,-120314.43543685465,2120149.097898433,-17365200.675922535,-8691045.432603683,44515850.0,Main Bearing_DW,1220.302233498826,1183.0729140792707,17.58042663903755,123086587.8675918,526953456.3912164,130427381.20866875,283827630.0550305,3.218628367206881e-09,7.518120974980608e-10,3.0374755642720994e-09,1.3958118991323044e-09,,
46,184.0,5.7673445,0.38448963333333336,5023408.87654683,-90466.09030665173,2362531.509131891,-8578383.96663169,-14687636.1868689,45057155.0,Main Bearing_UW,1438.3345410129743,1394.1702173643198,9.663535320379204,16745552.953033052,27555216.81594424,24043319.900576934,30622904.324131228,2.2960700934255642e-08,1.3953424351604325e-08,1.5991536731335813e-08,1.2555622721596356e-08,,
46,184.0,5.7673445,0.38448963333333336,5023408.87654683,-90466.09030665173,2362531.509131891,-8578383.96663169,-14687636.1868689,45057155.0,Main Bearing_DW,1131.6814443946082,1097.1485757931098,20.693987749611388,211962967.28762048,1213643682.2894797,241929726.49920073,638928617.0945578,1.8139472109371114e-09,3.168060271265223e-10,1.589261637654121e-09,6.017724406863296e-10,,
47,188.0,5.69339375,0.37955958333333334,5005501.302834997,-53873.4015672013,2614399.3586575487,-4549532.574133854,-21232205.36604769,45063037.5,Main Bearing_UW,1516.8969438064041,1470.0887442937797,8.316816386127638,10153982.487320945,13736275.17723394,14725664.972434657,16355903.861788135,3.738036615754273e-08,2.763191465197226e-08,2.577537816077172e-08,2.320627380429206e-08,,
47,188.0,5.69339375,0.37955958333333334,5005501.302834997,-53873.4015672013,2614399.3586575487,-4549532.574133854,-21232205.36604769,45063037.5,Main Bearing_DW,1246.7187831836347,1208.6741232184486,16.118495632114332,92156870.42457667,325965714.92412406,103896810.02924305,203758887.7754248,4.11862492275032e-09,1.16441566077489e-09,3.6532361602488233e-09,1.862787864015381e-09,,
48,192.0,5.7360945,0.38240630000000003,5038158.354627016,45097.74111492651,2836050.8447678117,-14831256.302505136,-23533190.559147816,45069330.0,Main Bearing_UW,1562.2839701928983,1513.7070385237996,7.460159747752874,7067618.88945126,8451068.069560219,10574689.79089597,10828460.746845186,5.4106808244960507e-08,4.5249463955613355e-08,3.616241304111102e-08,3.53149269263789e-08,,
48,192.0,5.7360945,0.38240630000000003,5038158.354627016,45097.74111492651,2836050.8447678117,-14831256.302505136,-23533190.559147816,45069330.0,Main Bearing_DW,1391.6546722438038,1349.1937542823669,12.384596862004724,38287082.936167926,88910254.13409905,40611622.572590545,60031575.234039724,9.987867204131124e-09,4.30103708199096e-09,9.416178812271647e-09,6.370086050701599e-09,,
49,196.0,5.89139525,0.3927596833333334,5011875.567989123,-64205.41188386368,3011027.8136705975,-15324792.995606882,-28486579.80367467,45026942.5,Main Bearing_UW,1627.170476674098,1576.3604393418689,6.726107732038552,5004093.650705616,5404183.826814314,7401749.095515255,7034399.305761899,7.848767644025832e-08,7.267696583238905e-08,5.30630906647873e-08,5.583414677805149e-08,,
49,196.0,5.89139525,0.3927596833333334,5011875.567989123,-64205.41188386368,3011027.8136705975,-15324792.995606882,-28486579.80367467,45026942.5,Main Bearing_DW,1475.1586432481329,1429.7892200449892,10.617092291808856,22915605.67253054,43363370.68383782,24220293.481613096,31396912.37292714,1.7139397882210176e-08,9.05740668078925e-09,1.621614055302418e-08,1.2509500254935938e-08,,
50,200.0,6.06738275,0.40449218333333337,5049448.462300917,-58492.277133491574,2905812.858763152,-11149968.398209058,-19922659.686987653,44027517.5,Main Bearing_UW,1495.8917587168191,1449.7313791467002,8.275738519790611,9987770.761307644,13904672.74035286,15171718.245155767,17498626.338586524,4.04987452155315e-08,2.9090377809429014e-08,2.6660934298755854e-08,2.3115653509406086e-08,,
50,200.0,6.06738275,0.40449218333333337,5049448.462300917,-58492.277133491574,2905812.858763152,-11149968.398209058,-19922659.686987653,44027517.5,Main Bearing_DW,1295.326427744276,1255.8032859633036,15.21621006674198,76056152.08080882,255872185.5584894,78253288.48049136,145995261.46271327,5.318336153840191e-09,1.5808368637273048e-09,5.169011950650148e-09,2.770584327742989e-09,,
51,204.0,6.09780825,0.40652055,5002039.958918885,-147111.81584918845,2628774.599656858,-12882513.950759599,-11677417.478853676,43655235.0,Main Bearing_UW,1381.9712106590923,1339.7079088987452,10.076738075230276,19253628.98254119,34638701.144491404,29630642.043750085,41083776.71776482,2.111397027379227e-08,1.1736021749321538e-08,1.3719599777816705e-08,9.894916740315615e-09,,
51,204.0,6.09780825,0.40652055,5002039.958918885,-147111.81584918845,2628774.599656858,-12882513.950759599,-11677417.478853676,43655235.0,Main Bearing_DW,1177.5152601392697,1141.5893383988205,19.96977801360456,188230569.3394325,1054808496.4334449,185883437.93827486,465640745.9005501,2.1596946310401335e-09,3.853974928857147e-10,2.186964877069848e-09,8.730347453030307e-10,,
52,208.0,6.0093397500000005,0.40062265,5041066.437308214,-97504.2964445861,2798134.263914095,-15707562.352983491,-10013465.641910361,44316150.0,Main Bearing_UW,1373.7037389593938,1331.6926977358291,10.132258163982065,19351994.23244465,34580371.78574748,29244534.87760652,40030932.994189814,2.0701879361266798e-08,1.1585261502744142e-08,1.3699060411686345e-08,1.0007826948678597e-08,,
52,208.0,6.0093397500000005,0.40062265,5041066.437308214,-97504.2964445861,2798134.263914095,-15707562.352983491,-10013465.641910361,44316150.0,Main Bearing_DW,1220.4211590308246,1183.1885409713766,18.44412608413118,144424089.98564354,683282127.591348,138328916.8989623,309811689.14377207,2.7739323130914232e-09,5.863209848796181e-10,2.89615981228727e-09,1.2931166383915422e-09,,
53,212.0,6.01016125,0.4006774166666667,5081058.061701565,-71769.91928492644,2812156.946580862,-23318316.533138283,1994786.2883502196,44330217.5,Main Bearing_UW,1340.1219352914695,1299.1509551115053,11.507418799406482,17675764.943487696,30453982.024023864,31938261.2034017,44730173.18356004,2.2668179733533327e-08,1.3156815300888702e-08,1.2545373529100923e-08,8.957654043108649e-09,,
53,212.0,6.01016125,0.4006774166666667,5081058.061701565,-71769.91928492644,2812156.946580862,-23318316.533138283,1994786.2883502196,44330217.5,Main Bearing_DW,1346.9754889757255,1305.8871842232595,14.193907858333988,60318792.248192035,179310109.5791037,57699779.98589525,97455299.73201565,6.642663119281477e-09,2.23455006305657e-09,6.9441758142684865e-09,4.111396894457836e-09,,
54,216.0,5.946293750000001,0.3964195833333334,5087256.023034254,-54907.489008129065,2844874.5800392427,-22085253.633094173,-11222989.3730663,44734409.99999999,Main Bearing_UW,1444.5812143476498,1400.005437181952,8.905406087425474,12257988.125391826,18208676.24154682,18675081.203931842,22483069.299502227,3.233969386152116e-08,2.177091723059038e-08,2.1227194623917962e-08,1.763191573412577e-08,,
54,216.0,5.946293750000001,0.3964195833333334,5087256.023034254,-54907.489008129065,2844874.5800392427,-22085253.633094173,-11222989.3730663,44734409.99999999,Main Bearing_DW,1357.1500357215946,1315.746618867716,13.721270629806954,53879943.5852254,150429726.19726077,53120839.354275905,86895575.33605495,7.357460994855921e-09,2.635247655862262e-09,7.462600142469774e-09,4.562022655356652e-09,,
55,220.0,5.9956665000000005,0.39971110000000004,5084989.240391539,92380.19205019757,3257865.0190712996,-17969260.86370803,-18606005.50922132,44592509.99999999,Main Bearing_UW,1502.0581778863275,1455.704305509943,8.052580616073994,9000884.045440165,11989804.008383362,13401146.476371447,14857941.292798754,4.440798236951993e-08,3.333758414403764e-08,2.982663466180004e-08,2.6902185984119434e-08,,
55,220.0,5.9956665000000005,0.39971110000000004,5084989.240391539,92380.19205019757,3257865.0190712996,-17969260.86370803,-18606005.50922132,44592509.99999999,Main Bearing_DW,1375.1132347180437,1333.159421408169,13.278100863276515,48294674.442331515,128727508.55789857,47342902.11747425,75164796.80259955,8.276504699856576e-09,3.105094664519352e-09,8.442893910647417e-09,5.317796588338228e-09,,
56,224.0,6.28415225,0.4189434833333333,5079921.251257542,-70107.04160163725,3400041.7823894373,-14951648.143066304,-17731465.85974745,42742475.0,Main Bearing_UW,1475.850142876637,1430.3093842858345,8.418849693749026,10078640.859558133,14349900.015563643,15398465.987818094,18112997.555162393,4.156745826854481e-08,2.9194871245022944e-08,2.7206832399069127e-08,2.3129439622429038e-08,,
56,224.0,6.28415225,0.4189434833333333,5079921.251257542,-70107.04160163725,3400041.7823894373,-14951648.143066304,-17731465.85974745,42742475.0,Main Bearing_DW,1322.1213510378327,1281.7831378628193,14.893107670658434,70804978.62344448,235831184.6943288,67929900.08532849,123912810.39023276,5.916864766831742e-09,1.7764549835779539e-09,6.16729132248226e-09,3.380953769137948e-09,,
57,228.0,6.645249250000001,0.44301661666666675,5072113.999008454,-85694.96643664713,2999764.8041773797,-8301820.426114049,-5757593.802730375,40854534.99999999,Main Bearing_UW,1258.661499039913,1220.3026831108314,12.79919665117432,36835360.663349435,92846592.05678461,60064382.971886426,107642051.37057018,1.2026938482170498e-08,4.7714903353234495e-09,7.3756957908653436e-09,4.115646357774537e-09,,
57,228.0,6.645249250000001,0.44301661666666675,5072113.999008454,-85694.96643664713,2999764.8041773797,-8301820.426114049,-5757593.802730375,40854534.99999999,Main Bearing_DW,985.6246321124813,955.8351907048968,34.94448241672947,1215368770.2043436,29820327336.78748,986648040.5343344,5170440898.221677,3.6451209503448164e-10,1.485619563002398e-11,4.490118040742718e-10,8.568256080811949e-11,,
58,232.0,6.7291947500000004,0.4486129833333334,5064628.27345226,-180348.26775158182,2455741.970484841,-19689784.452930503,12440017.248727879,40812962.5,Main Bearing_UW,1244.4279235964088,1206.4451903836828,15.012622417949983,28100308.894134134,63156916.95990836,55497458.729798265,97455476.64149919,1.5964699356987503e-08,7.103148869950544e-09,8.083486948789955e-09,4.603260881721467e-09,,
58,232.0,6.7291947500000004,0.4486129833333334,5064628.27345226,-180348.26775158182,2455741.970484841,-19689784.452930503,12440017.248727879,40812962.5,Main Bearing_DW,1352.702186487528,1311.4421826979956,13.990555946248476,57486068.32933773,181238543.3467239,55302883.209317185,98530567.03034563,7.803855723150681e-09,2.4752625741153783e-09,8.111927575916205e-09,4.553033610322863e-09,,
59,236.0,6.59665775,0.4397771833333334,5074379.487024282,-178269.14128558774,2121447.9116278854,-26681026.903767888,8497370.349850185,40794475.0,Main Bearing_UW,1338.5408707845959,1297.2366248281994,11.420821481029986,18697904.657636613,34854660.04598109,33047552.849197913,49181692.67186582,2.3520131874975585e-08,1.2617457256882408e-08,1.3307405402757592e-08,8.941887914827828e-09,,
59,236.0,6.59665775,0.4397771833333334,5074379.487024282,-178269.14128558774,2121447.9116278854,-26681026.903767888,8497370.349850185,40794475.0,Main Bearing_DW,1434.4711063191387,1390.7145638856,11.779979923372444,32403694.7742577,76636746.0266344,32194678.032260086,48136241.797573894,1.3571822176361915e-08,5.738463676165124e-09,1.3659934194485893e-08,9.136093033243374e-09,,
60,240.0,6.37387775,0.42492518333333335,5105886.162024563,-165678.46231888668,2263982.685484377,-28765777.708641473,12331107.054443708,41684597.49999999,Main Bearing_UW,1367.8927707747825,1325.675038021231,11.087506879503824,14721271.331274305,24415519.519367907,26708527.188649643,36689166.92178464,2.8864706978846977e-08,1.7403896853239444e-08,1.5909719780951243e-08,1.1581761565728788e-08,,
60,240.0,6.37387775,0.42492518333333335,5105886.162024563,-165678.46231888668,2263982.685484377,-28765777.708641473,12331107.054443708,41684597.49999999,Main Bearing_DW,1497.271730805031,1451.598414191661,10.523234710274494,22247278.34368362,43665868.13665816,22013027.63564857,29004071.055731144,1.910009740377869e-08,9.73128902426658e-09,1.930335028722703e-08,1.465053586845937e-08,,
61,244.0,6.2933900000000005,0.41955933333333334,5114543.939284654,-192889.75572030264,2400149.158783723,-27704822.325252827,10393810.728434958,42351577.5,Main Bearing_UW,1360.6064567742897,1318.617944926601,11.247938563851395,15297033.647983976,25568019.27568518,27862528.105407637,38475014.298433065,2.7427496270731408e-08,1.6409536022695676e-08,1.505819327471236e-08,1.0904721960049287e-08,,
61,244.0,6.2933900000000005,0.41955933333333334,5114543.939284654,-192889.75572030264,2400149.158783723,-27704822.325252827,10393810.728434958,42351577.5,Main Bearing_DW,1466.9082819696507,1422.1614808590823,11.138377039147896,26885559.65796359,56767801.42699226,26450863.736285176,36442487.38226802,1.560537845114407e-08,7.390797649137756e-09,1.586183867250368e-08,1.1512917022713444e-08,,
62,248.0,6.15836425,0.4105576166666667,5098431.577255768,-133708.7504706823,2150933.791103099,-16631491.121794257,7444696.976900602,43102305.0,Main Bearing_UW,1194.6121453558887,1158.1914543672463,16.185262551486755,45025098.145940155,118308630.05850737,84414935.2885698,160649712.42415348,9.118416917958147e-09,3.470225430415625e-09,4.863566088905813e-09,2.5556075418466785e-09,,
62,248.0,6.15836425,0.4105576166666667,5098431.577255768,-133708.7504706823,2150933.791103099,-16631491.121794257,7444696.976900602,43102305.0,Main Bearing_DW,1235.6860694612196,1198.0596254336965,17.873398992315348,130057838.77211769,591740680.6180265,123748708.34859845,271302668.0141861,3.1567310401492203e-09,6.93813405287383e-10,3.3176719348870404e-09,1.513282636222358e-09,,
63,252.0,5.93558525,0.39570568333333334,5094446.956707551,-252199.00782452818,2395153.298845331,-18470468.22160806,7267078.87155055,44718652.50000001,Main Bearing_UW,1237.4880445629428,1199.7339784273697,14.75734600091701,32915989.73170371,73107323.60144848,61898749.82130797,104547229.05384943,1.202168570833528e-08,5.41266816838434e-09,6.3927895874419736e-09,3.784946640044531e-09,,
63,252.0,5.93558525,0.39570568333333334,5094446.956707551,-252199.00782452818,2395153.298845331,-18470468.22160806,7267078.87155055,44718652.50000001,Main Bearing_DW,1274.5115317731402,1235.637250531559,16.484514859469396,99319212.23858066,377813290.3573623,94522432.76524144,185134500.6994988,3.984180647574861e-09,1.0473577648871145e-09,4.186367952633202e-09,2.1373956871259954e-09,,
64,256.0,5.87806975,0.39187131666666664,5088972.828840162,-156847.86005205387,2744328.8494818904,-19561734.845448818,5285518.129950754,45066232.5,Main Bearing_UW,1273.0131498280336,1234.1683513863863,13.732104916207852,25442476.309467643,50232407.573685326,48048728.5830817,74768577.63709086,1.54022474817376e-08,7.80116533518397e-09,8.15570626367515e-09,5.2411230633370895e-09,,
64,256.0,5.87806975,0.39187131666666664,5088972.828840162,-156847.86005205387,2744328.8494818904,-19561734.845448818,5285518.129950754,45066232.5,Main Bearing_DW,1284.2694645073127,1245.0958479673786,16.23785811851142,94451423.19415823,347098834.4020889,88817826.12226626,169489461.8040815,4.148919131277883e-09,1.1289905866198102e-09,4.412079576539265e-09,2.3120689185953266e-09,,
65,260.0,5.922142,0.39480946666666666,5084820.858178884,-119240.88541180953,2685712.034351266,-22972845.483973134,9821729.783935312,44967175.0,Main Bearing_UW,1302.7970626956028,1262.9851985476728,13.297843021239709,19993702.267173637,35884124.872125626,38443578.93854043,56260252.51647542,1.9746691302634766e-08,1.1002343461728117e-08,1.0269841611205001e-08,7.01755589438653e-09,,
65,260.0,5.922142,0.39480946666666666,5084820.858178884,-119240.88541180953,2685712.034351266,-22972845.483973134,9821729.783935312,44967175.0,Main Bearing_DW,1385.3367467350552,1343.0798025550373,13.137106744129786,46606353.785394974,121103833.38458915,44819705.33544166,69558513.16213611,8.47115113283949e-09,3.260090582045171e-09,8.808836731786072e-09,5.67593309170357e-09,,
66,264.0,5.93668875,0.39577925,5057898.129023255,-113764.75795693991,2873254.0941701694,-25183590.66790502,-4654358.348772806,44947677.50000001,Main Bearing_UW,1411.3068439359072,1367.7581974771301,9.613501885897213,12822252.48338546,19355688.71570423,21495010.58465342,26822868.944457002,3.0866593097650683e-08,2.044769658229132e-08,1.84126101469599e-08,1.4755291494714945e-08,,
66,264.0,5.93668875,0.39577925,5057898.129023255,-113764.75795693991,2873254.0941701694,-25183590.66790502,-4654358.348772806,44947677.50000001,Main Bearing_DW,1384.0107341028222,1341.7902570731958,13.119154196322427,46394391.934123345,120502868.549701,45012211.91324912,70024468.66341116,8.530756272481763e-09,3.284396917379292e-09,8.792708315751628e-09,5.652013611162189e-09,,
67,268.0,6.0865005,0.4057667,5053056.72304541,60082.563728453155,2991276.1189267416,-18440553.91480278,-8294749.25296767,43928397.5,Main Bearing_UW,1373.4391537883519,1331.3768292780733,10.223178183107413,16773440.868046852,28514134.654405043,27647543.32286441,37472497.16107194,2.4191023367959006e-08,1.4230370478288899e-08,1.4676410676402938e-08,1.0828386970205125e-08,,
67,268.0,6.0865005,0.4057667,5053056.72304541,60082.563728453155,2991276.1189267416,-18440553.91480278,-8294749.25296767,43928397.5,Main Bearing_DW,1266.4407720380511,1227.8055927465625,16.83399161533321,106513107.05242023,429409986.1859342,100532337.12706101,204084153.74509683,3.809547117992743e-09,9.44940064398743e-10,4.0361809104980696e-09,1.988232268668966e-09,,
68,272.0,6.366318,0.4244212,5063055.473716456,-76814.77216873557,3106223.796907467,-21114259.55421959,-9715654.14729369,42185722.49999999,Main Bearing_UW,1420.8294139251268,1376.9899754741273,9.3579703492755,12641441.656200167,19745511.908744577,20645065.138076738,26428975.60957134,3.357379732016853e-08,2.14945655479329e-08,2.0557997621292e-08,1.6058934945866552e-08,,
68,272.0,6.366318,0.4244212,5063055.473716456,-76814.77216873557,3106223.796907467,-21114259.55421959,-9715654.14729369,42185722.49999999,Main Bearing_DW,1331.6469588815933,1291.0221335079063,14.620095063429604,66570224.28375967,216965530.73164514,63731950.38829173,114853371.9683996,6.3755410856192786e-09,1.956168791276562e-09,6.659472955310197e-09,3.6953307745877408e-09,,
69,276.0,6.59323025,0.43954868333333336,5073696.640040418,-69969.57582456886,2549825.9639072837,-16102696.906645918,-5821716.260566808,40801817.5,Main Bearing_UW,1319.1967111717622,1278.9445679627486,11.270598227790058,26455832.163935453,57145572.89838027,41103920.745816,65344090.91700876,1.6614434224167986e-08,7.691736403010002e-09,1.0693595047817314e-08,6.726678375426307e-09,,
69,276.0,6.59323025,0.43954868333333336,5073696.640040418,-69969.57582456886,2549825.9639072837,-16102696.906645918,-5821716.260566808,40801817.5,Main Bearing_DW,1188.49156289405,1152.2363152438452,19.86084358549007,184829661.79519635,1098943071.5445635,175615481.63646933,455040280.6969607,2.3781284836217617e-09,3.9997402478323836e-10,2.5029039537824787e-09,9.659555471882628e-10,,
70,280.0,6.475001000000001,0.4316667333333334,5064334.198545802,-126131.12584547432,2161325.9324130034,-27824459.425281245,-3228475.0829799855,41128150.0,Main Bearing_UW,1421.2076913555925,1377.3494307465623,9.30562201388014,14449540.445966197,24007191.603206247,21762395.70296651,28534433.822956122,2.987408042128008e-08,1.7980725961952282e-08,1.983544179717729e-08,1.51279235470954e-08,,
70,280.0,6.475001000000001,0.4316667333333334,5064334.198545802,-126131.12584547432,2161325.9324130034,-27824459.425281245,-3228475.0829799855,41128150.0,Main Bearing_DW,1420.609962960086,1377.273363848487,11.956175048226006,34047632.178292386,81343194.04824825,34663057.56851289,52396675.39520009,1.2678318746892168e-08,5.306734489394316e-09,1.2453221487461896e-08,8.238437459581207e-09,,
71,284.0,6.333372,0.4222248,5091304.084782915,-156049.28628389124,2347374.4732696754,-38347050.67247996,-15134241.229429955,42027229.99999999,Main Bearing_UW,1653.0934715710023,1600.9578092606864,6.455635554272746,4364247.593025003,4668426.010196655,6401913.783443307,6067567.794730316,9.674629841689211e-08,9.044264578206607e-08,6.595290319153657e-08,6.958715819651861e-08,,
71,284.0,6.333372,0.4222248,5091304.084782915,-156049.28628389124,2347374.4732696754,-38347050.67247996,-15134241.229429955,42027229.99999999,Main Bearing_DW,1627.088951929781,1576.8730114607022,8.17085127634818,9572022.642882548,13428874.822287243,10087199.96334166,10768873.599686863,4.411030100455863e-08,3.144156197652943e-08,4.1857482902532495e-08,3.920788893021062e-08,,
72,288.0,6.2879385,0.4191959,5137914.947613927,58341.5921104163,2410438.2945302785,-38224495.917605706,-23411912.792296227,42365560.0,Main Bearing_UW,1729.4742387424685,1674.8086241947144,5.854119313598141,3150053.5042439555,3029405.8532533096,4504551.20113417,3920887.8632094073,1.3307580313643315e-07,1.3837561565077893e-07,9.306052507394156e-08,1.069135141388285e-07,,
72,288.0,6.2879385,0.4191959,5137914.947613927,58341.5921104163,2410438.2945302785,-38224495.917605706,-23411912.792296227,42365560.0,Main Bearing_DW,1670.5520000200918,1618.9873009387002,7.536366752186015,7311157.081578238,9275600.416991835,7853510.554539631,7849504.358922276,5.733646471038609e-08,4.519339785617341e-08,5.337688121622103e-08,5.3404123474817066e-08,,
73,292.0,6.293695250000001,0.4195796833333334,5100594.605628894,-133984.45800839324,2456155.809829372,-31004529.59172791,-23770103.96965167,42418854.99999999,Main Bearing_UW,1683.1488579410732,1630.121278448473,6.289584571344334,4001159.850011607,4149565.1690470856,5755534.905303344,5309045.847588551,1.0486451405637198e-07,1.0111413274410304e-07,7.290020653800892e-08,7.903109059114884e-08,,
73,292.0,6.293695250000001,0.4195796833333334,5100594.605628894,-133984.45800839324,2456155.809829372,-31004529.59172791,-23770103.96965167,42418854.99999999,Main Bearing_DW,1579.2961697533763,1530.5610769404902,8.683432227886806,11724223.67484933,17679520.63825425,12858428.191821925,14554826.27321628,3.578741714331252e-08,2.3732526006698587e-08,3.263071326246468e-08,2.8827529470787424e-08,,
74,296.0,6.333384000000001,0.42222560000000003,5028476.93464166,-132998.31972602403,2428878.9681411046,-17455036.5163749,-10957515.330354119,42099132.5,Main Bearing_UW,1407.9205800187133,1364.545587993581,9.629482056668294,16549661.903499113,28649078.642472617,25400421.438009992,34420604.24347421,2.5512642038368677e-08,1.473784219273444e-08,1.6622779312164022e-08,1.2266652758719355e-08,,
74,296.0,6.333384000000001,0.42222560000000003,5028476.93464166,-132998.31972602403,2428878.9681411046,-17455036.5163749,-10957515.330354119,42099132.5,Main Bearing_DW,1254.4405401388842,1216.1690819855462,16.619649701234277,102059221.42484576,415099554.3007021,104444415.78669682,219932116.8966291,4.137064677795117e-09,1.0171670762482577e-09,4.0425866411306915e-09,1.9197996452625946e-09,,
75,300.0,6.316376,0.42109173333333333,4948867.926062383,-170615.64636772455,2230262.8234338067,-8095272.491114708,-5300027.435469189,42145487.5,Main Bearing_UW,1256.4224570035944,1218.126951172236,13.21005064525509,47474562.7908452,130217058.41975209,72697754.35868777,134776414.69321266,8.86983910075176e-09,3.2337678215395753e-09,5.792362323266325e-09,3.124372571357172e-09,,
75,300.0,6.316376,0.42109173333333333,4948867.926062383,-170615.64636772455,2230262.8234338067,-8095272.491114708,-5300027.435469189,42145487.5,Main Bearing_DW,945.2747711455073,916.7027916806912,36.46073464494637,1400223670.4055002,36525661386.487976,1310666131.2766676,7457726142.045259,3.007317632413588e-10,1.1528654577329812e-11,3.2128070092355606e-10,5.646382359889796e-11,,
76,304.0,6.1530185,0.4102012333333333,4973994.341346567,-137809.0333231147,2317434.27324895,7918393.369433875,-18747225.66270304,43237897.5,Main Bearing_UW,1502.1580053629002,1455.8075366915455,8.786238828010445,12193340.792618202,18427367.28985709,16920465.63781381,20282079.013169263,3.364141463032571e-08,2.2260436169800495e-08,2.424290454611466e-08,2.0224811917308253e-08,,
76,304.0,6.1530185,0.4102012333333333,4973994.341346567,-137809.0333231147,2317434.27324895,7918393.369433875,-18747225.66270304,43237897.5,Main Bearing_DW,1200.3639906555443,1163.7331053390783,17.193179802995502,114279074.61399205,483189498.3855879,138266089.0176092,313174077.98729306,3.589469329524211e-09,8.489448440081586e-10,2.9667522691054864e-09,1.3098186030261965e-09,,
77,308.0,6.14477525,0.40965168333333335,4952514.567814079,-58918.07879026794,2477913.5719015757,13356473.292059548,-10728809.378725227,43392080.0,Main Bearing_UW,1364.5724201927985,1322.9336409558066,10.433602592270596,21621890.70014394,40994872.71592358,33315474.107817095,47966185.76404504,1.8946154571515165e-08,9.992754122498176e-09,1.229613848530564e-08,8.54042648603517e-09,,
77,308.0,6.14477525,0.40965168333333335,4952514.567814079,-58918.07879026794,2477913.5719015757,13356473.292059548,-10728809.378725227,43392080.0,Main Bearing_DW,1171.2040378984466,1135.4724508384675,20.20537145892377,195735152.4314812,1131122951.4959736,194605364.4029352,498092982.7037112,2.092887650708196e-09,3.621637088979107e-10,2.1050379807883376e-09,8.2244018197103e-10,,
78,312.0,6.16218825,0.41081255,4980131.742836015,-106556.9784098106,2320410.684555702,10146593.518587023,-18347186.6859773,43246007.5,Main Bearing_UW,1498.6965338347431,1452.4524680130835,8.749286213520545,12023238.005018283,18088983.486312237,16973540.49176995,20370820.10533595,3.4168212409047735e-08,2.271064873882261e-08,2.4203114853921775e-08,2.0166716306742672e-08,,
78,312.0,6.16218825,0.41081255,4980131.742836015,-106556.9784098106,2320410.684555702,10146593.518587023,-18347186.6859773,43246007.5,Main Bearing_DW,1221.5123019976322,1184.2373220466015,16.623661442099447,102141363.24143115,406531191.76879495,120752640.79189886,261605885.38679352,4.021999873146043e-09,1.0105314384674325e-09,3.4020999234955107e-09,1.5703490362711036e-09,,
79,316.0,5.95554525,0.39703635,5001818.722067203,-77711.39720915061,2232814.765068436,-6303620.361489093,-15696839.142935278,44468067.5,Main Bearing_UW,1466.1125399680784,1421.0019657668458,9.555495610951931,16129593.519525556,26653582.6173389,21634492.467177663,27264151.75535054,2.461539712822711e-08,1.4896171959326653e-08,1.835200666724009e-08,1.456257849364715e-08,,
79,316.0,5.95554525,0.39703635,5001818.722067203,-77711.39720915061,2232814.765068436,-6303620.361489093,-15696839.142935278,44468067.5,Main Bearing_DW,1104.2181632812783,1070.5199343127676,20.906068233220342,219290883.24958232,1320685269.3172178,278174384.30487466,789200787.0282332,1.810546540359909e-09,3.0062904404564467e-10,1.42729299461612e-09,5.030866118305027e-10,,
80,320.0,5.8220255000000005,0.3881350333333334,5041573.0442946525,-53791.775524928686,2637366.757984829,-17674251.882035676,-27063250.247326422,45064250.0,Main Bearing_UW,1637.1495688552625,1586.026021337836,6.788570501837661,5160682.497697331,5597051.610142343,7434025.422143163,7040290.032108509,7.521001989688712e-08,6.934633810236788e-08,5.221061420871998e-08,5.513054598080104e-08,,
80,320.0,5.8220255000000005,0.3881350333333334,5041573.0442946525,-53791.775524928686,2637366.757984829,-17674251.882035676,-27063250.247326422,45064250.0,Main Bearing_DW,1460.1739534258122,1415.3154739944528,10.60955238873737,22861404.286111485,42900541.9444449,25557322.71104556,33389929.899571214,1.6977742420185843e-08,9.047322381986648e-09,1.51868424451825e-08,1.1624314112091554e-08,,
81,324.0,5.9061847499999995,0.39374564999999995,5006140.656001109,50751.77150087514,2880000.5068202945,-11050502.94078805,-37233080.86645312,45014960.0,Main Bearing_UW,1737.2399523013096,1682.318307902646,5.86694676837001,3173120.20505682,2972506.5982222618,4459938.535994353,3773916.3467557575,1.240878455762596e-07,1.3246249822808924e-07,8.828499469717771e-08,1.0433343344732135e-07,,
81,324.0,5.9061847499999995,0.39374564999999995,5006140.656001109,50751.77150087514,2880000.5068202945,-11050502.94078805,-37233080.86645312,45014960.0,Main Bearing_DW,1566.1108015823515,1517.7832339923896,8.820382512202787,12352004.185746381,18331168.743510872,13736787.1773858,15325050.219791401,3.187706578454398e-08,2.147957151610334e-08,2.8663591050475335e-08,2.5692943537078957e-08,,
82,328.0,6.1104095,0.40736063333333333,4952403.3620354105,116734.10611898292,2927392.4548525414,-4989450.688680569,-35400608.685660005,43792860.0,Main Bearing_UW,1697.5882532279038,1644.2998366612997,6.179273745457466,3771992.456684382,3786505.852299386,5388674.100599948,4832904.6287592165,1.0799614209499434e-07,1.0758220090587218e-07,7.559570791040784e-08,8.428898656705289e-08,,
82,328.0,6.1104095,0.40736063333333333,4952403.3620354105,116734.10611898292,2927392.4548525414,-4989450.688680569,-35400608.685660005,43792860.0,Main Bearing_DW,1519.3642686989972,1472.484174555508,9.611878458726023,16449029.024908122,27810627.198990468,18138899.26119786,22144437.14791947,2.476502611287773e-08,1.4647660781563409e-08,2.245784749489986e-08,1.839561920730986e-08,,
83,332.0,6.413247,0.42754980000000004,4976384.975421654,-45191.9003516767,2930068.914077168,-5556949.216768863,-32625944.27688544,41916852.5,Main Bearing_UW,1662.42897037359,1610.511484747935,6.486989290276307,4435303.074408232,4798114.225510359,6408605.649611509,6118476.349625188,9.63969750944347e-08,8.910788278587157e-08,6.671494914434595e-08,6.987847554991225e-08,,
83,332.0,6.413247,0.42754980000000004,4976384.975421654,-45191.9003516767,2930068.914077168,-5556949.216768863,-32625944.27688544,41916852.5,Main Bearing_DW,1476.141603286556,1430.6518110556246,10.406132778724322,21432717.61074858,41569791.66379669,23524142.182705868,31619946.400848877,1.9948464201552413e-08,1.0285108076987429e-08,1.8174936908616367e-08,1.3521521971603402e-08,,
84,336.0,6.612647,0.4408431333333333,5014995.128077198,-101365.6430731485,2541316.9062891104,-10629035.255385123,-17351484.349659763,40810622.5,Main Bearing_UW,1472.3259103746263,1426.8973452946022,8.866039905762447,12566421.929145446,20008148.274061516,18668538.96220091,23799431.864861365,3.5081038645605303e-08,2.2033180047193103e-08,2.3614227884995695e-08,1.8523262901255027e-08,,
84,336.0,6.612647,0.4408431333333333,5014995.128077198,-101365.6430731485,2541316.9062891104,-10629035.255385123,-17351484.349659763,40810622.5,Main Bearing_DW,1225.8591155419278,1188.4533997709154,17.136463667084172,113027306.97397456,503964101.4155826,123230382.14657009,281796057.32768,3.900324135253802e-09,8.747510628139007e-10,3.577389971971319e-09,1.5644049015941665e-09,,
85,340.0,6.6414845,0.4427656333333333,5027863.331708133,-66720.12060064352,2248930.597460978,-14950803.981899157,-27937367.947959505,40806090.00000001,Main Bearing_UW,1670.555665557631,1618.381748160856,6.805859822246072,5204624.054373077,6038652.9010381065,6848329.000426073,6762207.976402317,8.507158801629653e-08,7.332192139363024e-08,6.46530903094443e-08,6.547648857864572e-08,,
85,340.0,6.6414845,0.4427656333333333,5027863.331708133,-66720.12060064352,2248930.597460978,-14950803.981899157,-27937367.947959505,40806090.00000001,Main Bearing_DW,1415.231799339708,1371.8197147586407,10.845384905779351,24599669.0623322,51717708.87779451,31131396.341268186,46087526.840547755,1.7998845115006452e-08,8.561199692344432e-09,1.4222479084447536e-08,9.607059950628303e-09,,
86,344.0,6.536293000000001,0.4357528666666667,5034427.614586629,-156342.76347497717,2189016.578388145,-8754584.05768976,-26502805.546544522,40854852.5,Main Bearing_UW,1644.9674287472837,1593.5963466939902,7.229186260821885,6364203.8243826255,7846949.248955092,8081223.825857183,8257344.129469011,6.846934490017499e-08,5.553150056688489e-08,5.392164306505221e-08,5.2771552188498627e-08,,
86,344.0,6.536293000000001,0.4357528666666667,5034427.614586629,-156342.76347497717,2189016.578388145,-8754584.05768976,-26502805.546544522,40854852.5,Main Bearing_DW,1329.4010479634046,1288.8309267724946,12.39500684153236,38394463.29909149,97558996.84107506,51724607.92914387,88224827.40560547,1.1349367310389717e-08,4.4665574757447954e-09,8.424478872098801e-09,4.939118380626955e-09,,
87,348.0,6.451258749999999,0.4300839166666666,5057128.6364089595,102032.32041799475,2121341.5282867793,-10046841.901711006,-26553495.83209859,41191925.0,Main Bearing_UW,1651.1193645696196,1599.5550216940387,7.197242787825491,6270948.137232495,7641769.893750595,7884869.084883635,7960377.6264433265,6.858355503103746e-08,5.628066830674754e-08,5.454547336634871e-08,5.402807967777615e-08,,
87,348.0,6.451258749999999,0.4300839166666666,5057128.6364089595,102032.32041799475,2121341.5282867793,-10046841.901711006,-26553495.83209859,41191925.0,Main Bearing_DW,1334.8118476326124,1294.0765174908024,12.16968533266637,36116905.124581404,88427063.2527207,49257137.29400886,82124748.7171231,1.1908105503036268e-08,4.863713673691791e-09,8.731403006625351e-09,5.236958692538363e-09,,
88,352.0,6.2173265,0.41448843333333335,5037533.943570742,-160226.91376517646,1885648.0387546888,4863182.2858333,-19164866.335991275,42686792.49999999,Main Bearing_UW,1551.6446794017081,1503.764551126281,8.75101632285214,12031164.867123978,18196147.091573454,14304504.034405181,16528544.38161461,3.445123044286034e-08,2.2778911999743114e-08,2.8976078606878374e-08,2.507712861843939e-08,,
88,352.0,6.2173265,0.41448843333333335,5037533.943570742,-160226.91376517646,1885648.0387546888,4863182.2858333,-19164866.335991275,42686792.49999999,Main Bearing_DW,1127.4455370592889,1093.0313971580651,17.77514715792984,127689949.34483807,579563170.8230016,191943438.95703506,487774049.5094575,3.246053706341213e-09,7.151738657664256e-10,2.15943006744874e-09,8.497549915789375e-10,,
89,356.0,5.9222445,0.39481629999999995,4994606.43806559,-105839.01661936025,2145396.361187994,7619597.966616426,4101148.7443021405,44659842.5,Main Bearing_UW,1084.3344760557327,1051.6608775081468,20.619404621679113,111193963.64285861,448819380.91805696,202312945.28536034,503429522.1258867,3.550699040355298e-09,8.79677475585849e-10,1.9515127884827914e-09,7.842533714208221e-10,,
89,356.0,5.9222445,0.39481629999999995,4994606.43806559,-105839.01661936025,2145396.361187994,7619597.966616426,4101148.7443021405,44659842.5,Main Bearing_DW,968.220294896185,938.9783950884166,36.27750492215861,1376905276.1361287,32435387619.973145,1139211335.7019188,5763797404.023635,2.867418019545494e-10,1.2172393455747665e-11,3.4656984847919906e-10,6.849933686502993e-11,,
90,360.0,5.86166375,0.39077758333333334,4995509.585366443,-188153.51416327973,2381911.2174635488,5536753.17998816,4895452.267160743,45067665.0,Main Bearing_UW,1067.6460058580374,1035.7821613382657,22.644887189811143,114430777.42147464,465253669.2008471,218868534.54712117,554812401.9163955,3.4149692254034983e-09,8.39923700128063e-10,1.7854443268509257e-09,7.043418315515943e-10,,
90,360.0,5.86166375,0.39077758333333334,4995509.585366443,-188153.51416327973,2381911.2174635488,5536753.17998816,4895452.267160743,45067665.0,Main Bearing_DW,932.5771102419784,904.4138853501646,41.08604233132634,2084940805.9365997,71386190205.41333,1629663121.6433148,9633003215.489801,1.874286225396158e-10,5.474134173694845e-12,2.39790407074612e-10,4.0566537204614e-11,,
91,364.0,5.85387,0.390258,4996729.226404288,-172458.621913321,2423159.1964687486,4364374.635717723,5609976.3126679715,45062965.00000001,Main Bearing_UW,1055.0189854101623,1023.5473125865711,23.369023301100885,120769843.98562706,505257525.35228175,235701714.61155793,612097912.3076212,3.2314192609741636e-09,7.723942354503273e-10,1.655728303220681e-09,6.375744666873959e-10,,
91,364.0,5.85387,0.390258,4996729.226404288,-172458.621913321,2423159.1964687486,4364374.635717723,5609976.3126679715,45062965.00000001,Main Bearing_DW,927.072753050786,899.0771043695954,41.942451391191604,2233359988.6738048,81671173253.93465,1725806513.7995224,10469479505.35432,1.7474030249451175e-10,4.778405702420819e-12,2.2613079559006355e-10,3.727577859056064e-11,,
92,368.0,5.81805825,0.38787055,4999694.609003462,-68929.8273719711,2442163.864127945,-3870853.4373227074,-6898781.915885017,45057505.0,Main Bearing_UW,1274.9687418326228,1236.0840460933564,12.922710072031279,44118902.56944928,110371520.41560803,66351543.5453272,113875429.2394147,8.791482276546608e-09,3.5142267546868893e-09,5.8456899308609335e-09,3.406095174267407e-09,,
92,368.0,5.81805825,0.38787055,4999694.609003462,-68929.8273719711,2442163.864127945,-3870853.4373227074,-6898781.915885017,45057505.0,Main Bearing_DW,858.8571626459009,832.8845319137887,47.46987485191806,3374216832.6230483,168710841631.1524,3060085007.711694,24318153132.92205,1.1495128180558486e-10,2.2990256361116974e-12,1.2675156050323138e-10,1.5949835823465504e-11,,
93,372.0,5.7535825,0.38357216666666666,4994427.4182157,-195567.29996614903,2628356.3664104748,-6106787.1128696045,-6718468.925496942,45065712.5,Main Bearing_UW,1263.4204658946062,1224.886702814562,12.739823608276751,42071766.57052131,102182271.0560713,65008634.66839662,109884232.16663149,9.117092005721163e-09,3.753803499397523e-09,5.900326450835875e-09,3.4906934243760034e-09,,
93,372.0,5.7535825,0.38357216666666666,4994427.4182157,-195567.29996614903,2628356.3664104748,-6106787.1128696045,-6718468.925496942,45065712.5,Main Bearing_DW,928.3185341380168,900.2543951894942,40.00716765985596,1907972243.8422158,58365442032.3176,1618587987.4480312,9354344301.395174,2.010365548579684e-10,6.571905451418983e-12,2.369794967225915e-10,4.10047090750613e-11,,
94,376.0,5.846646,0.38977639999999997,5028271.714977933,-83287.43692122612,2976675.2611362925,-13907069.356304564,-5017672.7283831015,45071407.5,Main Bearing_UW,1294.112106157524,1254.6335890664507,12.071849393803795,26735048.295787647,53722520.34834754,45577589.16455709,69708693.55308796,1.457922932053999e-08,7.255363253112699e-09,8.551931050866228e-09,5.591503442869123e-09,,
94,376.0,5.846646,0.38977639999999997,5028271.714977933,-83287.43692122612,2976675.2611362925,-13907069.356304564,-5017672.7283831015,45071407.5,Main Bearing_DW,1135.875795871643,1101.3831648409046,23.069366773555323,304484328.2495936,2221211205.7614636,271051576.3378493,756926248.2283884,1.2801197429133045e-09,1.7547921556895754e-10,1.4380156177884291e-09,5.149463384474839e-10,,
95,380.0,6.097231750000001,0.4064821166666667,5020749.480275621,-140732.2387604508,3021985.8881775592,-11462376.43964049,-15065884.38304804,43937767.5,Main Bearing_UW,1419.7376845665174,1375.9354361021058,9.323254983683578,14859512.845268637,24106678.227440737,22566629.006116312,28984682.186937924,2.735500960895183e-08,1.686180538154636e-08,1.8012531537452778e-08,1.4024032212775122e-08,,
95,380.0,6.097231750000001,0.4064821166666667,5020749.480275621,-140732.2387604508,3021985.8881775592,-11462376.43964049,-15065884.38304804,43937767.5,Main Bearing_DW,1219.477485533397,1182.26996784195,18.420609274464017,143811185.83230546,687222437.4726022,138694742.76051635,313828000.0705229,2.8264986086732858e-09,5.91485514008515e-10,2.9307680203029595e-09,1.295238527395015e-09,,
96,384.0,6.2525735,0.4168382333333333,4992015.536202217,-109103.67359716809,2727845.7623238675,-7160337.864221314,-19440550.057820264,42725847.49999999,Main Bearing_UW,1483.2703005326848,1437.5022916503485,8.612419941336162,11407663.2178678,16963141.233248487,17110013.713382866,20698909.400103584,3.6540194549260577e-08,2.4573174720511815e-08,2.4362238412894826e-08,2.0138173720942386e-08,,
96,384.0,6.2525735,0.4168382333333333,4992015.536202217,-109103.67359716809,2727845.7623238675,-7160337.864221314,-19440550.057820264,42725847.49999999,Main Bearing_DW,1237.4656974335662,1199.7051788114145,16.896643406171624,107840235.40467468,447413749.30283517,114865052.31520152,247442947.8767695,3.865331263133204e-09,9.31661653185346e-10,3.6289386974681065e-09,1.6845832015423827e-09,,
97,388.0,6.31526075,0.42101738333333333,5010613.545875951,-83475.07837396415,2564208.4384547477,-18648720.364501826,-14661365.118534153,42226365.00000001,Main Bearing_UW,1464.765969990905,1419.5677457466209,8.711341007281106,11850301.877738226,17976639.446405437,18068339.13457805,22266676.204811506,3.55279880358364e-08,2.3420249629444444e-08,2.3301388146274983e-08,1.8907958217956102e-08,,
97,388.0,6.31526075,0.42101738333333333,5010613.545875951,-83475.07837396415,2564208.4384547477,-18648720.364501826,-14661365.118534153,42226365.00000001,Main Bearing_DW,1319.3780829985274,1279.1242139329206,14.447624823915778,63988345.77166056,203193538.50011545,66269941.06436621,120184816.52691187,6.57959474113793e-09,2.072001828606839e-09,6.353067115668784e-09,3.5030829642200172e-09,,
98,392.0,6.28535725,0.41902381666666666,5027816.286133636,-186589.50384705627,2571836.856553042,-15841364.17905115,-16064221.257984947,42418784.99999999,Main Bearing_UW,1473.6750618067572,1428.2026003997428,8.672743979016595,11676189.070830481,17566726.644915093,17700743.658753976,21655186.316713855,3.588703592625733e-08,2.385326675462092e-08,2.3672667360471983e-08,1.9349813506026345e-08,,
98,392.0,6.28535725,0.41902381666666666,5027816.286133636,-186589.50384705627,2571836.856553042,-15841364.17905115,-16064221.257984947,42418784.99999999,Main Bearing_DW,1286.9217667113535,1247.6559322540802,15.284805633215885,77205060.32013406,268934036.45486367,81494415.33277148,157359964.6068153,5.427413888793903e-09,1.5580914271406967e-09,5.14174885426982e-09,2.6628362411853172e-09,,
99,396.0,6.3027045,0.4201803,5073117.687270732,-72914.17527354848,2668793.8403743417,-19180932.633755304,-12972848.991895942,42351127.5,Main Bearing_UW,1444.2560222293732,1399.6931810756573,8.947434480600883,12955110.490031945,20311266.944967985,19691434.56198631,24797463.137896392,3.243355587922615e-08,2.0687055176737636e-08,2.133822696753363e-08,1.6944487331765202e-08,,
99,396.0,6.3027045,0.4201803,5073117.687270732,-72914.17527354848,2668793.8403743417,-19180932.633755304,-12972848.991895942,42351127.5,Main Bearing_DW,1314.5149698167754,1274.4104378089364,14.7708718674279,68886343.73113164,226744601.06541845,69510005.82414319,127873110.17601039,6.09961680706983e-09,1.8530994697367595e-09,6.044889437400351e-09,3.285916010188887e-09,,
100,400.0,6.470856499999999,0.43139043333333327,5104687.052944806,-175016.89053221434,2788658.2335767485,-21898370.199925695,-14459976.945932243,41430000.0,Main Bearing_UW,1488.232891396613,1442.3066985633511,8.27939092251301,10002471.623656726,14429894.4514212,15067780.576153252,17895388.8715408,4.312838362001017e-08,2.989560559750634e-08,2.8629991733226156e-08,2.4106234093598123e-08,,
100,400.0,6.470856499999999,0.43139043333333327,5104687.052944806,-175016.89053221434,2788658.2335767485,-21898370.199925695,-14459976.945932243,41430000.0,Main Bearing_DW,1378.170685970181,1336.1244627643932,12.996016318457468,44958677.23934918,122205671.66509408,45504869.36554479,74559009.13395335,9.59526524850174e-09,3.530036105980116e-09,9.48009387452438e-09,5.785892789405148e-09,,
101,404.0,6.5682315000000004,0.43788210000000005,5058242.855698489,-219216.1787426762,2247478.166046168,-17989808.95733525,11765362.50986872,40811950.0,Main Bearing_UW,1210.9721560718192,1174.0199888469158,16.13996719423226,36273787.01293357,90072086.46742144,71127101.39524093,133141623.18902531,1.2071584911822728e-08,4.861462825759893e-09,6.1563326975292496e-09,3.288844536455179e-09,,
101,404.0,6.5682315000000004,0.43788210000000005,5058242.855698489,-219216.1787426762,2247478.166046168,-17989808.95733525,11765362.50986872,40811950.0,Main Bearing_DW,1313.465993091537,1273.4042300483343,15.117842734483787,74429558.43475905,263080365.1219233,71654363.44012822,136605656.76972786,5.883174765625191e-09,1.6644423455816088e-09,6.111031889437946e-09,3.205446321583337e-09,,
102,408.0,6.354256250000001,0.42361708333333337,5087112.598652157,-190833.01807340037,1980874.6342385726,-23279125.98188656,10141495.5142586,41743210.0,Main Bearing_UW,1280.559794345285,1241.4625538045302,13.078108364382878,26201928.054986462,55047342.21899087,47556887.82455316,77184222.31489901,1.616740120972568e-08,7.695504746588638e-09,8.907586318434908e-09,5.488389603836972e-09,,
102,408.0,6.354256250000001,0.42361708333333337,5087112.598652157,-190833.01807340037,1980874.6342385726,-23279125.98188656,10141495.5142586,41743210.0,Main Bearing_DW,1386.3387283570148,1344.051693146344,12.923759149328514,44130842.408328354,117402099.1140172,43739885.37613609,70130263.7024516,9.599116178516197e-09,3.6082581702557965e-09,9.684915259619162e-09,6.040431918674286e-09,,
103,412.0,6.16830075,0.41122005,5022361.741272813,-274140.82659526163,2327879.815866548,-16297267.317390554,14741014.864301207,43187947.49999999,Main Bearing_UW,1191.5525794355392,1155.1912981634928,16.818744246631617,37771028.765271336,91576872.00525191,76854907.0028013,141762708.90368903,1.0887181616247035e-08,4.490435641615021e-09,5.350602401809052e-09,2.900763206206615e-09,,
103,412.0,6.16830075,0.41122005,5022361.741272813,-274140.82659526163,2327879.815866548,-16297267.317390554,14741014.864301207,43187947.49999999,Main Bearing_DW,1327.6993372894763,1287.2037410117034,14.718489822622178,68075400.44904251,219152591.9536647,65323231.187183976,116452068.59673843,6.040655615501177e-09,1.8764097030937424e-09,6.295157825577356e-09,3.5312386886317395e-09,,
104,416.0,6.2149575,0.4143305,5024093.731061307,-144910.19623574807,2475294.9955338663,-16565508.886845833,17701232.13020803,42971205.0,Main Bearing_UW,1205.7877993279044,1168.9810317826873,16.31327710113049,31821102.315550797,71769097.84513666,66037421.24722084,116559979.18455848,1.3020620589800214e-08,5.773104475885182e-09,6.274177461425887e-09,3.5546548901141985e-09,,
104,416.0,6.2149575,0.4143305,5024093.731061307,-144910.19623574807,2475294.9955338663,-16565508.886845833,17701232.13020803,42971205.0,Main Bearing_DW,1376.9276057387913,1334.9296381137035,13.347668269351944,49143269.52875599,135482933.52577364,47247148.17236442,76587707.79731137,8.431073145378658e-09,3.0581748506440456e-09,8.769428759773236e-09,5.409882498331477e-09,,
105,420.0,6.38440075,0.4256267166666667,5061166.046760571,-250119.19771427388,2497259.6119729658,-17806316.09733314,11638313.08214229,41905990.00000001,Main Bearing_UW,1221.2516108254435,1183.9872326939324,15.757739240112722,32480264.699753143,75254829.6139305,64636008.79410795,115369324.54928748,1.3104164039337448e-08,5.6558059974383165e-09,6.584978321023214e-09,3.689253779802036e-09,,
105,420.0,6.38440075,0.4256267166666667,5061166.046760571,-250119.19771427388,2497259.6119729658,-17806316.09733314,11638313.08214229,41905990.00000001,Main Bearing_DW,1311.0668450027888,1271.0780047979931,15.274976594066482,77039692.95607427,271294400.24890566,73312865.56907016,138410597.85760316,5.524771716176833e-09,1.5688739475498391e-09,5.805621064773024e-09,3.0751020749476966e-09,,
106,424.0,6.461685,0.430779,5113729.600493063,-143942.0022101919,2314469.651969831,-26898635.83197026,10332380.91165174,41276197.49999999,Main Bearing_UW,1344.4016654904542,1302.9144557105285,11.607226956351374,16943860.295247532,29964776.242913056,30908964.792463925,44592627.198604465,2.5423899423959856e-08,1.4376179435075315e-08,1.3937024513516884e-08,9.66031891508472e-09,,
106,424.0,6.461685,0.430779,5113729.600493063,-143942.0022101919,2314469.651969831,-26898635.83197026,10332380.91165174,41276197.49999999,Main Bearing_DW,1452.3054378542365,1408.0048616930003,11.42970268758975,29301901.91638245,65353326.942874394,28875852.801654715,41371707.9362083,1.470140065410413e-08,6.591538949142492e-09,1.491831264548192e-08,1.0412405517901874e-08,,
107,428.0,6.454408750000001,0.4302939166666667,5138014.5703122765,-174630.37750946448,2189915.108971927,-27057228.72158356,-2604764.1368546514,41284472.49999999,Main Bearing_UW,1410.371044510536,1366.8490386220667,9.48828828661653,15186429.212394878,25685829.447632607,23117231.986758478,30770207.334505025,2.833410742239979e-08,1.6752190835181525e-08,1.8613557060513928e-08,1.3984108458838518e-08,,
107,428.0,6.454408750000001,0.4302939166666667,5138014.5703122765,-174630.37750946448,2189915.108971927,-27057228.72158356,-2604764.1368546514,41284472.49999999,Main Bearing_DW,1406.0316676082168,1363.139840808823,12.313821236096091,37562588.57315156,93675169.73068288,38082340.32052356,59082005.443346806,1.1455385078924671e-08,4.593468236073298e-09,1.1299040790168302e-08,7.2829944318540716e-09,,
108,432.0,6.39188575,0.42612571666666665,5039871.476547091,-218340.22794391427,2169636.7585914885,-18453885.025285687,8460505.614763092,41683060.0,Main Bearing_UW,1220.8429777409194,1183.5929736412154,15.301264182453266,37249850.45209041,91929683.04277857,69902174.24472769,128147839.32767595,1.1439662481725562e-08,4.635344130016997e-09,6.096029505102366e-09,3.3252664961213805e-09,,
108,432.0,6.39188575,0.42612571666666665,5039871.476547091,-218340.22794391427,2169636.7585914885,-18453885.025285687,8460505.614763092,41683060.0,Main Bearing_DW,1283.2495298524918,1244.1093066656827,16.08277609302451,91477878.46373259,353176341.3394497,88093440.62567207,176592369.39032534,4.658237858408674e-09,1.2065522708869756e-09,4.837201426578016e-09,2.413047166974657e-09,,
109,436.0,6.35175975,0.42345065000000004,5056936.798836818,-121589.0724755838,2104533.420943271,-24706853.469543,-9253820.644511033,41938837.5,Main Bearing_UW,1457.6958158652467,1412.7138156831438,8.858568932986513,12531159.611490265,19482263.16640296,19076801.670895033,23929305.130231727,3.379181680933368e-08,2.1735187867200053e-08,2.219715114227179e-08,1.7695902480052475e-08,,
109,436.0,6.35175975,0.42345065000000004,5056936.798836818,-121589.0724755838,2104533.420943271,-24706853.469543,-9253820.644511033,41938837.5,Main Bearing_DW,1372.9223550674853,1331.0381753043264,12.815642223524701,42912183.556819744,112630132.53516205,45646815.181504846,74028824.62611842,9.86784206493039e-09,3.7596568561952354e-09,9.27667457885591e-09,5.720077985009648e-09,,
110,440.0,6.3662,0.42441333333333336,5043833.193517877,-183277.15272219616,2269351.448299366,-19248160.28797399,-11187204.397590114,41953982.5,Main Bearing_UW,1434.673060317605,1390.4073176021013,9.282208447453009,14642562.566555977,24216817.279189836,22312565.072083008,29262617.91140278,2.8984908304418332e-08,1.7525562027428072e-08,1.9021270390124263e-08,1.450360096346513e-08,,
110,440.0,6.3662,0.42441333333333336,5043833.193517877,-183277.15272219616,2269351.448299366,-19248160.28797399,-11187204.397590114,41953982.5,Main Bearing_DW,1284.5521478316346,1245.361372207636,15.335963358175485,78069771.06517777,276229711.1605018,82802063.25855733,161986773.10349882,5.4363337760912e-09,1.5364507009411827e-09,5.125637171721945e-09,2.6200493114469373e-09,,
111,444.0,6.451287000000001,0.4300858,5007092.37621537,-54522.656246341285,2209172.206847779,-13990590.982552063,-15951182.012530133,41368067.5,Main Bearing_UW,1484.4347237600182,1438.6319870592654,8.930412450747047,12873137.928489635,20401400.165591832,18325746.057169728,22976740.62668148,3.340955425080734e-08,2.1081190335424388e-08,2.3468938108074138e-08,1.8718312008996078e-08,,
111,444.0,6.451287000000001,0.4300858,5007092.37621537,-54522.656246341285,2209172.206847779,-13990590.982552063,-15951182.012530133,41368067.5,Main Bearing_DW,1231.5980285580126,1194.0177516082645,16.314827641026067,95952066.35110457,382957135.4457127,112644108.42120597,245582916.85360882,4.482298467927147e-09,1.1230651166727463e-09,3.818094048840939e-09,1.7512854945703441e-09,,
112,448.0,6.40678675,0.4271191166666667,4952679.997623461,-135350.34158643745,1912170.431885802,-4868925.119415265,-14096361.806097252,41501800.0,Main Bearing_UW,1464.6072739103386,1419.8220699884337,10.124661674701521,19560551.602746535,36498163.13186427,23656425.862175703,31801299.99762672,2.183573987794363e-08,1.1702482536546493e-08,1.805509924259472e-08,1.3430869703393945e-08,,
112,448.0,6.40678675,0.4271191166666667,4952679.997623461,-135350.34158643745,1912170.431885802,-4868925.119415265,-14096361.806097252,41501800.0,Main Bearing_DW,1009.8809241859981,979.1453411031116,23.9314135716522,344091442.66253656,2986177221.024707,505688297.4452732,1899256796.317506,1.2412953759084282e-09,1.4303207246356957e-10,8.446292287649598e-10,2.248875020454388e-10,,
113,452.0,6.181223,0.41208153333333336,4946381.673095042,-226935.20661366094,2028077.026085869,2927798.0887763216,3401605.7172225756,42980735.0,Main Bearing_UW,1041.1161257879178,1010.0461070561735,22.030987271545154,180524035.53834337,998460017.8499483,306733271.79518616,916281937.5013201,2.282696218841214e-09,4.127171103162413e-10,1.3434523451648604e-09,4.4973224557614906e-10,,
113,452.0,6.181223,0.41208153333333336,4946381.673095042,-226935.20661366094,2028077.026085869,2927798.0887763216,3401605.7172225756,42980735.0,Main Bearing_DW,805.5918654307542,781.2723552536711,62.70707184280863,8534297345.482331,426714867274.1166,6077363993.107202,75065056105.86417,4.8285349883136026e-11,9.657069976627204e-13,6.780596551411207e-11,5.4896586336014354e-12,,
114,456.0,6.21888825,0.41459255,4947118.121629378,-182378.41674607506,2193343.848410387,3665909.309110702,3725382.5016707047,42967235.0,Main Bearing_UW,1051.1473030418276,1019.7779478170895,22.270474796553305,150933239.78240952,754536651.6703502,269897100.4748375,771022659.1571391,2.7468604702164392e-09,5.494664163526035e-10,1.5361133901423758e-09,5.377177247335652e-10,,
114,456.0,6.21888825,0.41459255,4947118.121629378,-182378.41674607506,2193343.848410387,3665909.309110702,3725382.5016707047,42967235.0,Main Bearing_DW,841.5697768884013,816.1596877672989,55.49056112128128,5677752011.756788,283887600587.8394,4124636659.4438486,41309365125.7232,7.302054565636415e-11,1.4604109131272832e-12,1.0051613856719738e-10,1.003628471989841e-11,,
115,460.0,6.267371750000001,0.4178247833333334,4884467.861566496,-194260.65874851777,2083547.4971651807,16909550.598573588,9357757.479400646,42568122.5,Main Bearing_UW,1171.9424910253676,1136.2761823984522,17.60500319917661,48738892.259354055,134635795.17015138,95080338.26250772,189884164.11622933,8.572718089487225e-09,3.1033707106292986e-09,4.394439386403518e-09,2.2004193202629587e-09,,
115,460.0,6.267371750000001,0.4178247833333334,4884467.861566496,-194260.65874851777,2083547.4971651807,16909550.598573588,9357757.479400646,42568122.5,Main Bearing_DW,1263.8048401950107,1225.2590586645529,16.803890714423833,105879575.90573668,435700618.38961196,101450830.64188635,210450681.27271196,3.946226453582679e-09,9.589722063687923e-10,4.1184954395121985e-09,1.985380996661618e-09,,
116,464.0,6.152859250000001,0.41019061666666673,4945311.424227031,-45264.124172883894,1927909.1604829708,18148788.874125347,-8768555.66067779,43133432.5,Main Bearing_UW,1388.91608038234,1346.350167202952,10.240530847051811,20316751.350763466,37570180.91816246,30656326.032954928,43191419.22454995,2.0189773925212336e-08,1.0917983534872181e-08,1.3380292740419063e-08,9.497039551631934e-09,,
116,464.0,6.152859250000001,0.41019061666666673,4945311.424227031,-45264.124172883894,1927909.1604829708,18148788.874125347,-8768555.66067779,43133432.5,Main Bearing_DW,1231.7162467632563,1194.1390850033426,16.902421916415285,107963219.31354466,442374970.1890554,117979033.89041072,253770607.17725012,3.79935518109551e-09,9.272464409353129e-10,3.4768094223223406e-09,1.6163834780919391e-09,,
117,468.0,6.056949,0.4037966,4856338.641812587,-59378.868169534515,2114861.463020346,28425067.994295094,-10813499.306121154,44029552.50000001,Main Bearing_UW,1495.1912148339618,1448.8723153276494,8.262966416081698,9936482.159988645,13794316.796152487,15027603.321937563,17262736.76258685,4.0637782416192795e-08,2.927267844918764e-08,2.6870325982755382e-08,2.3391227332802726e-08,,
117,468.0,6.056949,0.4037966,4856338.641812587,-59378.868169534515,2114861.463020346,28425067.994295094,-10813499.306121154,44029552.50000001,Main Bearing_DW,1451.0760599831683,1406.8077067410425,11.097261182859839,26556166.964332428,54425388.68287749,28051253.365852296,38452801.72444532,1.5205379622079457e-08,7.419269017127599e-09,1.4394957499173808e-08,1.0501096978410739e-08,,
118,472.0,6.06211,0.40414066666666665,4891316.335987703,-127380.58206548521,2196424.8333071247,24327776.941319387,-3441598.799936009,44014502.5,Main Bearing_UW,1364.8032026030507,1322.6935053498275,10.353076009005305,19118325.177658334,34175014.5476347,30201619.562919546,41887450.441492945,2.113891582610726e-08,1.1825617984839682e-08,1.3381423662552717e-08,9.648251741441208e-09,,
118,472.0,6.06211,0.40414066666666665,4891316.335987703,-127380.58206548521,2196424.8333071247,24327776.941319387,-3441598.799936009,44014502.5,Main Bearing_DW,1356.5168927525888,1315.1360567780234,13.641811081458307,52846894.0926909,148216546.9625047,52858347.031895034,87310501.94754449,7.647387298822584e-09,2.7266906087678907e-09,7.645730321888534e-09,4.6287749772584225e-09,,
119,476.0,6.1289187499999995,0.4085945833333333,4908971.982595308,-103083.2549025342,2155245.399371937,20280972.16188412,4414038.885165849,43489457.50000001,Main Bearing_UW,1250.7423435781332,1212.5727023634397,13.752964312371242,32829936.99852966,74393340.66424929,59010632.79684167,100162960.277401,1.2445792489691127e-08,5.4923542844701e-09,6.92408408396532e-09,4.079298197674389e-09,,
119,476.0,6.1289187499999995,0.4085945833333333,4908971.982595308,-103083.2549025342,2155245.399371937,20280972.16188412,4414038.885165849,43489457.50000001,Main Bearing_DW,1288.343173220356,1249.0458629091818,15.882507357158037,87735680.51952091,320478144.96760494,85042369.50383438,164176147.78220972,4.65710849809186e-09,1.2749530342377498e-09,4.804600174209758e-09,2.4887572820587825e-09,,
120,480.0,6.117918,0.40786120000000003,4943747.442357891,-256208.07483112664,2066675.548842306,7244053.888104419,16628034.048403464,43586777.50000001,Main Bearing_UW,1013.5921336752376,983.0067967098506,26.12811515492934,105584009.17490108,425406238.29874766,212295414.3780739,543120856.8688977,3.862906923001696e-09,9.587569792842897e-10,1.921196466701093e-09,7.509584558238618e-10,,
120,480.0,6.117918,0.40786120000000003,4943747.442357891,-256208.07483112664,2066675.548842306,7244053.888104419,16628034.048403464,43586777.50000001,Main Bearing_DW,1248.095966208016,1210.1884127733476,17.47524410692068,120648946.79485135,523289774.1765407,114072010.06437446,242353091.2603517,3.3805616280556323e-09,7.794174855448277e-10,3.575471316494125e-09,1.682921384988024e-09,,
121,484.0,6.05735975,0.4038239833333333,4979988.260454359,-183121.55300726378,2074544.1635531047,-9107945.370813154,16084985.367886951,43874120.0,Main Bearing_UW,1063.022840053826,1030.938478051985,22.842301955046494,82022645.54968065,286574712.3382168,171201496.1850282,405103808.9545745,4.923323072879177e-09,1.40914032518242e-09,2.3587643351953852e-09,9.968407465124952e-10,,
121,484.0,6.05735975,0.4038239833333333,4979988.260454359,-183121.55300726378,2074544.1635531047,-9107945.370813154,16084985.367886951,43874120.0,Main Bearing_DW,1254.659845308953,1216.503683689777,17.21076646877827,114669188.10078251,479532841.27434516,108769808.75087953,225997556.012841,3.521643346584204e-09,8.421195558998261e-10,3.7126477279943542e-09,1.786851107851752e-09,,
122,488.0,5.91597725,0.3943984833333333,4934199.3003414,-210013.2658464305,1988036.914799791,4518335.382182397,18324859.98159586,44787840.00000001,Main Bearing_UW,975.1363851785735,945.6892999960511,29.303278944790048,127420194.8471659,554070333.1133666,235101036.58351293,607619789.639325,3.095258830881513e-09,7.118202505396308e-10,1.677570159046213e-09,6.49087620347986e-10,,
122,488.0,5.91597725,0.3943984833333333,4934199.3003414,-210013.2658464305,1988036.914799791,4518335.382182397,18324859.98159586,44787840.00000001,Main Bearing_DW,1265.5675432401197,1227.0705803865883,16.784293365332548,105468532.75405796,413291201.75276613,100482087.48236632,200369678.05470574,3.73948961870012e-09,9.542871507080022e-10,3.92506259787394e-09,1.9683541300378445e-09,,
123,492.0,5.76712825,0.3844752166666667,4968892.769122132,-224950.40365472835,2284651.2577402648,-8332512.897124758,25117445.08386077,45060745.0,Main Bearing_UW,1147.3307496990435,1112.1087198218177,18.83349685683605,40628569.41578136,97274499.72810495,85178537.15960392,154984035.20006123,9.463173874818368e-09,3.9524769363124516e-09,4.51375698019154e-09,2.4807407819158057e-09,,
123,492.0,5.76712825,0.3844752166666667,4968892.769122132,-224950.40365472835,2284651.2577402648,-8332512.897124758,25117445.08386077,45060745.0,Main Bearing_DW,1422.666877010115,1379.2738823238215,12.162791247967423,36048749.847760394,81780352.39484224,34992636.10924001,49787836.70120744,1.0665424412507137e-08,4.701315235356151e-09,1.0987317887866805e-08,7.722271987313369e-09,,
124,496.0,5.89103475,0.39273565,5025728.016775066,-165559.93401317572,2565223.298706303,-11604699.315172631,16825118.32201733,45020325.0,Main Bearing_UW,1132.7185184615994,1098.426756293236,19.24181929895867,47532704.87328913,124196963.33817229,100320921.6294481,195120017.09365243,8.262430068874467e-09,3.1622001009044928e-09,3.9147930822509185e-09,2.0127901578211595e-09,,
124,496.0,5.89103475,0.39273565,5025728.016775066,-165559.93401317572,2565223.298706303,-11604699.315172631,16825118.32201733,45020325.0,Main Bearing_DW,1301.4431320345038,1261.7499139485928,15.672439220423742,83926931.70513079,290401660.6643331,78958011.75208738,145345349.59977287,4.679494913263825e-09,1.3523877552957654e-09,4.973980996800079e-09,2.702086107890264e-09,,
125,500.0,6.055243,0.40368286666666664,5060660.1363449935,-185638.37013858117,2582560.5015978445,-14797353.208538452,14454181.750328835,44146507.5,Main Bearing_UW,1177.8819508745064,1141.98246590352,17.31070800398818,38629593.825538054,93444520.44350106,80303535.57719822,148342215.08901814,1.0450093482468656e-08,4.320027164254576e-09,5.026962558561249e-09,2.721294585121451e-09,,
125,500.0,6.055243,0.40368286666666664,5060660.1363449935,-185638.37013858117,2582560.5015978445,-14797353.208538452,14454181.750328835,44146507.5,Main Bearing_DW,1303.7802921109267,1264.0146795105645,15.583073911822126,82342326.54773015,288196967.02434003,77647129.12115803,144582268.32322317,4.902495272982963e-09,1.4007186502853553e-09,5.198941303248612e-09,2.7920634483628866e-09,,
126,504.0,6.18610575,0.41240705,5103763.929299417,-85958.33619810418,2457352.6583724422,-28371799.23561385,8898362.510550696,43198282.5,Main Bearing_UW,1370.4959344432039,1328.2032563192522,10.979941448260616,14503955.866735762,23504614.52120349,26265799.601228774,35350865.21869762,2.8434108169471126e-08,1.7545790833028465e-08,1.570129431661036e-08,1.1666109088098684e-08,,
126,504.0,6.18610575,0.41240705,5103763.929299417,-85958.33619810418,2457352.6583724422,-28371799.23561385,8898362.510550696,43198282.5,Main Bearing_DW,1469.111221455362,1424.2972409469282,11.103089855787928,26602689.5794479,55302351.30021626,26143400.3078626,35571929.53160691,1.5502456951518467e-08,7.45731492972501e-09,1.577480531007931e-08,1.1593609214635428e-08,,
127,508.0,6.18092075,0.41206138333333336,5071361.042150827,-77456.19950819878,2317832.938103874,-18460136.190442447,-6296814.349874896,43039322.49999999,Main Bearing_UW,1349.417544417771,1308.2367795912971,10.640195878544557,23082248.31131661,45142036.89507171,35049030.41841762,51325805.01379302,1.7851873776581405e-08,9.12810789400421e-09,1.17567127653495e-08,8.028347207074456e-09,,
127,508.0,6.18092075,0.41206138333333336,5071361.042150827,-77456.19950819878,2317832.938103874,-18460136.190442447,-6296814.349874896,43039322.49999999,Main Bearing_DW,1239.9475099238339,1202.1213118654728,17.380671117191184,118486218.10382919,513079021.082128,117725306.46494098,254172439.33719885,3.477715720255709e-09,8.031148544414471e-10,3.500193762129188e-09,1.6211882940882923e-09,,
128,512.0,6.17857875,0.41190525,5015983.81478486,-138062.84849449023,2506866.1728702113,-17113905.537751053,6952653.067403111,43251987.5,Main Bearing_UW,1218.4913280662797,1181.3200296060381,15.785349788787492,36003741.957751565,85502872.44078282,69156394.32233077,123735870.40144087,1.1440623324190815e-08,4.817443417298938e-09,5.95614120771179e-09,3.3289073626236313e-09,,
128,512.0,6.17857875,0.41190525,5015983.81478486,-138062.84849449023,2506866.1728702113,-17113905.537751053,6952653.067403111,43251987.5,Main Bearing_DW,1245.0119289880324,1207.038251663801,17.673006505859764,125260504.39805579,559448210.0227047,117350181.88004267,253297907.78299505,3.2883888818700407e-09,7.362705655690331e-10,3.510052080030489e-09,1.6261691760710743e-09,,
129,516.0,6.292924,0.4195282666666667,5057617.961700621,-94698.88352422518,2495724.5032675834,-19544563.787288263,4670858.980541941,42448225.0,Main Bearing_UW,1262.882110298837,1224.3491651953857,13.680124716952813,28693501.807151146,62327831.653720394,52893001.33042055,88147557.56691727,1.462102010017159e-08,6.730994092614559e-09,7.931640408262895e-09,4.759386172988192e-09,,
129,516.0,6.292924,0.4195282666666667,5057617.961700621,-94698.88352422518,2495724.5032675834,-19544563.787288263,4670858.980541941,42448225.0,Main Bearing_DW,1277.6127804279968,1238.6427259485943,16.390625029551696,97446089.37457234,384485620.9555574,92624444.75046366,186944685.1519891,4.30523450822172e-09,1.091141628714276e-09,4.52934716960413e-09,2.2441304834399723e-09,,
130,520.0,6.389645,0.42597633333333335,5050992.002248307,-129168.50687261503,2374274.640774405,-24799272.251155414,-9619607.224501157,41838142.5,Main Bearing_UW,1455.6685575016947,1410.7484982224696,8.780252288945077,12165669.527514106,18763539.705138937,18418716.30433009,22936191.615636274,3.501462310561185e-08,2.2702344015434754e-08,2.3127362748574928e-08,1.8572234679227774e-08,,
130,520.0,6.389645,0.42597633333333335,5050992.002248307,-129168.50687261503,2374274.640774405,-24799272.251155414,-9619607.224501157,41838142.5,Main Bearing_DW,1385.4716878335207,1343.2045114711848,12.71667781195532,41817518.63247321,108878347.66523983,43000263.51229646,68758754.11685398,1.0186552126087733e-08,3.912406299947269e-09,9.90636564846911e-09,6.195230539072828e-09,,
131,524.0,6.3754480000000004,0.4250298666666667,5017273.635377465,-56981.18274339346,2241629.6122012893,-10327547.098710086,-12581059.954604544,41719812.5,Main Bearing_UW,1413.1289977231181,1369.9749178104994,10.122893945869835,19549169.919305634,36359692.976209074,28116172.44848474,39458815.52723327,2.174158127537332e-08,1.1689588989235218e-08,1.5116917761314013e-08,1.0771480618147903e-08,,
131,524.0,6.3754480000000004,0.4250298666666667,5017273.635377465,-56981.18274339346,2241629.6122012893,-10327547.098710086,-12581059.954604544,41719812.5,Main Bearing_DW,1114.6482075977601,1080.6371983351648,21.535518023272818,242082711.3021122,1654141766.5246384,275943330.9785621,821788392.7600269,1.7557216885936218e-09,2.5694887540362214e-10,1.5402795391336602e-09,5.172011072572803e-10,,
132,528.0,6.370265,0.42468433333333333,4927641.554717044,-147876.1522599438,2279053.44021991,9534543.595356086,-7724563.340494477,41911827.5,Main Bearing_UW,1297.001368377526,1257.435617593755,12.100978641723133,35441683.78610841,85300364.18441929,54456070.6182748,92689849.0807623,1.1982622944674851e-08,4.9786930852389595e-09,7.79865914877109e-09,4.5817782372619725e-09,,
132,528.0,6.370265,0.42468433333333333,4927641.554717044,-147876.1522599438,2279053.44021991,9534543.595356086,-7724563.340494477,41911827.5,Main Bearing_DW,1029.7456516792483,998.623799998326,28.606401262990627,623720644.6951234,8311391696.845194,608068188.5184441,2484123986.471625,6.808886910275679e-10,5.109665731366426e-11,6.984156404696572e-10,1.7095939479918721e-10,,
133,532.0,6.30473175,0.42031545000000003,4911675.114065824,-155623.3535955601,2093438.6372558414,15404829.130810685,-5477255.726984547,42157012.5,Main Bearing_UW,1294.916973933695,1255.4076484192137,11.908931456069759,33601243.54500382,78395290.51267838,51632339.48715483,85819216.65876718,1.2508925434174799e-08,5.3614885186505565e-09,8.14054629665903e-09,4.8976845322563445e-09,,
133,532.0,6.30473175,0.42031545000000003,4911675.114065824,-155623.3535955601,2093438.6372558414,15404829.130810685,-5477255.726984547,42157012.5,Main Bearing_DW,1159.1962063833867,1123.9471092443544,20.786933045089523,215153008.07699406,1349818153.4858189,212977104.92075038,573387569.8478798,1.953565296421917e-09,3.1138672191847644e-10,1.9735241032429336e-09,7.330389985808553e-10,,
134,536.0,6.19373475,0.41291565,4884124.191010435,-95891.08113701986,2123147.319599837,18109195.789165888,-3489474.661864908,42997604.99999999,Main Bearing_UW,1292.4506609411303,1253.0109685911023,11.905650851533848,32191757.017948426,72816150.70728254,49574733.696127065,80462644.80855112,1.2826750952729298e-08,5.670660231133354e-09,8.329155180762138e-09,5.131768300463791e-09,,
134,536.0,6.19373475,0.41291565,4884124.191010435,-95891.08113701986,2123147.319599837,18109195.789165888,-3489474.661864908,42997604.99999999,Main Bearing_DW,1219.9978636694348,1182.783405085653,18.243714237937887,139259094.98246756,662075739.5261693,136535022.615758,310492723.6338518,2.965089282333662e-09,6.236682985779137e-10,3.0242471278746024e-09,1.3298722274951934e-09,,
135,540.0,6.185544,0.4123696,4908032.363571803,-227566.0053706125,2471505.2561509614,10605472.42299834,10452403.041030621,43177150.0,Main Bearing_UW,1093.6617868825472,1060.6753278349145,21.102950984455344,71164000.24754852,234815998.2756404,148126945.44333676,338695886.02474236,5.79463771802521e-09,1.7561392879029353e-09,2.783893225947499e-09,1.2175217267619117e-09,,
135,540.0,6.185544,0.4123696,4908032.363571803,-227566.0053706125,2471505.2561509614,10605472.42299834,10452403.041030621,43177150.0,Main Bearing_DW,1166.8713327191447,1131.6378297207455,21.335953858033992,234685492.2515717,1527906272.3871195,211941983.39641958,563061683.6851853,1.7571158576686084e-09,2.698919478586443e-10,1.9456720815370378e-09,7.323702037422971e-10,,
136,544.0,6.3782274999999995,0.42521516666666664,4894024.329365134,-165069.84583124676,2384572.3110438758,8191712.083365683,6307525.042157193,41975112.5,Main Bearing_UW,1080.0767719455694,1047.7423238506112,21.86633779715187,94391089.26334037,370014138.55386794,187220113.7359236,475363072.4998232,4.504823177539194e-09,1.1491862671208775e-09,2.2712045099301572e-09,8.945060970566341e-10,,
136,544.0,6.3782274999999995,0.42521516666666664,4894024.329365134,-165069.84583124676,2384572.3110438758,8191712.083365683,6307525.042157193,41975112.5,Main Bearing_DW,1032.7620389235856,1001.5721304583238,30.318583960361902,757081110.1717093,11776885444.780998,640092120.0079398,2683145943.451643,5.616507411870651e-10,3.610591006088995e-11,6.643030797838789e-10,1.584763466573357e-10,,
137,548.0,6.521763,0.4347842,4881590.061384246,-231461.9054787081,2255372.5751998276,14270894.979353638,11277938.24585426,40988915.0,Main Bearing_UW,1133.9610883491112,1099.7173371579056,19.160930904890755,56533709.9540723,172767277.5617933,115698870.5155878,252341849.89458403,7.69070701981555e-09,2.51658882478189e-09,3.7578949393583116e-09,1.7229968004975448e-09,,
137,548.0,6.521763,0.4347842,4881590.061384246,-231461.9054787081,2255372.5751998276,14270894.979353638,11277938.24585426,40988915.0,Main Bearing_DW,1242.9880753504876,1205.1586151168945,17.69708994078746,125830394.64305519,589545851.4847732,118421841.18058729,265511685.6636886,3.455319370437948e-09,7.374900508671116e-10,3.6714865743134006e-09,1.637533199012269e-09,,
138,552.0,6.488697999999999,0.43257986666666665,4951896.707967975,-163860.76275808818,1967777.7486056772,3457329.0799151,-7565546.710384446,41049810.0,Main Bearing_UW,1337.7014479793568,1296.9038025605087,12.762595575192318,42322962.1914627,112003760.67464885,52242391.21156177,89228863.56153558,1.0220926047419378e-08,3.8621905555763865e-09,8.28024630256458e-09,4.847981352674556e-09,,
138,552.0,6.488697999999999,0.43257986666666665,4951896.707967975,-163860.76275808818,1967777.7486056772,3457329.0799151,-7565546.710384446,41049810.0,Main Bearing_DW,800.4459369224271,776.2517153766039,45.084199816358954,2841366472.3070045,142068323615.35022,3845239672.4936237,37801670854.39032,1.5224360211283833e-10,3.0448720422567664e-12,1.1249750431970869e-10,1.1443405989458437e-11,,
139,556.0,6.2911072500000005,0.41940715,4952054.632167095,-74858.2461874076,1829806.453909125,4102638.8306066375,-6959971.724340763,42129505.0,Main Bearing_UW,1334.1060686852284,1293.4195485398814,12.999094196692033,44994179.29091236,119963039.94893044,54296209.83230071,92200609.96398677,9.321364598925115e-09,3.496136394830826e-09,7.724427750949488e-09,4.548854396557885e-09,,
139,556.0,6.2911072500000005,0.41940715,4952054.632167095,-74858.2461874076,1829806.453909125,4102638.8306066375,-6959971.724340763,42129505.0,Main Bearing_DW,788.7666850454601,764.9395154226954,46.23393364780486,3041501177.5960393,152075058879.80197,4016435591.704542,38987600460.95826,1.3789478468375726e-10,2.7578956936751453e-12,1.0442272518106211e-10,1.0757449677365745e-11,,
140,560.0,6.04814575,0.40320971666666666,4926078.431926739,-214687.3939956835,1950262.444046914,-4312794.12002564,-4296092.628838573,43923645.00000001,Main Bearing_UW,1272.0364244058844,1233.585567401699,14.390562462253438,63149792.52237191,192928585.67600676,79999536.7142001,149657207.25840116,6.3849729438750355e-09,2.089942842082479e-09,5.040150646211131e-09,2.694221842389967e-09,,
140,560.0,6.04814575,0.40320971666666666,4926078.431926739,-214687.3939956835,1950262.444046914,-4312794.12002564,-4296092.628838573,43923645.00000001,Main Bearing_DW,722.0539651708913,700.2640934587034,61.71094677006256,8090711770.202498,404535588510.12494,10203099771.727814,162904322407.2602,4.983612420252797e-11,9.967224840505593e-13,3.951835478311571e-11,2.4751320941542845e-12,,
141,564.0,5.7567675000000005,0.38378450000000003,4961011.098820102,-76248.96542611091,1911657.315685277,5604074.12094845,-11420235.119416332,44999200.0,Main Bearing_UW,1416.43930879989,1373.2302002661534,10.995775052284781,25755235.21245023,50440954.29444431,31558966.05770587,43427872.364064,1.4901222871165098e-08,7.608589198366357e-09,1.216087052086074e-08,8.837285344827915e-09,,
141,564.0,5.7567675000000005,0.38378450000000003,4961011.098820102,-76248.96542611091,1911657.315685277,5604074.12094845,-11420235.119416332,44999200.0,Main Bearing_DW,952.1077168929962,923.3098583943541,28.253074341919234,598409398.4910802,6890001546.517935,860245353.2253742,3698050355.3740625,6.413410300167949e-10,5.570165658293021e-11,4.4613376702478155e-10,1.037802255564959e-10,,
142,568.0,5.5994845,0.3732989666666667,5010294.643489709,-141488.9767650283,2484598.9794524857,-14988767.06972521,-9677150.446008196,45068835.0,Main Bearing_UW,1367.518093213135,1325.7874792583032,10.339901277488794,20981377.89626499,37107542.64640061,32272544.866075143,43753172.010313116,1.7791918553314828e-08,1.0059921515791245e-08,1.156707561228238e-08,8.531929218267326e-09,,
142,568.0,5.5994845,0.3732989666666667,5010294.643489709,-141488.9767650283,2484598.9794524857,-14988767.06972521,-9677150.446008196,45068835.0,Main Bearing_DW,1192.2824092652088,1155.9082415646808,19.28595323933364,167590628.58239445,812591117.7297059,166382038.22584108,378438657.796225,2.227445351952586e-09,4.5939336342935266e-10,2.2436253975922805e-09,9.86418694222497e-10,,
143,572.0,5.77253075,0.3848353833333333,5032943.429406864,-60539.160377401655,2721289.1699884958,-19950547.87336161,-18356782.219286308,45086562.5,Main Bearing_UW,1520.987255739205,1473.9692675895278,7.9084383408995755,8585161.610225119,11019837.72001511,12979733.832487296,14027488.889996635,4.4825642289014774e-08,3.492205539781811e-08,2.9648942597737967e-08,2.7434374487922023e-08,,
143,572.0,5.77253075,0.3848353833333333,5032943.429406864,-60539.160377401655,2721289.1699884958,-19950547.87336161,-18356782.219286308,45086562.5,Main Bearing_DW,1386.521407396657,1344.219172228452,12.631305375802992,40889030.6072691,98246607.9581196,42534815.19721542,63977468.100548685,9.411702298095535e-09,3.9170348099690144e-09,9.047538623337592e-09,6.015170571122255e-09,,
144,576.0,5.97050275,0.39803351666666664,4992873.317237036,73680.62584307024,2543632.368798658,-11612364.81937403,-24748397.622740626,44689357.5,Main Bearing_UW,1584.561102742575,1535.2479973475774,7.45321049597502,7045697.415622228,8591412.055559877,10087365.295467371,10418946.351405835,5.6493132359632426e-08,4.632923134085762e-08,3.945862026484933e-08,3.820285691488945e-08,,
144,576.0,5.97050275,0.39803351666666664,4992873.317237036,73680.62584307024,2543632.368798658,-11612364.81937403,-24748397.622740626,44689357.5,Main Bearing_DW,1361.6020641296022,1320.05544342209,12.63818662222706,40963329.17479652,100814689.7897201,46940630.95722662,73992383.46041237,9.716825382238815e-09,3.9481698301793856e-09,8.479509298231716e-09,5.37938498601851e-09,,
145,580.0,6.01061075,0.40070738333333333,4957856.05123287,-117449.71528524574,2615166.54049506,-12757446.909828458,-17390465.301795464,44404500.0,Main Bearing_UW,1471.0791059698124,1425.6873800711658,8.740469576077492,11982899.490675466,17755689.08416639,18122262.633181367,21812650.61843384,3.343993527152132e-08,2.2567830594120033e-08,2.2111332974484604e-08,1.837041221366724e-08,,
145,580.0,6.01061075,0.40070738333333333,4957856.05123287,-117449.71528524574,2615166.54049506,-12757446.909828458,-17390465.301795464,44404500.0,Main Bearing_DW,1262.2213942231767,1223.7078945130877,16.086557428355395,91549591.50331843,336816070.62535685,96780779.76125327,192155046.48046267,4.376943433098866e-09,1.1896919959589556e-09,4.140361178343789e-09,2.0853336442250305e-09,,
146,584.0,6.218874250000001,0.4145916166666667,4999572.56938372,-18972.42374227608,2745136.1659887563,-13802495.40344191,-17414574.1112905,43119822.49999999,Main Bearing_UW,1470.1407817633628,1424.7774558311844,8.648478787078409,11567649.29923224,17239559.040757436,17632198.503498044,21423090.79170101,3.5840610822648614e-08,2.4048852739591376e-08,2.3513325158199418e-08,1.9352558447228042e-08,,
146,584.0,6.218874250000001,0.4145916166666667,4999572.56938372,-18972.42374227608,2745136.1659887563,-13802495.40344191,-17414574.1112905,43119822.49999999,Main Bearing_DW,1284.2154942200382,1245.032387800609,15.577318930552426,82241004.13273667,293669375.8856262,84642080.0887923,164425794.38081408,5.041178923320506e-09,1.4117631959967642e-09,4.898173771624547e-09,2.521451200694598e-09,,
147,588.0,6.552607999999999,0.4368405333333333,5041889.750946177,-127067.12868499878,2737214.8982241754,-20086989.31248265,-14092453.551222917,41200137.5,Main Bearing_UW,1465.465878665669,1420.2444934657806,8.616020372557477,11423567.591223449,17444798.889394637,17292092.38295101,21442844.86840002,3.8240289633244796e-08,2.504130521097067e-08,2.5262445033200983e-08,2.037232167719957e-08,,
147,588.0,6.552607999999999,0.4368405333333333,5041889.750946177,-127067.12868499878,2737214.8982241754,-20086989.31248265,-14092453.551222917,41200137.5,Main Bearing_DW,1343.6700045281898,1302.676172941085,13.930625744763372,56669334.740359105,173984528.5977004,57245467.85169767,101393988.75621232,7.70858763976669e-09,2.5108010284260824e-09,7.631006431199573e-09,4.30834745424263e-09,,
148,592.0,6.684035249999999,0.4456023499999999,5070024.389846503,-61012.85467358668,2115610.287952747,-21387871.11447873,-20566417.89854867,40801802.50000001,Main Bearing_UW,1600.7638973764788,1550.7820532986009,7.425840766521641,6959822.113030013,8955939.02143242,9607457.8913645,10345997.222407056,6.402496252968217e-08,4.975495578226145e-08,4.638087983716504e-08,4.307002412826165e-08,,
148,592.0,6.684035249999999,0.4456023499999999,5070024.389846503,-61012.85467358668,2115610.287952747,-21387871.11447873,-20566417.89854867,40801802.50000001,Main Bearing_DW,1395.7328032699768,1353.1464592354746,11.522995021481904,30106754.825819083,69479667.83543192,36385461.72103778,56635075.57579825,1.480074330754035e-08,6.413420845008129e-09,1.2246714179865862e-08,7.867957188538092e-09,,
149,596.0,6.4270368292682925,0.43918085000000007,5015771.577243315,-174384.60186197824,1821839.1120764227,-15403107.85199022,3549811.2379146162,41332502.43902439,Main Bearing_UW,1186.774564469159,1150.7951720018866,15.151472030361534,58762910.971224144,181127462.57974195,98630824.6243731,203140862.54784,7.473776277268912e-09,2.4247060260486412e-09,4.452774796039494e-09,2.161952275340823e-09,,
149,596.0,6.4270368292682925,0.43918085000000007,5015771.577243315,-174384.60186197824,1821839.1120764227,-15403107.85199022,3549811.2379146162,41332502.43902439,Main Bearing_DW,1166.714241886179,1131.4031534030576,20.760824204502903,214253537.77477297,1364682820.3476622,205366216.4720463,553362612.3356764,2.049818428023693e-09,3.2181899226086523e-10,2.138525301505858e-09,7.936583357995059e-10,,
