idx,dmg_UW,dmg_DW
0,3.2670914170595125e-11,6.5183239156737194e-12
1,3.663243291492023e-11,1.5820061285093045e-11
2,4.215589715837346e-11,1.9238770804810408e-11
3,4.560507463491783e-11,1.6795437299097312e-11
4,4.573317214320973e-11,1.5219338204974266e-11
5,4.5729809021595624e-11,2.0650031239212736e-11
6,5.2549077467653997e-11,2.9529064347598945e-11
7,6.009822872138884e-11,2.954149444428104e-11
8,4.5098005898170626e-11,2.1141754337626277e-11
9,2.3288944742320608e-11,1.724305330839811e-11
10,1.5177844217758665e-11,2.0359647867303452e-11
11,1.3011345591242203e-11,1.534436991420977e-11
12,1.6169923430152215e-11,7.023392845606965e-12
13,2.4341244921246543e-11,6.363623886423137e-12
14,3.219658526202459e-11,6.892175851275673e-12
15,5.354619086541667e-11,6.86250141606307e-12
16,1.893786225747175e-10,1.4878303493086215e-11
17,5.219624489084732e-10,4.8505281032716944e-11
18,7.14566982213385e-10,1.0292366832024913e-10
19,7.055729140709797e-10,1.4643521671660106e-10
20,9.080454636414505e-10,2.1554672519507978e-10
21,1.3293374005539969e-09,3.082298638336137e-10
22,1.4049216511154165e-09,3.2250800644219644e-10
23,9.495562367505347e-10,2.316487640862064e-10
24,6.022724435753396e-10,1.5179182004244413e-10
25,4.868535968412312e-10,1.0361325333254129e-10
26,4.6329061204909387e-10,8.485157236902644e-11
27,3.9349754908600857e-10,8.222394415879136e-11
28,3.025703258200854e-10,8.150106097932633e-11
29,3.2199135868796256e-10,8.682878251333112e-11
30,4.516425981837687e-10,9.656580379783359e-11
31,5.594676766460249e-10,8.716159516656485e-11
32,4.874821596093323e-10,7.001471996756546e-11
33,3.8483997231405793e-10,6.049554957110746e-11
34,4.046009920826353e-10,5.709683301132776e-11
35,3.8819337957596467e-10,4.1858788441834695e-11
36,2.5861357663370854e-10,2.0310624327723317e-11
37,1.3672214370021914e-10,7.747793756078589e-12
38,1.0911353894905442e-10,4.661462314856278e-12
39,1.6409691686268063e-10,6.3544318109549525e-12
40,2.0772083778069742e-10,6.185121691578566e-12
41,1.391969613298945e-10,1.6440572867877844e-12
42,9.124801953680866e-11,2.0188246698232895e-13
43,1.1994880436292758e-10,2.2580324445500907e-13
44,2.3741264557328813e-10,1.9054495796158345e-12
45,3.412685558776413e-10,5.95287549173158e-12
46,2.8786685155931945e-10,5.5800594244659956e-12
47,2.662709218101996e-10,6.526674788565196e-12
48,3.189326490458907e-10,8.636794376036109e-12
49,3.661688852068821e-10,1.0363063571992117e-11
50,3.259703392241315e-10,8.681159529339311e-12
51,2.4115519182787606e-10,6.397529029020315e-12
52,2.700315294731062e-10,1.4302387014586861e-11
53,3.597124501074969e-10,2.9241044691109475e-11
54,3.1184785876418647e-10,2.4694699222285547e-11
55,2.1426890839589075e-10,1.4805832129459892e-11
56,1.7851306602488096e-10,1.2899846635324881e-11
57,1.8857387508356294e-10,1.895669808523685e-11
58,2.071755195121319e-10,3.305960134681501e-11
59,1.9597294403037479e-10,4.543323141688856e-11
60,1.7225578765286412e-10,4.0104810335186167e-11
61,1.812618564841621e-10,3.450146034641856e-11
62,2.5007124714648417e-10,4.727133584244513e-11
63,4.108048458990783e-10,9.017678412360651e-11
64,5.603936088709322e-10,1.3832740274772688e-10
65,5.66004672106606e-10,1.3230752446037094e-10
66,4.127795460502311e-10,7.297341098434034e-11
67,3.2049831838191363e-10,3.6032763113380764e-11
68,3.7938969929620736e-10,3.024509842117491e-11
69,5.317203662665026e-10,4.029687921449194e-11
70,5.265031944965853e-10,3.8392609433628824e-11
71,3.611016257774574e-10,2.1072680466773073e-11
72,2.9722376210368396e-10,1.162952052094708e-11
73,3.7675709487215565e-10,1.1784068279612794e-11
74,4.926087371286739e-10,1.5828211365279908e-11
75,4.829447425908923e-10,1.7096844672575094e-11
76,4.390759763720154e-10,1.8214803717063067e-11
77,5.156217267315024e-10,2.700614793353841e-11
78,7.057012006097359e-10,5.04645451933574e-11
79,8.551626836677897e-10,7.882596184294242e-11
80,8.815216895102936e-10,8.383667930563624e-11
81,9.504680365144163e-10,8.570070600350645e-11
82,1.1515728514522356e-09,1.0534999502702936e-10
83,1.3420427461288513e-09,1.2999292312742952e-10
84,1.2984697464504231e-09,1.2768058681859862e-10
85,1.2920990717999375e-09,1.4263408273440266e-10
86,1.373078779289598e-09,1.7014701650679114e-10
87,1.3528898749251036e-09,1.7865613059978616e-10
88,1.0585225730675716e-09,1.4589310670570813e-10
89,8.078531351943971e-10,1.2129438224003216e-10
90,8.042034745969058e-10,1.312380253916162e-10
91,9.942892989582225e-10,1.811920803342285e-10
92,1.1626045481562273e-09,2.3619606439293206e-10
93,1.0392289531497752e-09,2.1926215791474598e-10
94,9.015321825678334e-10,1.807872930641862e-10
95,9.70286266186981e-10,1.7694924838716217e-10
96,1.2406537121649941e-09,2.2328691561313796e-10
97,1.4830059077514857e-09,3.028098027689859e-10
98,1.5295623810709413e-09,3.407679235829886e-10
99,1.4517999923949204e-09,3.2166466978027893e-10
100,1.2625500284176292e-09,2.3928155664079047e-10
101,1.0666037528549287e-09,1.6548119545764362e-10
102,9.724684083375198e-10,1.4051333264045645e-10
103,9.38834458045154e-10,1.4565334053977485e-10
104,9.463429522750136e-10,1.734841662906849e-10
105,8.981656009251353e-10,1.8950884390251307e-10
106,8.512567101125849e-10,1.8351618424778117e-10
107,8.238071023096627e-10,1.5772534868263683e-10
108,9.808675597458364e-10,1.706899076818603e-10
109,1.1300006441013025e-09,1.9823160446443988e-10
110,1.2868758234714957e-09,2.600839694785531e-10
111,1.4883001912416255e-09,3.4618822249037587e-10
112,1.7174233282378346e-09,4.1548078237011457e-10
113,1.8932255115417833e-09,4.6297720555161144e-10
114,2.0866028965404845e-09,5.108661545612789e-10
115,2.3874829117568394e-09,5.825966326827702e-10
116,2.8738942479497137e-09,7.027710543319996e-10
117,3.1896313743122166e-09,7.968570292950724e-10
118,3.2175325393930727e-09,8.417774301336782e-10
119,3.179753920486825e-09,8.719983631138035e-10
120,3.224614937564147e-09,9.109181983265002e-10
121,3.2258588791944636e-09,9.019904454224797e-10
122,2.8411268283178755e-09,8.112663908498326e-10
123,2.4242209656504628e-09,7.176927188216198e-10
124,2.0213357422878153e-09,5.57771495471533e-10
125,1.7908803206713622e-09,4.254205695605651e-10
126,1.3797857389172192e-09,2.525521453927063e-10
127,9.916141620154758e-10,1.4069495990414817e-10
128,8.522014066823809e-10,1.0657301350655761e-10
129,9.408923793394695e-10,1.2007292025993694e-10
130,1.087240228738889e-09,1.4569180291619544e-10
131,1.0880256308615107e-09,1.678044563209207e-10
132,1.1631601045362156e-09,2.0886198465900905e-10
133,1.5870573657411671e-09,3.2036189398483916e-10
134,2.215473188995301e-09,4.86907585948854e-10
135,2.5465086890761032e-09,6.080798997220081e-10
136,2.550205999835934e-09,6.299797121648523e-10
137,2.686029129195152e-09,6.325939874985571e-10
138,3.104500982375784e-09,6.871383489623169e-10
139,3.2885819718831177e-09,6.967193597762841e-10
140,3.1607230839365938e-09,7.09523606241596e-10
141,3.3426900113273896e-09,8.279137781172911e-10
142,3.2410451523151604e-09,7.622487045268382e-10
143,2.6234135342975076e-09,5.636844075365392e-10
144,1.5527142327759715e-09,2.949361998589522e-10
145,1.0407882786011545e-09,1.7754696731685658e-10
146,1.11614556234534e-09,1.9302173677246643e-10
147,1.4050858847449446e-09,2.625796281610775e-10
148,1.3972657944104455e-09,2.853790014524234e-10
149,1.1587312509825828e-09,2.4146595320444335e-10
150,1.1553925042257498e-09,2.232566464709673e-10
151,1.5970426905363051e-09,3.046248105916935e-10
152,2.2273028729291885e-09,4.814949229172521e-10
153,2.4371866238778188e-09,6.074152646368625e-10
154,2.479957375574203e-09,6.769330791027242e-10
155,2.5699946391901353e-09,6.781495487444708e-10
156,2.441968709473809e-09,5.76504722804952e-10
157,2.0988895818582105e-09,4.747891650269539e-10
158,1.634904968810907e-09,3.571592338957788e-10
159,1.492078322009133e-09,3.0798978477623054e-10
160,1.337575155196894e-09,2.3654126595539215e-10
161,1.0740725582099715e-09,1.5873839707919405e-10
162,6.631745480909543e-10,7.353224454244528e-11
163,5.127413535032677e-10,5.3748427354342776e-11
164,5.988156025204981e-10,7.489722242429364e-11
165,8.586598871241741e-10,1.3224767362002411e-10
166,9.466178787368185e-10,1.637764392648369e-10
167,8.970170198360586e-10,1.5400438111165147e-10
168,1.0051730633907295e-09,1.6733495316972215e-10
169,1.636175961433194e-09,3.03137600117595e-10
170,2.3429001951878283e-09,4.460315484555898e-10
171,2.307279387123697e-09,4.211660452165515e-10
172,1.835729982665934e-09,3.2572354887142324e-10
173,1.533867653179176e-09,2.461125970577856e-10
174,1.48788593197909e-09,2.222338386156966e-10
175,1.289636103844179e-09,1.9244027731390848e-10
176,9.47890303842326e-10,1.4043137634330745e-10
177,7.51115251534908e-10,1.0437717792485651e-10
178,7.911576798952616e-10,1.0697382176866402e-10
179,9.388559683254308e-10,1.281968487063395e-10
180,9.745523173935222e-10,1.2891608846887986e-10
181,9.799100057329971e-10,1.240978654289671e-10
182,1.1903512945619984e-09,1.5714478976996198e-10
183,1.4264034934240296e-09,1.9212004724234814e-10
184,1.2264841524450437e-09,1.4805391911967713e-10
185,9.377156798630252e-10,1.2044365116481568e-10
186,8.008566243135985e-10,1.1268551412146714e-10
187,8.470002159823398e-10,1.2378665306907743e-10
188,7.436894747141622e-10,9.851617492519822e-11
189,4.702364374877828e-10,5.373190375219072e-11
190,3.231654133851513e-10,3.28379303060267e-11
191,3.8452965255061866e-10,4.3054320704217664e-11
192,5.180391976396525e-10,6.42695892816746e-11
193,4.788179143667789e-10,6.483350325357782e-11
194,3.3490573617186177e-10,4.4974539202858495e-11
195,3.3537665270248545e-10,4.225929982797983e-11
196,5.447977012513985e-10,7.267950925060425e-11
197,7.917226491297321e-10,1.2535549293920054e-10
198,7.172474265998912e-10,1.2991357416917072e-10
199,6.382791323254807e-10,1.2446185683336254e-10
200,8.075611897351815e-10,1.4823359713773864e-10
201,1.1659057688623935e-09,1.8653518729617892e-10
202,1.2740289835658534e-09,1.8631182922426667e-10
203,1.1381299496589853e-09,1.593250726124596e-10
204,1.160136433347636e-09,1.657003136551894e-10
205,1.5443252422515185e-09,2.614701183627643e-10
206,1.7156975268239345e-09,3.4052874725919445e-10
207,1.4243211782715728e-09,3.416052772853123e-10
208,1.2039087825278085e-09,3.5030867012421453e-10
209,1.4405122609669044e-09,4.486273018485091e-10
210,2.046460133683436e-09,6.076574767135632e-10
211,2.1798594056711492e-09,5.887044565716333e-10
212,1.7292259215216331e-09,4.268719416670905e-10
213,1.4412095966928292e-09,3.055296613789584e-10
214,1.7759334470484007e-09,3.300408324671313e-10
215,2.1151146551391184e-09,3.5621012197724846e-10
216,1.7431978270990763e-09,2.7032911075131466e-10
217,1.191412398282661e-09,1.6720485721693296e-10
218,9.854350154367715e-10,1.208755024438421e-10
219,1.105775300287054e-09,1.3403085666328796e-10
220,1.042392618188732e-09,1.2678416180035017e-10
221,7.896742600202648e-10,1.0198005296618681e-10
222,6.125253906106868e-10,8.113748267204851e-11
223,6.431220005025978e-10,8.567826850185998e-11
224,8.230266018277612e-10,1.1879118390681732e-10
225,9.250181803715044e-10,1.4882209899622802e-10
226,9.797705234481721e-10,1.9180793219230696e-10
227,1.0234678781984995e-09,2.3118559762542515e-10
228,1.177736753266533e-09,3.006085081289997e-10
229,1.2187291435733684e-09,3.458290599046617e-10
230,1.1759029334689693e-09,3.449749424398286e-10
231,1.2010386818196964e-09,3.433373620531593e-10
232,1.5009920655957326e-09,4.098618919966661e-10
233,1.895351932857292e-09,4.548069426493906e-10
234,2.1406372617266473e-09,4.446379207978525e-10
235,2.1047645360912863e-09,3.846177251161273e-10
236,2.4587757953627258e-09,4.4884824868552927e-10
237,3.2974649183339204e-09,6.396026642491613e-10
238,4.108584111587456e-09,8.382162539236251e-10
239,3.665783263088128e-09,7.664063925904348e-10
240,2.3258491586017246e-09,4.706183879483815e-10
241,1.505532223609435e-09,3.056492891541599e-10
242,1.2392849093696305e-09,2.2840665714813281e-10
243,1.1678881125811617e-09,1.8972324634494524e-10
244,1.0175073990044945e-09,1.4895053575197135e-10
245,7.855053961105473e-10,9.362433604095344e-11
246,7.593111670525733e-10,7.161740055858113e-11
247,8.602886995791054e-10,6.418207006120906e-11
248,7.828102911155632e-10,4.4728659971850455e-11
249,6.20056008318649e-10,3.2336374469650025e-11
250,4.552056610766231e-10,1.8174815511255002e-11
251,4.0556790553423346e-10,1.4654756388834763e-11
252,3.5232207287697734e-10,1.4090500643615204e-11
253,2.586939457096739e-10,1.5317007763831373e-11
254,2.213822041589619e-10,1.964720243365977e-11
255,2.787096796633284e-10,3.601199534849316e-11
256,4.410446407666715e-10,7.352346059128271e-11
257,6.291977673223391e-10,1.3613322201297902e-10
258,7.69419254193498e-10,2.1716811555335262e-10
259,9.987808233999903e-10,3.2077012645752776e-10
260,1.5173947542982436e-09,5.015631298741849e-10
261,2.1895573533601954e-09,7.468956618274281e-10
262,2.546670673601184e-09,9.347978773595814e-10
263,2.5749558998640954e-09,1.048556372056614e-09
264,2.7154836307612676e-09,1.1268290228769663e-09
265,2.8351514789377632e-09,1.0317930162814867e-09
266,2.4115432315053457e-09,7.246194158618092e-10
267,1.5665312897058183e-09,3.9282926124181605e-10
268,1.0965879737084853e-09,2.3047090658370706e-10
269,1.2026543604601692e-09,2.2385538094567505e-10
270,1.7037980557981277e-09,3.143132139407308e-10
271,1.7568301896011517e-09,3.2233191003605354e-10
272,1.255563374309418e-09,2.2072286169523021e-10
273,8.388987482872515e-10,1.1833493122153327e-10
274,8.062121745934085e-10,8.249252514596865e-11
275,9.073249620937891e-10,7.844223036739243e-11
276,9.005944764278389e-10,7.48906186818207e-11
277,7.608290547749688e-10,5.694446366922966e-11
278,6.355550871395657e-10,4.0018620683159575e-11
279,5.924183659681005e-10,3.129796319756706e-11
280,5.95938203619696e-10,3.3123255913908725e-11
281,6.430184563704912e-10,5.0837626924831644e-11
282,7.002235165762086e-10,7.912560851371214e-11
283,7.218474645379498e-10,1.1430271177160667e-10
284,6.10320324768463e-10,1.4659166963702542e-10
285,5.17277382506213e-10,1.7157577563361137e-10
286,5.035516062743474e-10,1.88285357344174e-10
287,6.224737259847112e-10,2.3568733261151925e-10
288,7.4311722050158e-10,2.891069692308251e-10
289,8.358254618402149e-10,3.5496821702662685e-10
290,9.915195017976948e-10,4.697802312061287e-10
291,1.3175812913991296e-09,6.448770391238659e-10
292,1.9572058076703453e-09,9.12561857272519e-10
293,2.505570636086724e-09,1.143616421513304e-09
294,2.8823719472809676e-09,1.3175641877642104e-09
295,3.104074561662356e-09,1.3218969892860929e-09
296,2.995063701058275e-09,1.099168380989179e-09
297,2.4441303137536206e-09,7.386431482192912e-10
298,1.6029272337499352e-09,4.136661624602895e-10
299,1.0481241930225824e-09,2.4958713036792616e-10
300,9.320136024609331e-10,2.335690943812135e-10
301,1.065888183483591e-09,3.1458367375433367e-10
302,1.339753568887179e-09,4.5534621664467357e-10
303,1.4411548645346507e-09,5.060215722501948e-10
304,1.3860345970808666e-09,4.3878974176890115e-10
305,1.3595041802222718e-09,3.7294265538985735e-10
306,1.3176626743985586e-09,3.26164635994237e-10
307,1.324576504115873e-09,3.1773523724643896e-10
308,1.3902354158401391e-09,3.52338375292382e-10
309,1.3881583081614503e-09,3.349456098348094e-10
310,1.1725858788154788e-09,2.420762479969343e-10
311,8.513353844861035e-10,1.571172645358067e-10
312,7.020818948543705e-10,1.4020363555072274e-10
313,8.639579499084233e-10,2.0909557990962386e-10
314,1.181325653277444e-09,3.423926422598202e-10
315,1.2554048704123983e-09,4.261092335511293e-10
316,1.084124960061357e-09,4.2542528394946897e-10
317,1.078107237348023e-09,4.4470849169989933e-10
318,1.4159416582529517e-09,5.487949308368892e-10
319,1.7809067637854194e-09,6.149062384286762e-10
320,1.5941525533154269e-09,5.110911159154877e-10
321,1.1236911246555693e-09,3.2037337905026913e-10
322,8.822982398131228e-10,2.132743021093393e-10
323,9.383676630437087e-10,2.231824903535614e-10
324,1.1559852941267718e-09,3.3339647434735333e-10
325,1.4236305778030104e-09,5.232025473170723e-10
326,1.73440171485517e-09,7.559134633166303e-10
327,2.0815092495745293e-09,9.327695891708051e-10
328,2.0985525328124338e-09,8.819262460089129e-10
329,1.8281895938921026e-09,7.225512371217596e-10
330,1.8324270734213657e-09,6.82497230342171e-10
331,2.1573745377046548e-09,7.22072895776359e-10
332,2.6805932767010704e-09,8.12401685808156e-10
333,2.682895830068693e-09,7.899722342077321e-10
334,2.250845877133738e-09,6.5165922359069e-10
335,1.9493713390930986e-09,5.388971146592034e-10
336,1.973024772437212e-09,5.124250969477611e-10
337,1.917396234595602e-09,4.82760141244291e-10
338,1.5733440547701832e-09,4.008368793697085e-10
339,1.1890462347742637e-09,2.9435315925862147e-10
340,9.772507129607342e-10,2.073837998893884e-10
341,9.588404041933382e-10,1.7623100978621992e-10
342,1.065452989825287e-09,1.907953339634723e-10
343,1.167657806686498e-09,2.082895679300694e-10
344,1.313868630218746e-09,2.4671127302061983e-10
345,1.2554380552977462e-09,2.2495066352681756e-10
346,1.1171012917458395e-09,1.8531267878055145e-10
347,9.58372504627509e-10,1.5148847675333363e-10
348,8.437345997822749e-10,1.3603414416833152e-10
349,8.205873814569589e-10,1.652423772558262e-10
350,7.778715325992855e-10,1.9562913253891646e-10
351,7.433810204364241e-10,2.166982969581231e-10
352,6.382833857623982e-10,1.7653530150259798e-10
353,5.021868675396004e-10,1.1430821929635933e-10
354,3.6267986762823296e-10,7.099420405093954e-11
355,3.3596147371548224e-10,7.279074587356285e-11
356,3.5901961740981686e-10,9.444520206448871e-11
357,4.843760439079569e-10,1.4839330106150796e-10
358,6.145448472256328e-10,2.0273611996642805e-10
359,6.218359259867283e-10,2.1233567776595688e-10
360,6.043949964886989e-10,2.1960240004180205e-10
361,7.052003122631626e-10,2.7373377974910214e-10
362,8.836524203744517e-10,3.577011430593951e-10
363,1.0692470884163144e-09,4.300256984730626e-10
364,1.0427919032267874e-09,4.2618283850731733e-10
365,8.231080422629761e-10,3.336670996311017e-10
366,7.877973116062074e-10,3.200523653126051e-10
367,9.395532848935038e-10,4.035721381284954e-10
368,1.2804372145746156e-09,6.12513725436578e-10
369,1.6554756590548749e-09,8.920485082686015e-10
370,1.89504954256095e-09,1.0428477030285217e-09
371,1.9928751554890712e-09,9.919930821223522e-10
372,2.0590036771134274e-09,8.575957544411082e-10
373,1.9176611769678703e-09,7.084273795213343e-10
374,1.636214975544004e-09,5.920680381389916e-10
375,1.4563455625382243e-09,5.446728057991144e-10
376,1.2964872491663112e-09,4.811224467940612e-10
377,1.0614857377533711e-09,3.77960164101245e-10
378,7.264047361533048e-10,2.4228040669387736e-10
379,5.261724326694005e-10,1.6459875342986563e-10
380,5.061834278195828e-10,1.5955934945157723e-10
381,5.475949799207348e-10,1.7642448311300485e-10
382,5.428928382250652e-10,1.7969733682702246e-10
383,4.838563434344775e-10,1.661142097949907e-10
384,4.5271502898196313e-10,1.6128528451942433e-10
385,6.06279623799994e-10,2.2102603345784283e-10
386,9.56103856434049e-10,3.9541128870405773e-10
387,1.3902513314899204e-09,6.700676805768914e-10
388,1.5865589491786818e-09,8.799142118125961e-10
389,1.662447940856943e-09,1.0081513950747616e-09
390,1.6933609105600705e-09,1.0181744287328942e-09
391,1.5908262084482e-09,9.09261708185995e-10
392,1.3418731164235098e-09,7.6664382152969e-10
393,1.151689170217542e-09,6.858924830468761e-10
394,1.1287008752268958e-09,6.698613618957507e-10
395,1.3066809114577348e-09,7.318669101234846e-10
396,1.3581605397192006e-09,7.311160855995692e-10
397,1.0940728887856732e-09,6.217354548507852e-10
398,9.560120227276566e-10,5.754343689568241e-10
399,1.1375456909480194e-09,6.646902911774693e-10
400,1.7605469992517016e-09,9.280266732281063e-10
401,2.4257240602055797e-09,1.2716570596714787e-09
402,2.553548903403362e-09,1.4178782706711065e-09
403,2.5197092923603195e-09,1.3965380720411473e-09
404,2.7630946302473783e-09,1.323405002783348e-09
405,2.8255674158713342e-09,1.1066088347864704e-09
406,2.244943485280558e-09,7.716192342706692e-10
407,1.4327397318170683e-09,4.68491086851572e-10
408,1.2739133842577895e-09,4.3631621307173197e-10
409,1.5582825167440287e-09,5.626803130729216e-10
410,1.7569058018805548e-09,6.702169411328418e-10
411,1.3860779890941716e-09,5.5589859292466e-10
412,1.0416657315674938e-09,4.162559580805468e-10
413,1.0781189418900025e-09,4.1323789077943034e-10
414,1.3777906712658516e-09,5.266124591807474e-10
415,1.490517324417998e-09,6.1060220432688e-10
416,1.212717821561761e-09,5.475896983761727e-10
417,1.0274855415524173e-09,4.5295687772215704e-10
418,9.219607719346575e-10,3.401294271885427e-10
419,8.125257162007066e-10,2.6714010695029395e-10
420,6.740921254893046e-10,2.482046000185376e-10
421,6.742636761348171e-10,3.094793039717512e-10
422,9.481993297659337e-10,5.012072565532027e-10
423,1.3743593598120656e-09,7.400451371259652e-10
424,1.4491876046377524e-09,7.967527860801027e-10
425,1.3216148741865678e-09,7.559178214306732e-10
426,1.2768921760192368e-09,7.110325483261218e-10
427,1.3772141262231883e-09,6.813701351725182e-10
428,1.3985130326600665e-09,6.15162231139608e-10
429,9.916200474960444e-10,4.128548797850396e-10
430,5.782536586109416e-10,2.2984678595893054e-10
431,4.74897722095451e-10,1.673208937901332e-10
432,4.957447266413609e-10,1.5805047155097886e-10
433,5.46210508568875e-10,1.9492891615636695e-10
434,6.419136984819914e-10,2.995361499118158e-10
435,8.9875876256475e-10,4.773573091557341e-10
436,1.4440521667244425e-09,7.279140309905693e-10
437,2.0251370576161383e-09,8.800892350342306e-10
438,1.8596109148917146e-09,7.038081810831845e-10
439,1.559439235212758e-09,5.263330332711939e-10
440,1.6143830829790966e-09,4.870201742708016e-10
441,1.9699263449863778e-09,5.702587286603572e-10
442,1.8858538331295576e-09,5.666908474071844e-10
443,1.2420454779095572e-09,3.8262581566192375e-10
444,8.717220689536985e-10,2.437595733322272e-10
445,8.380454042866676e-10,1.919720333668182e-10
446,9.493294410148667e-10,1.8506460700232108e-10
447,8.419419586621715e-10,1.5219469326412462e-10
448,6.581553886076154e-10,1.2582169874515283e-10
449,6.738749321469596e-10,1.4858132643978448e-10
450,8.730724565579684e-10,2.155167298455071e-10
451,1.0021061382900664e-09,2.7706748140490304e-10
452,8.815379188607532e-10,2.62425876475185e-10
453,6.618064364958537e-10,1.839995340670523e-10
454,5.658140805648507e-10,1.3550050067930698e-10
455,4.939218003278832e-10,9.006333545685201e-11
456,4.00949598128295e-10,4.972166392788197e-11
457,2.709217784407115e-10,2.0008354300718982e-11
458,1.5251986542481458e-10,4.534568464769493e-12
459,8.743952318772899e-11,8.005775644819796e-13
460,5.646437354122583e-11,2.542544527043736e-13
461,4.904703437370412e-11,3.7071144988934154e-13
462,5.266575217401773e-11,8.371174628087734e-13
463,5.844788672590854e-11,1.9275031928765292e-12
464,7.783193191383338e-11,4.637919453378965e-12
465,1.2494263214480508e-10,1.529090635449074e-11
466,2.189471783672658e-10,4.680847594977148e-11
467,3.0516203734897407e-10,8.913854862448821e-11
468,3.3202191147199896e-10,1.0577681206177481e-10
469,3.375209576545563e-10,9.761806143391051e-11
470,3.474962499738828e-10,7.857290775932753e-11
471,3.6811900670714494e-10,7.19280713475386e-11
472,3.042394386886594e-10,5.962398924154681e-11
473,2.2414446852418617e-10,4.656123704968533e-11
474,1.8659161163179252e-10,3.7467341488257255e-11
475,1.729959162499279e-10,3.0501335188826e-11
476,1.6196508539375636e-10,2.7217534360068078e-11
477,1.6043733529343716e-10,3.1679203945187336e-11
478,1.9336978938823717e-10,5.03636817017655e-11
479,2.2508536959304037e-10,6.814329444077516e-11
480,2.2482790107061668e-10,6.686708027876831e-11
481,1.7015031162867777e-10,4.390581913273972e-11
482,1.1782328695450714e-10,2.0744611424289897e-11
483,1.0042487562467651e-10,1.0905247228432381e-11
484,7.893775365705602e-11,5.814403693037458e-12
485,4.847449141054715e-11,2.863423519490537e-12
486,3.119333574672818e-11,1.2190678642043874e-12
487,2.793751196015128e-11,2.0412930355276914e-13
488,4.2128773880914915e-11,2.9315509795270926e-14
489,5.983585341932329e-11,5.6313486663099904e-14
490,5.401824584998768e-11,1.5544576674059953e-13
491,6.284079673688317e-11,7.725768286009719e-13
492,1.0483076513081833e-10,3.6391832806307615e-12
493,1.5739137751411488e-10,8.768464420031584e-12
494,1.4209977231618488e-10,8.615046548361567e-12
495,1.2099574856525095e-10,8.4685212893122e-12
496,1.3542708893386723e-10,1.1929744295789847e-11
497,1.6235001630049535e-10,1.6681650914253538e-11
498,1.4241725962532402e-10,1.7265778672595902e-11
499,9.777490719357908e-11,1.3455987229949778e-11
500,6.795504257545518e-11,1.0406099715383592e-11
501,7.54782199441785e-11,1.2490956376077466e-11
502,1.1518013374303538e-10,2.3064550653559207e-11
503,1.509582704356599e-10,4.4058314923887374e-11
504,1.8714329234033855e-10,6.748222463370979e-11
505,1.630669248308864e-10,5.682733467576487e-11
506,1.2199887651512703e-10,2.8245762391268746e-11
507,9.355940291465544e-11,1.1420587098810878e-11
508,7.999885122868665e-11,4.7027798352036075e-12
509,8.440141627832835e-11,3.847932961556893e-12
510,9.830174245083146e-11,6.438783907133063e-12
511,1.1742399119284874e-10,1.1323825451821016e-11
512,1.4147298176028412e-10,1.6526255444364675e-11
513,1.5961067097823518e-10,1.672828212756785e-11
514,1.4573335297458233e-10,1.0226409860627161e-11
515,1.1468045692063553e-10,4.6340923227105004e-12
516,8.181984061481769e-11,1.4224877641457189e-12
517,7.960531347125493e-11,6.039763702592657e-13
518,9.099660309344259e-11,4.751435184259675e-13
519,1.0475240225644578e-10,6.651157437044294e-13
520,1.2629596181590093e-10,1.1398663252590293e-12
521,1.7371632682167224e-10,2.0781568447867038e-12
522,1.9957961702772635e-10,2.025166482145964e-12
523,1.7167024131246762e-10,1.3048185640280755e-12
524,1.0864754468534732e-10,3.8841205072469597e-13
525,7.917836216183506e-11,2.3232965984748793e-13
526,9.578825545375289e-11,7.561753126912743e-13
527,1.1440608259579122e-10,1.7484534896505923e-12
528,9.613291043874166e-11,1.61038049190252e-12
529,7.152892830161384e-11,1.0692722644989432e-12
530,6.304452500172425e-11,6.734841932685915e-13
531,6.704751468480682e-11,3.301416282730699e-13
532,5.770737220313757e-11,5.578301351213945e-14
533,3.2211964424898254e-11,3.0302065031320585e-15
534,1.8363388424775814e-11,3.71739725987335e-15
535,1.535619939317081e-11,1.541357475335841e-13
536,1.8393342037190797e-11,1.4340884301528828e-12
537,2.0585163934821797e-11,5.32516197787425e-12
538,1.9852098993778873e-11,8.700585299040548e-12
539,1.8053090430096936e-11,7.91492571525572e-12
540,1.6861122644952706e-11,5.716547221787209e-12
541,1.8215573607822912e-11,9.477604012428048e-12
542,2.489113967244494e-11,1.4596429458786573e-11
543,3.886063434067963e-11,2.1240322693035412e-11
544,6.341506012770738e-11,2.5561045489122907e-11
545,9.364141717471298e-11,2.932810756776674e-11
546,9.517082644642033e-11,2.108371602315021e-11
547,7.223735909676837e-11,8.521405010963523e-12
548,5.590645560456918e-11,2.1423764599666095e-12
549,5.2187965808653445e-11,4.4295087741116797e-13
550,5.287398872990724e-11,1.2159055896812981e-13
551,5.313113183038388e-11,7.270975627281333e-14
552,4.87143708268337e-11,1.5321650376248153e-14
553,3.649075936794001e-11,3.489297175769912e-16
554,2.3845104463278876e-11,1.7257357031418682e-15
555,2.3839037766369265e-11,2.1410764294151567e-14
556,2.459033958108909e-11,1.3098735128539711e-14
557,1.965534940394471e-11,9.502242746111895e-16
558,1.456032334043878e-11,2.2067578132261834e-14
559,1.3809397053812601e-11,3.345490452220716e-13
560,1.4375725281012283e-11,7.651632286863939e-13
561,1.4571919049261924e-11,5.357724248504256e-13
562,1.472704029230167e-11,5.904514826020134e-13
563,1.5256016686266432e-11,8.113739329583659e-13
564,1.8031620968288025e-11,1.9291977254320478e-12
565,2.3269886452889534e-11,5.769726831154569e-12
566,2.7883019873965495e-11,2.102153663976792e-11
567,3.7501368485183617e-11,6.62366581171661e-11
568,4.7003801398106354e-11,1.084983477281033e-10
569,4.9163733556358285e-11,1.1340880746822475e-10
570,5.606196680240691e-11,1.215188307231432e-10
571,6.741958799023812e-11,1.4087799382618658e-10
572,8.1939040544767e-11,1.6282050281447706e-10
573,8.272722168069018e-11,1.292586059428506e-10
574,9.349626777571671e-11,1.070138360629514e-10
575,1.0813831857518022e-10,1.1839191536605665e-10
576,1.2059128246185073e-10,1.6026784458280308e-10
577,1.224241959167268e-10,1.7200172842493203e-10
578,1.1372661980694377e-10,1.4796694988050445e-10
579,1.0963106708311899e-10,1.277313626620812e-10
580,1.1167123427448159e-10,1.222021483679481e-10
581,1.1377880532697575e-10,1.1581218664348544e-10
582,1.112204404595932e-10,8.582578947670027e-11
583,9.766424510417066e-11,5.722382045265773e-11
584,7.511639652152765e-11,2.7560028506951028e-11
585,5.977916867287467e-11,1.4119011620947674e-11
586,5.85741035270902e-11,7.880726280687302e-12
587,5.960875004384771e-11,5.168459358595161e-12
588,4.805106750130637e-11,6.006715659334313e-12
589,4.2402368265311765e-11,1.4405685587968617e-11
590,4.7811976625325315e-11,3.6756883981965435e-11
591,5.958230382763164e-11,6.952742150860515e-11
592,7.242505666703247e-11,1.2038483691394878e-10
593,7.935769744388487e-11,1.7186231851395425e-10
594,8.609935688154544e-11,2.0865096924809957e-10
595,1.0127518570901935e-10,2.362949444652129e-10
596,1.3470850479931133e-10,2.629461747359991e-10
597,2.0320511947405017e-10,3.3399707167800837e-10
598,2.840810707218645e-10,4.0330483403345525e-10
599,3.149773248849755e-10,3.772781279353962e-10
600,2.852734384097585e-10,2.846647155900231e-10
601,2.311721846949867e-10,2.0647847722602432e-10
602,1.953485772134976e-10,1.7385501762378418e-10
603,2.1260722952478825e-10,1.9029241295072455e-10
604,2.721708387116808e-10,2.3510190350773164e-10
605,3.53398033657899e-10,2.9287887947092577e-10
606,3.920004197901086e-10,3.310422188077224e-10
607,3.7183019214919986e-10,3.1335195196917294e-10
608,3.432498315123371e-10,2.456328516197975e-10
609,3.1604903244046594e-10,1.7425191390383126e-10
610,2.792114637406706e-10,1.1785392206423387e-10
611,1.9978382948905745e-10,7.508713245281524e-11
612,1.5759929172176165e-10,5.744735025713661e-11
613,1.5772647436114147e-10,5.823443248903628e-11
614,1.8496330151143803e-10,6.94609361856773e-11
615,2.1765427242314662e-10,8.041969295530343e-11
616,2.305129814598444e-10,8.015747488159878e-11
617,2.213208898038476e-10,6.494557745657707e-11
618,1.7665915392857265e-10,4.2438255869802953e-11
619,1.2721878028017475e-10,2.8390321033803113e-11
620,9.42312448799247e-11,2.0924899632477374e-11
621,6.41529539644064e-11,1.654254113475031e-11
622,4.647838113519516e-11,2.166222844044e-11
623,3.870503117766232e-11,3.624532804901626e-11
624,3.756730929368769e-11,6.083621881109616e-11
625,4.412962590971772e-11,9.460753450785132e-11
626,5.831455764181778e-11,1.235246371858618e-10
627,8.767133914506367e-11,1.563900593398699e-10
628,1.422904877727171e-10,1.8888169338613855e-10
629,2.2369892990338818e-10,2.1056075349020435e-10
630,2.671612384328936e-10,1.900881638845782e-10
631,2.3394809276005787e-10,1.2649162748819337e-10
632,1.6316863718470809e-10,6.569452384550818e-11
633,1.0814966926649759e-10,2.977679969297526e-11
634,8.730187628607502e-11,1.861778401786531e-11
635,7.049436800580976e-11,1.823009338220872e-11
636,6.33303354673169e-11,2.8052051937954896e-11
637,8.563193914619259e-11,4.998291005003357e-11
638,1.4063545371175702e-10,8.464199480507609e-11
639,2.318318817784848e-10,1.349680948629307e-10
640,3.2814987540496194e-10,1.9229690743169225e-10
641,3.5841775724274474e-10,2.0130092845457425e-10
642,3.5791242217340184e-10,1.7360342580112994e-10
643,3.944561024419079e-10,1.4845919059619214e-10
644,3.551552277347573e-10,1.2264698764832817e-10
645,2.862397570572778e-10,9.5580618933256e-11
646,2.4537183955783156e-10,7.29865351610068e-11
647,1.876977151950729e-10,4.1089111952416495e-11
648,1.3239186714261224e-10,2.0432046264872805e-11
649,7.265799197088885e-11,1.192252949062431e-11
650,6.146805785102613e-11,1.775255055018559e-11
651,9.801940475461349e-11,4.519309857504244e-11
652,1.935833387384478e-10,1.0969488683378777e-10
653,2.4026851716393585e-10,1.733034341208358e-10
654,2.079427243769282e-10,2.0032484901303912e-10
655,1.5268033951008613e-10,1.7179109095063164e-10
656,1.169933760935507e-10,1.2558934146704295e-10
657,1.257734417259508e-10,1.1987691161949806e-10
658,1.8260759278283886e-10,2.0908476517906014e-10
659,2.908107713084357e-10,4.0467035626748863e-10
660,4.19201157164904e-10,6.377240243111701e-10
661,5.197394089041397e-10,7.438217728451021e-10
662,5.550456792472215e-10,7.290639719086634e-10
663,5.453075456700305e-10,6.852598245225035e-10
664,5.502987556738382e-10,6.530717028696436e-10
665,5.836935718226009e-10,5.794691259111886e-10
666,6.531893728030007e-10,5.166191439359935e-10
667,6.417151063833521e-10,4.638368171687021e-10
668,4.911324378699559e-10,3.7542019696674813e-10
669,4.108815931964146e-10,3.233901152557773e-10
670,4.6248239777115913e-10,3.318990639564021e-10
671,5.828937146881946e-10,3.7258461587145287e-10
672,6.244223543758877e-10,4.095206642031294e-10
673,5.336359042034519e-10,3.712033221083174e-10
674,4.0303826354006495e-10,2.5043498107190405e-10
675,3.130677874558043e-10,1.3932112850724429e-10
676,2.6971977477727304e-10,8.518041583277478e-11
677,2.1986463505800317e-10,5.465870745665317e-11
678,2.0214377926146394e-10,3.5875590170616306e-11
679,1.8913814548018637e-10,1.7219058636510892e-11
680,1.6483411426689122e-10,4.501273758813854e-12
681,9.817698155084476e-11,5.55011177284412e-13
682,4.831252676937337e-11,1.0041683735627676e-13
683,3.750336305573273e-11,3.023889336850609e-13
684,4.3631497715932756e-11,1.8740882655906262e-12
685,4.1712924523977706e-11,5.382946719403757e-12
686,3.3439699923434616e-11,8.366778340196964e-12
687,2.6559630994612825e-11,8.487983715599029e-12
688,2.1794300451951402e-11,7.277441927479717e-12
689,2.205848946549863e-11,1.0147465562336837e-11
690,3.1647580609561705e-11,2.5698327596672847e-11
691,5.5352409092655314e-11,5.6216867990748304e-11
692,9.190000794364188e-11,1.0470179538433586e-10
693,1.322387493424128e-10,1.659061553832308e-10
694,1.731754790891938e-10,2.502795327357357e-10
695,2.43298863003626e-10,3.475147070938717e-10
696,4.2618930096017335e-10,5.217444786690054e-10
697,7.91751661896321e-10,8.378516740298016e-10
698,1.2333233237447779e-09,1.187542200139878e-09
699,1.437675282824438e-09,1.3006416561137875e-09
700,1.5683307325414955e-09,1.1291274272507512e-09
701,1.9309606634941806e-09,9.856286353450082e-10
702,2.1406322794235123e-09,9.126819348677752e-10
703,1.775587321914042e-09,7.519333314240496e-10
704,1.1603487036532248e-09,4.670596484331427e-10
705,6.867993653540033e-10,2.1263324874573138e-10
706,3.4114494221325424e-10,6.022384351174131e-11
707,1.6244349693081813e-10,1.2458954311387836e-11
708,9.965032964646053e-11,3.424523483809436e-12
709,1.0232996318108326e-10,2.0575057935420957e-12
710,1.36633194265707e-10,1.868099978829445e-12
711,1.2847932593153505e-10,7.439419357138518e-13
712,7.781084420106601e-11,4.425560656212113e-14
713,5.852434183646365e-11,5.588179524500523e-15
714,6.434534677906733e-11,1.1195237214679627e-14
715,5.471723482938589e-11,3.4138828208836623e-15
716,2.7970370319321112e-11,7.585052236417767e-17
717,1.0170033796889604e-11,6.1364221296237315e-15
718,9.033687827539516e-12,2.2552129730975082e-14
719,1.1398611661250339e-11,8.591226623327713e-15
720,1.3223253591767441e-11,6.2161637830066595e-15
721,1.1029795765890945e-11,1.6727772055154878e-14
722,1.0898032339164125e-11,4.773081715878177e-14
723,1.4425398861278808e-11,1.2649345271961942e-13
724,1.989218193814379e-11,4.737078142248198e-13
725,2.3745334469718004e-11,2.1006816304389084e-12
726,2.7551696557873115e-11,7.785988416722142e-12
727,3.608539867258092e-11,1.7613394797897074e-11
728,4.90846065366868e-11,2.8178550143924328e-11
729,6.704821493281648e-11,4.105088881430353e-11
730,9.473345839687759e-11,6.38171683229035e-11
731,1.298084395090615e-10,9.174599616532833e-11
732,1.7529653346733778e-10,1.1752771165628226e-10
733,2.2953063599679172e-10,1.2754234840010795e-10
734,2.85671014469915e-10,1.2840113512764493e-10
735,3.3453743681034476e-10,1.1530465587318545e-10
736,3.6775851015409973e-10,9.040770401881601e-11
737,3.729387116171482e-10,7.024792524831707e-11
738,2.4989872065146617e-10,3.3742657968421773e-11
739,1.434958974754154e-10,1.1358589545045267e-11
740,8.560432403851415e-11,2.358438823342567e-12
741,7.486774925358457e-11,3.512967625693209e-13
742,7.02497772888283e-11,6.56549214394763e-14
743,3.5150622117320706e-11,1.559636560130863e-15
744,1.891327602233981e-11,1.5280671305721962e-15
745,1.8420667162339378e-11,1.4563460059802798e-15
746,2.608942340463992e-11,3.4565030947551647e-15
747,2.3768360379115036e-11,1.7813961636639407e-14
748,1.8145139084853436e-11,1.0779832855214358e-13
749,1.6205061137294262e-11,5.544228876819606e-13
750,1.9093063574681798e-11,1.0165460065920806e-12
751,2.2109852013871312e-11,1.8783878363294364e-12
752,2.16469432257621e-11,5.078412645497551e-12
753,2.1185664415894e-11,1.4552910784164933e-11
754,2.3813093736970775e-11,3.014659452865914e-11
755,3.006159065143618e-11,5.0424245453168624e-11
756,4.5320556838223606e-11,8.717234642804485e-11
757,9.610028586581619e-11,2.1305059105371893e-10
758,1.7109211780785584e-10,3.9690189279759027e-10
759,1.9627128452070224e-10,4.746384954318935e-10
760,1.6066045357900605e-10,4.105196923372357e-10
761,1.202868792084832e-10,2.9973016458413305e-10
762,1.1152223967438045e-10,2.2913341592643477e-10
763,1.3536108493777168e-10,2.1188767870740356e-10
764,1.593365665453338e-10,2.0356319257536667e-10
765,1.29463213588302e-10,1.4111612404635348e-10
766,7.80912440969905e-11,6.231796794502781e-11
767,4.7373761567444194e-11,2.3670714009843807e-11
768,4.128573476046629e-11,1.4810631953620582e-11
769,5.19863343162756e-11,2.3363609794740754e-11
770,6.82650477197647e-11,3.858745755164278e-11
771,6.330522174155486e-11,3.206258400472276e-11
772,4.151827400422563e-11,1.244247359984255e-11
773,2.6301093858249187e-11,2.3935097895101836e-12
774,2.2027878464512162e-11,6.537003133064578e-13
775,2.3746813124243398e-11,8.111146768847232e-13
776,2.777018217132167e-11,2.188746407082884e-12
777,2.7088770051880963e-11,2.880577036507096e-12
778,2.21894639490183e-11,2.7791741410488004e-12
779,1.9467403658357013e-11,2.996390600545125e-12
780,1.951322144626715e-11,5.01611511797546e-12
781,2.145736579242053e-11,1.1187070968298603e-11
782,2.7253522954945318e-11,2.450999789206883e-11
783,3.580062792140857e-11,4.434081336773931e-11
784,4.1069849767320806e-11,6.148791664796224e-11
785,5.1331626012428783e-11,9.088545881045949e-11
786,6.615302777256522e-11,1.289615218425798e-10
787,8.28360971075069e-11,1.5471222307274187e-10
788,1.0463889818060454e-10,1.825454391613443e-10
789,1.341386211234313e-10,2.33098402895211e-10
790,1.5517153292669848e-10,2.6802188590928536e-10
791,1.753392158925577e-10,2.9463047477145624e-10
792,1.7188674578073834e-10,2.641091857221559e-10
793,1.4785172700302503e-10,2.0787138133883258e-10
794,1.1346177429280199e-10,1.6088944046137789e-10
795,8.302042913025088e-11,1.296371901105962e-10
796,5.538383465204675e-11,7.803355653891943e-11
797,4.055477850828948e-11,4.452841797010465e-11
798,3.522253797101113e-11,2.8937821080347066e-11
799,3.279844849509381e-11,2.2776707886628235e-11
800,2.879755816631047e-11,1.498988438656436e-11
801,2.502956632377026e-11,4.431419669977587e-12
802,2.6945011950694437e-11,6.98748423145382e-13
803,3.408512881755574e-11,2.2216044535095114e-13
804,4.00439288212759e-11,3.730944793556046e-13
805,3.757661272912261e-11,5.603335443373138e-13
806,2.818312851231086e-11,6.488695373997089e-13
807,2.0634747421919047e-11,1.8847511666990284e-12
808,1.9088434837812077e-11,9.534953379753751e-12
809,2.3233576209092792e-11,2.8757098997444915e-11
810,3.3509033235579675e-11,6.572833531252932e-11
811,4.523777448230543e-11,1.0714199484565601e-10
812,5.3372056783430064e-11,1.343954288272574e-10
813,4.817885234318059e-11,1.1917700248665913e-10
814,4.3590858842926925e-11,1.0638962461336402e-10
815,5.29003789917091e-11,1.468723838420203e-10
816,7.209973901377733e-11,2.1993828588756674e-10
817,9.074291799727953e-11,2.703670774776441e-10
818,9.247867319496664e-11,2.372238748494644e-10
819,1.0204486735164323e-10,2.1954262045549994e-10
820,1.32334457178343e-10,2.6615913517521677e-10
821,1.7813803585288218e-10,3.513589099478499e-10
822,1.9742964132369656e-10,3.3296175942511484e-10
823,1.990368810545918e-10,2.741747930888374e-10
824,1.7250753614807043e-10,1.9319775760398387e-10
825,1.0793600339023182e-10,1.1601598986959288e-10
826,4.908435104384125e-11,4.6818391569712454e-11
827,2.219958339838386e-11,1.2067915525338184e-11
828,1.5181176564301292e-11,2.6279741520422356e-12
829,1.6035003648775947e-11,2.3081119726486227e-12
830,2.0648468575796042e-11,6.636799138934635e-12
831,3.184446374894971e-11,1.6071318217861677e-11
832,5.127568126798644e-11,3.4421316403231865e-11
833,6.869403751850649e-11,5.49698604453891e-11
834,6.192866516106561e-11,6.269684745510767e-11
835,4.126169193858484e-11,4.2656602200573955e-11
836,2.607077196630402e-11,2.911304417958278e-11
837,1.946752905792998e-11,2.803234873345911e-11
838,2.3435627852719964e-11,6.067077998344289e-11
839,3.7380453490876415e-11,1.2676943069245304e-10
840,4.65269388487875e-11,1.6781337434687766e-10
841,4.291386376119464e-11,1.5987925071647987e-10
842,4.67123533549458e-11,1.817935655145816e-10
843,7.841679936552108e-11,3.193069737577257e-10
844,1.0930245507394314e-10,4.587033088016559e-10
845,1.0323690114618224e-10,4.459027619323857e-10
846,8.584369703641941e-11,3.8417987072990314e-10
847,9.115250385788855e-11,4.108393898179151e-10
848,1.0415184308201512e-10,4.467563727455975e-10
849,9.858753756829083e-11,4.0420897982163985e-10
850,8.511485322273157e-11,3.3405375977448947e-10
851,8.090322450605431e-11,2.8807758248064587e-10
852,9.451074602519963e-11,3.2596459549717637e-10
853,8.257011439311572e-11,2.796838609007573e-10
854,5.216680313013333e-11,1.5826128033269049e-10
855,3.0664667019905184e-11,6.07914582412306e-11
856,2.3580597142356507e-11,2.4364411434923896e-11
857,2.1574482942191568e-11,1.6321102568506773e-11
858,2.1611066894575484e-11,1.2564840305047426e-11
859,2.1318265221344165e-11,7.958388068486076e-12
860,1.7790733292333413e-11,6.481686535753944e-12
861,1.255476402215143e-11,6.490538851506016e-12
862,9.046257544907524e-12,8.342972102963603e-12
863,8.395047113596253e-12,9.684279390020406e-12
864,8.942561619483854e-12,8.251130026277948e-12
865,1.1383149205204683e-11,1.0326061630918427e-11
866,1.765060939018095e-11,1.8477330656949625e-11
867,2.899225311194519e-11,3.3416968733301165e-11
868,4.2095002826684064e-11,5.4065125016412127e-11
869,4.4074142173008485e-11,5.73129724514576e-11
870,3.0802007337587085e-11,4.1476035558041374e-11
871,1.7095036715750203e-11,1.773828745394695e-11
872,1.1696878834301986e-11,8.807725508862916e-12
873,1.0807703117518427e-11,8.329762643572657e-12
874,1.1034728047866556e-11,9.480398571454162e-12
875,1.0559134016147202e-11,4.372302566455732e-12
876,1.0386860254244635e-11,6.638859029197068e-13
877,1.2490704258880583e-11,1.0590355824433593e-13
878,1.3185652488251818e-11,4.1454593790309254e-13
879,1.1410140599607136e-11,1.6099335810404893e-12
880,1.0317820201738612e-11,2.9812173150983833e-12
881,1.0631229147150775e-11,6.596990875757552e-12
882,1.2232981841036753e-11,1.4818251091104327e-11
883,1.9541974760822294e-11,4.2486394206121226e-11
884,2.602438213635172e-11,6.258803964504943e-11
885,2.3801866377062317e-11,6.213348567772312e-11
886,1.688354760616408e-11,4.698780739669214e-11
887,1.4185993585162295e-11,3.680776433813699e-11
888,1.1157197705848183e-11,1.656199660523795e-11
889,1.0250019258124248e-11,2.1678313885003914e-12
890,1.3965583711397094e-11,1.4497623167764912e-13
891,1.6421010874558207e-11,6.889306913140172e-14
892,1.7621546841783097e-11,5.820729620895765e-14
893,2.914257082923747e-11,6.101199490517508e-14
894,6.365243647468486e-11,4.554208438606201e-13
895,7.535980146420282e-11,2.944019106064768e-12
896,8.965961079891034e-11,2.0242511796773577e-11
897,1.5670393890678245e-10,8.858293574337084e-11
898,2.7835554107407815e-10,2.1010033390308938e-10
899,3.387753263895168e-10,2.8686684812777997e-10
900,2.81517223430859e-10,2.8403190656009397e-10
901,2.180885386312956e-10,2.5195937331136076e-10
902,1.9651857340434768e-10,2.0852313590077092e-10
903,1.9355214289015015e-10,1.64638831345273e-10
904,1.7521103119443158e-10,1.1966951036477996e-10
905,1.1336631165913478e-10,6.661453157713326e-11
906,6.041108666539476e-11,2.291695360913117e-11
907,3.777423116466804e-11,4.9063275393598194e-12
908,3.016025125935939e-11,1.879817791125337e-12
909,2.7881331725061015e-11,3.0923564201235145e-12
910,3.391380024153515e-11,9.437028062674107e-12
911,4.434399314123131e-11,1.3765133805820014e-11
912,4.467694317716322e-11,1.131461820503631e-11
913,3.118132597068326e-11,7.230834964324873e-12
914,2.0148852313646874e-11,5.485136279376714e-12
915,1.620850364342163e-11,5.7779747797042115e-12
916,1.6900726838314273e-11,5.714816858202641e-12
917,2.20032903808061e-11,7.1504881673336165e-12
918,3.456330231687228e-11,1.3453364367551224e-11
919,5.451781514297944e-11,2.3773061071840628e-11
920,7.820520041446243e-11,3.316266099800755e-11
921,8.730827356414733e-11,3.191760974883549e-11
922,7.742354455940955e-11,2.6917374427042155e-11
923,6.47642305415194e-11,1.9402043531223318e-11
924,6.397833714119249e-11,1.4831782919111566e-11
925,6.668987479890897e-11,1.263337320697232e-11
926,5.904760158866709e-11,1.214440830204287e-11
927,4.878329887462776e-11,1.2046812674883166e-11
928,4.645493719416444e-11,1.262456542048585e-11
929,5.5653490079721065e-11,1.518396141059491e-11
930,7.705585224122914e-11,3.001394632041873e-11
931,1.1019027702759708e-10,6.830506214406669e-11
932,1.522025007251329e-10,1.246125037807936e-10
933,1.937772474931843e-10,1.661514597711848e-10
934,2.111729525142085e-10,1.7958132379108693e-10
935,2.0732129866281843e-10,1.7513329004874073e-10
936,1.9612031892647652e-10,1.7586755987667613e-10
937,1.8224884833383854e-10,1.6713837426931135e-10
938,1.652091143378087e-10,1.413860626892263e-10
939,1.3581449642592887e-10,9.642559700006585e-11
940,1.0357303357797306e-10,5.5762185460056154e-11
941,8.643763886432937e-11,3.231285919957742e-11
942,7.934220740335443e-11,2.394416949722104e-11
943,7.758799889460824e-11,2.4618247841849847e-11
944,8.090325796410726e-11,3.7118620674313456e-11
945,8.394057815036774e-11,4.791045608742271e-11
946,7.511707519679085e-11,4.07797912159206e-11
947,5.975561590718693e-11,2.8758374708664996e-11
948,4.3847417408643544e-11,2.4158222716039073e-11
949,3.5891070100969474e-11,3.112401672436068e-11
950,4.0180097825274486e-11,4.8658109410411035e-11
951,4.618029919877927e-11,5.787323372741268e-11
952,4.627291802067037e-11,5.924523747494258e-11
953,4.38936757816077e-11,7.357766361593738e-11
954,3.5007538607706265e-11,6.90349079420774e-11
955,2.8591181352920516e-11,5.921973440886233e-11
956,2.6397067835241395e-11,4.6025146765178e-11
957,2.9081043741458253e-11,4.9434257154728695e-11
958,3.1335989460823873e-11,5.7474138752659834e-11
959,2.8681643717207525e-11,5.082836257912288e-11
960,1.962985179602961e-11,2.3615919235476405e-11
961,1.470051095815751e-11,7.287772388294045e-12
962,1.4409790026592043e-11,5.120595296731727e-12
963,1.603684690297557e-11,3.610332888848913e-12
964,2.1634072447117502e-11,3.556227176953072e-12
965,3.619273536265565e-11,3.473438128022763e-12
966,5.926047923190431e-11,5.311099054488808e-12
967,7.797435863801871e-11,9.466112796203345e-12
968,8.733114326183594e-11,1.6624112500821716e-11
969,1.0067828676024323e-10,2.7867302996409074e-11
970,1.1490177805007517e-10,4.3072314557484175e-11
971,1.2610014315735759e-10,5.507447905848958e-11
972,1.301130568431454e-10,5.694606867329472e-11
973,1.2947149483676013e-10,5.202270940082918e-11
974,1.2372292737921987e-10,4.783883279399291e-11
975,1.17030838568663e-10,4.718817126246242e-11
976,1.1017801709797846e-10,4.573838608520484e-11
977,1.0048092046114037e-10,4.32825038107373e-11
978,8.994163368218369e-11,3.794663597393366e-11
979,7.642485435070697e-11,3.267755064364689e-11
980,6.195105309964913e-11,2.875589732813567e-11
981,5.1783725033361964e-11,2.2107702685662446e-11
982,4.5134541512715897e-11,1.805326641783884e-11
983,4.5336003895576075e-11,2.0932180538351332e-11
984,4.658887115065225e-11,3.020670854101088e-11
985,4.646696920591016e-11,3.8999431180427946e-11
986,3.757102131319787e-11,3.2823662524939166e-11
987,2.6426730209489182e-11,2.2177733240886618e-11
988,1.874982691638825e-11,1.6143160139206904e-11
989,1.619392550364238e-11,1.4423771841945112e-11
990,1.5939114426710187e-11,1.4074920801825706e-11
991,1.5246521205655412e-11,8.899015758084548e-12
992,1.4774824557259462e-11,7.729978442297726e-12
993,1.3028436975349738e-11,4.895172347058401e-12
994,1.1701503404086905e-11,2.132964128230061e-12
995,1.3537352211756178e-11,2.807699223751101e-13
996,1.905305932795742e-11,2.6271025720909922e-14
997,2.6217142848726534e-11,5.605498185405981e-16
998,3.667329409130604e-11,3.704114218889935e-15
999,5.8130028180117655e-11,3.263565191587939e-13
1000,8.767948311352234e-11,1.1185454595376682e-12
1001,8.827328611390032e-11,8.212841737539538e-13
1002,7.180206834488322e-11,4.056573350109585e-13
1003,7.707064196402566e-11,1.0325543758387217e-12
1004,1.364020807283793e-10,8.750362529130737e-12
1005,2.7833139699781305e-10,4.725350031278337e-11
1006,3.7797388053433097e-10,1.0190072842210628e-10
1007,3.3080056842898373e-10,1.009150112309216e-10
1008,2.5358184582638245e-10,7.104209972277068e-11
1009,2.632229759416153e-10,6.328450856935655e-11
1010,3.01031593457008e-10,7.757030510023504e-11
1011,3.4504029510146787e-10,1.1113430531913444e-10
1012,3.1966500421090787e-10,1.1295925154663991e-10
1013,2.781775011100236e-10,7.183589284635236e-11
1014,2.1406950858027657e-10,2.5878805850280963e-11
1015,1.748054319803196e-10,8.469111952526877e-12
1016,9.688201680945105e-11,2.629111208322502e-12
1017,6.922373077771412e-11,2.9798038596064314e-12
1018,8.169578157914647e-11,4.442234206442535e-12
1019,9.564201624305325e-11,3.5578581398063464e-12
1020,6.548172393903355e-11,1.0800587924411745e-12
1021,2.9314955690299105e-11,5.707983291942138e-13
1022,2.7600396920916147e-11,3.506875928853679e-12
1023,5.333838390907048e-11,1.4400961172679319e-11
1024,8.822309976289934e-11,3.325539747899641e-11
1025,8.631609534670485e-11,3.763295762045726e-11
1026,6.202744785802823e-11,2.9144729966343035e-11
1027,4.9618835343300173e-11,1.8565366134701752e-11
1028,5.3735984035792844e-11,1.2734145465598228e-11
1029,6.605418618778992e-11,9.66449767146388e-12
1030,6.377045208679467e-11,5.846599250243065e-12
1031,6.239610181108852e-11,2.1496780098903525e-12
1032,8.855788356747613e-11,1.2326887349837537e-12
1033,1.4358728314298927e-10,2.090778769421108e-12
1034,1.6537713283615754e-10,3.377717665229014e-12
1035,1.3503560687077312e-10,4.572402936390818e-12
1036,1.246495057318264e-10,7.634017092601517e-12
1037,1.5296520145317687e-10,1.348012821137064e-11
1038,1.8135407437639092e-10,1.857589148536034e-11
1039,1.8497852026234924e-10,2.2294393226357358e-11
1040,1.6660871932657028e-10,2.446469803286799e-11
1041,1.8753228074731428e-10,3.2570969549324985e-11
1042,2.0248397754335222e-10,3.587089362659956e-11
1043,1.874027691772341e-10,2.6930403831154606e-11
1044,1.4606553614680173e-10,1.3092597121204218e-11
1045,1.0965928061976387e-10,4.1974389819387324e-12
1046,1.1386823995775176e-10,1.843282160790754e-12
1047,1.302342288970397e-10,1.4886360031047793e-12
1048,1.2649808160324845e-10,1.2222581677772625e-12
1049,1.1354144705694195e-10,7.047609759856662e-13
1050,1.1575114729067273e-10,6.305442964626624e-13
1051,1.2246571383229137e-10,8.330537536554773e-13
1052,1.0801272613429198e-10,5.850229790804603e-13
1053,8.519754896068014e-11,1.8884635896707146e-13
1054,8.079792754871498e-11,1.235691443110035e-13
1055,8.977901390267472e-11,6.546160152524726e-13
1056,9.561346497873679e-11,2.5357925088919495e-12
1057,9.984102056066595e-11,6.022008832002733e-12
1058,1.1354377691388288e-10,1.1784522315796959e-11
1059,1.4686539299460746e-10,2.012097543886612e-11
1060,1.8872631614264106e-10,2.8996476528384132e-11
1061,1.8666363758511324e-10,3.133730800999743e-11
1062,1.4518338839448538e-10,2.3609791415866958e-11
1063,1.1451192768316435e-10,1.320307592239149e-11
1064,9.632185702906226e-11,5.60240340334108e-12
1065,7.787909793161867e-11,1.1703038612253718e-12
1066,6.289998511924996e-11,1.6913283515604283e-13
1067,5.525646800404088e-11,4.195094403506386e-14
1068,6.065706898967244e-11,6.64443620816884e-14
1069,5.7490079415457984e-11,1.0568532209114362e-13
1070,6.185568676339523e-11,4.770140379325059e-13
1071,7.926387520812867e-11,1.4438745187940067e-12
1072,1.221236271736136e-10,3.1255244234901344e-12
1073,1.829579882528445e-10,5.140193139036023e-12
1074,1.8496992226433456e-10,4.119122006353845e-12
1075,1.306901343870796e-10,1.6156816696705274e-12
1076,1.011844139819533e-10,7.096901587391651e-13
1077,1.248810432393856e-10,9.255187763079927e-13
1078,1.7975392300147566e-10,2.242470699563783e-12
1079,2.0822563797766922e-10,3.78023881048008e-12
1080,2.2745846679745243e-10,7.124135592185626e-12
1081,2.7700758249150604e-10,1.2380881303509062e-11
1082,4.0803086780413593e-10,2.1899147583705998e-11
1083,5.668710900935804e-10,3.636688410538508e-11
1084,5.901591907041007e-10,4.040607211965603e-11
1085,5.442709096254185e-10,4.087209682377971e-11
1086,5.558130416972153e-10,4.757232094602654e-11
1087,6.158081879137825e-10,4.870528111905273e-11
1088,5.973064780866879e-10,3.909151982495523e-11
1089,4.987126582321765e-10,2.647365212037507e-11
1090,4.966301544491969e-10,3.0202971124656964e-11
1091,7.098363980061319e-10,6.18796428815688e-11
1092,9.942884945833658e-10,9.733631727121985e-11
1093,1.1246279284336059e-09,1.1262754606698615e-10
1094,1.028596867498091e-09,1.0299903983778802e-10
1095,9.808805844453066e-10,9.707505318255607e-11
1096,1.1105215291735231e-09,1.1657096949160667e-10
1097,1.2090821224685132e-09,1.36940938842422e-10
1098,1.0441048230813205e-09,1.1099245072715699e-10
1099,9.915148523389472e-10,1.0935564253598975e-10
1100,1.0804850547477081e-09,1.2140644132563457e-10
1101,1.2071887389422534e-09,1.3549589072858246e-10
1102,1.217924878656136e-09,1.4524302879959602e-10
1103,1.2428027760984422e-09,1.7660450506370097e-10
1104,1.445723400115729e-09,2.3598847052431467e-10
1105,1.7567763001115034e-09,2.8724376644710916e-10
1106,1.7993151118506488e-09,2.6966492543647446e-10
1107,1.3678189281062644e-09,1.8550633179105538e-10
1108,8.451338728922046e-10,9.778602302911105e-11
1109,6.505057509233046e-10,7.122367788192506e-11
1110,6.071910263949358e-10,5.797774255317014e-11
1111,5.944247560105798e-10,4.755682203312588e-11
1112,5.279534761192983e-10,3.438380265784013e-11
1113,4.891332834301963e-10,2.8400139573265374e-11
1114,5.00752065606638e-10,2.3124721907265882e-11
1115,6.167050185399238e-10,2.96062062071211e-11
1116,7.801650617616038e-10,5.295328435792703e-11
1117,8.082621065594376e-10,6.872497538693014e-11
1118,6.74969522281712e-10,5.6328644491198123e-11
1119,5.761671824844203e-10,4.243648039846075e-11
1120,5.604401898956099e-10,4.0215602116718595e-11
1121,5.782748539620523e-10,4.6180321053652945e-11
1122,5.871836709777763e-10,5.390297571588787e-11
1123,6.611521621022432e-10,6.912710063964054e-11
1124,8.088316742088283e-10,8.803222150467206e-11
1125,1.1058730092845156e-09,1.3872966058969678e-10
1126,1.4439834266456993e-09,2.0188113433120338e-10
1127,1.718723247765023e-09,2.600188852020123e-10
1128,1.9390344370897044e-09,2.998164041847159e-10
1129,2.288448051678718e-09,3.735435059041282e-10
1130,2.6462674352470806e-09,4.76211491669842e-10
1131,2.8346733083171488e-09,5.520936489923097e-10
1132,2.914091967846387e-09,6.255923181454198e-10
1133,2.8006448608903285e-09,6.028610063503262e-10
1134,2.91316544662148e-09,6.467991855131722e-10
1135,3.1661878226026833e-09,7.421043240501276e-10
1136,3.230234864536846e-09,7.691597677341138e-10
1137,3.083473935170283e-09,7.489582178248656e-10
1138,2.7566990470038516e-09,6.53792475142126e-10
1139,2.2963049225597956e-09,5.150556663635659e-10
1140,1.6468556395482695e-09,3.4257555124761723e-10
1141,9.792611650763807e-10,1.7661882120425265e-10
1142,6.048975201656817e-10,8.7637324439763e-11
1143,4.5559426287194827e-10,4.3708003805310126e-11
1144,4.38307587492446e-10,2.9392206284858593e-11
1145,4.147492596635937e-10,2.3376728130001956e-11
1146,3.870107520089258e-10,2.1014147435875873e-11
1147,4.43310458081699e-10,2.5206245362793516e-11
1148,6.380070710153129e-10,4.126920391884657e-11
1149,8.146769656749706e-10,5.8118922512717524e-11
1150,7.390752910538244e-10,5.1439293112875746e-11
1151,5.983642098905443e-10,4.051946089304796e-11
1152,5.898255957073162e-10,4.2895652266140036e-11
1153,6.46622643822247e-10,5.19096059864582e-11
1154,6.107177632517219e-10,5.326325681651562e-11
1155,5.258467163890121e-10,5.155945318252959e-11
1156,5.223553821095904e-10,5.707203276721993e-11
1157,7.284662886064417e-10,9.475747958979778e-11
1158,1.0791007094544828e-09,1.617552157242727e-10
1159,1.5650540085279754e-09,2.7357205677736455e-10
1160,2.230273290440254e-09,4.4443512787382476e-10
1161,3.154486735436285e-09,6.937163057868863e-10
1162,3.736586863997707e-09,8.324927305237674e-10
1163,3.6810657950569472e-09,8.877927399021474e-10
1164,3.5208213509030416e-09,9.482446867735155e-10
1165,3.8451091182378244e-09,1.1313806615396587e-09
1166,4.228961192842435e-09,1.2538219943780131e-09
1167,3.6109400926889865e-09,1.0195944865679676e-09
1168,2.5690959036364614e-09,6.687399610382181e-10
1169,2.0444800936286053e-09,4.508232259716741e-10
1170,2.065394643019258e-09,3.8236169327324487e-10
1171,2.0288953898923663e-09,3.2820385249141667e-10
1172,1.4830270223892837e-09,2.0067365462365618e-10
1173,8.998893295580041e-10,9.27546302588643e-11
1174,6.639551472070095e-10,5.698949359682428e-11
1175,6.582399822654106e-10,5.687616423424126e-11
1176,5.986123137912701e-10,5.36115535381861e-11
1177,4.630092786924216e-10,4.8732731571511786e-11
1178,3.848178770225209e-10,4.8136015940299036e-11
1179,3.646506041710985e-10,4.433270185925676e-11
1180,3.4532254339144924e-10,3.189542775212325e-11
1181,2.4388454541057737e-10,1.564184372434237e-11
1182,1.5825987462836617e-10,1.0140990267463117e-11
1183,1.7759979068247473e-10,1.8703623712734955e-11
1184,3.382276954265994e-10,5.370039236418616e-11
1185,5.57246236122816e-10,1.0689440353803837e-10
1186,6.050538444754625e-10,1.2105233475831255e-10
1187,5.693814104638925e-10,1.1249675435226502e-10
1188,6.725197280724087e-10,1.2789100356098844e-10
1189,9.76662413834109e-10,1.9638393254859284e-10
1190,1.280588217813152e-09,2.9172865401693616e-10
1191,1.3561752017136265e-09,3.5137170724116144e-10
1192,1.5000751641890819e-09,4.074071519907729e-10
1193,1.9882366890044713e-09,5.305231516103587e-10
1194,2.8337118164534755e-09,7.578198768051541e-10
1195,3.4648431305492176e-09,9.56076655636717e-10
1196,3.728110659535508e-09,1.0651102887222058e-09
1197,4.192133677099747e-09,1.2493280411111625e-09
1198,4.533939946886679e-09,1.3511055324150663e-09
1199,4.6995926649299325e-09,1.4368562371780708e-09
1200,4.3117432101649695e-09,1.3856910506781522e-09
1201,4.379797570335232e-09,1.4930033361644422e-09
1202,4.763368360800957e-09,1.6121535250292393e-09
1203,5.414719918905126e-09,1.7821781656983873e-09
1204,4.882303298467515e-09,1.498971185289552e-09
1205,3.6278993052292117e-09,1.0393214595625666e-09
1206,2.789044377651429e-09,7.733780240097296e-10
1207,2.1887215119409385e-09,5.423514597554726e-10
1208,1.8457390589258276e-09,4.33504913016662e-10
1209,1.2570980612871557e-09,3.074025287315635e-10
1210,8.629018487767718e-10,2.2212684576721342e-10
1211,7.840105718188608e-10,1.9901934525237144e-10
1212,8.004664090548663e-10,1.744783190172529e-10
1213,6.999140704602771e-10,1.1684236691119798e-10
1214,4.839330535935951e-10,5.592158035439716e-11
1215,3.5364523511221877e-10,2.695456341667555e-11
1216,4.0470684282499987e-10,3.0242316257073455e-11
1217,5.783239009366398e-10,5.5820060867598754e-11
1218,6.356895991761084e-10,7.681155162453037e-11
1219,5.457681498395448e-10,8.047188039749965e-11
1220,4.901979609864095e-10,8.289916964494936e-11
1221,6.101705433831338e-10,1.1826653641912237e-10
1222,8.330645250503995e-10,1.80792550083199e-10
1223,8.984464200086648e-10,2.1155149311069074e-10
1224,8.438223141960276e-10,2.0806633598265383e-10
1225,8.39051157054221e-10,2.0066702650409272e-10
1226,1.0954173296898507e-09,2.615853406653079e-10
1227,1.5255067473351754e-09,3.9970058137768733e-10
1228,1.859031808751163e-09,5.810048073662632e-10
1229,2.0543330548657613e-09,7.258986638656798e-10
1230,2.0913894382429966e-09,7.260981781499033e-10
1231,2.0801070565860365e-09,6.842793362395077e-10
1232,2.0817315524522837e-09,6.450392858808271e-10
1233,2.102546729771648e-09,6.2929382008418e-10
1234,2.270270275521723e-09,6.818033358111599e-10
1235,2.519876763676637e-09,7.573444693390462e-10
1236,2.2177771363270218e-09,5.831257068714084e-10
1237,1.6545913490555897e-09,3.6978812626944637e-10
1238,1.2062068300678274e-09,2.297420510819952e-10
1239,1.0364387686907585e-09,1.814352131834471e-10
1240,9.638280872655588e-10,1.7506384387326283e-10
1241,7.769732025288033e-10,1.632207747642988e-10
1242,6.775141298299836e-10,1.7949263395426676e-10
1243,6.7972622046735e-10,2.0098206957225573e-10
1244,7.122386088996166e-10,1.9008496730129344e-10
1245,6.228669769475778e-10,1.3869128792734054e-10
1246,4.6214332722127576e-10,8.627741654144241e-11
1247,3.4803954998442877e-10,5.136820783441644e-11
1248,3.476531553366799e-10,4.527562115909426e-11
1249,3.519506630122006e-10,4.559835093345249e-11
1250,2.9611291465912826e-10,4.076448420869095e-11
1251,2.228317359110936e-10,3.406912579572846e-11
1252,2.5906998539949877e-10,4.98874563637808e-11
1253,4.2924764630953485e-10,1.1358542279401646e-10
1254,8.408456367882976e-10,3.095022725152799e-10
1255,1.3715884894799508e-09,6.289606108269532e-10
1256,1.7712724987091226e-09,8.847131956405737e-10
1257,2.125664282711083e-09,1.0785149852180853e-09
1258,2.71581689455773e-09,1.3199316102069142e-09
1259,3.6481286017189995e-09,1.7377420219791646e-09
1260,4.278438521148783e-09,2.1104966051870944e-09
1261,4.2286381637705494e-09,2.150185807505729e-09
1262,3.5034862459521006e-09,1.713988297755505e-09
1263,2.884280704318131e-09,1.2724455997478432e-09
1264,2.5681897236975288e-09,9.888529338317227e-10
1265,2.4349672459015635e-09,8.422461642908103e-10
1266,2.367980604965242e-09,7.879180981517756e-10
1267,2.3159587152622226e-09,7.37216919415852e-10
1268,2.3521951352527522e-09,7.351908306105051e-10
1269,2.469891766669735e-09,7.319708343478016e-10
1270,2.5220838988812126e-09,6.967524519799643e-10
1271,2.458157430623152e-09,6.500129568352514e-10
1272,2.2130091010035274e-09,5.52740153781437e-10
1273,1.9665490957755776e-09,4.511852240878023e-10
1274,1.6230222536394313e-09,3.305776480399754e-10
1275,1.197557615133226e-09,2.1779632550568638e-10
1276,8.773105509868337e-10,1.388988652425901e-10
1277,6.810673671097178e-10,9.22432775813101e-11
1278,5.613308911111625e-10,6.13413041858872e-11
1279,4.13383352977232e-10,3.109554360641611e-11
1280,2.6742691849562653e-10,1.4446614804504116e-11
1281,2.107973207296438e-10,1.1659802465637293e-11
1282,2.5102745411703293e-10,2.109640799251528e-11
1283,3.446881781344639e-10,4.5858272277010374e-11
1284,4.038395764057198e-10,7.891433598576708e-11
1285,4.4338323037505846e-10,1.2101132606578653e-10
1286,5.430418137926185e-10,1.7523937137383346e-10
1287,6.758410949113462e-10,2.5047577418578813e-10
1288,9.002145006209455e-10,3.8400256508508785e-10
1289,1.1998244191464807e-09,5.788889880624995e-10
1290,1.6791553727159347e-09,7.989660428169191e-10
1291,2.1492037522240115e-09,8.972939643759741e-10
1292,2.0717978753689e-09,7.204587475310883e-10
1293,1.4882980239678892e-09,4.1173774827653634e-10
1294,1.062548243434575e-09,2.2448984689194148e-10
1295,1.0487325726467331e-09,1.8199421053449436e-10
1296,1.0931181187468697e-09,1.7258993087103995e-10
1297,8.900014677872706e-10,1.3936534181909337e-10
1298,6.13234813551542e-10,9.116585628747586e-11
1299,5.274754770178887e-10,6.524240867325062e-11
1300,6.941453342618859e-10,7.488477545155624e-11
1301,9.267278518631893e-10,9.62027706967626e-11
1302,9.896197403314738e-10,1.0136210304145302e-10
1303,9.673927428436514e-10,8.949414100187937e-11
1304,9.638206981141141e-10,7.336829340161787e-11
1305,9.355364253075678e-10,5.78654417325693e-11
1306,7.141470171460834e-10,3.3434240950899826e-11
1307,4.5670658162629936e-10,1.5594083157846426e-11
1308,3.70199328558426e-10,1.2425733673237355e-11
1309,3.4969210211072427e-10,1.16589160220765e-11
1310,2.889381785364911e-10,7.479729952442311e-12
1311,1.5697105005613517e-10,1.910858129017913e-12
1312,7.899330929815542e-11,4.747841300837831e-13
1313,6.725576746690622e-11,3.0241225083310553e-13
1314,8.925650870959815e-11,1.0825979667919376e-13
1315,7.943525411017358e-11,1.1535179292476737e-13
1316,6.842583278454292e-11,2.9859136776808066e-12
1317,1.1297677018628388e-10,2.2432002967514504e-11
1318,2.1317567675500227e-10,6.650960215643981e-11
1319,3.553921251922794e-10,1.1873155452511234e-10
1320,4.932763627105294e-10,1.7393100317918077e-10
1321,6.388301143454758e-10,2.2054270728140277e-10
1322,8.470189380717362e-10,2.439968587330665e-10
1323,9.051899164152751e-10,1.9275492538140365e-10
1324,6.846608525100937e-10,1.0319488398903355e-10
1325,4.522847311345209e-10,4.650608115070294e-11
1326,4.202123682474161e-10,3.414743897485267e-11
1327,5.729353233352606e-10,5.0426649828047697e-11
1328,5.856696254552928e-10,5.217236503287525e-11
1329,4.1357300590375965e-10,3.1696215586694636e-11
1330,2.8866986096803447e-10,1.4267366269859837e-11
1331,3.871483570924606e-10,1.7400541774453967e-11
1332,7.417376893231623e-10,4.5412216495956785e-11
1333,1.044523961177891e-09,8.064906844824404e-11
1334,9.79715482422444e-10,7.399961702073317e-11
1335,7.943314481231068e-10,5.1897694588229346e-11
1336,6.856020750006437e-10,3.719302204751682e-11
1337,4.507443717538296e-10,1.6959923819740303e-11
1338,1.6711155209651843e-10,3.4185063128083114e-12
1339,4.380925016906072e-11,2.2707045680163344e-13
1340,1.3948620508839987e-11,2.4393441083565522e-15
1341,1.31842242816932e-11,1.5359496797116992e-13
1342,1.6041180360942664e-11,2.540373151528073e-12
1343,1.6341947625532654e-11,1.6212707949883693e-11
1344,1.8487689846175975e-11,2.993155318317472e-11
1345,2.249004978179271e-11,3.093717287307773e-11
1346,3.7199987454697005e-11,3.355188977340493e-11
1347,7.790993176585928e-11,6.961648037250033e-11
1348,1.3916445567636871e-10,1.4315520887153564e-10
1349,2.0574605516480927e-10,1.869338896541866e-10
1350,2.9575809026678466e-10,2.242733247399443e-10
1351,4.517591313282499e-10,3.01105198983603e-10
1352,6.133975939847551e-10,3.9091884491701466e-10
1353,8.019333444384654e-10,4.533624394922379e-10
1354,9.598703318076692e-10,4.1998724599509956e-10
1355,1.0753979659592532e-09,3.5995885580657134e-10
1356,9.594651424864578e-10,2.668458558688689e-10
1357,7.103153144982597e-10,1.7428138519425937e-10
1358,6.203836894555164e-10,1.3123451987708708e-10
1359,5.953283774916858e-10,1.0108577101995828e-10
1360,5.660301827157393e-10,7.710370794745005e-11
1361,4.704754894771545e-10,5.0624782052435124e-11
1362,3.985050122786356e-10,3.2468489352442594e-11
1363,3.665287710375114e-10,2.2624811865380256e-11
1364,3.5133406721334923e-10,1.540199587366346e-11
1365,2.560107151473404e-10,4.4368265696607735e-12
1366,1.6240033390820637e-10,8.787451456705854e-13
1367,1.1311407469223904e-10,5.90565713597884e-13
1368,8.881032021414764e-11,3.800576748702108e-13
1369,4.9103380956820206e-11,2.0301865546132994e-15
1370,2.057947985896434e-11,2.1314061700469224e-13
1371,3.646168472218847e-11,9.68276199414301e-12
1372,7.67791214476831e-11,4.5904443523785424e-11
1373,1.1716127826477068e-10,9.464137616577944e-11
1374,1.551564242704796e-10,1.8205632664978429e-10
1375,2.3682989951577123e-10,3.5338294005718557e-10
1376,3.851034663957041e-10,5.810686876630843e-10
1377,6.224755316833161e-10,7.812313123280563e-10
1378,8.936367758987963e-10,9.218787662672336e-10
1379,9.162655148341995e-10,8.819135003403707e-10
1380,7.923567015524569e-10,7.332300717752741e-10
1381,8.014891761344953e-10,6.472211187362897e-10
1382,1.0498842767293845e-09,6.423625044191202e-10
1383,1.4745873048822842e-09,7.492865293620205e-10
1384,1.6858818857389128e-09,7.869421367762728e-10
1385,1.737314431241227e-09,6.85945664402328e-10
1386,1.8714446348611027e-09,5.648603413485348e-10
1387,2.0732237676043448e-09,4.6506470532478323e-10
1388,1.79644703476024e-09,3.00897034403634e-10
1389,1.362227324642803e-09,1.8087764941886726e-10
1390,1.1319955039872221e-09,1.1377684813439701e-10
1391,9.668662280395711e-10,7.0721841685574e-11
1392,7.894268238155007e-10,5.003219612765876e-11
1393,5.581625438966213e-10,2.8405965456631682e-11
1394,5.707047887214497e-10,3.400531937538443e-11
1395,7.0754622532995e-10,4.7852369242412354e-11
1396,7.469473571304313e-10,5.4659325685530534e-11
1397,5.286697766524132e-10,3.660834845165814e-11
1398,3.1107537388107547e-10,1.7796769016588453e-11
1399,2.467824653702487e-10,1.1524042206693226e-11
1400,2.0566982139859173e-10,6.2099008597830575e-12
1401,9.780054525352323e-11,1.2853301908132562e-12
1402,2.8351736540375188e-11,2.602790850260488e-14
1403,1.571959750031999e-11,6.056571272428932e-15
1404,3.4991921989949275e-11,2.9207230243552222e-12
1405,7.582644017968789e-11,2.4769284405831642e-11
1406,1.0354198658304323e-10,7.18762215636125e-11
1407,1.1241518906676744e-10,1.0782754221468557e-10
1408,1.282234868459613e-10,1.0321431009503665e-10
1409,2.3321429853190185e-10,1.2407461951462122e-10
1410,4.2748260464131353e-10,2.0750757995372862e-10
1411,5.82298350486473e-10,3.228827300425917e-10
1412,7.433191404834012e-10,4.166065347099572e-10
1413,1.0756883257292905e-09,4.683287814039623e-10
1414,1.6253626850870909e-09,5.07695043237315e-10
1415,1.9476472063471722e-09,5.193227297340342e-10
1416,1.8503829464352113e-09,4.4827842824641124e-10
1417,1.7945489042635135e-09,3.6296363446227446e-10
1418,2.051675153425753e-09,3.25380140440139e-10
1419,1.7975150135354137e-09,2.0976370011667095e-10
1420,1.1323010066935215e-09,9.687078879132514e-11
1421,6.928086735595462e-10,4.4484163261114686e-11
1422,5.784051180515392e-10,3.0024512699648107e-11
1423,6.023588597595946e-10,3.260415550073752e-11
1424,4.1811598380156884e-10,1.7251849482774784e-11
1425,2.180900947837496e-10,5.445693466829612e-12
1426,1.8968856872057238e-10,5.027273086695344e-12
1427,2.51379296706345e-10,7.593066942054195e-12
1428,2.736636868080505e-10,8.23113214632963e-12
1429,1.6326124424561467e-10,3.1962489073819476e-12
1430,7.927080092180981e-11,8.197451868221944e-13
1431,7.809077860716048e-11,5.976921956813768e-13
1432,1.1040786931275756e-10,8.019549965188878e-13
1433,8.54499801106463e-11,3.1674023042935045e-13
1434,2.9871810984403743e-11,2.914194950732566e-15
1435,1.7583646003795855e-11,1.9708992184097395e-15
1436,3.8785808619695196e-11,7.26353521761937e-13
1437,9.300864896574516e-11,1.0771884993936132e-11
1438,1.7258482685719488e-10,6.212377249529274e-11
1439,3.164568932607898e-10,2.0789243915493265e-10
1440,5.960787151309999e-10,4.312039484557016e-10
1441,1.1014108549307271e-09,7.21933063309085e-10
1442,1.6763201029570068e-09,1.0148222370787096e-09
1443,1.7879907795167912e-09,1.017246541930712e-09
1444,1.8597438627975691e-09,9.563777067616974e-10
1445,2.191108954935464e-09,9.35797196559909e-10
1446,2.614325666937933e-09,9.460929888101382e-10
1447,2.7396497367444837e-09,9.178580812308129e-10
1448,2.342191961540723e-09,7.176426468687663e-10
1449,2.0978509551399217e-09,5.779449869078975e-10
1450,2.0007020238480283e-09,5.027953370884295e-10
1451,1.5687462821034502e-09,3.580402090054608e-10
1452,1.0357049919566148e-09,2.3068432057463346e-10
1453,7.449859959833652e-10,1.6627508246516193e-10
1454,7.177737457712694e-10,1.4461238552183095e-10
1455,7.262902584354338e-10,1.1720093618322e-10
1456,5.385256488596952e-10,6.121625164441028e-11
1457,3.0206023146078233e-10,1.865080611473679e-11
1458,2.481984876683803e-10,1.0537562044027617e-11
1459,3.3184552382074544e-10,1.4567983795430916e-11
1460,4.196950488446515e-10,2.0609506436634795e-11
1461,3.3391708718501673e-10,1.466742269746219e-11
1462,2.0366043272938366e-10,5.7155130427276925e-12
1463,1.6202031073723003e-10,3.466743442879454e-12
1464,1.5166159243007143e-10,2.550637412279678e-12
1465,1.067546027381236e-10,6.551229726671749e-13
1466,6.401472751919606e-11,8.243437278747566e-14
1467,5.226936742708068e-11,9.917535141611164e-14
1468,6.24043409696781e-11,4.622811363672169e-13
1469,7.926346990767778e-11,1.518106840915308e-12
1470,8.043270975240524e-11,3.0534634677430195e-12
1471,8.461454985821096e-11,5.9331274290251795e-12
1472,1.0163743257648195e-10,9.794563325099741e-12
1473,1.379889295588288e-10,1.602968474859606e-11
1474,1.9505622030854102e-10,2.4315500449893202e-11
1475,2.477458136790544e-10,3.1680028073870296e-11
1476,3.777505586145728e-10,5.398732994785855e-11
1477,6.256672382734271e-10,1.0185253052941069e-10
1478,9.90970666278613e-10,1.6852645181764452e-10
1479,1.2952989259407504e-09,2.0381161574515992e-10
1480,1.3770322088926104e-09,1.8719723582033414e-10
1481,1.282192732699716e-09,1.397702771224801e-10
1482,1.1557366466246282e-09,1.0486727811359538e-10
1483,1.0003902914035478e-09,7.622152722715392e-11
1484,8.835660689745412e-10,6.431693756247566e-11
1485,7.948321634899899e-10,5.5739554349603434e-11
1486,7.577574514221669e-10,5.153762260230376e-11
1487,6.520668848960826e-10,3.743609153066999e-11
1488,4.98844748065226e-10,2.214837196170201e-11
1489,4.3250619219001353e-10,1.6381182244424585e-11
1490,5.252071867569177e-10,2.2895156749193406e-11
1491,7.370527694364319e-10,3.871219414664676e-11
1492,1.0257634903161664e-09,7.18447029923071e-11
1493,1.2345132933103029e-09,1.0373777980934379e-10
1494,1.3199150496001014e-09,1.1479388370658957e-10
1495,1.1501908956259386e-09,8.59951221781798e-11
1496,8.135390714271864e-10,4.9811093694825696e-11
1497,4.6503889006338855e-10,1.911596067180536e-11
1498,2.600542415637477e-10,5.767712548650673e-12
1499,1.578716507774231e-10,1.2497587621110523e-12
1500,1.0626134948999473e-10,4.2576375191178513e-13
1501,7.064589195367878e-11,6.757346175877322e-13
1502,6.748289374838458e-11,2.2871366609922186e-12
1503,7.343292053654615e-11,3.790594492330435e-12
1504,9.615886286337969e-11,4.181444480090787e-12
1505,1.4675463302690262e-10,5.262346510278769e-12
1506,2.366250211853024e-10,8.926973998871929e-12
1507,3.218899801482557e-10,1.4244233478201542e-11
1508,4.1276865910246436e-10,2.394325439940497e-11
1509,5.364994721071541e-10,3.749261765241155e-11
1510,7.049763267074362e-10,5.3868768620847547e-11
1511,7.910559079262166e-10,5.968371949220194e-11
1512,8.229904227729574e-10,6.15523525607938e-11
1513,9.538901123913878e-10,7.661155127634878e-11
1514,1.2984287460816126e-09,1.20440370399297e-10
1515,1.7313975815052452e-09,1.803357593566421e-10
1516,1.7747556486864767e-09,1.849102959894628e-10
1517,1.4931349328050597e-09,1.4344224057237502e-10
1518,1.2011576741231512e-09,9.655382924808809e-11
1519,1.0102480238419789e-09,6.7508231254562e-11
1520,7.810978872367984e-10,3.961681571959138e-11
1521,5.317473397018701e-10,1.9378674961285598e-11
1522,4.409291006393941e-10,1.469338954595642e-11
1523,5.404794282875794e-10,2.072348317870028e-11
1524,7.49203565258113e-10,3.556841507365419e-11
1525,8.922597016101485e-10,5.0588682016488034e-11
1526,7.382640748343065e-10,3.577936895415066e-11
1527,5.698255402628435e-10,2.3744845622997685e-11
1528,4.654732095634663e-10,1.7366008873777354e-11
1529,3.050577798112514e-10,7.386907002865033e-12
1530,1.186288168171427e-10,8.737094766066957e-13
1531,2.4154898336766148e-11,1.2032895857668085e-13
1532,1.8775494311658328e-11,1.523167291449633e-12
1533,3.298578252876493e-11,9.963120572887369e-12
1534,5.631159285334338e-11,3.067284854589016e-11
1535,6.983427870197215e-11,5.231472319118189e-11
1536,6.978059186431372e-11,4.713206030580334e-11
1537,1.0259950855888679e-10,3.6335590285768007e-11
1538,3.274094622089791e-10,6.708675935869385e-11
1539,7.593787193850999e-10,1.5220371516275015e-10
1540,9.17915520368205e-10,2.155071081485383e-10
1541,9.792977746977158e-10,2.4501164277904896e-10
1542,1.1994675982528068e-09,2.766940101178017e-10
1543,1.445146305378455e-09,3.259364812466345e-10
1544,1.4898941047807402e-09,4.011213645726359e-10
1545,1.4168224667183755e-09,4.3520876718914954e-10
1546,1.5859118892998333e-09,4.923408161410277e-10
1547,1.811600298439302e-09,5.204022049478901e-10
1548,1.9443312787573637e-09,5.497247791004633e-10
1549,2.045554347254671e-09,6.045889034547386e-10
1550,2.4490982059916075e-09,7.409776442239361e-10
1551,2.866059931278529e-09,8.42314417754652e-10
1552,2.5910460910583427e-09,7.028589203972453e-10
1553,1.80889000564884e-09,4.3058953731124676e-10
1554,1.2780117767878563e-09,2.3644506504961386e-10
1555,1.1671810891765084e-09,1.599825433700826e-10
1556,1.077495421902195e-09,1.115661487290032e-10
1557,8.248829251020153e-10,6.939939095210446e-11
1558,5.674915280073091e-10,3.939721109162813e-11
1559,5.15035558022399e-10,3.088754765439676e-11
1560,5.877559539269067e-10,3.6947837225803716e-11
1561,5.284033151704144e-10,3.391435714361763e-11
1562,3.224431890406554e-10,2.157592396072957e-11
1563,1.9967839712122689e-10,1.896773095823232e-11
1564,1.6900442023650012e-10,2.5089795107785426e-11
1565,1.6497241375025736e-10,2.6443358689458376e-11
1566,1.2942878261197685e-10,2.236899350039333e-11
1567,1.0503239408801818e-10,1.9180272248718457e-11
1568,1.0726389975396679e-10,1.9014725599193872e-11
1569,1.4356285281875907e-10,2.373776904314066e-11
1570,2.066331623240604e-10,3.8191643775650573e-11
1571,2.898181991548939e-10,6.482286298719595e-11
1572,4.447611115034479e-10,1.2070878895407574e-10
1573,7.628766860549215e-10,2.3729924190118564e-10
1574,1.113819083050384e-09,4.0446109153453156e-10
1575,1.3838327747879173e-09,6.032903521169293e-10
1576,1.6858101627246127e-09,8.391318370983878e-10
1577,2.25080674875855e-09,1.1191052013895702e-09
1578,2.9286143350679176e-09,1.3534311247780107e-09
1579,3.1637271515560393e-09,1.371602885954902e-09
1580,2.8680505451476613e-09,1.1696484318279803e-09
1581,2.6402027990201075e-09,9.771981511275238e-10
1582,2.48288490170291e-09,8.168330050668637e-10
1583,2.1115086821869367e-09,6.423235260708002e-10
1584,1.4113796300283358e-09,4.029969694390741e-10
1585,8.770759519928461e-10,2.3435049331176537e-10
1586,6.299768081981894e-10,1.5078526400782198e-10
1587,4.695026012462165e-10,9.71843193089222e-11
1588,2.858013612802149e-10,5.002557272787293e-11
1589,1.6126140805484647e-10,2.5044330916534892e-11
1590,1.171536304328704e-10,1.5720994740716894e-11
1591,1.296383301163016e-10,1.4844592303837325e-11
1592,1.8229279260079625e-10,2.1827194671745064e-11
1593,2.2629789837243292e-10,3.131644252625805e-11
1594,2.2499640318529595e-10,3.113844747534258e-11
1595,2.0815350997773235e-10,2.2808418790451775e-11
1596,1.9176265312515787e-10,1.4265861196078703e-11
1597,1.419450163138259e-10,6.033417529254546e-12
1598,7.761204433160229e-11,1.572720595118055e-12
1599,4.5100929355862785e-11,6.186999795989173e-13
1600,3.5168116777053866e-11,6.260155262589279e-13
1601,3.440839067275736e-11,7.469962514808519e-13
1602,3.62771112963649e-11,1.5005755472996743e-12
1603,4.985947337872824e-11,3.5557494201557752e-12
1604,8.757905304333144e-11,8.422358387756306e-12
1605,1.7420150976477427e-10,2.3376139226212134e-11
1606,2.9656581285054327e-10,5.305412234170544e-11
1607,4.4100282986251247e-10,1.0369949805170517e-10
1608,6.323640889978991e-10,1.8494140921330826e-10
1609,1.0079782729649603e-09,3.4914774541899936e-10
1610,1.4554680500031275e-09,5.743463434972573e-10
1611,1.6535038391149234e-09,7.100162582593214e-10
1612,1.6606817499576168e-09,6.982586210020054e-10
1613,1.5018377722008433e-09,5.421293956956654e-10
1614,1.2192138024181636e-09,3.5510152864971247e-10
1615,8.061940249948227e-10,1.9617131723576507e-10
1616,5.007568483397159e-10,1.038604164854232e-10
1617,3.69418358373829e-10,6.547066495765467e-11
1618,2.7414497830311166e-10,3.6053117783326874e-11
1619,1.5515665572910292e-10,1.2203139175996984e-11
1620,8.179780090287413e-11,3.4454981303834994e-12
1621,6.312615409345345e-11,1.610508992343569e-12
1622,8.807208441854628e-11,2.1670934022601807e-12
1623,1.0966487156065772e-10,2.6711487485950823e-12
1624,7.93948551508422e-11,1.4279925614469322e-12
1625,4.327115597119352e-11,1.012553419776664e-12
1626,4.119381279194306e-11,2.932091359025655e-12
1627,6.042850015363889e-11,9.963511498609871e-12
1628,1.0485930252255306e-10,3.3789519147452506e-11
1629,1.6140812211999987e-10,8.569067747847412e-11
1630,1.8325543370554667e-10,1.2399126490148003e-10
1631,1.4415257707372815e-10,8.810004707751452e-11
1632,8.852105809043971e-11,3.548736652561353e-11
1633,5.739765122320628e-11,1.132641769287366e-11
1634,5.042941185777803e-11,5.477475289391621e-12
1635,5.5371307847737715e-11,5.747248910990643e-12
1636,7.516857461548767e-11,1.0036255865764534e-11
1637,1.0304506841000455e-10,1.7381013183128458e-11
1638,1.3714731815850177e-10,2.7517358770753685e-11
1639,2.1046285692182942e-10,5.5410404464942454e-11
1640,3.8990090708175507e-10,1.464548758074711e-10
1641,8.190966659732525e-10,4.1281333437814925e-10
1642,1.522127113126956e-09,8.661782685706646e-10
1643,2.083497633730931e-09,1.2316817581672035e-09
1644,2.278813131470771e-09,1.2940727049563451e-09
1645,2.192076785771232e-09,1.090296237688889e-09
1646,2.2996481261172363e-09,9.87383108507344e-10
1647,2.387486760912202e-09,9.459762726524132e-10
1648,1.8671246743872568e-09,7.295522648078276e-10
1649,1.1839928830879117e-09,4.703005028865187e-10
1650,7.662910408171065e-10,2.8201943742072043e-10
1651,5.963856539485231e-10,1.7546347707793178e-10
1652,5.463358458902525e-10,1.417703113509495e-10
1653,4.958213846189924e-10,1.3876391587973299e-10
1654,4.4441155819818405e-10,1.3642885457047657e-10
1655,3.948445023399198e-10,1.1291100451862123e-10
1656,3.1563811368104437e-10,6.687591416955341e-11
1657,2.2531462061734379e-10,3.1804951959406446e-11
1658,1.5157876494691205e-10,2.075210002841518e-11
1659,1.550678672284034e-10,3.460496377839354e-11
1660,2.135669802907862e-10,7.928192137198293e-11
1661,2.8107868700200896e-10,1.391779022423144e-10
1662,3.2470801879936443e-10,1.863328771617393e-10
1663,3.451797428542365e-10,1.9356239044020973e-10
1664,4.016361225268855e-10,2.0832629427967407e-10
1665,4.491386285265909e-10,2.1199360295043467e-10
1666,4.0921955728841687e-10,1.7900959281432153e-10
1667,2.993134213045428e-10,1.1441187978899787e-10
1668,2.213910796671676e-10,7.078415836107417e-11
1669,2.149277839588359e-10,5.814689029272066e-11
1670,2.5581443319390663e-10,7.209339318492652e-11
1671,3.484289058509887e-10,1.2437588176445073e-10
1672,5.38262458437271e-10,2.231956381778133e-10
1673,9.001179389689147e-10,3.827358157159762e-10
1674,1.5061000271166175e-09,6.261573120907755e-10
1675,2.2522334373030506e-09,9.357117090546008e-10
1676,2.9021098066080944e-09,1.2007984090395492e-09
1677,3.3688049634901082e-09,1.3679257050437794e-09
1678,3.356984613493583e-09,1.3041963095872224e-09
1679,2.5344501819434547e-09,8.68752518709504e-10
1680,1.4700389671506965e-09,4.214632461603001e-10
1681,7.52792307890715e-10,1.5784658776435627e-10
1682,4.976608440775627e-10,7.43865835237621e-11
1683,3.7744862439239614e-10,4.4111314173130317e-11
1684,3.1662188424400434e-10,4.3334517226227665e-11
1685,3.013874018532194e-10,5.895727516829776e-11
1686,3.61286591581709e-10,8.53143716218502e-11
1687,4.149227354636826e-10,8.849337158090848e-11
1688,4.23688518177166e-10,6.432404338037318e-11
1689,3.2438136693342307e-10,2.940630639932176e-11
1690,2.3231936449606277e-10,1.0987141557656129e-11
1691,1.6025130016979753e-10,3.963532073814477e-12
1692,9.956405931404239e-11,1.96259002923258e-12
1693,4.4109840790599185e-11,1.496658076060081e-12
1694,2.899000142360675e-11,3.698633692192482e-12
1695,2.971338006180126e-11,9.153616154486604e-12
1696,3.898519852152114e-11,1.1454319120242452e-11
1697,5.534408550757666e-11,1.1069856006246456e-11
1698,8.072995586104158e-11,1.5578112328033243e-11
1699,1.1880729189727496e-10,3.1229933719943824e-11
1700,1.8341726916148136e-10,5.778325418506558e-11
1701,3.3284349205229925e-10,1.1206097419861269e-10
1702,5.492915489287142e-10,1.8087915158583625e-10
1703,6.267724761046609e-10,1.9427891970051367e-10
1704,6.44821865869723e-10,1.8475065600500635e-10
1705,7.364396883226324e-10,1.7956449451093659e-10
1706,1.0107186625609034e-09,2.0236645239894633e-10
1707,1.2990656551220866e-09,2.329657038277833e-10
1708,1.1771063258693101e-09,1.8951487122096054e-10
1709,8.759377652518923e-10,1.176149444680801e-10
1710,7.231441781312049e-10,7.761248176121642e-11
1711,7.089525185669645e-10,5.970579621255945e-11
1712,6.533550763207028e-10,4.6699175226263695e-11
1713,5.834910251547028e-10,4.055931557894266e-11
1714,6.335661164562154e-10,4.8854646240936747e-11
1715,8.260406236900835e-10,6.603056309836474e-11
1716,9.451792933095231e-10,7.125208556766097e-11
1717,6.783001685764115e-10,3.617368376031313e-11
1718,4.1676473784386775e-10,1.5244041472748878e-11
1719,3.168572478285018e-10,8.791905063652169e-12
1720,2.8605034704422964e-10,5.411720946853054e-12
1721,1.941417388154534e-10,1.6708731250846415e-12
1722,4.892891688223379e-11,5.1800414906094576e-15
1723,9.614502134909309e-12,2.988553503171039e-14
1724,8.60542559774282e-12,3.9503013320045433e-13
1725,8.894059074190711e-12,6.712884699792693e-13
1726,1.022398293599649e-11,2.581307202427345e-12
1727,1.292726496669167e-11,9.407660731222851e-12
1728,1.8592418279185345e-11,1.5477882689269203e-11
1729,3.308645141952099e-11,1.4081107055098676e-11
1730,8.077861794674643e-11,2.6708558424525733e-11
1731,1.5682285959850484e-10,6.495239696379772e-11
1732,1.9766636124571058e-10,9.997030188446956e-11
1733,2.0679393287787814e-10,9.505257882662411e-11
1734,2.35461391942283e-10,7.191206153531587e-11
1735,2.715004357232149e-10,5.704709674936258e-11
1736,2.8407173850115703e-10,5.681892013896399e-11
1737,3.3131936377073047e-10,7.239461172366997e-11
1738,5.167197952511538e-10,1.0124790812925696e-10
1739,7.06495392890659e-10,1.0136633904278665e-10
1740,6.921554900210405e-10,7.262346050060169e-11
1741,4.252313266042699e-10,3.2186734388210824e-11
1742,3.042790523823584e-10,2.1115663294749614e-11
1743,2.852185154332866e-10,2.4708743869305867e-11
1744,3.3098277009296607e-10,4.362334503903237e-11
1745,3.3584894225319617e-10,6.403570728382078e-11
1746,3.576071931320708e-10,7.374457797863549e-11
1747,3.946745077120071e-10,5.95328093220746e-11
1748,3.859312352612669e-10,3.2769489563778216e-11
1749,2.7435280871820257e-10,1.1762480108818647e-11
1750,1.2936896341411274e-10,2.2269706554029864e-12
1751,7.558973650033189e-11,3.4602974804447283e-13
1752,4.3194392875032485e-11,3.1901579399201743e-14
1753,1.4281147805702223e-11,2.374149005123578e-14
1754,7.792843603052673e-12,5.041165340465813e-13
1755,7.550633207105867e-12,1.4762985275637155e-12
1756,9.464628989167237e-12,1.0845289673500352e-12
1757,1.264251155085357e-11,1.9659295237049963e-12
1758,1.7100195311755714e-11,9.718521740850537e-12
1759,2.966177482499282e-11,3.308421537577116e-11
1760,6.48378502669932e-11,6.07153659372769e-11
1761,1.668506069740121e-10,1.1430279762763283e-10
1762,3.5718239918874684e-10,2.3066662878903405e-10
1763,5.340450310139106e-10,3.733419793418329e-10
1764,7.357162903424844e-10,4.933551680922955e-10
1765,1.09858062702702e-09,5.737969530662419e-10
1766,1.7292909688096715e-09,7.258738266166076e-10
1767,1.9593423581197342e-09,7.388707332453269e-10
1768,1.8473304315912466e-09,6.236707567932208e-10
1769,1.8999836935993805e-09,5.493449785244542e-10
1770,2.14464226437671e-09,5.245292624860681e-10
1771,2.1140398549071103e-09,4.56283596270488e-10
1772,1.6115506531722803e-09,3.307557014913231e-10
1773,1.0910084967570097e-09,1.9505592458269298e-10
1774,8.188898634021529e-10,1.0072987790436432e-10
1775,6.877386720510621e-10,5.99589472607458e-11
1776,5.248241607730809e-10,3.452182686609329e-11
1777,4.524353774145645e-10,3.154561623804706e-11
1778,4.465667837726035e-10,4.196322996797844e-11
1779,4.765747390566439e-10,5.242605718742737e-11
1780,3.453117840324194e-10,3.595626764761791e-11
1781,1.9113071612549497e-10,1.879267191828224e-11
1782,1.0190493099492692e-10,8.387836067361976e-12
1783,7.786108660306135e-11,4.5479123728574034e-12
1784,5.4835880380712896e-11,3.4701226404630446e-12
1785,3.1368275280110184e-11,2.1171127953454212e-12
1786,1.7936369361949223e-11,1.172754090958439e-12
1787,1.3523815415083407e-11,9.82869038486158e-13
1788,1.2918396508548765e-11,1.626374711365631e-12
1789,1.6302217742683707e-11,6.377182695370471e-12
1790,3.301481073473606e-11,2.1027262604340372e-11
1791,7.146084654941431e-11,3.8711928369145895e-11
1792,1.3309218864445186e-10,5.926780524401042e-11
1793,1.7673941156612314e-10,7.819888375355114e-11
1794,1.8855582204162941e-10,9.053913284271723e-11
1795,2.536153640615572e-10,1.2674166888558636e-10
1796,4.613470212137999e-10,2.0231027136287235e-10
1797,7.030191474600402e-10,2.7738112608424206e-10
1798,7.891177198446771e-10,3.0839900665939685e-10
1799,7.601518861985192e-10,2.639952132228355e-10
1800,8.794534334220435e-10,2.2646531873156202e-10
1801,1.170000026895248e-09,2.681915662971256e-10
1802,1.1322857542731304e-09,2.8436088626485733e-10
1803,8.682876555664912e-10,2.599158253812327e-10
1804,7.608210964509813e-10,2.5348006557013007e-10
1805,7.018753396141948e-10,2.013763377055758e-10
1806,4.796124939543922e-10,1.01712638316837e-10
1807,2.457778803969049e-10,4.0380564044711273e-11
1808,1.5129872184745756e-10,1.7393786264445825e-11
1809,1.5978626348882276e-10,1.0521322621718514e-11
1810,2.2539868860928608e-10,1.16564971326405e-11
1811,2.1138894611069365e-10,1.1888155813005344e-11
1812,1.6746373075026872e-10,1.326950888010251e-11
1813,1.9451420893147708e-10,2.3529619257532255e-11
1814,2.637891976874092e-10,4.2467137386694475e-11
1815,2.608026770239225e-10,6.083843702394125e-11
1816,1.765813478493742e-10,5.895799236793529e-11
1817,1.0151436021639128e-10,3.3409921334974735e-11
1818,6.302216523007604e-11,1.1270600931354106e-11
1819,4.6134486511456595e-11,4.043788685866927e-12
1820,4.004304366069698e-11,3.908840096146535e-12
1821,5.523794839960473e-11,8.634460517419325e-12
1822,8.903677048293749e-11,1.8231574608328955e-11
1823,1.2530471537380102e-10,2.220517615708839e-11
1824,1.2466702145854874e-10,1.7342608658404065e-11
1825,1.0706266385328601e-10,1.15896767279939e-11
1826,1.4084094183130276e-10,1.0913995888372263e-11
1827,1.659524998435734e-10,1.0762016241314112e-11
1828,1.0572729640083767e-10,6.841087557367892e-12
1829,4.432413556666291e-11,2.928405287258517e-12
1830,2.9023949675472084e-11,1.3710477982053885e-12
1831,4.4215626090527356e-11,1.3019489061036667e-12
1832,7.701893151366916e-11,2.876057985338783e-12
1833,7.77795102236047e-11,5.323400671643612e-12
1834,7.193194154387382e-11,7.305975856328128e-12
1835,7.768616966252414e-11,5.573061193974024e-12
1836,1.106336812796163e-10,3.055618424619381e-12
1837,8.652583990130272e-11,1.1526364077922235e-12
1838,3.750895450937685e-11,3.7383368815956233e-13
1839,2.967785114806315e-11,2.404854130926444e-13
1840,5.624968154054958e-11,3.2954835571938273e-13
1841,1.0507892106313325e-10,4.670784882796287e-13
1842,1.0855976218651466e-10,3.158145285486779e-13
1843,1.0529457269838028e-10,3.824108286284198e-13
1844,1.903111051103125e-10,1.835834437315407e-12
1845,3.6998529016826517e-10,7.007024100542572e-12
1846,3.8903333880576744e-10,9.772939481681314e-12
1847,2.410334137998304e-10,9.020890334548211e-12
1848,2.2356387212569052e-10,1.5982477850680715e-11
1849,3.4864353272060666e-10,3.129557684313136e-11
1850,4.960430683707828e-10,4.648635599817051e-11
1851,4.1680256561194305e-10,3.6993430528513904e-11
1852,3.2070921658987044e-10,2.6989140173602867e-11
1853,4.4144493382272976e-10,3.6092394602068986e-11
1854,7.910918777313708e-10,6.230123404638729e-11
1855,8.176852307315053e-10,5.447456631393639e-11
1856,4.4016041377678164e-10,2.4533061516778313e-11
1857,2.1673688436174676e-10,1.0094127899804243e-11
1858,1.779359868099504e-10,7.602604041679817e-12
1859,1.7107401547774533e-10,7.015902071513435e-12
1860,1.072810785051525e-10,3.684196203997072e-12
1861,5.642441562458922e-11,1.1364625679803414e-12
1862,3.9490790569397e-11,2.3269708724179236e-13
1863,4.9031399365850253e-11,7.655849364590749e-14
1864,5.82117309924183e-11,3.7057389059458805e-14
1865,4.562026804285399e-11,2.815491314635358e-14
1866,6.270635821090176e-11,5.084791049102222e-13
1867,1.24715623874167e-10,4.529512686753916e-12
1868,2.0676411882396599e-10,1.5478072551532344e-11
1869,1.9580959892926585e-10,1.939554579007726e-11
1870,1.463059371642039e-10,1.3685628425252727e-11
1871,1.291440342988012e-10,7.794453992744447e-12
1872,1.9089021420193728e-10,9.283342531529406e-12
1873,2.8913491791476687e-10,1.3430014546446625e-11
1874,3.384816483106187e-10,1.2994873272820904e-11
1875,3.778491221158128e-10,1.3238492605731685e-11
1876,5.226843322935574e-10,2.3094475179171217e-11
1877,7.981966185575358e-10,5.46353050246638e-11
1878,9.430158884069916e-10,8.769406466712273e-11
1879,8.268192711814457e-10,8.856642774047965e-11
1880,7.988719462802943e-10,9.419591838722562e-11
1881,9.505411709741422e-10,1.1599123973389294e-10
1882,1.1003045677739338e-09,1.3370953998601438e-10
1883,1.0170392289735984e-09,1.1829843576959018e-10
1884,8.553869201880072e-10,9.13108032535706e-11
1885,9.210290815347042e-10,9.744685097146453e-11
1886,1.1442762188455049e-09,1.258461842614351e-10
1887,1.0754993080967638e-09,1.1475545996162444e-10
1888,7.306255611259239e-10,6.786126604130703e-11
1889,4.970277494404002e-10,3.920862057592435e-11
1890,4.5721834593597117e-10,3.513022942715018e-11
1891,4.404201632157441e-10,3.480664013679303e-11
1892,3.0716650050996223e-10,2.565167132826058e-11
1893,1.9167627794802839e-10,1.923448468145235e-11
1894,1.969140095170441e-10,2.1219001469638256e-11
1895,2.82435912902918e-10,2.758918034992056e-11
1896,3.445420428356195e-10,2.864498583943593e-11
1897,2.639189353883387e-10,1.755760668137067e-11
1898,1.7208401557055353e-10,7.078651763430593e-12
1899,1.736924391107812e-10,4.1095209039346055e-12
1900,1.8273236888284764e-10,2.6468863872676347e-12
1901,1.187560734246061e-10,1.3104504924353388e-12
1902,7.522731206928701e-11,2.2580610522514778e-12
1903,8.185183632020567e-11,6.940882400530644e-12
1904,1.2168507451914112e-10,1.560044011236986e-11
1905,1.645651504524635e-10,2.480511266427943e-11
1906,1.607017338755534e-10,2.5898115056133872e-11
1907,1.7095971503998808e-10,2.383738623306167e-11
1908,2.8763801488791935e-10,3.43862285105669e-11
1909,5.277016666048065e-10,6.098134067950542e-11
1910,6.283731260035817e-10,7.129664344823111e-11
1911,5.125844254773971e-10,5.102645832729883e-11
1912,5.653953133322203e-10,5.648536922198962e-11
1913,7.962697752761568e-10,8.481682425179891e-11
1914,1.0315210051623462e-09,1.2751570475631095e-10
1915,9.593159081826715e-10,1.258964051186374e-10
1916,8.660527416679785e-10,1.1360292574365406e-10
1917,1.0791480081770895e-09,1.5203702778518387e-10
1918,1.3553578375032238e-09,1.9762688051523532e-10
1919,1.2277649311784254e-09,1.6969648139882746e-10
1920,9.909346096494531e-10,1.2898996011579214e-10
1921,8.893882138401718e-10,1.0213411547158366e-10
1922,9.203239424027972e-10,9.78072809971245e-11
1923,7.543044481018346e-10,7.268657439275896e-11
1924,4.455534980338264e-10,3.4804821360828555e-11
1925,3.309158290984698e-10,2.486770211344271e-11
1926,3.850279640459103e-10,3.360710481406359e-11
1927,4.37171721442475e-10,3.7947215682046776e-11
1928,3.8296333637429385e-10,3.117489404068582e-11
1929,2.8916677579628076e-10,1.9902753148735782e-11
1930,3.148877472760331e-10,2.0422807325595628e-11
1931,4.354053800520371e-10,2.8606245174822373e-11
1932,4.4347031781097823e-10,2.638685019363542e-11
1933,3.0402892001229473e-10,1.3503171031062422e-11
1934,2.3327462806508435e-10,1.0558718768784967e-11
1935,2.6623329411551466e-10,1.7577948668294588e-11
1936,3.123547743792618e-10,2.7567697615773485e-11
1937,2.456885535963935e-10,2.405376324459935e-11
1938,1.9950903181749402e-10,2.5542392017808476e-11
1939,2.548396735674578e-10,5.005634898141647e-11
1940,4.291523415035981e-10,1.1275252515069644e-10
1941,5.490758776940695e-10,1.6958458538545125e-10
1942,4.918004610632208e-10,1.7725052161172815e-10
1943,4.60798206270266e-10,1.7338648084702617e-10
1944,5.311012622064762e-10,1.8432187053803544e-10
1945,6.645617697675709e-10,2.1882374365273646e-10
1946,6.216445494246411e-10,2.0723626000695055e-10
1947,5.630421456830235e-10,1.836066406372509e-10
1948,7.322702972449638e-10,2.0066908569619498e-10
1949,1.2506658340414047e-09,2.910959534163806e-10
1950,1.8057953793326954e-09,4.0447630002474133e-10
1951,1.824635278912e-09,4.3343369401204674e-10
1952,2.000866721819686e-09,5.261608571844509e-10
1953,2.6837297042226384e-09,7.560376142406807e-10
1954,3.153505182510614e-09,9.250916337123355e-10
1955,2.4159193753344687e-09,7.138273205820186e-10
1956,1.5541428305345747e-09,4.2147084368184213e-10
1957,1.422871697112773e-09,3.391756198703449e-10
1958,1.6042678799237277e-09,3.136576971049245e-10
1959,1.3715529960588165e-09,2.1167750445671102e-10
1960,8.047690678105579e-10,9.597222913171452e-11
1961,5.618462847992817e-10,5.899235122359992e-11
1962,6.142116682077702e-10,6.055839517982195e-11
1963,6.305896967367018e-10,5.335426172069078e-11
1964,4.299516896180318e-10,3.012413016483163e-11
1965,2.515566828428508e-10,1.2483288630371363e-11
1966,2.634774050019712e-10,1.4218786172012096e-11
1967,4.159369858708667e-10,3.325186214424848e-11
1968,4.785606954413804e-10,4.692921056677262e-11
1969,4.693501682321528e-10,6.140512859546985e-11
1970,6.418519000638261e-10,1.1700207493675638e-10
1971,1.1627593917679284e-09,2.712266972967569e-10
1972,1.8197094237523824e-09,5.148324415716052e-10
1973,2.0734582705139194e-09,7.298456709115733e-10
1974,2.199172730985606e-09,8.973718094988541e-10
1975,2.731311528356224e-09,1.141442344179288e-09
1976,3.3159913339538706e-09,1.30895213641118e-09
1977,3.033316211574972e-09,1.1263798212486945e-09
1978,2.3247039633110633e-09,8.441381549237033e-10
1979,1.9681570189810263e-09,6.83824969942593e-10
1980,1.9839291983149685e-09,6.489040775233919e-10
1981,1.9137832865732107e-09,5.812888209398015e-10
1982,1.4727632180242903e-09,3.9971300975667777e-10
1983,9.83593563765158e-10,2.1182718422231467e-10
1984,9.471683816848246e-10,1.8371679172139145e-10
1985,1.184448581153602e-09,2.3523666276750786e-10
1986,1.4340996406784847e-09,3.032281812495796e-10
1987,1.5547888133215306e-09,3.571313990984615e-10
1988,1.7338097143588973e-09,4.2310760368348615e-10
1989,2.292136837832372e-09,5.953411200577939e-10
1990,3.022388177839144e-09,8.267985287557097e-10
1991,3.1794917870947374e-09,8.642106229961867e-10
1992,2.3397327984205406e-09,5.504317247526349e-10
1993,1.4513691046855367e-09,2.676375910435732e-10
1994,9.892345297746903e-10,1.4564914778773032e-10
1995,7.232955026931665e-10,8.65180382553604e-11
1996,5.022172566984418e-10,4.56186293578224e-11
1997,3.036571591258503e-10,1.750305768388372e-11
1998,1.9117285945029433e-10,6.599413383201361e-12
1999,1.720128263311974e-10,5.848060622637097e-12
2000,2.089158165544726e-10,8.966341955797131e-12
2001,2.301818803785728e-10,9.798699169472072e-12
2002,2.2896075577282749e-10,9.246913769127399e-12
2003,2.635732433125856e-10,1.2291284212668543e-11
2004,3.6707224600285555e-10,2.2505307046004784e-11
2005,4.810731758685355e-10,3.641942870831775e-11
2006,4.328905927553748e-10,3.260237076589584e-11
2007,3.7402460272521915e-10,3.0854184830636916e-11
2008,4.4452701005434146e-10,4.926500047025513e-11
2009,7.136866114784793e-10,1.1199539169612516e-10
2010,9.746156604319258e-10,1.8921805806669035e-10
2011,8.946332150287103e-10,1.8105887613429954e-10
2012,7.702912087030841e-10,1.4840302196599486e-10
2013,8.573508509393078e-10,1.5975225456188385e-10
2014,8.834410580174545e-10,1.512234851984316e-10
2015,6.356300501220287e-10,9.663168494557948e-11
2016,4.1747535641534835e-10,5.5623484610936885e-11
2017,3.9223562667173784e-10,4.574082118886328e-11
2018,5.377636084790926e-10,6.159159566432252e-11
2019,6.455597519897745e-10,7.64135769425247e-11
2020,5.407196505077845e-10,6.029942140888212e-11
2021,5.770160423029222e-10,7.18443868335617e-11
2022,9.54580356613873e-10,1.468664140188453e-10
2023,1.6189721096580499e-09,2.9100111844031125e-10
2024,1.777879160987353e-09,3.3327194253890163e-10
2025,1.3070694927101288e-09,2.1733172891523782e-10
2026,9.387550999551011e-10,1.2045846755168567e-10
2027,7.211440522268523e-10,6.541300020999855e-11
2028,4.665977682528365e-10,2.9907427770676064e-11
2029,2.380287754096024e-10,1.0281338014483088e-11
2030,1.2883685039482853e-10,3.850389302993408e-12
2031,1.1782597325505255e-10,4.061865032592668e-12
2032,1.3191603809475485e-10,6.388530502127944e-12
2033,1.3161696751549355e-10,8.718127958062807e-12
2034,1.284907198470731e-10,1.1309321169414803e-11
2035,1.2086786526902467e-10,1.0441233048086937e-11
2036,1.2428442058066885e-10,9.793374684326219e-12
2037,1.2924333022333218e-10,1.0040870467392673e-11
2038,1.3230119899351707e-10,1.1402325599958012e-11
2039,1.3032073252179264e-10,1.1369347716265798e-11
2040,1.2865680194138958e-10,9.070208098751618e-12
2041,1.2919399716935103e-10,5.8065070220557835e-12
2042,1.4509706416018601e-10,4.289407937389521e-12
2043,1.9376763933928191e-10,5.6537667882481136e-12
2044,2.2391986979679101e-10,5.9207879409240886e-12
2045,2.381172198972506e-10,6.527893191568813e-12
2046,1.7970183363747315e-10,3.3225446248603914e-12
2047,1.1237700970651656e-10,1.2624457356326298e-12
2048,9.064693334487428e-11,1.2492770745141193e-12
2049,8.916518300001289e-11,1.8310518955479114e-12
2050,1.1299360747355101e-10,3.749106591221836e-12
2051,1.0392286960598853e-10,4.0054179661997585e-12
2052,8.284291271561391e-11,2.802070583909853e-12
2053,7.43411070957706e-11,1.855025907756622e-12
2054,9.593485774574671e-11,1.954410459910534e-12
2055,1.6433147923829406e-10,4.543202754666228e-12
2056,2.0903433513491166e-10,7.53398499736338e-12
2057,2.0867630802374987e-10,7.64441133470985e-12
2058,2.2553186786075222e-10,8.363079807122844e-12
2059,2.4404266050645056e-10,8.54733186453892e-12
2060,2.2528461954673361e-10,6.359543584616847e-12
2061,1.5096382955990764e-10,2.2964947420503237e-12
2062,1.0128182353215456e-10,1.3449352263313498e-12
2063,9.439639916255367e-11,3.8989838175956444e-12
2064,1.1510988017851482e-10,1.2495373057638924e-11
2065,1.4071521100866884e-10,2.7413962904152888e-11
2066,1.7461824174980836e-10,4.0023197795621034e-11
2067,2.5962939575114793e-10,5.627882724491332e-11
2068,4.066898021875247e-10,8.431262470505898e-11
2069,4.903849883535838e-10,9.878249890834787e-11
2070,4.137783552689296e-10,7.581509396724175e-11
2071,3.31041612033154e-10,5.259851634682142e-11
2072,3.1400098056795123e-10,4.5021991555029915e-11
2073,3.05176713866098e-10,4.2890013354739974e-11
2074,3.0950656448922295e-10,5.639691777617874e-11
2075,3.5505078003906597e-10,7.500674319711127e-11
2076,4.3117275141646503e-10,8.15825085092822e-11
2077,4.770720241408816e-10,6.65451110269925e-11
2078,3.9854880192857275e-10,3.769835485037922e-11
2079,3.191551309866502e-10,2.3947133265567943e-11
2080,3.214840570498379e-10,2.726641497654742e-11
2081,3.956690011966463e-10,4.339851685342095e-11
2082,2.97626741667692e-10,3.374104632579416e-11
2083,1.3449481564145345e-10,1.224193014278881e-11
2084,6.245606874744256e-11,2.891861779903496e-12
2085,5.6859258580217785e-11,1.024752413052553e-12
2086,8.283366292058685e-11,1.8253284352472663e-12
2087,1.0338910618301807e-10,4.608141445571567e-12
2088,1.0250631310644676e-10,7.741125788344957e-12
2089,1.0864884154962902e-10,9.027070256293316e-12
2090,1.3078563320264157e-10,8.73177551531307e-12
2091,1.6440086828372544e-10,1.0326276500018793e-11
2092,1.8936326569984807e-10,1.4004431845294445e-11
2093,2.2902004264510106e-10,1.907504406660931e-11
2094,3.093442097380108e-10,2.5702766423006474e-11
2095,3.4077234116615957e-10,2.506384064812321e-11
2096,2.4063411182334785e-10,1.3308348539107718e-11
2097,1.7867819050322145e-10,1.033718548825242e-11
2098,2.16713942682662e-10,2.0131366554348803e-11
2099,3.480707249636972e-10,5.013117837994979e-11
2100,3.899593415455143e-10,7.125293953099418e-11
2101,3.1287793715419903e-10,6.986247898999138e-11
2102,2.7386396095760273e-10,7.019566055707407e-11
2103,3.536591807357964e-10,9.347999775539387e-11
2104,4.69505048910474e-10,1.2524480069319493e-10
2105,4.411795467451312e-10,1.2567164758383275e-10
2106,3.0152661468210685e-10,8.641846808452646e-11
2107,2.0594170536183913e-10,4.777563200398955e-11
2108,1.94867010273796e-10,2.8449820842528696e-11
2109,2.1329790769563852e-10,2.1787614755936124e-11
2110,1.928655070049617e-10,1.6964624072769285e-11
2111,1.716659039826664e-10,1.3805008945831436e-11
2112,1.9980387606116296e-10,1.4384674573812225e-11
2113,2.1788935019247592e-10,1.2541850938580192e-11
2114,1.6376554809137927e-10,6.871493645424128e-12
2115,9.365515923337207e-11,3.325594213920291e-12
2116,9.51345852230947e-11,7.091424289253702e-12
2117,1.5533594670091243e-10,2.1492495095189083e-11
2118,2.135366624813928e-10,3.795643137233536e-11
2119,1.8749642168943102e-10,3.552261594627935e-11
2120,1.2115338243236996e-10,1.9534885244461228e-11
2121,7.46812329373602e-11,8.055085488129046e-12
2122,5.702827721693172e-11,5.0979421868980925e-12
2123,5.325548319058368e-11,7.085701397317209e-12
2124,5.413588386530595e-11,1.0773667660380247e-11
2125,5.891779356520334e-11,1.0608958238535958e-11
2126,6.773995293946808e-11,7.48819047958358e-12
2127,7.407392127066088e-11,6.733822150819087e-12
2128,8.275375821343379e-11,1.424814972045368e-11
2129,1.2238529416131634e-10,4.127771416867324e-11
2130,1.9485423268695441e-10,9.124493551291005e-11
2131,2.8114759971779355e-10,1.4769744683659833e-10
2132,3.1440025247382977e-10,1.921937102368039e-10
2133,2.9956533417397696e-10,2.195579667897263e-10
2134,3.304009667309548e-10,2.8044208561396044e-10
2135,4.143153997469364e-10,3.5154239544630295e-10
2136,5.280366488008048e-10,4.36319066231045e-10
2137,5.586342570717306e-10,4.799588080320989e-10
2138,4.688505369899948e-10,4.061744591074401e-10
2139,3.236382375513528e-10,2.4383453685673206e-10
2140,2.3649540122700326e-10,1.2834590207051932e-10
2141,2.0884818462682097e-10,7.697720035575075e-11
2142,1.8847687865363605e-10,5.932864466965434e-11
2143,1.7446261700722934e-10,4.965468441077885e-11
2144,1.824877775205917e-10,4.1407278149814114e-11
2145,1.9246583169042743e-10,3.1247241257164215e-11
2146,1.729199993766634e-10,2.0884194400223686e-11
2147,1.3992991108012894e-10,1.6247635280120576e-11
2148,1.3110930172162025e-10,2.0319230931938092e-11
2149,1.7487171738893796e-10,3.644745560729874e-11
2150,2.5143587857049057e-10,7.160866161491319e-11
2151,2.994243686958514e-10,1.0796519533284704e-10
2152,2.8363880640579745e-10,1.1673670399610182e-10
2153,2.693972405848636e-10,1.1950749727788407e-10
2154,2.8839915949804513e-10,1.2373028752561914e-10
2155,3.254286218746716e-10,1.3200953423345182e-10
2156,3.2230113046911086e-10,1.276610223411576e-10
2157,2.629943860178563e-10,9.95986490289894e-11
2158,1.9145175369535206e-10,6.155281791720431e-11
2159,1.459277726830117e-10,3.4670549923562084e-11
2160,1.3515945050029632e-10,2.1342278493912007e-11
2161,1.3343941911915822e-10,1.6934368617760186e-11
2162,1.1923075456488386e-10,1.2966195592240751e-11
2163,9.652016967267977e-11,8.41427245067918e-12
2164,8.803472928782729e-11,6.641452781477576e-12
2165,1.0275488862175778e-10,7.528915586515287e-12
2166,1.542724073521642e-10,1.5215340950459134e-11
2167,2.5647821170569695e-10,4.233999316124381e-11
2168,4.3709957736955207e-10,1.0853311214458927e-10
2169,6.478759746128506e-10,1.9539828070563796e-10
2170,8.22420943617572e-10,2.7739853243731e-10
2171,8.211402243980019e-10,2.9341041239653077e-10
2172,6.661208373741955e-10,2.38981124318009e-10
2173,5.278754204515432e-10,1.9669452099036233e-10
2174,4.184103259407462e-10,1.5602812058172588e-10
2175,3.172897201929894e-10,1.1195350032568641e-10
2176,2.7229585525216665e-10,8.936126364425262e-11
2177,2.589886247353451e-10,8.014058414007725e-11
2178,2.852349345927123e-10,8.598369670191344e-11
2179,3.2172821718243694e-10,1.0063000289919335e-10
2180,3.5621241677081777e-10,1.1545098973957976e-10
2181,3.6593487767244664e-10,1.1740883657953456e-10
2182,3.8294803220475833e-10,1.2465003220717521e-10
2183,4.5704896787609906e-10,1.5066572217055883e-10
2184,5.730005257929443e-10,2.0108981294643454e-10
2185,6.209040394386751e-10,2.2385226007120331e-10
2186,5.922124185311676e-10,2.0227791595061014e-10
2187,4.742905967781218e-10,1.3081749922576727e-10
2188,3.5895880632363945e-10,6.936161767562548e-11
2189,2.735659112706437e-10,3.809251142855849e-11
2190,2.2438038671456967e-10,2.9500716617045506e-11
2191,2.0677613139684456e-10,3.406473298758468e-11
2192,2.3513287797065237e-10,4.573857630406792e-11
2193,2.745256122966487e-10,5.300808655041474e-11
2194,3.3016503103896635e-10,5.746895212540184e-11
2195,3.923412586711055e-10,6.567159213975556e-11
2196,4.965567012919259e-10,8.612213740738942e-11
2197,5.850454850705636e-10,1.0581025096493997e-10
2198,7.015680563418458e-10,1.3893840687673851e-10
2199,7.957450314114372e-10,1.7212061753590466e-10
2200,9.378697410837121e-10,2.282353543356483e-10
2201,1.1386572306783327e-09,3.057212382530685e-10
2202,1.3553078755856932e-09,3.9193195785662154e-10
2203,1.4027731586541353e-09,4.164294387918651e-10
2204,1.2413468972758995e-09,3.6241808611629644e-10
2205,1.0517753342367305e-09,3.039583463220994e-10
2206,8.588172062374658e-10,2.356324461612655e-10
2207,6.741385120490728e-10,1.7356955260164269e-10
2208,5.140474335780169e-10,1.231113009378656e-10
2209,4.2915796269268724e-10,9.57447483060872e-11
2210,4.8142060657817e-10,1.0422088637707475e-10
2211,6.559601660341606e-10,1.4893921977369349e-10
2212,8.453366863939269e-10,2.0489600853708065e-10
2213,8.190571847527595e-10,1.898687196804156e-10
2214,7.270664533811225e-10,1.4627937148829962e-10
2215,5.598602581776232e-10,7.825034423608119e-11
2216,4.799570326792071e-10,4.768982434755759e-11
2217,3.7534312885702903e-10,2.685440852132933e-11
2218,3.7089206432544206e-10,2.7286600914550184e-11
2219,4.6034307250773426e-10,4.131608916175341e-11
2220,5.661366061224778e-10,5.63213959912262e-11
2221,5.830764717209038e-10,5.825526413988408e-11
2222,4.5236737750820265e-10,3.612051814053316e-11
2223,3.049330249192934e-10,1.486672284444834e-11
2224,2.119136047031132e-10,6.753251632910466e-12
2225,1.828022016375721e-10,9.103920101717473e-12
2226,2.0368646113376975e-10,2.5492128987036156e-11
2227,2.2867411399300819e-10,4.7083349293170795e-11
2228,2.1674414082793666e-10,4.5742669480986396e-11
2229,2.1465935606739945e-10,3.739995712603564e-11
2230,2.59350603932874e-10,4.3441679135900004e-11
2231,3.989475017654182e-10,7.919797881794171e-11
2232,5.730466979729684e-10,1.2580132526379915e-10
2233,7.244867459727218e-10,1.527304976948034e-10
2234,6.448986006412406e-10,1.0335788102730194e-10
2235,5.338617100903924e-10,6.209560867893875e-11
2236,5.049672662529642e-10,5.234032888814763e-11
2237,5.442179814718254e-10,6.415602538656922e-11
2238,5.904735865131541e-10,8.737905169683258e-11
2239,5.58960270643366e-10,9.757733539459483e-11
2240,4.818004248592531e-10,8.880344154006748e-11
2241,4.280214390017101e-10,7.522953609925288e-11
2242,4.719778248681772e-10,8.228814966615644e-11
2243,6.53406140885629e-10,1.249796647305245e-10
2244,9.556960288006762e-10,2.034831526796492e-10
2245,1.0552390692083114e-09,2.100321385944261e-10
2246,7.961279425253638e-10,1.2014282544556803e-10
2247,4.696788460733482e-10,4.2725672669118624e-11
2248,3.040413993220818e-10,1.5832390710889344e-11
2249,2.9924251831553684e-10,1.4925382810926184e-11
2250,3.241997889187809e-10,1.8203107331626743e-11
2251,2.9956819575639474e-10,1.7379421995204687e-11
2252,2.9013852480238106e-10,1.886809129243031e-11
2253,3.6921277699831623e-10,3.112415355355217e-11
2254,6.058944804183856e-10,7.123494326203447e-11
2255,7.90996389602458e-10,1.1312628625756003e-10
2256,6.216652308454631e-10,1.0162551008011085e-10
2257,4.687858882792762e-10,9.834148500431786e-11
2258,4.091598127526431e-10,9.501633983945998e-11
2259,3.7267005430664145e-10,7.339421333947526e-11
2260,2.779317967698624e-10,3.948866452102497e-11
2261,2.0811234845545418e-10,2.6196630019237342e-11
2262,2.50501743592955e-10,4.1498325583967755e-11
2263,4.292725932525539e-10,8.719882175247527e-11
2264,6.328080820127022e-10,1.3278980852568673e-10
2265,5.471042229710685e-10,9.122808189417543e-11
2266,2.952775536055161e-10,2.8319797266957147e-11
2267,2.15953042362179e-10,1.3773749146806513e-11
2268,2.931656504962566e-10,2.6691683985779024e-11
2269,4.264691837796098e-10,6.144502256642362e-11
2270,4.1834913252477615e-10,6.53503631759236e-11
2271,2.554630004392397e-10,2.408237771319177e-11
2272,1.9538915168015977e-10,7.720253487466142e-12
2273,3.0602016628494857e-10,1.4444297221793593e-11
2274,5.58033455738202e-10,4.601159001893085e-11
2275,8.078140287501381e-10,9.436088771445244e-11
2276,9.431105263014333e-10,1.3082925990203275e-10
2277,9.429756664114855e-10,1.294945700741109e-10
2278,9.693765286827602e-10,1.3743943215955474e-10
2279,9.352692323644117e-10,1.3415903097486397e-10
2280,7.939284787968196e-10,1.0377660695763586e-10
2281,5.30785912582315e-10,4.8846017322011137e-11
2282,2.834918429140865e-10,1.3373709318216056e-11
2283,1.2867181451225804e-10,1.5101849831618684e-12
2284,9.864964331596896e-11,4.272119351152538e-13
2285,1.1346952155945709e-10,5.812996093767655e-13
2286,1.496606845418784e-10,1.9006657295470536e-12
2287,1.823013619200703e-10,7.152000703879122e-12
2288,1.8359184025245228e-10,1.3327738134030059e-11
2289,1.6221129270796256e-10,1.1901445535597446e-11
2290,1.131859747397977e-10,4.1068971632550335e-12
2291,6.368765825541969e-11,5.90008923571742e-13
2292,4.3376010736391304e-11,2.5449431133187136e-13
2293,4.4112216150694604e-11,5.211031127634859e-13
2294,6.547906194951377e-11,1.2892157872902187e-12
2295,7.338864885499691e-11,2.1995617324670654e-12
2296,5.659241103463241e-11,2.3259791505676596e-12
2297,4.521641279639901e-11,3.402553933486607e-12
2298,4.853001007026566e-11,4.205387048887088e-12
2299,5.354717642181901e-11,4.48481277778809e-12
2300,4.934084240522348e-11,5.318794327849942e-12
2301,3.844380475891126e-11,6.1123366780995196e-12
2302,3.1420814351495135e-11,2.224420777889813e-12
2303,4.685132419906296e-11,3.364343697769306e-13
2304,1.1156148808469822e-10,1.0058340239824877e-12
2305,1.1270579054818414e-10,7.180799485330272e-13
2306,7.165045185284323e-11,1.1266333708436983e-13
2307,7.392778812254832e-11,9.657101245228163e-14
2308,1.1123670482393581e-10,4.5170984699686925e-13
2309,1.0200260400038258e-10,3.5428503272134535e-13
2310,5.319110785219944e-11,2.8355987422685003e-14
2311,3.624413739621192e-11,1.807863618866701e-14
2312,3.794446030579318e-11,4.629919436955084e-14
2313,3.308606006391279e-11,1.0747078111387138e-13
2314,2.8069554026625064e-11,8.625895278795957e-13
2315,3.0622843882918226e-11,7.690356810017508e-12
2316,4.4506828157971503e-11,1.5331533665031024e-11
2317,6.520171959601068e-11,1.725675078304763e-11
2318,7.361926888902054e-11,2.174902821948539e-11
2319,6.211758970437676e-11,2.0063790835361736e-11
2320,4.502017536117142e-11,1.0886541158416328e-11
2321,3.116919674259882e-11,3.897178298273461e-12
2322,2.1614946758073885e-11,2.0116129552771036e-12
2323,1.616371964994728e-11,7.57517150394855e-12
2324,2.0223314898812527e-11,3.386057771654735e-11
2325,2.6719076062694845e-11,6.159279036671423e-11
2326,3.094893867196798e-11,7.81768419851209e-11
2327,4.378725659725558e-11,1.1573779581655837e-10
2328,6.86546464099996e-11,1.8376586723149247e-10
2329,9.035617296233052e-11,2.1619821310721608e-10
2330,1.0221197400058133e-10,1.8388825254488886e-10
2331,1.361520581272486e-10,1.899588464316054e-10
2332,1.788729290858282e-10,2.2753985614281665e-10
2333,1.985410740185878e-10,2.3272465095938117e-10
2334,1.9539890323183472e-10,1.785611698040192e-10
2335,1.7553830739557667e-10,1.0737036557701322e-10
2336,1.5280560132721148e-10,6.358768337680531e-11
2337,1.1200667160271649e-10,3.494904710992618e-11
2338,9.893932982726229e-11,1.9908619361968888e-11
2339,1.4137641266591193e-10,2.1917057924184985e-11
2340,1.9695721399034524e-10,3.5330852600445556e-11
2341,1.9402559213238508e-10,5.259191422903023e-11
2342,1.8707086965499266e-10,7.963558424045084e-11
2343,1.7243974728602568e-10,8.555046570310946e-11
2344,1.5318153149018446e-10,7.445114501366442e-11
2345,1.4734596514210883e-10,7.869388758137949e-11
2346,1.4589048067917793e-10,1.0090464165073935e-10
2347,1.682450129513075e-10,1.2471402712374633e-10
2348,1.9546877932738092e-10,1.3275780218005127e-10
2349,1.8228189604556904e-10,1.1236488252693879e-10
2350,1.296975927064226e-10,8.891608396523111e-11
2351,9.611272169327641e-11,7.811091580981637e-11
2352,9.062009332618857e-11,6.582789725749935e-11
2353,1.0557588560687897e-10,6.993304555627113e-11
2354,1.1811929008596797e-10,9.605877512721729e-11
2355,1.1994004616086227e-10,1.440407267534317e-10
2356,1.1892788733736217e-10,1.9481719132110915e-10
2357,1.060508290977315e-10,1.8532364969588194e-10
2358,1.0465254805380767e-10,1.7839393631958212e-10
2359,1.1855355358849958e-10,1.8829060988136385e-10
2360,1.5135960702495332e-10,2.2482216595216174e-10
2361,2.102084710034769e-10,2.735244392798167e-10
2362,2.905393495912013e-10,3.343684737095776e-10
2363,4.1527236288932846e-10,4.5204689650055446e-10
2364,5.334782130716375e-10,5.66276050650645e-10
2365,5.789027559127739e-10,5.780997363202795e-10
2366,5.253823518851398e-10,4.934346756025045e-10
2367,4.0709244349596367e-10,3.728523212738437e-10
2368,3.291749524579884e-10,2.626090913573933e-10
2369,3.465634544849344e-10,2.1564306711060657e-10
2370,4.486297821945087e-10,2.135147597237139e-10
2371,4.975115188925069e-10,1.993933900840807e-10
2372,3.8929873694894613e-10,1.5855292373310122e-10
2373,2.661298274290704e-10,1.1217775392544554e-10
2374,1.930527900059933e-10,7.305542657303852e-11
2375,1.490779772927215e-10,4.81450356125522e-11
2376,1.0266043945067387e-10,3.825858907579096e-11
2377,7.247512824467187e-11,3.689789246694831e-11
2378,6.112820287322999e-11,4.001037534249914e-11
2379,5.187080353061288e-11,3.920785273865616e-11
2380,4.4011517674487364e-11,3.620677602381849e-11
2381,3.486652707606231e-11,3.315708411088895e-11
2382,2.712254913547938e-11,2.208734737306144e-11
2383,2.4305496722213977e-11,1.1009031478205942e-11
2384,2.638537002386353e-11,7.650257754048775e-12
2385,2.783990088112349e-11,1.2749091101308605e-11
2386,3.761296573993002e-11,3.686211707973518e-11
2387,6.359020512481514e-11,7.980283379287907e-11
2388,9.678209533536934e-11,1.217008024311486e-10
2389,1.3964258691386371e-10,1.802322869282264e-10
2390,2.1414311870175971e-10,3.151903833080669e-10
2391,3.002808451959011e-10,4.546211541067532e-10
2392,3.7984411494646914e-10,5.464464729366939e-10
2393,4.042646849785494e-10,5.314777968142086e-10
2394,3.5347508544207115e-10,4.5540498705707077e-10
2395,2.8554757438899545e-10,3.694359026107886e-10
2396,2.487987388254525e-10,2.8089799843993624e-10
2397,2.54442581533578e-10,2.2071322709546095e-10
2398,2.875992770042402e-10,2.01079304975922e-10
2399,2.803548533464741e-10,1.884406815395819e-10
2400,2.455077850185658e-10,1.5312815120526894e-10
2401,2.2196680560866712e-10,1.182168145389535e-10
2402,2.462965856354038e-10,9.975377832648151e-11
2403,2.1792702517790155e-10,8.682571089338165e-11
2404,1.6862435301639545e-10,8.595104344118643e-11
2405,1.363581378265123e-10,1.0368564761607012e-10
2406,1.1439061788084551e-10,1.2002319876502633e-10
2407,9.560417054881884e-11,1.2578220704737516e-10
2408,7.004358450489278e-11,1.183123815462543e-10
2409,5.1548490945330794e-11,1.2703170767161204e-10
2410,3.227143634940861e-11,9.64289106225431e-11
2411,2.15607944588034e-11,7.023231738393858e-11
2412,1.9347700042647116e-11,6.614283671024537e-11
2413,2.4118889563999593e-11,8.568625228716423e-11
2414,2.8808829064938678e-11,8.830773383012289e-11
2415,3.036662123827057e-11,6.520817718591772e-11
2416,3.81313344913355e-11,6.239617143392403e-11
2417,6.312176223182819e-11,1.1251509134493779e-10
2418,1.2105576938333282e-10,2.3469025475536613e-10
2419,2.1004012402915248e-10,3.8683459023108745e-10
2420,3.262454616285939e-10,5.316697275234324e-10
2421,4.444943556098393e-10,7.168079304099844e-10
2422,5.26947758233365e-10,9.447564137075528e-10
2423,5.820389682033989e-10,1.1067578250804228e-09
2424,5.668730778573156e-10,9.392530669802133e-10
2425,6.497327883932204e-10,8.765682250465767e-10
2426,8.907413932353357e-10,1.1011184194045164e-09
2427,1.1338281103922253e-09,1.4055141811197573e-09
2428,1.1998562380000473e-09,1.3815965076513958e-09
2429,1.1107409427038699e-09,1.0596498306099367e-09
2430,9.511888155613608e-10,7.019683880020138e-10
2431,7.399005460068025e-10,4.728093548427246e-10
2432,6.13707604893869e-10,3.911175488583187e-10
2433,6.313731941607571e-10,3.6140944618624323e-10
2434,6.384684523910632e-10,3.277985817316354e-10
2435,4.692693043587441e-10,2.5352922220008334e-10
2436,2.9165567261033665e-10,1.782035175916643e-10
2437,1.974714329373607e-10,1.2204315718696942e-10
2438,1.460915725764973e-10,7.07235485385523e-11
2439,9.293770891063874e-11,3.093350666949288e-11
2440,4.220171930616594e-11,1.8326405642425905e-11
2441,2.6348732238709645e-11,2.5392324225104725e-11
2442,2.090164947312786e-11,2.2833827114165968e-11
2443,2.012950673727682e-11,2.402504320561882e-11
2444,2.6431782383548962e-11,5.801375226887521e-11
2445,6.051218903989852e-11,2.0366877800846212e-10
2446,1.0057817921264237e-10,3.3447019350940314e-10
2447,1.0113589315852397e-10,2.776455309446547e-10
2448,1.3474641813182272e-10,2.840457679398959e-10
2449,2.814454897618105e-10,5.882030022845935e-10
2450,4.964000024510639e-10,1.0133504649120845e-09
2451,5.795020431365221e-10,1.0663244970798327e-09
2452,5.82081511066098e-10,8.680441424262191e-10
2453,6.063026748856208e-10,8.132168995694057e-10
2454,6.315422952331751e-10,8.484246579466449e-10
2455,7.574406369943971e-10,9.37792687320084e-10
2456,1.0303321677703829e-09,1.0267739524462642e-09
2457,1.478633132995833e-09,1.2287844569407887e-09
2458,1.7613037993332158e-09,1.499634802215157e-09
2459,1.9156499854542218e-09,1.7054483266419008e-09
2460,2.1988123988256626e-09,1.8041582990670984e-09
2461,2.791715724258821e-09,1.9289971257257577e-09
2462,2.8366102244738174e-09,1.7530020314608229e-09
2463,2.131344545768346e-09,1.248757644462359e-09
2464,1.3861277150126568e-09,7.205838077818364e-10
2465,1.1497490441075375e-09,4.4855866170055076e-10
2466,1.1652733375207317e-09,3.20914711062389e-10
2467,9.303139623993948e-10,2.0238047765556572e-10
2468,6.336768248305516e-10,1.1023666608694807e-10
2469,4.201534510771306e-10,4.401642719428296e-11
2470,3.4899425831499117e-10,1.6379585457634648e-11
2471,2.210710341793714e-10,2.4319745656223657e-12
2472,7.590488005733833e-11,2.523437411650807e-14
2473,1.6123510735306362e-11,6.2958083495418386e-15
2474,1.3867768860160356e-11,8.552082378704031e-13
2475,1.5078428105028336e-11,5.2811759179038005e-12
2476,1.7826681994647375e-11,2.4083311981215773e-11
2477,2.6129740179746166e-11,6.667931122357288e-11
2478,3.1809576858909663e-11,8.756320353967573e-11
2479,3.578103108234675e-11,7.543939069963776e-11
2480,5.5023343460365107e-11,7.977375484570271e-11
2481,7.995901328532519e-11,1.0741510638873206e-10
2482,7.205232612569213e-11,9.06078041385637e-11
2483,4.908102208226593e-11,3.929587571376472e-11
2484,4.31695516577972e-11,1.57946678136009e-11
2485,5.27417603682706e-11,1.5331609950822968e-11
2486,7.815366653490936e-11,3.7683497786081835e-11
2487,1.1221266389813596e-10,7.228004542123165e-11
2488,1.2852123910765061e-10,9.297776092363981e-11
2489,1.2621774037944162e-10,8.723476289852857e-11
2490,1.2739374441962304e-10,8.746188712365767e-11
2491,1.650807585995012e-10,1.152537265905984e-10
2492,2.9971399588267017e-10,1.8439197611900978e-10
2493,5.671461378630856e-10,2.88501445398514e-10
2494,9.137740681213122e-10,3.8175816659132606e-10
2495,1.0415218420377384e-09,3.6255472403487493e-10
2496,9.325156377813891e-10,2.390720437459624e-10
2497,7.344430507439098e-10,1.3698248377145453e-10
2498,6.27689822458118e-10,9.280179865770128e-11
2499,5.708973700135475e-10,7.309594560106681e-11
2500,4.846834750530633e-10,5.851226214534526e-11
2501,3.113528614943093e-10,3.463610322099278e-11
2502,1.6461843472123833e-10,1.541265338099552e-11
2503,7.84943281791667e-11,5.314244692102508e-12
2504,4.462169414573603e-11,2.6025130055101062e-12
2505,2.8676099769794284e-11,2.006701128645202e-12
2506,1.9451385231050353e-11,2.927390715499124e-12
2507,1.4226516645681687e-11,4.8850891569431756e-12
2508,1.1401552288219302e-11,1.0971773869186304e-11
2509,1.2235848598142481e-11,2.536449270462807e-11
2510,1.4577274272697097e-11,3.788128381807721e-11
2511,1.5551589037048997e-11,3.866667671161904e-11
2512,1.3569467231341535e-11,2.716123838494318e-11
2513,1.3272160097388493e-11,2.3123570552556238e-11
2514,1.3515854407742406e-11,2.254963136292508e-11
2515,1.2250669618128988e-11,1.564106927060465e-11
2516,9.730247534245616e-12,3.7761017977376496e-12
2517,1.0774676871628523e-11,1.4340305280181637e-12
2518,1.7016193372766952e-11,5.232950247403039e-12
2519,2.632836700033008e-11,2.1098356606501486e-11
2520,3.784345419271472e-11,4.0960161335480936e-11
2521,5.107302117711493e-11,5.119126387722466e-11
2522,8.066115179205959e-11,8.638571235138987e-11
2523,1.351327643162593e-10,1.6429723120518556e-10
2524,2.1189404564979344e-10,2.4815917575447484e-10
2525,2.900360398302181e-10,2.815125451171815e-10
2526,3.40952188834245e-10,2.4249595237370307e-10
2527,3.1839994371703984e-10,1.6087655288758968e-10
2528,2.4667137073314407e-10,8.720704869366875e-11
2529,1.910393749970009e-10,4.5098535263282457e-11
2530,1.8686481014085869e-10,2.964960654219662e-11
2531,1.7898417694280414e-10,2.8849545742516013e-11
2532,1.6400913169480215e-10,3.49682490027468e-11
2533,1.6406278132139712e-10,4.51537893658098e-11
2534,1.5816322581925777e-10,4.933293470429974e-11
2535,1.2979488167965643e-10,4.4386766375132704e-11
2536,9.864190694472922e-11,3.496754128536521e-11
2537,7.528920794297001e-11,2.605947783819588e-11
2538,5.52891678848777e-11,1.2511408283425394e-11
2539,3.605299820420381e-11,5.256177528183387e-12
2540,2.3358517903810053e-11,5.123738234345299e-12
2541,1.8664452824524172e-11,1.2472651034211525e-11
2542,1.9885460090646518e-11,2.0858062453033815e-11
2543,2.158324921529933e-11,1.5006433459431448e-11
2544,2.0978192862693158e-11,9.69484021642134e-12
2545,1.7745768265817986e-11,6.747335476480297e-12
2546,1.5534167439060853e-11,7.394420674571011e-12
2547,1.4247105227154789e-11,4.63306430763548e-12
2548,1.539483031469853e-11,1.3619685326985343e-12
2549,2.0697722433799718e-11,1.418046055778366e-12
2550,2.658223653542363e-11,4.921571946994913e-12
2551,3.1575718943335847e-11,1.231059839476658e-11
2552,3.426680303031843e-11,1.4359150286895562e-11
2553,3.5752045648406646e-11,1.106705664480074e-11
2554,4.739793200512125e-11,1.3163062022648412e-11
2555,8.185234278472103e-11,3.258098856940988e-11
2556,1.5893162385544483e-10,8.316361464499348e-11
2557,2.776562330456359e-10,1.4967545429945302e-10
2558,3.8879100982423726e-10,1.9545953146119704e-10
2559,4.4285265249779655e-10,1.9733479274442308e-10
2560,5.324029500739415e-10,2.125514148811742e-10
2561,6.84886830707946e-10,2.5106342437588175e-10
2562,8.276170850305274e-10,2.7374498338909197e-10
2563,7.389364468607781e-10,2.1125423173345005e-10
2564,4.659816461767584e-10,1.0171343615972523e-10
2565,2.6835397425911447e-10,3.758306098336935e-11
2566,1.840952814817172e-10,1.678946319761903e-11
2567,1.453384742701894e-10,1.1834701830720752e-11
2568,9.821194131085537e-11,1.0282187023890116e-11
2569,7.423696449159929e-11,1.3942774071584882e-11
2570,6.132944427907453e-11,1.9927102391226306e-11
2571,5.7947017517065174e-11,2.2961304074006092e-11
2572,6.330450375262101e-11,3.3542360836648826e-11
2573,8.110515605352723e-11,6.034964228141291e-11
2574,1.1203073997126019e-10,1.0509122270630828e-10
2575,1.3279309468593107e-10,1.317902316439212e-10
2576,1.2190766580157447e-10,1.2002290843398573e-10
2577,9.05462665771209e-11,8.214282071425684e-11
2578,6.531288372292307e-11,5.576959338642569e-11
2579,5.542105206664219e-11,3.60889465003664e-11
2580,6.33499028328497e-11,2.976084461505267e-11
2581,7.774841208787203e-11,3.421885930545719e-11
2582,8.539413356878003e-11,4.143353108242925e-11
2583,8.69159836909663e-11,4.1904846395942916e-11
2584,8.516965863983369e-11,3.330363004752306e-11
2585,8.274119194325884e-11,2.406729860215091e-11
2586,8.443072749177235e-11,2.314869709480559e-11
2587,8.286358163303037e-11,2.576090501901591e-11
2588,8.506350667027273e-11,2.8209131688677867e-11
2589,9.647169978136244e-11,3.210917974394784e-11
2590,1.1519949554400137e-10,4.018124759982021e-11
2591,1.3676012829155428e-10,5.513964651921938e-11
2592,1.6906862651708866e-10,7.576312721406528e-11
2593,1.9923186779531068e-10,8.33835632886369e-11
2594,2.3014770456574557e-10,8.329944740849372e-11
2595,2.4290642013643157e-10,8.031584323245308e-11
2596,2.369777827470872e-10,7.132147256680763e-11
2597,2.1363884324317402e-10,5.607218573354889e-11
2598,1.775969591998982e-10,3.9609709849803504e-11
2599,1.1516178829429466e-10,2.0927824393222282e-11
2600,6.763315007978558e-11,1.3390083505954723e-11
2601,4.6232563627710316e-11,1.2523595511588138e-11
2602,4.116701180840522e-11,1.4842398516230856e-11
2603,4.591241841147383e-11,2.8043663143619123e-11
2604,6.510290671501862e-11,6.859879709567291e-11
2605,9.683188717637255e-11,1.3328000170706928e-10
2606,1.3875579170177086e-10,2.1920287269424055e-10
2607,1.7983524735072365e-10,2.77238404014196e-10
2608,2.2257999282210608e-10,3.265884875949531e-10
2609,2.811557123664699e-10,3.9358616020071774e-10
2610,3.289113034985412e-10,4.3540400341762155e-10
2611,3.425832738536985e-10,4.4766972756827956e-10
2612,3.2431574105538544e-10,4.0425617549803503e-10
2613,2.875919123470275e-10,3.2268645327059863e-10
2614,2.5972792908624643e-10,2.4167210482682304e-10
2615,2.4812818909536845e-10,2.0007518319077798e-10
2616,2.3537256646377244e-10,1.9006206174564034e-10
2617,2.366512731918008e-10,1.7716996832274512e-10
2618,2.6329594377093574e-10,1.682562186345927e-10
2619,3.2428076819000946e-10,1.8005422106334041e-10
2620,3.572365539679129e-10,2.0788482972929066e-10
2621,3.359069668763115e-10,2.167414710555841e-10
2622,3.321118976308927e-10,1.9501872080668553e-10
2623,3.5148587570079235e-10,1.5491708393479252e-10
2624,3.893553986773928e-10,1.2972834644926688e-10
2625,3.1565131886009453e-10,9.635600502146957e-11
2626,2.4285796498602107e-10,6.970256855744433e-11
2627,2.1670650151682406e-10,5.311907370412576e-11
2628,1.9267248750532183e-10,3.5312536166641476e-11
2629,1.2574077116207783e-10,1.8065436101288645e-11
2630,7.30686018710865e-11,1.2883079873949295e-11
2631,6.232879596629447e-11,1.3431987312877998e-11
2632,6.55091465153149e-11,1.3320504186940961e-11
2633,7.327590034007392e-11,1.6392706532958035e-11
2634,7.551572527584506e-11,2.8341946522421272e-11
2635,7.982969972558316e-11,5.24604248605067e-11
2636,8.682998888412832e-11,6.724568763689949e-11
2637,8.722268643351255e-11,6.454302454200739e-11
2638,8.23718046676062e-11,6.453467798788869e-11
2639,9.143547271411147e-11,9.487114924968152e-11
2640,1.312910406960435e-10,1.621452431808348e-10
2641,2.33525135068854e-10,2.906121620243551e-10
2642,3.983288328977128e-10,4.571985137080349e-10
2643,5.297239481111111e-10,5.763405897231267e-10
2644,5.508496114246375e-10,5.577851801343694e-10
2645,5.161768479806597e-10,4.387843458336763e-10
2646,5.264140373230322e-10,3.4851011430397535e-10
2647,6.313161987280351e-10,3.512645179445907e-10
2648,7.554082703985615e-10,3.9105101705182294e-10
2649,8.294029316284984e-10,3.8913009398737587e-10
2650,8.49138340281641e-10,3.392417406561717e-10
2651,7.723406234957017e-10,2.657604601941059e-10
2652,6.466900851904471e-10,2.0926182417760258e-10
2653,5.773833015944688e-10,2.005516992587252e-10
2654,5.889618754588818e-10,2.2351299370823339e-10
2655,5.727411044229949e-10,2.2710080813745107e-10
2656,4.748515701867089e-10,1.788314890261502e-10
2657,3.314486782367265e-10,9.97446868462291e-11
2658,2.6132339867832216e-10,5.409697503441803e-11
2659,2.5668671874086173e-10,3.7633545225561155e-11
2660,2.574368588379161e-10,3.188029768081148e-11
2661,2.178087490686694e-10,2.411236337692343e-11
2662,1.5979523139870638e-10,1.5933246245937433e-11
2663,1.2016817543062384e-10,1.0073192360079734e-11
2664,1.0793759430148582e-10,8.180415079021588e-12
2665,9.961532293444532e-11,8.536399663306859e-12
2666,8.688841590981577e-11,9.289635648489729e-12
2667,7.540673931129486e-11,1.1109243954273765e-11
2668,6.459157572301378e-11,1.195039614821832e-11
2669,5.7232181094827634e-11,1.0896370389678045e-11
2670,6.148243828035422e-11,1.7865104518465705e-11
2671,8.22431929812164e-11,3.43037187685404e-11
2672,1.2209655494337352e-10,6.750912150761176e-11
2673,1.8201816432907828e-10,1.122317966604152e-10
2674,2.3258006434111822e-10,1.4098101279935354e-10
2675,2.6494642358807647e-10,1.4126647138989575e-10
2676,2.8385385726166236e-10,1.3809636224822119e-10
2677,3.006817450454952e-10,1.3189357866455867e-10
2678,3.1863234712859454e-10,1.2993257138552459e-10
2679,3.278406868262161e-10,1.284471721566228e-10
2680,3.365661071445301e-10,1.2002083600873845e-10
2681,3.486790268894999e-10,1.0850599123270778e-10
2682,4.0830961432043075e-10,1.1080749079812434e-10
2683,4.93178472136491e-10,1.2338608352406635e-10
2684,5.363339983822643e-10,1.2769212395516108e-10
2685,4.805098329479301e-10,1.1178851918793281e-10
2686,3.8584309007317606e-10,8.642006332504755e-11
2687,3.3462370262141913e-10,6.754646421882119e-11
2688,2.748621676749999e-10,4.633564433071977e-11
2689,2.0918053553296475e-10,2.7305281784701108e-11
2690,1.4754990299357118e-10,1.5275376513003616e-11
2691,1.2423018606485405e-10,1.027386749815159e-11
2692,1.5820380043548433e-10,1.0970866186188248e-11
2693,2.0016065251246328e-10,1.2024378944266726e-11
2694,1.7409923152343493e-10,6.779404475118084e-12
2695,9.602873581032667e-11,1.22416964122877e-12
2696,6.148377774672324e-11,1.6558990927314163e-13
2697,6.388555547855831e-11,1.250402118237159e-13
2698,7.13957625931139e-11,2.249051202193652e-13
2699,6.556424817762781e-11,3.4703000792215307e-13
2700,5.1479742644970313e-11,3.9227263452479154e-13
2701,5.0301278585076607e-11,6.838644223159932e-13
2702,5.850081049102066e-11,1.4730790805496596e-12
2703,6.621774579094004e-11,5.1308661400305585e-12
2704,8.6213680215793e-11,1.902392986780417e-11
2705,1.3089928866653613e-10,4.977024127206607e-11
2706,1.7965015918610679e-10,6.948742712385823e-11
2707,2.2004589428955685e-10,7.949509462347889e-11
2708,2.5225582783531554e-10,9.278433761104437e-11
2709,2.885982527521653e-10,1.1684864337141727e-10
2710,3.4825649062996413e-10,1.469740053692885e-10
2711,4.164786972789591e-10,1.6422903402287484e-10
2712,3.9348009059698835e-10,1.2958859548400482e-10
2713,3.0119717655716035e-10,6.662229750655062e-11
2714,2.3800284700710403e-10,3.022296789255815e-11
2715,2.473343466808718e-10,2.138713367553898e-11
2716,3.2656455482813656e-10,3.2085997803454687e-11
2717,3.863828845553066e-10,5.0730225122294695e-11
2718,4.0142677326060314e-10,7.010633027205785e-11
2719,3.7581198162041616e-10,7.725295255745153e-11
2720,3.194593703528762e-10,6.611047396141173e-11
2721,3.2055715596510225e-10,6.505861689230463e-11
2722,3.372837877814247e-10,6.958760036036229e-11
2723,3.933835854342821e-10,8.707481102066902e-11
2724,4.6561955592269865e-10,1.054122956702808e-10
2725,4.4887072189235466e-10,8.760820628426482e-11
2726,3.3362082628165896e-10,4.4939798854628664e-11
2727,2.051376573064136e-10,1.434819962406184e-11
2728,1.218948166005751e-10,4.003799625536905e-12
2729,1.0355412202634311e-10,2.624862483986019e-12
2730,1.0523582385349481e-10,2.9998616849696007e-12
2731,1.1270219112318472e-10,4.089469656798139e-12
2732,1.1922615960900244e-10,4.653282240913779e-12
2733,1.403985055701365e-10,6.4720949934944755e-12
2734,2.3007357574143485e-10,1.9076013105472242e-11
2735,3.280746103693562e-10,4.339477538399783e-11
2736,3.928906426567937e-10,7.98936397351043e-11
2737,4.186980314850696e-10,1.1494008199903922e-10
2738,4.275288560482448e-10,1.2881479282340817e-10
2739,4.809943265737882e-10,1.463269642145206e-10
2740,5.92789263999939e-10,2.0147227764709106e-10
2741,6.871463042349089e-10,2.7277794706286733e-10
2742,7.422549195456642e-10,3.283763385897559e-10
2743,7.027038414446061e-10,2.886901321766155e-10
2744,5.522761119649023e-10,1.667334584430684e-10
2745,4.135507625834068e-10,8.27969575858034e-11
2746,3.639405372960608e-10,5.949113815441547e-11
2747,3.8563658845854943e-10,6.437092658554787e-11
2748,4.717400104289481e-10,9.631106044881564e-11
2749,4.1399640566773476e-10,9.023677076813415e-11
2750,2.6507216568924263e-10,5.080374858577085e-11
2751,1.6066462957015646e-10,2.816783561858082e-11
2752,1.6659619147187865e-10,3.3009820356051006e-11
2753,2.6995234653105143e-10,7.067790121102871e-11
2754,4.538459304184613e-10,1.5851594064383403e-10
2755,5.190034916392107e-10,2.0385709437193775e-10
2756,3.9393902536682713e-10,1.2898798254961633e-10
2757,2.8261517231885283e-10,5.846888364029625e-11
2758,2.789931039585198e-10,3.555214975655141e-11
2759,3.0504990287649635e-10,3.1879253425131524e-11
2760,2.6049111603916415e-10,2.598194365273356e-11
2761,1.8416972399075232e-10,1.739996178996642e-11
2762,1.4283484959936449e-10,9.094597658839565e-12
2763,1.3663000311675177e-10,5.7690153781983885e-12
2764,1.2303739568503753e-10,4.469276310841248e-12
2765,1.1370675819588483e-10,6.397193389864808e-12
2766,1.4261353558015022e-10,1.327843758102812e-11
2767,2.2941547456421566e-10,2.3567307429969544e-11
2768,2.436113295047921e-10,1.7381457603395027e-11
2769,1.785250460950201e-10,9.460492374104583e-12
2770,1.1096793221814436e-10,5.80953889938742e-12
2771,1.3766944123125337e-10,1.3474191468435277e-11
2772,2.6205144973912397e-10,4.3134323568650125e-11
2773,2.881203212029019e-10,6.066401948299166e-11
2774,1.898474964456853e-10,4.692751675278469e-11
2775,1.2174789660262607e-10,2.870645159061269e-11
2776,1.329487503651015e-10,2.4367443991299165e-11
2777,2.1795219389310732e-10,3.931310417952436e-11
2778,2.4058046009158315e-10,6.384977278259542e-11
2779,2.1032676361580465e-10,8.854364494855144e-11
2780,1.8675545051737496e-10,9.507715827881554e-11
2781,1.7451288374267886e-10,6.714535605790608e-11
2782,1.6559807270231773e-10,4.797108326577736e-11
2783,1.324619079900902e-10,5.0794051051991176e-11
2784,1.4451619150251485e-10,7.878354066348985e-11
2785,1.8869093999588245e-10,9.844733678161212e-11
2786,2.2531367099280935e-10,7.65190026761168e-11
2787,1.4494194050503613e-10,2.831954732090881e-11
2788,5.1024869019660734e-11,3.89182809692985e-12
2789,3.32164075536189e-11,3.4535165729367367e-13
2790,6.589157280848264e-11,2.624584791188519e-13
2791,1.3250908019784457e-10,1.2324674742496384e-12
2792,8.035231237680795e-11,1.0158625574296774e-12
2793,3.2519951421797455e-11,5.404013574050923e-13
2794,3.220547678113258e-11,2.349832328047576e-13
2795,8.675281742723916e-11,5.160361314251681e-13
2796,1.2680269707740463e-10,2.175368124516241e-12
2797,7.895661582939302e-11,3.3645192837119642e-12
2798,5.1969366426345275e-11,4.050227770745236e-12
2799,4.6700263281108324e-11,3.1431694474790935e-12
2800,4.9983445084222415e-11,2.769932342279634e-12
2801,4.7274851334607674e-11,5.13467438732702e-12
2802,5.27915133150914e-11,1.376789350199965e-11
2803,7.505369897944678e-11,2.459814895452718e-11
2804,8.997838894131932e-11,2.5408532891202833e-11
2805,7.974387649779487e-11,2.3179510811524412e-11
2806,6.702025840985153e-11,3.2317959277854565e-11
2807,7.714585970431035e-11,6.073061560365574e-11
2808,1.0794328251717422e-10,1.0752730124920182e-10
2809,1.4525343729385434e-10,1.687176266646418e-10
2810,1.8596375389178552e-10,2.392992066800617e-10
2811,2.1762898029028969e-10,2.779528814230541e-10
2812,2.7744806235143186e-10,2.9942723724946733e-10
2813,4.267008291544034e-10,3.7471890109491534e-10
2814,6.378376552991904e-10,5.074726742583357e-10
2815,7.712025417421609e-10,6.117820713251683e-10
2816,7.679963232905522e-10,5.623998563719988e-10
2817,6.165072751596564e-10,3.758193572318096e-10
2818,4.914198502086061e-10,2.341240520927882e-10
2819,3.912808585647958e-10,1.7852805093509925e-10
2820,3.9082018856177127e-10,1.7478188494513842e-10
2821,4.5469807036622437e-10,1.9498334367251488e-10
2822,5.251813027452146e-10,1.9863417256354804e-10
2823,4.5726125678812557e-10,1.5407490982146167e-10
2824,3.602008975514794e-10,1.1445295732021564e-10
2825,3.5622025794394566e-10,1.1233685600104285e-10
2826,4.965519753410466e-10,1.4931379129235132e-10
2827,6.247832068380711e-10,1.881565053712277e-10
2828,4.43181493559734e-10,1.4989836647226512e-10
2829,2.1636495502820573e-10,8.8971205353961e-11
2830,1.2785099770936252e-10,6.979560457746775e-11
2831,1.3737353408738612e-10,8.723428295189216e-11
2832,2.241728148298695e-10,1.570949122406513e-10
2833,3.661567600250804e-10,2.930866468838454e-10
2834,4.550099271293052e-10,3.9569990815462675e-10
2835,4.480046914839736e-10,3.803465926533465e-10
2836,4.5935728292848726e-10,3.293317245917071e-10
2837,5.326964400570188e-10,3.2446444352038733e-10
2838,6.09104572079385e-10,3.8657841226319405e-10
2839,6.729157951908541e-10,5.23493748952729e-10
2840,7.397138252336724e-10,6.522365668562136e-10
2841,8.059287902636012e-10,7.37406105795847e-10
2842,9.919823790074172e-10,9.369151552957704e-10
2843,1.3137177226981594e-09,1.296333702855951e-09
2844,1.97344856472216e-09,1.9517796264972444e-09
2845,3.038411977276596e-09,2.8410132449767167e-09
2846,3.883913710216177e-09,3.3242625837906083e-09
2847,3.801970553334611e-09,2.9514846031440916e-09
2848,3.043226755112406e-09,2.10981457214591e-09
2849,2.1858505127979536e-09,1.2922850299559997e-09
2850,1.6657493689461961e-09,8.285049352038784e-10
2851,1.3099062123720773e-09,5.747231060179409e-10
2852,1.0582120919944042e-09,4.2542796674299257e-10
2853,7.965033144606625e-10,2.9451029070460687e-10
2854,6.902135935583397e-10,2.3987073520431644e-10
2855,7.245926266269153e-10,2.329889651957792e-10
2856,8.866378205447334e-10,2.638256162339111e-10
2857,1.1207756149694174e-09,3.135865273555058e-10
2858,1.2444687806452746e-09,3.529304167531619e-10
2859,1.2803029644039439e-09,3.714518912736582e-10
2860,1.2979758677406512e-09,3.558585265746936e-10
2861,1.203954814926852e-09,2.998380952999414e-10
2862,9.657499717903085e-10,2.218482598295678e-10
2863,6.924650832012484e-10,1.4942136383986212e-10
2864,5.845166436776084e-10,1.2087305344395287e-10
2865,5.64524339372042e-10,1.1751733182271085e-10
2866,5.150054192423183e-10,1.359207462064556e-10
2867,4.951252935326473e-10,1.9546940835065214e-10
2868,5.997690997894681e-10,3.085962456590147e-10
2869,7.435405117928906e-10,4.3400918864092214e-10
2870,7.846214546120126e-10,5.21617618591235e-10
2871,7.773505961133792e-10,6.157474627718178e-10
2872,9.415186480812378e-10,8.392979809413602e-10
2873,1.4639313292755369e-09,1.2235520265313576e-09
2874,2.299948829789507e-09,1.6882268965262485e-09
2875,2.710207621010964e-09,1.8542878500052867e-09
2876,2.451235407143354e-09,1.6151375171325707e-09
2877,2.2720839771979127e-09,1.3687498491367332e-09
2878,2.737179160810522e-09,1.431952962511555e-09
2879,3.2167684890120795e-09,1.572922814805521e-09
2880,2.9769377597389565e-09,1.5383585975488484e-09
2881,2.159516219016508e-09,1.1493363421324353e-09
2882,1.5917791206966344e-09,7.200540646725279e-10
2883,1.380011969282011e-09,4.5232132179761483e-10
2884,1.066916040659827e-09,2.4827290195946137e-10
2885,7.483683317941306e-10,1.4578940037688707e-10
2886,6.052503087283868e-10,1.234766882615234e-10
2887,7.541141293790813e-10,1.7172954894350315e-10
2888,9.555877444513485e-10,2.421988386528394e-10
2889,1.0036761203376066e-09,3.1690406777326696e-10
2890,1.0099654447647575e-09,3.7620158024954417e-10
2891,1.1371326688980175e-09,4.4336306596808417e-10
2892,1.4039251630819268e-09,5.279706294266297e-10
2893,1.2646735802027514e-09,4.5260636093245203e-10
2894,8.498270413844048e-10,3.016160102497411e-10
2895,6.094829302285093e-10,2.12728136351299e-10
2896,6.726416259951086e-10,2.2384074509263516e-10
2897,9.25459846472585e-10,3.2057594412128053e-10
2898,1.1650007796033586e-09,4.821297226709008e-10
2899,1.2812027465644661e-09,6.217577315245962e-10
2900,1.406279430438573e-09,7.489700500670722e-10
2901,1.5599836139927723e-09,8.651517638788799e-10
2902,1.6736384749733482e-09,1.0351227909634709e-09
2903,2.0586736864467547e-09,1.5226848725142803e-09
2904,3.0109434442681245e-09,2.364301418767431e-09
2905,4.3126336397241984e-09,3.153605529529126e-09
2906,5.119481076028065e-09,3.4394150240605463e-09
2907,4.929004619983586e-09,3.1922942537992576e-09
2908,4.689239439121909e-09,2.9066448036351884e-09
2909,5.847352137050579e-09,3.471166873847832e-09
2910,7.691257992258798e-09,4.352207349378044e-09
2911,7.608736162548358e-09,4.278117842342437e-09
2912,5.773692557306271e-09,3.3774845075190445e-09
2913,4.181271744607335e-09,2.305007707305224e-09
2914,3.5116703494933327e-09,1.6306024983569152e-09
2915,3.3311146446819193e-09,1.340591557722297e-09
2916,2.652673002555988e-09,9.79514919902001e-10
2917,2.058399781229597e-09,7.025602018084434e-10
2918,2.009836859134056e-09,5.924714781554712e-10
2919,2.1298355455945953e-09,5.022920478218276e-10
2920,1.8694546016543925e-09,4.1365122815203013e-10
2921,1.3122292278855204e-09,3.113619387245115e-10
2922,1.09876775167766e-09,2.9437956215164326e-10
2923,1.2056044376483414e-09,3.338112388649132e-10
2924,1.1681800415751512e-09,3.5004421521344855e-10
2925,8.680850113324013e-10,3.084960285513537e-10
2926,7.636837669044763e-10,3.461797272363595e-10
2927,1.0416497314414557e-09,5.338844276676093e-10
2928,1.682738508549444e-09,8.491884961674403e-10
2929,2.1166751250987905e-09,1.0776036388090623e-09
2930,2.017203750021078e-09,1.0966037335430972e-09
2931,1.8943614058037896e-09,1.001075705803101e-09
2932,2.2636634853362515e-09,1.0910415169605252e-09
2933,2.822241162430885e-09,1.3064879082092562e-09
2934,2.6081399863197256e-09,1.2454252226611971e-09
2935,2.2717928556913063e-09,1.188348850866011e-09
2936,2.145908565581711e-09,1.117336666191825e-09
2937,2.4121850184131535e-09,1.133805967073132e-09
2938,2.889899343611825e-09,1.3204951135991192e-09
2939,3.1691863642678787e-09,1.4958092298378593e-09
2940,3.7019084173868182e-09,1.6978513252488456e-09
2941,4.291710675877544e-09,1.7781313079946373e-09
2942,4.005446164657754e-09,1.4569000897624604e-09
2943,2.9680804696016875e-09,9.872529669792213e-10
2944,2.1374584303963473e-09,6.854486767394321e-10
2945,2.1145505315940353e-09,6.562869267602474e-10
2946,2.4351770544115293e-09,7.134439211625462e-10
2947,2.1994602649545626e-09,6.085630851339034e-10
2948,1.469005550482801e-09,3.393168226994965e-10
2949,9.54571674349097e-10,1.4914141646811697e-10
2950,1.015014683048895e-09,1.2371130996029709e-10
2951,1.2170943681296026e-09,1.372167844271568e-10
2952,1.134242461724954e-09,1.2838149392689408e-10
2953,7.574689823769196e-10,9.48451228639055e-11
2954,4.841584151683006e-10,7.204663390507789e-11
2955,3.624141594305104e-10,5.917509512194426e-11
2956,3.0457211210960913e-10,5.244011399785572e-11
2957,2.325977247856675e-10,4.460195027362906e-11
2958,2.1819292892088948e-10,6.215430431210511e-11
2959,2.5411177895400084e-10,9.961405368441801e-11
2960,2.964607905268388e-10,1.305542476607814e-10
2961,3.3346431183826304e-10,1.4674368926549867e-10
2962,3.7014824334123295e-10,1.5450978667498143e-10
2963,4.5450266064983536e-10,1.858430809766414e-10
2964,6.567066013417645e-10,2.6965571688958375e-10
2965,8.889878331637424e-10,3.643007726849299e-10
2966,9.810064857214258e-10,3.701263124990972e-10
2967,8.566097271940327e-10,2.667411177035384e-10
2968,7.570240589917384e-10,1.7035520276993305e-10
2969,7.420669835547801e-10,1.168815837179139e-10
2970,7.43268832081266e-10,9.442783821833242e-11
2971,6.765336798207636e-10,8.095416957865713e-11
2972,6.039815796143426e-10,7.236225977285713e-11
2973,5.710413872215764e-10,6.358309528694813e-11
2974,5.722325782387324e-10,6.025632763079395e-11
2975,5.024386366667965e-10,4.887044084910547e-11
2976,3.908454174213922e-10,3.7288699203338566e-11
2977,3.185325660341398e-10,3.263386412991683e-11
2978,3.22589655175663e-10,3.466030971878767e-11
2979,3.1135253671666244e-10,2.573655407993977e-11
2980,2.369895057904871e-10,1.1645233510372208e-11
2981,1.3316272907463553e-10,3.277750486724172e-12
2982,1.0414810017825507e-10,1.9104573444736653e-12
2983,9.620619312743316e-11,2.2291223029573947e-12
2984,8.219836482747427e-11,3.257021036444464e-12
2985,4.524339657611963e-11,3.0775472651257087e-12
2986,2.5717389914336276e-11,3.6977483455065925e-12
2987,1.9633053039841224e-11,3.76815336320535e-12
2988,1.9333316104125483e-11,3.2174617575851498e-12
2989,2.2904751859922937e-11,5.428462977693991e-12
2990,3.366715665261063e-11,1.4963504702332772e-11
2991,4.860140956419789e-11,2.56944951342503e-11
2992,5.410648165640623e-11,1.861347249760036e-11
2993,5.044215099023795e-11,9.098439386520648e-12
2994,4.4733582082376045e-11,3.9943998248630846e-12
2995,4.72676004161899e-11,2.6909041685056505e-12
2996,8.611950761591265e-11,5.18789852905283e-12
2997,1.5940564007485919e-10,1.4921677589766833e-11
2998,1.8846273763887223e-10,2.407222066156446e-11
2999,1.5823340908993596e-10,2.066775017801572e-11
3000,1.489408050578439e-10,1.4989744331527652e-11
3001,1.7544740981609215e-10,1.1163154770231313e-11
3002,2.0864571679870268e-10,1.1070144451407061e-11
3003,1.8778205772076433e-10,1.211302552100436e-11
3004,1.5633124882137064e-10,1.2262284348293412e-11
3005,1.7374878684007737e-10,1.4343659682702805e-11
3006,1.8376886500555164e-10,1.2239376818751244e-11
3007,1.5678454268289066e-10,7.594376723075765e-12
3008,1.0329236167678894e-10,3.3381721448033563e-12
3009,7.995543591574174e-11,1.948186217795351e-12
3010,7.75000367323218e-11,1.1662687606827316e-12
3011,6.395262171931842e-11,3.92021840693394e-13
3012,4.860920565910363e-11,5.644171423392735e-14
3013,5.1340219885332015e-11,9.855323360324286e-15
3014,6.886092728140109e-11,2.7779558080848455e-14
3015,9.221291011335831e-11,2.59297438582684e-13
3016,7.728676948594975e-11,6.575210536683441e-13
3017,6.551403467495403e-11,8.778620748676525e-13
3018,6.351554976302158e-11,3.087311265930218e-13
3019,6.13674824572313e-11,7.577895412686846e-15
3020,4.3422881212832944e-11,5.575439960046078e-16
3021,2.158464497662531e-11,8.36406239494879e-17
3022,1.6149165118628608e-11,1.5804713937585297e-15
3023,1.38363582885629e-11,1.0612319776989841e-14
3024,1.1437211976492292e-11,2.6141744348788072e-14
3025,1.222883798431664e-11,1.0286732158905888e-13
3026,1.6865039162858477e-11,4.0726531883979507e-14
3027,4.385431371161671e-11,1.785006891165996e-15
3028,7.006615652882175e-11,4.577790141441426e-14
3029,5.2730630905028167e-11,4.884330828232551e-13
3030,3.845244145064593e-11,9.206951451252305e-13
3031,3.4516246542592385e-11,3.671022248011035e-13
3032,3.6427172247619424e-11,4.703046351893948e-14
3033,1.732379128025545e-11,2.30862574320992e-14
3034,1.2919705481194954e-11,4.16710782151544e-13
3035,2.2100026462708787e-11,2.032051750066073e-12
3036,5.683116551631772e-11,6.2955600539576476e-12
3037,1.063245046783019e-10,9.995854047076646e-12
3038,1.1167574349067144e-10,6.640433469003587e-12
3039,1.1318135923739263e-10,2.099216719387195e-12
3040,1.9076555992622554e-10,1.6985658630547915e-12
3041,3.0026838600933517e-10,3.372488218462711e-12
3042,2.9082434753888666e-10,2.9206798313673802e-12
3043,2.4742721873523486e-10,2.286670430668128e-12
3044,2.5693281736805016e-10,3.013683492637145e-12
3045,3.30408592419966e-10,7.301454219781371e-12
3046,4.25662208003062e-10,1.6574954102448756e-11
3047,5.042729078348283e-10,2.6443762592014488e-11
3048,5.703373084451459e-10,2.6966330636291253e-11
3049,6.518939450478195e-10,2.975271167824783e-11
3050,5.435527887008015e-10,2.071522429811584e-11
3051,4.213735856982101e-10,1.6257914354053957e-11
3052,3.655990091166567e-10,1.5158401755060613e-11
3053,3.342879982173014e-10,1.2936741460445649e-11
3054,2.2789945997722956e-10,5.781612873282963e-12
3055,1.3045843278293783e-10,2.123557887357696e-12
3056,1.1468079943644933e-10,2.0309338775873017e-12
3057,1.9797954481205731e-10,6.385831913137444e-12
3058,3.68594908147591e-10,1.8058766279936232e-11
3059,4.725887939035623e-10,2.7771724209477617e-11
3060,5.241986684110365e-10,3.285182610115199e-11
3061,6.493409369087744e-10,4.1892285043307136e-11
3062,7.80882054554282e-10,5.6687715325113135e-11
3063,5.794064698270846e-10,4.451945683521937e-11
3064,2.6945014213909096e-10,2.3561798717675656e-11
3065,1.351672757956073e-10,1.0143877814003072e-11
3066,1.1809832910958137e-10,4.806283699211778e-12
3067,1.416608876529338e-10,3.363670464484991e-12
3068,1.5852996266768306e-10,3.264115836744917e-12
3069,2.3085153321193963e-10,7.471216980078157e-12
3070,5.321805997147865e-10,3.213872857489642e-11
3071,1.042544113374302e-09,8.38561753772462e-11
3072,1.3382463764026155e-09,1.3308440325775779e-10
3073,1.249756008069129e-09,1.4658627600809048e-10
3074,1.2843589085315625e-09,1.6983097833919736e-10
3075,1.3182248861074581e-09,1.7983578610723136e-10
3076,9.43530241578974e-10,1.2620649294160985e-10
3077,4.340672736982181e-10,5.376689454322781e-11
3078,2.2478452395018488e-10,2.6121431335188863e-11
3079,1.7212872566764307e-10,1.582012234944025e-11
3080,1.2743956827896176e-10,8.156497358267011e-12
3081,7.662380272546566e-11,5.1352092167669735e-12
3082,6.525036357147747e-11,7.575365134261226e-12
3083,1.0367578041037811e-10,1.853591592449884e-11
3084,2.1558497747793078e-10,4.8538938279313136e-11
3085,2.922239011466744e-10,8.096330343736733e-11
3086,2.5508994918754023e-10,8.31046752097031e-11
3087,2.2054978858264305e-10,7.481403919229351e-11
3088,2.0961773767558578e-10,5.965746796147709e-11
3089,1.926974022978472e-10,4.14536078639197e-11
3090,1.6318804097541563e-10,2.823922547967856e-11
3091,1.326544700595235e-10,1.6236381630543246e-11
3092,1.439837692757808e-10,1.1654573527196408e-11
3093,1.917590247359591e-10,1.1894519332743481e-11
3094,2.1378282325412265e-10,1.0795377904334362e-11
3095,1.8030425036906883e-10,6.534784798585315e-12
3096,1.5675917151824882e-10,3.641374936914413e-12
3097,1.5673410192794612e-10,2.4735476263131637e-12
3098,1.1862121694989408e-10,9.315868247546029e-13
3099,7.549330722609571e-11,2.1450684602436478e-13
3100,5.60001333935995e-11,4.9200433638689556e-14
3101,5.0422536255040865e-11,1.7395023200749336e-14
3102,5.807008030481803e-11,3.809320246953703e-14
3103,5.539189623865075e-11,2.7612966614284227e-14
3104,6.624500633034575e-11,9.51886640125881e-14
3105,1.0924382936063192e-10,8.006907094725948e-13
3106,2.0406548756937528e-10,4.044171099043377e-12
3107,2.7785846025084617e-10,8.354319231073454e-12
3108,3.010594736747959e-10,1.1407815367750146e-11
3109,3.1893407601489737e-10,1.562299047446579e-11
3110,4.1658462565006816e-10,3.438902573412517e-11
3111,5.136012795074308e-10,5.91008906619981e-11
3112,4.825462601949794e-10,6.100796583951734e-11
3113,3.013041623232594e-10,3.3957261689901214e-11
3114,2.0220686007872055e-10,1.858013432473966e-11
3115,1.900275033650551e-10,1.69855127504526e-11
3116,2.135213381376523e-10,2.2979080997310006e-11
3117,2.4964244874472616e-10,3.675302902368052e-11
3118,2.864918283809668e-10,5.0685812834259696e-11
3119,3.217614084519835e-10,5.6178135300249886e-11
3120,3.5809084701631607e-10,5.527007691659701e-11
3121,3.8473747902158963e-10,6.23425638982442e-11
3122,3.84308681059534e-10,7.655729310223633e-11
3123,3.8179968960317037e-10,9.869364486717984e-11
3124,4.4424521375870607e-10,1.3098211203834936e-10
3125,4.396368227224289e-10,1.0612472107472586e-10
3126,4.4075102735383267e-10,6.080608613664028e-11
3127,5.293294124968693e-10,4.1840145096949226e-11
3128,5.948460956883011e-10,3.4008418766936976e-11
3129,6.301090071802418e-10,3.2376804171473034e-11
3130,6.431828618582385e-10,3.2807564137036457e-11
3131,6.44670470600505e-10,3.2079507447414866e-11
3132,6.35303045479441e-10,3.124014501011035e-11
3133,5.102856499907902e-10,2.2843196218393908e-11
3134,3.814358915910117e-10,1.6272708504947305e-11
3135,3.260805555469559e-10,1.2220808398971549e-11
3136,3.437647982592055e-10,1.1089645028924273e-11
3137,3.5800177331825186e-10,1.0153681070007378e-11
3138,4.4954242143598364e-10,1.9503382575924567e-11
3139,6.562280832136793e-10,4.088162153030988e-11
3140,1.0344682166814529e-09,8.164080377813509e-11
3141,1.2668185699621997e-09,1.1229977063975204e-10
3142,1.0408434832423924e-09,8.160213922186687e-11
3143,8.29295087227111e-10,6.195129286723389e-11
3144,7.61841330365092e-10,5.790664302292425e-11
3145,6.871711307744348e-10,4.3815377994845487e-11
3146,4.3389172695910337e-10,1.541091628202957e-11
3147,1.8878859539103012e-10,2.3608378440994164e-12
3148,1.0775124727106606e-10,7.474701100066973e-13
3149,1.235673665908883e-10,1.7315176673758853e-12
3150,2.0690479200087935e-10,6.436834635748346e-12
3151,2.5410883422773694e-10,9.930071375312438e-12
3152,2.8118547280594364e-10,1.162370874445981e-11
3153,3.4538520768399835e-10,1.6512022922086964e-11
3154,4.544531512124483e-10,3.409562393758617e-11
3155,4.799388094336358e-10,5.785252649437949e-11
3156,4.1181192140040175e-10,7.003234126163519e-11
3157,3.3295090923778837e-10,5.715711892762583e-11
3158,2.699228404020516e-10,3.01996663410978e-11
3159,2.0640194640188713e-10,1.2700096553723159e-11
3160,1.4817606325885444e-10,6.192473509394378e-12
3161,1.2078827840792262e-10,3.176671063436578e-12
3162,1.6368933160932522e-10,2.1075894934957387e-12
3163,2.56763722567672e-10,2.511666226501328e-12
3164,3.1998535376583405e-10,5.226109124383031e-12
3165,3.2481447482910476e-10,1.0970028128286437e-11
3166,3.711596901041738e-10,2.2253659822304337e-11
3167,4.832441935320792e-10,3.578917449237836e-11
3168,6.301611083812974e-10,5.0095148900367786e-11
3169,7.147311607078902e-10,5.5742545880105646e-11
3170,6.852410533750062e-10,4.623959112133685e-11
3171,6.844638048308164e-10,4.083571840043873e-11
3172,7.486975527390668e-10,4.59263699286332e-11
3173,7.436543942830978e-10,4.0727023727832025e-11
3174,6.902863183085517e-10,3.582513849585132e-11
3175,5.410074261377511e-10,2.34635344842317e-11
3176,4.3486085951288284e-10,1.4537848397652386e-11
3177,4.350148495859572e-10,1.3770967827443873e-11
3178,3.9730118072131886e-10,1.0084319193842045e-11
3179,2.9863654284621176e-10,4.8238977581553485e-12
3180,2.467770330410848e-10,3.6379720935894025e-12
3181,2.612230419647115e-10,4.460130078343986e-12
3182,2.9418602264394965e-10,5.658545394223619e-12
3183,2.4990036689835987e-10,4.113509028108442e-12
3184,1.8236467677714571e-10,2.45424080854764e-12
3185,1.4231560892329058e-10,1.2217158285997026e-12
3186,1.6329365050704906e-10,1.3990558594738188e-12
3187,1.771538021082911e-10,1.4887290365374412e-12
3188,1.2223582819752668e-10,4.527101335837795e-13
3189,8.050362904054058e-11,1.0954227834747274e-13
3190,8.097978664680529e-11,1.2446914269600886e-13
3191,1.0691806786769814e-10,2.7425765662588093e-13
3192,1.2166836279866245e-10,3.8988872369954736e-13
3193,1.1607732773812618e-10,3.380027169953699e-13
3194,1.3550041807916547e-10,6.711799755527945e-13
3195,2.1189516970480238e-10,3.0843558219290177e-12
3196,3.136642005624556e-10,1.2343113760335924e-11
3197,3.6539225794489464e-10,3.012931560494445e-11
3198,4.354839035681111e-10,6.251468951527797e-11
3199,6.607325627609398e-10,1.20845438229302e-10
3200,1.0477667745411943e-09,2.034344883861373e-10
3201,1.2742159140047198e-09,2.4303418282765193e-10
3202,1.20309044677346e-09,2.0194542035806933e-10
3203,1.122173272938412e-09,1.500544195368428e-10
3204,1.2656695536939387e-09,1.4313427605654319e-10
3205,1.4183986861251578e-09,1.635889847169294e-10
3206,1.233443545782742e-09,1.4477638232050626e-10
3207,1.0577567044273294e-09,1.3990862288372611e-10
3208,1.0940464018316918e-09,1.6712144293117865e-10
3209,1.3188156611962358e-09,2.396014423613253e-10
3210,1.4335792000585115e-09,3.0665171950230665e-10
3211,1.510667973412893e-09,3.7877948965214513e-10
3212,1.4124593242066741e-09,3.684013314513009e-10
3213,1.1625199303529232e-09,2.8756828343164155e-10
3214,8.233062386037419e-10,1.7619821307283904e-10
3215,5.705189193615015e-10,9.763640569467079e-11
3216,5.180715624050296e-10,7.814625358678052e-11
3217,5.943027116092634e-10,9.084145505039155e-11
3218,6.302357970520192e-10,9.732281082345528e-11
3219,5.164171113404608e-10,6.964865635713891e-11
3220,4.4753512775797105e-10,5.1165073767842426e-11
3221,4.873349964306871e-10,4.925402923448021e-11
3222,7.096615733885668e-10,8.447465050092443e-11
3223,8.51817906858808e-10,1.2338251562767484e-10
3224,7.980715085698239e-10,1.4122289205524338e-10
3225,8.185147093837715e-10,1.6858284676804235e-10
3226,1.0454573501466883e-09,2.1864924092089484e-10
3227,1.3482083712749827e-09,2.6184505450692955e-10
3228,1.2898301423486095e-09,2.2972110322203702e-10
3229,1.0316132318397868e-09,1.6999788818947242e-10
3230,9.457490754150102e-10,1.5105826426718595e-10
3231,1.073698258300856e-09,1.788969836540486e-10
3232,1.0690325866018526e-09,1.9010982839524616e-10
3233,8.378324609953457e-10,1.6397988757944506e-10
3234,8.350397761586267e-10,2.0260629823436814e-10
3235,1.4967519621135212e-09,4.574953936482066e-10
3236,2.8315278404532804e-09,9.391212635210128e-10
3237,3.573045029449503e-09,1.1558722228419395e-09
3238,3.474335595467503e-09,1.0836791344307212e-09
3239,3.475806432423656e-09,9.801861802538876e-10
3240,4.2664482496349476e-09,1.1281954360744891e-09
3241,4.872712478350194e-09,1.3800187389488678e-09
3242,4.141185994033367e-09,1.292947478008696e-09
3243,3.220109681291388e-09,1.064679124902004e-09
3244,2.7631042242654808e-09,8.950551647676718e-10
3245,2.3781567049305657e-09,6.835046928489507e-10
3246,1.7256466727493546e-09,4.0750636669115335e-10
3247,1.1730446258652278e-09,2.267284528908161e-10
3248,9.606059560792376e-10,1.5873088255977955e-10
3249,1.3789180665527894e-09,2.5178308351145067e-10
3250,1.9636521647838457e-09,3.6932468010314734e-10
3251,2.4343738257222996e-09,4.94059219960072e-10
3252,2.55178067502119e-09,5.562472747478109e-10
3253,2.716724019385003e-09,6.210833834624631e-10
3254,2.8269438571159244e-09,6.353622882339576e-10
3255,2.505491083661414e-09,5.490236940124577e-10
3256,1.73637620241424e-09,3.5780226680142133e-10
3257,1.2296031795125607e-09,2.436403926306675e-10
3258,9.874842078350174e-10,1.8143703292009542e-10
3259,9.57797900004866e-10,1.626125750914984e-10
3260,9.388500988999374e-10,1.3947576627576717e-10
3261,9.560603029943942e-10,1.3155276864745698e-10
3262,1.0573911730962314e-09,1.537373255614215e-10
3263,1.176088392079956e-09,1.8152066812507905e-10
3264,1.368292526023712e-09,2.2948533832341005e-10
3265,1.5217783782337414e-09,2.7124858490504046e-10
3266,1.5107685960700123e-09,2.7105480702038695e-10
3267,1.5467057015123585e-09,2.9686487448110283e-10
3268,1.8173639353688114e-09,3.9679062959838954e-10
3269,2.489570885441232e-09,6.271451630438929e-10
3270,3.12937465095782e-09,8.433478200407881e-10
3271,3.227654106895918e-09,8.982234581051388e-10
3272,3.3220530767065417e-09,9.709946556124461e-10
3273,3.75206698900132e-09,1.1181983941933805e-09
3274,4.432682465350606e-09,1.3602961280774247e-09
3275,4.4821942885208845e-09,1.4308871271905316e-09
3276,3.957787752959925e-09,1.3219363524382968e-09
3277,3.7100360438871685e-09,1.2261468220912483e-09
3278,3.767321545874185e-09,1.1350865330487107e-09
3279,3.3952984226571594e-09,8.825708465039728e-10
3280,2.538142726536e-09,5.823499651633085e-10
3281,1.94924078321188e-09,4.10692886774041e-10
3282,2.062178309608189e-09,4.367825005730915e-10
3283,2.4945472681959777e-09,5.395176939373715e-10
3284,2.4784080782524317e-09,5.373777376417436e-10
3285,2.0471376095287394e-09,4.4422056712723435e-10
3286,1.856660631902224e-09,3.951286051279569e-10
3287,2.014537201449525e-09,4.1794220053843283e-10
3288,2.1147160741067486e-09,4.38362428257733e-10
3289,1.5188959186671188e-09,2.854765573575716e-10
3290,1.060791995720954e-09,1.8883136219090122e-10
3291,8.905588900399364e-10,1.486743785413954e-10
3292,1.0179228417670244e-09,1.8060782380010492e-10
3293,1.0412566377411932e-09,1.8959631693172698e-10
3294,8.489688324828627e-10,1.4676716317134855e-10
3295,7.063633309173052e-10,1.1102949389533089e-10
3296,8.713949017943647e-10,1.3999918456738006e-10
3297,1.2095175321469344e-09,1.9469048546961222e-10
3298,1.3249753670292362e-09,2.1334988596164438e-10
3299,9.9443352691423e-10,1.475962919355851e-10
3300,8.107970894218013e-10,1.188976624453161e-10
3301,9.199731673325981e-10,1.4345663636599318e-10
3302,1.1464127706372615e-09,1.9624953610219931e-10
3303,1.341279034204353e-09,2.730140724527653e-10
3304,1.4202870445204774e-09,3.20171890673543e-10
3305,1.6452999824349455e-09,3.862997599364954e-10
3306,2.1675601571975268e-09,5.345364034766915e-10
3307,2.6560793321072777e-09,7.142555625706093e-10
3308,3.174703089866034e-09,1.0039756390052877e-09
3309,3.5280628106616517e-09,1.2413492003487013e-09
3310,3.8367046802259894e-09,1.4141903419622055e-09
3311,3.751587822640871e-09,1.3543848758368964e-09
3312,3.85845298329326e-09,1.3224122740835659e-09
3313,4.132101344782058e-09,1.2848918790448361e-09
3314,4.590753570166608e-09,1.3131824030162615e-09
3315,4.082274518034524e-09,1.0255960651533206e-09
3316,3.272554741743282e-09,7.395590810437466e-10
3317,2.5726753185520527e-09,5.219660822336175e-10
3318,1.9956564639320685e-09,3.5713201913296385e-10
3319,1.4082207021521403e-09,2.290013335732926e-10
3320,7.828017228805551e-10,9.926963558965888e-11
3321,4.846548052793485e-10,4.83530740238653e-11
3322,4.176652187984365e-10,3.763183650312986e-11
3323,4.553935128780552e-10,4.299057091555539e-11
3324,5.092138240470362e-10,5.28684067214975e-11
3325,5.800730104196707e-10,6.706525244627433e-11
3326,7.378792248596478e-10,9.510094126164587e-11
3327,1.0964739550214653e-09,1.6680584233904883e-10
3328,1.4315663532396005e-09,2.3708361015694007e-10
3329,1.521176656196218e-09,2.5936894299058453e-10
3330,1.4737202023743053e-09,2.637847707916656e-10
3331,1.2370176559402789e-09,2.0487162369329355e-10
3332,9.432050596291795e-10,1.3965969036450484e-10
3333,6.641089359598901e-10,8.352188008772513e-11
3334,6.368163000220835e-10,8.019506309207618e-11
3335,8.779671969669013e-10,1.3269429263757257e-10
3336,1.5038459990422362e-09,2.992805915096597e-10
3337,2.053250715141736e-09,4.611842485575906e-10
3338,2.6885610886910923e-09,6.739234935537489e-10
3339,4.156375521131493e-09,1.2066840093982535e-09
3340,5.915528308806018e-09,1.8479696047555693e-09
3341,7.2561127863793605e-09,2.540578790014383e-09
3342,6.959164876934442e-09,2.643421970983492e-09
3343,6.217413781944148e-09,2.3376674977291405e-09
3344,5.157130041427211e-09,1.7167767393612752e-09
3345,3.881444136621737e-09,1.0982123261656646e-09
3346,2.5770037377993726e-09,5.938204491273412e-10
3347,1.942839133974327e-09,3.589669356329187e-10
3348,1.7631512968841273e-09,2.735487686982044e-10
3349,1.4472274318084241e-09,1.9161155873075225e-10
3350,8.966036802593676e-10,1.0744857831400418e-10
3351,5.302482464130133e-10,5.659682365012826e-11
3352,4.510451394132225e-10,4.430820891909333e-11
3353,5.48981283934931e-10,5.481067428195221e-11
3354,6.372035283911068e-10,6.66410444996343e-11
3355,6.033348587118614e-10,6.097233324465606e-11
3356,6.099835367355224e-10,5.807058932724712e-11
3357,7.672834598535736e-10,7.551380094016487e-11
3358,8.13085531120368e-10,7.290340166598801e-11
3359,6.504770407854042e-10,5.163394500567043e-11
3360,5.127233081987086e-10,4.0290096589976375e-11
3361,5.345897515255656e-10,4.686385416317768e-11
3362,5.857800035194863e-10,5.299476112712336e-11
3363,4.3620822325853003e-10,3.047854118029339e-11
3364,2.678541961122135e-10,1.1632035728752545e-11
3365,1.9236422101253095e-10,4.729802529930351e-12
3366,1.894719453664888e-10,3.4344109969306618e-12
3367,1.7740722340584858e-10,2.8434656795419766e-12
3368,1.3152373879665708e-10,1.829601327651586e-12
3369,1.6748374295588167e-10,4.535861551954846e-12
3370,3.7223649920297314e-10,2.1594765011073206e-11
3371,7.210403502301521e-10,6.006481706323668e-11
3372,8.717235222896414e-10,8.004610483851831e-11
3373,9.453976123158768e-10,9.644437790513047e-11
3374,1.2105954332714446e-09,1.3173961151002782e-10
3375,1.541255406984468e-09,1.6578381604852585e-10
3376,1.2719701652183667e-09,1.2038376325072812e-10
3377,7.308108011359686e-10,5.481806974167131e-11
3378,5.272425029029611e-10,3.329750291955179e-11
3379,5.503443400868778e-10,3.256651468492862e-11
3380,5.446893356196468e-10,3.105562910816907e-11
3381,3.561116728106565e-10,1.4508358636047274e-11
3382,2.0911694886112518e-10,4.969723377557959e-12
3383,2.0668718807043734e-10,6.29441962687237e-12
3384,2.9084545618077256e-10,1.513757774081273e-11
3385,3.4690052911753627e-10,2.629306686293761e-11
3386,2.95625379061859e-10,2.5647007361880992e-11
3387,2.3056005721634416e-10,1.731533556762889e-11
3388,2.0058249323754125e-10,1.1309879403663294e-11
3389,1.8632156920076685e-10,1.0365057002477926e-11
3390,1.6341076780531388e-10,1.320505063063619e-11
3391,1.380969073794726e-10,1.924093643056765e-11
3392,1.2326597343060265e-10,2.614903348967037e-11
3393,1.0815658860566397e-10,2.7566288724840655e-11
3394,1.0833062073787455e-10,2.819486733924529e-11
3395,1.4405086683025587e-10,3.4154166844338504e-11
3396,2.560748458155136e-10,6.011716188400559e-11
3397,4.362903578856275e-10,9.685439125366301e-11
3398,5.130637869050729e-10,9.515270498060143e-11
3399,5.120023385116778e-10,6.877685022211934e-11
3400,7.083246147373213e-10,7.56928106015358e-11
3401,1.3519596134477067e-09,1.6778851356004376e-10
3402,2.31775663862473e-09,3.5956483809916397e-10
3403,2.7553816717428863e-09,4.795286321698669e-10
3404,2.43862112952223e-09,4.2347113004819956e-10
3405,2.1920846494787716e-09,3.641675821830758e-10
3406,1.9923673205937687e-09,2.7732932750314646e-10
3407,1.5079163469194036e-09,1.6914411048620653e-10
3408,9.517944574441963e-10,9.885307051820645e-11
3409,6.188796004320247e-10,5.7317923828239506e-11
3410,6.052835514878652e-10,5.226559672418788e-11
3411,7.07340622403626e-10,6.220297021813352e-11
3412,6.910351372050052e-10,5.936427267838515e-11
3413,7.396358268121029e-10,7.136363758139145e-11
3414,1.0326098595898349e-09,1.203899754694163e-10
3415,1.4116358894806271e-09,1.735330878473845e-10
3416,1.407184125704588e-09,1.6964029171628882e-10
3417,9.782492623890072e-10,1.144293883654025e-10
3418,7.386469000109438e-10,8.709035937587735e-11
3419,6.603668937409284e-10,8.839183158308431e-11
3420,6.174887751847009e-10,1.2316114315588954e-10
3421,5.465363861108822e-10,1.5310007659537523e-10
3422,4.232910061344582e-10,1.2510746951076917e-10
3423,3.127424500566679e-10,6.926205023843604e-11
3424,2.8340996863296433e-10,3.8742526567133334e-11
3425,3.512955292440676e-10,3.8785820724842053e-11
3426,5.960508872492921e-10,7.77326850809167e-11
3427,1.0999146180075124e-09,1.6553397075944897e-10
3428,1.7203181411121378e-09,2.72983236086439e-10
3429,2.1374482181782483e-09,3.515845656989127e-10
3430,2.5195348481256267e-09,4.10686430703079e-10
3431,3.0836625542892566e-09,4.948908557052526e-10
3432,3.433288816953368e-09,5.520919096666603e-10
3433,2.9790658729814176e-09,4.662746666495632e-10
3434,2.2508450199182478e-09,3.392129454920722e-10
3435,1.868783220665236e-09,2.645432077971174e-10
3436,2.1309494931361543e-09,3.1429208461753287e-10
3437,2.369427571098912e-09,3.355669826285264e-10
3438,1.8786286035109864e-09,2.0267169118736854e-10
3439,1.2272562442586864e-09,9.356665764347377e-11
3440,9.48113925643085e-10,5.2474007580004615e-11
3441,1.0571299055231104e-09,5.6837484066713864e-11
3442,1.2447061454105742e-09,7.775520558795674e-11
3443,1.0404243707633568e-09,6.265703773002485e-11
3444,8.463154190105318e-10,5.894457059704706e-11
3445,8.636711114069162e-10,7.45788467294399e-11
3446,1.1497186495656338e-09,1.212419753116864e-10
3447,1.3111632483473151e-09,1.3914133518936279e-10
3448,1.0220730995815975e-09,8.46981965274049e-11
3449,6.87680083410826e-10,3.9575491793004084e-11
3450,5.627072627119405e-10,2.2952409928281212e-11
3451,5.730346617494587e-10,1.980433545361572e-11
3452,5.719160908630968e-10,1.785442181149288e-11
3453,4.989719862682634e-10,1.408102139768382e-11
3454,5.950341291230262e-10,2.4522413270613827e-11
3455,9.266278236548364e-10,5.601232578567945e-11
3456,1.5637720240625925e-09,1.3495588127251673e-10
3457,2.054302406603167e-09,2.112789186930012e-10
3458,2.03233196811418e-09,2.0441471995045915e-10
3459,2.2267254247932615e-09,2.332952077874597e-10
3460,2.7660181761160294e-09,3.18294505621713e-10
3461,3.057435133187571e-09,3.7581380848843567e-10
3462,2.887677488164032e-09,3.9778255833407063e-10
3463,2.219256620965217e-09,2.854962757614314e-10
3464,1.4716866794835715e-09,1.4538067038851157e-10
3465,1.0209234247579772e-09,8.3920911666542e-11
3466,6.813019669015961e-10,4.319499174818617e-11
3467,6.544390831513397e-10,4.150077598761548e-11
3468,8.294424114975383e-10,5.870313010894678e-11
3469,9.94578325363388e-10,6.686138512825463e-11
3470,1.0241373427522843e-09,6.744822931498293e-11
3471,1.0243520740630756e-09,6.395143338881076e-11
3472,1.137692964915044e-09,7.315422078486228e-11
3473,1.2743014905440072e-09,9.294849988001471e-11
3474,1.147998925922843e-09,1.0694790889869154e-10
3475,9.832223079439059e-10,1.3304420215555718e-10
3476,8.448011020360503e-10,1.2740321599707265e-10
3477,8.718150762463912e-10,1.3234174251954205e-10
3478,8.92345344592219e-10,1.289842510768693e-10
3479,7.904725242000597e-10,1.0683084529205903e-10
3480,7.612818818860384e-10,1.0113203302173829e-10
3481,7.461531413023507e-10,8.017979295200204e-11
3482,6.926171881058411e-10,5.2358089002255226e-11
3483,5.554393907318698e-10,2.938169810588692e-11
3484,4.116621416603576e-10,1.669002990750576e-11
3485,4.677257401350841e-10,2.6498156332928132e-11
3486,8.349560761604454e-10,7.939367471326373e-11
3487,1.4216812629822916e-09,1.850890080701179e-10
3488,1.9188657014629304e-09,2.806414717349697e-10
3489,2.1689640433431333e-09,3.06297549767139e-10
3490,2.75225946437025e-09,3.859424825386022e-10
3491,3.884953034813137e-09,5.922937526263568e-10
3492,4.265673542456848e-09,6.425727239947158e-10
3493,3.6491209064067353e-09,5.616638335841291e-10
3494,2.740074874316574e-09,4.05525714755362e-10
3495,1.966703830060797e-09,2.5336770777092067e-10
3496,1.412904963701074e-09,1.5855588468735762e-10
3497,1.0066730765412819e-09,9.974411965008962e-11
3498,8.037050070854583e-10,6.910924506273268e-11
3499,7.517293404562304e-10,4.954201145865759e-11
3500,7.486279642423567e-10,4.069512100308393e-11
3501,6.181315425721612e-10,2.1948463266163144e-11
3502,5.709082669975024e-10,1.7139970803649244e-11
3503,6.749334254548698e-10,2.2689067815561584e-11
3504,8.958173916316386e-10,3.965936353797778e-11
3505,9.854454575955472e-10,5.392715069086961e-11
3506,9.915882501592519e-10,7.10131274801402e-11
3507,1.072468561898814e-09,9.466165415503416e-11
3508,1.3589495761461264e-09,1.361620901682063e-10
3509,1.4608158323979231e-09,1.434395686933455e-10
3510,1.0609425736514121e-09,8.121777774917075e-11
3511,6.933304320885061e-10,4.3269207399392976e-11
3512,5.540321463784747e-10,3.0041296526490933e-11
3513,5.850610475176063e-10,2.8512352056495917e-11
3514,5.67097496402443e-10,2.4326013208485194e-11
3515,4.625445688028318e-10,1.694612568332348e-11
3516,5.208636220669111e-10,2.147497450837924e-11
3517,6.935111300119063e-10,3.040089103169346e-11
3518,9.58959643934615e-10,5.0258388991258675e-11
3519,1.0611180055858646e-09,6.232407032388132e-11
3520,1.148522318976182e-09,7.209740110916682e-11
3521,1.6281787201646105e-09,1.255153436784255e-10
3522,2.4193982821172874e-09,2.2822085259590356e-10
3523,2.8763877209507755e-09,3.091641483057651e-10
3524,2.4339453874039443e-09,2.492973464780819e-10
3525,1.8774372849614198e-09,1.7189962598039406e-10
3526,1.3590519880653248e-09,9.444735049722356e-11
3527,9.57046605476403e-10,4.713273045960825e-11
3528,6.145525650496487e-10,1.987863032080454e-11
3529,4.590753885642642e-10,1.1294767474841571e-11
3530,4.0992561344437044e-10,9.122551974185142e-12
3531,3.389797251742982e-10,7.395992977609192e-12
3532,2.3540407677091096e-10,6.46874765418007e-12
3533,1.8432315281589994e-10,5.224600820510519e-12
3534,2.3810699090045325e-10,3.608140697168346e-12
3535,4.287586084035602e-10,7.845367139655226e-12
3536,4.884154302614532e-10,9.901647110741695e-12
3537,3.621604267755384e-10,6.951911782691286e-12
3538,3.3329437805458655e-10,9.02182885091352e-12
3539,4.56216134904727e-10,1.573842637020898e-11
3540,6.181041848402429e-10,2.3815452455570184e-11
3541,3.8678019970258845e-10,8.887444049386299e-12
3542,1.3310888961939542e-10,4.162640285945575e-13
3543,6.629425782916165e-11,3.131852428232709e-14
3544,7.470811061696688e-11,5.190385173311884e-13
3545,9.439131496083279e-11,1.1742488250686175e-12
3546,1.010160137037858e-10,6.335761117780292e-13
3547,1.3129926286738369e-10,5.508169337695536e-13
3548,3.128007597718598e-10,4.439747195107561e-12
3549,6.364246968284463e-10,1.967965955928454e-11
3550,7.948661611063904e-10,3.1335539332199187e-11
3551,6.80091052731584e-10,2.6468653396136183e-11
3552,6.342252714854295e-10,2.4832108634835625e-11
3553,6.640742355999868e-10,2.5682673679859636e-11
3554,5.841441965642973e-10,2.08557036456043e-11
3555,3.58586129687872e-10,1.099470862535145e-11
3556,1.7054686734037984e-10,5.508019524740957e-12
3557,8.263899709793411e-11,4.025409892482578e-12
3558,4.365278173497567e-11,2.951383354425058e-12
3559,2.317347165370979e-11,4.080106264702048e-12
3560,1.8359085584459778e-11,1.2161011134444114e-11
3561,1.9503657779780577e-11,1.8273068787583744e-11
3562,2.4759565094273433e-11,1.5260726741919804e-11
3563,3.79031861132307e-11,1.8435113149338706e-11
3564,5.3239018728196584e-11,3.071057385939436e-11
3565,6.742118550130207e-11,4.865368067297926e-11
3566,7.31349998815589e-11,4.7486467928894604e-11
3567,6.143460744803045e-11,2.6165533516789855e-11
3568,3.7791031457216025e-11,8.019237331948448e-12
3569,1.8885785483046254e-11,1.6470203280966954e-12
3570,1.2016105531565479e-11,1.175240840074511e-13
3571,1.694097673077375e-11,9.753940963633953e-16
3572,2.308206132409286e-11,2.34109126006201e-15
3573,1.6530520813767795e-11,2.493938757122203e-14
3574,1.0762322493966163e-11,1.2458876393943275e-13
3575,9.164799855035464e-12,2.1381273829157554e-13
3576,9.448855475917424e-12,6.725352746246758e-13
3577,9.586659383951664e-12,2.2649828332724604e-12
3578,8.928068458493334e-12,2.3970714992270006e-12
3579,1.0182599234213045e-11,2.5705363410487224e-13
3580,4.2806385265630945e-11,7.376915267448517e-15
3581,1.2536810212576385e-10,3.9254793391761804e-13
3582,1.2188972899869515e-10,4.33102746004833e-13
3583,9.050306790758199e-11,3.4547827991250916e-13
3584,1.0376087284659091e-10,7.407672996788529e-13
3585,1.2904851622818323e-10,7.450341742007554e-13
3586,9.092465345420518e-11,3.2692148871759914e-13
3587,2.7635928242044197e-11,2.2201367206498144e-13
3588,2.0604019363087297e-11,6.109821310069449e-13
3589,2.554096305700342e-11,5.318071186399854e-13
3590,2.7751152585034242e-11,3.2865729916433447e-13
3591,1.6405209287092924e-11,2.2347883978331968e-13
3592,1.1332799003910087e-11,1.0250952973616877e-12
3593,1.2007813004488788e-11,6.789804805897742e-13
3594,1.623518197432774e-11,2.2859799525528985e-13
3595,1.986331003536994e-11,2.0627531680043898e-13
3596,1.5894297220077165e-11,7.705369725482937e-13
3597,1.4064115891581934e-11,1.015096069009282e-12
3598,1.7006019232938853e-11,2.57010469878175e-13
3599,2.2737680330775758e-11,8.272655867989369e-14
3600,1.6540703923231566e-11,8.297723457056233e-14
3601,1.1907974860153479e-11,3.3713596582486414e-13
3602,1.1986721550994035e-11,1.0926178533288041e-13
3603,2.82985919648447e-11,4.0574385800448235e-17
3604,5.25719417917633e-11,2.243887437244281e-15
3605,2.5058049984258143e-11,4.365974253715239e-16
3606,1.6363143548615906e-11,3.6161600989868416e-14
3607,2.1980719592736947e-11,1.9115260535185963e-13
3608,3.269659132102733e-11,2.873495146412462e-13
3609,2.4973575920052527e-11,3.474857571953921e-13
3610,1.727831690611859e-11,1.9001204702244663e-12
3611,1.7403143065812727e-11,5.690538366838988e-12
3612,2.0239608867847305e-11,6.831967552986665e-12
3613,2.2786837555284548e-11,7.896378657588826e-12
3614,1.99727409498724e-11,9.295871954863962e-12
3615,1.64510241889668e-11,6.0488870376507226e-12
3616,1.6274716738269386e-11,1.2706557772471423e-12
3617,1.9373919809573796e-11,2.0595726714186302e-13
3618,1.956902335988607e-11,1.0790915506408036e-13
3619,1.7902660883828027e-11,1.1820682152659585e-13
3620,2.0058893258347563e-11,2.954612682219356e-15
3621,5.428076188777356e-11,3.1693803610542903e-15
3622,6.454035027484635e-11,7.785159796312086e-15
3623,2.3262016685955594e-11,1.1477002992682041e-15
3624,1.186911459243898e-11,6.676349331127786e-14
3625,1.351607434787708e-11,2.0919581008408926e-13
3626,1.9633407099479468e-11,4.2669264446194183e-13
3627,2.123181713913268e-11,1.5956820623677718e-12
3628,2.0591662611034034e-11,4.204742473675621e-12
3629,2.106495524547085e-11,4.860259288874139e-12
3630,2.823756967476988e-11,3.9484316463729335e-12
3631,3.664935989113811e-11,5.345014766792013e-12
3632,3.247507288076391e-11,7.455028695989704e-12
3633,2.233715220691543e-11,7.549185663071753e-12
3634,1.4552247725463187e-11,2.779369569524736e-12
3635,1.3186531550199992e-11,7.529722519929475e-13
3636,1.5108678077284705e-11,6.27553998971946e-13
3637,1.4357204829964466e-11,6.040297017087923e-13
3638,1.3858794808254303e-11,1.0364810855625637e-13
3639,1.6347583430498205e-11,5.1576314945963595e-15
3640,1.9500398689903205e-11,6.421267898387885e-15
3641,1.6530776359456607e-11,6.171748492024931e-14
3642,1.4586719165258412e-11,2.264202811994516e-13
3643,1.752888295651399e-11,1.2546040630734366e-13
3644,2.351568383535875e-11,2.755114818443315e-13
3645,2.204162874089744e-11,1.2549023710422588e-12
3646,1.8312806928133195e-11,3.970301586332814e-12
3647,1.842416241619792e-11,7.549278179894602e-12
3648,2.1002159138368357e-11,4.462286568012802e-12
3649,2.723769977748536e-11,3.982459391326333e-12
3650,3.57927840011113e-11,5.8217429548606186e-12
3651,4.378539482727177e-11,5.482073430798088e-12
3652,4.8294981900009033e-11,2.684939693213724e-12
3653,5.4473438142179747e-11,9.933405887019454e-13
3654,4.356089266775278e-11,3.460841621037922e-13
3655,3.433498000017116e-11,2.6962688594508387e-13
3656,4.7277668607759454e-11,6.297811683644857e-13
3657,6.294398298917807e-11,8.349291530375122e-13
3658,3.796792747471421e-11,1.0438290879759714e-13
3659,1.583216309633639e-11,5.305603395846905e-15
3660,1.552002992151691e-11,9.238126658718621e-14
3661,2.1695372921866495e-11,5.226254530439267e-14
3662,3.003810658075194e-11,1.5909826321904185e-14
3663,3.129785678848413e-11,7.116961768387526e-15
3664,2.2413359957289393e-11,7.482760459946234e-15
3665,2.192025853924677e-11,1.0894577559813691e-14
3666,2.00557544419339e-11,2.4379468906104528e-14
3667,1.4428090393647581e-11,4.8366452754199867e-14
3668,1.1456955827205855e-11,5.461597994312627e-13
3669,1.1374526281319025e-11,1.4690653053831222e-12
3670,1.1729167478287219e-11,1.6951042668924088e-12
3671,1.184291612368868e-11,1.9647549618843152e-12
3672,1.2392122542025263e-11,3.0403035279730918e-12
3673,1.2782256335345683e-11,6.203929157598096e-12
3674,1.2301576928352622e-11,5.623396885842031e-12
3675,1.2763851351514818e-11,6.417015245425994e-12
3676,1.2920032883323726e-11,7.947041535956495e-12
3677,1.1843178163876726e-11,5.9913145703501775e-12
3678,1.3255795979366785e-11,4.829418277595476e-12
3679,1.3672775736639583e-11,2.516729620214675e-12
3680,1.1475173608493295e-11,7.441893736007878e-13
3681,1.1586996636669046e-11,7.835084174434143e-14
3682,2.6375926929636496e-11,1.8199285621881375e-15
3683,8.598803521134394e-11,4.0038966995835384e-14
3684,1.5966546649518305e-10,7.057068170633572e-13
3685,1.7171770499287176e-10,1.6580145269917608e-12
3686,1.5192726196578212e-10,1.3491264705066728e-12
3687,1.4420403577760412e-10,1.1060721599393536e-12
3688,1.2303728957692767e-10,8.392772222584634e-13
3689,9.133305428467015e-11,4.172118467450267e-13
3690,8.091079638412085e-11,2.839542648079647e-13
3691,1.0550847543297076e-10,6.724798621044977e-13
3692,1.4342930170845762e-10,1.2983128422945094e-12
3693,1.1899432621088106e-10,4.898094732307313e-13
3694,6.234153840188301e-11,2.1720704026799524e-14
3695,3.727376781746522e-11,2.4129192561958653e-15
3696,4.643658685270042e-11,3.138372636961011e-14
3697,6.90423046169951e-11,2.499786847854419e-13
3698,6.175521277484216e-11,1.8055073456495626e-13
3699,4.179232901452476e-11,1.3063917242009887e-14
3700,5.252253786414968e-11,1.5581206620837408e-13
3701,1.2234907742419866e-10,2.588816990428663e-12
3702,2.1302694111276426e-10,6.40799858865162e-12
3703,1.7690016587701686e-10,2.9057016263376764e-12
3704,8.848782966935029e-11,2.3962287968859096e-13
3705,7.195343559833871e-11,8.992753326303558e-14
3706,8.6224401179836e-11,4.3114056667046763e-13
3707,7.863989870689559e-11,1.2429309610281092e-12
3708,4.69658824920571e-11,2.8254147912062047e-12
3709,3.988973918838772e-11,9.762222526870724e-12
3710,3.858951132342198e-11,1.0341419336958583e-11
3711,3.7844139652554675e-11,3.165932058936619e-12
3712,3.481597897876185e-11,6.66491164717094e-13
3713,2.718888131842537e-11,1.378382353951403e-13
3714,2.669508071794378e-11,4.452053104567921e-14
3715,6.012239583655301e-11,9.4464742258409e-14
3716,1.4245677399733754e-10,8.944407954707003e-13
3717,1.3925895641547696e-10,9.91379299158325e-13
3718,8.183844199699093e-11,2.8826008995983433e-13
3719,5.860547098143386e-11,9.661867601405885e-14
3720,7.942949762279415e-11,3.4285079753477913e-13
3721,1.1340438570689182e-10,1.1478607412621226e-12
3722,1.1548053001351553e-10,1.3483230698110128e-12
3723,1.3812944371208558e-10,2.2423012333692302e-12
3724,2.0855298516952467e-10,4.101191310087761e-12
3725,2.70743437462217e-10,5.278406950767036e-12
3726,2.164842437654563e-10,3.5924302413450457e-12
3727,1.0709588240944238e-10,1.1705838373631124e-12
3728,6.424435659524595e-11,8.355753224191875e-13
3729,6.224790111110238e-11,9.990870679456962e-13
3730,6.026206561250414e-11,8.216077632984163e-13
3731,3.787998202458625e-11,2.478437959980411e-13
3732,2.3872732474148604e-11,7.66814896566797e-14
3733,2.1887382592927276e-11,3.513942547054062e-14
3734,3.663141914526446e-11,5.762302948936658e-14
3735,8.608219705518865e-11,6.301732577724871e-13
3736,1.4981967244674952e-10,2.8574675988292876e-12
3737,2.2211160903351414e-10,7.254589868386888e-12
3738,2.2788594276472837e-10,6.898238772952683e-12
3739,1.7071664956907455e-10,3.5036622912352138e-12
3740,8.903178596383852e-11,6.955443679104846e-13
3741,4.5214848040519047e-11,1.4232538146692243e-13
3742,4.012432905002547e-11,4.0732242363365895e-13
3743,4.376345380710432e-11,1.3421239079886936e-12
3744,4.1189102539624515e-11,1.6315252481264655e-12
3745,3.624264323298395e-11,1.1965794767347387e-12
3746,3.7925529209660807e-11,6.70960630470856e-13
3747,4.966087916983074e-11,7.242626479427597e-13
3748,6.179716691317423e-11,1.5186259620286151e-12
3749,5.889653299708316e-11,2.7354784919151903e-12
3750,5.061732804437323e-11,2.693823392579048e-12
3751,3.8907441472521336e-11,1.2281545382361824e-12
3752,2.991119566190906e-11,2.48435584492687e-13
3753,2.3604075379417835e-11,1.9355072284022837e-14
3754,2.4185051188688527e-11,2.2165016251999436e-15
3755,3.8789697950731465e-11,6.682267540490818e-15
3756,6.301648756509914e-11,6.769887575472784e-14
3757,7.745715164327965e-11,1.4876901112104828e-13
3758,7.152768890928703e-11,1.3775720056188917e-13
3759,7.268003725572273e-11,3.0620727731171885e-13
3760,9.459476432617598e-11,1.556557648210928e-12
3761,1.1346546723270112e-10,4.176600791385193e-12
3762,1.0387034333607314e-10,4.77477521708698e-12
3763,6.256009075492966e-11,1.6540040428379386e-12
3764,3.7038302469053766e-11,1.0231961619787506e-13
3765,2.8428974903207346e-11,1.9488155764043279e-16
3766,3.735300245979856e-11,3.4622514043933714e-15
3767,3.691253523985281e-11,2.671413759307379e-15
3768,2.9775178163951076e-11,3.2290748092720087e-17
3769,3.9910168474377736e-11,1.2500181688579958e-14
3770,7.928387976560439e-11,8.009161557081035e-13
3771,1.519342317929814e-10,6.440226168431317e-12
3772,2.043220595615728e-10,1.544405364160687e-11
3773,1.8830854502791706e-10,1.595093074630564e-11
3774,1.4410768385722386e-10,1.0315735656719973e-11
3775,1.2780057364244066e-10,7.586935450556453e-12
3776,1.1859579366959227e-10,7.34266471843015e-12
3777,1.1032195244038909e-10,9.622763535879893e-12
3778,1.0450069502464627e-10,1.578104230734128e-11
3779,1.1747164361776656e-10,2.662120836422291e-11
3780,1.5436508161455909e-10,4.174069099869022e-11
3781,2.0871487848900266e-10,7.176090449420775e-11
3782,2.5572382403395096e-10,1.1758693396254633e-10
3783,2.6900431770329153e-10,1.4990021537763142e-10
3784,2.594123086186023e-10,1.3678517148225277e-10
3785,2.34665595243e-10,9.469678122134584e-11
3786,2.0941498679783933e-10,5.471783560677547e-11
3787,1.5948129846017325e-10,2.4388190246528934e-11
3788,1.0870213953671416e-10,7.149519598131033e-12
3789,8.812889652289702e-11,1.6871521178813442e-12
3790,8.626690020907151e-11,7.353752377798185e-13
3791,7.419483108994635e-11,6.584884188092536e-13
3792,6.480673688429759e-11,1.6102988140481427e-12
3793,8.29666082455046e-11,5.756076631609041e-12
3794,1.0922335350898582e-10,8.790093646163582e-12
3795,1.2321667458770913e-10,7.419175355523328e-12
3796,1.1722012659263742e-10,4.672734607517105e-12
3797,1.0331874238555463e-10,3.1686458092092908e-12
3798,1.2521112613526496e-10,4.2331917424955665e-12
3799,2.0563098872043517e-10,9.892852515437418e-12
3800,2.784915819691293e-10,1.4501157181789566e-11
3801,2.3876397683010483e-10,9.209058224618408e-12
3802,1.6911184292312745e-10,4.160637005770731e-12
3803,1.7170581047752107e-10,4.931934697756142e-12
3804,2.3805961855906245e-10,1.1936984553239579e-11
3805,3.0968471706110664e-10,2.3985312715264543e-11
3806,2.4695646051102985e-10,1.8472024501179363e-11
3807,1.4866955593283892e-10,6.8992332684195175e-12
3808,1.2072713931559915e-10,3.517986182614307e-12
3809,1.7494161568774317e-10,6.8928827472678555e-12
3810,3.141093604151329e-10,2.658411789769927e-11
3811,4.552974889749615e-10,7.151841772026175e-11
3812,5.833701865098944e-10,1.4174387455256285e-10
3813,5.782946475894802e-10,1.5019055028255476e-10
3814,4.495269619207448e-10,9.043278006402893e-11
3815,2.8324414498066817e-10,3.154275403216969e-11
3816,1.832100674514865e-10,9.780130127105604e-12
3817,1.5606827475170724e-10,5.478872558399572e-12
3818,1.7347873890005635e-10,5.918277576846087e-12
3819,1.948013597221886e-10,6.023280131045148e-12
3820,1.9014701048155049e-10,4.725521525063264e-12
3821,1.952021680524142e-10,5.144321426146079e-12
3822,2.7649173593499897e-10,1.2731512163904336e-11
3823,3.577263485677435e-10,1.950275544600324e-11
3824,3.26624751458335e-10,1.470957656962354e-11
3825,2.516589657186545e-10,1.0068042781359674e-11
3826,2.424281888372301e-10,1.181045612133796e-11
3827,3.0443631497691345e-10,1.8800755623307254e-11
3828,3.8067210239274983e-10,2.9459373869293044e-11
3829,3.5185505040203815e-10,3.014856076864506e-11
3830,3.6993364695204464e-10,4.260366203792308e-11
3831,4.740048389186518e-10,6.969355633531995e-11
3832,5.822500432230767e-10,9.363247740428947e-11
3833,4.865425396804682e-10,7.086440921577795e-11
3834,3.224424020576038e-10,3.694930431888881e-11
3835,3.0118124965072797e-10,2.941467202800056e-11
3836,4.094454362613249e-10,4.144761085837039e-11
3837,5.184386296086154e-10,5.7052575695934094e-11
3838,4.714258926327803e-10,4.8100434147750225e-11
3839,4.3080832376340833e-10,3.969173037979837e-11
3840,5.962256957997947e-10,6.28585764358573e-11
3841,9.323199396984305e-10,1.1514226601515804e-10
3842,1.0716865162508606e-09,1.3194749919876993e-10
3843,7.978791924148299e-10,7.694146237781841e-11
3844,5.602182115732698e-10,3.8627468244231634e-11
3845,4.596435993302943e-10,2.5522581592934682e-11
3846,3.343229584015709e-10,1.406943228591519e-11
3847,1.835260496934819e-10,4.523148745975618e-12
3848,1.2997892731556142e-10,2.3748005486452113e-12
3849,1.6306051829290825e-10,4.198420726697435e-12
3850,2.726719200973054e-10,1.2586052409818633e-11
3851,3.4889198788682567e-10,2.184029906510735e-11
3852,3.773837021947692e-10,3.058886194545226e-11
3853,4.089047600538911e-10,3.749236590291989e-11
3854,5.520661399821871e-10,5.196618042482404e-11
3855,6.52390562317912e-10,5.477257404978391e-11
3856,5.793176739787252e-10,4.134562783925863e-11
3857,4.4436384716206004e-10,3.0450854768912586e-11
3858,3.6310951056626473e-10,2.647289976009887e-11
3859,3.168187276178703e-10,2.268036824154302e-11
3860,2.5207667973054805e-10,1.514224283757069e-11
3861,2.1319478246132408e-10,1.3474971589786454e-11
3862,2.698259719220414e-10,2.4667907690244362e-11
3863,3.8119248732569187e-10,4.3602149354784036e-11
3864,5.645683001557138e-10,7.248689330883495e-11
3865,6.237637837691427e-10,7.558103706943162e-11
3866,5.839934910086021e-10,6.082024073741982e-11
3867,6.133118148971902e-10,6.381906556869522e-11
3868,7.913952750446915e-10,1.0170496131034388e-10
3869,8.956990635883618e-10,1.2448725024783624e-10
3870,8.224985365751486e-10,1.0803084473960984e-10
3871,5.906927447456468e-10,5.834375798035047e-11
3872,4.216349950055203e-10,2.8983762596013626e-11
3873,3.966199096794026e-10,2.6576837659895874e-11
3874,4.506867777699068e-10,3.878766445337158e-11
3875,4.4899337939900875e-10,4.7485565246966366e-11
3876,3.349329881849492e-10,3.581769545749457e-11
3877,2.3097485691851776e-10,1.9860393069844062e-11
3878,1.9718415915400075e-10,1.3093137625199016e-11
3879,1.8493305365189468e-10,1.2751749685615756e-11
3880,1.6557248246014845e-10,1.455631872088503e-11
3881,1.321547040649372e-10,1.3828383559534972e-11
3882,1.2734363624255534e-10,1.0464316401019845e-11
3883,1.479622776404342e-10,7.407228000718706e-12
3884,1.9509419508421605e-10,8.576494611107023e-12
3885,1.916229818676801e-10,8.839979383933718e-12
3886,1.7516435089268004e-10,8.615994514600141e-12
3887,1.7211029351484876e-10,8.493713185786392e-12
3888,1.6483186073327403e-10,7.2503258062313316e-12
3889,1.3422880769481062e-10,5.105577230292427e-12
3890,1.2865251564478835e-10,8.188996463206175e-12
3891,1.9990601853288516e-10,2.7263002632845416e-11
3892,3.760330567702987e-10,7.935233729197397e-11
3893,6.1899185940877e-10,1.5438174366814314e-10
3894,7.323450917414617e-10,1.8595012217015777e-10
3895,7.3740990646288e-10,1.7335944592380163e-10
3896,7.451043984054469e-10,1.5789569954815687e-10
3897,8.742794283222665e-10,1.792987415720146e-10
3898,9.27838112001255e-10,1.7841185761061538e-10
3899,7.982681083561516e-10,1.3803567554983177e-10
3900,6.485989141422813e-10,1.0204615538324084e-10
3901,5.603063643990991e-10,7.805650121253001e-11
3902,5.010891287489968e-10,5.783352692186852e-11
3903,4.1762090450013806e-10,4.0570051599893694e-11
3904,3.3555673336451376e-10,2.8908575912907855e-11
3905,3.0533142773768453e-10,2.667492698278399e-11
3906,3.2930604603956123e-10,3.234233394645818e-11
3907,3.5245079440857293e-10,4.5465722988104133e-11
3908,4.3442787882222316e-10,8.192682780474889e-11
3909,4.949155701348331e-10,1.131561335732753e-10
3910,5.800877985871122e-10,1.4573327180240997e-10
3911,5.619871869076298e-10,1.5537225465200433e-10
3912,5.04129813050083e-10,1.5654341314059778e-10
3913,4.696231808338937e-10,1.6133903241031112e-10
3914,5.266040080565085e-10,1.7963846014473787e-10
3915,5.232948201348959e-10,1.5869778204831702e-10
3916,4.2890503510068745e-10,1.131690322687227e-10
3917,3.2424620567268343e-10,7.62179517328055e-11
3918,3.170016004555392e-10,7.323751278417461e-11
3919,3.9109481125158404e-10,9.125566923064324e-11
3920,4.916382662252519e-10,1.1237705799659488e-10
3921,4.555086487035851e-10,8.991892243357514e-11
3922,4.4789525766919307e-10,7.021378024167363e-11
3923,4.356451958322271e-10,4.8915026967372497e-11
3924,5.865517932218217e-10,6.62594359026323e-11
3925,8.927995548796755e-10,1.3024787659390496e-10
3926,1.2790051442156724e-09,2.2851917587767262e-10
3927,1.4015823360009167e-09,2.627672438672407e-10
3928,1.1050268517728202e-09,1.8780764586913038e-10
3929,6.047572549294447e-10,7.488808139950379e-11
3930,3.303002347825495e-10,2.560912821701479e-11
3931,2.1463633786098058e-10,9.902829280106558e-12
3932,1.6579685360369892e-10,5.432752216759108e-12
3933,1.5159077899354885e-10,5.032224427086096e-12
3934,1.3943601765352485e-10,4.096094521182055e-12
3935,1.2707929644165936e-10,2.607294252202539e-12
3936,1.0777235114744728e-10,1.4887198788908753e-12
3937,9.382120938273426e-11,1.7710570551509458e-12
3938,1.037394831068021e-10,4.575463433863828e-12
3939,1.3787983909524893e-10,1.1581946509187666e-11
3940,1.7046874068922023e-10,2.1270253564627287e-11
3941,2.0093812858829402e-10,3.111874811114148e-11
3942,2.3487151799550024e-10,4.103547764325956e-11
3943,2.9531250949394626e-10,5.572553417421182e-11
3944,3.1079336221244824e-10,6.120311795916672e-11
3945,2.957696261210033e-10,5.574783172604828e-11
3946,3.21509024039476e-10,5.50176026320553e-11
3947,4.556240920888542e-10,7.433643306255535e-11
3948,6.688421657915293e-10,1.1716630570365215e-10
3949,7.315214661418753e-10,1.409979706180592e-10
3950,6.408510590783228e-10,1.268829811891536e-10
3951,5.615906499450381e-10,1.0042309602547302e-10
3952,5.304122747201648e-10,7.70934757792989e-11
3953,4.687831793238699e-10,5.7049313260725303e-11
3954,3.8263182805171145e-10,4.2680025982449e-11
3955,3.342062955615776e-10,3.5049813475992643e-11
3956,3.6844726681646037e-10,3.803095544474358e-11
3957,4.5070159658976424e-10,4.35746436773078e-11
3958,4.5851345920984555e-10,3.722388567075143e-11
3959,4.0354281379588147e-10,2.553648612706357e-11
3960,3.6767988492793765e-10,2.0532251846525892e-11
3961,3.142916976425786e-10,1.410075433595763e-11
3962,1.9257012422632184e-10,5.6456968255997466e-12
3963,9.241064278878886e-11,1.6960278140341536e-12
3964,5.6023161837432366e-11,9.109612908620616e-13
3965,5.79464637386281e-11,1.430285011633022e-12
3966,8.384280975651915e-11,4.690101985646945e-12
3967,1.274238872408838e-10,2.048260127099391e-11
3968,2.18532739373937e-10,7.348178055459497e-11
3969,3.4685611763448344e-10,1.471691932993529e-10
3970,4.557493715270588e-10,1.78347634075019e-10
3971,4.888936872048764e-10,1.6577937180156715e-10
3972,4.4541410430075476e-10,1.3713633483493292e-10
3973,4.644494764616255e-10,1.4003885865492337e-10
3974,4.974694743925456e-10,1.5057388439911102e-10
3975,4.2896704242076636e-10,1.1765930143047057e-10
3976,2.8855118371296167e-10,6.491475378951981e-11
3977,2.1109837969708568e-10,3.7163836087706376e-11
3978,2.5572828106736025e-10,3.953622281018473e-11
3979,4.810521562384071e-10,9.324615624161288e-11
3980,7.740719411845282e-10,1.9380751260134618e-10
3981,8.006358714178851e-10,2.1917693494388818e-10
3982,6.431005233809528e-10,1.6554676493044256e-10
3983,6.133312226504092e-10,1.3935101718256274e-10
3984,6.685716342007537e-10,1.333827411651801e-10
3985,7.582781218835736e-10,1.5749870296314216e-10
3986,7.298309762914178e-10,1.7004386906841065e-10
3987,7.145683170418567e-10,1.668136943167396e-10
3988,7.463550020777949e-10,1.4507987823522538e-10
3989,7.227211393586843e-10,1.0579042660416563e-10
3990,4.88261058598474e-10,4.7575351968532e-11
3991,2.678172931848832e-10,1.945215524702122e-11
3992,2.0254842947579416e-10,1.6218528039184053e-11
3993,1.9514514235519052e-10,2.0303048756585806e-11
3994,1.689100643967663e-10,2.2364242180258553e-11
3995,1.362505438446326e-10,1.886771496813794e-11
3996,1.179313846317243e-10,1.3137931227668027e-11
3997,1.4990544446837743e-10,1.4320559408451849e-11
3998,2.086228112604078e-10,2.4900525362505908e-11
3999,2.565300149314767e-10,4.643029345329032e-11
4000,2.913434195369171e-10,7.067998090388905e-11
4001,3.2068591534409375e-10,7.433551353217206e-11
4002,2.8223445635197973e-10,5.058370507769062e-11
4003,2.3420093591479585e-10,3.37086098053313e-11
4004,2.4161721641531067e-10,3.97551099961967e-11
4005,3.6245770357762853e-10,8.482015481793358e-11
4006,5.016781833367166e-10,1.4368943694289636e-10
4007,4.77375328585782e-10,1.5287639437323554e-10
4008,3.59782768875201e-10,1.1318977616864728e-10
4009,3.601842479134038e-10,1.037768536584097e-10
4010,5.271162275098468e-10,1.6710470796135376e-10
4011,8.512910958930606e-10,3.6682861237355173e-10
4012,1.2295001560841477e-09,6.995791567030511e-10
4013,1.5115334152270103e-09,9.261803495964758e-10
4014,1.6461553596020104e-09,8.907282202470716e-10
4015,1.5673726794785047e-09,7.030019254389615e-10
4016,1.2622095407582216e-09,4.943764180544876e-10
4017,1.121214567123311e-09,3.9997711150614757e-10
4018,1.3190089973459344e-09,4.123704273515696e-10
4019,1.6497689316466432e-09,4.324333106481851e-10
4020,1.4954836386313155e-09,3.3148659093623266e-10
4021,1.0137677267914174e-09,1.8661963943980493e-10
4022,8.143479565883314e-10,1.266352446384608e-10
4023,9.089875126350727e-10,1.372773418002687e-10
4024,8.369048809320516e-10,1.1030774780240676e-10
4025,4.4511813057794887e-10,3.768590129384733e-11
4026,2.092599976813297e-10,7.591230330859437e-12
4027,1.6544824331532074e-10,3.1300382469235906e-12
4028,1.8754241083522511e-10,2.7922289353529904e-12
4029,1.734239360535574e-10,2.5430695473024446e-12
4030,1.16597548167853e-10,2.7205118964045997e-12
4031,1.0662754020118092e-10,5.755294313293526e-12
4032,1.3213388595940166e-10,1.0738128035543696e-11
4033,1.6014594154050381e-10,1.3730475608007673e-11
4034,1.4890030269539932e-10,1.2204361468695183e-11
4035,1.30866048325467e-10,1.2287033213884474e-11
4036,1.2523514422064636e-10,1.3691985687556813e-11
4037,1.1249751795353453e-10,1.3758773345703468e-11
4038,8.505166901083703e-11,1.1923726457524867e-11
4039,5.341021453662478e-11,1.0893894370395341e-11
4040,4.304174861288726e-11,1.9606778384230928e-11
4041,5.5108897169070606e-11,4.3408251763821376e-11
4042,8.897662648157827e-11,8.45903506630143e-11
4043,1.4706867862078154e-10,1.545767407343118e-10
4044,2.285065315421252e-10,2.323391854843303e-10
4045,3.193557653343302e-10,2.7419620246006805e-10
4046,4.491309026409369e-10,3.190829050557912e-10
4047,5.785228205900923e-10,3.528563338727665e-10
4048,5.512178838688603e-10,3.0107850993759924e-10
4049,4.4775333332442733e-10,1.9467755932067004e-10
4050,4.4744573355062294e-10,1.2085540685180985e-10
4051,4.5804951555823147e-10,6.487963632055461e-11
4052,3.696267450880303e-10,3.201282553117743e-11
4053,1.748202459720699e-10,8.961482508958777e-12
4054,6.760804279253022e-11,1.7636362282170985e-12
4055,3.260160929033458e-11,6.960653424106857e-13
4056,1.9794755143134796e-11,9.439262398004117e-13
4057,1.360023453025847e-11,1.486645347630941e-12
4058,1.0316255687665299e-11,1.5726378644181067e-12
4059,9.577420530253061e-12,6.860080564136531e-13
4060,1.0614147462642066e-11,1.4251073925504029e-13
4061,1.0637211498138174e-11,1.2989777852883477e-13
4062,9.654888614222316e-12,3.928557586753777e-13
4063,8.960069022694485e-12,3.69921707903435e-13
4064,9.282512013722023e-12,3.05375002832638e-13
4065,9.480599375166743e-12,3.8431739225854906e-13
4066,1.1022872331556165e-11,2.0800472005656742e-12
4067,1.8609575652084976e-11,1.0356232169159963e-11
4068,2.8297858420740927e-11,2.9788330473592024e-11
4069,2.7559079940120032e-11,5.1396918590616725e-11
4070,2.7011491599116333e-11,8.981463325016938e-11
4071,4.3693285238298317e-11,1.9800139798114163e-10
4072,5.0480693289557813e-11,2.2630587524724914e-10
4073,5.720097893953213e-11,2.0095531308271178e-10
4074,1.0479122353107033e-10,2.4703228454108766e-10
4075,2.003704749672937e-10,4.409380237671154e-10
4076,2.8523059330879333e-10,6.329430978040568e-10
4077,2.797863462049556e-10,5.739973715376341e-10
4078,2.568229950944383e-10,4.326505088271424e-10
4079,2.9276409546756867e-10,4.069013890001556e-10
4080,3.496753709649671e-10,5.093597958086492e-10
4081,3.6625130312312737e-10,5.935565165428263e-10
4082,3.099722425594147e-10,4.325401578307892e-10
4083,2.5122807850348593e-10,2.2396526545118386e-10
4084,2.510024384686741e-10,1.3204803735479888e-10
4085,2.5889188174372907e-10,1.066715099640262e-10
4086,2.585242149662491e-10,9.878858342308509e-11
4087,2.5460855680938235e-10,7.998009782258609e-11
4088,1.9772636184604779e-10,4.384346786500349e-11
4089,8.831717682246908e-11,1.4528234491555962e-11
4090,3.7279056781308333e-11,3.596037001487673e-12
4091,2.524076915388349e-11,1.3226737394624278e-12
4092,3.589673029769714e-11,9.475422342589728e-13
4093,3.334800604795588e-11,1.7037260215632552e-12
4094,2.33947689140388e-11,3.6183163542262958e-12
4095,2.074459912149926e-11,6.2469012136553115e-12
4096,2.1749304030361934e-11,5.420955874351696e-12
4097,2.3099477250422993e-11,5.699554290338139e-12
4098,2.165485466366872e-11,1.1327862547546935e-11
4099,2.3776959826501924e-11,3.5749162821496783e-11
4100,2.7842901350781987e-11,5.615603430677907e-11
4101,2.8338177405071884e-11,6.087456783759806e-11
4102,3.327957007276163e-11,7.930764028006333e-11
4103,4.863065596204184e-11,1.2912485887437702e-10
4104,6.895942470202381e-11,1.8247455653352478e-10
4105,8.601615849554285e-11,1.7866236053912892e-10
4106,1.1585920234557586e-10,1.7975257031017561e-10
4107,1.6092588253805563e-10,2.352111384417769e-10
4108,2.230996301727128e-10,3.2645939631815053e-10
4109,3.2207471304077916e-10,4.400957921678119e-10
4110,4.455541025009719e-10,5.390905826300899e-10
4111,5.185314337071206e-10,6.395425374360473e-10
4112,4.881771678583714e-10,6.784439761435189e-10
4113,3.650213601882156e-10,5.017959178828256e-10
4114,2.4585466964286834e-10,2.7114407126832316e-10
4115,1.9481325540268677e-10,1.540383744839096e-10
4116,1.590741503999227e-10,1.0379770591493982e-10
4117,1.2318729410680186e-10,6.418926524205368e-11
4118,9.698613301729804e-11,3.163196190486942e-11
4119,7.079663800604117e-11,1.0346009767487158e-11
4120,3.920347069779056e-11,3.712878687425734e-12
4121,2.4223850452261266e-11,3.989298751530853e-12
4122,2.2851678575492678e-11,5.3817914391511315e-12
4123,2.6842185766170578e-11,5.2669708548055e-12
4124,3.119717348161052e-11,6.721067323581578e-12
4125,2.910745975226089e-11,1.019717893811473e-11
4126,2.8862759458447152e-11,1.4735221259832387e-11
4127,3.222464845700122e-11,1.3126119537851426e-11
4128,3.30114956798767e-11,8.440861912069535e-12
4129,2.8867504221736898e-11,6.917617496590993e-12
4130,2.1376909160636282e-11,7.581745888457132e-12
4131,1.6311702227942656e-11,9.458433377346007e-12
4132,1.3818998393525345e-11,1.286867024303424e-11
4133,1.3858079037902003e-11,1.637645083565351e-11
4134,1.6816930172779084e-11,2.6438988163173133e-11
4135,2.371740332588911e-11,4.967021506214901e-11
4136,3.188187249289435e-11,7.441870030434058e-11
4137,4.3306460448059907e-11,1.0919141224453522e-10
4138,5.6059001232511723e-11,1.3766260502742824e-10
4139,8.804706596956827e-11,2.126966483904169e-10
4140,1.417042563838994e-10,3.195756933261634e-10
4141,2.0187422576439236e-10,3.989616919372942e-10
4142,2.3760135436778397e-10,4.206380306009711e-10
4143,2.4631512778482687e-10,3.9525450784361256e-10
4144,2.387898592889382e-10,3.6099833277566906e-10
4145,2.0664332265292461e-10,2.9422760475472534e-10
4146,1.5994670665054782e-10,1.6761208429529158e-10
4147,1.3150259689926515e-10,7.811107139609203e-11
4148,9.532012491064062e-11,3.1542883635356445e-11
4149,5.625298298098839e-11,1.3678216428895926e-11
4150,3.4562456120955426e-11,9.750447789682153e-12
4151,2.645086741142842e-11,8.540441238527814e-12
4152,2.572569930263665e-11,1.044874095855499e-11
4153,3.0343909673523015e-11,2.096111837472311e-11
4154,4.0359533978296124e-11,4.3306988451041564e-11
4155,6.102940867622914e-11,7.609672333855748e-11
4156,9.855572520116516e-11,1.2099784859570554e-10
4157,1.4708872471175138e-10,1.7747741251083818e-10
4158,1.9241978326128082e-10,2.6144168559717507e-10
4159,2.033465399701449e-10,3.096485385205024e-10
4160,1.6701980512959735e-10,2.729242850796855e-10
4161,1.137856435627524e-10,1.694160715643156e-10
4162,7.389461022668789e-11,1.0343530854713408e-10
4163,4.790509042785498e-11,7.295001237833408e-11
4164,3.711777506678633e-11,6.51252087382856e-11
4165,3.0436310282939516e-11,5.630342148370589e-11
4166,2.450156770699999e-11,4.189902614438834e-11
4167,2.3435963786092924e-11,4.5525867376569317e-11
4168,2.695852470475325e-11,6.685091912817514e-11
4169,3.238552519287815e-11,9.14075683357845e-11
4170,3.228411786370196e-11,9.085439334059654e-11
4171,3.5093282010866e-11,9.971852204917547e-11
4172,5.0082277415910773e-11,1.3873790385107485e-10
4173,7.775384335951792e-11,2.0018799342877626e-10
4174,9.842605515439606e-11,2.1933357078078779e-10
4175,9.552986501176218e-11,1.7535160616972108e-10
4176,8.536880160560565e-11,1.2819785724499263e-10
4177,6.807925556619283e-11,9.499193896770083e-11
4178,5.07525568012828e-11,6.687692289194706e-11
4179,3.7003940434319563e-11,3.567808371681071e-11
4180,2.7965598471966113e-11,1.5492209855824913e-11
4181,2.267293973540789e-11,8.402807921032505e-12
4182,1.9040762552824853e-11,4.680424568445709e-12
4183,1.7222761211004055e-11,2.5524973868394575e-12
4184,1.7812436339517535e-11,2.860996940073327e-12
4185,2.1093962273443297e-11,8.398521810794511e-12
4186,3.521216198085089e-11,4.6142352777419174e-11
4187,7.611662134417684e-11,1.4982550281511046e-10
4188,1.3099490140711075e-10,2.479178525755231e-10
4189,1.8811207046584869e-10,3.35462704596109e-10
4190,2.414550482024e-10,4.2410834773201866e-10
4191,2.742777506320921e-10,5.176473821095455e-10
4192,2.5772367990878625e-10,4.46093731681852e-10
4193,2.3860810973876806e-10,2.9039926945528405e-10
4194,2.515333489119541e-10,2.1290420071935248e-10
4195,2.3764612674018205e-10,1.7346862965734423e-10
4196,1.9103078570430047e-10,1.434612871072519e-10
4197,1.3515418565812762e-10,8.145019197004436e-11
4198,9.67628012056577e-11,3.36509299249203e-11
4199,7.126709160214351e-11,1.3616882692265124e-11
4200,4.3482039179586006e-11,8.054144074394e-12
4201,2.811713109680941e-11,8.120682398955066e-12
4202,2.3974767256369016e-11,6.2272617357028795e-12
4203,2.2956171837023193e-11,3.0306495647858643e-12
4204,2.230291438677828e-11,4.274514169003536e-12
4205,2.5129537028187293e-11,1.5260665404553358e-11
4206,3.6281993512320145e-11,4.230187638340693e-11
4207,5.6759045592943475e-11,6.949985876540437e-11
4208,1.0216120542763889e-10,1.0542001955750917e-10
4209,1.8856691741729558e-10,1.7242193518599378e-10
4210,2.804736097884564e-10,2.3027524959903127e-10
4211,2.92097315115127e-10,1.8507673270328302e-10
4212,2.173427153906435e-10,8.689304197497171e-11
4213,1.3800468132057338e-10,2.720935605391824e-11
4214,8.141135819961823e-11,7.951589713160349e-12
4215,5.641125556236179e-11,5.460952737100999e-12
4216,5.0365961642283287e-11,1.0593199919627304e-11
4217,5.5348813036741206e-11,2.3984784693898448e-11
4218,6.486094353345956e-11,5.4455304297634825e-11
4219,7.489620113894334e-11,8.380442657060651e-11
4220,8.192088521538173e-11,9.273705257379534e-11
4221,9.339863717051074e-11,8.659477443258598e-11
4222,1.1370038223093932e-10,9.081008094545409e-11
4223,1.283062291303162e-10,9.507647009974218e-11
4224,1.2461693440567394e-10,8.779949199418549e-11
4225,1.0507611191310263e-10,7.045219847287677e-11
4226,8.513899340632988e-11,5.830526808036893e-11
4227,8.208703991075322e-11,6.662502196269986e-11
4228,9.522181180253695e-11,8.415867567093213e-11
4229,1.1269398193677131e-10,9.629842819101915e-11
4230,1.0834082969824977e-10,8.507085254416512e-11
4231,7.818866603018555e-11,6.086099099790384e-11
4232,5.0562097543964795e-11,4.7175738994271136e-11
4233,4.047995362954168e-11,5.112886555218283e-11
4234,3.908146247515575e-11,4.8281985400112157e-11
4235,5.022880768092538e-11,6.198193020809308e-11
4236,6.690043969260589e-11,8.470171594297934e-11
4237,7.686744548399521e-11,1.0283672845387607e-10
4238,8.294648798293246e-11,1.1813052856865953e-10
4239,9.215827508075625e-11,1.2755664424882766e-10
4240,1.2642000096158915e-10,1.776134545707092e-10
4241,1.8782838133228272e-10,2.8548435232132773e-10
4242,2.508630698831194e-10,4.248431832873128e-10
4243,2.7122048491138477e-10,4.739212701423562e-10
4244,2.389387135187528e-10,3.960558905864034e-10
4245,2.0034955757250952e-10,2.7262549292485134e-10
4246,1.9959766700166446e-10,2.4718537923655877e-10
4247,2.1622018857322927e-10,2.282069028117836e-10
4248,2.0124871156398055e-10,1.7882929650403452e-10
4249,1.571646327051112e-10,9.943068848749447e-11
4250,1.147740342599873e-10,4.0755635437722186e-11
4251,9.112808893550108e-11,1.7502823214717995e-11
4252,1.0437925111348867e-10,1.6565580294318725e-11
4253,1.4594934631675415e-10,2.5406257612821517e-11
4254,1.759811033452954e-10,3.7502442449645455e-11
4255,1.7997324410189065e-10,4.890772593891913e-11
4256,1.631066784009713e-10,4.934154115852441e-11
4257,1.6181440538023726e-10,4.5453070243047245e-11
4258,1.6690668602680007e-10,4.906305294461595e-11
4259,1.557515568266576e-10,5.4077695658298956e-11
4260,1.2356147847431547e-10,5.6028245340892964e-11
4261,1.0058765977967508e-10,5.933391342117042e-11
4262,7.662485905619228e-11,6.168639293211691e-11
4263,6.179467340537925e-11,7.026564130452383e-11
4264,6.430130089595007e-11,9.8508755543949e-11
4265,7.840404967304211e-11,1.2061128663266078e-10
4266,1.0056443390059725e-10,1.0847296432163472e-10
4267,1.4836462755302205e-10,1.3654411538892795e-10
4268,1.9243119375271103e-10,1.7379462289449972e-10
4269,2.202721129577779e-10,2.1909875905956513e-10
4270,2.380453309094151e-10,2.744271778443064e-10
4271,2.642474014677223e-10,3.375124982559413e-10
4272,2.9551018603542725e-10,4.2570654867746115e-10
4273,3.6289571904258246e-10,5.439345188617522e-10
4274,4.55928723765579e-10,6.607677714759879e-10
4275,5.852696063936142e-10,7.974205894920891e-10
4276,7.175936476195675e-10,9.351998671459836e-10
4277,8.459252127652808e-10,1.0041887790813594e-09
4278,9.064943977570743e-10,8.681654729982699e-10
4279,9.411405730604113e-10,6.726649044540965e-10
4280,8.182958889615756e-10,4.4404969405760576e-10
4281,5.346380837680797e-10,2.6420228104217535e-10
4282,3.6167839143261866e-10,1.693682499381899e-10
4283,3.126123262672434e-10,1.338792551501112e-10
4284,3.1609423585416426e-10,1.2816764252875662e-10
4285,2.584617095413436e-10,1.167054204693659e-10
4286,1.930043521710652e-10,1.0351715048017507e-10
4287,1.7432971581870207e-10,9.747039743001428e-11
4288,1.945104261384754e-10,1.0537613836066674e-10
4289,2.143453338186898e-10,1.3155733548491163e-10
4290,2.4403973592015243e-10,1.8977563773608688e-10
4291,2.7319702719232437e-10,2.711468310891044e-10
4292,2.919728617016343e-10,2.7660737952156954e-10
4293,2.722333271122624e-10,2.450320065738397e-10
4294,2.254564126931008e-10,2.0637236089390795e-10
4295,1.6822055875492151e-10,1.4652313918736903e-10
4296,1.5036462393863803e-10,1.0521678481091111e-10
4297,1.8503793342642546e-10,1.0299431754512836e-10
4298,2.3446863694365595e-10,1.2814213342959402e-10
4299,2.649837709071395e-10,1.722072766843323e-10
4300,3.0003706897806344e-10,2.1193638116086972e-10
4301,3.3129699890245014e-10,2.3301305718261615e-10
4302,3.761878751744191e-10,2.5393495813380634e-10
4303,3.7841054635716985e-10,2.946972399366302e-10
4304,3.773888017384094e-10,3.3846283662758043e-10
4305,3.963304839501835e-10,3.5883975561553975e-10
4306,4.1388668072997914e-10,3.1484308074529205e-10
4307,4.142084564648377e-10,2.7768522956497403e-10
4308,3.8582586556006604e-10,2.4025103740887767e-10
4309,3.6687987967110287e-10,2.076707009413142e-10
4310,3.937162049402862e-10,1.7182630550968835e-10
4311,4.863406860330126e-10,1.5618380510413407e-10
4312,5.569458255718426e-10,1.4179850703812231e-10
4313,5.029511146096567e-10,1.1739684087421112e-10
4314,3.7281422692276565e-10,8.222277588730727e-11
4315,2.445808556445826e-10,4.524766267326888e-11
4316,1.2057797800450267e-10,1.8091136117356494e-11
4317,6.101022278775993e-11,9.795133751463983e-12
4318,5.0568672274643714e-11,1.2523133066888813e-11
4319,6.512960967101579e-11,2.3361908466634763e-11
4320,8.260629087463888e-11,3.8303065451622725e-11
4321,7.556747199735102e-11,5.593732678209677e-11
4322,5.298375265086673e-11,6.275186078730379e-11
4323,3.4773802629039744e-11,5.105837428115641e-11
4324,2.6160559134917122e-11,3.4983015533021145e-11
4325,2.753271015494443e-11,3.5661591117137386e-11
4326,3.7566742277163614e-11,5.247186952787133e-11
4327,4.771052760460405e-11,5.259187339183049e-11
4328,5.381976892525625e-11,3.0549475035116455e-11
4329,7.353845583761558e-11,1.921752514432396e-11
4330,1.0643175434164143e-10,2.430983560505941e-11
4331,1.394199634416994e-10,3.745836184601917e-11
4332,2.045779300756301e-10,5.925089869920049e-11
4333,2.5388733300874084e-10,7.578982924412088e-11
4334,2.3856696033745773e-10,7.815296980954181e-11
4335,1.927270355353431e-10,8.274383356623492e-11
4336,1.9276378505126477e-10,1.0792735600014365e-10
4337,1.777726452631126e-10,1.1944874092976317e-10
4338,1.3864649309717836e-10,1.1399753655491248e-10
4339,9.124579465579836e-11,9.890556663249274e-11
4340,6.248764606373573e-11,7.278445710265922e-11
4341,5.306109907454823e-11,3.884386825384658e-11
4342,6.424790771475948e-11,3.157258441370362e-11
4343,8.32156107685647e-11,3.579827312650677e-11
4344,9.383518219807158e-11,4.146503345166158e-11
4345,1.0040769215808563e-10,3.960555924010993e-11
4346,1.1576792793266366e-10,3.281739903876197e-11
4347,1.2926985093378792e-10,2.94168456964833e-11
4348,1.0657826792112143e-10,2.710460409654587e-11
4349,8.096778186898295e-11,2.2403128504621527e-11
4350,5.722136859729241e-11,1.842659840561496e-11
4351,4.392962942640933e-11,1.8618344695741555e-11
4352,3.961186774381289e-11,3.064773668734485e-11
4353,4.5324109966722555e-11,5.105033054566175e-11
4354,5.362298879668554e-11,5.96645399419487e-11
4355,5.5626461080389404e-11,5.47672489265629e-11
4356,5.4772070963849e-11,5.3983598326005773e-11
4357,5.923190486081608e-11,6.010741634431572e-11
4358,8.258230503814841e-11,6.845712920185132e-11
4359,1.6076958281452313e-10,9.44129785769858e-11
4360,3.2234919240630236e-10,1.709836732610931e-10
4361,4.299019093201945e-10,2.45177198189695e-10
4362,4.780909879622405e-10,2.920257482740733e-10
4363,5.308088928350856e-10,2.9448923748117466e-10
4364,6.225483161925827e-10,2.810478780571001e-10
4365,5.673201074226154e-10,2.4677034814205693e-10
4366,4.1875059008471474e-10,1.8475623751853862e-10
4367,3.1941558684351644e-10,1.2653071946740087e-10
4368,3.320518065004173e-10,9.2126168260208e-11
4369,3.220859582237578e-10,6.160685237308079e-11
4370,2.369651420929624e-10,4.2236159419159546e-11
4371,1.6389274935310698e-10,3.514597475443561e-11
4372,1.4639051440026685e-10,3.1658175403591124e-11
4373,1.380835402938343e-10,2.4960092968988038e-11
4374,9.127188642182523e-11,1.7419900351800267e-11
4375,5.389116949424601e-11,1.4369639688247736e-11
4376,5.384612631495506e-11,2.0258908254939643e-11
4377,9.608154294274902e-11,3.981033437140428e-11
4378,1.7806017845576622e-10,7.038458929835919e-11
4379,1.8972485318161525e-10,8.614235479522197e-11
4380,1.286800396457895e-10,5.869147564889483e-11
4381,8.793236871850578e-11,2.4175433178559858e-11
4382,1.22909303731436e-10,1.3198830365944799e-11
4383,2.308617812511287e-10,2.1778811269768184e-11
4384,2.7902951345440447e-10,3.7895462602881294e-11
4385,2.492814078129803e-10,4.818489547458791e-11
4386,2.6226906807452574e-10,5.2396483223556805e-11
4387,3.3263670714062297e-10,5.1238498154409935e-11
4388,4.1774045605523473e-10,6.428050086869312e-11
4389,5.106408148476794e-10,1.2017517527509494e-10
4390,7.148509243846948e-10,2.4319467182096417e-10
4391,1.0541167231039892e-09,3.9845365345309796e-10
4392,1.176106870140733e-09,4.315402909308758e-10
4393,9.068581057155356e-10,3.242385042201035e-10
4394,6.417594729894212e-10,2.3354986717786083e-10
4395,6.568312245775982e-10,2.5117410174745294e-10
4396,8.386704105376314e-10,3.2074431147617007e-10
4397,8.776916150520753e-10,3.262397559469243e-10
4398,6.197592110996013e-10,2.0042841402910619e-10
4399,3.68506197250901e-10,8.12032608670723e-11
4400,3.190985981973656e-10,4.0684201540284556e-11
4401,3.2306271663665156e-10,3.1428143390702324e-11
4402,3.110183003623184e-10,3.5940232035978394e-11
4403,2.783300645301198e-10,4.343142016779245e-11
4404,2.873927757294639e-10,4.291890626488774e-11
4405,3.10694104406877e-10,3.423753680271549e-11
4406,2.8522454295929115e-10,2.8705627327342148e-11
4407,2.293081169378531e-10,3.0780826249840276e-11
4408,2.433160583964993e-10,5.746549636841646e-11
4409,3.4391762744296204e-10,1.0652437930243972e-10
4410,3.8954740198296675e-10,1.198120696380808e-10
4411,2.7524083115710067e-10,7.610769336391059e-11
4412,1.822958647986865e-10,4.2780704171774936e-11
4413,1.894266555705354e-10,4.023278327976225e-11
4414,3.07479586078211e-10,6.498274877761678e-11
4415,3.6956749891080236e-10,8.038681611919681e-11
4416,2.97543813346932e-10,6.357288267170995e-11
4417,2.0755482246600481e-10,3.520348609626014e-11
4418,2.2069767727303148e-10,2.3922048951237105e-11
4419,3.197747561365491e-10,3.328054556050417e-11
4420,4.063388213939978e-10,6.279924645695083e-11
4421,4.872831622958301e-10,1.1555018233403305e-10
4422,6.612979840226514e-10,1.7450765444200166e-10
4423,9.212306132919422e-10,2.1032469494085442e-10
4424,9.591212976238026e-10,1.776501327122748e-10
4425,6.33818565909783e-10,1.0129653871295533e-10
4426,4.1863875132138787e-10,7.050049010996795e-11
4427,4.0308581513845584e-10,7.866914300538283e-11
4428,4.578022902984196e-10,9.946637818138031e-11
4429,4.204816376190348e-10,1.0018481509135554e-10
4430,2.9170358404157445e-10,6.755518547496927e-11
4431,2.1657269089224783e-10,3.6701157756430144e-11
4432,1.9189207979984114e-10,1.9228047834942292e-11
4433,1.7427050490416367e-10,1.3140998550387805e-11
4434,1.2092099202304488e-10,9.413470788457215e-12
4435,8.607623910451009e-11,8.423519498815176e-12
4436,9.196747416856521e-11,9.217109553866166e-12
4437,1.1422457352266638e-10,1.0815467983912029e-11
4438,1.3621279365124634e-10,1.2955708269600919e-11
4439,1.516118575794122e-10,1.5304025849448106e-11
4440,1.8626284414768635e-10,1.966596031654442e-11
4441,2.7985164182442805e-10,3.023366096801275e-11
4442,4.2353339440405283e-10,4.845728157142829e-11
4443,5.214142228829271e-10,6.111625772494187e-11
4444,5.693366089830076e-10,6.46107498276995e-11
4445,5.217922518278218e-10,4.984268221468613e-11
4446,4.555515196663848e-10,3.69223543887462e-11
4447,3.3896453366136273e-10,2.212126663178063e-11
4448,2.432884566106324e-10,1.4403523182789274e-11
4449,2.1176739256258637e-10,1.536642306055805e-11
4450,2.0174231405356958e-10,1.7829661093191738e-11
4451,1.55557839563821e-10,1.513954858224034e-11
4452,1.082318881476685e-10,1.149873123017389e-11
4453,9.772762892758635e-11,1.0309682070636019e-11
4454,1.2535313354569896e-10,1.1035623205758978e-11
4455,1.8273937902961145e-10,1.3648278922261448e-11
4456,1.8601044020396602e-10,1.0824095261441404e-11
4457,1.3910194161552403e-10,5.343807295644701e-12
4458,1.5181156882544107e-10,3.769736274713922e-12
4459,2.508473773401936e-10,7.1128578389803165e-12
4460,3.642777484518123e-10,1.6329209354711567e-11
4461,3.4999592180337973e-10,2.3193433568532144e-11
4462,2.4110843854993174e-10,2.3881555850811794e-11
4463,1.7564500816491626e-10,2.2837365298211723e-11
4464,1.5786936157251032e-10,1.9116366843287205e-11
4465,1.6339095561761723e-10,1.6365954060766563e-11
4466,1.8339344326980512e-10,1.7091932794352722e-11
4467,2.3728902893959337e-10,2.606738345451932e-11
4468,3.43890995003719e-10,3.8777024838148176e-11
4469,4.556312566030918e-10,4.897992442878764e-11
4470,5.969219111277672e-10,6.470758885704078e-11
4471,7.833265225782184e-10,8.716867858542372e-11
4472,1.1324508027412867e-09,1.3001129289796057e-10
4473,1.5036902285006018e-09,1.7998894415390505e-10
4474,1.5679051394806115e-09,1.775397231390586e-10
4475,1.2075930581693802e-09,1.1877098024277458e-10
4476,8.649978269958799e-10,7.248997508525534e-11
4477,6.757374190471288e-10,4.9728111216990304e-11
4478,6.036164196007463e-10,4.718545109346024e-11
4479,5.486829296505008e-10,4.8791536112390434e-11
4480,4.774966126351351e-10,3.8064384829623154e-11
4481,4.5200679067495146e-10,3.022932838678776e-11
4482,4.918724919355319e-10,2.967736672743413e-11
4483,5.643081675101913e-10,2.987128284218387e-11
4484,6.557735129276911e-10,3.2533751921075063e-11
4485,6.251605646839427e-10,2.5296556931743478e-11
4486,4.5583188308119377e-10,1.1356081366165135e-11
4487,3.070754741264328e-10,4.583703777549639e-12
4488,1.9310480112549923e-10,1.2988789232961327e-12
4489,1.511542824862798e-10,6.517111662583101e-13
4490,1.1811727652036728e-10,3.426367102201437e-13
4491,1.1266006006399063e-10,4.837981981898185e-13
4492,9.093605525735759e-11,2.1144075461933872e-13
4493,6.574534724122814e-11,8.567818124816852e-14
4494,6.81662842395748e-11,1.8243699952360083e-13
4495,1.0965108523186915e-10,1.1394717615332143e-12
4496,2.0108197107452243e-10,4.719749809162995e-12
4497,2.629742162048266e-10,7.448653421223552e-12
4498,2.266250636159415e-10,5.744040637399805e-12
4499,2.304160510280299e-10,4.719770912356931e-12
4500,3.4861908256309897e-10,7.819276182945535e-12
4501,5.957572044449966e-10,1.8795167276808513e-11
4502,7.201017378003331e-10,2.594553821203809e-11
4503,6.801335094674017e-10,2.3866978023904574e-11
4504,7.42019129335156e-10,2.8620432410630145e-11
4505,1.019202902384405e-09,5.1489585201215175e-11
4506,1.0442197043946586e-09,5.2055146207433525e-11
4507,8.101832388509842e-10,3.56246937323854e-11
4508,5.355798942756651e-10,1.7176522046560104e-11
4509,4.4906234146303784e-10,1.260354995254274e-11
4510,3.6562406669088925e-10,9.597597724904423e-12
4511,2.160241919930846e-10,5.247479100870945e-12
4512,9.064833566458699e-11,1.8096576783895301e-12
4513,4.11764967677759e-11,4.477053129724014e-13
4514,2.3815674771059777e-11,1.1391580067868832e-13
4515,1.4102650403437635e-11,2.5683345301703885e-13
4516,1.289791679777418e-11,9.705713974560526e-13
4517,1.676292956131526e-11,2.667574080427753e-12
4518,2.3243683524416e-11,5.3190179318754535e-12
4519,2.6169080738509472e-11,1.0627940534911928e-11
4520,2.7146387578332392e-11,1.827186930457211e-11
4521,2.6353208912842896e-11,2.0675070876774298e-11
4522,2.403811074717846e-11,1.2529008982754175e-11
4523,2.058918114750484e-11,5.529987023199092e-12
4524,1.5120352309932993e-11,1.952966750139997e-12
4525,1.0800676949885118e-11,6.571534639914322e-13
4526,9.906477912412159e-12,7.008336484044701e-14
4527,2.02607776865793e-11,1.0320287565937053e-15
4528,2.186028514608103e-11,2.751129651225199e-14
4529,1.7785534760498247e-11,4.0696717725715427e-13
4530,1.9458253450272583e-11,1.2235936552539816e-12
4531,2.60038969663196e-11,1.2821680415220832e-12
4532,4.530637726874135e-11,1.0807804311460745e-12
4533,7.761071684038232e-11,7.353649350957733e-13
4534,1.1142529619267507e-10,5.206248050173395e-13
4535,1.4366511002843874e-10,5.319815887939395e-13
4536,1.6706333761552667e-10,6.868520092769912e-13
4537,1.2969679727360594e-10,2.996415594396471e-13
4538,7.798091666664565e-11,1.0656850814996598e-13
4539,4.7351995029307944e-11,1.0537827512629759e-13
4540,3.982479142468033e-11,5.237861484428818e-14
4541,3.586300728845457e-11,2.6826850373536347e-15
4542,1.3778252903334137e-11,1.3954377551019753e-15
4543,9.865725618162757e-12,1.9932678958219514e-13
4544,9.603900432852454e-12,1.2606998998917472e-12
4545,9.38834574127987e-12,1.8838566162881827e-12
4546,8.951945400877549e-12,3.555145692778008e-12
4547,8.393015189662713e-12,2.477878953621319e-12
4548,8.497050856912745e-12,1.0238195670270918e-12
4549,1.096064815393589e-11,6.284772129470072e-14
4550,1.6293093169000177e-11,2.179420331340234e-15
4551,1.8651811989580233e-11,2.102199155511876e-16
4552,1.8253545050269704e-11,1.2869129070317722e-14
4553,2.1631942488424978e-11,3.2402529666554114e-13
4554,2.5736758999041284e-11,1.1211576794462724e-12
4555,1.9612104220629245e-11,8.256730308595457e-13
4556,1.261627626038519e-11,1.9379847445772078e-13
4557,1.2023066833571042e-11,8.055932836373553e-14
4558,1.2660742305574167e-11,1.5083250169783683e-13
4559,1.1625965142791678e-11,5.848172147340285e-13
4560,9.837187366162699e-12,1.0682712333940973e-12
4561,9.834631736429582e-12,4.684001851235393e-13
4562,1.2622681284814737e-11,2.5764428900089383e-13
4563,1.5127016778118165e-11,4.4170429511578175e-13
4564,1.6859417934796054e-11,8.203186799243896e-13
4565,2.0104959557762604e-11,4.600733559351167e-13
4566,2.941837199119752e-11,9.772835983314463e-14
4567,3.709484100735794e-11,4.4441882312516745e-14
4568,1.785610950771385e-11,1.6404226898864251e-13
4569,1.4255580792774328e-11,1.4519565057896047e-12
4570,1.7038851206912143e-11,3.50030320133814e-12
4571,2.1450120949334266e-11,3.991000987004308e-12
4572,2.1215916032623257e-11,4.803316391282308e-12
4573,2.022080358629895e-11,8.54169145464639e-12
4574,1.9243626461139477e-11,6.698901427388375e-12
4575,2.049340375126649e-11,1.455954345391773e-12
4576,2.190732718958695e-11,3.101122093146037e-13
4577,1.61086435342727e-11,1.2480812248135313e-13
4578,1.174971970972399e-11,1.4535401854308674e-13
4579,1.2122600265785077e-11,2.864689384468236e-14
4580,2.1520046175229535e-11,1.7915741983158015e-16
4581,2.719684520304749e-11,1.6012293343952869e-18
4582,1.344367314879241e-11,1.9788378249991015e-15
4583,1.3419359609484652e-11,3.386759637884965e-14
4584,3.262795839720834e-11,3.745135657797841e-13
4585,8.859762605052483e-11,3.4680901519345566e-12
4586,1.2986578877626318e-10,1.1606858923981915e-11
4587,1.4238095512569585e-10,1.994945733789832e-11
4588,1.6403327568073274e-10,2.4509275239132037e-11
4589,1.8201847433891393e-10,2.3855783961261957e-11
4590,1.493257618881198e-10,1.4155767950326713e-11
4591,7.519640130715307e-11,4.23915839700897e-12
4592,3.519214870071152e-11,1.2784064812951211e-12
4593,2.2311113757131515e-11,5.883628092952168e-13
4594,1.6238625739719557e-11,4.4682772628435115e-13
4595,1.1280148055230391e-11,7.527015699676117e-13
4596,8.861387343820076e-12,1.175226128071184e-12
4597,8.382843372075584e-12,7.724325859350675e-13
4598,8.855945470330593e-12,5.448930586054605e-13
4599,9.57588314734494e-12,2.032216333395608e-12
4600,1.3282452862493888e-11,1.168614262403298e-11
4601,1.986149645144286e-11,3.1222007184460344e-11
4602,2.296648722531674e-11,4.24630525892692e-11
4603,2.1917381756770373e-11,3.946320169779643e-11
4604,2.5025468638461473e-11,6.284852145114672e-11
4605,3.1697919731353986e-11,9.480591792419828e-11
4606,3.0325204417035576e-11,7.536522239069938e-11
4607,2.3559266156278264e-11,2.6087741026869184e-11
4608,2.6483782800913916e-11,9.643960104846723e-12
4609,3.3126051345924193e-11,5.987540966584306e-12
4610,4.054156387055886e-11,6.208447620591519e-12
4611,6.081532525216908e-11,8.310035926200765e-12
4612,1.0904564975399143e-10,1.2079120274424322e-11
4613,1.3507243342257623e-10,1.4265035816107039e-11
4614,1.0997264051075737e-10,1.3241563794962577e-11
4615,9.069216067529716e-11,1.303415192483201e-11
4616,1.1121217513900174e-10,2.0307247800384054e-11
4617,2.0444727940448743e-10,5.439034689773421e-11
4618,3.653210436266939e-10,1.2688760660025115e-10
4619,5.603546394480912e-10,2.2403492284869197e-10
4620,7.134843594930266e-10,2.88953376436355e-10
4621,6.979355270748628e-10,2.6552892817339873e-10
4622,4.86439373429422e-10,1.7811937823209503e-10
4623,3.230778228860347e-10,1.2858575603546312e-10
4624,1.992825367536134e-10,8.459497637641371e-11
4625,1.2625273044895214e-10,5.632195289242246e-11
4626,7.449575656394921e-11,4.03788043304921e-11
4627,4.5258380331254605e-11,3.6867751961202165e-11
4628,3.503409270787368e-11,4.035912651645782e-11
4629,3.5557472015541896e-11,4.293973042416941e-11
4630,4.119168166920811e-11,4.672743361233578e-11
4631,5.1220252892061347e-11,7.06714128092182e-11
4632,5.845828597784575e-11,1.0485984399199416e-10
4633,5.342468707257342e-11,1.2307999058028797e-10
4634,3.879914334064922e-11,1.1269107519704759e-10
4635,2.3134939069485653e-11,7.67322753078802e-11
4636,1.6009299356163813e-11,5.21835350298683e-11
4637,1.0768480534463967e-11,2.412563633114682e-11
4638,8.369921402791648e-12,8.73132784741042e-12
4639,7.801328518994092e-12,2.694119984974893e-12
4640,8.871494666143689e-12,4.2901560286499817e-13
4641,2.104420060236191e-11,5.623308396806093e-14
4642,9.386316618011234e-11,2.8891270656880823e-13
4643,1.401826724686988e-10,9.677525203906625e-13
4644,1.1160622576074998e-10,1.3688929788700133e-12
4645,8.403872182544923e-11,1.792033089785642e-12
4646,1.0167779455923719e-10,3.234074390782632e-12
4647,1.5997480930927192e-10,8.666942668372615e-12
4648,1.9548495149275372e-10,1.90008449233581e-11
4649,2.2660329078503622e-10,3.665788037383825e-11
4650,3.355017955744329e-10,7.160882434628e-11
4651,6.035931343443255e-10,1.3895923487656088e-10
4652,8.423830728193538e-10,2.0880923605219086e-10
4653,8.465849985232158e-10,2.3409156099427636e-10
4654,7.004668664644866e-10,2.3366232861138377e-10
4655,5.776165419337413e-10,2.0777972082435468e-10
4656,4.5420226415646396e-10,1.5552621012521852e-10
4657,3.1302146845647633e-10,1.058326836409389e-10
4658,1.9886197608926533e-10,7.131224617747667e-11
4659,1.3367835882489937e-10,5.6346510711849786e-11
4660,1.2002524709518944e-10,6.372074566612166e-11
4661,1.2862322585358312e-10,8.336439584259208e-11
4662,1.3012875408185264e-10,9.633923405794275e-11
4663,1.0666951378954228e-10,8.177572367755236e-11
4664,6.405361998330296e-11,3.767466372880497e-11
4665,3.206068519718483e-11,9.253931657962261e-12
4666,2.151367442264174e-11,1.4737030857965633e-12
4667,2.0117267059679537e-11,3.005000994357966e-13
4668,1.7462101490604497e-11,2.1585208037508033e-13
4669,2.010368661405091e-11,4.360229106062123e-13
4670,3.556865644461028e-11,7.287109366970098e-13
4671,7.974086378964025e-11,1.3016234800699584e-12
4672,1.4693810540054742e-10,4.119354036239144e-12
4673,2.0802193389130473e-10,1.062651559357233e-11
4674,2.5560772078700547e-10,2.045301605953132e-11
4675,3.648789454024653e-10,3.84812565767673e-11
4676,4.1980412791555654e-10,4.7906945566571906e-11
4677,4.3027135592051005e-10,5.2543294174846907e-11
4678,5.295959221876883e-10,6.760969481279592e-11
4679,7.299859755570566e-10,9.774233974090674e-11
4680,9.107973122985586e-10,1.4273971098125416e-10
4681,9.012428871880668e-10,1.958407715321694e-10
4682,9.68954680362903e-10,2.93539517490616e-10
4683,1.3612528211079627e-09,4.741211654555256e-10
4684,1.96015773829747e-09,6.976988870158554e-10
4685,2.0793635231257577e-09,7.955078816906458e-10
4686,1.6073917974798738e-09,7.069692594235526e-10
4687,1.2437399424120269e-09,5.935971867239247e-10
4688,1.1475548385958794e-09,4.84731540064672e-10
4689,9.224547247699779e-10,3.2031798888789886e-10
4690,5.507539705935568e-10,1.7905084092909607e-10
4691,2.639236244305554e-10,1.0151856274598478e-10
4692,1.9162903103455677e-10,9.106787877806969e-11
4693,2.1919038357637215e-10,1.169603723317844e-10
4694,2.503364082385237e-10,1.5593073521808688e-10
4695,2.502138595415664e-10,1.8431814109542244e-10
4696,2.5087347373342653e-10,2.1380749402750618e-10
4697,2.6924085056299004e-10,2.1965127625106188e-10
4698,2.8251033422908735e-10,2.0517342521245755e-10
4699,2.508973584744727e-10,1.6451483270392817e-10
4700,1.9137499460813578e-10,1.0938277994845687e-10
4701,1.567029309698423e-10,6.978244547392222e-11
4702,1.7291060610141064e-10,5.682432962667636e-11
4703,2.1225220677255199e-10,6.452357028898438e-11
4704,2.3318572457396417e-10,8.178474633501802e-11
4705,2.601130403371317e-10,1.0874217981906291e-10
4706,2.8647524535665825e-10,1.2045000950898613e-10
4707,3.1471874555182296e-10,1.249987916198355e-10
4708,2.860362648077634e-10,1.1977613703639614e-10
4709,2.518466625570247e-10,1.1897893870190515e-10
4710,2.518829847870589e-10,1.353423601547689e-10
4711,3.257233624820474e-10,1.7873792000804946e-10
4712,4.2187781249069243e-10,2.413881694665178e-10
4713,4.4211283216088685e-10,3.050290664046545e-10
4714,4.3445518453174776e-10,3.473673362531318e-10
4715,4.680585029780041e-10,3.5607021179232176e-10
4716,6.260254976107526e-10,3.768287006100634e-10
4717,7.927400909757995e-10,3.8614822102326573e-10
4718,6.769730232279224e-10,3.202297280857406e-10
4719,5.097866990466707e-10,2.40681756125778e-10
4720,4.675918674065357e-10,1.92843720271483e-10
4721,4.555782955451637e-10,1.6026627781008912e-10
4722,2.946501831864811e-10,1.0831323207212979e-10
4723,1.485158217688441e-10,7.238442800207638e-11
4724,9.004356308806526e-11,4.8991865946330565e-11
4725,7.02430594971721e-11,3.304029086254683e-11
4726,7.094049414874374e-11,4.096754385492711e-11
4727,9.079229377900144e-11,1.0385872487972801e-10
4728,1.4924645580757258e-10,2.4471605871249884e-10
4729,2.242224039437611e-10,3.4922990590156336e-10
4730,2.818926838313395e-10,3.944141429383684e-10
4731,3.0121958177035274e-10,4.097484128853996e-10
4732,3.0998459102143945e-10,4.727322055261079e-10
4733,3.2869734876705183e-10,4.706195300158943e-10
4734,3.7022317989873675e-10,4.437942366117557e-10
4735,4.00474135313257e-10,4.087931856516721e-10
4736,3.3819040075240723e-10,3.2327776021921304e-10
4737,2.3315304251889697e-10,1.988791139203152e-10
4738,1.7132770008218805e-10,1.1881956107459593e-10
4739,1.5633189566902273e-10,8.370827527607105e-11
4740,1.556972816940571e-10,8.58076450609138e-11
4741,1.7162772618883843e-10,9.892548226329464e-11
4742,1.9855321022279963e-10,9.629469349663044e-11
4743,2.2131050488136326e-10,7.84026254607674e-11
4744,2.04503016274527e-10,5.710882577052265e-11
4745,1.5853598201593204e-10,4.3867856834664254e-11
4746,1.6501432681940182e-10,4.8939060863826124e-11
4747,2.679081231045609e-10,7.392062988870275e-11
4748,4.589464022535273e-10,1.0407484584707899e-10
4749,4.436599123836223e-10,8.653379737649469e-11
4750,2.9825754387403977e-10,5.087203561216055e-11
4751,1.906799499819459e-10,2.7236796347986046e-11
4752,1.683766852436559e-10,2.3359619153366275e-11
4753,1.8303745801076122e-10,3.123141186084212e-11
4754,1.6370856628327582e-10,3.681511254826535e-11
4755,1.2759587147202923e-10,3.1205999757335245e-11
4756,1.0760147023452927e-10,2.2757613635905264e-11
4757,1.0197026447192723e-10,1.7053165751239002e-11
4758,8.599452793188556e-11,1.3659791132366156e-11
4759,6.907091844528499e-11,1.4625419884865514e-11
4760,5.939493894296134e-11,1.474002953375789e-11
4761,6.067272677860056e-11,1.525331861834449e-11
4762,6.735014276002e-11,2.5725632579212648e-11
4763,8.387703682532249e-11,6.09965784269851e-11
4764,1.2263941587476098e-10,1.4568659285745063e-10
4765,1.5934391352057347e-10,2.0184555432812886e-10
4766,1.557992809266075e-10,1.7097828224048802e-10
4767,1.258473271417722e-10,1.1844637308850857e-10
4768,9.345943667487732e-11,8.723477447939973e-11
4769,7.097345266694733e-11,5.5851624205170836e-11
4770,6.358092358799367e-11,2.911479757207507e-11
4771,5.716571212324765e-11,1.243103766773239e-11
4772,3.5300154386896886e-11,4.001536509985478e-12
4773,1.9427504964319498e-11,6.947785236948053e-13
4774,1.774060757927944e-11,7.3104547655609e-14
4775,3.260263968395626e-11,7.556953064875477e-14
4776,5.081665069095078e-11,1.0881455829570213e-12
4777,6.178008917789988e-11,6.743221663663703e-12
4778,1.0798674289482124e-10,1.630418290426081e-11
4779,2.1873292881078076e-10,2.370658438480294e-11
4780,3.490594134999646e-10,2.8773615542338064e-11
4781,3.276075171179433e-10,2.8966332041770017e-11
4782,2.6569446862700524e-10,3.0032330409369617e-11
4783,3.895845984237125e-10,5.85270398044533e-11
4784,6.05920259714212e-10,1.0375200070599109e-10
4785,6.538760829312786e-10,1.2941097127455814e-10
4786,4.2036821342616995e-10,1.0030469622631379e-10
4787,2.854469671868479e-10,7.985515608203776e-11
4788,2.370261577686343e-10,7.49585318230468e-11
4789,2.3064589286206233e-10,9.002555578671556e-11
4790,2.042465422880579e-10,1.11698121470891e-10
4791,1.862648863799489e-10,1.3474236731699535e-10
4792,1.882483192106613e-10,1.5220062336339968e-10
4793,1.7381373344238942e-10,1.3742813312702246e-10
4794,1.418226199540732e-10,1.276755596876848e-10
4795,1.2475930927147478e-10,1.549540153599515e-10
4796,1.2310087109855967e-10,1.9880032793801177e-10
4797,1.181938248159033e-10,2.069523986190964e-10
4798,1.0804875671100935e-10,1.85416958876182e-10
4799,9.90869655509202e-11,1.8259540973692717e-10
4800,7.645965953443439e-11,1.4036575178253032e-10
4801,4.9447658115024175e-11,8.213027820761734e-11
4802,2.5334741282434566e-11,2.8256871400233434e-11
4803,1.3933937692304945e-11,8.023426205712534e-12
4804,1.0031808490409261e-11,2.735928064296845e-12
4805,9.607455864042061e-12,1.308658107502639e-12
4806,1.0780697011005534e-11,7.15965868776789e-13
4807,1.1127781073462894e-11,1.285289026040119e-12
4808,9.402352982650535e-12,3.0196892810593218e-12
4809,8.228185943435932e-12,5.433353692318891e-12
4810,7.943526192238334e-12,2.4241902920047373e-12
4811,8.934337503982369e-12,4.112546437612234e-13
4812,1.1118768383946852e-11,2.8074976602934948e-14
4813,1.2357951616239709e-11,1.8468383931885765e-13
4814,1.820370299048399e-11,3.8485925763135695e-13
4815,3.674069894976333e-11,6.831916592184268e-13
4816,6.90320434632265e-11,1.3995824252909078e-12
4817,5.3569755013789504e-11,2.4687167915674456e-12
4818,3.424740076150574e-11,5.489275601805948e-12
4819,3.004128436273926e-11,9.465979009341198e-12
4820,2.392731009867746e-11,7.458385403726228e-12
4821,1.6571485903251675e-11,6.8256974516426854e-12
4822,1.2740339585752903e-11,1.583751990913315e-11
4823,1.5605260570639453e-11,4.181747774075025e-11
4824,1.9929078819258904e-11,6.459226922758915e-11
4825,2.6887687262974497e-11,9.181898452788537e-11
4826,3.3461288364077175e-11,1.1589538795167681e-10
4827,4.058150309093007e-11,1.4434635650212098e-10
4828,4.0076708739146615e-11,1.4331185373707404e-10
4829,4.005907033971333e-11,1.444749990856516e-10
4830,5.024197876727722e-11,1.8011550923798548e-10
4831,7.123727938384698e-11,2.70043586630045e-10
4832,6.875773025859695e-11,2.7320891472268383e-10
4833,4.133650890081379e-11,1.6677082432717771e-10
4834,3.2978913473803715e-11,1.211561160985802e-10
4835,3.9440708713209926e-11,1.3907062556792216e-10
4836,4.374816179794899e-11,1.5445039329804975e-10
4837,3.423997568414535e-11,1.1117027866727068e-10
4838,2.6361347818636786e-11,6.122592907623883e-11
4839,2.7223430414729492e-11,3.952893271478183e-11
4840,3.248307462123241e-11,3.519597848033297e-11
4841,3.3349179427135386e-11,2.7750986785692472e-11
4842,3.204407492210588e-11,1.744580730076971e-11
4843,3.0926579464686596e-11,1.0684226635810036e-11
4844,3.207828809429951e-11,8.808278901940952e-12
4845,3.941638190710712e-11,7.008593683405092e-12
4846,5.3851232329872384e-11,5.1747508982998216e-12
4847,5.742051843048489e-11,3.3293889437007256e-12
4848,3.3722461952716987e-11,1.3151217103438977e-12
4849,1.9044812913251323e-11,7.672091877498939e-13
4850,1.4809449107930042e-11,1.4672241566763719e-12
4851,1.4795474631679775e-11,3.793307960951698e-12
4852,1.3783170709048797e-11,9.15258214056807e-12
4853,1.2723726177102747e-11,1.8252512083512307e-11
4854,1.0948104691210627e-11,1.962757480017691e-11
4855,9.775390647668293e-12,1.560984517246661e-11
4856,1.087275995425061e-11,2.1139467393248785e-11
4857,1.5665417201604094e-11,4.6854497008056044e-11
4858,2.8720248790470337e-11,1.1189283022607503e-10
4859,4.696084365106322e-11,1.99035249323544e-10
4860,6.304110370914001e-11,2.7156763987028527e-10
4861,7.47220392110751e-11,3.1632398777312685e-10
4862,7.698832890155653e-11,3.104948259772679e-10
4863,7.94906202207335e-11,3.07891769737186e-10
4864,7.575637556018973e-11,2.9128750239797924e-10
4865,6.560755333411787e-11,2.4314355605612277e-10
4866,4.45306846991745e-11,1.5991246366112162e-10
4867,2.417373724097833e-11,7.179645735840692e-11
4868,1.73914609102e-11,3.520539033559288e-11
4869,1.8538048549396544e-11,2.6889119442492652e-11
4870,2.569346036175558e-11,3.241380344065646e-11
4871,3.7279761728078085e-11,3.0858797361522086e-11
4872,4.439481576486472e-11,2.1519273318273235e-11
4873,3.8156220226159066e-11,8.709101407249154e-12
4874,2.5540017189054384e-11,2.7996303099629313e-12
4875,1.7115326959693433e-11,8.746721238272495e-13
4876,1.7014176876569352e-11,4.880099601993519e-13
4877,1.7968940307265543e-11,4.5161750807552957e-13
4878,1.220414943291358e-11,1.0900004071237867e-12
4879,8.389804981927406e-12,4.14986182432705e-12
4880,7.745706810051544e-12,5.234407194037441e-12
4881,9.199058348054943e-12,4.897050358695003e-12
4882,9.662438710602284e-12,4.40193211673972e-12
4883,8.973641694836457e-12,9.761054358216955e-12
4884,1.044936748909239e-11,2.243132825439055e-11
4885,1.2423351689403413e-11,2.7025198940631383e-11
4886,1.474445528049788e-11,2.693734559859736e-11
4887,1.5966396342635772e-11,3.295554908721882e-11
4888,1.463256386107421e-11,3.874401221932549e-11
4889,1.1691145095473006e-11,2.911286689696593e-11
4890,9.32558083384769e-12,1.607761570899574e-11
4891,9.813614961347025e-12,2.1022064959803842e-11
4892,1.5819236768610333e-11,6.022684742307222e-11
4893,2.4908730659163788e-11,1.1411326217394828e-10
4894,2.1596057971431073e-11,1.0460967532283131e-10
4895,1.9092162020433235e-11,8.476334782128353e-11
4896,2.739035155948787e-11,1.1262874624530821e-10
4897,4.1875027427792216e-11,1.8455913134709887e-10
4898,3.677574081656685e-11,1.651160911184514e-10
4899,2.0260838751319764e-11,8.029134231044788e-11
4900,1.5366140766344402e-11,4.9007310028669006e-11
4901,2.012563656877994e-11,7.001020975342934e-11
4902,2.794888268823635e-11,1.0079167508715448e-10
4903,2.19551384618612e-11,7.016240642465625e-11
4904,1.485148753111342e-11,3.4031654202424566e-11
4905,1.253925861625616e-11,2.3713807088450764e-11
4906,1.167161538952275e-11,2.099037191982919e-11
4907,1.0482871317711597e-11,1.4271017833046545e-11
4908,9.773129699474615e-12,7.663171123317833e-12
4909,9.23545163777082e-12,7.386458136084445e-12
4910,9.396356070017988e-12,1.521206877087068e-11
4911,1.0169644352065128e-11,2.2117789390575182e-11
4912,9.806953255194189e-12,1.6426361013112523e-11
4913,1.2108228103218838e-11,1.5576891019747465e-11
4914,2.1570223474110555e-11,4.3877072518987745e-11
4915,4.5339805292068064e-11,1.1425974491223392e-10
4916,6.063110340343518e-11,1.4069571053313851e-10
4917,4.9904693813310356e-11,8.811157877593918e-11
4918,3.6516313337378445e-11,6.032321921451091e-11
4919,3.071670390211487e-11,8.374299921722049e-11
4920,3.4639762074676813e-11,1.3415383984537662e-10
4921,3.242526512919386e-11,1.3849762153024123e-10
4922,2.3770689689989263e-11,9.956941721142164e-11
4923,2.5154202044697574e-11,1.0523986150351676e-10
4924,3.693163785350996e-11,1.5656199048771864e-10
4925,4.453541214130544e-11,1.8233636997759992e-10
4926,4.3459240423803207e-11,1.6167659297093662e-10
4927,5.5700585619458475e-11,1.8690116181196285e-10
4928,9.990650039147628e-11,3.368350396180802e-10
4929,1.548794755331585e-10,5.206770208953728e-10
4930,1.5780271419384002e-10,5.304863684669755e-10
4931,1.2121007427886858e-10,4.0146864796543585e-10
4932,1.1759974787617243e-10,3.9968263572997036e-10
4933,1.4273013008838104e-10,5.066060389095331e-10
4934,1.430662449923425e-10,5.399382052686886e-10
4935,9.04997258157768e-11,3.6142872933494254e-10
4936,5.462145878484887e-11,2.2110569229018483e-10
4937,4.342901770339388e-11,1.6565971298307783e-10
4938,3.743255808145306e-11,1.2992115380632673e-10
4939,2.405861111446742e-11,6.649622295282084e-11
4940,1.643147119567702e-11,2.678218164376178e-11
4941,1.4460183350889502e-11,1.652601109379687e-11
4942,1.4516463000749242e-11,2.0065798826890666e-11
4943,1.4779809099974825e-11,2.378361735899568e-11
4944,1.3398544292537484e-11,1.6374986217139858e-11
4945,1.3229961270350788e-11,1.4055977716434667e-11
4946,1.472641178783782e-11,2.2835619985216893e-11
4947,1.78492218155974e-11,3.7762274380666645e-11
4948,2.1561881692858124e-11,5.429637511442152e-11
4949,2.3937193835762797e-11,6.062705058426337e-11
4950,2.832632136826301e-11,7.886879390911428e-11
4951,3.946748386300413e-11,1.243381927743861e-10
4952,6.486139929716106e-11,1.8853890999503506e-10
4953,1.045356951646205e-10,2.7039880006278104e-10
4954,1.3748430005324725e-10,3.343421461325652e-10
4955,1.5498016237955345e-10,3.710666507388741e-10
4956,1.4779700481355736e-10,3.340647706339121e-10
4957,1.1635623778860206e-10,2.2749872203276694e-10
4958,9.609413728493543e-11,1.539381546216007e-10
4959,8.03806750850223e-11,1.184814973153658e-10
4960,7.378769165017181e-11,1.150360481433421e-10
4961,7.56849170595692e-11,1.1569694653582211e-10
4962,9.080630412937023e-11,1.3228020800231249e-10
4963,1.2719499273243482e-10,1.8200574003587187e-10
4964,1.7945433532057887e-10,2.6749860293818397e-10
4965,2.0151296121261492e-10,2.826856347716082e-10
4966,1.847030574631977e-10,2.3264631281504524e-10
4967,1.4907734041686073e-10,1.6133797109813493e-10
4968,1.1002976542344981e-10,1.1241142401322549e-10
4969,7.135374780513893e-11,6.929680187480486e-11
4970,4.136148361388055e-11,3.0847027553493184e-11
4971,2.433400886175095e-11,1.4029503291360262e-11
4972,1.9064761709870674e-11,1.0894566633791955e-11
4973,2.046346418235005e-11,1.826570106679389e-11
4974,2.733682555792282e-11,3.070284510810518e-11
4975,3.366029886069416e-11,3.300341132177942e-11
4976,3.2971679183282884e-11,2.615951080182079e-11
4977,2.6865382529306567e-11,2.4907919068891784e-11
4978,2.1082857219718107e-11,2.3037977459029377e-11
4979,1.8484691620565582e-11,1.9679728750559307e-11
4980,1.6556242713781615e-11,1.100256524674257e-11
4981,1.4843617637389467e-11,6.067922940879446e-12
4982,1.4144479244017702e-11,7.364337717541434e-12
4983,1.523482841584117e-11,1.2824033213110174e-11
4984,1.6193161563728457e-11,1.5871149973888975e-11
4985,1.7153488540657696e-11,1.801883718922933e-11
4986,1.987728842365342e-11,2.7720824060804492e-11
4987,2.992934165092368e-11,5.7361373880659475e-11
4988,4.932938135016049e-11,1.0727706450313054e-10
4989,6.133381429520941e-11,1.308968729688161e-10
4990,5.894944991579533e-11,1.2230556869499683e-10
4991,5.080412469506932e-11,9.499274384190176e-11
4992,4.3137684862707916e-11,6.971621363607382e-11
4993,3.583720413253563e-11,4.5904491885143025e-11
4994,3.051024568447091e-11,2.7692826920733486e-11
4995,2.76334641944266e-11,2.2555135362712505e-11
4996,2.805056984423409e-11,3.060970434293619e-11
4997,3.2748416195012256e-11,4.729108833716261e-11
4998,3.935112127120949e-11,6.60511137548257e-11
4999,4.624053763525395e-11,7.387555621279436e-11
5000,5.581463989129194e-11,7.589240507204138e-11
5001,6.170718535555941e-11,6.608826109972115e-11
5002,6.384101672846127e-11,4.693752727036169e-11
5003,5.991793934316926e-11,3.097450048211259e-11
5004,5.057691405300215e-11,1.8565882026999448e-11
5005,4.307483705932185e-11,1.5705296590559522e-11
5006,4.0934792068540407e-11,1.6958395050076593e-11
5007,4.22063040377805e-11,1.763765261314132e-11
5008,4.384998547401538e-11,1.6514900294552484e-11
5009,4.2476487322166285e-11,1.4038568672075877e-11
5010,3.480209892594782e-11,1.4415339171960249e-11
5011,2.6674785318827125e-11,1.267242637378271e-11
5012,2.0423612016626618e-11,9.454362505204174e-12
5013,1.7447969921648172e-11,5.127314015488358e-12
5014,1.6075245849385568e-11,3.1504026623202578e-12
5015,1.5273835077710888e-11,5.012309622262728e-12
5016,1.4771149593393692e-11,7.948660476458452e-12
5017,1.3591092121850626e-11,8.04962575176929e-12
5018,1.3020999885562728e-11,5.671730533089884e-12
5019,1.3067789717438194e-11,6.591150484481683e-12
5020,1.3539326179739472e-11,1.1201100226181597e-11
5021,1.752036815688462e-11,2.4241594349213613e-11
5022,2.4168339473894723e-11,4.081267311723201e-11
5023,2.9471506548790256e-11,5.318313591623363e-11
5024,3.238317078153717e-11,6.061128005993616e-11
5025,2.8763178668293345e-11,4.911379086095681e-11
5026,2.2611848145370702e-11,2.6259424680923628e-11
5027,2.153518391490646e-11,1.6105403116040424e-11
5028,2.8917203823563878e-11,1.977929729254477e-11
5029,4.808089100672505e-11,4.956454340958253e-11
5030,7.228396418338134e-11,8.94740504390228e-11
5031,8.192955657222447e-11,1.0352462356165965e-10
5032,8.766221162114816e-11,1.0570628423279121e-10
5033,1.2685223831835071e-10,1.5975644598628729e-10
5034,2.336679484759337e-10,3.132224519474452e-10
5035,4.023417195932824e-10,5.440102161006647e-10
5036,5.261645302048146e-10,6.803798405504435e-10
5037,5.000867711035334e-10,6.567593184945849e-10
5038,3.923462812499789e-10,5.707659045712467e-10
5039,3.253102479479966e-10,4.915025393532509e-10
5040,3.0127057386698126e-10,4.3361067712278127e-10
5041,2.866135758026333e-10,3.56161993088917e-10
5042,2.617456917825823e-10,3.014171402447834e-10
5043,2.0044687668659638e-10,2.33324848637757e-10
5044,1.3054572394611212e-10,1.4304244139264336e-10
5045,8.434587539779581e-11,6.205555805425594e-11
5046,6.121912524355995e-11,2.1924988942362344e-11
5047,4.6821448458456746e-11,1.0601697216057193e-11
5048,3.5958035501476645e-11,8.550569092346191e-12
5049,2.818936891197266e-11,6.988534114288583e-12
5050,2.202838749738546e-11,3.227277563247533e-12
5051,1.7465522245641686e-11,2.1120903377723257e-12
5052,1.512274140324265e-11,2.809830759077887e-12
5053,1.588179979853544e-11,5.750863634803855e-12
5054,2.160118769008167e-11,1.229646261137179e-11
5055,3.1108295506735646e-11,2.2159588199682992e-11
5056,3.816628600078118e-11,3.526982179659066e-11
5057,3.7781070265317485e-11,4.687161736707239e-11
5058,3.546841741542508e-11,4.370937277783065e-11
5059,4.3190852586756744e-11,4.9136767707029306e-11
5060,8.017362439852767e-11,8.904479382784333e-11
5061,1.645458426228626e-10,2.037144416896402e-10
5062,2.6611070013871756e-10,3.547540553281401e-10
5063,3.152336614974122e-10,4.106624134426152e-10
5064,3.334844287360872e-10,3.9636182017562787e-10
5065,3.925967369080101e-10,4.171559297162046e-10
5066,5.69976561171171e-10,5.780661889533549e-10
5067,8.025267470881648e-10,7.612413542240237e-10
5068,9.488264608798917e-10,8.529303123595567e-10
5069,9.88289624553947e-10,8.413274225778078e-10
5070,9.51482533438445e-10,7.826152256738846e-10
5071,9.957810424243906e-10,7.893266563786224e-10
5072,1.0709010739898185e-09,8.613510368567505e-10
5073,1.0555586858099218e-09,8.635558692797716e-10
5074,1.00940750969606e-09,8.052299022892455e-10
5075,9.7974106212781e-10,7.151287094025222e-10
5076,1.024192084405703e-09,6.573499337485267e-10
5077,1.0885685459591421e-09,6.317483205185402e-10
5078,1.0253992421486644e-09,5.39777933846879e-10
5079,9.20078491816353e-10,3.6682676727854616e-10
5080,7.839190495663173e-10,2.0123594799127049e-10
5081,5.358270435210657e-10,8.37799761868958e-11
5082,2.617830819651556e-10,2.3603920958189522e-11
5083,1.370347839619764e-10,8.521665008262151e-12
5084,1.067884956870601e-10,5.077087221350761e-12
5085,9.730606087522073e-11,2.9618246318666923e-12
5086,6.170792057748308e-11,8.90460812893015e-13
5087,2.740922122240827e-11,2.2639133443830382e-13
5088,2.2111417076518377e-11,1.7123659942072729e-13
5089,3.574548926307185e-11,4.005189908947902e-13
5090,6.127736825744471e-11,1.9096232004075774e-12
5091,6.076319366839332e-11,5.98608126452062e-12
5092,5.826818240061429e-11,1.0473999684251894e-11
5093,5.7197365777537476e-11,1.049968388237795e-11
5094,7.003394399474817e-11,9.202846325504068e-12
5095,8.743962838059829e-11,1.3870688888277773e-11
5096,1.04279099141492e-10,2.7469841558098913e-11
5097,1.505003589894276e-10,5.13035712557601e-11
5098,2.1544620819907518e-10,6.975384749893071e-11
5099,2.4573285750180144e-10,6.703568998408576e-11
5100,2.097389614348056e-10,5.567564848496243e-11
5101,2.0240568817335025e-10,5.745989346466775e-11
5102,3.0137935549759626e-10,8.773281041633436e-11
5103,4.757445666796022e-10,1.4533584250018348e-10
5104,4.1943805141617265e-10,1.6255458283968057e-10
5105,2.4942154942167247e-10,1.2816033220245836e-10
5106,1.769276772086278e-10,9.823347079272729e-11
5107,1.9860983712693014e-10,8.360025710500447e-11
5108,2.9290239030061045e-10,9.994525014682612e-11
5109,3.374537767540106e-10,1.2624338715232657e-10
5110,2.7930292579952017e-10,1.157311266228471e-10
5111,2.4565051160061927e-10,7.367894689578621e-11
5112,3.171859562894947e-10,4.5204994976659236e-11
5113,3.2419532543614916e-10,2.8587785148663432e-11
5114,1.912744959793029e-10,1.6737688641546266e-11
5115,1.1745455656211644e-10,1.1903997986985457e-11
5116,9.842787598885619e-11,8.023178460019588e-12
5117,6.710048149341924e-11,2.3149147924155267e-12
5118,2.5575254254184806e-11,3.2704299884596223e-13
5119,1.3993278943411414e-11,7.243559238918559e-13
5120,1.4517514332445932e-11,1.3956157833183823e-12
5121,1.6767107932731138e-11,1.5789718541618142e-12
5122,1.7746384714000682e-11,4.627464498273145e-12
5123,2.1211766927190237e-11,1.8120229974063097e-11
5124,2.7627515775009074e-11,2.8632649416032227e-11
5125,3.9393824920082944e-11,2.4656791161078714e-11
5126,6.71068947103065e-11,3.104155087580438e-11
5127,9.146383934167706e-11,5.347701875082014e-11
5128,1.068487550368191e-10,7.082399807616637e-11
5129,1.332699946142151e-10,6.827076402486395e-11
5130,1.718618657326044e-10,6.389133602550155e-11
5131,1.9111529201794504e-10,6.771941078201136e-11
5132,1.785583436087482e-10,7.366363239106327e-11
5133,1.976823802633325e-10,8.180336111087051e-11
5134,2.702689806400641e-10,9.533408591432341e-11
5135,3.72019704964562e-10,1.2695416147253406e-10
5136,3.6722306304009356e-10,1.4264510672448914e-10
5137,3.139159038297937e-10,1.318332943402413e-10
5138,2.998475732960813e-10,1.0052433139039337e-10
5139,3.035588648382363e-10,6.768931635783382e-11
5140,2.0873508112277203e-10,3.090382362578594e-11
5141,1.1172413558767762e-10,1.3312404848378848e-11
5142,8.57938245106764e-11,9.337031969413058e-12
5143,9.897382005752524e-11,1.0563062267885277e-11
5144,1.0690458943330549e-10,1.2254353995696552e-11
5145,7.252724838911016e-11,1.1915676029679991e-11
5146,5.479040193054987e-11,2.07814585513802e-11
5147,5.78622617899736e-11,2.761549817305248e-11
5148,6.430201057413588e-11,2.5168179060445184e-11
5149,6.550463158539923e-11,2.327910450750136e-11
5150,5.373633883969634e-11,2.5034112843373066e-11
5151,4.000385346839333e-11,1.7183287032187213e-11
5152,3.1701873212959607e-11,6.015397747486278e-12
5153,2.7930020179715902e-11,2.1578204877459566e-12
5154,2.143288388245678e-11,3.198184081859335e-12
5155,2.0496158266518122e-11,1.3992619820983462e-11
5156,2.6107975078384958e-11,3.3710083174777436e-11
5157,3.390078156754562e-11,4.5475095967551624e-11
5158,5.823430660291623e-11,7.636899259029252e-11
5159,1.1202211334738816e-10,1.5666109813768897e-10
5160,1.662885301141295e-10,2.0992172750237636e-10
5161,1.9593094651617017e-10,1.7455016647771814e-10
5162,2.35199466841539e-10,1.308782820842104e-10
5163,2.92060885594395e-10,1.2232931887289815e-10
5164,3.737796388798813e-10,1.4370584110465002e-10
5165,4.979332046916663e-10,1.7239138841658631e-10
5166,6.718059854117323e-10,2.0595662870438074e-10
5167,6.951355619586183e-10,1.8668221976892382e-10
5168,5.223727748136454e-10,1.2375275367947711e-10
5169,3.8215308895460095e-10,8.495337963822797e-11
5170,2.8899669742469757e-10,5.64754142507918e-11
5171,2.4894476169654333e-10,3.932676102492294e-11
5172,1.6209883487267464e-10,1.91417555536645e-11
5173,1.1211955390955121e-10,9.136069230660137e-12
5174,1.159433519940423e-10,6.3918470312562545e-12
5175,1.856159999452541e-10,9.969985825500793e-12
5176,2.419372406689927e-10,1.3472597134735325e-11
5177,1.9223631334665122e-10,9.384090748462378e-12
5178,1.3302211320136497e-10,4.5418140857240016e-12
5179,9.972672109279002e-11,1.3859957624951364e-12
5180,6.470261585820604e-11,3.0223136267300327e-13
5181,2.5492542003918792e-11,1.9643674543103081e-13
5182,1.7536211703756895e-11,2.485887883562916e-12
5183,1.7324182500899416e-11,6.535254763768457e-12
5184,1.574669128772894e-11,4.236210393172163e-12
5185,1.4956513089768053e-11,3.8523443908765454e-12
5186,1.5723489570850426e-11,1.3146398666549305e-11
5187,2.2602204959441303e-11,4.217664450719071e-11
5188,3.617550042974369e-11,7.601607750151335e-11
5189,5.913852352288243e-11,1.0740223371580214e-10
5190,8.811340913146926e-11,1.4698116274099995e-10
5191,1.1068252833618491e-10,1.764580625327943e-10
5192,1.2544833843959637e-10,1.7280772894323992e-10
5193,1.4379667434419326e-10,1.4782492077644498e-10
5194,1.8192668362349485e-10,1.3820833234912502e-10
5195,2.386168316868558e-10,1.6425825944733402e-10
5196,3.046146926175072e-10,1.948102381873851e-10
5197,3.740511349772395e-10,1.9946055732500976e-10
5198,4.542785699018778e-10,2.034495459424686e-10
5199,5.326004444324352e-10,2.1742757558956047e-10
5200,5.471722582040824e-10,2.208272939641694e-10
5201,5.361621342194662e-10,2.148222679426624e-10
5202,5.242204709579691e-10,1.90252571832146e-10
5203,4.1927964378189796e-10,1.226921734346504e-10
5204,3.3515393895146885e-10,7.663629698709267e-11
5205,3.7861949552198116e-10,7.493797625404795e-11
5206,5.792559648885787e-10,1.1127307226267788e-10
5207,9.645812881282803e-10,1.8566578654273099e-10
5208,1.0513878892117452e-09,1.837258059207367e-10
5209,6.977099001900675e-10,9.866300587508016e-11
5210,4.401315363259158e-10,4.918284845768347e-11
5211,2.714738938441554e-10,2.3113065758439813e-11
5212,1.4139768657750425e-10,1.308286107620928e-11
5213,7.622800883165011e-11,1.8847522091238628e-11
5214,6.382548380487746e-11,3.5392555524882696e-11
5215,4.7115375943123644e-11,3.22507745265854e-11
5216,2.972546873523561e-11,2.011911847192923e-11
5217,2.2958668763382835e-11,2.46587298844628e-11
5218,2.845712695007894e-11,5.335314989061465e-11
5219,5.154898174843571e-11,1.0476261509788006e-10
5220,9.754567736006004e-11,1.651870113104476e-10
5221,1.6475247036797416e-10,2.507785536035986e-10
5222,2.158279433430746e-10,3.4963857889479005e-10
5223,2.0470707969797227e-10,3.067740665676771e-10
5224,1.885205711878271e-10,2.1334206514674086e-10
5225,2.313824199826092e-10,1.8372111612273728e-10
5226,2.880454515931936e-10,2.1478055981635564e-10
5227,2.957828060307061e-10,2.355822155430578e-10
5228,2.7506872308812703e-10,1.986358506162279e-10
5229,2.7117319171935627e-10,1.4236649513074892e-10
5230,3.6212290524096345e-10,1.4716094182846957e-10
5231,4.91262878861782e-10,2.2241905523982478e-10
5232,6.985208226716941e-10,3.8224995030088367e-10
5233,1.0554148359636417e-09,5.988110840754698e-10
5234,1.463415028214951e-09,7.41586341303995e-10
5235,1.5691552311384882e-09,6.687922879432743e-10
5236,1.5470673746038714e-09,5.642096991817005e-10
5237,1.717110625779155e-09,5.52947597516702e-10
5238,2.2442303575465763e-09,6.287404792019313e-10
5239,2.606805433536382e-09,6.592016500071404e-10
5240,2.062702505998434e-09,4.604893522759414e-10
5241,1.2718313345464978e-09,2.2576877977726948e-10
5242,8.230458673964245e-10,1.0798746001790505e-10
5243,5.96012437576171e-10,5.867196827344864e-11
5244,3.350727492899498e-10,2.1915550164686287e-11
5245,1.3467190071522345e-10,4.915418229683216e-12
5246,5.5052862842034745e-11,4.873587714767647e-13
5247,3.3187321268118435e-11,3.331475703443453e-15
5248,2.6797494695532474e-11,1.7060396676701537e-16
5249,1.5497174701795847e-11,5.509448653638269e-15
5250,1.22027474581725e-11,1.592356619245509e-13
5251,1.8131943755806736e-11,1.3583688528211394e-12
5252,3.6588785736751906e-11,6.279175901305728e-12
5253,5.362045808220675e-11,1.7388267304284255e-11
5254,6.541108218791442e-11,3.3882811594768837e-11
5255,7.596985559757564e-11,4.471881666542426e-11
5256,8.948251847972976e-11,4.376422512457103e-11
5257,9.59672562599859e-11,3.520464973283491e-11
5258,7.375277522456166e-11,2.2910798484047477e-11
5259,5.0271182575950656e-11,1.2164165358093869e-11
5260,4.400436964980987e-11,4.068698069453795e-12
5261,7.379977587900742e-11,1.88575667081736e-12
5262,1.3390107711520531e-10,2.523413362496983e-12
5263,1.2414285634507831e-10,2.6766064552474846e-12
5264,1.0719939103978128e-10,2.9537497448284295e-12
5265,1.444668259144683e-10,4.907984781677407e-12
5266,2.39985238863318e-10,9.3120361084933e-12
5267,2.732814897970328e-10,9.173444965498609e-12
5268,2.3860366590813375e-10,6.626766602401207e-12
5269,2.2581505110079237e-10,4.715220268344207e-12
5270,2.764128928232776e-10,4.805670850662959e-12
5271,3.680330131539276e-10,8.126445509639617e-12
5272,4.009638150180839e-10,1.06671545521539e-11
5273,4.4239563724866396e-10,1.6461639804717938e-11
5274,5.949184434184998e-10,3.4952861156227964e-11
5275,8.10785174757701e-10,6.327167689649208e-11
5276,8.510718889139945e-10,6.537643684732641e-11
5277,6.93016628512221e-10,4.888377442843389e-11
5278,4.838776078060703e-10,2.8849010147797733e-11
5279,3.523895046173538e-10,1.9820406675671763e-11
5280,2.446156212777174e-10,1.0249066001911844e-11
5281,1.5249411030573939e-10,2.9424456749367257e-12
5282,1.1782446225445122e-10,6.377097928508204e-13
5283,1.239020903557617e-10,6.713171022622342e-13
5284,1.3768881068428432e-10,1.1382520581356762e-12
5285,1.2955384947525952e-10,9.367924062694019e-13
5286,1.2087122027196982e-10,6.289692986540806e-13
5287,1.084186681319696e-10,2.7055887726695225e-13
5288,8.447543700553159e-11,9.379354923833344e-14
5289,6.17468882026042e-11,4.3794431560507515e-14
5290,3.97347765636337e-11,1.4316156918560094e-15
5291,3.504504976387252e-11,3.0175296799782806e-16
5292,3.32245005313429e-11,6.715890158034278e-14
5293,3.5201878511787305e-11,7.677557927828591e-13
5294,3.607064230130377e-11,1.721461456719907e-12
5295,3.2570852162122176e-11,1.080472329519824e-12
5296,2.845151388647546e-11,2.286187916169324e-13
5297,2.007478282330948e-11,3.590452836499406e-14
5298,1.3833149698486775e-11,4.381834531467878e-14
5299,1.38881836275365e-11,1.134745146180068e-13
5300,2.130825756970775e-11,2.2289711471476404e-13
5301,3.7793740572717096e-11,6.693230765324927e-13
5302,4.9409709301401254e-11,1.7023727336789394e-12
5303,5.7345252249840934e-11,3.4171392298497475e-12
5304,7.056001394422584e-11,5.637059685064819e-12
5305,1.2606444503055316e-10,1.246820174560314e-11
5306,2.3116501197506537e-10,2.5357649185189913e-11
5307,3.44953619155358e-10,4.153076752792969e-11
5308,4.508395860422678e-10,5.962084352304009e-11
5309,5.159669226063781e-10,7.515588258377181e-11
5310,4.4278298617438286e-10,6.688974963874457e-11
5311,3.208699580797682e-10,4.8082485426478637e-11
5312,2.152819181298235e-10,2.8632934883336153e-11
5313,1.608912494569898e-10,1.6796466637302258e-11
5314,1.3628036719755656e-10,1.0537783064071161e-11
5315,1.0913148118095248e-10,5.899103547702459e-12
5316,7.65810072290722e-11,3.8611910358668626e-12
5317,5.639376648345738e-11,3.10042930736817e-12
5318,4.8503441732270106e-11,2.338892986483917e-12
5319,5.1910691559598654e-11,1.7368494189133394e-12
5320,5.169373625356323e-11,1.478860707991339e-12
5321,4.8929291813678915e-11,1.8861691282961707e-12
5322,4.821049813575114e-11,3.492081276813541e-12
5323,5.7219796399370376e-11,6.424549337370933e-12
5324,6.271146570732997e-11,8.768795083295548e-12
5325,5.6838675325192434e-11,8.615422992214614e-12
5326,4.434428073147211e-11,7.459467335803964e-12
5327,3.7154031506539496e-11,5.950454000721675e-12
5328,3.2520736559314986e-11,5.749703313289915e-12
5329,2.919821852830092e-11,7.340035841416066e-12
5330,3.103791628429835e-11,1.683367200719667e-11
5331,3.926265606348152e-11,3.778302808962348e-11
5332,5.002307555182655e-11,5.509162230165055e-11
5333,5.708458452771393e-11,6.143568882734217e-11
5334,5.4627374582194446e-11,5.2483296699750866e-11
5335,4.926052486910616e-11,3.223396726019638e-11
5336,5.484336930357375e-11,1.9238576973839042e-11
5337,7.983914638069002e-11,1.437742998650508e-11
5338,1.3864669940582768e-10,1.6795780659904766e-11
5339,1.7623497692113527e-10,1.7568580811052e-11
5340,2.1807285647768675e-10,1.8734106220788782e-11
5341,2.2255267893467793e-10,1.3873407408156656e-11
5342,1.677001526430163e-10,7.38571925137606e-12
5343,1.0827505726672122e-10,3.9450820817293255e-12
5344,7.839007612897854e-11,2.7172906048447047e-12
5345,9.666721656102113e-11,3.3157495925265686e-12
5346,1.297017345224071e-10,4.970143110786669e-12
5347,1.5620394069863143e-10,7.925139221410154e-12
5348,1.5971914172650338e-10,1.1335749635438135e-11
5349,1.8541348395210188e-10,1.7397623154500136e-11
5350,2.2538445235123881e-10,2.255024504122739e-11
5351,2.6635167276302417e-10,2.5388567172706025e-11
5352,3.002747179687813e-10,2.7765507261368044e-11
5353,3.107241723148325e-10,3.173662310112898e-11
5354,2.986264575728686e-10,4.637565442445303e-11
5355,2.4189453983310105e-10,6.754255435189938e-11
5356,2.1112521994603983e-10,9.814773673223354e-11
5357,1.7432716146208497e-10,9.589613705583036e-11
5358,1.1804574592402833e-10,5.3514056090771324e-11
5359,7.586647673846535e-11,2.4272411059425418e-11
5360,5.7205491849857966e-11,1.9623645798970293e-11
5361,6.619486257319276e-11,3.544980282379878e-11
5362,1.1192238695810074e-10,8.216357015840679e-11
5363,1.6069761076358976e-10,1.2113960421547126e-10
5364,1.4451044723228222e-10,1.0137001927189207e-10
5365,9.517396777194699e-11,6.082852823416716e-11
5366,6.946062073952486e-11,4.0537645733508606e-11
5367,7.798696000641844e-11,3.785680886139477e-11
5368,1.0923369325950536e-10,4.548701162211583e-11
5369,1.281270384408175e-10,5.283395090485682e-11
5370,1.0181219935264837e-10,3.7877016740344225e-11
5371,6.911464949855929e-11,1.752593612877858e-11
5372,6.301191244055642e-11,6.660186926653938e-12
5373,6.916814306811993e-11,2.1311083832231677e-12
5374,6.316499693686476e-11,4.130480073219976e-13
5375,7.169636331894573e-11,7.463068559135245e-14
5376,1.0770627716451922e-10,1.8030600084297134e-13
5377,1.5687480837984173e-10,5.785346585223756e-13
5378,1.4178819306608873e-10,4.678057157824947e-13
5379,7.732177598205502e-11,5.231455001081683e-13
5380,6.62927710497533e-11,2.4893674713288526e-12
5381,1.0088462804268662e-10,6.7429509420938366e-12
5382,1.3671644387552843e-10,9.564341624537912e-12
5383,1.2148702966476737e-10,8.707221145673194e-12
5384,1.0463783971431277e-10,1.115999356243657e-11
5385,1.455762491710067e-10,2.5706205043002093e-11
5386,2.3891141824854434e-10,5.978013285366807e-11
5387,2.9148276518892053e-10,8.927803539053789e-11
5388,2.3340487386227236e-10,8.061753653565813e-11
5389,1.4993049552960565e-10,4.76298130126033e-11
5390,1.1346644649266882e-10,2.7113594848480853e-11
5391,1.1041304765531394e-10,2.006328530866249e-11
5392,1.1185356086918967e-10,2.107364344349694e-11
5393,1.1269848430336832e-10,2.8298920953565653e-11
5394,1.182686485828054e-10,4.110112882099597e-11
5395,1.2486546618105028e-10,6.31597195237395e-11
5396,1.2843874596641733e-10,1.032069362461448e-10
5397,1.27512211173435e-10,1.5468424832315462e-10
5398,1.0597723500542815e-10,1.587133258467622e-10
5399,7.10037366475221e-11,1.189029343181999e-10
5400,4.3981254022788354e-11,7.757173828167997e-11
5401,3.189073729626923e-11,6.022394081880947e-11
5402,2.8462047911919686e-11,4.7780869963797885e-11
5403,3.073453601937827e-11,3.6810776589019736e-11
5404,3.749788857422018e-11,2.9817218173306904e-11
5405,4.002447124852889e-11,2.563212201394577e-11
5406,3.055668811170255e-11,2.1610229559199455e-11
5407,1.9123221739798228e-11,1.1720726629899384e-11
5408,1.4531605720219322e-11,6.1379459926465665e-12
5409,1.3441651824311549e-11,4.250462183802226e-12
5410,1.407248738290068e-11,3.714099910844694e-12
5411,1.7077775677839534e-11,4.2370504669743664e-12
5412,2.141867836482215e-11,2.4079131225537953e-12
5413,3.034428397759385e-11,8.679761386730257e-13
5414,4.588671318541551e-11,9.837516949892869e-13
5415,6.470965543844002e-11,2.8716800109725813e-12
5416,1.0022389732219132e-10,1.2975242044999927e-11
5417,1.5529466234105368e-10,3.380472407527882e-11
5418,1.8476695061694515e-10,3.9929366027392965e-11
5419,1.2505130444082843e-10,1.7153542507136207e-11
5420,6.065548039850027e-11,2.4568642305348526e-12
5421,3.8372339291963555e-11,2.338562530870318e-13
5422,3.630268624319863e-11,1.7417112102310241e-13
5423,3.7076371512274215e-11,9.839340138170623e-13
5424,3.375973406516465e-11,5.997548518928695e-12
5425,3.1472741144852516e-11,1.7627841087837614e-11
5426,2.5069385666673566e-11,1.3407508352195337e-11
5427,2.130484443959721e-11,6.086616319275255e-12
5428,2.2568879270356398e-11,8.135012192476085e-12
5429,3.140053367233316e-11,3.3279845239837524e-11
5430,5.474682554056895e-11,9.846605399619838e-11
5431,6.205034842774025e-11,1.2501968809165613e-10
5432,4.143410695058489e-11,8.414193453052909e-11
5433,2.6526810447349358e-11,5.558681700707674e-11
5434,2.1713494934477783e-11,4.685075104283837e-11
5435,1.6076379882043678e-11,2.2660318110761916e-11
5436,1.533831315483459e-11,7.768106573547355e-12
5437,1.9315537149302385e-11,2.4607917007715097e-12
5438,2.0529567215854814e-11,9.748481112568214e-13
5439,1.93226007576162e-11,2.35169658039521e-13
5440,1.8644098158919733e-11,4.4859481145134405e-14
5441,1.9880543115224602e-11,1.5172962510979325e-14
5442,2.0816410939657463e-11,5.900512668768154e-15
5443,2.0636591075712196e-11,7.770236609957233e-16
5444,2.8037168624130194e-11,1.6113525634708485e-16
5445,3.1192923142071396e-11,7.96562277500938e-16
5446,2.663923607479658e-11,3.511201738699867e-17
5447,2.758839955875903e-11,7.283426108007987e-14
5448,4.592089806036024e-11,1.5548061541762634e-12
5449,6.872456049280409e-11,3.1466124730582653e-12
5450,6.677484685650809e-11,1.6569210347627478e-12
5451,4.638836273550186e-11,2.4485303611785985e-13
5452,3.55083543100206e-11,4.088126614582167e-14
5453,3.1636776708328956e-11,1.4438746855421672e-13
5454,3.8066281825227435e-11,1.1053646702498153e-12
5455,4.204589836611807e-11,2.9402599734089963e-12
5456,3.3469311785249294e-11,4.3168720359347274e-12
5457,2.733151776012159e-11,6.1234816679536254e-12
5458,2.734933550173094e-11,1.3250948454935547e-11
5459,3.6379837639557513e-11,2.8510783401094564e-11
5460,5.097543253320671e-11,6.219809508336865e-11
5461,5.632466912801243e-11,9.554838397240997e-11
5462,4.2905498180822544e-11,9.053558622833676e-11
5463,2.9317522844847064e-11,7.08640981291778e-11
5464,1.9305806837052262e-11,3.8578917340006994e-11
5465,1.5734496025440406e-11,2.131388231596727e-11
5466,1.4279545347191385e-11,1.4229483368388995e-11
5467,1.5247665116655707e-11,1.2650803140627806e-11
5468,1.7654553439336816e-11,8.052811639605993e-12
5469,2.2708285961349227e-11,3.4800298366522202e-12
5470,2.924518209491602e-11,3.1143315423581164e-12
5471,3.194489921942002e-11,3.459488871692709e-12
5472,2.9320490956322945e-11,4.775825622948282e-12
5473,2.901559604030309e-11,3.715311306620969e-12
5474,2.75953829178371e-11,7.302212259743887e-13
5475,3.869260202282201e-11,9.320290214907125e-14
5476,5.0282988078837595e-11,4.9004229323739095e-14
5477,5.228304609555346e-11,1.2527880069096823e-13
5478,6.610836227904353e-11,1.1490542215074403e-12
5479,1.2513221776326296e-10,7.68874234639476e-12
5480,1.852461691253819e-10,1.7300367238043833e-11
5481,1.6612884445313908e-10,1.910564177074933e-11
5482,1.1902576191527693e-10,1.7110325305025675e-11
5483,1.18806467741505e-10,2.3006405683438958e-11
5484,1.4419498347894115e-10,4.473159115388938e-11
5485,1.4965743314425688e-10,7.843413913574082e-11
5486,1.3152114032767435e-10,1.1628595784274734e-10
5487,1.2642721673242614e-10,1.654323739028532e-10
5488,1.312613821029812e-10,2.0857769793608271e-10
5489,1.4793130801572223e-10,2.595761728091753e-10
5490,1.9274677086514618e-10,3.98514989584561e-10
5491,2.1538919634866626e-10,5.031294530953522e-10
5492,1.6049012032534058e-10,4.139733769376623e-10
5493,7.934220177302548e-11,2.1021516297803402e-10
5494,3.536915008031045e-11,9.237685423340108e-11
5495,2.3426291539890557e-11,6.091022515134985e-11
5496,2.0221108863570248e-11,4.7544908129298683e-11
5497,1.8842119430664156e-11,2.978922825322429e-11
5498,2.2968586016977114e-11,2.3630047511866725e-11
5499,2.740615503911151e-11,2.4423194775686694e-11
5500,3.077968541607856e-11,2.6176799653160085e-11
5501,3.557610184562616e-11,2.0208261652193486e-11
5502,4.5486602867659096e-11,2.3130920248944526e-11
5503,4.8565026212816755e-11,2.3808833512484726e-11
5504,3.383869112841344e-11,1.699960901186676e-11
5505,1.8220984464606382e-11,4.842734873834264e-12
5506,1.2977287903058927e-11,3.067676767067796e-13
5507,1.2135134342843512e-11,6.375504690248943e-14
5508,1.0843638965804628e-11,3.4021855769954725e-13
5509,1.0831945990145172e-11,1.7559225012086869e-12
5510,1.2761280262155675e-11,2.0590106228984884e-12
5511,1.3870670784040519e-11,1.3155999190942149e-12
5512,1.2556997185108872e-11,1.7810765253135038e-12
5513,1.2129778890060356e-11,4.119008931906708e-12
5514,1.3703166392045889e-11,5.0473228263167225e-12
5515,1.700018139426196e-11,3.017964223213296e-12
5516,2.11175804002179e-11,1.6844145763620655e-12
5517,2.0098064248928358e-11,7.68352321269793e-13
5518,1.8705547815806718e-11,1.586964660746001e-13
5519,2.311496702096785e-11,4.660335939096187e-14
5520,2.35501331840549e-11,4.936431661148962e-14
5521,1.3717930038284416e-11,3.2388645816115524e-13
5522,1.0692383312190461e-11,1.1841200719088746e-12
5523,8.975101662375768e-12,8.135094419181069e-13
5524,8.901460401901768e-12,1.2568592891683453e-13
5525,8.811046973641428e-12,2.3396786044815667e-13
5526,7.739869207619543e-12,1.2118591744475229e-12
5527,7.544940585382306e-12,2.408728861363914e-12
5528,1.0402628753182288e-11,4.5423535767429494e-13
5529,3.989224456274723e-11,7.005794325383448e-14
5530,8.787668786838217e-11,2.1822421651982836e-13
5531,6.727352360217252e-11,4.999526234951124e-13
5532,4.3617899904622556e-11,1.8064691923414235e-12
5533,6.074163924075565e-11,5.641781222071182e-12
5534,7.971617694421816e-11,8.146939549772023e-12
5535,5.2509128502219286e-11,2.9705072620697527e-12
5536,2.0470854762757864e-11,3.6926737570022767e-13
5537,1.1239964072557091e-11,4.5706577999197204e-14
5538,1.3346359575230307e-11,3.477117123367342e-15
5539,3.402169091353337e-11,3.3778070951411883e-16
5540,4.8000731958465567e-11,2.0317907316825027e-15
5541,5.682538552535703e-11,3.741615473612924e-15
5542,7.794093433324938e-11,2.988311566668721e-14
5543,1.1222578382841431e-10,1.4233538089165774e-13
5544,1.068341013237041e-10,1.0268303282097578e-13
5545,9.21181118995118e-11,7.795836067906494e-14
5546,1.1299698482558564e-10,2.747897379050002e-13
5547,2.529204178717128e-10,2.4162734225992954e-12
5548,4.1625111752020456e-10,6.710353252856206e-12
5549,3.7543690961635155e-10,5.618739426156968e-12
5550,3.0478440092805887e-10,4.679370571970097e-12
5551,3.5153685191980244e-10,6.074089900346242e-12
5552,5.647926500354085e-10,1.4627484487381596e-11
5553,6.028350943739759e-10,1.6457780429346535e-11
5554,4.2063447502910864e-10,9.791395954138645e-12
5555,3.118302653624137e-10,6.2716488365633775e-12
5556,3.3219203778024796e-10,5.123440761458047e-12
5557,3.3153395195001885e-10,3.64247632020822e-12
5558,1.577310375903793e-10,4.590832043831621e-13
5559,4.966623737631022e-11,1.1956671508593276e-14
5560,3.238030290208703e-11,2.225945441811559e-15
5561,4.803655488672843e-11,4.094426387848199e-15
5562,4.254569709828783e-11,3.619478378568948e-15
5563,1.1581171879999873e-11,1.1304142566360878e-13
5564,1.1283264811290456e-11,9.500527139216722e-13
5565,2.2572331619722643e-11,9.353643327148852e-13
5566,7.649868929266303e-11,6.707361423595926e-13
5567,7.380985169834986e-11,1.841414076893636e-13
5568,3.2158670920505633e-11,6.425289314872988e-15
5569,2.546492375205205e-11,6.156076746817874e-16
5570,6.076895526139734e-11,1.1342984474791836e-14
5571,1.19137518545799e-10,1.8992380425938535e-13
5572,1.3207299022187137e-10,3.206538007165666e-13
5573,1.3810739654772054e-10,4.667317955727875e-13
5574,1.7393638388712392e-10,8.49196561303134e-13
5575,2.298113989228696e-10,1.5839249112243435e-12
5576,1.990625964293347e-10,1.057781393960549e-12
5577,1.6982336622959414e-10,7.209819839328541e-13
5578,2.3246894770176154e-10,1.6967030346735008e-12
5579,3.858047150934714e-10,5.386798398609002e-12
5580,4.193597265557981e-10,6.531390764942109e-12
5581,2.771096324236018e-10,2.677154198197422e-12
5582,1.8582266135345124e-10,1.0069993023560485e-12
5583,1.8205392517709657e-10,9.295977426337312e-13
5584,1.9295564890751556e-10,1.075767921205915e-12
5585,1.6164217497787852e-10,7.050985432516026e-13
5586,1.0767337522415915e-10,2.0503853698270997e-13
5587,1.1428824361403072e-10,2.6624799597317316e-13
5588,1.1463750779998985e-10,2.7557528205684423e-13
5589,8.468256866998331e-11,1.7046123054618034e-13
5590,3.9638819898704977e-11,6.324682088839891e-14
5591,3.308478838403093e-11,1.1178233049678552e-14
5592,4.701908436962954e-11,3.125204309978172e-15
5593,4.591094763798309e-11,2.123580048617756e-15
5594,2.6200843479084864e-11,1.6356395374387792e-15
5595,1.9920737430650114e-11,2.4538639521905106e-14
5596,2.5649006778706366e-11,1.6105093473654312e-13
5597,2.5428907177530006e-11,7.496138079962063e-13
5598,1.7048976138115144e-11,3.524011443069435e-12
5599,1.5363819006909162e-11,1.4213325739959427e-11
5600,1.2985734571215911e-11,1.9131151846443618e-11
5601,8.716649482799359e-12,1.0439737491835288e-11
5602,8.0621983720028e-12,6.64518693360405e-12
5603,1.1287278583328693e-11,7.183433446492901e-12
5604,1.3451721173839392e-11,4.564793979699019e-12
5605,1.384077309543601e-11,6.820081930234216e-13
5606,2.319619632313083e-11,1.6875467571454593e-14
5607,4.4582182664670017e-11,4.69526056159622e-15
5608,7.521250436962182e-11,6.004781124233536e-14
5609,1.355689180254268e-10,5.617936239514539e-13
5610,3.1796197869494917e-10,5.84226573908044e-12
5611,5.081538710453508e-10,1.7461794383624146e-11
5612,6.120844140742546e-10,2.8175093703230633e-11
5613,6.195796170273255e-10,3.209003169388323e-11
5614,5.776089545992283e-10,2.8049504939821956e-11
5615,4.5258452202803436e-10,1.6814116552876512e-11
5616,2.4385019846348425e-10,4.748296348898118e-12
5617,1.0984893134690899e-10,7.547775602053198e-13
5618,5.231630876577978e-11,3.7235562394986977e-14
5619,3.4205055085739215e-11,6.627444234614347e-16
5620,1.9044907332533316e-11,4.140600679621232e-16
5621,1.1970693204789563e-11,2.8430251969594485e-15
5622,1.0642852505381594e-11,8.102960899955248e-15
5623,2.1708226123395626e-11,8.646716723447752e-17
5624,5.609932714558162e-11,3.826956234502129e-15
5625,8.421764063343206e-11,3.866437386945e-14
5626,9.300659632948953e-11,7.632917376006872e-14
5627,8.78597001429969e-11,7.055107026681942e-14
5628,8.448366425724297e-11,6.771063984207118e-14
5629,5.299312061346848e-11,2.704348423775474e-14
5630,1.569586060468422e-11,2.232247981677236e-13
5631,1.0068830569510143e-11,2.646529410661209e-12
5632,8.569868510329975e-12,8.052991334399204e-12
5633,7.555328329672433e-12,1.0972530979454153e-11
5634,9.237868483064323e-12,1.527422372118789e-11
5635,1.509983248643517e-11,2.600785975586803e-11
5636,1.8311862867331463e-11,2.6980041230139358e-11
5637,1.535298856994269e-11,1.2063170692376202e-11
5638,1.364538580413474e-11,1.7923345125405695e-12
5639,2.119857498235517e-11,2.227367485982968e-13
5640,5.352434646937907e-11,1.4558683995406285e-13
5641,1.0373135979512854e-10,3.550193535474385e-13
5642,1.8478900126380884e-10,1.2874881938719364e-12
5643,2.7740190590077136e-10,3.3165876393111333e-12
5644,3.4941797496773406e-10,5.907434162755425e-12
5645,4.435247536889793e-10,1.1398249476097332e-11
5646,5.108423550498727e-10,1.644031720934287e-11
5647,5.305960980122726e-10,1.9768554093110205e-11
5648,4.331636703064983e-10,1.3850190178955636e-11
5649,3.5706678847614726e-10,8.643401200915754e-12
5650,3.4805726654789466e-10,6.597532835002553e-12
5651,3.3449863930668867e-10,5.20802040221757e-12
5652,3.219698412566849e-10,4.9354011589269485e-12
5653,2.9152683241083275e-10,4.1010230519129044e-12
5654,2.856745513469795e-10,5.13321156495313e-12
5655,2.804734631145209e-10,9.497466623418754e-12
5656,2.3410346279266417e-10,1.214728997077344e-11
5657,2.0563582483762167e-10,8.699696954908688e-12
5658,2.420281252077947e-10,5.135161789095213e-12
5659,2.9584465085885286e-10,4.9067031910897566e-12
5660,2.920569909753652e-10,5.167573147915728e-12
5661,2.2660158186870965e-10,4.139146120928532e-12
5662,2.1084794567322818e-10,4.277315761464783e-12
5663,2.2770780035045084e-10,4.148087383223074e-12
5664,2.116461783545875e-10,2.397160341465192e-12
5665,1.22027177828789e-10,5.91987051078059e-13
5666,6.04395920929644e-11,1.0303907332019906e-12
5667,5.587289317052458e-11,5.8170459472051544e-12
5668,7.33711424278567e-11,1.3861671483921751e-11
5669,6.046852320340655e-11,1.3012941957876946e-11
5670,2.835592556118618e-11,4.890157373166631e-12
5671,1.4801779747168155e-11,1.0916481894040182e-12
5672,1.5400874060276558e-11,2.483764742477358e-13
5673,3.5982837510027834e-11,1.5795171582312435e-13
5674,8.259102673183941e-11,3.4730415703193374e-13
5675,1.0224345594668896e-10,3.0462540262836655e-13
5676,1.1120123312564546e-10,1.6911350518562694e-13
5677,1.4560903934828013e-10,4.455633113431248e-13
5678,1.641510953410609e-10,8.457430956296043e-13
5679,1.4231929186847385e-10,7.975239204673307e-13
5680,1.1123043839552579e-10,5.327839853741406e-13
5681,1.1282693844959073e-10,7.200654116036114e-13
5682,1.4001819749242314e-10,1.6609528722978014e-12
5683,1.5295361676595916e-10,2.593168856894422e-12
5684,1.1459802475774165e-10,1.794494374356046e-12
5685,8.321258215087232e-11,6.578113211569763e-13
5686,1.0389413002800387e-10,3.032312056997141e-13
5687,1.4370927121448459e-10,5.078084625716957e-13
5688,1.4456834808842587e-10,5.256997028331693e-13
5689,1.0077043704340602e-10,2.4004748633832826e-13
5690,7.367406840240897e-11,1.539266623429332e-13
5691,8.34740696120888e-11,2.8317331036743815e-13
5692,1.1089850596411666e-10,6.545482967080504e-13
5693,1.367720298620308e-10,1.5185429674540966e-12
5694,1.4346759207469162e-10,2.4878050129301614e-12
5695,1.8256515574090048e-10,5.0249545786199634e-12
5696,2.36186006260464e-10,8.661669658431342e-12
5697,2.2595267855986917e-10,7.87491181899117e-12
5698,1.6320541575908136e-10,4.01144616889524e-12
5699,1.1518658602970254e-10,2.061174499317601e-12
5700,8.474735652103557e-11,1.0657091432012846e-12
5701,7.333727472025691e-11,1.0445324910318599e-12
5702,6.012333354688329e-11,1.289952569249945e-12
5703,5.813323297343612e-11,2.3857477281304153e-12
5704,7.593001841183299e-11,6.651715140704924e-12
5705,1.2419090384771095e-10,2.2692150934639454e-11
5706,1.9748222998527836e-10,6.109893228808697e-11
5707,2.825079976882809e-10,1.1277261253160977e-10
5708,3.4920802960233953e-10,1.4400061965234487e-10
5709,3.7971047192085535e-10,1.3656939653371848e-10
5710,3.680194970756969e-10,1.172671782782246e-10
5711,3.496144349058496e-10,1.0750779793494203e-10
5712,3.655324549272366e-10,1.142747484213185e-10
5713,4.4824146490299964e-10,1.3732697385242297e-10
5714,5.354977337061974e-10,1.577351685542037e-10
5715,4.87750810211824e-10,1.3032137962818484e-10
5716,4.121430726349922e-10,9.639427892395147e-11
5717,3.945684178391528e-10,7.89763729067746e-11
5718,4.2475341594446833e-10,7.564272208446383e-11
5719,4.0216966851243333e-10,7.525647003619039e-11
5720,3.0014038418490757e-10,6.165346137302668e-11
5721,2.2565737455668908e-10,4.50168471392371e-11
5722,1.7591012962465095e-10,2.7269354714692924e-11
5723,1.530060320145895e-10,1.6654220664525974e-11
5724,1.2435647326274645e-10,1.2667724782222921e-11
5725,1.517377524589685e-10,2.2362865986962626e-11
5726,2.5258635684484174e-10,4.668236604030543e-11
5727,4.294205113018042e-10,7.768746888537178e-11
5728,4.967791648300678e-10,7.285721559548216e-11
5729,4.078121318944649e-10,4.219892649285306e-11
5730,3.321330903994302e-10,2.366054220993415e-11
5731,4.298476861428785e-10,3.173850621575856e-11
5732,4.790686648719147e-10,3.261060570622381e-11
5733,3.593939924457953e-10,2.2159108232510062e-11
5734,1.9785419229191197e-10,9.759854103332725e-12
5735,1.8313430985683242e-10,9.827623257578297e-12
5736,2.650630518615271e-10,1.9445766089142256e-11
5737,3.1780157071551246e-10,3.0226845305699565e-11
5738,2.937327338599876e-10,3.6561091267515216e-11
5739,3.0827351076409536e-10,5.1253207700794834e-11
5740,4.609199772168422e-10,9.987530372969135e-11
5741,7.5914137614538e-10,2.0354785073544998e-10
5742,9.626813622357845e-10,3.0814746256620256e-10
5743,9.426394215863782e-10,3.271585984181692e-10
5744,8.784465755404014e-10,2.7778350994315425e-10
5745,8.409553030300122e-10,2.159923675340384e-10
5746,8.481962313155054e-10,1.9072130580063022e-10
5747,8.627213783271503e-10,1.9792405935824375e-10
5748,9.731151269485705e-10,2.5759144735743917e-10
5749,1.190985884801137e-09,3.724075680695431e-10
5750,1.2369035676824446e-09,4.0944777634196756e-10
5751,9.841293040483683e-10,3.1144818636373724e-10
5752,7.809594173670005e-10,2.2699379656583042e-10
5753,8.237484237997489e-10,2.3353313902237674e-10
5754,9.80573077789108e-10,2.7857063921659e-10
5755,1.120051833497472e-09,3.207930034914147e-10
5756,1.0679614338090992e-09,2.829236801649431e-10
5757,9.183539763914255e-10,1.875747456472484e-10
5758,9.707253845743989e-10,1.5990151329162193e-10
5759,1.1991786160190478e-09,2.0449036308068391e-10
5760,1.6315901176723967e-09,3.270993671387299e-10
5761,1.9534299872682117e-09,4.202076796594745e-10
5762,1.973330597388104e-09,4.158086613661406e-10
5763,1.6357987552443614e-09,3.065908475060467e-10
5764,1.2372976649610513e-09,1.8653414683360357e-10
5765,1.1540569084362462e-09,1.6223505611887166e-10
5766,1.1407767882363933e-09,1.578510087139859e-10
5767,1.1408056357505918e-09,1.7255691467526417e-10
5768,1.011565246676499e-09,1.5905746223573157e-10
5769,8.578234377244981e-10,1.2007774407952073e-10
5770,7.637345244849765e-10,8.331458576787264e-11
5771,7.487397458164275e-10,6.831349613511819e-11
5772,6.940320928015581e-10,5.452313675782723e-11
5773,6.274060252538192e-10,4.602039617542748e-11
5774,5.580862553906888e-10,4.14246001714505e-11
5775,4.888350090656251e-10,4.193691189516326e-11
5776,4.582700699862457e-10,4.4160177141438163e-11
5777,4.308237697196704e-10,3.983460759562791e-11
5778,4.2742613907942264e-10,3.362750706342415e-11
5779,4.658331138000042e-10,3.364220485677217e-11
5780,5.315868256138426e-10,3.814927519734395e-11
5781,6.448095193682045e-10,5.143936260234104e-11
5782,8.027537657630128e-10,7.543056577747391e-11
5783,8.758285124011958e-10,8.961509034867893e-11
5784,7.420222371110091e-10,7.416317244352489e-11
5785,5.480351143485923e-10,5.620610129707086e-11
5786,5.445164854647218e-10,7.026540486348246e-11
5787,7.296922100282508e-10,1.1793818133378373e-10
5788,1.0067749971129324e-09,1.9952608614497225e-10
5789,1.0262236995803594e-09,2.260724116384876e-10
5790,9.110283612051062e-10,1.9857730086044244e-10
5791,8.782041688069887e-10,1.576240016071072e-10
5792,9.585088552495256e-10,1.3220980459722406e-10
5793,9.82647607908919e-10,1.1845477854981966e-10
5794,8.681294055406479e-10,9.770709219249997e-11
5795,7.993539423171695e-10,8.135781325253685e-11
5796,7.701343291287069e-10,6.902710326447008e-11
5797,7.435965809889326e-10,6.492572831890332e-11
5798,6.409702752154427e-10,5.2721340487073346e-11
5799,5.595259299718979e-10,4.220448788215759e-11
5800,5.774615779992567e-10,4.6756993648343645e-11
5801,6.174122771243474e-10,5.534728537095223e-11
5802,5.718426853350755e-10,5.2114615865275456e-11
5803,5.547669639303972e-10,5.7580086819397283e-11
5804,6.305290923082376e-10,7.254820881329516e-11
5805,8.369626512003844e-10,1.0803894569021094e-10
5806,9.473555657944105e-10,1.271741882615912e-10
5807,7.368176868003465e-10,8.853839494720032e-11
5808,5.59726214360655e-10,6.145526788430434e-11
5809,4.875893810532281e-10,4.623193863261722e-11
5810,4.858948265676785e-10,4.136803174321893e-11
5811,4.0882039095644353e-10,3.149062960413854e-11
5812,2.834805150068807e-10,1.7986310130379694e-11
5813,2.343928369683767e-10,1.1852278098928226e-11
5814,2.87692041508593e-10,1.4503014416383561e-11
5815,3.9291195857235816e-10,2.3801662044863754e-11
5816,4.4175071394600717e-10,2.961454191818183e-11
5817,3.813981046862458e-10,2.3152215957474304e-11
5818,3.6146954695509776e-10,2.1778577293325064e-11
5819,4.020770783450775e-10,2.6655563477819468e-11
5820,4.1457982104166214e-10,2.8574767278895317e-11
5821,3.375457484359973e-10,2.278198682451023e-11
5822,2.2994687769548464e-10,1.4410869737282379e-11
5823,2.033292945618287e-10,1.3304080311388141e-11
5824,2.714437401935103e-10,2.106854612308776e-11
5825,3.9887292502199457e-10,3.8767150631693233e-11
5826,4.6443456132808874e-10,4.8683341485998346e-11
5827,3.49136713725266e-10,2.8013376219803624e-11
5828,2.77461556009174e-10,1.8289947804677943e-11
5829,2.74500832407696e-10,1.6803950454672553e-11
5830,3.30619990429172e-10,2.2713520683302753e-11
5831,3.2234900888637435e-10,2.8229297775584376e-11
5832,2.8545331106939434e-10,3.548955371641845e-11
5833,2.5321633112467976e-10,3.94348228385907e-11
5834,2.50597661055539e-10,4.258808772469781e-11
5835,2.358014359443363e-10,4.171228085151895e-11
5836,2.1502983433758086e-10,4.27895551940966e-11
5837,2.4133231331807335e-10,5.609276246206136e-11
5838,3.1517512744005505e-10,7.646925453745594e-11
5839,4.541250564540912e-10,1.0257821442101719e-10
5840,5.286854658087123e-10,1.0454815282143742e-10
5841,5.155236418585825e-10,8.669166552958481e-11
5842,5.304580650638492e-10,8.09139542654183e-11
5843,6.221597665815251e-10,9.68392033119209e-11
5844,7.085054713865757e-10,1.1423570789211874e-10
5845,6.64588881052524e-10,1.0383967446488765e-10
5846,5.977171326473088e-10,9.077200520902482e-11
5847,5.787991991939577e-10,7.963891257939692e-11
5848,6.129258005114079e-10,7.909718460446233e-11
5849,5.250309987785688e-10,5.7885775649349554e-11
5850,4.0685113957086413e-10,3.779690124418596e-11
5851,2.942036624651441e-10,1.903941558139135e-11
5852,2.442269270824337e-10,1.0618590625796486e-11
5853,1.9585892629234313e-10,5.556044208842718e-12
5854,1.683370766539557e-10,4.051754739558576e-12
5855,1.7804046833174365e-10,5.077057728445909e-12
5856,2.331826325876278e-10,9.621966433981755e-12
5857,3.361259173933141e-10,2.106262204446855e-11
5858,4.2173279551014766e-10,3.333279368493956e-11
5859,4.8734680376269e-10,4.27253404916911e-11
5860,5.858474017981235e-10,5.331247673492147e-11
5861,6.102859486328327e-10,4.940554469933758e-11
5862,5.134568259083013e-10,3.392053273414294e-11
5863,3.5287144194213224e-10,1.756417363766557e-11
5864,2.439153513468982e-10,8.883545703686246e-12
5865,1.9442830097493096e-10,7.704515519737157e-12
5866,1.5165848047376648e-10,8.34063661997096e-12
5867,1.406885418518343e-10,1.2537451000094394e-11
5868,1.6511171119797162e-10,1.8994577524861446e-11
5869,2.283071769257056e-10,3.1626029683865665e-11
5870,3.2591288573657553e-10,5.5465051577139297e-11
5871,4.267235911962711e-10,8.899431224778794e-11
5872,5.23865516698423e-10,1.1790039642662145e-10
5873,6.931865543609767e-10,1.579327515498083e-10
5874,8.179638103497037e-10,1.7853753032179802e-10
5875,7.344053661212071e-10,1.500063839356799e-10
5876,5.626238660629264e-10,1.067756799518253e-10
5877,4.828347127784071e-10,7.87909464426664e-11
5878,4.0575919287607087e-10,4.9344952401504244e-11
5879,3.26118231983125e-10,3.1420702550666914e-11
5880,2.4900792853183174e-10,2.0353569028216693e-11
5881,2.514049168784434e-10,2.0131382700074546e-11
5882,2.9798452068014545e-10,2.3171684005135033e-11
5883,2.5778541429181955e-10,1.4812062169162778e-11
5884,1.607524792831289e-10,5.576500839474838e-12
5885,1.3965592554147355e-10,4.789376627796286e-12
5886,2.429238872103337e-10,1.5483909372898118e-11
5887,4.5568063831003447e-10,5.115780693537149e-11
5888,5.256652724405532e-10,7.932619424045521e-11
5889,4.2421862430212766e-10,6.566211767275858e-11
5890,4.4726847952278777e-10,5.7141791347581864e-11
5891,6.7670738023395e-10,7.56367787725245e-11
5892,7.606860313358489e-10,7.187619623627042e-11
5893,5.453835409822808e-10,4.6379492560430727e-11
5894,3.717984049061325e-10,3.202119177898192e-11
5895,3.7207423989348535e-10,3.5928350526905226e-11
5896,3.360004824512097e-10,3.627886919746825e-11
5897,2.353636245793889e-10,3.0701702218584734e-11
5898,2.1404084247853585e-10,3.7358948551409473e-11
5899,3.2690732306438205e-10,7.083756505700096e-11
5900,5.618495648323346e-10,1.389904903977862e-10
5901,6.772433110412582e-10,1.8761611454286813e-10
5902,5.364569369940842e-10,1.6086111816778062e-10
5903,4.817148140124318e-10,1.514676746229617e-10
5904,5.718340327392335e-10,1.7640152485648698e-10
5905,6.890592076388081e-10,2.3201137336586555e-10
5906,7.156498343436658e-10,3.1458940197487775e-10
5907,7.501365895991086e-10,4.222070093653961e-10
5908,8.022689391999587e-10,4.5897382814196165e-10
5909,7.497746160421584e-10,3.7609317684196974e-10
5910,5.188937424404532e-10,2.1100813666888729e-10
5911,2.716275350431258e-10,8.394066503397144e-11
5912,1.9347557007120498e-10,4.275510880492748e-11
5913,1.9722838854055297e-10,3.067627727820659e-11
5914,1.9856067995936663e-10,2.5146459239261233e-11
5915,1.8006677195566258e-10,2.6185018232454983e-11
5916,2.1736748320933994e-10,3.450363623462146e-11
5917,4.3201986199677535e-10,7.017053099555066e-11
5918,8.407181036483976e-10,1.3843027520717304e-10
5919,8.485984937591082e-10,1.3361601348682548e-10
5920,6.493757041480542e-10,9.421528833573721e-11
5921,6.988931813947702e-10,8.673550540610908e-11
5922,1.0425734754118186e-09,1.0744313460812272e-10
5923,1.2231181954301715e-09,1.1556019600015994e-10
5924,8.303144736132104e-10,7.328804265982461e-11
5925,6.050836690971032e-10,5.6541838800743126e-11
5926,6.354685556666859e-10,5.822521604619396e-11
5927,6.786521826002972e-10,6.478322084010389e-11
5928,4.256677746193612e-10,4.9066678311520154e-11
5929,2.7147269036409976e-10,4.8192353976665544e-11
5930,2.8693651077827905e-10,7.119522810365861e-11
5931,3.7019842901643294e-10,9.62389418978565e-11
5932,3.645867750013049e-10,1.0423953442046848e-10
5933,3.057557038003187e-10,1.1842264952609823e-10
5934,3.770575564332291e-10,1.858151440530543e-10
5935,7.105438330277091e-10,3.509752377249916e-10
5936,1.2772527642976076e-09,5.952220496697875e-10
5937,1.362963655208576e-09,6.135659909406265e-10
5938,1.0422811297409604e-09,4.438008959715282e-10
5939,8.738429985233661e-10,2.98810699701167e-10
5940,1.1514476979286205e-09,3.1463940145009665e-10
5941,1.3858241407254373e-09,3.7149588038652383e-10
5942,1.3786059420727138e-09,4.4364200597186496e-10
5943,1.2497795154012697e-09,4.475934441264357e-10
5944,1.4342101620170442e-09,4.2465714477974513e-10
5945,1.7848738962964351e-09,3.6645629672170193e-10
5946,1.9101626742941887e-09,3.117139489894575e-10
5947,1.6185934544230464e-09,2.344848211453623e-10
5948,1.7695389092110965e-09,2.358459240591699e-10
5949,2.4733775293164795e-09,2.8962005319798664e-10
5950,2.7682536010538973e-09,2.8725672834784384e-10
5951,1.908376547548454e-09,1.575547384992067e-10
5952,1.0303059881706759e-09,5.840306769837527e-11
5953,7.372918028476926e-10,3.1502374896059136e-11
5954,6.812644920440456e-10,2.630899939309792e-11
5955,5.22939009767632e-10,1.7225504871405586e-11
5956,2.744131144645231e-10,5.112075287351831e-12
5957,2.0457354300202588e-10,2.9363409877674574e-12
5958,2.6491815681062464e-10,4.382940824945137e-12
5959,2.874730901114334e-10,6.1294733563688065e-12
5960,1.6135763144624296e-10,7.587572916317712e-12
5961,6.396483514934976e-11,1.0679822482377474e-11
5962,5.352487069961832e-11,1.3474100706876353e-11
5963,8.977414935134862e-11,1.9751047763924124e-11
5964,1.6915040787393456e-10,3.915035914033032e-11
5965,2.450136135040484e-10,8.338383011503761e-11
5966,3.181521871122832e-10,1.2621321744691631e-10
5967,3.5639850974507846e-10,1.012953335085075e-10
5968,3.6497823352873196e-10,4.986748417957437e-11
5969,2.9570488535059737e-10,1.777861385736943e-11
5970,2.037779937216812e-10,8.11578213988806e-12
5971,2.334595303447591e-10,1.262102635585092e-11
5972,3.5999347690090844e-10,2.8883356794130013e-11
5973,4.384173669638741e-10,4.437130226138401e-11
5974,3.246262114059993e-10,3.2029120439554027e-11
5975,2.1352093040114148e-10,1.1518559545578393e-11
5976,1.8372844552701974e-10,3.2248482395821353e-12
5977,2.0141870592294053e-10,2.4974704345394686e-12
5978,1.6797242062311584e-10,2.653943682892996e-12
5979,1.1909937683575675e-10,4.750114383321235e-12
5980,8.549215829286002e-11,9.043335462910372e-12
5981,6.358937001609481e-11,8.117657248076262e-12
5982,3.991458330990555e-11,4.727689885854569e-12
5983,2.4631366314220246e-11,3.147512458566506e-12
5984,2.0381644330965643e-11,3.1195691359766788e-12
5985,1.9244048723446393e-11,5.282689348061908e-12
5986,1.787219071698258e-11,8.383392187884258e-12
5987,1.5797279956546302e-11,1.446025459430569e-11
5988,1.5017670249087127e-11,2.1039315911940402e-11
5989,1.4384408917530846e-11,1.868497168309726e-11
5990,1.5018676547863554e-11,1.961173636354489e-11
5991,1.7233145777189517e-11,2.7862268838702445e-11
5992,2.0197005643145523e-11,4.0737304636433107e-11
5993,2.335548545189946e-11,4.9620316037489525e-11
5994,2.586411559185552e-11,4.3959633599632956e-11
5995,3.4114234118872885e-11,4.3333945889566144e-11
5996,4.3453309928009476e-11,4.1146040318415225e-11
5997,5.870789884096567e-11,3.9488408611187246e-11
5998,7.238178093236829e-11,3.194528565573713e-11
5999,9.367735861633753e-11,2.4527441726290108e-11
6000,1.22608355217086e-10,2.474165619722131e-11
