idx,dmg_UW,dmg_DW
0,6.359492903370853e-10,9.063057425289367e-11
1,6.487053560366093e-10,9.938346939896908e-11
2,6.588576506422606e-10,1.0150445187610737e-10
3,7.083333375077335e-10,1.0526810790419608e-10
4,6.916232009375696e-10,9.613569733096054e-11
5,5.091236967279621e-10,6.176799109088751e-11
6,3.511017689039279e-10,3.853759118571422e-11
7,3.018197411854257e-10,3.160411383274721e-11
8,3.029216861926785e-10,2.994085232970809e-11
9,2.812471752015787e-10,2.5224482846127967e-11
10,2.418336645144285e-10,1.915852482176846e-11
11,2.4083543445885234e-10,1.808958187140676e-11
12,3.2175642140562963e-10,2.738637197299051e-11
13,4.456484243372008e-10,4.3937539620577346e-11
14,4.953731476846033e-10,5.170363843105228e-11
15,4.751488730411889e-10,4.9722338765199746e-11
16,4.961175915131063e-10,5.5180241647173517e-11
17,5.318002827632304e-10,6.288100540560134e-11
18,4.628087943772531e-10,5.277219078745567e-11
19,3.109577420879082e-10,3.023764362322934e-11
20,2.268109137095108e-10,2.0789791105938952e-11
21,2.354342845406836e-10,2.5628596044300382e-11
22,3.0562797142247123e-10,4.4650052410963084e-11
23,3.6475099242655725e-10,7.061608439795866e-11
24,3.9885403432421764e-10,9.448987441667917e-11
25,4.3985384028696465e-10,1.0813520381967156e-10
26,5.292492304259363e-10,1.190068783507146e-10
27,6.034911868579136e-10,1.211530998446759e-10
28,5.851385504459814e-10,1.0883655951307536e-10
29,5.626461270068103e-10,1.0121799595726322e-10
30,5.986839449689798e-10,1.0404258407453943e-10
31,6.194283417230154e-10,9.904870495727869e-11
32,5.697433682096309e-10,8.17765455971847e-11
33,5.05668933354354e-10,6.389590648003232e-11
34,5.440908915850665e-10,6.684372378842148e-11
35,6.547573461429391e-10,8.684875679573876e-11
36,6.96896473401205e-10,1.0032367359624526e-10
37,6.634160454298952e-10,1.0316864236321088e-10
38,6.642971288785047e-10,1.1057667582848592e-10
39,7.710408437892909e-10,1.3565440191762776e-10
40,8.327309124324271e-10,1.481748258234344e-10
41,8.315006696940605e-10,1.5219308368128673e-10
42,7.558949609015826e-10,1.3530380506307858e-10
43,7.806600519229049e-10,1.4044518346977625e-10
44,8.792896047454929e-10,1.6216698263308457e-10
45,9.134573474644217e-10,1.6519108777332122e-10
46,8.694691282267962e-10,1.507250026600686e-10
47,8.656795091667755e-10,1.4834889683903454e-10
48,9.150918472818446e-10,1.5673958216913677e-10
49,9.264393201153016e-10,1.5707288285616396e-10
50,7.797176695309966e-10,1.2376003648451842e-10
51,6.337683883602663e-10,9.39200916065122e-11
52,6.226394804443903e-10,9.015794897012409e-11
53,7.046106429853301e-10,1.0201513753723771e-10
54,7.493471663027274e-10,1.0802527391717045e-10
55,6.73540727861377e-10,9.31506770044003e-11
56,6.03658677526528e-10,7.974274545424728e-11
57,6.494165169654293e-10,8.527349467230055e-11
58,6.633056547161896e-10,8.081892366901178e-11
59,5.517496536862648e-10,5.939636589797952e-11
60,4.2682930434102193e-10,4.149384283631071e-11
61,3.964963732056056e-10,4.080180294451247e-11
62,4.5958925241981357e-10,5.944418296732677e-11
63,4.845855803132838e-10,7.367252081742754e-11
64,4.537306396480704e-10,7.375500744642778e-11
65,4.457715586386675e-10,7.245474193445491e-11
66,5.248358580750388e-10,8.470480481296193e-11
67,6.175242839830718e-10,1.0174113758942747e-10
68,5.79128775641659e-10,9.608383848169714e-11
69,4.782974158852629e-10,7.587391975518953e-11
70,4.379322774605562e-10,6.247279736944112e-11
71,4.663412693950698e-10,5.898232818936525e-11
72,5.038616148255095e-10,6.131291616480644e-11
73,4.728876370234353e-10,5.600718299426206e-11
74,4.517149876970739e-10,5.448452775901482e-11
75,4.764118316322512e-10,5.918781086900459e-11
76,5.386481425065879e-10,7.012943525392648e-11
77,5.256965346549808e-10,6.465274421312519e-11
78,5.036509571778584e-10,5.99875254452586e-11
79,5.739502260955225e-10,7.563980036126653e-11
80,7.468411136020331e-10,1.1602692471090535e-10
81,9.667777503555112e-10,1.8056082538534183e-10
82,1.0526345502622166e-09,2.231704700133568e-10
83,1.104848812319561e-09,2.5430206081857237e-10
84,1.253046885400227e-09,3.014465401204463e-10
85,1.4368984636716056e-09,3.4666382757691307e-10
86,1.497456102100015e-09,3.5030246201132794e-10
87,1.3856131829808562e-09,3.0485492992209626e-10
88,1.326002886814121e-09,2.8106555646283287e-10
89,1.2991245638111141e-09,2.6392205419356245e-10
90,1.1383085778460306e-09,2.1767236588529703e-10
91,9.15981918176731e-10,1.6429765496624993e-10
92,6.75441326370235e-10,1.0142078040766424e-10
93,5.545216242638804e-10,6.913735383833686e-11
94,4.919488249624917e-10,5.3418368477070346e-11
95,4.3053986908950264e-10,4.0554302173019585e-11
96,3.84385504365752e-10,3.166225046422815e-11
97,4.0443553461186454e-10,3.351942938840353e-11
98,4.416968636635079e-10,3.747696572800977e-11
99,4.543502410146962e-10,3.937224159158799e-11
100,4.4114054414978746e-10,4.02212028265719e-11
101,4.582296974756992e-10,4.8375154048543294e-11
102,5.130308607227245e-10,6.758055922057218e-11
103,5.7855892150205e-10,9.403087546792124e-11
104,5.564437545224741e-10,9.80743963793821e-11
105,5.172358081491871e-10,9.356643893192079e-11
106,4.884071855651314e-10,8.596521314774923e-11
107,4.859758783216556e-10,8.4161723402669e-11
108,4.838764892725421e-10,8.541617760702619e-11
109,4.465814736272153e-10,7.572671689914867e-11
110,3.9818248847874304e-10,5.98129789136187e-11
111,3.9477374570494256e-10,5.4023519365692426e-11
112,4.1499488567504677e-10,5.4314309112848306e-11
113,4.4428466419558354e-10,5.882246025308097e-11
114,4.5056009553871864e-10,6.226604059598553e-11
115,4.5237427202903016e-10,6.546634578580392e-11
116,5.008627673289827e-10,7.759158421400849e-11
117,6.324833411234143e-10,1.1100472793403228e-10
118,8.198535386855942e-10,1.6573454083442415e-10
119,1.0509328653730085e-09,2.4936337730634813e-10
120,1.2391413713681985e-09,3.2731855923304523e-10
121,1.3680405681720043e-09,3.784902628392719e-10
122,1.4184699689727116e-09,3.88129280166997e-10
123,1.3369609969102875e-09,3.478302888718257e-10
124,1.1880879141115961e-09,2.8905092146661047e-10
125,1.073788779074897e-09,2.4821402179506877e-10
126,1.0039302741110366e-09,2.2451499106281723e-10
127,1.0526852178383924e-09,2.403576767217286e-10
128,1.0839452007238882e-09,2.4309719608470493e-10
129,1.072403743263911e-09,2.281509596844437e-10
130,1.0505495513228857e-09,2.106376808555317e-10
131,9.614542115052443e-10,1.7061771064841314e-10
132,8.235284355392191e-10,1.242260143023597e-10
133,7.146060614065812e-10,9.706647496671953e-11
134,6.541000646805335e-10,8.505881419206686e-11
135,6.337369583036614e-10,8.193250452996615e-11
136,5.68554575014229e-10,6.853228117310096e-11
137,4.711282684087087e-10,5.008626775345004e-11
138,4.2931431447312444e-10,4.3143409258508465e-11
139,5.152739178729374e-10,6.036340955373442e-11
140,7.244531981577192e-10,1.1071136351028055e-10
141,8.861108426480334e-10,1.6924530765018919e-10
142,9.104071262261565e-10,2.070606920103183e-10
143,8.713681984528323e-10,2.2213847550387092e-10
144,8.983156215101658e-10,2.407689723430721e-10
145,8.842046067113411e-10,2.344025495348027e-10
146,7.749113161833524e-10,2.008250030776916e-10
147,6.297156288222163e-10,1.581323566341949e-10
148,5.65619735268026e-10,1.334336486121419e-10
149,5.744577161816766e-10,1.2306356353299427e-10
150,6.011996346445456e-10,1.1839833985918444e-10
151,6.480721225100904e-10,1.2560373680086163e-10
152,7.087956208122175e-10,1.3800435683119086e-10
153,8.43053625778278e-10,1.731432222988582e-10
154,9.730067045014308e-10,2.148931084322493e-10
155,1.0012427427244184e-09,2.3341360115053186e-10
156,1.0901744854920513e-09,2.7689142874406166e-10
157,1.2650642495507136e-09,3.4473077222334555e-10
158,1.4747096765666607e-09,4.1869634015127297e-10
159,1.4800623479803451e-09,4.1620393894516914e-10
160,1.4458922386770482e-09,4.0389885162142544e-10
161,1.477418775556145e-09,3.9685073840220585e-10
162,1.6500412500461019e-09,4.3471914173386194e-10
163,1.6906768157451665e-09,4.345704395977707e-10
164,1.4508817819433491e-09,3.4894003578363306e-10
165,1.2413938188606737e-09,2.762659067338674e-10
166,1.2151795975529973e-09,2.5605968256346753e-10
167,1.2420786276787401e-09,2.5159566960507914e-10
168,1.1494432272566553e-09,2.2379821455432098e-10
169,1.021404360510713e-09,1.9084918859274578e-10
170,1.0348796560857617e-09,1.8901297409623215e-10
171,1.1814814508075963e-09,2.1464799580176532e-10
172,1.220885321300658e-09,2.1246278107114777e-10
173,1.0551240914581817e-09,1.6814130604478577e-10
174,9.257327613519475e-10,1.3890886854811162e-10
175,8.463379856620531e-10,1.1641200747854433e-10
176,7.145946879643473e-10,8.706845747463573e-11
177,5.356594302983058e-10,5.7596499447389755e-11
178,4.1973090190346453e-10,3.997179941754465e-11
179,4.534856335621514e-10,4.6084230221544846e-11
180,5.507396326535137e-10,6.39034440785311e-11
181,5.689524449454554e-10,7.079459166090219e-11
182,5.279819689406788e-10,6.938794045093069e-11
183,5.525089832248476e-10,7.980903435806511e-11
184,6.167113595675568e-10,9.321218841743134e-11
185,5.698275559990069e-10,8.200114602465843e-11
186,4.1434305935218825e-10,5.533940703495257e-11
187,3.1578494261138965e-10,4.085543812641081e-11
188,3.448768792886937e-10,5.00463570437155e-11
189,4.4599287027104454e-10,7.297809234235859e-11
190,4.748414386661089e-10,7.764850647617598e-11
191,4.2707485462849677e-10,6.319303228106351e-11
192,4.5162087072790993e-10,6.224668382440285e-11
193,6.21045140987561e-10,8.941970827621177e-11
194,8.307972538480775e-10,1.338170909379942e-10
195,8.737083207270808e-10,1.5479095627115278e-10
196,8.5489064159179e-10,1.637168699226521e-10
197,9.8257282769763e-10,2.0455588982288632e-10
198,1.1864893474886829e-09,2.585541950857589e-10
199,1.1245578342482006e-09,2.341862107675984e-10
200,9.108037036876255e-10,1.753970937348905e-10
201,8.200545726723223e-10,1.4528722633787475e-10
202,9.597446300963868e-10,1.6896590078046636e-10
203,9.847052171586011e-10,1.6337767919034356e-10
204,7.927780504571052e-10,1.2025165884361389e-10
205,6.123429798441517e-10,8.245819793309954e-11
206,6.332962571409442e-10,8.496862052580106e-11
207,7.665449160893392e-10,1.1015746402313815e-10
208,7.59389544096239e-10,1.0836095829331549e-10
209,6.584263037238199e-10,8.869346163187417e-11
210,6.8324505828657e-10,9.313887741096397e-11
211,8.312043863178529e-10,1.168521728700505e-10
212,9.027210536960568e-10,1.2635809281924102e-10
213,7.247257877774123e-10,9.013147389548382e-11
214,5.853775573913327e-10,6.607419472514158e-11
215,5.871905344095325e-10,6.612218901843588e-11
216,6.028966235376727e-10,6.814555499014947e-11
217,4.6243430441806636e-10,4.584639863480661e-11
218,3.07400123776408e-10,2.5429587532937418e-11
219,2.631438472957754e-10,2.111282293205145e-11
220,2.981121414279225e-10,2.7495145136636334e-11
221,3.168785063195193e-10,3.2516109610794866e-11
222,2.5483317672044496e-10,2.4871222403517813e-11
223,2.1381040856265522e-10,2.025272593898833e-11
224,2.388958461263258e-10,2.4360298408703567e-11
225,3.1500260529699255e-10,3.714980835967732e-11
226,3.66048499778027e-10,5.194853361471241e-11
227,3.685161350517149e-10,6.011598891585253e-11
228,3.6564665236853645e-10,5.756463839588275e-11
229,3.760549251890372e-10,5.0154174000412196e-11
230,3.703402227050804e-10,3.9729411134549474e-11
231,3.2861234266879293e-10,2.8167635903541244e-11
232,3.474648305516589e-10,3.1088370419893696e-11
233,4.5154229158794497e-10,5.0915525835966995e-11
234,5.900027192460455e-10,8.24100657321864e-11
235,6.355069774930245e-10,9.780863774822938e-11
236,6.369304245982105e-10,1.0126613612014816e-10
237,6.719659078734118e-10,1.0463225960489425e-10
238,7.083691807889779e-10,1.074087452569119e-10
239,6.387358955517771e-10,9.083839512051866e-11
240,5.008502510149442e-10,6.220659414285122e-11
241,4.270719051282075e-10,4.5842201809215966e-11
242,4.379292490611476e-10,4.349614521560256e-11
243,4.694690688033429e-10,4.620238728197225e-11
244,4.43603786199766e-10,4.108523691406119e-11
245,4.450923798177995e-10,4.203805586360201e-11
246,5.185540933213621e-10,5.563226111197119e-11
247,6.313498490363665e-10,7.745831414709317e-11
248,6.82042675626868e-10,8.834195384347572e-11
249,6.828004358213858e-10,9.067162781447167e-11
250,7.281081978380264e-10,1.0341104606539646e-10
251,8.405383667068572e-10,1.3292405730258058e-10
252,8.779089693423681e-10,1.4817515040749389e-10
253,7.750907658658394e-10,1.3177957727901003e-10
254,6.64002725487835e-10,1.068033657521108e-10
255,6.117925602115872e-10,8.997193517118847e-11
256,5.511285233053994e-10,7.171911186444242e-11
257,4.0743234778757236e-10,4.348043304976375e-11
258,3.036844563274768e-10,3.106500855325504e-11
259,2.962370309057393e-10,3.782097653673489e-11
260,3.2069795310727684e-10,4.882316489944231e-11
261,3.1194489127128424e-10,5.1414757794575466e-11
262,2.6895266859645e-10,4.37088345927368e-11
263,2.6157772953393885e-10,3.9272201478382357e-11
264,3.30217265083734e-10,4.918035089157116e-11
265,4.4697720319443197e-10,7.233329656818017e-11
266,5.000170586384836e-10,8.25857846608472e-11
267,4.706358611475878e-10,6.988333253796874e-11
268,4.806616494226745e-10,6.188049059069798e-11
269,5.719506742735591e-10,7.153747485049834e-11
270,6.412752108962725e-10,8.471025283635963e-11
271,6.113623011171432e-10,8.698306802066452e-11
272,5.259983446693348e-10,7.887122083448554e-11
273,5.50969746104375e-10,9.391495228027823e-11
274,6.50673722906606e-10,1.1875995844373e-10
275,7.567654376293026e-10,1.3712348186874453e-10
276,7.935819158436919e-10,1.3937312187797417e-10
277,7.814965042266192e-10,1.3050460451573471e-10
278,7.740312532940818e-10,1.1938943887060616e-10
279,7.263463415675187e-10,9.973229370628974e-11
280,6.235518424147206e-10,7.590129562724141e-11
281,4.935259474723635e-10,5.040617163119173e-11
282,4.140919531290563e-10,3.6544148750807176e-11
283,3.903603085418399e-10,3.294461506544958e-11
284,3.7916405955832185e-10,3.113166462815182e-11
285,3.899295386191952e-10,3.246394790946609e-11
286,4.342979466901724e-10,3.7869829081195945e-11
287,5.296474646078408e-10,5.1588754622564975e-11
288,6.087794484489257e-10,6.421163049014082e-11
289,6.231721718419726e-10,6.888822669378059e-11
290,6.313524820926288e-10,7.668540095562929e-11
291,6.16455767559759e-10,7.78198205421945e-11
292,5.403972831711727e-10,6.463563276693128e-11
293,4.163197795387892e-10,4.358319225924498e-11
294,3.3520386935787925e-10,3.1980861508889864e-11
295,3.1905963897197666e-10,3.0891193284591e-11
296,3.29180639359455e-10,3.413090068651742e-11
297,2.9168032178346514e-10,2.9685191987217804e-11
298,2.2406460132879924e-10,2.092143734176713e-11
299,1.9935275260423111e-10,1.7330507308696578e-11
300,2.2176145721822544e-10,1.968479486713228e-11
301,2.9903214175345293e-10,3.154757479676871e-11
302,3.561338644475987e-10,4.220643847055881e-11
303,3.5178323324384436e-10,4.029677332922331e-11
304,3.3503491100645886e-10,3.2932624823116357e-11
305,3.388090234335364e-10,2.764600851581727e-11
306,3.60567862613779e-10,2.7058131975789295e-11
307,3.8086801676705874e-10,2.899864174916727e-11
308,4.03146626158884e-10,3.323428919026314e-11
309,4.4992127000522556e-10,4.278400411629202e-11
310,4.995532092766804e-10,5.385852053061578e-11
311,5.13035453779549e-10,5.8983355387825e-11
312,4.689442416572022e-10,5.2297480831941356e-11
313,4.560268980083741e-10,5.201754512848404e-11
314,4.5966186500780903e-10,5.422447737103014e-11
315,4.394257457778227e-10,5.0597194253415564e-11
316,3.9587092838888135e-10,4.2086045249673364e-11
317,3.3346108049656713e-10,2.8596271061842688e-11
318,3.1020680095027266e-10,2.1877113156022494e-11
319,3.1632295112050766e-10,2.0465428503016077e-11
320,3.0031416891910183e-10,1.7603906382092372e-11
321,2.6105188641155623e-10,1.3605934606552359e-11
322,2.286146979948703e-10,1.0657298059282958e-11
323,2.3220460757945063e-10,1.1187128364417311e-11
324,2.4407197501935595e-10,1.1773623783561281e-11
325,2.499572164794044e-10,1.1708288320121989e-11
326,2.722610235259412e-10,1.4169004751245262e-11
327,3.1948572094147605e-10,1.9337932992553598e-11
328,3.8055818533145557e-10,2.691465455629896e-11
329,3.868653572002499e-10,2.8132549246597826e-11
330,3.27108652116918e-10,2.085685082910785e-11
331,2.638555603523175e-10,1.3488167437722711e-11
332,2.309537166880649e-10,1.0171114464951439e-11
333,1.9251160813760484e-10,7.384572153148006e-12
334,1.6953161345178116e-10,7.602417687295963e-12
335,1.6930553738854466e-10,1.1253421680740349e-11
336,2.040635360843269e-10,1.888722896992303e-11
337,2.505200453486356e-10,2.7147839064243222e-11
338,2.706837283531961e-10,2.95413598524096e-11
339,2.7919940323105127e-10,2.956962510964988e-11
340,3.115215288086129e-10,3.366015749146029e-11
341,3.4259170769008865e-10,3.54770684716124e-11
342,3.265196987148455e-10,2.8335981037064376e-11
343,2.5249413234325116e-10,1.5404250450507597e-11
344,2.0662907943504316e-10,9.190043872144184e-12
345,2.0387401737677953e-10,8.669962636455596e-12
346,2.373627128744142e-10,1.3059051067120315e-11
347,2.712412666332395e-10,1.9224605424833308e-11
348,2.8491380717898336e-10,2.271647968744169e-11
349,3.2042252884337503e-10,2.853195568061224e-11
350,3.894597874407206e-10,4.01076221389525e-11
351,4.620852203252561e-10,5.545780758048303e-11
352,4.844850808499371e-10,6.429696599181323e-11
353,4.597625923639246e-10,6.236829868941261e-11
354,4.1073017943449514e-10,5.057023948360464e-11
355,3.6236556065379594e-10,3.762694626351499e-11
356,3.0898694364443226e-10,2.67980545030714e-11
357,2.4918385946078763e-10,1.9468256315115155e-11
358,2.407507959123626e-10,2.2286207977868796e-11
359,2.682108627883924e-10,3.045340524400892e-11
360,3.0628148676628543e-10,3.673542832523364e-11
361,3.0189806106095147e-10,3.1791880325188364e-11
362,2.755601362030778e-10,2.416262255658968e-11
363,2.723056708350555e-10,2.175924941492115e-11
364,3.110974555180617e-10,2.6029222532716848e-11
365,3.4164448360967446e-10,2.975594789128093e-11
366,3.020829938744008e-10,2.3352942168991882e-11
367,2.483021649925659e-10,1.541175753144115e-11
368,2.440030699914786e-10,1.373480693766808e-11
369,2.7137961958050927e-10,1.565228175878324e-11
370,3.0870871102747873e-10,2.0780636535782638e-11
371,2.9306584385190107e-10,2.0226436048074285e-11
372,2.6934953310918093e-10,1.7896251783211027e-11
373,2.811329425293755e-10,1.9579862538282365e-11
374,3.185414823222464e-10,2.543724107025587e-11
375,3.1968450950355634e-10,2.813164054930985e-11
376,3.1359065094727617e-10,3.269130888784291e-11
377,3.1789887901114625e-10,3.8625419460775686e-11
378,3.26301030643886e-10,4.011088110923273e-11
379,3.3283522995548115e-10,3.673546697240304e-11
380,3.311856396427831e-10,3.135013525662201e-11
381,3.1642382670558693e-10,2.4192801663327162e-11
382,3.0437591632607287e-10,1.968490929214135e-11
383,2.5552303545070987e-10,1.3164374364880106e-11
384,2.044713923708787e-10,8.655639047439847e-12
385,1.7851234002062303e-10,6.714980423123862e-12
386,2.0357229691103264e-10,8.814859580982435e-12
387,2.5462711724438125e-10,1.4121502563688768e-11
388,3.0625144119732295e-10,2.1942936381903152e-11
389,3.65867376142925e-10,3.352607439657372e-11
390,4.699214208583617e-10,5.2972935311569385e-11
391,6.02993516201869e-10,7.693120278662389e-11
392,6.891991858678827e-10,9.114549215948849e-11
393,5.99404077293976e-10,7.020542303346938e-11
394,4.5340319568801494e-10,4.343508690130171e-11
395,3.407900839521347e-10,2.6647273594279047e-11
396,2.7267846378830476e-10,1.8581875222980446e-11
397,2.1745966274499814e-10,1.325033205390497e-11
398,1.5918509258898168e-10,7.881015902631133e-12
399,1.2545470677774337e-10,4.914575282026374e-12
400,1.1960207947239835e-10,4.078411963088625e-12
401,1.6088742728148943e-10,6.611526723964336e-12
402,2.3029804566619984e-10,1.1628798969112329e-11
403,3.202564967495066e-10,1.9656793323170214e-11
404,3.9244368023434404e-10,2.6328524000401828e-11
405,4.5322578195062404e-10,3.3059424298167976e-11
406,4.89328881469505e-10,3.915984151135167e-11
407,4.6315899392217736e-10,3.801272611830178e-11
408,3.923350895178312e-10,3.0046054999722655e-11
409,3.226325438385221e-10,2.150373741195918e-11
410,2.6475322124287176e-10,1.4067461608604224e-11
411,2.3751030638637193e-10,1.0848480000235653e-11
412,2.417296381477884e-10,1.0775450905847259e-11
413,2.690001276672093e-10,1.2803207838655611e-11
414,3.2566495916894147e-10,1.9149800968896792e-11
415,3.511940200654222e-10,2.263236427580666e-11
416,3.3878837035155264e-10,2.1030638799985554e-11
417,2.91733039741934e-10,1.5320960793874076e-11
418,2.580318644286935e-10,1.205584388326453e-11
419,2.4254954871672106e-10,1.0872762328594568e-11
420,2.185291254153831e-10,8.28836772021271e-12
421,1.9034046466567034e-10,5.761597146388619e-12
422,1.6338668635057215e-10,3.6253843745987574e-12
423,1.603093998386372e-10,3.2193442582325033e-12
424,1.870804299185927e-10,4.660183704416447e-12
425,2.218881523231176e-10,7.217840891969328e-12
426,2.3305496656767795e-10,8.700482892682105e-12
427,2.306252362511563e-10,9.737828797836537e-12
428,2.4345233555652725e-10,1.1833428945789542e-11
429,2.508432311595412e-10,1.2084362295661193e-11
430,2.6083874788464954e-10,1.272217208268866e-11
431,2.3718563412932145e-10,1.030539401099563e-11
432,2.1097113293642204e-10,8.193606118046212e-12
433,1.8080204236815538e-10,5.747583112442888e-12
434,1.4750515645852835e-10,3.2584548202340233e-12
435,1.0994349634809572e-10,1.3398142681623614e-12
436,8.651987109300355e-11,6.316797106308248e-13
437,9.025559351404253e-11,8.630842977416596e-13
438,1.2655392636020906e-10,2.801612405938343e-12
439,1.7894669460050544e-10,6.791189233903878e-12
440,2.1663767106869897e-10,9.733170386533758e-12
441,2.3346812210396927e-10,1.012864689689843e-11
442,2.88874519936382e-10,1.4170104922867858e-11
443,3.76664089093315e-10,2.252942174842234e-11
444,4.032438846455136e-10,2.4963970057856975e-11
445,3.459200672356087e-10,1.973207451377559e-11
446,2.824386149526545e-10,1.4284704412497014e-11
447,2.5089225976726843e-10,1.1314761423511612e-11
448,2.0771229415670295e-10,7.317928676146606e-12
449,1.5175266061579275e-10,3.6697602337075954e-12
450,1.1458025539409753e-10,2.0399831210271207e-12
451,1.1632629954376386e-10,2.4447328561305375e-12
452,1.4812873155576974e-10,4.384103334914555e-12
453,1.8984067828273468e-10,7.156219233263042e-12
454,2.3112775784513834e-10,9.870612661752516e-12
455,2.9463050124452916e-10,1.5015764315045757e-11
456,3.7710895361134377e-10,2.366062861527468e-11
457,4.019384254647078e-10,2.6795455943658442e-11
458,3.383458353372445e-10,2.0243470452376097e-11
459,2.610046021882439e-10,1.282012009322729e-11
460,2.0348448570285206e-10,7.560920747058736e-12
461,1.5891769118118453e-10,4.102186085196362e-12
462,1.1987209448945686e-10,1.893541727776256e-12
463,8.90832923609552e-11,6.743316670749252e-13
464,8.456201716781155e-11,5.102445864352735e-13
465,1.0509632562382116e-10,1.001234032557845e-12
466,1.195401708698808e-10,1.305215570887363e-12
467,1.1519921709481896e-10,1.1194706347163695e-12
468,9.245777812344997e-11,6.314950881120316e-13
469,8.631583192178594e-11,8.285709789221449e-13
470,1.0289543802455636e-10,1.9275711304061676e-12
471,1.274296232307644e-10,3.472344816341263e-12
472,1.3708454828780467e-10,3.8060644061633306e-12
473,1.2660928073315038e-10,2.824594380457652e-12
474,1.2433043733463913e-10,2.474159792063212e-12
475,1.3811369398950163e-10,3.0428991249356728e-12
476,1.5192561586744331e-10,3.5071173870239683e-12
477,1.5307626724618454e-10,3.361738093457029e-12
478,1.4409341976510857e-10,2.7435290011744207e-12
479,1.4055403305317297e-10,2.360696336930836e-12
480,1.5496544666074921e-10,3.0659899326457676e-12
481,1.727276573287333e-10,4.4683263855534854e-12
482,1.7856302658240777e-10,5.6637272583642865e-12
483,1.815734173056327e-10,6.956762735951401e-12
484,1.7767191176124182e-10,7.264783519839894e-12
485,1.7678930754793929e-10,7.254482199242048e-12
486,1.8346550409727435e-10,8.336703619482275e-12
487,2.0666786650628134e-10,1.2507483873155495e-11
488,2.378242057270141e-10,2.016235750414357e-11
489,2.673483292264169e-10,2.937533264157821e-11
490,2.48306758880744e-10,2.6776204957769826e-11
491,2.027890916981731e-10,1.5813375382718412e-11
492,1.6606536889310974e-10,7.806320723147598e-12
493,1.484287590182652e-10,4.4923882174364586e-12
494,1.5190360333479198e-10,4.061246953940945e-12
495,1.65695980497509e-10,4.674602309659489e-12
496,1.9390762111832963e-10,6.29545550479531e-12
497,2.4174939267506725e-10,9.501505874408146e-12
498,3.033148206867497e-10,1.4909692019924913e-11
499,3.574655663152888e-10,2.1446144370448615e-11
500,3.771093293732474e-10,2.503651527342814e-11
501,3.7471970712792316e-10,2.5498224597628986e-11
502,3.324055027471068e-10,2.0083429389478588e-11
503,2.6810746345498403e-10,1.2986763501630715e-11
504,2.1490425528174463e-10,8.359923704284179e-12
505,1.9469455101304433e-10,6.720650890889021e-12
506,1.7872159432411874e-10,4.82464139954941e-12
507,1.506736171610895e-10,2.7959763596127647e-12
508,1.0682634108509429e-10,1.0851614672829118e-12
509,7.473145067964518e-11,4.308448514912354e-13
510,6.417594445107269e-11,2.757520705893266e-13
511,6.425360362942664e-11,2.2080253452630602e-13
512,6.952311311622281e-11,2.579363150668357e-13
513,6.773284120533329e-11,2.4462385215069764e-13
514,7.095855693346416e-11,3.517255737267839e-13
515,7.38934096416936e-11,4.403063227639963e-13
516,7.956977467816644e-11,5.532889351105906e-13
517,8.575023698190289e-11,6.559549608057592e-13
518,9.097616999030086e-11,7.611074418096272e-13
519,1.0561196237141055e-10,1.3658609155511368e-12
520,1.2126837716784017e-10,2.718683497773728e-12
521,1.3546804295428091e-10,5.426100295452266e-12
522,1.5789047853743182e-10,9.683593351267293e-12
523,1.8203961995724597e-10,1.3933342260677024e-11
524,2.0897206372328418e-10,1.7340991422127206e-11
525,2.418790058350883e-10,2.124487788779195e-11
526,2.783857870280316e-10,2.659247531217045e-11
527,3.496250163539105e-10,3.938359866309917e-11
528,4.235160872166278e-10,5.0926481003746815e-11
529,4.3489143065721303e-10,4.696809795591121e-11
530,3.6996327676744363e-10,3.069651593864924e-11
531,2.7830896242914006e-10,1.5252777613236945e-11
532,2.2047450917167433e-10,8.442925078018262e-12
533,1.8606490475782171e-10,5.894889751955234e-12
534,1.7289124108204615e-10,5.5281945656045586e-12
535,1.6058026952546338e-10,4.643369743246579e-12
536,1.632375248568706e-10,4.4338387163020404e-12
537,1.768924216798822e-10,5.141628721388955e-12
538,2.1139826069055787e-10,8.395052709534292e-12
539,2.731391410298298e-10,1.5235263320163655e-11
540,3.337990759459585e-10,2.3104981523417893e-11
541,3.819114503113968e-10,3.259591756914734e-11
542,3.6776091915000326e-10,3.712639339685911e-11
543,3.1573551469073714e-10,3.72771560073596e-11
544,2.6055211222511485e-10,3.314950925390697e-11
545,1.9348487671075717e-10,2.2099795023554673e-11
546,1.2556109835145664e-10,1.0236309233044223e-11
547,6.888098627339939e-11,3.0383353020474956e-12
548,3.805577937604136e-11,7.271874918485173e-13
549,2.4983537881547172e-11,1.8361927516377506e-13
550,2.054005548314249e-11,2.894282285097296e-14
551,2.045391791215119e-11,2.3435470696344944e-15
552,2.220767238130476e-11,2.5158628510510508e-15
553,2.3106593932211075e-11,8.250833528024668e-15
554,2.2453945982632432e-11,1.2435089321270976e-14
555,2.2272287775524178e-11,7.409728527895447e-15
556,2.3333758857401207e-11,5.369042985394442e-15
557,2.4872375092300504e-11,9.761610852242546e-15
558,2.7108974777082813e-11,4.4358671393317117e-14
559,3.117562861985075e-11,1.808361801096881e-13
560,3.9181666252497954e-11,5.013841267777087e-13
561,5.4835086889753745e-11,1.330510188361126e-12
562,8.190386157548657e-11,3.5776350947552243e-12
563,1.1588092148534727e-10,7.924687174038048e-12
564,1.4184360306295472e-10,1.2243991327400984e-11
565,1.6628009284604482e-10,1.5950470269415476e-11
566,2.057075204488856e-10,2.1013746855363882e-11
567,2.747288937491118e-10,3.119216574102017e-11
568,3.281702320283908e-10,3.995120003080058e-11
569,3.396797602339848e-10,4.187938992277633e-11
570,3.0796076086883455e-10,3.325184905128514e-11
571,2.9466544374789795e-10,2.537356516232154e-11
572,2.916593735692399e-10,1.975426571622687e-11
573,2.5067660778545485e-10,1.3004442982173475e-11
574,1.8084832330121215e-10,6.661010673036951e-12
575,1.464614680427849e-10,4.381276160496389e-12
576,1.508729864247021e-10,4.1353312816729325e-12
577,1.6619474089129336e-10,4.2955843812206634e-12
578,1.5797812033714952e-10,3.847137633429027e-12
579,1.4691860738231114e-10,4.203512038351388e-12
580,1.7947715534574723e-10,8.259868561907936e-12
581,2.5149813236180466e-10,1.6858665880442015e-11
582,2.858696970320521e-10,2.277317949912589e-11
583,2.5153547800703096e-10,2.3006071314213732e-11
584,2.230411887159403e-10,2.4232042813212233e-11
585,2.267096798005243e-10,2.7017136558042587e-11
586,2.0331936259606713e-10,2.204818132282479e-11
587,1.3935231960199128e-10,1.0779736544789076e-11
588,8.23289351357912e-11,3.412733969451086e-12
589,5.2825736732747316e-11,7.859783771010108e-13
590,3.823570537015278e-11,1.0812081747647396e-13
591,2.841554836180003e-11,2.424959497633712e-15
592,2.2357005566829823e-11,1.3184018229828078e-16
593,2.3551789126132872e-11,2.5065193893304466e-14
594,2.5807178347146557e-11,2.000042637081105e-13
595,2.55482401538455e-11,5.439306699446109e-13
596,2.377326867565718e-11,7.823134333993617e-13
597,2.3186840386260276e-11,6.817224693196218e-13
598,2.51883904167518e-11,4.1001011021177356e-13
599,2.9480511317309936e-11,3.8746043663563857e-13
600,3.798649850889135e-11,5.538219236436156e-13
601,5.2306833617326473e-11,1.0739902190911042e-12
602,7.721915359014332e-11,2.218252159753196e-12
603,1.0832565756222286e-10,4.0843011944435614e-12
604,1.35741599766236e-10,6.479384477450186e-12
605,1.56190999588399e-10,9.322717350469651e-12
606,1.863925849714825e-10,1.465678305305096e-11
607,2.2747909077889198e-10,2.3031437283299727e-11
608,2.7190503970024275e-10,3.37410136033942e-11
609,3.416104547025724e-10,4.6870046077821575e-11
610,4.024721567017254e-10,5.205120167303545e-11
611,4.285258212010677e-10,4.827276604435989e-11
612,3.975557169690977e-10,3.646362797617573e-11
613,3.5342814134049253e-10,2.6063197735933304e-11
614,3.3570648618436473e-10,2.1127079880526637e-11
615,3.186959195468904e-10,1.7678934631601918e-11
616,2.7526839124048217e-10,1.315471274511238e-11
617,2.2555962225375411e-10,9.014260558651573e-12
618,1.9807461374955283e-10,6.769210732499794e-12
619,1.9394763866200816e-10,6.433521206414499e-12
620,1.8777342999450066e-10,6.217573321347567e-12
621,1.8064162318602216e-10,6.197174460690468e-12
622,1.923410368455945e-10,7.46259962619942e-12
623,2.241578701745401e-10,1.0009194098351996e-11
624,2.356744348574724e-10,1.102913361219696e-11
625,2.1153595377215773e-10,1.004517083843886e-11
626,1.8661141055018173e-10,9.177270071623873e-12
627,1.6721644071369322e-10,8.070058963214963e-12
628,1.4981062324920928e-10,6.68172812443026e-12
629,1.0971767624369397e-10,3.5139461089453575e-12
630,7.500456470210028e-11,1.4004858219979263e-12
631,6.313000154350961e-11,6.360638864856253e-13
632,6.629509267592194e-11,3.6248903436513124e-13
633,7.245592341437921e-11,2.4065490800004815e-13
634,6.712082625781747e-11,1.271641373570244e-13
635,6.104436508724797e-11,1.0419995680478977e-13
636,6.082942312184606e-11,1.372447403663739e-13
637,5.867486601015493e-11,1.2208720210281458e-13
638,4.554517199624656e-11,3.1462366505763335e-14
639,3.487051917674425e-11,4.035827688775845e-15
640,3.4761124129066284e-11,2.925352309918782e-15
641,4.3880900433424246e-11,2.4809580007879395e-14
642,5.867422298594524e-11,2.0115376432530113e-13
643,7.569947991301783e-11,6.991831270673238e-13
644,1.0352299806771825e-10,1.6107407819874318e-12
645,1.5021110730915166e-10,3.3915703431910677e-12
646,1.892380626353944e-10,5.408247200906666e-12
647,1.8697226699086392e-10,5.728093925734275e-12
648,2.0167974026138346e-10,8.653987161473683e-12
649,2.664606251796855e-10,1.7198110838684453e-11
650,3.335124929247349e-10,2.5432766144335453e-11
651,3.4161745038669067e-10,2.5103886280721978e-11
652,3.1189740324279866e-10,1.9719242305181853e-11
653,3.161198319048174e-10,1.813293858392737e-11
654,3.737846834589644e-10,2.3854420634503403e-11
655,3.698370843312161e-10,2.3009144415621067e-11
656,2.8309672750241504e-10,1.3831716148403224e-11
657,2.0488615844172742e-10,6.965271508469307e-12
658,1.7301906769673493e-10,4.4769339237956535e-12
659,1.7449859798688016e-10,4.592778696992777e-12
660,1.5240776557311743e-10,3.512208378383804e-12
661,1.1571067067264318e-10,1.919007523989257e-12
662,9.632157667116075e-11,1.181204001673552e-12
663,1.0661964019646632e-10,1.4050818873447106e-12
664,1.4050814815300668e-10,2.700170424191356e-12
665,1.638655150645158e-10,3.881741666680844e-12
666,1.6366434240874563e-10,4.262117291434358e-12
667,1.7775233302036995e-10,5.869467333933247e-12
668,2.105087182068895e-10,8.310667650034175e-12
669,2.2753339172380272e-10,8.936195374157263e-12
670,1.8966920901293416e-10,5.93581394183932e-12
671,1.3682311141814706e-10,2.8373298456000546e-12
672,1.2207547764822838e-10,2.1386172143842763e-12
673,1.4057194505708078e-10,2.88320629241279e-12
674,1.391769860333924e-10,2.359280063298627e-12
675,1.1120720843374424e-10,1.112369697801101e-12
676,8.617857782943144e-11,4.949054628813397e-13
677,9.127960694041525e-11,7.196744503354406e-13
678,1.0019246974050815e-10,9.548102327681006e-13
679,8.850987122969952e-11,6.23296802112906e-13
680,6.459181370762219e-11,1.8348702943696539e-13
681,5.850927297203337e-11,1.024184769889501e-13
682,6.931491969070169e-11,1.8934468895320372e-13
683,7.801018120370183e-11,3.1920807481486216e-13
684,7.449142815298372e-11,3.4534003181946795e-13
685,7.18531437794346e-11,3.5990754033714864e-13
686,8.663225479778093e-11,6.597613963740488e-13
687,1.1457394126332707e-10,1.536221970247955e-12
688,1.3607393246011187e-10,2.9570732039952168e-12
689,1.411397930639989e-10,4.565803279248587e-12
690,1.619917519167101e-10,8.272127515925516e-12
691,2.049226438219768e-10,1.3653880717772196e-11
692,2.425887473886958e-10,1.6851492778041496e-11
693,2.5692944364511375e-10,1.6809624433864995e-11
694,2.4062876528694684e-10,1.3577845421610554e-11
695,2.350525988325348e-10,1.1765908027649476e-11
696,2.2631088892875075e-10,9.735114550006912e-12
697,2.0666004556629801e-10,7.356190305226837e-12
698,1.582309333584179e-10,3.734355574556708e-12
699,1.302452151343092e-10,2.339143202784146e-12
700,1.2623468619548076e-10,2.23903002790225e-12
701,1.399998976311407e-10,3.0347162624231107e-12
702,1.4366136358929687e-10,3.323746564266796e-12
703,1.363437559509926e-10,3.0076014191434464e-12
704,1.423910191653196e-10,3.2368335878751895e-12
705,1.7476087348050116e-10,4.766917291220298e-12
706,2.2435377591919246e-10,7.89371702774163e-12
707,2.3813960593085407e-10,8.94723796881718e-12
708,2.0313809795452746e-10,6.414489673021798e-12
709,1.6499101117680227e-10,4.130855489715569e-12
710,1.279642317420765e-10,2.1781674724641162e-12
711,1.0807509672295812e-10,1.3016363679923793e-12
712,9.506647998388954e-11,7.673127840612716e-13
713,9.447350338485749e-11,6.999437766719595e-13
714,9.515477577974085e-11,7.345600950570288e-13
715,1.0279135528474288e-10,1.0527631384928323e-12
716,1.1746587267586703e-10,1.6185028191642685e-12
717,1.4614620018833934e-10,2.7992507074696653e-12
718,1.823807466086199e-10,4.723215456477135e-12
719,2.0509066047781515e-10,6.176616633786351e-12
720,2.1220365130783368e-10,6.728464210364616e-12
721,2.1763447738276872e-10,7.311229058133113e-12
722,2.012709121322478e-10,6.243654601683157e-12
723,1.7121747808472432e-10,4.5844067693906245e-12
724,1.406400335205446e-10,2.887014089866427e-12
725,1.2988871591229426e-10,2.2131777292914744e-12
726,1.3287858828931725e-10,2.1338133793454933e-12
727,1.3931924798256117e-10,2.5255141479952415e-12
728,1.37163149382107e-10,2.8801652740894526e-12
729,1.3785088006772403e-10,3.675659725599073e-12
730,1.4688177653270786e-10,5.378486881864087e-12
731,1.5184776723520023e-10,7.138468771353225e-12
732,1.5167300846297853e-10,9.096857344015936e-12
733,1.5485567699583802e-10,1.1820369580066733e-11
734,1.6247129557501746e-10,1.4831754770043202e-11
735,1.9232366219686164e-10,2.0137706220581377e-11
736,2.227692956842939e-10,2.4460890301554617e-11
737,2.649328857021342e-10,2.805955703765207e-11
738,2.9171534063953715e-10,2.7425049891225437e-11
739,2.9474528493180834e-10,2.3695221738261834e-11
740,2.6043636187381105e-10,1.616355678732118e-11
741,2.0769883945805628e-10,9.33499365849609e-12
742,1.8025410624361214e-10,6.717347512921286e-12
743,1.7632780763978296e-10,6.380722426967421e-12
744,1.7861084876544767e-10,6.313939035596986e-12
745,1.7882900457192018e-10,6.001518082375172e-12
746,1.7760319056340608e-10,5.556423877421348e-12
747,1.946102646224853e-10,6.604177278297448e-12
748,2.2893662132811719e-10,9.211324663273776e-12
749,2.6686694192793125e-10,1.2694903143822115e-11
750,2.770340475390908e-10,1.3716218482124876e-11
751,2.620505792613318e-10,1.2141151183119446e-11
752,2.685620709350125e-10,1.326091121534385e-11
753,3.038826943537061e-10,1.754325747795339e-11
754,3.425203020034226e-10,2.2220199638826482e-11
755,3.6821113453741713e-10,2.5518966373028113e-11
756,3.8892037123378913e-10,2.86539082879519e-11
757,4.360868483415379e-10,3.535887436945633e-11
758,4.771709555151168e-10,4.007822963236145e-11
759,5.287928800969304e-10,4.826678506499294e-11
760,5.928712774283542e-10,5.896741694245963e-11
761,6.701329971298221e-10,7.096666831921128e-11
762,6.828559500705976e-10,7.221654427334228e-11
763,5.743643162216106e-10,5.4884739182443296e-11
764,4.138451731837318e-10,3.131018173384387e-11
765,3.213035031240744e-10,2.0187499863076934e-11
766,2.6779411413465016e-10,1.4222590587094594e-11
767,2.2205987064220524e-10,9.332970137126608e-12
768,1.7878169498601874e-10,5.2500546013620745e-12
769,1.7037874873368497e-10,4.5047272750162455e-12
770,1.7572956478580515e-10,4.618401970900048e-12
771,1.8783774415976522e-10,5.429213551420697e-12
772,1.8873106651481786e-10,5.7303722348086754e-12
773,1.8698694936572665e-10,5.767294623548344e-12
774,1.9059644105830452e-10,6.150985045138229e-12
775,1.8799054394669363e-10,6.656835843606296e-12
776,1.7553658111619407e-10,7.206280086495488e-12
777,1.745731794312306e-10,9.170162317392455e-12
778,2.0279055012785224e-10,1.3572138178026225e-11
779,2.407714727647885e-10,1.810160115767906e-11
780,2.649158970625081e-10,2.1552562024476024e-11
781,2.627878165917996e-10,2.2382756540702132e-11
782,2.6387601774680507e-10,2.319592310586848e-11
783,2.7429829770639696e-10,2.333109199139385e-11
784,2.7641532671556155e-10,2.1106298499428542e-11
785,2.5557939306070587e-10,1.604980037209682e-11
786,2.342692296516716e-10,1.1880956250094434e-11
787,2.3564543206887365e-10,1.0795421711689322e-11
788,2.6158738323914357e-10,1.2950291702175658e-11
789,2.8841763258975765e-10,1.6044524328376868e-11
790,2.993724309761403e-10,1.7606812084042335e-11
791,3.044924763299802e-10,1.8293828769073997e-11
792,3.0672098898361844e-10,1.84762138515489e-11
793,3.1421335397910237e-10,1.9419394704511536e-11
794,3.670218667269784e-10,2.632575755437728e-11
795,4.751169054758844e-10,4.122193338858609e-11
796,5.979112983900359e-10,5.930278782520194e-11
797,6.685416176061508e-10,7.271369088710288e-11
798,6.710944022694259e-10,7.649850960696061e-11
799,7.021592207707354e-10,8.442837898809615e-11
800,7.751376217517011e-10,9.818431415461593e-11
801,8.066789330721115e-10,1.0304664317523858e-10
802,7.374557019494754e-10,8.892646817571566e-11
803,6.019168875452234e-10,6.158077367379536e-11
804,5.040719694358876e-10,4.3819210364111516e-11
805,4.318589763979384e-10,3.3581621140446745e-11
806,3.724585999676628e-10,2.747968700061281e-11
807,3.0189076272923673e-10,1.9489409533325043e-11
808,2.484226088088744e-10,1.3230806316212384e-11
809,2.0029139896508703e-10,7.942115393062204e-12
810,1.7066674488710157e-10,5.3182769686569784e-12
811,1.402077533348399e-10,3.1051947737491078e-12
812,1.175789442219533e-10,1.730286586244606e-12
813,1.204178484852756e-10,1.7430281369424108e-12
814,1.3180315426463601e-10,2.0430024736169628e-12
815,1.2869752662356502e-10,1.739913901743863e-12
816,9.935331161731127e-11,7.773569329584483e-13
817,7.56771514796554e-11,3.345420756611766e-13
818,7.026159666428705e-11,3.4375953263046496e-13
819,8.206100880363127e-11,1.0898423554073779e-12
820,9.24029056544094e-11,3.0745403635836786e-12
821,9.91354782502731e-11,6.225248005323969e-12
822,1.1257168557223184e-10,1.0132353735378487e-11
823,1.405124405449182e-10,1.4488424816207559e-11
824,1.5643395774801028e-10,1.5974269655924773e-11
825,1.5781298135142513e-10,1.470554291890398e-11
826,1.4840653719501537e-10,1.1158273973800843e-11
827,1.5497787661412353e-10,8.962249851647041e-12
828,1.7061515325260546e-10,8.580263465382964e-12
829,1.8946289868737638e-10,1.0502909884025154e-11
830,2.2118044171142252e-10,1.5517978330688605e-11
831,2.7020791383609624e-10,2.264455807789555e-11
832,2.990668414901047e-10,2.576886309263012e-11
833,2.7094373343583883e-10,2.0811946592295294e-11
834,2.4113528237466656e-10,1.6832853024217458e-11
835,2.853520347903471e-10,2.2968855873085292e-11
836,4.6172418848272223e-10,5.2669789375664675e-11
837,6.673007882253373e-10,9.261324453214589e-11
838,7.46195816009418e-10,1.0960487376908754e-10
839,7.612689984103855e-10,1.1152384847273688e-10
840,8.426669245275863e-10,1.2214109748957895e-10
841,9.635190876322316e-10,1.4082643592252283e-10
842,8.98703178615398e-10,1.2567407175432316e-10
843,6.491016935407225e-10,7.62490969621918e-11
844,4.2788533007321343e-10,3.599307392254948e-11
845,2.914388879510247e-10,1.5186533476177228e-11
846,2.2273386638645647e-10,8.023544947816676e-12
847,1.620984272922255e-10,3.734921314213605e-12
848,1.1858804833551548e-10,1.5269620770154694e-12
849,9.864091033654715e-11,7.726464866684557e-13
850,9.626750693370629e-11,6.954493546099158e-13
851,9.606054825467301e-11,6.803076755413912e-13
852,8.970750248351514e-11,5.137210770198087e-13
853,8.686800857040159e-11,4.606536602262372e-13
854,8.948040906721683e-11,5.165309735730267e-13
855,9.837759489934511e-11,8.669738449083322e-13
856,9.906911886195604e-11,1.3939618399033065e-12
857,8.679467062934746e-11,1.7960311678900089e-12
858,7.618189453652162e-11,2.1254646276923646e-12
859,7.260498290934611e-11,2.4639523887207764e-12
860,7.698319571620265e-11,3.6998504684835036e-12
861,9.762066419053575e-11,8.622634479677873e-12
862,1.353245299243953e-10,2.0977169948362843e-11
863,1.7697663752322434e-10,3.6986047394334193e-11
864,2.0824409843472554e-10,4.361240454812461e-11
865,2.109261972336997e-10,3.6144116902024026e-11
866,2.0224162290849387e-10,2.6100135853865917e-11
867,2.1446234355378555e-10,2.4215183808937338e-11
868,2.4342710015868453e-10,2.860135928828779e-11
869,2.9155351567288763e-10,3.8761220339852186e-11
870,3.3257516765675857e-10,4.792262442842727e-11
871,3.8023362584030534e-10,5.572464667352445e-11
872,4.2019625785230515e-10,5.810227125503446e-11
873,4.702934339250108e-10,6.402720990413553e-11
874,5.412409512703787e-10,8.012828597216175e-11
875,6.144422342522761e-10,1.0094141341053762e-10
876,7.248188045883566e-10,1.3451788275007122e-10
877,7.931148295950145e-10,1.5364436488686266e-10
878,8.543656329299732e-10,1.6716443431818074e-10
879,8.680190100260114e-10,1.5987033913918558e-10
880,8.649369029145584e-10,1.447636389498633e-10
881,8.470711450850049e-10,1.3003713272086813e-10
882,7.972505623172401e-10,1.1278714634035233e-10
883,6.997677646132748e-10,8.720491949148571e-11
884,5.904055625239247e-10,6.306241090378229e-11
885,4.844242206088229e-10,4.306669924654744e-11
886,3.982474805264503e-10,2.918599353600733e-11
887,3.6293705470471736e-10,2.4087923028668223e-11
888,3.3809288307719654e-10,2.0033208137801997e-11
889,3.1866268145751257e-10,1.736279728511025e-11
890,2.940718318492238e-10,1.498529371097333e-11
891,2.777300716636837e-10,1.3947484183524987e-11
892,2.840829039670402e-10,1.56013639403942e-11
893,2.7122280626595516e-10,1.4587926934212953e-11
894,2.1861840187675173e-10,9.433950190735927e-12
895,1.5713635544175137e-10,4.641972585372682e-12
896,1.1979761044311615e-10,2.613740327772082e-12
897,1.0417554293697475e-10,2.178087423409853e-12
898,1.0400612619662416e-10,2.743177660016923e-12
899,1.0015392552123465e-10,2.791354339935489e-12
900,8.476542682815699e-11,1.7241283492917198e-12
901,6.951347560007928e-11,8.552341067888431e-13
902,6.808587252709767e-11,6.931389537741806e-13
903,7.701950928916589e-11,1.0753560644482873e-12
904,9.73322757877157e-11,2.705339477348578e-12
905,1.1977484665290775e-10,5.795519819724048e-12
906,1.4074263492013687e-10,9.278609459461765e-12
907,1.6150429901505633e-10,1.2274675318383783e-11
908,1.8534521031797042e-10,1.5201398684956705e-11
909,2.0526880322686586e-10,1.848561743651343e-11
910,2.1438793406491202e-10,2.0739659806510414e-11
911,2.1199541585215758e-10,2.025156777103e-11
912,2.0944040609777315e-10,1.7507876540562153e-11
913,2.3003966246534474e-10,1.6744710164882387e-11
914,2.7452039945481366e-10,1.911442013152343e-11
915,3.3494902587371383e-10,2.538333422120012e-11
916,3.8714556830376577e-10,3.2554145363972415e-11
917,4.3447452169469323e-10,3.904625284829826e-11
918,5.071181925593206e-10,4.890660411866921e-11
919,6.189692602678924e-10,6.670185655402878e-11
920,7.247300821197915e-10,8.615423253537371e-11
921,7.445456406218955e-10,9.018025634737941e-11
922,6.923144735640607e-10,8.067646453094936e-11
923,6.067298328765428e-10,6.481323287804007e-11
924,5.207140469458246e-10,4.8139102612819025e-11
925,4.5546079929241765e-10,3.66443380816481e-11
926,3.8898306261966153e-10,2.6682209493909147e-11
927,3.398753900797637e-10,2.0243693169194933e-11
928,3.1212822671856475e-10,1.6367776410777934e-11
929,2.8109277643285096e-10,1.247573514261806e-11
930,2.309871422951933e-10,7.899523453702694e-12
931,1.7715077215163982e-10,4.271085970236631e-12
932,1.5132356109784418e-10,2.9479969081294347e-12
933,1.405260232765791e-10,2.4016801570966014e-12
934,1.223285928460549e-10,1.7575541816049089e-12
935,1.0095576384864197e-10,1.3246702377548435e-12
936,8.027382315503076e-11,8.994417184438962e-13
937,7.54863337624173e-11,8.521288409198188e-13
938,7.367069174253073e-11,7.979453984490619e-13
939,6.856933232096358e-11,7.178503681703186e-13
940,6.834966183912777e-11,9.07995794899627e-13
941,8.103602974564726e-11,1.8055983018286913e-12
942,1.0688712102985393e-10,4.07780470345355e-12
943,1.2137651173205544e-10,6.328265721088882e-12
944,1.1723469491469084e-10,6.490341216242034e-12
945,1.1584175434534923e-10,6.658526909866022e-12
946,1.310111357218026e-10,8.650335423817054e-12
947,1.539864071638339e-10,1.330663582682092e-11
948,1.7387101539224834e-10,2.0994631228449796e-11
949,1.9622648862575972e-10,3.096676893578113e-11
950,2.2709984041120036e-10,3.773204437690751e-11
951,2.5697843301803636e-10,3.9131104786393353e-11
952,2.6135294386731447e-10,3.534531868867343e-11
953,2.426848744905165e-10,3.040378813708494e-11
954,2.419781030238131e-10,2.980163180621421e-11
955,2.6322993140767733e-10,3.137654048034308e-11
956,2.6452849325814776e-10,2.773151781716318e-11
957,2.3034407912965832e-10,1.9119119417766295e-11
958,2.27179169798721e-10,1.558668444790986e-11
959,3.021052489725324e-10,2.1767902086465296e-11
960,4.622350483578946e-10,4.386886868612641e-11
961,5.938285484992752e-10,6.981389430456297e-11
962,6.433988751768316e-10,8.424422717163706e-11
963,6.969233771424151e-10,9.426041782987162e-11
964,7.911738253667962e-10,1.0424022239588547e-10
965,7.97994074607888e-10,9.597211317414118e-11
966,6.91014791341833e-10,7.563355698537463e-11
967,5.60721414229664e-10,5.433900721997624e-11
968,4.717742527114674e-10,3.8210129798227456e-11
969,4.236646876545111e-10,2.978806114826532e-11
970,3.248344043772051e-10,1.7217415981438394e-11
971,2.2861523435056608e-10,8.253895600728197e-12
972,1.8203783836954879e-10,5.093238879563691e-12
973,1.823595144288979e-10,5.45286496283542e-12
974,1.8547337853289974e-10,6.321043095157168e-12
975,1.756157932234245e-10,6.882997644321725e-12
976,1.512888444146735e-10,5.6286163394987444e-12
977,1.4219754023462137e-10,4.427063880674732e-12
978,1.4503592269290333e-10,3.943009738741201e-12
979,1.40651498159599e-10,3.722399036816025e-12
980,1.2280470269665543e-10,3.4040133547356503e-12
981,1.1331308342223708e-10,3.807112161995618e-12
982,1.130230752917329e-10,4.201493640279319e-12
983,1.1075268779895999e-10,4.169156298183836e-12
984,1.0569453901348279e-10,4.2658334121166625e-12
985,1.2111032649218433e-10,6.376392163313812e-12
986,1.6372376834608772e-10,1.2190672397286882e-11
987,2.3182613146029932e-10,2.3936005548420033e-11
988,2.7100204555890113e-10,3.435651473207917e-11
989,2.9815307373231877e-10,4.396500900477993e-11
990,3.6423118297974256e-10,6.010705145708597e-11
991,4.700181444890485e-10,8.591203573553265e-11
992,5.581015778919373e-10,1.1508078908104919e-10
993,5.780176142617199e-10,1.3124631084865018e-10
994,5.86639731616499e-10,1.3463584592696983e-10
995,6.251129378185931e-10,1.336099089692762e-10
996,6.679111317647842e-10,1.3057891315095112e-10
997,6.232444051101627e-10,1.137767951185846e-10
998,5.766449296301925e-10,1.059191815711572e-10
999,6.181111678782958e-10,1.172661727379236e-10
1000,7.204515067189314e-10,1.34412791716045e-10
1001,8.27726290372273e-10,1.514832182212864e-10
1002,8.814208856137463e-10,1.5607979151716168e-10
1003,9.932507003238144e-10,1.7410241236314074e-10
1004,1.2462647086732882e-09,2.2409265510658694e-10
1005,1.5127329529551734e-09,2.794918648790473e-10
1006,1.4767021825944647e-09,2.5869561265603914e-10
1007,1.1852810041969632e-09,1.8211852669586163e-10
1008,9.868734215710698e-10,1.357291096048989e-10
1009,9.249888917756212e-10,1.18314989331873e-10
1010,8.302019503546595e-10,9.532001191772086e-11
1011,6.50091638709946e-10,6.503028083493724e-11
1012,4.5564992853534853e-10,3.5932801876781225e-11
1013,3.440817850737949e-10,2.044105860254556e-11
1014,2.816844619006517e-10,1.2857193946773353e-11
1015,2.2282810439485165e-10,7.688018421523858e-12
1016,1.6694937865199903e-10,4.024550320638959e-12
1017,1.4585842708174398e-10,3.1081012666257143e-12
1018,1.459740031120229e-10,3.2384865653817114e-12
1019,1.374531766888268e-10,2.66893531441772e-12
1020,1.0971346996452378e-10,1.3830061954700896e-12
1021,9.873448961186443e-11,1.0219693951507974e-12
1022,1.1436357541022878e-10,1.6008428215738214e-12
1023,1.34581876287593e-10,2.7647270150639755e-12
1024,1.2438409438744226e-10,3.5481417436083625e-12
1025,1.0585682542903414e-10,4.452975010335563e-12
1026,1.1681052962203736e-10,6.895248306354463e-12
1027,1.708182166449792e-10,1.3296123257464961e-11
1028,2.4972087365072766e-10,2.6570432020914027e-11
1029,3.0208066194677e-10,4.290978673327541e-11
1030,3.2507028660102806e-10,5.638221961699487e-11
1031,3.925327042744633e-10,7.643935406468174e-11
1032,4.917872293300099e-10,9.576455281798044e-11
1033,5.322424605121814e-10,9.576151182831611e-11
1034,4.794442971153243e-10,7.801428766629355e-11
1035,4.4887046316045695e-10,6.818456119026208e-11
1036,5.160190155309002e-10,7.827568445040268e-11
1037,6.325079792359616e-10,1.0023933293368564e-10
1038,6.616738165189394e-10,1.0957444896662438e-10
1039,5.740614427345556e-10,9.340012707057445e-11
1040,5.084379113481935e-10,7.578640754935546e-11
1041,5.476109972892712e-10,7.779551305592861e-11
1042,6.24148994747257e-10,8.93467150200789e-11
1043,7.262101139283875e-10,1.1548791152105461e-10
1044,8.677807953627753e-10,1.542710947139073e-10
1045,1.1000241938499924e-09,2.069669562046513e-10
1046,1.2626922707624187e-09,2.308431750974856e-10
1047,1.2267272379722501e-09,2.0814919022475912e-10
1048,1.0228120559901276e-09,1.5139682770825057e-10
1049,8.840080679158136e-10,1.1500455805119452e-10
1050,7.739832357161207e-10,8.80144890085676e-11
1051,6.014590604314939e-10,5.6091186611577114e-11
1052,3.9742251924623427e-10,2.708760101217599e-11
1053,2.642920851281536e-10,1.2061345485388342e-11
1054,2.0588401003265176e-10,6.44295566374601e-12
1055,1.7499770830728223e-10,4.035145407751793e-12
1056,1.334072180223441e-10,1.9620230481346838e-12
1057,9.991159662726994e-11,9.806629309623795e-13
1058,9.36440617915441e-11,1.036836079544059e-12
1059,9.789561507048764e-11,1.3493758866957998e-12
1060,1.0001462878361179e-10,1.6116150165100314e-12
1061,8.788389349424138e-11,1.3853307905251895e-12
1062,8.16032263733314e-11,1.4598575187438393e-12
1063,9.188077318107951e-11,2.278139348911884e-12
1064,1.0689302685958693e-10,3.671676300871298e-12
1065,1.1610257437574359e-10,5.5820323161546325e-12
1066,1.2551800786780267e-10,9.165347821209677e-12
1067,1.5538158063883714e-10,1.701534250833149e-11
1068,2.0772692303681184e-10,3.094007392687297e-11
1069,2.690871956257219e-10,5.017758901964703e-11
1070,3.121723204891796e-10,6.81443150836733e-11
1071,3.5001095433972616e-10,8.27138106445621e-11
1072,4.063815324398633e-10,9.775026170012084e-11
1073,4.715841661460553e-10,1.1152295191678847e-10
1074,4.969157280641272e-10,1.1470806479743497e-10
1075,5.169874816829567e-10,1.2062354243401826e-10
1076,5.785629777069158e-10,1.4170473177103796e-10
1077,6.89725582529411e-10,1.7778542332387367e-10
1078,8.225193891010037e-10,2.2533692344537088e-10
1079,8.954916821339832e-10,2.547069382264234e-10
1080,8.959185277641436e-10,2.5362251724610983e-10
1081,8.636799356926583e-10,2.367066157240296e-10
1082,7.983258790925813e-10,2.09770032408243e-10
1083,7.248914666551323e-10,1.8225584052378123e-10
1084,7.0712721774002e-10,1.7195710146252512e-10
1085,7.394414982557207e-10,1.7402101573572965e-10
1086,8.22712461810781e-10,1.8992922811725676e-10
1087,8.80883887575001e-10,1.9285833531444655e-10
1088,9.179012734168526e-10,1.8286332751894933e-10
1089,9.42739266117858e-10,1.699842918753897e-10
1090,9.362282763213754e-10,1.555337976632018e-10
1091,8.486165122809818e-10,1.3129569906820705e-10
1092,7.345843331637424e-10,1.0657141259981398e-10
1093,6.328010808295916e-10,8.438926685314327e-11
1094,5.717522641897009e-10,6.804645729152502e-11
1095,5.049538103066624e-10,5.188015036484926e-11
1096,4.2020439606499896e-10,3.6468022396192236e-11
1097,3.4553618783466053e-10,2.5666776081729028e-11
1098,3.0206603276057593e-10,2.0462534816005543e-11
1099,2.8364483706473364e-10,1.9465939583957756e-11
1100,2.680282437984769e-10,1.986843997536539e-11
1101,2.5318903814218227e-10,2.0457898233200372e-11
1102,2.555045336867406e-10,2.264821299793797e-11
1103,2.5788476798149784e-10,2.536247178917518e-11
1104,2.560579277545969e-10,2.88700732264771e-11
1105,2.4215934392964007e-10,2.9877256289716446e-11
1106,2.4338628094090693e-10,3.2913813786679746e-11
1107,2.7648985947970494e-10,4.077855343651657e-11
1108,3.2299835095169343e-10,5.234849011558755e-11
1109,3.976031687761947e-10,7.628905759754125e-11
1110,4.990833298958686e-10,1.158549615689075e-10
1111,6.384125586564944e-10,1.7078631014471193e-10
1112,7.612266150814598e-10,2.183400552296668e-10
1113,8.028685576038408e-10,2.33430150486269e-10
1114,7.403224607876218e-10,2.10899551376065e-10
1115,6.821145375647162e-10,1.9428846472202972e-10
1116,7.009344914154726e-10,2.0411575500079733e-10
1117,7.553422714035265e-10,2.2594959353924323e-10
1118,8.621732539219414e-10,2.73399982939871e-10
1119,9.475115055197153e-10,3.0654175322945197e-10
1120,1.06000873005596e-09,3.454865992610758e-10
1121,1.1762826933754521e-09,3.788154321729267e-10
1122,1.2491890690022265e-09,3.8862033713159604e-10
1123,1.2549960558567064e-09,3.747288743011708e-10
1124,1.2416249181755745e-09,3.576632141866584e-10
1125,1.2586623143521647e-09,3.4949114848660886e-10
1126,1.2789391418331282e-09,3.453821215830645e-10
1127,1.2305400649057617e-09,3.184777763589663e-10
1128,1.1385664740967509e-09,2.7410797574486097e-10
1129,1.0782503817924968e-09,2.3434180076286287e-10
1130,1.1398942742831227e-09,2.311524389561622e-10
1131,1.1982152304652034e-09,2.2675358602221557e-10
1132,1.221377100167076e-09,2.2392907991602264e-10
1133,1.1994578471521754e-09,2.132247178720837e-10
1134,1.1084189910398624e-09,1.7907316446597066e-10
1135,1.0072741170754845e-09,1.5188680196746048e-10
1136,8.831435567536258e-10,1.2727302011944863e-10
1137,7.334509969768533e-10,9.569032356088306e-11
1138,6.263530483309811e-10,7.305630300864619e-11
1139,5.106556556818798e-10,4.969366693392553e-11
1140,4.102000280146586e-10,3.170137151587396e-11
1141,3.14658442567289e-10,1.7471559851409195e-11
1142,2.51440583821535e-10,1.0040046131755696e-11
1143,1.872028787222418e-10,4.8751123789597035e-12
1144,1.3558215740717362e-10,2.6158728165238018e-12
1145,1.1327269290886178e-10,2.4462947243562665e-12
1146,1.1487333283380812e-10,3.339201440602128e-12
1147,1.290505564019805e-10,5.597788075167571e-12
1148,1.4454205891538612e-10,9.202465260798663e-12
1149,1.703678676854299e-10,1.630532846909749e-11
1150,2.346481430290982e-10,3.224486926065614e-11
1151,3.5418004681344874e-10,6.023538115094489e-11
1152,4.4555384638425624e-10,8.110976002072732e-11
1153,4.322221210195272e-10,8.247866214242163e-11
1154,3.833405867998437e-10,7.559182847569454e-11
1155,3.8535007288843443e-10,7.695407108710014e-11
1156,4.292825697736579e-10,8.753785407697781e-11
1157,4.487570932642947e-10,9.780474305720676e-11
1158,4.370122261485238e-10,1.061816131625072e-10
1159,4.774252710865252e-10,1.317745883317687e-10
1160,6.225128819577375e-10,1.8090548836826084e-10
1161,8.192558444451502e-10,2.3631815577384423e-10
1162,9.600316491291051e-10,2.6844145246859305e-10
1163,1.0303377101531402e-09,2.7247271929330384e-10
1164,1.180537242091855e-09,2.8914173530582007e-10
1165,1.388397900494053e-09,3.2475856871228416e-10
1166,1.4547660628025249e-09,3.3237842388978905e-10
1167,1.3458281489010311e-09,2.987257191167893e-10
1168,1.210610528046073e-09,2.4981017584913455e-10
1169,1.1729982174812438e-09,2.2281498969822453e-10
1170,1.1069086501138036e-09,1.9278417748953203e-10
1171,9.76594767732854e-10,1.5886224059314377e-10
1172,8.683418993248581e-10,1.338810700340368e-10
1173,8.622356707897908e-10,1.3181444921234443e-10
1174,8.722339907032198e-10,1.2825349534102618e-10
1175,8.160455023001121e-10,1.0976417438190483e-10
1176,7.075079494088784e-10,8.540298849922613e-11
1177,6.173254962536059e-10,6.617485761205703e-11
1178,5.340611657258432e-10,4.908484339222982e-11
1179,4.436807084340247e-10,3.453429644407031e-11
1180,3.4363247014014355e-10,2.1402480718032107e-11
1181,2.692402180495157e-10,1.2587007949862226e-11
1182,2.357939814063872e-10,8.84097723912363e-12
1183,2.1045360982717525e-10,6.587819340755397e-12
1184,1.7933572556434168e-10,4.401218692838954e-12
1185,1.4112291180055934e-10,2.216842570658108e-12
1186,1.1737843489373567e-10,1.2565051576828375e-12
1187,9.987378251624479e-11,7.801337412917552e-13
1188,8.280923058123031e-11,4.741303702341234e-13
1189,7.366897340197976e-11,5.224200068772352e-13
1190,7.996183424759895e-11,1.4503074870688835e-12
1191,1.1541210156712187e-10,5.4730804475048406e-12
1192,1.7880478888740948e-10,1.5943964843914434e-11
1193,2.4959475271477335e-10,3.205812467155652e-11
1194,3.0753251659827446e-10,5.0566860557153385e-11
1195,3.723837484241821e-10,7.587734458171017e-11
1196,4.4814394771858757e-10,1.1143880712988406e-10
1197,5.103062873653495e-10,1.440772535145868e-10
1198,5.125562858683221e-10,1.5477398854107923e-10
1199,4.892035650771886e-10,1.5156434128586786e-10
1200,5.020440493713661e-10,1.5331776661317964e-10
1201,5.96311664944678e-10,1.768009615085552e-10
1202,7.44933440405747e-10,2.1370371022631088e-10
1203,8.939333086684315e-10,2.417429985541837e-10
1204,1.0238451779086889e-09,2.5485239618938297e-10
1205,1.1319694011473272e-09,2.5540853965883273e-10
1206,1.2946821630676527e-09,2.792693164838661e-10
1207,1.4131304496681527e-09,3.03702437464688e-10
1208,1.4630196757894821e-09,3.1992011244984416e-10
1209,1.4123988830034061e-09,3.0786680184944175e-10
1210,1.2492955109343337e-09,2.5719599811022433e-10
1211,1.0967996708017663e-09,2.0978065485038187e-10
1212,9.857228096486553e-10,1.7272345469535766e-10
1213,9.330078239338845e-10,1.5199069163856433e-10
1214,9.011437632931894e-10,1.3892434938397773e-10
1215,8.426094429786222e-10,1.208866465307532e-10
1216,7.387340674036384e-10,9.343302353305111e-11
1217,6.200900003656382e-10,6.642906728647123e-11
1218,4.736263945607221e-10,3.94461044285421e-11
1219,3.387351122261201e-10,2.054137603983117e-11
1220,2.448551042715938e-10,1.0505402042255759e-11
1221,1.9366595807026607e-10,6.0061933566465e-12
1222,1.5380420480592595e-10,3.17008663214366e-12
1223,1.2110729742418312e-10,1.5878038177279686e-12
1224,1.0511038658965605e-10,1.0672959558272746e-12
1225,1.0908679283598045e-10,1.152358517408161e-12
1226,1.1561065385938961e-10,1.1754886502561779e-12
1227,1.0015173611704305e-10,6.474045052576696e-13
1228,8.37676155910743e-11,3.7925293033702474e-13
1229,8.545105178395061e-11,4.738399704326775e-13
1230,1.1412314823766572e-10,1.4457776074673897e-12
1231,1.466194647538802e-10,3.7306157429920754e-12
1232,1.5842279051271552e-10,6.306620605116116e-12
1233,1.804060438494855e-10,1.1141227391323913e-11
1234,2.2997151771224813e-10,2.0855346569730267e-11
1235,3.204889151928921e-10,4.144751653237839e-11
1236,3.969617120937353e-10,6.60114010153716e-11
1237,4.399004587819574e-10,8.810467898694849e-11
1238,4.926977160999421e-10,1.1247397840531428e-10
1239,5.600856596843785e-10,1.3422850763259013e-10
1240,6.031178771203737e-10,1.4609531648629773e-10
1241,5.914715039110153e-10,1.4430848534843933e-10
1242,6.131833181914744e-10,1.502365980118513e-10
1243,7.185621666325397e-10,1.7281518506600018e-10
1244,9.431593227443302e-10,2.2423829022755746e-10
1245,1.2034235239633806e-09,2.8742042871140794e-10
1246,1.4212593641477387e-09,3.4126966962109346e-10
1247,1.6225250360578969e-09,3.8637054428236956e-10
1248,1.799667460433203e-09,4.2099198462302703e-10
1249,1.8458827594829564e-09,4.241705320200695e-10
1250,1.5637608587488642e-09,3.3593714650207715e-10
1251,1.161845939620383e-09,2.2459308644797585e-10
1252,9.131659132743034e-10,1.6140698576982287e-10
1253,7.98039294647206e-10,1.275544147431673e-10
1254,7.416031044670806e-10,1.0589521713434639e-10
1255,6.424359503972748e-10,7.757661642003393e-11
1256,5.305541220828004e-10,5.218067612349796e-11
1257,5.090431614435301e-10,4.8226135948077275e-11
1258,5.791062829875559e-10,6.152005689530238e-11
1259,6.278240516047466e-10,7.084835110859222e-11
1260,5.590247346263319e-10,5.960083590363311e-11
1261,4.1349705714835393e-10,3.583238445765247e-11
1262,3.103258650190793e-10,2.1204075840628642e-11
1263,2.54350211561964e-10,1.4162363867015217e-11
1264,2.2159813432245986e-10,1.0352329849565083e-11
1265,1.868359471225332e-10,6.817560631425158e-12
1266,1.5337656249495793e-10,3.872249346120895e-12
1267,1.2258191928910346e-10,1.8430920332358152e-12
1268,8.765646641171058e-11,5.63679670255439e-13
1269,5.967227472529305e-11,1.0191510710016561e-13
1270,5.317792266532831e-11,5.34564678804157e-14
1271,6.469822707973442e-11,2.0037571120606915e-13
1272,8.661618855906318e-11,8.396501785427863e-13
1273,1.0035317560638452e-10,1.865785639065141e-12
1274,1.0859878449646688e-10,2.9004687718274616e-12
1275,1.4480971278667234e-10,6.293045370515738e-12
1276,2.219329893740443e-10,1.5355245080723668e-11
1277,3.0399994212943667e-10,2.785925516798404e-11
1278,3.151693806117884e-10,3.147745502970449e-11
1279,2.8984670610636233e-10,2.7955419078840857e-11
1280,2.9194908859539297e-10,2.695299946676032e-11
1281,3.363379274602886e-10,3.340408614140206e-11
1282,3.7151709879587477e-10,4.2613201156077164e-11
1283,3.896410247874911e-10,5.2935184265179557e-11
1284,4.42285246796914e-10,6.948509515018032e-11
1285,5.461489489673366e-10,9.10402698172809e-11
1286,6.765002173304951e-10,1.166479864566028e-10
1287,7.597975613109623e-10,1.346373410768337e-10
1288,8.445456798068565e-10,1.5395795940195668e-10
1289,1.0609408416180615e-09,2.017312387307275e-10
1290,1.2728360005206466e-09,2.3568377467244746e-10
1291,1.1614552357244382e-09,1.926139342582177e-10
1292,8.06427288579816e-10,1.1175479430965155e-10
1293,5.511230662990657e-10,6.276972690142711e-11
1294,4.992560678717637e-10,5.353065482338679e-11
1295,4.980085429269648e-10,5.110315308477558e-11
1296,3.8201770349388433e-10,2.989662621356668e-11
1297,2.698949232151047e-10,1.5147649930328504e-11
1298,2.643814102460168e-10,1.4500995845004362e-11
1299,3.4327612898237346e-10,2.2537052696960963e-11
1300,3.6479331814967777e-10,2.4087093709846396e-11
1301,2.5729726710490634e-10,1.334289204718178e-11
1302,1.7229429470281702e-10,7.280432295204599e-12
1303,1.6559461373788736e-10,8.372042274845687e-12
1304,1.7575333657275725e-10,1.0129235403581078e-11
1305,1.2306422242457442e-10,4.558050199349421e-12
1306,5.657534991557673e-11,2.951975509495116e-13
1307,3.1499495539411994e-11,4.778876785000029e-16
1308,3.6734432149882766e-11,4.4436320872702774e-15
1309,3.8231061099065113e-11,2.2331174430704203e-14
1310,2.988990949428185e-11,3.9419201094976325e-14
1311,2.8710849007105526e-11,1.5621561504234096e-13
1312,4.4452854107986405e-11,7.950070392554336e-13
1313,8.695736973106578e-11,4.6315713342921506e-12
1314,1.3939880622206364e-10,1.4089914809560882e-11
1315,1.6837341039471304e-10,2.170651557447302e-11
1316,1.9010060534259968e-10,2.370736578671997e-11
1317,2.420854931531103e-10,2.819526953137647e-11
1318,2.906738092117341e-10,3.574889271133807e-11
1319,2.9277431619747055e-10,3.935503296536848e-11
1320,2.908188404052724e-10,4.1587372588399785e-11
1321,3.144505879019294e-10,4.59236861410345e-11
1322,3.5699704317194096e-10,5.377012263849458e-11
1323,3.5934673192813476e-10,5.7217041959067784e-11
1324,3.61705965993732e-10,6.278159354015263e-11
1325,3.7998246757686715e-10,6.962126845906843e-11
1326,4.1074119594091533e-10,7.45470031299085e-11
1327,3.950563240680626e-10,6.65835414911432e-11
1328,3.4440608852177004e-10,5.1077499073530667e-11
1329,3.257934695157747e-10,4.244413745623465e-11
1330,3.60683924670943e-10,4.273090173679698e-11
1331,4.0142584641371616e-10,4.356992467325899e-11
1332,3.420800134000365e-10,2.9218919182335707e-11
1333,2.579695272697062e-10,1.5506813722384066e-11
1334,2.2526208515372538e-10,1.0791113358298082e-11
1335,2.4557526903274903e-10,1.2194013307167566e-11
1336,2.9669749521638774e-10,1.8488271801356628e-11
1337,3.0304333985402445e-10,1.978447872482274e-11
1338,2.879149127875574e-10,1.7554387626257446e-11
1339,3.005240662277698e-10,1.7783789082242958e-11
1340,3.1708650497897925e-10,1.7473447340713137e-11
1341,2.946961799276262e-10,1.3762979405420625e-11
1342,2.2952248345929704e-10,7.98923859259816e-12
1343,1.744800606106805e-10,4.476935758472565e-12
1344,1.358562308153779e-10,2.298402170026637e-12
1345,9.645404434123566e-11,7.046688006882074e-13
1346,5.721648840317207e-11,7.50569848938398e-14
1347,4.128072429536043e-11,7.463267270409894e-14
1348,5.226594109755317e-11,7.548725368394503e-13
1349,7.909378175233921e-11,3.3107540936798657e-12
1350,1.0751159041201047e-10,8.672117855602674e-12
1351,1.2453453854330782e-10,1.5154863549696356e-11
1352,1.333281512495261e-10,1.9308608116228528e-11
1353,1.496720563535166e-10,2.109917233329163e-11
1354,1.6357903162230287e-10,2.0399198590805815e-11
1355,1.5960759839170032e-10,1.8240163195129978e-11
1356,1.625774600622622e-10,1.826091416984647e-11
1357,2.0249269492007427e-10,2.409195777047659e-11
1358,2.825067627154822e-10,3.5625016672606466e-11
1359,3.26096970016039e-10,4.1301563617043035e-11
1360,2.901090486184092e-10,3.247853199916174e-11
1361,2.4961896913757087e-10,2.4275032172183765e-11
1362,2.7065991481109486e-10,2.73534767115772e-11
1363,3.2394952988102256e-10,3.946918240952054e-11
1364,3.425299956879368e-10,5.1905206307176154e-11
1365,3.275619127728827e-10,5.812513799534566e-11
1366,3.4039375038874853e-10,6.40518630739839e-11
1367,3.8720575198118177e-10,6.774122759919792e-11
1368,4.1194798638367467e-10,6.350504384989381e-11
1369,3.804649034852181e-10,5.188592562777021e-11
1370,3.2753039386117e-10,3.9653605872764255e-11
1371,2.999858650814352e-10,3.234496536061938e-11
1372,2.760212361020303e-10,2.5285566927133987e-11
1373,2.444935888618272e-10,1.8380212998806087e-11
1374,2.1638286742585185e-10,1.2378908665627576e-11
1375,2.4453527590672453e-10,1.3563585861444745e-11
1376,3.186013918858354e-10,2.0802267798458803e-11
1377,3.697913650225286e-10,2.6543140687456213e-11
1378,3.656062310536227e-10,2.6165947258665182e-11
1379,3.328172353411231e-10,2.1186884829322436e-11
1380,3.28250163907921e-10,1.9214177766796623e-11
1381,3.2903507890730706e-10,1.8193163046451857e-11
1382,2.9144541901833175e-10,1.4014007962166756e-11
1383,2.3682610123229903e-10,9.327609109247472e-12
1384,1.9970222108717385e-10,6.9915501765310626e-12
1385,1.827095621136768e-10,6.440047960554871e-12
1386,1.5925994557048185e-10,5.219400362952552e-12
1387,1.1723451025848996e-10,2.785537664645586e-12
1388,8.961672411326143e-11,1.7034816531969956e-12
1389,8.592615109047826e-11,2.0264360825528268e-12
1390,1.0803528687113513e-10,4.684996823712491e-12
1391,1.3186110891019813e-10,9.297113751559415e-12
1392,1.3414109743406563e-10,1.1404399204240282e-11
1393,1.1915796237631592e-10,8.700437909696948e-12
1394,1.1058785308184584e-10,5.626126725687018e-12
1395,1.1752540843563458e-10,5.157618039430922e-12
1396,1.4036058090663296e-10,7.772103126188952e-12
1397,1.7075498823807428e-10,1.2379058849391227e-11
1398,1.9368619338541607e-10,1.467416668784408e-11
1399,2.02890860174133e-10,1.235894651517882e-11
1400,1.840714870753753e-10,7.884659863055982e-12
1401,1.754575832773311e-10,7.337119052395772e-12
1402,1.8405954259416083e-10,1.1638575785866293e-11
1403,2.174100292081423e-10,2.3145824458735664e-11
1404,2.44393981237106e-10,3.4850957034395467e-11
1405,2.2638699988937018e-10,3.094789726689208e-11
1406,2.014232462616236e-10,2.1450190142443918e-11
1407,2.2635362644618976e-10,2.1541985795651867e-11
1408,3.004843778036584e-10,3.196532039157372e-11
1409,3.760816162678243e-10,4.481838425320748e-11
1410,3.7518259997701673e-10,4.2403073341899965e-11
1411,2.847690234633551e-10,2.182111573905756e-11
1412,2.01459158973573e-10,7.773634542224419e-12
1413,1.5173732809557216e-10,3.2521876137058657e-12
1414,1.421803785991064e-10,3.037384335408797e-12
1415,1.3784127459505596e-10,2.93608927475876e-12
1416,1.3684002535355325e-10,2.796388854117315e-12
1417,1.2584429945073134e-10,1.960707672980215e-12
1418,1.3360239157461213e-10,2.0433154083015232e-12
1419,1.7122561542906745e-10,3.496331378377707e-12
1420,2.537675224815446e-10,8.736144509854234e-12
1421,3.1731978266728597e-10,1.6066499984597944e-11
1422,3.2669929337799636e-10,2.1164568702804668e-11
1423,2.871749474990177e-10,1.8761670905530384e-11
1424,2.5021529636862623e-10,1.4260644019055776e-11
1425,2.3197581052565493e-10,1.1950788940540175e-11
1426,2.1907341946264404e-10,1.1869150340059941e-11
1427,2.1492812530652105e-10,1.5207288756500856e-11
1428,2.0534976579869834e-10,1.88573606652862e-11
1429,1.5987888366986299e-10,1.484734696122928e-11
1430,1.038605215341263e-10,7.663865996286738e-12
1431,6.732339207220193e-11,3.644497664394535e-12
1432,6.121933491908943e-11,3.656194219324387e-12
1433,7.651421217259472e-11,6.2195588238115825e-12
1434,9.158223298922973e-11,9.33459546280834e-12
1435,9.218084199115529e-11,9.346588577815627e-12
1436,8.985097018587433e-11,6.8440568017103785e-12
1437,1.0361884083726468e-10,5.552591861116044e-12
1438,1.4501031830084366e-10,8.295819257415434e-12
1439,1.8599663185904692e-10,1.5360442977174894e-11
1440,1.9325115619819317e-10,2.39689080641907e-11
1441,2.2398091781741928e-10,3.82675871864967e-11
1442,2.7412569389409045e-10,5.218786591769681e-11
1443,3.105323320076395e-10,5.8021713324540646e-11
1444,3.058438362534617e-10,5.699205726227292e-11
1445,2.9246475824008205e-10,5.671244247189387e-11
1446,3.161857463662174e-10,6.303588624122277e-11
1447,3.66844100835146e-10,6.960291352391781e-11
1448,3.8351998461385515e-10,6.414805952683408e-11
1449,3.30427267211771e-10,4.282773155982155e-11
1450,2.8969492197840707e-10,2.815421505405623e-11
1451,2.699150075687177e-10,2.0161502239394347e-11
1452,2.354285136092554e-10,1.325044039924072e-11
1453,1.721021844668772e-10,6.36964560626812e-12
1454,1.1623305308995205e-10,2.199697270509053e-12
1455,1.0288268571144706e-10,1.330027315622344e-12
1456,1.0597949580873795e-10,1.2405286767155367e-12
1457,1.1138644767087936e-10,1.4431575423028114e-12
1458,1.110311781237482e-10,1.6921937718305259e-12
1459,1.329012028889429e-10,3.236999598404461e-12
1460,1.9177298502845482e-10,7.651334797551e-12
1461,2.828921882891355e-10,1.630150854065422e-11
1462,3.2627284995137985e-10,2.1194860969576912e-11
1463,2.891861421916458e-10,1.7827317576704827e-11
1464,2.37366519141937e-10,1.4238612625092475e-11
1465,2.2470769610067818e-10,1.5780767104385708e-11
1466,2.258079740367235e-10,1.9324032838455122e-11
1467,1.9790649311266195e-10,1.8831887096999753e-11
1468,1.515463674163135e-10,1.473363845829234e-11
1469,1.250469582548154e-10,1.1385395254456621e-11
1470,1.285161023027896e-10,1.1483044597829546e-11
1471,1.4481095550035455e-10,1.4547273385661576e-11
1472,1.6016055567616766e-10,2.0876137074489323e-11
1473,1.6433095794204908e-10,2.6024363666275316e-11
1474,1.608600288965757e-10,2.572118351504693e-11
1475,1.5965350505734134e-10,2.2385561441295602e-11
1476,1.6975210144290864e-10,2.1666660437475452e-11
1477,2.0763637559932767e-10,2.8056163673679064e-11
1478,2.9388766507363665e-10,4.783145776585873e-11
1479,4.0211916776189155e-10,7.633082935281354e-11
1480,4.2427109241889487e-10,8.389836101709872e-11
1481,3.628553465995751e-10,7.000175080963671e-11
1482,2.9668873556229736e-10,5.240708143897381e-11
1483,2.937056631129131e-10,4.938742395562042e-11
1484,3.314173080048936e-10,5.821190757311098e-11
1485,3.524096659604205e-10,6.634233578842888e-11
1486,3.2800947331604135e-10,6.13331438087421e-11
1487,2.97010303356529e-10,4.893686902684561e-11
1488,3.203608686662164e-10,4.419207272465844e-11
1489,3.757557549591788e-10,4.5622092302106806e-11
1490,3.8077349868177887e-10,4.172371799655399e-11
1491,3.269433256605815e-10,3.072765380030261e-11
1492,2.886913922288315e-10,2.2451910031348676e-11
1493,2.9851075412539985e-10,1.9760536398872033e-11
1494,3.2868677676525325e-10,2.0742592191145372e-11
1495,3.0966594560064847e-10,1.8842146688834527e-11
1496,2.785400616102351e-10,1.787404642605638e-11
1497,2.729893346891816e-10,1.8993135843529612e-11
1498,2.729998739187626e-10,1.8438078124606732e-11
1499,2.5912447167702477e-10,1.557334034681927e-11
1500,2.5538829644986004e-10,1.468790973214748e-11
1501,2.8015820942706837e-10,1.7798316971525326e-11
1502,3.528751024702389e-10,2.957976425323191e-11
1503,3.878085685748205e-10,3.837035754947775e-11
1504,3.54703749637363e-10,3.5791848440848616e-11
1505,3.1414456700608517e-10,2.7504127065652427e-11
1506,3.006382499751297e-10,2.1667822439975608e-11
1507,3.036647068910472e-10,2.080737398038234e-11
1508,2.5534901540879944e-10,1.7198236773995186e-11
1509,2.0046447198982423e-10,1.3903115566068688e-11
1510,1.572281511984608e-10,1.0076712325736403e-11
1511,1.2636023430263955e-10,6.248660331427286e-12
1512,1.1214384739090057e-10,4.287378580065198e-12
1513,1.0903111710070845e-10,4.2312219622005535e-12
1514,1.2763255341581097e-10,7.088639676965721e-12
1515,1.539721487133601e-10,1.1818158475117893e-11
1516,1.7402784470015836e-10,1.5242874958904784e-11
1517,1.7302482623878328e-10,1.3542274135808717e-11
1518,1.7031903766570851e-10,1.0394218882147158e-11
1519,1.9646988276812128e-10,1.1904063351303065e-11
1520,2.5037486630699194e-10,1.928167907409682e-11
1521,3.2623032068171816e-10,3.5073377891430257e-11
1522,3.908705134123356e-10,5.320403821611172e-11
1523,3.770997533167861e-10,5.395452567230012e-11
1524,3.124684089009335e-10,3.988841912294191e-11
1525,2.621112475329192e-10,2.837352651774317e-11
1526,2.5922824157412477e-10,2.5966870053950388e-11
1527,2.913135916739218e-10,3.112477389639818e-11
1528,3.1758456190677125e-10,3.728990932584851e-11
1529,3.3013080050645107e-10,4.0879292728579815e-11
1530,3.474824977951266e-10,4.087004160484643e-11
1531,3.855665717248516e-10,4.1243542456991847e-11
1532,3.833193488871084e-10,3.527161119873973e-11
1533,3.620049867591522e-10,3.1918071251152535e-11
1534,3.4335524224623e-10,3.05692788320687e-11
1535,3.745231244551928e-10,3.678820362421763e-11
1536,4.0751202688790274e-10,4.369288298430479e-11
1537,3.542672895687119e-10,3.555376900794663e-11
1538,2.7125031805768443e-10,2.305475014486455e-11
1539,2.2707995933255862e-10,1.5539254158804736e-11
1540,2.2199471702661397e-10,1.2570999734206958e-11
1541,2.139077029378958e-10,1.096258789100051e-11
1542,1.956566230925745e-10,1.0549712782246125e-11
1543,1.8189466634512818e-10,1.066715184007937e-11
1544,1.894855525868526e-10,1.2503622018626893e-11
1545,2.1175627566385603e-10,1.5832630600354714e-11
1546,2.228651590284062e-10,1.7727660468345523e-11
1547,2.296136671731435e-10,1.830185547862354e-11
1548,2.3802718434785843e-10,1.7909129456608778e-11
1549,2.2060196704543597e-10,1.4039294302219578e-11
1550,1.8025499997266612e-10,8.881482483978035e-12
1551,1.5046392724470925e-10,6.205924612252054e-12
1552,1.4501731967749558e-10,5.9905573417685896e-12
1553,1.425324224441128e-10,6.495344398665796e-12
1554,1.230325571378349e-10,5.9991877842897665e-12
1555,1.001006455330541e-10,5.184519145085873e-12
1556,1.0044714795879951e-10,6.033056629111074e-12
1557,1.2515230256815839e-10,8.996134341453062e-12
1558,1.5918484746186097e-10,1.4894760157026356e-11
1559,1.6934549031894317e-10,2.0026284108409665e-11
1560,1.61329576687727e-10,2.17559412390727e-11
1561,1.6845634336018775e-10,2.3285420910800873e-11
1562,2.0326480118609256e-10,2.93068515423398e-11
1563,2.4128565158256847e-10,3.598633906681078e-11
1564,2.4976737821999575e-10,3.7933875139959754e-11
1565,2.563773033134788e-10,3.8801194984014996e-11
1566,2.655608345020058e-10,3.662653285283268e-11
1567,2.900573576631835e-10,3.7246042443421816e-11
1568,3.014877133373171e-10,3.791857841417924e-11
1569,3.193517434220039e-10,4.1271786162742144e-11
1570,3.591020396813191e-10,4.77185602753192e-11
1571,4.351486317274101e-10,6.108656350222777e-11
1572,5.033230348207452e-10,7.289369627808142e-11
1573,5.286272641852236e-10,7.591451625484541e-11
1574,5.349515340211971e-10,7.293884726373719e-11
1575,5.426639043347832e-10,6.815361870083076e-11
1576,5.624349896665064e-10,6.92417535313668e-11
1577,5.991969394942741e-10,7.919488046110109e-11
1578,6.218166020044101e-10,8.772814893833109e-11
1579,5.902272366274807e-10,8.317691552098023e-11
1580,4.74151899419444e-10,5.844705721689228e-11
1581,3.342203981554364e-10,3.1339280663854676e-11
1582,2.5519664180325697e-10,1.7789953928724054e-11
1583,2.35161500243747e-10,1.4852716291923903e-11
1584,2.3488429899895077e-10,1.654676457165373e-11
1585,2.283105283073523e-10,1.8833366809426207e-11
1586,2.072764446426051e-10,1.777478764452385e-11
1587,1.908957213510554e-10,1.4387040298833319e-11
1588,1.9826099610111487e-10,1.2631429669407467e-11
1589,2.0966101520033684e-10,1.2614131939957862e-11
1590,2.1461765417200805e-10,1.3832094336199152e-11
1591,2.1283926983336624e-10,1.531589675675962e-11
1592,2.0565924446223242e-10,1.5261187097938706e-11
1593,1.968889719227526e-10,1.3971484237989523e-11
1594,1.797287384297596e-10,1.1729634481651258e-11
1595,1.6475083739632597e-10,1.1105703763860577e-11
1596,1.591609468484374e-10,1.2600111491211927e-11
1597,1.5202552516061763e-10,1.4079587342335964e-11
1598,1.4977763738182975e-10,1.5249986334894957e-11
1599,1.518358127721607e-10,1.5180374848167457e-11
1600,1.6353456241094055e-10,1.5803175099482877e-11
1601,1.9134179521284189e-10,2.066962759795812e-11
1602,2.34995213516553e-10,3.211525719317082e-11
1603,2.828810110447556e-10,4.8015909667376346e-11
1604,3.0442513110679456e-10,5.656326566667655e-11
1605,3.0168233218470965e-10,5.5992239061481716e-11
1606,2.978839637401723e-10,5.319110768679353e-11
1607,3.458790378658914e-10,6.309406307339973e-11
1608,4.602722845513846e-10,9.342009061245265e-11
1609,5.85437285129005e-10,1.2862046860387277e-10
1610,6.449270665673767e-10,1.3993048016623024e-10
1611,6.481866853095853e-10,1.2614457053055122e-10
1612,6.595703833940781e-10,1.0656783905398175e-10
1613,7.287770410583848e-10,1.0655220889274528e-10
1614,7.381118487505028e-10,1.041213422961832e-10
1615,6.655590539701478e-10,9.289603272276145e-11
1616,6.103947073065197e-10,8.526038343721076e-11
1617,6.279007564758916e-10,8.548630375914824e-11
1618,6.554959129771605e-10,8.210074102225988e-11
1619,6.638394882871986e-10,8.150218249713381e-11
1620,6.222746477004677e-10,7.672077954386405e-11
1621,6.501207428791199e-10,8.454027254166905e-11
1622,6.858353782977072e-10,8.714976665150565e-11
1623,6.424192262339686e-10,7.3858947350344e-11
1624,5.171591699638883e-10,4.8948186760310204e-11
1625,4.573387843600674e-10,3.6520834148583e-11
1626,4.36513726247734e-10,2.919477275869223e-11
1627,4.031876489614582e-10,2.376413194207216e-11
1628,2.9739439567239855e-10,1.3569556424601153e-11
1629,2.1274194249904792e-10,6.983901509075914e-12
1630,1.8256807770909664e-10,4.732405193391601e-12
1631,1.768554977018236e-10,4.144798569476688e-12
1632,1.5030633097062483e-10,3.112855420876055e-12
1633,1.3494310556716192e-10,3.5458181893205964e-12
1634,1.583266547322495e-10,7.046678147758264e-12
1635,2.2084897011858692e-10,1.4686248010389853e-11
1636,2.617923050607006e-10,2.102069722325484e-11
1637,2.403742954651187e-10,2.0035318615785868e-11
1638,1.9310144844013266e-10,1.4433539410797912e-11
1639,1.8589286966852392e-10,1.2811410173859203e-11
1640,2.0379960685409193e-10,1.4854408257616187e-11
1641,2.1479275792214366e-10,1.824782175445554e-11
1642,2.163292007588631e-10,2.2506440979296175e-11
1643,2.307686389468197e-10,2.862196211976035e-11
1644,2.491135327267765e-10,3.3360223802103587e-11
1645,2.624318008434618e-10,3.638787473310154e-11
1646,2.561136018424377e-10,3.6468180969537556e-11
1647,2.590599618820967e-10,3.832712712949257e-11
1648,3.0440488179432347e-10,4.841087331907504e-11
1649,3.8601490083459753e-10,6.727407472125445e-11
1650,4.943723791538083e-10,9.371851561848522e-11
1651,5.877779468792361e-10,1.1772180998828827e-10
1652,6.683630818989154e-10,1.3402869783777666e-10
1653,7.265831133485486e-10,1.369925636297554e-10
1654,7.570548223807683e-10,1.321317405852577e-10
1655,7.200054712367411e-10,1.1368834357621273e-10
1656,6.157709463394516e-10,8.799731345345081e-11
1657,4.910046296604136e-10,6.402636548427112e-11
1658,4.097664588484736e-10,4.947901548195069e-11
1659,3.839882564452909e-10,4.267980889659685e-11
1660,3.787943262937696e-10,3.769529075865712e-11
1661,3.4544796590979e-10,2.8739995620195954e-11
1662,3.118302778606349e-10,2.2761440611173987e-11
1663,3.16427659614744e-10,2.2346493960444276e-11
1664,3.7874906727179213e-10,2.8051131307447352e-11
1665,4.2780127561631144e-10,3.067494962660847e-11
1666,4.092949406317466e-10,2.697000654752575e-11
1667,3.599931407076346e-10,2.119029353204455e-11
1668,3.474674168730225e-10,1.9653600156853282e-11
1669,3.644357969321844e-10,2.1946321748825772e-11
1670,3.2975570291042607e-10,1.8751911559803014e-11
1671,2.473996000112096e-10,1.1175168056977876e-11
1672,1.9281917742697925e-10,6.8563150030743354e-12
1673,1.7449513713624388e-10,5.3561651569074285e-12
1674,1.8450571735661738e-10,6.9236781217968416e-12
1675,1.9713178369142608e-10,1.0761396660756802e-11
1676,1.981859533904003e-10,1.4638871827450088e-11
1677,1.9263944581409493e-10,1.6114989805016512e-11
1678,1.708336223267883e-10,1.347164832127047e-11
1679,1.3877899639340348e-10,9.121094645768445e-12
1680,1.2156351502287538e-10,7.830427153899442e-12
1681,1.224656806355972e-10,9.126401386225382e-12
1682,1.3950900068571718e-10,1.2516966394756572e-11
1683,1.5846805342664596e-10,1.5405543630753953e-11
1684,1.7798326398549284e-10,1.773504327225397e-11
1685,2.1126670333695944e-10,2.2489485587593113e-11
1686,2.8343076043776083e-10,3.7318893860949344e-11
1687,3.7245495233456804e-10,6.462040543557388e-11
1688,4.5225316930057916e-10,1.0097238291841922e-10
1689,5.073204251711602e-10,1.3036975912011304e-10
1690,5.495713189730929e-10,1.4809382868928114e-10
1691,6.006430510803766e-10,1.6172482774173556e-10
1692,6.63158917363111e-10,1.799669650990193e-10
1693,7.020242341863186e-10,1.9217674477315914e-10
1694,7.272899111199525e-10,1.9552929947328347e-10
1695,7.207752118290216e-10,1.740184903748019e-10
1696,6.965745888685299e-10,1.4099545853823932e-10
1697,6.05551639103284e-10,9.740629611480932e-11
1698,4.742759724510084e-10,5.955662993822116e-11
1699,3.821541670324631e-10,4.009814732453773e-11
1700,3.54739195313244e-10,3.474374607297997e-11
1701,3.647708691934852e-10,3.384372623142279e-11
1702,3.5304828139603993e-10,2.937411157558428e-11
1703,3.4059929513625485e-10,2.6186961723074367e-11
1704,3.699706575701849e-10,2.8003651441715686e-11
1705,4.5779456711426537e-10,3.74757518858319e-11
1706,5.449095276440675e-10,4.867069369321816e-11
1707,5.510294387762844e-10,4.964914733121576e-11
1708,5.247634531252872e-10,4.569713974215847e-11
1709,5.006764835372967e-10,3.9586709570292244e-11
1710,4.694265530023321e-10,3.2861822639054695e-11
1711,3.95489004984347e-10,2.4188611157938298e-11
1712,2.9935896052578087e-10,1.44952425460769e-11
1713,2.467381203106297e-10,1.0544250518083785e-11
1714,2.1515556163083035e-10,9.037198469994849e-12
1715,1.74699956997287e-10,7.75594498841063e-12
1716,1.422441918423582e-10,7.438626351325492e-12
1717,1.3764669652467034e-10,9.17378091825441e-12
1718,1.6172383996095943e-10,1.398919510547711e-11
1719,1.8732681970599348e-10,1.975204643584266e-11
1720,2.015151642798903e-10,2.436957867410592e-11
1721,2.0511298421983536e-10,2.4256030215822183e-11
1722,2.3023089567581043e-10,2.2518298602335845e-11
1723,2.4602079105607596e-10,1.8380392701258907e-11
1724,2.4273204557583445e-10,1.581744910976471e-11
1725,2.4125530113886873e-10,1.6518790932237162e-11
1726,3.01851015043209e-10,2.7721144941323356e-11
1727,4.0972234110830874e-10,5.1881177671223554e-11
1728,4.711367450283945e-10,7.439013254406981e-11
1729,4.624974459427047e-10,8.360328630638409e-11
1730,5.084934634200342e-10,1.0212506236763985e-10
1731,7.02412683311597e-10,1.5576485046995624e-10
1732,1.016253544925026e-09,2.5043447791789157e-10
1733,1.218719792725269e-09,3.2315885580229557e-10
1734,1.1977053500282868e-09,3.147737771078043e-10
1735,1.1456726806181626e-09,2.6620555013684016e-10
1736,1.1559150896603848e-09,2.2022117022768113e-10
1737,1.1423026072953853e-09,1.8421235161217667e-10
1738,9.586957783987558e-10,1.361521677084891e-10
1739,7.591762249288014e-10,9.839278380972563e-11
1740,6.347026867530759e-10,7.374698579818752e-11
1741,5.88055327017444e-10,6.24027956248264e-11
1742,5.541208334213788e-10,5.47001703908585e-11
1743,5.275223672261799e-10,4.962250038113388e-11
1744,5.581729045944126e-10,5.3139742043913865e-11
1745,6.644286164659913e-10,6.8508011883819e-11
1746,7.820939104194467e-10,8.82784740393312e-11
1747,7.975809753915667e-10,9.210536478535007e-11
1748,7.943285095359319e-10,9.562777397884198e-11
1749,8.590534331766787e-10,1.1157157687605327e-10
1750,1.0067770414813584e-09,1.413286994489834e-10
1751,1.0715263352615345e-09,1.5413284215875446e-10
1752,1.0181130026870673e-09,1.429208511158734e-10
1753,9.305798358505191e-10,1.196507660648705e-10
1754,8.860149139559773e-10,1.0009840589604247e-10
1755,8.176756154704253e-10,8.029985786873506e-11
1756,6.640704014008432e-10,5.5041160556324957e-11
1757,4.743995696070231e-10,3.0736746576710443e-11
1758,3.675861885642131e-10,2.0905896202318615e-11
1759,3.351912418472309e-10,1.9513664920449942e-11
1760,3.2262315704867e-10,1.9359331964723655e-11
1761,3.112931434417576e-10,1.820611580185976e-11
1762,2.990402977433381e-10,1.6315936365404135e-11
1763,3.312530636878656e-10,1.9243450055155932e-11
1764,3.959833296005008e-10,2.5908057281854217e-11
1765,4.4985492756288194e-10,3.255011356962993e-11
1766,4.885558535830963e-10,4.039394654543199e-11
1767,5.343085278122429e-10,5.053759990477629e-11
1768,6.035819129476547e-10,6.372322508036221e-11
1769,6.744238332681945e-10,8.167750716934222e-11
1770,7.0837659983103e-10,9.652084352988676e-11
1771,7.145523369834857e-10,1.0339828063362883e-10
1772,7.120311771016403e-10,1.0373383620784362e-10
1773,7.446930195687924e-10,1.0956382216633575e-10
1774,7.778857145842317e-10,1.1308608517328518e-10
1775,8.619037913636774e-10,1.321112298184531e-10
1776,9.766634094153515e-10,1.6268892284381247e-10
1777,1.0708113276715173e-09,1.8623122433718944e-10
1778,1.0797304837698864e-09,1.8417665199545271e-10
1779,1.0188027547485557e-09,1.6096158294984323e-10
1780,9.394850938298345e-10,1.2934239692615296e-10
1781,8.878177793936191e-10,1.0816164647963777e-10
1782,8.234576333910682e-10,8.905897287853453e-11
1783,7.660750303381473e-10,7.552195978306039e-11
1784,7.308524966832672e-10,6.715517405617267e-11
1785,7.293092920439874e-10,6.56823527763142e-11
1786,7.4379161401163e-10,6.771264052408294e-11
1787,7.136639454876674e-10,6.577259225064956e-11
1788,6.787364700043064e-10,6.457533824237445e-11
1789,6.208973473233406e-10,5.6581840952368236e-11
1790,5.975893225095493e-10,5.32928230125883e-11
1791,6.141424126994797e-10,5.546951820555114e-11
1792,6.435192567805938e-10,5.7846436839248044e-11
1793,6.664769618770284e-10,5.86551584533647e-11
1794,6.961886736851041e-10,6.330167250755543e-11
1795,7.444227406783532e-10,7.078938419101033e-11
1796,7.785197585404806e-10,7.29461746221767e-11
1797,7.460382002361342e-10,6.507599765278672e-11
1798,6.506077729948723e-10,5.140619273398371e-11
1799,5.692227475967187e-10,4.08538993453914e-11
1800,5.395352913457323e-10,3.666749504578875e-11
1801,5.225529440572734e-10,3.450362105560255e-11
1802,4.350254387104771e-10,2.4436217709269896e-11
1803,3.506321626928782e-10,1.7463133494104603e-11
1804,3.139915644310412e-10,1.540225648818034e-11
1805,3.45684700406856e-10,2.0581381340002504e-11
1806,3.9203142929847185e-10,2.9144614149577225e-11
1807,4.1153701117506737e-10,3.644690433930538e-11
1808,4.4844139303842846e-10,4.712643026410491e-11
1809,5.494697462444331e-10,6.585483859317308e-11
1810,7.300473807209604e-10,9.943939354895831e-11
1811,8.867844613814032e-10,1.3598845832640249e-10
1812,9.36461000804408e-10,1.575013840631647e-10
1813,9.830827848040022e-10,1.7612692143646807e-10
1814,1.0097770341293814e-09,1.8223545916636888e-10
1815,9.840022579185061e-10,1.7697183158603848e-10
1816,8.969446146774853e-10,1.6103160862222364e-10
1817,8.450610399713989e-10,1.5458407764937795e-10
1818,9.091109320172294e-10,1.767661576283227e-10
1819,1.0357322041172753e-09,2.1442623854636811e-10
1820,1.075738778576322e-09,2.2703272385420558e-10
1821,1.0511373824090451e-09,2.2226540964257228e-10
1822,1.093464514076946e-09,2.2380092065511258e-10
1823,1.2023973889152027e-09,2.3186171550584217e-10
1824,1.209005676281344e-09,2.1979241691421903e-10
1825,1.052039213675224e-09,1.74372823318558e-10
1826,8.669364575781719e-10,1.211763472708143e-10
1827,7.939444542874669e-10,9.29652134015484e-11
1828,7.592975244025425e-10,7.48552516924883e-11
1829,6.920546806983137e-10,6.127584558196295e-11
1830,6.104609687345142e-10,5.001095654727631e-11
1831,5.943102447747769e-10,4.650698947186752e-11
1832,6.19374597809419e-10,4.69898738723497e-11
1833,6.137889161259721e-10,4.5264200388887464e-11
1834,5.409577940144101e-10,3.628166452193587e-11
1835,4.983775725580144e-10,3.211962693703547e-11
1836,5.416177159506478e-10,3.694341568313555e-11
1837,6.240467828259372e-10,4.629612950653211e-11
1838,6.53509260986925e-10,4.955787566402334e-11
1839,5.884243103660422e-10,4.008596975604913e-11
1840,5.45060861579103e-10,3.419591219944127e-11
1841,5.434741708286384e-10,3.175672550261155e-11
1842,5.678751431846088e-10,3.3971985336354555e-11
1843,5.285389451461716e-10,3.1231349311070725e-11
1844,4.344741103486644e-10,2.3692272567185042e-11
1845,3.690801698110867e-10,2.019912910647058e-11
1846,3.5706777855234167e-10,2.1874647605882655e-11
1847,3.9774189839407134e-10,3.045352409969641e-11
1848,4.674073453952423e-10,4.50965289247224e-11
1849,5.425633962445108e-10,6.09538412195702e-11
1850,6.309653825536798e-10,7.90125962929277e-11
1851,7.490013266769527e-10,1.012162326319823e-10
1852,8.726685430596499e-10,1.2207374893144757e-10
1853,9.44426975759021e-10,1.3416160242310512e-10
1854,9.45757125280158e-10,1.4436394393874372e-10
1855,9.347562113289147e-10,1.563853698709593e-10
1856,9.262805311964206e-10,1.651898530011364e-10
1857,9.394403239932541e-10,1.7382772987886576e-10
1858,9.18635285967331e-10,1.6466923994316632e-10
1859,9.036190169779883e-10,1.498974145203935e-10
1860,9.150339120354937e-10,1.418240479307171e-10
1861,1.0068245809872036e-09,1.5979270070798506e-10
1862,1.1698467537933308e-09,2.0088076390612755e-10
1863,1.3044712210877193e-09,2.377454283713123e-10
1864,1.3312633626749047e-09,2.5133306400901013e-10
1865,1.2022741726247136e-09,2.1970486352954665e-10
1866,1.0502766980862593e-09,1.8078288461952367e-10
1867,9.460668692999886e-10,1.510233336255033e-10
1868,8.777567890936981e-10,1.303638228192049e-10
1869,8.266831045968587e-10,1.1354596546532624e-10
1870,7.674090474528926e-10,9.038832173507466e-11
1871,6.990382313399066e-10,6.5508076536439e-11
1872,6.660640878167991e-10,5.185369908786994e-11
1873,6.576029912431872e-10,4.573187308193112e-11
1874,6.663816501304306e-10,4.468553364796189e-11
1875,6.253496763146304e-10,3.991574455091164e-11
1876,5.469454043294973e-10,3.347325230286781e-11
1877,4.908206412741875e-10,2.9116248297829964e-11
1878,4.80295452555295e-10,2.675945808240393e-11
1879,5.145351380064824e-10,2.9471466624643296e-11
1880,5.516160074791723e-10,3.333253038208237e-11
1881,6.121871335467175e-10,3.989135315512604e-11
1882,6.732365943238115e-10,4.483202436903739e-11
1883,7.297865259723326e-10,5.17805905717808e-11
1884,6.880344742672364e-10,4.805036811893934e-11
1885,5.746226233939578e-10,3.5003057925369235e-11
1886,4.909792383044334e-10,2.7237921399826893e-11
1887,4.469298395245759e-10,2.3924954521592167e-11
1888,4.067078514641215e-10,2.1372584357606934e-11
1889,3.5489228445668187e-10,1.8960839101581215e-11
1890,3.100732553365496e-10,1.6342370701409723e-11
1891,2.98065429028428e-10,1.4884459829919614e-11
1892,3.262625554651708e-10,1.617228177237782e-11
1893,3.81801531464221e-10,2.1543844573048498e-11
1894,4.223752427339076e-10,2.741289066685151e-11
1895,4.540400124969678e-10,3.268406042770466e-11
1896,5.132625083576044e-10,4.063602546595449e-11
1897,6.128333937062794e-10,5.0914089287353533e-11
1898,7.430551870987803e-10,6.412571285563084e-11
1899,8.113204645674315e-10,7.136934339727176e-11
1900,8.331687473770177e-10,7.400919652389224e-11
1901,8.69750722754083e-10,7.822868021903357e-11
1902,9.401745073095493e-10,8.745652985189886e-11
1903,1.003645849902543e-09,9.745786920375892e-11
1904,9.786623633984422e-10,9.67732205140312e-11
1905,8.891970719104102e-10,8.82645127013791e-11
1906,8.312656041687242e-10,8.594393538153176e-11
1907,8.152763472822437e-10,8.792164718082572e-11
1908,7.786424991507833e-10,8.130849497347298e-11
1909,6.652025674544124e-10,6.036896688563539e-11
1910,5.630055394960972e-10,4.4881153314478505e-11
1911,5.197438645325701e-10,3.810072942426125e-11
1912,5.38359972456799e-10,3.941605950584336e-11
1913,5.449420237334664e-10,4.0368733153668435e-11
1914,5.071067887717377e-10,3.702385717990079e-11
1915,4.789097255475347e-10,3.4284976555005194e-11
1916,4.943317859280166e-10,3.36383001103644e-11
1917,5.485456579658024e-10,3.790742638180097e-11
1918,5.549875393683987e-10,3.802958674013913e-11
1919,5.430154901493665e-10,3.7726070235176025e-11
1920,5.502848365144147e-10,3.8895585008942365e-11
1921,5.956064626255455e-10,4.347338674578388e-11
1922,6.405046952204277e-10,4.7767826811310376e-11
1923,6.370604705594826e-10,4.49901898092898e-11
1924,6.070600937304046e-10,3.865389783241828e-11
1925,5.750256656464793e-10,3.3588453442536396e-11
1926,5.511055411838072e-10,3.18509078914286e-11
1927,5.233882796448972e-10,3.198038730371269e-11
1928,4.904820435236529e-10,3.258790712022774e-11
1929,4.696679769123376e-10,3.462414712096034e-11
1930,4.541147208222425e-10,3.546153910497404e-11
1931,4.547847000486107e-10,3.684282594249866e-11
1932,4.770123498770565e-10,4.067025603723858e-11
1933,5.180303245747145e-10,4.8018447404747747e-11
1934,5.897426860179281e-10,5.939246539453041e-11
1935,6.471989104807205e-10,6.718962783762675e-11
1936,6.537755786291433e-10,6.423316771997138e-11
1937,6.180169935710073e-10,5.4226444378305604e-11
1938,6.026028247591194e-10,4.769531740394124e-11
1939,6.102410619141091e-10,4.392673656820901e-11
1940,6.135029088674426e-10,4.080885529573085e-11
1941,5.954146648004458e-10,3.789057198968583e-11
1942,5.971393526234068e-10,3.6922829206291004e-11
1943,6.739435796106416e-10,4.373671409575772e-11
1944,7.971980937383683e-10,5.5971529337607394e-11
1945,9.057697228926841e-10,7.011836244717642e-11
1946,9.355364563977316e-10,7.621705472446369e-11
1947,9.253761944809309e-10,7.669558701363302e-11
1948,9.327942332496852e-10,7.984073791991617e-11
1949,9.35215349070594e-10,8.206674245055117e-11
1950,9.188150113457916e-10,8.31513270884282e-11
1951,8.830596467215751e-10,8.229880543467339e-11
1952,8.469018689620689e-10,8.06404298970309e-11
1953,8.281989432370315e-10,7.948246829548984e-11
1954,7.660215994630404e-10,6.678200485490426e-11
1955,7.016292984889793e-10,5.502715183709581e-11
1956,6.882025869778063e-10,5.313195148831351e-11
1957,6.962503097760824e-10,5.394485752891644e-11
1958,6.949388286024684e-10,5.727112032521831e-11
1959,6.452924419598216e-10,5.7265969971939636e-11
1960,5.851489097206703e-10,5.089681838170845e-11
1961,5.51786560166653e-10,4.269038077764092e-11
1962,5.279320999877062e-10,3.639884652564609e-11
1963,4.659618071485317e-10,2.7362267101915576e-11
1964,4.146504379580226e-10,2.228180089517951e-11
1965,4.326450470428045e-10,2.472708637402093e-11
1966,5.095381388660926e-10,3.2563716028525015e-11
1967,6.035443988931714e-10,4.5302428317402e-11
1968,6.618150498831159e-10,5.683434505147338e-11
1969,7.483486953944084e-10,7.471412360867402e-11
1970,9.274184980665815e-10,1.0798463065658577e-10
1971,1.1136441668482703e-09,1.4459927156406692e-10
1972,1.1323906792811976e-09,1.5064784760855912e-10
1973,1.0162410132675412e-09,1.3337821426363942e-10
1974,1.0023338404116757e-09,1.331917503780413e-10
1975,1.1505100605582611e-09,1.5704940314164932e-10
1976,1.3408912435002822e-09,1.9126201526447738e-10
1977,1.3813135514770221e-09,2.018781467111256e-10
1978,1.267512453069407e-09,1.7598549579336125e-10
1979,1.2124368465599844e-09,1.5784113831240212e-10
1980,1.3384516341893833e-09,1.7785138828630007e-10
1981,1.524002233078438e-09,2.154020145459221e-10
1982,1.64614627041848e-09,2.479182088282419e-10
1983,1.775833293511424e-09,2.897210217157984e-10
1984,2.053498460034311e-09,3.567385312114592e-10
1985,2.5137703130104006e-09,4.550401244405776e-10
1986,2.800607809527471e-09,5.020228688970403e-10
1987,2.643302499326607e-09,4.495952766989365e-10
1988,2.2737904266364126e-09,3.60114393426176e-10
1989,2.0503326399379342e-09,3.0248089098627847e-10
1990,1.9377745769636468e-09,2.649761352253251e-10
1991,1.7562679635131115e-09,2.310809648899324e-10
1992,1.4727334221350196e-09,1.8501107516871938e-10
1993,1.2676727878879625e-09,1.5021498220143105e-10
1994,1.1811877414042408e-09,1.3040195400837486e-10
1995,1.1358853389776662e-09,1.1701639530972596e-10
1996,1.0590104688770325e-09,1.0049952632998045e-10
1997,1.0103134387886312e-09,9.003374647379063e-11
1998,1.046245792600551e-09,9.146787557242333e-11
1999,1.1007132803201956e-09,9.846600646540695e-11
2000,1.0396275309873515e-09,9.273744185965647e-11
2001,8.916628964661842e-10,7.828732769917967e-11
2002,7.644934832251677e-10,6.378561560874214e-11
2003,7.263975698597966e-10,5.991229255565064e-11
2004,7.280862761365372e-10,6.24664942083242e-11
2005,6.794440497187621e-10,5.887033671991547e-11
2006,6.278593057882703e-10,5.6386421106218916e-11
2007,6.235555278195897e-10,5.4899492424693684e-11
2008,6.663860496292797e-10,5.5306199110539005e-11
2009,6.964909938273242e-10,5.612741614066418e-11
2010,6.661077105178841e-10,5.365805478112952e-11
2011,6.51592631936841e-10,5.609111619075587e-11
2012,7.093603529326026e-10,6.978412317286132e-11
2013,8.610353272786698e-10,9.833724553447469e-11
2014,1.0261739418704586e-09,1.2731741209922914e-10
2015,1.144852424396128e-09,1.4610740463806383e-10
2016,1.2494511221881813e-09,1.612283223197938e-10
2017,1.3918570244768774e-09,1.8347912763830536e-10
2018,1.5290748333898686e-09,2.0265026399617761e-10
2019,1.5770559826139274e-09,2.1321183128288557e-10
2020,1.5277440580536993e-09,2.1238775260265422e-10
2021,1.5546021215258764e-09,2.292657292615625e-10
2022,1.65550635420787e-09,2.534678918551119e-10
2023,1.7475172301620602e-09,2.714298863320613e-10
2024,1.7279683480700196e-09,2.653990112136144e-10
2025,1.7525780312560982e-09,2.675823285696023e-10
2026,1.921427529490727e-09,2.8932758311697464e-10
2027,2.1902883277539678e-09,3.2977436152345837e-10
2028,2.402929181046638e-09,3.7357226098967375e-10
2029,2.5179941933031172e-09,4.0600303374589655e-10
2030,2.6769965224479744e-09,4.451703487474722e-10
2031,2.8805553602942172e-09,5.050389239516482e-10
2032,2.8995164718812016e-09,5.218206398985636e-10
2033,2.769824308582556e-09,5.066362116576103e-10
2034,2.6816088939357068e-09,4.928965130240994e-10
2035,2.6741938483230165e-09,4.784643680819258e-10
2036,2.613456995257224e-09,4.41151744400093e-10
2037,2.3349673103280272e-09,3.6650827196995126e-10
2038,1.9902685802274154e-09,2.853659762190695e-10
2039,1.7427879458144335e-09,2.2923861101619545e-10
2040,1.5248576160802798e-09,1.8062982793204383e-10
2041,1.2329640273924988e-09,1.2884149067574097e-10
2042,9.22254515349641e-10,8.353653831076375e-11
2043,7.398749037904791e-10,5.935848487978286e-11
2044,7.045934890510109e-10,5.217059254038147e-11
2045,7.297313897867683e-10,5.0721655322091826e-11
2046,7.118394304438675e-10,4.4649006925512416e-11
2047,6.957407308062613e-10,4.0009350424414985e-11
2048,7.234161799562138e-10,3.955846826648603e-11
2049,7.492287263058592e-10,3.986304106684735e-11
2050,6.807241388136476e-10,3.412876346253096e-11
2051,5.562107385140875e-10,2.670924031570223e-11
2052,5.085630210398137e-10,2.6433427374534622e-11
2053,5.356575467575899e-10,3.179970649343385e-11
2054,5.643698324673548e-10,3.822062000240851e-11
2055,5.271179930752912e-10,3.6751424021913614e-11
2056,5.093507513789835e-10,3.5379783035949065e-11
2057,6.048687700089894e-10,4.269553455154659e-11
2058,7.847924847298599e-10,5.824277870104467e-11
2059,9.059379047832238e-10,7.123948471496794e-11
2060,9.35812071367312e-10,7.774338353556657e-11
2061,1.0071178400536363e-09,9.148066684016025e-11
2062,1.197006306949643e-09,1.2442313793579955e-10
2063,1.3843154764340163e-09,1.6124975340686049e-10
2064,1.4018391112669178e-09,1.7306224760226597e-10
2065,1.3119231344537086e-09,1.6248136374396023e-10
2066,1.21298497336941e-09,1.3762992522287815e-10
2067,1.1183028284234371e-09,1.1324250155114794e-10
2068,9.955501776600096e-10,9.192782515806224e-11
2069,9.040390479446641e-10,7.939566038719079e-11
2070,9.329866597579503e-10,8.46188197623367e-11
2071,1.0156650491110066e-09,9.47157918288088e-11
2072,1.1033584086360852e-09,1.1104914645422888e-10
2073,1.1460012831201948e-09,1.2016213113938934e-10
2074,1.2761676080862503e-09,1.3904997331010296e-10
2075,1.5066124220420375e-09,1.7049438479559893e-10
2076,1.7867366784841866e-09,2.1912053641305234e-10
2077,2.0375558369225236e-09,2.722714993099856e-10
2078,2.2694323445500784e-09,3.251003307644844e-10
2079,2.4082905172267802e-09,3.599566770691929e-10
2080,2.308335912644977e-09,3.502399640846967e-10
2081,2.0564307526409556e-09,3.1757626441784245e-10
2082,1.8190912515463533e-09,2.7778608608026765e-10
2083,1.673943464885035e-09,2.4543486006328303e-10
2084,1.5166842098678522e-09,2.092742069905492e-10
2085,1.254763925023879e-09,1.5669813639182602e-10
2086,1.0516543461735189e-09,1.1756956304125708e-10
2087,9.981260048760352e-10,1.0204674795386307e-10
2088,1.0203631982027046e-09,9.631486152069188e-11
2089,9.802425036274024e-10,8.76839535001312e-11
2090,8.829287803743585e-10,7.823403902747833e-11
2091,8.337493232501254e-10,7.55915393285589e-11
2092,8.875716063832495e-10,8.181549862180353e-11
2093,9.59286968722792e-10,8.516984772713231e-11
2094,9.268079125667608e-10,7.47739779948231e-11
2095,8.341957775062163e-10,5.875319338475752e-11
2096,7.707859242892317e-10,4.91751954814652e-11
2097,7.291219333557009e-10,4.4788438521795525e-11
2098,6.531085018915326e-10,3.8021592207529544e-11
2099,5.725664662917158e-10,3.352078450320668e-11
2100,5.602366948662804e-10,3.623290573082846e-11
2101,6.58039617303972e-10,5.13148422776691e-11
2102,8.18518587543307e-10,7.43698871055606e-11
2103,9.379116775471944e-10,9.013189289354876e-11
2104,9.980183824507168e-10,9.413594016620538e-11
2105,1.127636300064994e-09,1.088397491343295e-10
2106,1.2861009792877228e-09,1.2807417818389512e-10
2107,1.3182567966718574e-09,1.3419642230518312e-10
2108,1.1671096912940808e-09,1.2042551279800054e-10
2109,9.967215166657187e-10,1.0283211009083328e-10
2110,9.652496342914818e-10,1.018983693077651e-10
2111,9.88152683230214e-10,1.0388742666926402e-10
2112,9.83279427846379e-10,1.0220143110242625e-10
2113,9.26644574492763e-10,9.088207887662142e-11
2114,9.198716414660884e-10,8.444664075711683e-11
2115,1.0127217536764079e-09,9.081076918637211e-11
2116,1.0954017875462643e-09,9.742796541501386e-11
2117,1.129083384332992e-09,1.0617625050085835e-10
2118,1.201444866113628e-09,1.2830451823512474e-10
2119,1.406064032779304e-09,1.7486646772685546e-10
2120,1.6486176179478617e-09,2.2653075073350018e-10
2121,1.7087113712670454e-09,2.3712783111162216e-10
2122,1.6397441795055945e-09,2.2233551647551537e-10
2123,1.6702534568122647e-09,2.2213828483338616e-10
2124,1.8954927804113983e-09,2.5894796707867774e-10
2125,2.07645612877889e-09,2.8775942201730414e-10
2126,1.996785661389789e-09,2.8045735591582406e-10
2127,1.7114530219113048e-09,2.3960537431311743e-10
2128,1.523010174966708e-09,2.187499233786508e-10
2129,1.455760019799576e-09,2.1863119961185767e-10
2130,1.3420709760937873e-09,1.9992367469253177e-10
2131,1.1267150987963229e-09,1.5283548968826345e-10
2132,9.580294908905907e-10,1.1498061880639418e-10
2133,9.303369304073283e-10,1.0067628413081023e-10
2134,9.582835825210847e-10,9.218243894835082e-11
2135,9.007392451726669e-10,7.63410535473008e-11
2136,7.826558510296993e-10,5.955840730772141e-11
2137,7.497124385664773e-10,5.5689954482619346e-11
2138,8.309964854863933e-10,6.529365326154718e-11
2139,9.128462618585481e-10,7.665099985730335e-11
2140,8.761432231097291e-10,7.49925673063126e-11
2141,7.953457106018093e-10,6.389468921115849e-11
2142,8.034064749949437e-10,6.043339883392517e-11
2143,8.82315782786179e-10,6.492485270919597e-11
2144,9.6440321897346e-10,7.646151849876606e-11
2145,1.0046872368498912e-09,8.9308815291678e-11
2146,1.0977032517274756e-09,1.1546632490985989e-10
2147,1.2019138205024896e-09,1.3894712954162749e-10
2148,1.2454543668618615e-09,1.533269472811313e-10
2149,1.1879217690784116e-09,1.497288782111282e-10
2150,1.1901479038422885e-09,1.547052645898327e-10
2151,1.3538362355363026e-09,1.825309321870878e-10
2152,1.5723356462384748e-09,2.1236683982924797e-10
2153,1.553560527332581e-09,1.9526403218328723e-10
2154,1.317273807337686e-09,1.4746316323465452e-10
2155,1.1324603846742054e-09,1.1505420196793176e-10
2156,1.1072327976761922e-09,1.1031103181428789e-10
2157,1.1105393702183118e-09,1.1264067725542161e-10
2158,9.979817620088543e-10,1.0227156703722848e-10
2159,8.457710328265041e-10,8.731881135061095e-11
2160,8.7605709532653e-10,9.868169982437422e-11
2161,1.142806628175022e-09,1.423541288439749e-10
2162,1.5253866262443725e-09,2.024405932513961e-10
2163,1.7927426855748738e-09,2.4720803183248044e-10
2164,1.9590798012566604e-09,2.798210371853967e-10
2165,2.2308262934593244e-09,3.3301872119108796e-10
2166,2.581528709861436e-09,4.0600299986612787e-10
2167,2.5961805360934943e-09,4.1810492036232416e-10
2168,2.224749255519408e-09,3.5361643290744776e-10
2169,1.7843001515711338e-09,2.6565565698830905e-10
2170,1.4824958730770418e-09,2.029036249582631e-10
2171,1.2850311883806856e-09,1.6260303290907403e-10
2172,1.186546747840979e-09,1.4462862947243314e-10
2173,1.133872832874512e-09,1.3128033755663544e-10
2174,1.197276477486771e-09,1.4229589772121267e-10
2175,1.2918320989737103e-09,1.6399105277455898e-10
2176,1.3925903394671262e-09,1.957515455996906e-10
2177,1.4563080269174807e-09,2.1938250540902162e-10
2178,1.486837163585364e-09,2.320327941290804e-10
2179,1.4482532360542072e-09,2.2160497554252339e-10
2180,1.2748471630254707e-09,1.7782788691893105e-10
2181,9.943772816711603e-10,1.173445680409413e-10
2182,7.35793893482855e-10,6.908351692266518e-11
2183,5.588173518602779e-10,3.859476834363068e-11
2184,4.67824609706047e-10,2.342532090641826e-11
2185,4.315700108967333e-10,1.7993268821763743e-11
2186,4.3725821041461827e-10,1.9095374029403168e-11
2187,4.934969163017453e-10,2.5197869111608816e-11
2188,5.809081017546262e-10,3.336580633162652e-11
2189,6.63920259444328e-10,4.046788684024782e-11
2190,7.099750415848943e-10,4.512127408082049e-11
2191,7.57415580662411e-10,5.116030648670079e-11
2192,8.404171393657537e-10,6.247048729336414e-11
2193,9.286779394323653e-10,7.660798158517366e-11
2194,1.0124752362344986e-09,9.599345670442948e-11
2195,1.0543997955987392e-09,1.1069986704835018e-10
2196,1.0760612487764147e-09,1.1765266644231178e-10
2197,1.110812913442969e-09,1.2819107347177974e-10
2198,1.1538975705740067e-09,1.4112134536348373e-10
2199,1.2166089602827772e-09,1.5433708263525216e-10
2200,1.322341749209442e-09,1.7375503963884556e-10
2201,1.3890322703979852e-09,1.8380781357291548e-10
2202,1.3722959814375057e-09,1.7636026677148632e-10
2203,1.2644753812595161e-09,1.5553005779220858e-10
2204,1.1160888817905118e-09,1.2958662179109294e-10
2205,1.0240793709822736e-09,1.1641331934479019e-10
2206,9.61458294427774e-10,1.0513178674688947e-10
2207,9.248005663573734e-10,9.830747814799249e-11
2208,9.303573842036316e-10,9.906836731841754e-11
2209,9.960499226465029e-10,1.0765889952135086e-10
2210,1.1300215520104086e-09,1.259269697949074e-10
2211,1.285698920500422e-09,1.495548891728807e-10
2212,1.3849777241503437e-09,1.680047480005226e-10
2213,1.435416961917043e-09,1.7894218097607077e-10
2214,1.552959726251046e-09,2.0718283885819872e-10
2215,1.7063033067126211e-09,2.4567719290392747e-10
2216,1.7734760449700335e-09,2.637007735480489e-10
2217,1.6666868863721632e-09,2.432785452015653e-10
2218,1.4229574534767392e-09,1.9034899825403448e-10
2219,1.2359412331270511e-09,1.50525569763679e-10
2220,1.0809967994151522e-09,1.1705917233035399e-10
2221,9.108272029637966e-10,8.810233865767302e-11
2222,7.312820265623439e-10,6.315240049715995e-11
2223,6.207366071820351e-10,5.128562866398648e-11
2224,6.250848458504161e-10,5.3371825255188126e-11
2225,6.68511036614171e-10,5.802629420943936e-11
2226,6.630034048071102e-10,5.559616203231304e-11
2227,6.285484551646601e-10,5.121653038494741e-11
2228,6.28898588035756e-10,4.861142264557055e-11
2229,6.482585673285736e-10,4.512785601666108e-11
2230,6.079402529643694e-10,3.646461111682922e-11
2231,4.800313193748478e-10,2.2532443932401228e-11
2232,3.82425096177264e-10,1.5986970777539423e-11
2233,3.623201303610864e-10,1.6800890166889032e-11
2234,3.9452990712721015e-10,2.0880025172350065e-11
2235,4.36691492265473e-10,2.5846644844399196e-11
2236,4.931014266275702e-10,3.2759525536535914e-11
2237,6.321393690096752e-10,5.0191421559075565e-11
2238,9.002947841537322e-10,8.606071100428618e-11
2239,1.2177801085153406e-09,1.3538364923310992e-10
2240,1.408006467137343e-09,1.6984856755198809e-10
2241,1.5259495683462253e-09,1.9846521761027448e-10
2242,1.730826903841304e-09,2.5330042501370817e-10
2243,1.960979626601947e-09,3.174991135803919e-10
2244,2.1089373650613356e-09,3.779288205671258e-10
2245,2.0383372977468334e-09,3.7803978952782526e-10
2246,1.951035460961832e-09,3.582447435540711e-10
2247,1.9825949247966027e-09,3.503458649159779e-10
2248,2.007428421568719e-09,3.317059082776124e-10
2249,1.8767784403990835e-09,2.815311715709561e-10
2250,1.5699012183541455e-09,2.067268243654853e-10
2251,1.316290196903829e-09,1.6062904855910873e-10
2252,1.2322944352033335e-09,1.5167947431243584e-10
2253,1.1903157656107574e-09,1.4763962905212792e-10
2254,1.07201777407431e-09,1.283760202911171e-10
2255,8.899955747688035e-10,9.773031901561427e-11
2256,7.816701224335876e-10,7.634139883810388e-11
2257,7.975561408930859e-10,7.140541572849786e-11
2258,8.821015216541504e-10,7.702096188856514e-11
2259,9.435035508989805e-10,8.368708496066763e-11
2260,9.765788084423722e-10,8.888773458051155e-11
2261,9.896755895575494e-10,9.116438841936701e-11
2262,1.0394443458829997e-09,1.0340743291866173e-10
2263,1.032198380261234e-09,1.0790084954354258e-10
2264,1.0188460940464013e-09,1.1261737144072185e-10
2265,9.877835915258955e-10,1.0818533597519177e-10
2266,9.691349828859436e-10,1.0081548359697801e-10
2267,9.392850151940229e-10,9.0635586611162e-11
2268,8.788536972839818e-10,7.455967006476912e-11
2269,7.993694994493711e-10,5.950609563106371e-11
2270,7.407955518750728e-10,5.254659628938668e-11
2271,7.231748903467068e-10,5.416671847245437e-11
2272,7.203595038635776e-10,5.903965277220389e-11
2273,7.039700811523194e-10,6.25086598779723e-11
2274,6.563775680707098e-10,5.960100601780668e-11
2275,6.074774698729112e-10,5.2180218809693754e-11
2276,5.994208039244284e-10,4.8732077672358755e-11
2277,6.209755061032923e-10,4.862294860466922e-11
2278,6.815705513457222e-10,5.738507892073082e-11
2279,8.150762106308571e-10,8.102313064283489e-11
2280,9.925757649422214e-10,1.1539504063771736e-10
2281,1.1769027414118235e-09,1.5525098882911198e-10
2282,1.3230352672736708e-09,1.94482372991114e-10
2283,1.4327497584178618e-09,2.198278486017091e-10
2284,1.5613798163825401e-09,2.4687473205777015e-10
2285,1.69957400920533e-09,2.7803027034461087e-10
2286,1.8361796965584715e-09,3.1235182854943896e-10
2287,1.925785639462672e-09,3.3295134721550666e-10
2288,2.0083258339447917e-09,3.55870179254439e-10
2289,2.149598733763384e-09,4.016780263080845e-10
2290,2.4096586832522926e-09,4.847690528336849e-10
2291,2.6789706009672617e-09,5.616894869375033e-10
2292,2.916811528858089e-09,6.351896239858172e-10
2293,2.981360219351869e-09,6.341147833393108e-10
2294,2.9649300319021824e-09,5.971761412869413e-10
2295,2.927209857749973e-09,5.553249798838981e-10
2296,2.638202325541519e-09,4.5230679285609225e-10
2297,2.2580992842513547e-09,3.5975267955987815e-10
2298,1.8762367620652067e-09,2.789117313335776e-10
2299,1.575789629208813e-09,2.1829486493332153e-10
2300,1.3547404504333262e-09,1.7864170763809516e-10
2301,1.1985150260470957e-09,1.5325990427798133e-10
2302,1.1030493334183565e-09,1.3183348213910774e-10
2303,1.0982718875057038e-09,1.2248216564928508e-10
2304,1.154319177095889e-09,1.2514812668646904e-10
2305,1.2073859497754784e-09,1.2812076246682854e-10
2306,1.1751058163734926e-09,1.168986333110244e-10
2307,1.1338211458580083e-09,1.102078828170299e-10
2308,1.0787248084001257e-09,1.0298120245248069e-10
2309,1.051745925187406e-09,1.0334564641129671e-10
2310,1.0245515362513773e-09,1.0290193957490853e-10
2311,9.681573655427337e-10,9.544748405204199e-11
2312,9.116709417719423e-10,8.46183097926582e-11
2313,9.088167023750454e-10,7.890663050486429e-11
2314,9.083766476294492e-10,7.124067789795335e-11
2315,8.423988440719532e-10,5.806041828485878e-11
2316,7.700743131629114e-10,5.05001299185296e-11
2317,7.855400817625347e-10,5.644741686811888e-11
2318,8.801566400770954e-10,7.296304471680305e-11
2319,9.186086473664703e-10,8.398085108007522e-11
2320,8.269219970873461e-10,7.891779294969679e-11
2321,7.572873260824137e-10,7.535495858584274e-11
2322,8.576055774176614e-10,9.5871322209105e-11
2323,1.088572045569759e-09,1.3962972845546993e-10
2324,1.2243428003598515e-09,1.754877456444102e-10
2325,1.207019056746905e-09,1.8928967896755128e-10
2326,1.2254921064838512e-09,1.9973146275697657e-10
2327,1.4325454515738856e-09,2.363283894985459e-10
2328,1.6753162925726088e-09,2.8523036928786475e-10
2329,1.7612751254166331e-09,3.256094290649469e-10
2330,1.8111791938848875e-09,3.5890731472026937e-10
2331,2.0543911788635294e-09,4.141101911713178e-10
2332,2.43161962061571e-09,4.758977122627035e-10
2333,2.5721038442120723e-09,4.783760720341331e-10
2334,2.402099121361397e-09,4.229591635378742e-10
2335,2.2747661136099566e-09,3.8226559984267196e-10
2336,2.306397368771278e-09,3.810678243710335e-10
2337,2.263138575238761e-09,3.741258252584301e-10
2338,1.9302018690214156e-09,3.078044511360387e-10
2339,1.5520734733347685e-09,2.345926010227294e-10
2340,1.3895451837216916e-09,1.9888947025634985e-10
2341,1.3955020051363418e-09,1.9044906599981607e-10
2342,1.3652993587327823e-09,1.771963366474281e-10
2343,1.2771642070668013e-09,1.6143384348963613e-10
2344,1.2825443708672327e-09,1.6341143592704526e-10
2345,1.3722422419957896e-09,1.7293146919249773e-10
2346,1.4610450036067485e-09,1.8798889882416224e-10
2347,1.4222317182133327e-09,1.8971601547884472e-10
2348,1.3186633636097657e-09,1.7588413119629397e-10
2349,1.2967924579083779e-09,1.6946434358422765e-10
2350,1.308388017394548e-09,1.658948638825505e-10
2351,1.2951812405590147e-09,1.586369177976075e-10
2352,1.2727918935921561e-09,1.49540457886741e-10
2353,1.2520340695227242e-09,1.3649347935509916e-10
2354,1.2420945022481969e-09,1.3102975376857863e-10
2355,1.1846346738226917e-09,1.2585646929884023e-10
2356,1.1532931098487675e-09,1.2837692535922565e-10
2357,1.1828217809120058e-09,1.4084086137930204e-10
2358,1.219146280664598e-09,1.492327731810572e-10
2359,1.1518470196981244e-09,1.3719722586456891e-10
2360,1.0104253881200471e-09,1.1279393051086883e-10
2361,9.225046785838927e-10,9.45669096850116e-11
2362,9.014352698799579e-10,8.117875008126755e-11
2363,9.06653882448436e-10,7.462801671206139e-11
2364,8.456612354868688e-10,6.425252967789248e-11
2365,7.676163731169306e-10,5.601075404515498e-11
2366,7.38840158934028e-10,5.7064221601269576e-11
2367,7.442448004185456e-10,6.597659651730217e-11
2368,7.154609655041106e-10,7.301963549549966e-11
2369,6.823362425683947e-10,7.939759006693707e-11
2370,6.979828477930288e-10,8.936787595777046e-11
2371,8.004678896158255e-10,1.1333180991505105e-10
2372,1.0145635298477172e-09,1.6615480177026727e-10
2373,1.2346614756008297e-09,2.2038561372329975e-10
2374,1.4198403039627905e-09,2.6327673228595576e-10
2375,1.5938399348158044e-09,2.974833762576713e-10
2376,1.743592840031601e-09,3.1720515083521113e-10
2377,1.894661845705661e-09,3.3936441983766017e-10
2378,2.007026824102637e-09,3.623632312356792e-10
2379,1.9557961440456618e-09,3.4467040591075357e-10
2380,1.8261513537480258e-09,3.137341910477181e-10
2381,1.68287239006305e-09,2.7754242625838997e-10
2382,1.5996998142028771e-09,2.553357973877238e-10
2383,1.5486198789705246e-09,2.391877887583348e-10
2384,1.4886203104905073e-09,2.2805281384738971e-10
2385,1.3994461374017423e-09,2.1600739401965293e-10
2386,1.3118254866674001e-09,2.0386691954896816e-10
2387,1.2542066887989303e-09,1.9137155898551677e-10
2388,1.2089426842461755e-09,1.7450170572548976e-10
2389,1.202193369664822e-09,1.6526958635108535e-10
2390,1.2873382641044184e-09,1.8018927541889036e-10
2391,1.4531224484310412e-09,2.12460858946342e-10
2392,1.6124296176036712e-09,2.465098194759612e-10
2393,1.6844355480516582e-09,2.6996721078818414e-10
2394,1.7041993611775013e-09,2.804288539064475e-10
2395,1.7745522416019274e-09,2.977914927453186e-10
2396,1.8805867909156174e-09,3.211478122416541e-10
2397,1.944387180706349e-09,3.419098118596721e-10
2398,1.927467222965785e-09,3.460904274942666e-10
2399,1.9099461156091658e-09,3.5184597819856783e-10
2400,1.961212043922637e-09,3.697707180368221e-10
2401,2.0539066767394394e-09,3.921999896283658e-10
2402,2.121826768072094e-09,4.088497331326718e-10
2403,2.138098210101167e-09,4.0595742086177697e-10
2404,2.057636519600434e-09,3.759415730129602e-10
2405,1.9292266160489505e-09,3.408556662718182e-10
2406,1.7590849543755727e-09,2.937508838284165e-10
2407,1.6011289751400122e-09,2.5375066302340043e-10
2408,1.4346719132186396e-09,2.1177358077742783e-10
2409,1.2355144593894245e-09,1.6708731126812092e-10
2410,1.0695006743370097e-09,1.368023915620205e-10
2411,1.0339080446423264e-09,1.357468435417939e-10
2412,1.2018428569724575e-09,1.725713935847333e-10
2413,1.4959327435803204e-09,2.341439044824007e-10
2414,1.7249276006822935e-09,2.8766670365091935e-10
2415,1.7800368259922668e-09,3.010918692819581e-10
2416,1.7556929026225158e-09,2.919565935624115e-10
2417,1.7680568918144341e-09,2.9583414456994457e-10
2418,1.8824728939320476e-09,3.390181604049798e-10
2419,1.9343133707772276e-09,3.722478161570319e-10
2420,1.852241249073699e-09,3.7243016373245576e-10
2421,1.6638536252032394e-09,3.3521838213892516e-10
2422,1.4898336288201392e-09,2.9332288459751005e-10
2423,1.5093092373119852e-09,3.008620616441439e-10
2424,1.668028721784796e-09,3.3077719617900093e-10
2425,1.821505466508027e-09,3.6188559331505496e-10
2426,1.8210741346058407e-09,3.663100204791452e-10
2427,1.7170144670492537e-09,3.3802672075487705e-10
2428,1.6793991260447822e-09,3.1380172043160465e-10
2429,1.6483806754694695e-09,2.9237336261710833e-10
2430,1.5289727913029879e-09,2.611307798303297e-10
2431,1.3361175093291826e-09,2.2016904072987958e-10
2432,1.1728663715887334e-09,1.82781930723725e-10
2433,1.1296966954661016e-09,1.6653473630373293e-10
2434,1.11744858689287e-09,1.55081733647987e-10
2435,1.1354371213859109e-09,1.5632766896946332e-10
2436,1.2559767091555165e-09,1.8494450964657544e-10
2437,1.501470854031005e-09,2.414622994283081e-10
2438,1.8041821428027364e-09,3.2107436459852625e-10
2439,1.9765484993534323e-09,3.843488488916074e-10
2440,2.0365754731037577e-09,4.318734494354609e-10
2441,2.2454299329228572e-09,5.23660067067559e-10
2442,2.6972781594472553e-09,6.72153903437822e-10
2443,3.0249322308640514e-09,7.612389499998395e-10
2444,3.035535087545964e-09,7.704687467642102e-10
2445,2.9288828860103315e-09,7.322623429046998e-10
2446,3.0904187484779043e-09,7.469886517786687e-10
2447,3.403956526938173e-09,7.952273153683292e-10
2448,3.2909406550855982e-09,7.342961438961089e-10
2449,2.80284913532713e-09,6.054061564425511e-10
2450,2.465889754730838e-09,5.284343388551829e-10
2451,2.498875984011e-09,5.445204006297638e-10
2452,2.6111756416538493e-09,5.735069107652229e-10
2453,2.326839198987322e-09,4.946538868486431e-10
2454,1.8131653450031264e-09,3.550216263780277e-10
2455,1.5395781820486682e-09,2.7465930487074674e-10
2456,1.508434750248718e-09,2.4597729880842077e-10
2457,1.5263133687158182e-09,2.3781321380295683e-10
2458,1.3970884289419928e-09,2.1143900767232873e-10
2459,1.2130484042840598e-09,1.7750867460408802e-10
2460,1.1539076346437082e-09,1.667825732212126e-10
2461,1.156600858940591e-09,1.6345966093487108e-10
2462,1.0489899410761002e-09,1.3926211685389599e-10
2463,9.14954483418176e-10,1.203842280840174e-10
2464,9.155604965642345e-10,1.2469890617637964e-10
2465,1.094815238968573e-09,1.5539518217861026e-10
2466,1.2488813430954675e-09,1.8106321853478845e-10
2467,1.1914614726399476e-09,1.757502756519885e-10
2468,1.1244004484219116e-09,1.7500834268655384e-10
2469,1.2673350980284665e-09,2.109317476345827e-10
2470,1.5101198014099071e-09,2.639808683433576e-10
2471,1.555286354770586e-09,2.8706484776003764e-10
2472,1.389211580278589e-09,2.631807041308982e-10
2473,1.302026304165613e-09,2.382058574232897e-10
2474,1.31727372479397e-09,2.2208434197558314e-10
2475,1.2185930433198353e-09,1.883086414698282e-10
2476,1.0155502451295514e-09,1.495882344845009e-10
2477,9.413072378397006e-10,1.373609540011212e-10
2478,1.077770188880489e-09,1.6096405688070248e-10
2479,1.2282580374523464e-09,1.897068666273796e-10
2480,1.2307570008120391e-09,2.0173969753155522e-10
2481,1.251803489997065e-09,2.2112518618199735e-10
2482,1.57864492786805e-09,3.079603216962109e-10
2483,2.1188851656123976e-09,4.399612430944483e-10
2484,2.3442470514030943e-09,5.084326784997061e-10
2485,2.0804986434540876e-09,4.643034616898983e-10
2486,1.9226584590471316e-09,4.3556554355621966e-10
2487,2.145689029495512e-09,4.963421049067766e-10
2488,2.461824386488648e-09,5.831970719471524e-10
2489,2.4350145018547243e-09,5.937231415536397e-10
2490,2.236214736137634e-09,5.536133255267693e-10
2491,2.3128967988474698e-09,5.717422875403888e-10
2492,2.682162243654049e-09,6.502913273004727e-10
2493,2.7699277067234806e-09,6.375241553839488e-10
2494,2.4185151537634234e-09,5.276722231298288e-10
2495,2.0607005513433536e-09,4.318227255601246e-10
2496,2.047524095881923e-09,4.2865468609463147e-10
2497,2.2105054329049654e-09,4.762875400564041e-10
2498,2.1035643778721174e-09,4.5594046441014374e-10
2499,1.7883647797392648e-09,3.747294543536832e-10
2500,1.605380374643303e-09,3.1919037635034524e-10
2501,1.5968034149504117e-09,2.9592787228198483e-10
2502,1.5357758805216955e-09,2.6374824809286376e-10
2503,1.3131575119559543e-09,2.1107832986412324e-10
2504,1.1089084464944968e-09,1.6724245535077642e-10
2505,1.0185749627904546e-09,1.4482375927971617e-10
2506,9.991905848379135e-10,1.411181819470814e-10
2507,9.163201382955806e-10,1.31920826117708e-10
2508,8.646844262707342e-10,1.342156291868936e-10
2509,9.356226421963847e-10,1.5806698894659088e-10
2510,1.1261210565703762e-09,2.051500001280279e-10
2511,1.2698553501587986e-09,2.3680194844681496e-10
2512,1.2974703977663677e-09,2.4401288627139045e-10
2513,1.346540097584065e-09,2.567536327665077e-10
2514,1.5506089256425377e-09,3.131184481038062e-10
2515,1.7404581196687513e-09,3.76777944569937e-10
2516,1.6519400586628975e-09,3.6855056587926406e-10
2517,1.3610041276107828e-09,2.9554102051684487e-10
2518,1.104397256543641e-09,2.2023483579972362e-10
2519,9.518692396798886e-10,1.7205796892817085e-10
2520,8.562817859564417e-10,1.435028582246901e-10
2521,8.263755139269719e-10,1.4013929285645477e-10
2522,8.498741007116512e-10,1.4870145379536512e-10
2523,9.589034559805799e-10,1.7431877813578227e-10
2524,1.111337772598478e-09,2.1212106819899966e-10
2525,1.2932221342468232e-09,2.6241802404390396e-10
2526,1.5218871390766597e-09,3.2406561056793335e-10
2527,1.7072061017123862e-09,3.808752624114729e-10
2528,1.8439783648194272e-09,4.4624670052910486e-10
2529,1.96859186345179e-09,5.065078718682305e-10
2530,2.159706954328604e-09,5.667702250186886e-10
2531,2.4475750519056947e-09,6.542037638132848e-10
2532,2.6028697647293393e-09,7.033654287252972e-10
2533,2.600374725473492e-09,7.095474507619992e-10
2534,2.560541621338443e-09,7.003523670096525e-10
2535,2.4666273806144774e-09,6.524278619621981e-10
2536,2.234906359474895e-09,5.52023806143301e-10
2537,1.8213434566213814e-09,4.1437622772953545e-10
2538,1.5588521482220347e-09,3.4128198929158304e-10
2539,1.522882777767571e-09,3.330784611628554e-10
2540,1.587699671404348e-09,3.472098095394417e-10
2541,1.5959762275137785e-09,3.505654701965468e-10
2542,1.605658418205156e-09,3.535730403019736e-10
2543,1.7080243477104778e-09,3.64690804923601e-10
2544,1.949685305228226e-09,4.090587346367025e-10
2545,2.007828014572485e-09,4.0336089407524687e-10
2546,1.8378602568768983e-09,3.569069076909057e-10
2547,1.64122308849226e-09,3.0592369285553895e-10
2548,1.507769453066045e-09,2.6691559888344895e-10
2549,1.3585161914705118e-09,2.3192400776357834e-10
2550,1.1682855984692518e-09,1.9611259290529017e-10
2551,1.0735713496778891e-09,1.8402462291848532e-10
2552,1.115314817199428e-09,1.9794798909946035e-10
2553,1.2733910406633879e-09,2.453445050504151e-10
2554,1.397784655737554e-09,2.846083882828189e-10
2555,1.477299940109857e-09,3.066055359695652e-10
2556,1.6317944113783828e-09,3.4246391931556027e-10
2557,1.8029187667116464e-09,3.8709220300080057e-10
2558,1.793543165632394e-09,3.9083232789416217e-10
2559,1.6321315051086554e-09,3.6323241018423554e-10
2560,1.4135094323903404e-09,3.049966602028705e-10
2561,1.2660156062819876e-09,2.5494234572912776e-10
2562,1.1923464327092226e-09,2.270080437950004e-10
2563,1.1766533972267969e-09,2.2027253501437002e-10
2564,1.293236940964123e-09,2.5930085806827294e-10
2565,1.5218287203225622e-09,3.349183756565162e-10
2566,1.6936672675886856e-09,3.923779033529178e-10
2567,1.6411957026714372e-09,3.748388473865187e-10
2568,1.580509400726334e-09,3.5698351951797043e-10
2569,1.6927839130587345e-09,3.8549997286418585e-10
2570,1.9778405626699205e-09,4.75937175183585e-10
2571,2.1579669687996068e-09,5.535072172955026e-10
2572,2.1423957323490897e-09,5.758348451703276e-10
2573,2.089428958959372e-09,5.523333485155247e-10
2574,2.2479538360549263e-09,5.693741627717401e-10
2575,2.5312950934962716e-09,6.213316583811569e-10
2576,2.6575629957170823e-09,6.436817321986572e-10
2577,2.5191420137649983e-09,5.978201841451063e-10
2578,2.3112008740172936e-09,5.313126612182045e-10
2579,2.0899624017863466e-09,4.5363949631918317e-10
2580,1.7759259981820442e-09,3.5689339469707816e-10
2581,1.4741257589630684e-09,2.8256265051523263e-10
2582,1.326058063697855e-09,2.5570361593280003e-10
2583,1.3895409377816664e-09,2.813736402512139e-10
2584,1.5632205697421717e-09,3.3777945796345483e-10
2585,1.6811080127676454e-09,3.7919333811222536e-10
2586,1.6726444154103604e-09,3.6664041838742654e-10
2587,1.7044403940277308e-09,3.546101093557179e-10
2588,1.7803735136303148e-09,3.510498636933831e-10
2589,1.8490780875375488e-09,3.6213681423182516e-10
2590,1.8010436464040796e-09,3.554309332108153e-10
2591,1.6406228434433557e-09,3.186771751586399e-10
2592,1.4889802669846214e-09,2.8217656779744723e-10
2593,1.3902039818139142e-09,2.577077281771446e-10
2594,1.3182699688850072e-09,2.3926477245638196e-10
2595,1.2981567859432852e-09,2.347867918281402e-10
2596,1.3863198473205128e-09,2.6370743696141233e-10
2597,1.5473079263910658e-09,3.0999491196572197e-10
2598,1.7081121591894159e-09,3.4964537339618597e-10
2599,1.736100106088697e-09,3.4670010289172657e-10
2600,1.6651283079181292e-09,3.26494169498282e-10
2601,1.4943371227483775e-09,2.855495597828701e-10
2602,1.2712885594450305e-09,2.355184540562275e-10
2603,1.0874441022086392e-09,1.971559768520479e-10
2604,1.0175848307604604e-09,1.8449746014362664e-10
2605,1.0054332566300504e-09,1.725731007192866e-10
2606,1.089973818657703e-09,1.824014604981339e-10
2607,1.2061831902380959e-09,2.0297988573769894e-10
2608,1.2621330147875897e-09,2.1471325432448342e-10
2609,1.2185538397266628e-09,2.0877435226127944e-10
2610,1.1430532635233954e-09,1.9834459360129162e-10
2611,1.0515231591529312e-09,1.7498633432689146e-10
2612,1.0393154018219555e-09,1.694308985794858e-10
2613,1.0432994693157002e-09,1.6771080076890336e-10
2614,1.09430645982123e-09,1.8347556631863996e-10
2615,1.125918454665614e-09,1.9291499342780413e-10
2616,1.1726914080592086e-09,2.055876293121479e-10
2617,1.2311686719558918e-09,2.199420622872838e-10
2618,1.24827508196049e-09,2.1964846772295e-10
2619,1.176511306853699e-09,1.9504295792596337e-10
2620,1.0524721455288279e-09,1.6678012590167837e-10
2621,9.569023791938667e-10,1.517850019369444e-10
2622,8.949125973903627e-10,1.4677709188430252e-10
2623,8.295739991162374e-10,1.3898601544620046e-10
2624,7.721914053941277e-10,1.318357490560959e-10
2625,7.40134019326694e-10,1.2468796741241024e-10
2626,7.575526415173213e-10,1.2433774568750082e-10
2627,8.318033148140193e-10,1.4179806432953253e-10
2628,8.875140648115855e-10,1.5819342721328776e-10
2629,8.981650561425012e-10,1.6173155391892446e-10
2630,9.091025062858505e-10,1.6067015553765883e-10
2631,9.078211819662662e-10,1.5143748921305398e-10
2632,9.202632847840594e-10,1.4794606561334966e-10
2633,9.16061085497383e-10,1.464513989125037e-10
2634,9.689399480287845e-10,1.6460531580271062e-10
2635,1.054853344940793e-09,1.8930271989292152e-10
2636,1.115184052879451e-09,2.014711100322658e-10
2637,1.1165017999704765e-09,1.9905796466709748e-10
2638,1.0830557617922848e-09,1.8821117580245652e-10
2639,1.1111880959800997e-09,1.9536851081763394e-10
2640,1.18770913560071e-09,2.171922658144696e-10
2641,1.2020158820433272e-09,2.2894053942245698e-10
2642,1.1259801397012907e-09,2.2161323548091475e-10
2643,1.0095801490249156e-09,1.962336432593191e-10
2644,9.448158549038461e-10,1.8101777865860848e-10
2645,9.036861934938187e-10,1.6899709376288038e-10
2646,8.746161329002356e-10,1.6026610337839784e-10
2647,9.135423146389293e-10,1.6849981375657253e-10
2648,1.082203125891908e-09,2.0406716933545003e-10
2649,1.2603064090549382e-09,2.3039408283954209e-10
2650,1.3005057238741147e-09,2.303137352420772e-10
2651,1.1525278780561851e-09,1.971842178821218e-10
2652,9.934603739373795e-10,1.6582605205818348e-10
2653,9.40443538568738e-10,1.590254258514773e-10
2654,9.37218485978042e-10,1.6342763215799644e-10
2655,8.878946252102104e-10,1.5329639778868904e-10
2656,8.993148770013274e-10,1.5978906075021606e-10
2657,1.0638958983983336e-09,2.064480867933326e-10
2658,1.3575230487773983e-09,2.898534869131778e-10
2659,1.554491662261875e-09,3.5632149741352625e-10
2660,1.4738630765455767e-09,3.4976955071831794e-10
2661,1.3640293176012324e-09,3.2754791476754564e-10
2662,1.3816430517860115e-09,3.302150699085412e-10
2663,1.4104609163146735e-09,3.4258579410244264e-10
2664,1.3229681336978437e-09,3.483087022782294e-10
2665,1.1880448552769731e-09,3.368091466242466e-10
2666,1.0804484927769e-09,3.019183071272649e-10
2667,1.0157176650589611e-09,2.517209137421122e-10
2668,9.212160413675952e-10,1.9130366075529998e-10
2669,8.320090413845899e-10,1.479718015506142e-10
2670,8.199896812560689e-10,1.3477554388234722e-10
2671,8.928858947002062e-10,1.4605986673378985e-10
2672,9.758396799065952e-10,1.6809039504524046e-10
2673,1.01713313381977e-09,1.8616649713688686e-10
2674,1.0548380164943032e-09,1.9942804966731447e-10
2675,1.2129616643380849e-09,2.439920533097905e-10
2676,1.3748504099693489e-09,2.921693228927372e-10
2677,1.5477435359116186e-09,3.598539118235651e-10
2678,1.5942843558990565e-09,3.9017004720482537e-10
2679,1.6521459102615914e-09,4.223984367233011e-10
2680,1.6277234318797194e-09,4.158127186722094e-10
2681,1.4692517946000124e-09,3.558415793336134e-10
2682,1.18449283586936e-09,2.559799294435992e-10
2683,9.650110311738932e-10,1.8631964368695397e-10
2684,8.694049499204678e-10,1.5889117986426852e-10
2685,8.828847457112112e-10,1.6393056983982589e-10
2686,8.933035820650778e-10,1.676875225214243e-10
2687,8.997795517620295e-10,1.657885174705841e-10
2688,9.23657390029769e-10,1.6251021212032703e-10
2689,1.0771928039259482e-09,1.9182158935804973e-10
2690,1.358234148675896e-09,2.6321959814008876e-10
2691,1.606755721079854e-09,3.3960618553591677e-10
2692,1.6701230130813057e-09,3.696592753021496e-10
2693,1.6109230769104276e-09,3.6137932413567307e-10
2694,1.4861530581759276e-09,3.1907437084966787e-10
2695,1.3624441371685727e-09,2.7740690539073835e-10
2696,1.2404776170695801e-09,2.4440373995187553e-10
2697,1.1960111183787919e-09,2.4194318180879967e-10
2698,1.261462677039237e-09,2.665468570939772e-10
2699,1.4341797722581397e-09,3.124261434842404e-10
2700,1.4732715958641039e-09,3.1139687527321493e-10
2701,1.307132989785153e-09,2.593170103909998e-10
2702,1.1391450502236916e-09,2.187990148128475e-10
2703,1.0983990001525906e-09,2.1358447336561985e-10
2704,1.0945337248466617e-09,2.2078420917331851e-10
2705,9.752863728101962e-10,2.060880170665891e-10
2706,7.944612527162109e-10,1.7230651051733655e-10
2707,6.828220404750429e-10,1.4605858690422443e-10
2708,7.051646832874632e-10,1.4624429763207652e-10
2709,7.841649333757749e-10,1.570634730161759e-10
2710,8.536408944496862e-10,1.6835345660309785e-10
2711,9.170425438796856e-10,1.7721969597031514e-10
2712,1.0177093330700938e-09,1.9337678584243073e-10
2713,1.1521059769652711e-09,2.249812247230378e-10
2714,1.1953845654516363e-09,2.4378258972874935e-10
2715,1.1546244242084837e-09,2.4236741366290863e-10
2716,1.1037875712311517e-09,2.2991785432274849e-10
2717,1.0181886522387324e-09,2.0049781340782507e-10
2718,8.870875991411181e-10,1.6205499876045007e-10
2719,7.427800402443743e-10,1.2657219263126018e-10
2720,6.755407386786659e-10,1.1546240034289259e-10
2721,7.158136072792472e-10,1.3532855637451213e-10
2722,7.755871711397371e-10,1.5595611251213717e-10
2723,7.565360434854062e-10,1.4794823120770837e-10
2724,6.635825125876907e-10,1.1579465831869382e-10
2725,6.17216078158213e-10,9.569792863658954e-11
2726,6.965153749269089e-10,1.0968081563552236e-10
2727,9.084709270100602e-10,1.615817797193025e-10
2728,1.109715165189978e-09,2.130844095446181e-10
2729,1.213744175786037e-09,2.415795763446231e-10
2730,1.3075702490344e-09,2.680817368175291e-10
2731,1.4957713804676507e-09,3.1452285747643494e-10
2732,1.7305231381358067e-09,3.793730365153884e-10
2733,1.7996291114468436e-09,4.185308377061997e-10
2734,1.7519550406139186e-09,4.439639821202142e-10
2735,1.6844886253631619e-09,4.460427323580866e-10
2736,1.6150759496118816e-09,4.214552536857361e-10
2737,1.4643339098018353e-09,3.6416394475163557e-10
2738,1.2637869140080997e-09,2.987440135558797e-10
2739,1.2362336552336134e-09,2.9164027355447797e-10
2740,1.4064950077741562e-09,3.3415146778915484e-10
2741,1.520749097716292e-09,3.568487501342869e-10
2742,1.3351322158402616e-09,2.989304108310598e-10
2743,1.0367613993731266e-09,2.1461556472680116e-10
2744,9.498048196118307e-10,1.8870433581316534e-10
2745,1.0053585595541614e-09,1.9942352754658895e-10
2746,9.438724129327535e-10,1.8575551160921962e-10
2747,7.236841157158435e-10,1.4026378087328745e-10
2748,5.50950508253023e-10,1.0067980711379473e-10
2749,5.408688317600602e-10,9.475584322992479e-11
2750,6.411658390778581e-10,1.116944374321034e-10
2751,7.046738519461083e-10,1.232623252352414e-10
2752,7.095447225714677e-10,1.2482209520839044e-10
2753,8.078551218707487e-10,1.4965551747322713e-10
2754,9.539220505565101e-10,1.812756448229096e-10
2755,1.1035367773521457e-09,2.2408089418512245e-10
2756,1.0556770049365617e-09,2.2169845835133074e-10
2757,9.664197784795766e-10,2.0177464602035534e-10
2758,9.114127553324276e-10,1.804545091803129e-10
2759,8.655279638192784e-10,1.5915928206913664e-10
2760,7.462104736948858e-10,1.2542303311768206e-10
2761,6.183613046917011e-10,9.75195395813479e-11
2762,5.847908537133553e-10,9.442231582837021e-11
2763,6.56904436479228e-10,1.1173070502299738e-10
2764,7.528488320711571e-10,1.3182956477600887e-10
2765,7.833562030466063e-10,1.3456048808716439e-10
2766,8.016425591042863e-10,1.366012339446406e-10
2767,9.017723198738219e-10,1.6064470309342447e-10
2768,1.139047587097914e-09,2.2475701502916592e-10
2769,1.3989792444972095e-09,3.024644127612085e-10
2770,1.5632684011201093e-09,3.5705056538483276e-10
2771,1.6997492377356816e-09,4.0132117089573414e-10
2772,1.918221891167978e-09,4.613142189054715e-10
2773,2.0998075892681547e-09,5.067293373538097e-10
2774,1.9957789737000484e-09,4.908516786340815e-10
2775,1.7862929811674406e-09,4.769307506173499e-10
2776,1.7285218535269117e-09,5.07302376903111e-10
2777,1.848612760036124e-09,5.657228822359383e-10
2778,1.919849906454945e-09,5.876687519598971e-10
2779,1.8270881816460494e-09,5.527747680812923e-10
2780,1.6936642045793873e-09,5.012616240407122e-10
2781,1.7851223206715616e-09,5.263617362595328e-10
2782,1.889891150342571e-09,5.514999444734595e-10
2783,1.8391660394979286e-09,5.393933735983643e-10
2784,1.5631799235403707e-09,4.489155922131547e-10
2785,1.2736979743807739e-09,3.389822372238282e-10
2786,1.0748290827878645e-09,2.571229771373851e-10
2787,9.415070265351143e-10,2.0966835081441704e-10
2788,8.023109613467876e-10,1.7159673907542222e-10
2789,7.462119663814707e-10,1.6437975229614564e-10
2790,8.147356533512903e-10,1.926861515600647e-10
2791,9.500595066207439e-10,2.3206693259086278e-10
2792,1.00657688109838e-09,2.33614140605685e-10
2793,9.506780678391066e-10,2.0387325511821684e-10
2794,8.847789214519949e-10,1.769402890584932e-10
2795,8.645121981697841e-10,1.677982157865402e-10
2796,8.930977217718278e-10,1.8438171112716048e-10
2797,8.94019181152478e-10,2.0613925341168919e-10
2798,8.62606383409297e-10,2.1009864576123614e-10
2799,8.169532419545977e-10,1.9469065541770757e-10
2800,8.487855254593355e-10,1.9763328492139455e-10
2801,9.264491140270229e-10,2.075458918648835e-10
2802,1.001632776584386e-09,2.15425226310956e-10
2803,1.0885940292699974e-09,2.3211010634924058e-10
2804,1.1443026424138913e-09,2.3627448091090427e-10
2805,1.1887183164692126e-09,2.350907984461707e-10
2806,1.2281046634083624e-09,2.3890892901715583e-10
2807,1.2131965189595781e-09,2.336078759289803e-10
2808,1.220749678150205e-09,2.426160252543203e-10
2809,1.2971603288970576e-09,2.7485615401134464e-10
2810,1.4788953641107187e-09,3.3476515377387307e-10
2811,1.7419871944931543e-09,4.1434721640440665e-10
2812,1.9417745085030757e-09,4.606737057695553e-10
2813,2.041088177165334e-09,4.79906690606869e-10
2814,2.1566594916922873e-09,5.310451195214779e-10
2815,2.444128790737831e-09,6.625666668842619e-10
2816,2.8309849361348494e-09,8.30733698211452e-10
2817,2.991538371713125e-09,9.107153149901141e-10
2818,2.768796775158573e-09,8.392820827151254e-10
2819,2.5042555944051e-09,7.317853247397664e-10
2820,2.4710135013381735e-09,6.947685013238335e-10
2821,2.562746241006685e-09,6.98338386661648e-10
2822,2.519161402781536e-09,6.724318247878263e-10
2823,2.2016748447112915e-09,5.575691903028245e-10
2824,1.7661576740730686e-09,3.9970427057804407e-10
2825,1.3436951605982916e-09,2.603761324718283e-10
2826,9.48714068196592e-10,1.517046639727114e-10
2827,6.265234247226441e-10,8.194996860175426e-11
2828,4.755543555979042e-10,5.908122890251808e-11
2829,4.5877295029673633e-10,6.320002622235052e-11
2830,5.128103270313036e-10,7.849889391504953e-11
2831,5.457142691503209e-10,8.575747087041548e-11
2832,5.34173245464988e-10,8.040414136186117e-11
2833,5.806465198382762e-10,8.614187967512749e-11
2834,6.975121111970843e-10,1.076730069579663e-10
2835,7.76909379473446e-10,1.266995406877242e-10
2836,7.106312137045351e-10,1.182899201091604e-10
2837,6.163446623642778e-10,1.0176791942776922e-10
2838,5.563398363757952e-10,8.63823468585734e-11
2839,5.159978911653316e-10,7.583918833048332e-11
2840,4.360857552239247e-10,6.502038322426302e-11
2841,3.873553423703456e-10,6.58142084759292e-11
2842,4.063209553012239e-10,7.639577613202762e-11
2843,4.695979546943698e-10,8.72530431376141e-11
2844,5.178897785303357e-10,8.9200786301981e-11
2845,5.679562056710404e-10,9.439629368955135e-11
2846,6.830158043203123e-10,1.1583853711611058e-10
2847,9.572102227464483e-10,1.8112852322988973e-10
2848,1.2282470185021038e-09,2.5202577940113517e-10
2849,1.3132737098773667e-09,2.7517131172163845e-10
2850,1.3395918078444018e-09,2.781766907321074e-10
2851,1.4764936145062753e-09,3.0479187590070344e-10
2852,1.7038825404601168e-09,3.577661177664509e-10
2853,1.8819213167134263e-09,4.1955672749741495e-10
2854,1.946156528252444e-09,4.613676935371409e-10
2855,2.139414376514034e-09,5.488908719694428e-10
2856,2.407596417758041e-09,6.427420899472121e-10
2857,2.5297322223517205e-09,6.825647191589605e-10
2858,2.4467918903228766e-09,6.643332749815308e-10
2859,2.277734434372557e-09,6.077250118190346e-10
2860,2.3592748408984955e-09,6.364481678443741e-10
2861,2.447813506242209e-09,6.445786701443786e-10
2862,2.2370287565347195e-09,5.470131378892606e-10
2863,1.8378559240201498e-09,4.0825564627653405e-10
2864,1.4753066817999171e-09,2.8720477578991667e-10
2865,1.1911577724352766e-09,1.9747854933983734e-10
2866,9.018902875078047e-10,1.257830022400128e-10
2867,5.845352259910395e-10,6.530505802811791e-11
2868,3.8420277496350167e-10,3.603380610449332e-11
2869,2.950771748932613e-10,2.5291996569990398e-11
2870,2.6393880956469863e-10,2.336502216619636e-11
2871,2.406192005482188e-10,2.3850676453028836e-11
2872,2.4505356215565985e-10,3.072114274721536e-11
2873,2.7627524073354505e-10,4.18980292012316e-11
2874,3.1645072830023077e-10,5.127559044402105e-11
2875,3.0714513193686035e-10,4.694141386309045e-11
2876,2.4905313182759406e-10,3.222178741460327e-11
2877,1.998720033578185e-10,2.1134964863595696e-11
2878,1.917570755917156e-10,1.8594593955910766e-11
2879,1.975479275909182e-10,2.0043939478608562e-11
2880,1.9798250667943655e-10,2.3787301809669563e-11
2881,2.064638997128486e-10,3.1482018372816764e-11
2882,2.589022294948063e-10,4.7875945865505233e-11
2883,3.4807161762902196e-10,7.132067323205419e-11
2884,4.3183585113482325e-10,9.401542954203815e-11
2885,4.799973296175095e-10,1.0845642784383035e-10
2886,5.551446121044151e-10,1.2625925742852776e-10
2887,7.096370517296021e-10,1.5752380666920825e-10
2888,9.198499049552802e-10,2.0144337790918346e-10
2889,9.91270598334087e-10,2.130240743585104e-10
2890,9.53327642093744e-10,1.9787875353259742e-10
2891,9.603093355762554e-10,1.8318936446801102e-10
2892,1.0339965590666898e-09,1.8301022465054038e-10
2893,1.0901894999081345e-09,1.8767909333434346e-10
2894,1.1054272046029358e-09,1.9663136248314417e-10
2895,1.1957606703147483e-09,2.2851756174060413e-10
2896,1.464123180871948e-09,3.051280364582852e-10
2897,1.8239409872562782e-09,4.108790104765314e-10
2898,1.9842661193567e-09,4.691170904267613e-10
2899,2.040584547457746e-09,5.046056756768789e-10
2900,2.174845561603257e-09,5.611386329999093e-10
2901,2.4816486420652423e-09,6.614801576295946e-10
2902,2.5932355127741794e-09,6.984540104518129e-10
2903,2.2291476462916827e-09,5.768048759521545e-10
2904,1.7105733797342624e-09,4.0969094994434284e-10
2905,1.339667532821028e-09,2.8869676370171026e-10
2906,1.0757171357303428e-09,2.0540644715753188e-10
2907,8.240340257293475e-10,1.404379170647481e-10
2908,6.18325063885075e-10,9.986494495015782e-11
2909,5.026637338915912e-10,7.919003211724877e-11
2910,4.680560835219555e-10,7.381411679225349e-11
2911,4.74164833743703e-10,7.623251318961105e-11
2912,4.6364554469033884e-10,7.306655384512624e-11
2913,4.3802542424039764e-10,6.421425731844252e-11
2914,4.403456870240778e-10,5.972773879124266e-11
2915,4.2186876059630574e-10,5.3026407063043154e-11
2916,3.799795291538684e-10,4.587965665402791e-11
2917,3.05930381676164e-10,3.5641332717836414e-11
2918,2.8475642462366416e-10,3.576169974092753e-11
2919,2.9177874578342027e-10,3.927210157352615e-11
2920,3.0393981039868463e-10,4.3452071515595475e-11
2921,3.122863962651871e-10,4.8697975366299775e-11
2922,3.1765055950712986e-10,5.408423870895896e-11
2923,3.642359351389317e-10,6.783106914677067e-11
2924,4.3939341062332077e-10,8.77842353622024e-11
2925,4.926940359253007e-10,1.0037209356673013e-10
2926,5.054483619206231e-10,9.750121301369926e-11
2927,5.162585157144103e-10,9.059059764069797e-11
2928,5.776156836500877e-10,9.513086202451018e-11
2929,6.857993809781184e-10,1.152495825169565e-10
2930,7.762573681615457e-10,1.3714906691350294e-10
2931,8.61067504554001e-10,1.5831773083766722e-10
2932,9.704281737292638e-10,1.7570564546252685e-10
2933,1.119462827465587e-09,1.937274365420307e-10
2934,1.2506523977046064e-09,2.0761711925921723e-10
2935,1.3303114496507118e-09,2.2722884925427716e-10
2936,1.4071722249594778e-09,2.6190963279254446e-10
2937,1.508389927488029e-09,3.068763844006241e-10
2938,1.5259918131567897e-09,3.2614452520493236e-10
2939,1.3898642442687494e-09,2.992708962809413e-10
2940,1.1877826881582826e-09,2.4477181882681756e-10
2941,1.1761026278490186e-09,2.411443003933728e-10
2942,1.3525611076687587e-09,2.846232685065803e-10
2943,1.5978210057823344e-09,3.4452021815284687e-10
2944,1.584383388467657e-09,3.312192809864206e-10
2945,1.4149175169719344e-09,2.8281399483441834e-10
2946,1.2039328403536102e-09,2.183869453482685e-10
2947,1.0503722990594213e-09,1.7450952485886694e-10
2948,8.582447702363945e-10,1.3286270167613386e-10
2949,6.734335737304206e-10,9.919472809746639e-11
2950,5.743542702222268e-10,8.387023304639196e-11
2951,5.395087875834552e-10,7.646787293012092e-11
2952,5.040146233962542e-10,6.757740116564687e-11
2953,4.709157984809148e-10,6.107677655526804e-11
2954,4.319917821926775e-10,5.1986449132566044e-11
2955,4.2655539891588655e-10,4.6117819967886735e-11
2956,4.240412382046986e-10,4.172030505996181e-11
2957,3.811001858531878e-10,3.388169269656977e-11
2958,3.3434046448898964e-10,2.7093408649812132e-11
2959,2.98433905817003e-10,2.2175325298627278e-11
2960,2.8203137630753797e-10,2.047351406095677e-11
2961,2.5936225120844105e-10,1.8760783826914947e-11
2962,2.5255668494301886e-10,1.9982026678868604e-11
2963,2.800565856709847e-10,2.4593733945719674e-11
2964,3.493702215456936e-10,3.378717290496782e-11
2965,4.4581182309269154e-10,4.881532922054838e-11
2966,5.129331475693528e-10,6.111331497896294e-11
2967,5.61521543605816e-10,7.2424832092758e-11
2968,6.299006990397769e-10,8.972713854702025e-11
2969,6.875224336934436e-10,1.0410214770514569e-10
2970,6.991159362655425e-10,1.0443678536467562e-10
2971,6.614175064245758e-10,9.395609945834378e-11
2972,6.169598345273833e-10,8.049075104462007e-11
2973,6.619539819583809e-10,8.480639560687629e-11
2974,7.945877476807646e-10,1.101210971174947e-10
2975,9.024255490032491e-10,1.3328971806862967e-10
2976,9.470174465163507e-10,1.52441246286245e-10
2977,9.360186871265226e-10,1.5678841136064206e-10
2978,9.558822529139829e-10,1.603317786522245e-10
2979,9.958627452905733e-10,1.68397828652797e-10
2980,9.44751477938524e-10,1.610809977215321e-10
2981,8.146534505192757e-10,1.4082178467019813e-10
2982,7.050977856236336e-10,1.210261210547328e-10
2983,6.756507657374259e-10,1.133718952894512e-10
2984,6.524171023365619e-10,9.927759574013559e-11
2985,5.791446351294525e-10,7.717920413034316e-11
2986,5.025632315639314e-10,6.213716496338235e-11
2987,4.726099626917898e-10,5.8312329314329e-11
2988,5.117946120219304e-10,6.881525288165154e-11
2989,5.747352595172041e-10,8.6309227305522e-11
2990,5.900042741220642e-10,9.173363786233336e-11
2991,5.503213491687078e-10,8.187137633604792e-11
2992,5.303601759454445e-10,7.526807995425263e-11
2993,5.450752057016619e-10,7.403146103426882e-11
2994,5.69891113110893e-10,7.581567609783914e-11
2995,5.543549259631214e-10,7.268485501739305e-11
2996,5.100336317181349e-10,6.585677591930845e-11
2997,4.774341191331607e-10,5.7988870421199126e-11
2998,4.428133697625126e-10,4.787408528969232e-11
2999,4.029970645552935e-10,3.7895965705229986e-11
3000,3.4475374233039473e-10,2.8090134129890517e-11
3001,2.901719525695131e-10,2.0392083021449188e-11
3002,2.532469538637947e-10,1.629061363834577e-11
3003,2.304058151565839e-10,1.4212799122184574e-11
3004,2.2900717271402932e-10,1.418367078960584e-11
3005,2.400581538259802e-10,1.5082361716908254e-11
3006,2.7102054794792546e-10,1.88707108402565e-11
3007,3.324078470105115e-10,2.764230266284989e-11
3008,4.5337061156905883e-10,4.647543221026689e-11
3009,6.01716431125649e-10,6.896565585291168e-11
3010,6.80941815974092e-10,7.937126001822063e-11
3011,6.630318543459251e-10,7.536171301176566e-11
3012,6.296745259985861e-10,7.013275761566858e-11
3013,6.544337756592085e-10,7.252665976434695e-11
3014,6.84075337905306e-10,7.749595871741908e-11
3015,6.698668629619634e-10,7.893029209672196e-11
3016,6.382273535758678e-10,7.629955405186948e-11
3017,6.675419182231502e-10,8.293520442324226e-11
3018,7.264473031172555e-10,9.499819056286794e-11
3019,7.364806850433774e-10,9.980452359323036e-11
3020,7.062241432091367e-10,9.885181917790967e-11
3021,6.59261612979244e-10,9.130153141299056e-11
3022,6.358852133800152e-10,8.929354284245658e-11
3023,5.725738779216698e-10,8.260063635741835e-11
3024,4.770153653616473e-10,7.125705954516754e-11
3025,3.9834772158760734e-10,6.033867123707951e-11
3026,3.6376144458178226e-10,5.2851344663584195e-11
3027,3.6868787710640053e-10,4.906040883744782e-11
3028,3.8729732974855037e-10,4.742871169268543e-11
3029,4.134703689586198e-10,5.0849704587579083e-11
3030,4.795531366109657e-10,6.508344361783913e-11
3031,5.993197898700185e-10,9.447500027980787e-11
3032,7.257217061055621e-10,1.2976363553533572e-10
3033,7.919056423645452e-10,1.5174728147187663e-10
3034,7.162290389446578e-10,1.330460808545365e-10
3035,6.659134665294492e-10,1.1870943935848856e-10
3036,6.443628854431792e-10,1.0795493839576352e-10
3037,6.599717766683193e-10,1.0961817384278721e-10
3038,6.487499376519003e-10,1.0938961383830041e-10
3039,5.981952569267181e-10,9.755294904004418e-11
3040,5.28181242209721e-10,7.817205156455864e-11
3041,4.929652485389299e-10,6.642450854401873e-11
3042,4.5514794819038343e-10,5.409523322453831e-11
3043,4.12307618318441e-10,4.461199631598296e-11
3044,3.5576441109239154e-10,3.531302456181136e-11
3045,2.9940038819046166e-10,2.543442587810899e-11
3046,2.6631387072770946e-10,1.9249551848136003e-11
3047,2.6890112058590107e-10,1.7320982073240875e-11
3048,3.066224445553032e-10,1.9890324071372802e-11
3049,3.6944381972201404e-10,2.6047814087734664e-11
3050,4.472882194280192e-10,3.4418250649916105e-11
3051,5.428569590945219e-10,4.502295712240946e-11
3052,6.365729440575299e-10,5.33621382438493e-11
3053,7.006957438864156e-10,5.781835639366158e-11
3054,6.912706972130494e-10,5.573688773576201e-11
3055,6.614425627699395e-10,5.558574459453982e-11
3056,6.318139146830937e-10,5.3298158437670344e-11
3057,6.168672716599955e-10,5.166668562568724e-11
3058,6.16213695314896e-10,5.256895304623631e-11
3059,6.090122270301435e-10,5.0007158512533087e-11
3060,6.210223795225188e-10,4.807972244855095e-11
3061,6.057879846137146e-10,4.4177888720235496e-11
3062,5.404239225250239e-10,3.754978437064032e-11
3063,4.5837485348270845e-10,3.178713173422158e-11
3064,3.9449967104167104e-10,2.8073171282283793e-11
3065,3.3220332657912395e-10,2.2347638114269782e-11
3066,2.712970707541915e-10,1.645230506010842e-11
3067,2.1583559032997713e-10,1.1238901871695071e-11
3068,1.9339004100868892e-10,9.30291844167141e-12
3069,2.175798376387473e-10,1.205083132160144e-11
3070,2.823658952296507e-10,1.912335049162308e-11
3071,3.8076611029129533e-10,3.085049092108882e-11
3072,4.795610023921986e-10,4.361818794807959e-11
3073,5.678471059520153e-10,5.687745912849193e-11
3074,6.312907980925952e-10,6.926283784919405e-11
3075,6.550226459821946e-10,8.101526340959632e-11
3076,6.366746497551644e-10,8.808358165947043e-11
3077,5.849426336405727e-10,8.708329627797777e-11
3078,5.148829134974634e-10,7.685382857947066e-11
3079,4.548655358830509e-10,6.255658779432465e-11
3080,4.1435984152471236e-10,5.1035452192094626e-11
3081,3.93291023885768e-10,4.415611331016568e-11
3082,3.866382005445318e-10,4.129050931055804e-11
3083,3.857797249776038e-10,3.870050290384287e-11
3084,3.7027592530808314e-10,3.240962547139718e-11
3085,3.49274976339142e-10,2.39508674974472e-11
3086,3.158123142350727e-10,1.6901288854964574e-11
3087,2.8049278901570755e-10,1.2501030959066007e-11
3088,2.6002092125699024e-10,1.073878652416638e-11
3089,2.623908834376497e-10,1.1802240902700688e-11
3090,2.717730610980883e-10,1.3352593332053343e-11
3091,2.8286976073765014e-10,1.4568733060083256e-11
3092,3.1103880105157907e-10,1.7487353600796985e-11
3093,3.7034524381712747e-10,2.358802384538688e-11
3094,4.577052281598817e-10,3.334481540748572e-11
3095,5.474656002996648e-10,4.5392575294524764e-11
3096,6.049559399182936e-10,5.4153653746836777e-11
3097,6.522555113870689e-10,6.002318020947233e-11
3098,6.978093978202011e-10,6.314553007703454e-11
3099,7.049469656209885e-10,6.012740827884236e-11
3100,6.363151209519873e-10,4.769186413347301e-11
3101,5.541033934815493e-10,3.682882401730964e-11
3102,5.169886420368845e-10,3.1703993404038576e-11
3103,5.230612534741229e-10,3.138853384942188e-11
3104,5.177274462248697e-10,3.078615776785675e-11
3105,4.6303908844016796e-10,2.5261945267950513e-11
3106,3.8095374548764737e-10,1.730442802492315e-11
3107,3.317764678695593e-10,1.3067817535679727e-11
3108,2.9750884260007185e-10,9.879583195178785e-12
3109,2.5747813400897346e-10,6.995927617181723e-12
3110,2.030255793914237e-10,4.018705176426911e-12
3111,1.6569329441555856e-10,2.424250458303119e-12
3112,1.3936047969811828e-10,1.4890245214869977e-12
3113,1.2998967923023162e-10,1.4483668626875259e-12
3114,1.221617318707223e-10,1.7935535888198424e-12
3115,1.2940548232975293e-10,3.3311896420870908e-12
3116,1.5544268676561648e-10,6.819492309351634e-12
3117,1.9188693477142915e-10,1.1318598032567827e-11
3118,2.093170916157101e-10,1.4038074248944504e-11
3119,2.1489633114305162e-10,1.6651544798338374e-11
3120,2.2405473162778983e-10,2.1309537812793108e-11
3121,2.5750213897858777e-10,3.062726112598028e-11
3122,2.764298184438106e-10,3.814864643445145e-11
3123,2.4877169357248635e-10,3.4211010751922743e-11
3124,2.0736698075294078e-10,2.4817221159365208e-11
3125,1.8329667219393564e-10,1.8106829652105446e-11
3126,1.7811862439632028e-10,1.5779424655603378e-11
3127,1.7422643461999627e-10,1.5732427833841435e-11
3128,1.55870469035184e-10,1.3383388595334355e-11
3129,1.338316382926503e-10,8.509924118552619e-12
3130,1.3212659467880858e-10,4.913227317133903e-12
3131,1.5820347155365207e-10,4.300754174666922e-12
3132,1.944863379038144e-10,5.736304465059873e-12
3133,2.2301630358444636e-10,8.700321564530251e-12
3134,2.481662411217468e-10,1.3068429992842086e-11
3135,2.802984969541864e-10,1.7859172091166655e-11
3136,2.975246092419411e-10,2.0027561208331688e-11
3137,2.975403468751724e-10,2.1575987120592938e-11
3138,2.902667331129749e-10,2.539649278578884e-11
3139,3.2336339011245605e-10,3.5419289339270773e-11
3140,3.9803182246717755e-10,4.865473932919535e-11
3141,4.6108902816380843e-10,5.41769541535376e-11
3142,4.731215166503481e-10,4.953055615188839e-11
3143,4.928553172211783e-10,4.418408228792832e-11
3144,5.785969785370805e-10,4.5555593138268446e-11
3145,6.909791239734523e-10,5.084958297204626e-11
3146,6.80510691580947e-10,4.472018580249939e-11
3147,5.688018476497984e-10,3.109775599393923e-11
3148,5.064656171142431e-10,2.534339703596561e-11
3149,5.15495443767e-10,2.592370055815136e-11
3150,4.955816532524629e-10,2.3748462669695547e-11
3151,3.7651902914539605e-10,1.5151397166108235e-11
3152,2.5730714494396463e-10,7.941043527128859e-12
3153,2.2595499532645334e-10,6.30813349515524e-12
3154,2.519583957525396e-10,7.242359466254115e-12
3155,2.644151573819416e-10,7.724147114392535e-12
3156,2.2452355005594412e-10,6.2564155540827615e-12
3157,1.9352365080652123e-10,6.220072010291507e-12
3158,2.117347341333366e-10,9.19705533579742e-12
3159,2.4976227613828e-10,1.3367654828176631e-11
3160,2.3306792025184035e-10,1.2519400248243817e-11
3161,1.7510910306659715e-10,7.675418579377878e-12
3162,1.5261458094474558e-10,5.499625411703825e-12
3163,1.753283940175617e-10,6.4403692109101365e-12
3164,2.0116428767511264e-10,9.066048027127361e-12
3165,1.8174902949512275e-10,1.1669476794349544e-11
3166,1.6471554903010734e-10,1.59492888911455e-11
3167,1.735572355480905e-10,1.9731584015830398e-11
3168,2.0333324064717259e-10,2.1805350162225787e-11
3169,1.9763788740361464e-10,1.9768269919576463e-11
3170,1.6192169907415741e-10,1.719678028196284e-11
3171,1.5001936324547949e-10,1.7462671466796467e-11
3172,1.7975585370627112e-10,2.008298533114968e-11
3173,2.364506149323723e-10,2.2310083554243814e-11
3174,2.747753794662669e-10,2.0453172686064198e-11
3175,3.0204053390889276e-10,1.735397476535407e-11
3176,3.589975924519057e-10,1.8468848446622493e-11
3177,4.3042724614073093e-10,2.4648410252912114e-11
3178,4.4701353887435783e-10,3.151721355202267e-11
3179,4.405424966258387e-10,3.9157699328908544e-11
3180,4.4186723966584494e-10,4.1766797613201306e-11
3181,4.6192130507211295e-10,3.978908143207996e-11
3182,4.5843672066190133e-10,3.485473584671979e-11
3183,4.40350016384984e-10,3.062425338572638e-11
3184,4.706388703091306e-10,3.2036219269315986e-11
3185,6.029343233788983e-10,4.4627822821311386e-11
3186,7.42033217459058e-10,5.5816486677424204e-11
3187,7.739291375616096e-10,5.55730828639787e-11
3188,7.565419010228982e-10,5.4253554482055693e-11
3189,8.103984422714474e-10,6.284858137867214e-11
3190,9.188525412194467e-10,7.835572639540075e-11
3191,9.450692551639507e-10,8.41507742475428e-11
3192,8.536907288560726e-10,7.370831552892054e-11
3193,8.233746642112361e-10,7.04626371931657e-11
3194,9.12882720647622e-10,7.780609520231764e-11
3195,1.029292868958426e-09,8.770650419159271e-11
3196,9.740487035685541e-10,7.842170676983375e-11
3197,7.614550507376172e-10,5.2123749859427185e-11
3198,6.231758189646174e-10,3.741084761374018e-11
3199,5.683940770068795e-10,3.1372498502732664e-11
3200,5.314211422342464e-10,2.7912526078048883e-11
3201,4.6245384984774193e-10,2.3194837601048067e-11
3202,3.990975041024094e-10,1.9217127104674787e-11
3203,3.8484653690587055e-10,1.8213499143757093e-11
3204,4.119320950111257e-10,1.9320065583605917e-11
3205,3.9609327160455313e-10,1.656993407716177e-11
3206,3.5911778130655616e-10,1.4757839677870866e-11
3207,3.342659933043128e-10,1.4791603520850942e-11
3208,3.593249955627359e-10,2.054920115676599e-11
3209,3.70380805085373e-10,2.7513680293105907e-11
3210,3.2116053192028236e-10,2.7707557601520157e-11
3211,2.617228162092267e-10,2.3921858249316934e-11
3212,2.509230961467684e-10,2.2673446272031e-11
3213,2.991198314965615e-10,2.589408797385812e-11
3214,3.334051916932604e-10,2.728558856592869e-11
3215,3.2436749755412657e-10,2.570353472785565e-11
3216,3.150715222100128e-10,2.2061252557768848e-11
3217,3.7083991427930195e-10,2.2361170263980505e-11
3218,4.5922571032303594e-10,2.5807256646913292e-11
3219,4.828321042399082e-10,2.6395362450210612e-11
3220,4.4866622452293335e-10,2.5079493059925843e-11
3221,4.480700511988774e-10,2.6616077282781468e-11
3222,5.281268202020276e-10,3.4738204722209943e-11
3223,5.795616406843911e-10,3.8636816217621454e-11
3224,5.564139998412096e-10,3.656944934005022e-11
3225,5.50707628996511e-10,3.682970867566114e-11
3226,6.894792043712811e-10,5.1684760978679625e-11
3227,8.983563681526015e-10,7.458075715951773e-11
3228,9.211735237549837e-10,7.637214601873599e-11
3229,7.845730629085766e-10,6.321654704931363e-11
3230,7.226859470245671e-10,5.626372000659227e-11
3231,8.145588353442343e-10,6.434349904825441e-11
3232,9.115003944098748e-10,7.406116951029891e-11
3233,8.735375595804319e-10,7.28441704611014e-11
3234,8.150813001087935e-10,6.78003368294358e-11
3235,8.989646997877982e-10,7.746217181318438e-11
3236,1.055497925118613e-09,9.355351961146254e-11
3237,1.0619150068620985e-09,9.270561687244976e-11
3238,9.318706384788421e-10,7.828579426020481e-11
3239,8.704712802766586e-10,7.19302488785092e-11
3240,9.010508040845781e-10,7.373884199972266e-11
3241,8.561730104039051e-10,6.575463851961043e-11
3242,6.721752841342993e-10,4.4259029462894374e-11
3243,5.3001931935392e-10,2.8728323590682197e-11
3244,4.907201766634364e-10,2.2646220052205323e-11
3245,4.896430951086546e-10,1.9964762648074565e-11
3246,4.084476110204506e-10,1.269998577523174e-11
3247,3.0690426618014e-10,6.98474867982537e-12
3248,2.725001403272647e-10,5.357097369588149e-12
3249,3.104587698086679e-10,7.084582049751932e-12
3250,3.436620694446944e-10,9.016815762489681e-12
3251,3.2646618330964786e-10,9.169842319653576e-12
3252,3.1981726149797005e-10,1.0168558861659515e-11
3253,3.6752754045584013e-10,1.3126477373773057e-11
3254,3.943354951779185e-10,1.3920129138893767e-11
3255,3.3687602713744365e-10,1.1524238703271702e-11
3256,2.472289255011443e-10,8.384521144887399e-12
3257,2.1370766989555704e-10,8.66067400214322e-12
3258,2.2109274183731234e-10,1.208060179690656e-11
3259,1.9289775822101538e-10,1.3796120414142992e-11
3260,1.3820504959162515e-10,1.3370740860417535e-11
3261,1.2027661430478322e-10,1.4032795760810716e-11
3262,1.453793616542732e-10,1.466650551399279e-11
3263,2.1143807341982455e-10,1.5820393180268195e-11
3264,2.5147436194906324e-10,1.4995676797367115e-11
3265,2.542194453644566e-10,1.2517951660567023e-11
3266,2.936409542007094e-10,1.2673359504408936e-11
3267,3.973407005731296e-10,1.7956796210797848e-11
3268,4.839078999304953e-10,2.473764624960445e-11
3269,4.698719689178379e-10,2.5513837877233156e-11
3270,4.4047000260101715e-10,2.4907432571013975e-11
3271,4.692272901749737e-10,2.8092989157171787e-11
3272,5.144053519171757e-10,3.201690205693314e-11
3273,5.047035661068323e-10,3.1623594307687655e-11
3274,4.676599809141752e-10,3.010146717347674e-11
3275,4.673418493436713e-10,2.9530644219014786e-11
3276,5.139534255104652e-10,3.184510014190478e-11
3277,5.421309037983184e-10,3.3122269911749997e-11
3278,5.482915729532707e-10,3.3781351146260334e-11
3279,6.002461837496846e-10,3.880695724296573e-11
3280,6.941323179643095e-10,4.796738836570621e-11
3281,7.507216901805841e-10,5.4045045153206696e-11
3282,6.821031317884039e-10,4.623760430300744e-11
3283,5.696340025750352e-10,3.404843619533605e-11
3284,5.196383832581373e-10,2.8208713096837988e-11
3285,5.241347011902765e-10,2.762734677089453e-11
3286,5.160447645581374e-10,2.6677932472373393e-11
3287,4.688844875562307e-10,2.3034667854088232e-11
3288,4.464056527953436e-10,2.1929774073077586e-11
3289,4.65372755401709e-10,2.3402756246115215e-11
3290,4.756642842236504e-10,2.3555988038232535e-11
3291,4.0542158441901777e-10,1.6959473919825218e-11
3292,2.955222766886299e-10,8.796915164673506e-12
3293,2.2766931228330705e-10,4.760207441330082e-12
3294,2.1404037970680793e-10,3.8960725014582574e-12
3295,2.0961074882332596e-10,3.615565158576745e-12
3296,2.005945502416279e-10,3.5488287250056546e-12
3297,2.0404385414783384e-10,4.086610255468775e-12
3298,2.5237216943068056e-10,6.391330639366214e-12
3299,3.2485196743094856e-10,9.764426280318043e-12
3300,3.4445550755259035e-10,1.0118249552147481e-11
3301,3.0158395803647265e-10,7.921869962492581e-12
3302,2.834733131224091e-10,7.702194868111971e-12
3303,3.233054792746488e-10,1.1883726821437799e-11
3304,3.562963890741736e-10,1.7709540236780695e-11
3305,3.1754686487224216e-10,2.023890912303954e-11
3306,2.5464957878652034e-10,1.9118031662897717e-11
3307,2.372578227521308e-10,1.9489803770266807e-11
3308,2.611727606978202e-10,2.1804431244157684e-11
3309,2.8543841920907517e-10,2.472678927642767e-11
3310,3.0113775463713513e-10,2.818207803215555e-11
3311,3.464635769393435e-10,3.241712950183293e-11
3312,4.4856534306149854e-10,3.8766990631814995e-11
3313,5.473321760732974e-10,4.424441640326723e-11
3314,5.424160989024169e-10,4.093849270381009e-11
3315,4.6540897126044904e-10,3.40260348740238e-11
3316,4.3414745986011663e-10,3.369604458911745e-11
3317,4.498965273318565e-10,3.7254793858109757e-11
3318,4.507387264752959e-10,3.778651030778081e-11
3319,3.972649175873671e-10,3.0969813490582164e-11
3320,3.5256511366135155e-10,2.493206280249214e-11
3321,3.723759497815132e-10,2.453812881476578e-11
3322,4.320640729014667e-10,2.7343740663272486e-11
3323,4.4265847072708406e-10,2.4645639366683123e-11
3324,4.064437349810047e-10,2.0038223527194136e-11
3325,4.0437333594005415e-10,1.9233610994602845e-11
3326,4.423903283253719e-10,2.0181397358653946e-11
3327,4.419965079007769e-10,1.874464051177599e-11
3328,3.5531711708779067e-10,1.2344618473322108e-11
3329,2.879123294069422e-10,8.242354047066451e-12
3330,3.025741153189972e-10,8.433635777307383e-12
3331,3.5425656805278716e-10,1.0325315912252521e-11
3332,3.416098856573991e-10,9.284000874189146e-12
3333,2.665362098606149e-10,5.737769275967682e-12
3334,2.364851055929551e-10,4.794759612573968e-12
3335,2.521556359520664e-10,5.4008731740381194e-12
3336,2.589403909167602e-10,5.860440817108428e-12
3337,2.0952160221866796e-10,3.962161570586558e-12
3338,1.6291358490040966e-10,2.3392698999360554e-12
3339,1.597480533907706e-10,2.039527124403644e-12
3340,1.8153819079908013e-10,2.523630006137996e-12
3341,1.8467089099539627e-10,2.9242396754931833e-12
3342,1.5573575887451958e-10,2.6799486723775654e-12
3343,1.5770290913730177e-10,3.961607787858526e-12
3344,2.015058127877953e-10,6.9208858428675354e-12
3345,2.642030502812218e-10,1.0896851893680766e-11
3346,2.95268320524575e-10,1.3610003748357433e-11
3347,3.2204190626167735e-10,1.708830852156344e-11
3348,3.9239713578816226e-10,2.3875540047427076e-11
3349,4.986265273020105e-10,3.399997431972156e-11
3350,5.656511580070487e-10,4.2484167523476126e-11
3351,5.538810296017458e-10,4.442076724645034e-11
3352,5.596334889256458e-10,4.8376849974954764e-11
3353,5.941137672536461e-10,5.38521087684906e-11
3354,5.864195889460855e-10,5.495016731545009e-11
3355,5.058111012034197e-10,4.704331063022521e-11
3356,4.4212153429071184e-10,3.999054379104494e-11
3357,4.764186247219711e-10,4.4596169370812136e-11
3358,5.54329741850636e-10,5.228677913902344e-11
3359,5.87944609075204e-10,5.625847268002492e-11
3360,5.849311261757192e-10,5.7708504762465765e-11
3361,6.10028277687668e-10,6.017593899814933e-11
3362,6.668068995476081e-10,6.512247644737447e-11
3363,6.710107822429086e-10,6.580958325224633e-11
3364,6.074130448925683e-10,5.982916647524938e-11
3365,5.524386834296415e-10,5.409543444937571e-11
3366,5.435205000372776e-10,4.984632230284676e-11
3367,5.265105329891437e-10,4.13592976533586e-11
3368,4.698205809657929e-10,3.0775721892628565e-11
3369,4.187742202040223e-10,2.2635160422026618e-11
3370,4.3458707537224947e-10,2.179839470281373e-11
3371,4.673077279335928e-10,2.3155510953621577e-11
3372,4.82903397408122e-10,2.424926687569983e-11
3373,4.722501625667498e-10,2.333060445636114e-11
3374,4.954756083420884e-10,2.5646008435781157e-11
3375,5.263208424027774e-10,2.822452813928711e-11
3376,5.355028149397356e-10,3.050581755127319e-11
3377,4.889322918076543e-10,2.72777806337817e-11
3378,4.190165157666034e-10,2.0006248211614456e-11
3379,3.8508333305188336e-10,1.640116155055409e-11
3380,3.7355834525652806e-10,1.4668911999062583e-11
3381,3.6182327123445734e-10,1.3218502371449839e-11
3382,3.1484054185464646e-10,9.427669536663776e-12
3383,2.6912169695590454e-10,6.999970761581053e-12
3384,2.4623451983090687e-10,6.1904282746709915e-12
3385,2.2874150138915768e-10,5.2310714713606096e-12
3386,1.9532829299091288e-10,4.200836321123631e-12
3387,1.4508836430983714e-10,2.7451364527084342e-12
3388,1.1878092875617814e-10,2.05446433980731e-12
3389,1.2046150096811645e-10,1.9672829070684475e-12
3390,1.3509065217885272e-10,2.0377501618731364e-12
3391,1.435174459981378e-10,2.0451322833631723e-12
3392,1.4451374524794898e-10,2.0649468267082558e-12
3393,1.6371125225800942e-10,3.0096706884044437e-12
3394,2.0049535051378328e-10,5.564147305912623e-12
3395,2.41993690405766e-10,9.502192880835066e-12
3396,2.6744384594484424e-10,1.2101171307446538e-11
3397,3.042370862042283e-10,1.50714381949912e-11
3398,3.665371496832206e-10,2.0596502721876997e-11
3399,4.081297080001575e-10,2.5290235625996168e-11
3400,4.0273415669778414e-10,2.7651349985321716e-11
3401,3.9259089564637965e-10,3.188596282174501e-11
3402,4.160992905855011e-10,3.881891289432025e-11
3403,4.586508545585669e-10,4.6169318522925574e-11
3404,4.578700763629563e-10,4.847929752624251e-11
3405,4.151354061738352e-10,4.5848722730182184e-11
3406,4.3010807472602944e-10,5.4544946395934497e-11
3407,5.301285397185665e-10,7.591112124055978e-11
3408,6.679425095813976e-10,1.0525398131999023e-10
3409,7.190830925645744e-10,1.1853515011299446e-10
3410,6.874501510409742e-10,1.0745689032948983e-10
3411,6.601746336797331e-10,8.849983986707681e-11
3412,6.904046198425358e-10,8.165538176817959e-11
3413,7.027426079122764e-10,7.605274825660256e-11
3414,6.4484251405606e-10,6.437817538766243e-11
3415,5.607933198579101e-10,5.013385876368989e-11
3416,4.992515199072849e-10,3.927685161451537e-11
3417,4.614035817968048e-10,3.265400096794592e-11
3418,4.372594874877079e-10,3.0142023513718603e-11
3419,4.241811849631979e-10,2.8252115484370473e-11
3420,4.2401281060596054e-10,2.8318256647489616e-11
3421,4.4235918014251885e-10,3.0671317190752386e-11
3422,4.5008765386655896e-10,3.049522696868461e-11
3423,4.397089234994165e-10,2.7925418145042846e-11
3424,4.2718915984432004e-10,2.5471425667208938e-11
3425,4.2044598057066013e-10,2.3691524757225297e-11
3426,4.2304501662866695e-10,2.3828689847043842e-11
3427,4.336554257577236e-10,2.5935444581205875e-11
3428,4.483134272659382e-10,2.8421525524909506e-11
3429,4.693724231496209e-10,3.1486610498440846e-11
3430,4.661983330861907e-10,3.047587728081947e-11
3431,4.2200317847224584e-10,2.5019783858812664e-11
3432,3.647113552836453e-10,1.963635115902533e-11
3433,3.104092825872671e-10,1.4513859430383354e-11
3434,2.749992805884302e-10,1.2155400644835206e-11
3435,2.4374837211759554e-10,1.1118700422814761e-11
3436,2.118603042070752e-10,1.002423766451255e-11
3437,1.875432630010928e-10,8.836795458930375e-12
3438,1.8160112624287875e-10,8.299862637605288e-12
3439,1.9215484750467196e-10,8.672998210259789e-12
3440,2.1409154915626123e-10,1.064804363779413e-11
3441,2.5440784442193503e-10,1.5087310958742168e-11
3442,3.0125340147414547e-10,2.012744270911166e-11
3443,3.4304824024670195e-10,2.378988134932163e-11
3444,3.6970473926552493e-10,2.5192955775682637e-11
3445,3.906457249342507e-10,2.6369137212001953e-11
3446,3.9533402315831634e-10,2.647594743396674e-11
3447,3.8139191624091853e-10,2.7029913804239812e-11
3448,3.6323547688865986e-10,2.9139472654591796e-11
3449,3.7926334640817263e-10,3.6007404244610375e-11
3450,4.1102925774925534e-10,4.369925469708757e-11
3451,4.5637965630865757e-10,5.5176804805590475e-11
3452,4.963070421243629e-10,6.990581185194839e-11
3453,5.721396096047546e-10,9.36071688610392e-11
3454,6.951254433982549e-10,1.267723889674822e-10
3455,8.063716539528243e-10,1.5688100795696745e-10
3456,8.051811725383325e-10,1.5494026352352585e-10
3457,7.083192924406887e-10,1.2603724390169506e-10
3458,6.518014667159104e-10,1.017160611795962e-10
3459,6.291345534795483e-10,8.36399956616982e-11
3460,6.109641312685679e-10,7.525427658268107e-11
3461,5.569355193021405e-10,6.86642656445701e-11
3462,5.022202775955972e-10,6.151358830594391e-11
3463,5.017274690662745e-10,6.001200024791575e-11
3464,5.008838708343423e-10,5.5532858317289244e-11
3465,4.963192732876457e-10,5.262195148198968e-11
3466,5.018683916449209e-10,5.424885450966076e-11
3467,5.370936211221942e-10,6.06530969029155e-11
3468,5.829525150957404e-10,6.810049044204872e-11
3469,5.958973926726785e-10,6.851902748355764e-11
3470,5.575793496659815e-10,5.888461347953008e-11
3471,5.582797355239526e-10,5.707802333743227e-11
3472,6.241774764471382e-10,6.726820610437915e-11
3473,6.898104048978143e-10,7.995036630203276e-11
3474,7.137771734717056e-10,9.175287739638105e-11
3475,6.962331661843437e-10,9.421235575537772e-11
3476,6.650495900963366e-10,8.623136863715705e-11
3477,6.373042997469088e-10,7.774975638998547e-11
3478,5.927085594502683e-10,6.908749844733546e-11
3479,5.257085016897601e-10,5.825567610996697e-11
3480,4.906924045224533e-10,5.533848549281295e-11
3481,5.157646211791626e-10,6.106389400900446e-11
3482,5.616274773043923e-10,6.387782513684564e-11
3483,5.734485706219092e-10,5.857063060021965e-11
3484,5.781716517295324e-10,5.651169827503469e-11
3485,6.118372712532995e-10,6.10034936655745e-11
3486,6.781629714763596e-10,7.10276668493509e-11
3487,7.066296438044623e-10,7.680935424203232e-11
3488,6.717670736754415e-10,7.602654507772735e-11
3489,6.190115500107198e-10,6.948196061462909e-11
3490,6.152239577589915e-10,6.853729647139439e-11
3491,6.037746025905734e-10,6.51538691174598e-11
3492,5.317832747678635e-10,5.46402322498499e-11
3493,4.5929938246267854e-10,4.6969300755763606e-11
3494,4.4067786481356034e-10,4.509001812504127e-11
3495,4.5813456845085955e-10,4.7228053912045235e-11
3496,4.3922567438114856e-10,4.6230579298262694e-11
3497,3.7971277473078557e-10,4.269821599108267e-11
3498,3.614274029693447e-10,4.750289527578035e-11
3499,4.1494555501845357e-10,6.466855833087865e-11
3500,4.772168633943704e-10,8.215830858414631e-11
3501,4.69228900958357e-10,8.214546675305501e-11
3502,4.3823937542118066e-10,7.136519228046108e-11
3503,4.5282505148372457e-10,6.415855102855297e-11
3504,5.249169111526772e-10,6.784005081822912e-11
3505,5.725953851595411e-10,7.547986199552568e-11
3506,5.199662832127418e-10,7.290911797694182e-11
3507,4.638735650206467e-10,7.261254438323105e-11
3508,4.420298518436137e-10,7.32766584950879e-11
3509,4.15481499488071e-10,6.905760810231318e-11
3510,3.66697489185631e-10,6.362291749775774e-11
3511,3.4329103085598635e-10,6.604863722397793e-11
3512,3.6818122148380457e-10,7.848168691971094e-11
3513,4.3532197430648475e-10,9.72343952724718e-11
3514,4.599666504507289e-10,9.522214737907192e-11
3515,4.2081450343529556e-10,7.578087369994524e-11
3516,4.0839941442329214e-10,6.672308553078693e-11
3517,4.976111010094009e-10,8.169123730535506e-11
3518,6.795983178202701e-10,1.215122950413701e-10
3519,8.110093936286714e-10,1.622609873787875e-10
3520,8.053964409281842e-10,1.729499023597425e-10
3521,7.831368353543202e-10,1.7184243533691505e-10
3522,8.621305570871432e-10,1.9060738991490535e-10
3523,1.013563175959038e-09,2.2431260585058817e-10
3524,1.1105061913000106e-09,2.418451578687334e-10
3525,1.0988884520100096e-09,2.2392367215969005e-10
3526,1.113251854357696e-09,2.048889875252412e-10
3527,1.1852186164611458e-09,1.9554508864964904e-10
3528,1.1980616205975667e-09,1.8417599157338076e-10
3529,1.0769768066363666e-09,1.6047272644387287e-10
3530,9.27907041385722e-10,1.3760636150347585e-10
3531,8.023909864941888e-10,1.1282973254021425e-10
3532,7.652058832351144e-10,1.0774861811867663e-10
3533,6.983599602733744e-10,9.20757830905035e-11
3534,6.086704637682338e-10,7.196151797083456e-11
3535,5.601963302605067e-10,6.1840444459046e-11
3536,5.379917376279266e-10,5.577702525093176e-11
3537,5.213829845414801e-10,5.238309153817879e-11
3538,4.458879475395766e-10,4.25247874105799e-11
3539,3.8884189525489637e-10,3.8705024918117254e-11
3540,3.6022582795923856e-10,3.783482869812248e-11
3541,3.7403005962625494e-10,4.4169447228556845e-11
3542,3.8090611416078545e-10,5.118833960389954e-11
3543,3.660648744834076e-10,5.543235698476375e-11
3544,3.5151620727483617e-10,5.853449604541534e-11
3545,3.6753154357742417e-10,6.499445460285422e-11
3546,3.862728375892554e-10,6.971611768978874e-11
3547,3.837728650340939e-10,7.09085810434318e-11
3548,3.661689978055376e-10,6.977809763466537e-11
3549,3.7171546874588864e-10,7.397191053446535e-11
3550,3.961134642729479e-10,8.336903327023158e-11
3551,4.105011619966814e-10,9.274581361802709e-11
3552,4.0591278036391105e-10,9.691898768806914e-11
3553,3.8749725849261797e-10,9.678986556775307e-11
3554,3.996675029097192e-10,1.014023193456732e-10
3555,4.3356082731724925e-10,1.1059467337839387e-10
3556,4.5342062695129333e-10,1.1854457671915973e-10
3557,4.487891988069513e-10,1.254357143174601e-10
3558,4.4997849461789524e-10,1.322103599638101e-10
3559,4.758319928023477e-10,1.4476954017654911e-10
3560,5.484513755734286e-10,1.7411904704974149e-10
3561,6.528018839787164e-10,2.1622492767001628e-10
3562,8.068711081511228e-10,2.8248941121541394e-10
3563,1.0003212732305927e-09,3.6283727852847794e-10
3564,1.184640401191383e-09,4.294989641953897e-10
3565,1.3396757859486182e-09,4.767338254720172e-10
3566,1.4701827997023494e-09,4.990538330216098e-10
3567,1.6147373481881652e-09,5.055046963139037e-10
3568,1.725456779640234e-09,4.931175779238847e-10
3569,1.5587224910250427e-09,3.934832586499068e-10
3570,1.2234284604461772e-09,2.730184021014653e-10
3571,9.714417632310246e-10,1.8976784784673228e-10
3572,8.895494037254305e-10,1.4947848551265114e-10
3573,8.369619608173703e-10,1.2365555517038684e-10
3574,7.214074069111294e-10,1.0067386764870946e-10
3575,6.247062771067417e-10,8.682304671699847e-11
3576,6.877136357172678e-10,1.0187365221746682e-10
3577,8.742417701129275e-10,1.368852442836183e-10
3578,9.901871441791116e-10,1.5340585074127825e-10
3579,8.834733965725142e-10,1.2351665991185056e-10
3580,7.230267790198965e-10,8.581307114383402e-11
3581,6.530389414397024e-10,6.94238162467316e-11
3582,6.341537695998209e-10,6.807241777315247e-11
3583,5.618438907205273e-10,6.413212592445625e-11
3584,4.620155242187647e-10,5.783245296465164e-11
3585,4.2014050737775883e-10,5.902439765742211e-11
3586,4.270498520470123e-10,6.554911448656136e-11
3587,4.3137940843441684e-10,6.976191690215145e-11
3588,4.0307526833617173e-10,7.239660843815127e-11
3589,4.081512144324646e-10,8.741634548262961e-11
3590,4.809710768409825e-10,1.149169698107087e-10
3591,6.07026858004768e-10,1.4726266884760226e-10
3592,6.681870735552471e-10,1.5643466755273763e-10
3593,6.163118648181181e-10,1.393013351460618e-10
3594,5.608371312284195e-10,1.2878595271922066e-10
3595,5.851529756998712e-10,1.4592482503968067e-10
3596,6.475478798236335e-10,1.78401130130001e-10
3597,6.496232202627088e-10,1.921989074132514e-10
3598,5.683312920761963e-10,1.7121990527855596e-10
3599,4.765522223019713e-10,1.4034634227742087e-10
3600,4.5048204614752966e-10,1.349281364759518e-10
3601,4.848075094409788e-10,1.5884156039289827e-10
3602,5.409893517744013e-10,1.9672830376904973e-10
3603,6.157476852038512e-10,2.368104778660349e-10
3604,6.5892203336333e-10,2.4579677063931037e-10
3605,7.452728284599395e-10,2.603670337076142e-10
3606,9.37923513540039e-10,3.1921397079713595e-10
3607,1.2034900348858987e-09,4.1548340402786365e-10
3608,1.4287524977236834e-09,4.98328399363809e-10
3609,1.4806633971390306e-09,5.047061326488794e-10
3610,1.332528626645033e-09,4.090076284840939e-10
3611,1.1278366105283832e-09,2.8948428935406464e-10
3612,9.979864569718212e-10,2.1780366901398254e-10
3613,8.718266194249603e-10,1.6855287341204715e-10
3614,7.49015491964076e-10,1.333403545118381e-10
3615,6.398488237028888e-10,1.0183807525978714e-10
3616,5.515414758359156e-10,7.369740392289205e-11
3617,4.897263014967768e-10,5.36766890765134e-11
3618,4.958042056871066e-10,5.2650804429069995e-11
3619,5.383727260974471e-10,6.058597297299398e-11
3620,6.222287077476584e-10,7.942963814849672e-11
3621,6.829360862070739e-10,9.356696383185893e-11
3622,6.64314580004e-10,8.781163267374288e-11
3623,6.191560111275848e-10,7.557553783766682e-11
3624,6.072067418171466e-10,7.155741666035121e-11
3625,6.439950266496166e-10,8.130933630204083e-11
3626,6.893228112309828e-10,9.857045350698569e-11
3627,7.251641552624425e-10,1.1944925533996516e-10
3628,7.195265952451247e-10,1.2701042719298853e-10
3629,6.636389680843646e-10,1.1332921118079139e-10
3630,5.775924547972926e-10,9.212389366995355e-11
3631,4.767152298021472e-10,7.529245634099263e-11
3632,4.314017466978833e-10,7.742733949547635e-11
3633,4.4231370074086813e-10,9.33837907267194e-11
3634,4.6463019074567597e-10,1.041420322577001e-10
3635,4.635211892773875e-10,9.852904209840323e-11
3636,4.4234101320363204e-10,8.51517035804996e-11
3637,4.5809156832090807e-10,8.553596020352937e-11
3638,5.141724424655521e-10,1.0480193176795918e-10
3639,5.810021457879201e-10,1.4168562601879362e-10
3640,6.496385000327215e-10,1.8789803028754148e-10
3641,6.955980220396724e-10,2.1704861588330525e-10
3642,7.321666886398239e-10,2.2571670943091098e-10
3643,7.50768984978101e-10,2.2630325120199144e-10
3644,7.347196963147615e-10,2.2287026370303477e-10
3645,7.440757289598236e-10,2.348538757507066e-10
3646,8.282235574943255e-10,2.639309447434663e-10
3647,9.635649775152741e-10,2.94569341392428e-10
3648,1.0691172964033268e-09,3.05036545648802e-10
3649,1.1043759464445904e-09,2.9633852709347153e-10
3650,1.1528135523611992e-09,2.9910532959019497e-10
3651,1.1613973529616608e-09,2.8745190974620853e-10
3652,1.1140104194574977e-09,2.6631784394628707e-10
3653,9.402870969796087e-10,2.09403196437685e-10
3654,7.695450203998126e-10,1.5134205585415293e-10
3655,6.431783580143942e-10,1.0590997158204599e-10
3656,5.558944352058831e-10,7.651970316270118e-11
3657,4.873870218525859e-10,5.650114445064057e-11
3658,4.217710812092183e-10,3.884775923027367e-11
3659,3.84248845796667e-10,2.95199589281055e-11
3660,3.8301601726217206e-10,2.8318043756079602e-11
3661,3.9119890760680675e-10,2.8956481171812978e-11
3662,4.0678499451249706e-10,3.2768670192536706e-11
3663,3.7551073328293796e-10,3.123294283641315e-11
3664,3.611084423889806e-10,3.357638554735179e-11
3665,4.0409546642120516e-10,4.411095751493232e-11
3666,5.105617302742824e-10,6.379801419397504e-11
3667,6.350962502353444e-10,9.048012488713119e-11
3668,7.019267486392335e-10,1.1637957365790444e-10
3669,7.364129825851168e-10,1.4148771775930265e-10
3670,8.010161972099765e-10,1.6953526754256279e-10
3671,8.09630513699322e-10,1.7041648841268998e-10
3672,7.426461490481477e-10,1.4663313477555994e-10
3673,6.021194835121954e-10,1.0541675558309049e-10
3674,4.769119813532539e-10,7.629749079940005e-11
3675,4.183799396951025e-10,6.935752617220656e-11
3676,3.998738963085498e-10,7.369560767015347e-11
3677,3.9529544227152944e-10,7.821293696508722e-11
3678,4.0340987321582546e-10,8.021459997441272e-11
3679,4.130042617029567e-10,8.147511666568046e-11
3680,4.678404986893838e-10,1.0022769252421926e-10
3681,5.904529554749964e-10,1.478864602882858e-10
3682,7.553719906601474e-10,2.1748597146649016e-10
3683,8.914034994709232e-10,2.779145439673236e-10
3684,9.175061792624066e-10,2.8520336999635883e-10
3685,8.614812157814335e-10,2.538290260438518e-10
3686,8.385973288079824e-10,2.370454548438335e-10
3687,8.740446485024423e-10,2.4770997991349183e-10
3688,9.100376402950369e-10,2.6750481940405806e-10
3689,9.144048255866784e-10,2.786250292370141e-10
3690,8.69929150142048e-10,2.636016741677656e-10
3691,8.612746065179619e-10,2.5184718713689314e-10
3692,9.054888235137723e-10,2.5788381079833383e-10
3693,9.554243307930034e-10,2.7412372508796526e-10
3694,1.005216790890186e-09,2.973054536017894e-10
3695,1.0603948515899766e-09,3.163936581989179e-10
3696,1.1381215548743134e-09,3.2521428144600756e-10
3697,1.2127336228619324e-09,3.285011936800768e-10
3698,1.1908344697124066e-09,3.063600100244423e-10
3699,1.104083549649815e-09,2.667931029159547e-10
3700,1.069303586006979e-09,2.424203226645999e-10
3701,1.0914209347430023e-09,2.2884975011761098e-10
3702,1.095062803539952e-09,2.154043741360706e-10
3703,1.0513160654860228e-09,1.995829624365844e-10
3704,1.017447222287723e-09,1.920050683921101e-10
3705,1.089051830668106e-09,2.095572425809261e-10
3706,1.2719874166152507e-09,2.5728999282194745e-10
3707,1.3969656668298823e-09,2.9365524733209e-10
3708,1.381069722787635e-09,2.958532847695495e-10
3709,1.3841314475776004e-09,3.1244923966946485e-10
3710,1.462469191946618e-09,3.4789834444187263e-10
3711,1.5593460507986396e-09,3.8174828383712914e-10
3712,1.47502029632033e-09,3.630319026729038e-10
3713,1.222268172823552e-09,2.9642944180946386e-10
3714,9.954277943811477e-10,2.3190335126133114e-10
3715,9.208559005662972e-10,2.060296407423805e-10
3716,8.839071442388792e-10,1.8932181456730515e-10
3717,7.993805635835843e-10,1.675169317757798e-10
3718,7.264050221389722e-10,1.567158713445305e-10
3719,7.307966061912033e-10,1.6466763607694676e-10
3720,8.126667513602451e-10,1.9294950057012711e-10
3721,8.575247659004222e-10,2.1348773794191484e-10
3722,8.660592697570821e-10,2.299436767161688e-10
3723,8.898661056066856e-10,2.4427939863112075e-10
3724,9.796607823311658e-10,2.6740848104846105e-10
3725,1.0291505301428746e-09,2.739918712762956e-10
3726,9.50415585209311e-10,2.4252913821875277e-10
3727,8.128726850929142e-10,1.9146719347223006e-10
3728,7.193445149376739e-10,1.538959268152109e-10
3729,6.837099235018671e-10,1.375015945509022e-10
3730,6.687889689595205e-10,1.3941975608339372e-10
3731,6.838989117547071e-10,1.580805022683384e-10
3732,7.610277346064732e-10,1.9322235920738558e-10
3733,9.168691749236273e-10,2.5066004200375096e-10
3734,1.0824868134428778e-09,3.124751651548871e-10
3735,1.1765960271409016e-09,3.5259474424301917e-10
3736,1.2743726289470135e-09,4.0345278244841255e-10
3737,1.4964264656135826e-09,5.032969684170827e-10
3738,1.773144996743336e-09,6.086842625056232e-10
3739,1.940581630085834e-09,6.597575868396039e-10
3740,1.920782292691628e-09,6.30664909101766e-10
3741,1.8477467552224916e-09,5.646208147458816e-10
3742,1.8668210473395633e-09,5.231188961930544e-10
3743,1.8555205424975961e-09,4.800383486287452e-10
3744,1.6224873729101882e-09,3.8013530935723474e-10
3745,1.3672253412970798e-09,2.912455412945371e-10
3746,1.3158858000949394e-09,2.6414593936047976e-10
3747,1.4718645367058784e-09,2.883990004800554e-10
3748,1.5944434615083914e-09,3.191208513667945e-10
3749,1.5747335825121606e-09,3.32126007596661e-10
3750,1.53806164455419e-09,3.3752459448781254e-10
3751,1.7242236896027192e-09,3.938550731750905e-10
3752,1.9408073164176877e-09,4.449815832285277e-10
3753,1.8608540049297562e-09,4.122657255475973e-10
3754,1.6130977606330776e-09,3.544563282858793e-10
3755,1.4533573869805209e-09,3.1867191685295896e-10
3756,1.419430402084237e-09,3.135186986656531e-10
3757,1.288948565721466e-09,2.8429343102160216e-10
3758,9.554024810548533e-10,1.9610569620696178e-10
3759,6.86323881679544e-10,1.2185953507648304e-10
3760,5.948717892817831e-10,9.320114607570331e-11
3761,6.286385823030136e-10,9.732247582498885e-11
3762,6.772241703596078e-10,1.1106776190162125e-10
3763,7.155416395086795e-10,1.2414093921319154e-10
3764,7.739384437999343e-10,1.314929813616967e-10
3765,8.377645842415967e-10,1.3078151212912711e-10
3766,8.64200038837585e-10,1.3015045863509085e-10
3767,8.446694107501206e-10,1.2881690627135762e-10
3768,8.166667903659325e-10,1.270358778467887e-10
3769,8.013990412740213e-10,1.251573785898842e-10
3770,7.351491309683731e-10,1.0990128312100671e-10
3771,6.22223811898988e-10,8.585668143866528e-11
3772,5.25723953120367e-10,6.821292307076669e-11
3773,5.087775316778547e-10,7.312815055997986e-11
3774,5.825856496312097e-10,1.0997062993862044e-10
3775,7.186512356589763e-10,1.7743025767941096e-10
3776,8.943734335364861e-10,2.6199791339769857e-10
3777,1.0614223033690388e-09,3.2979880236321424e-10
3778,1.2328878091042027e-09,3.8534228352415095e-10
3779,1.3790515691625318e-09,4.234219227546271e-10
3780,1.5723467966376323e-09,4.846938027369521e-10
3781,1.687791214151632e-09,5.107451407108485e-10
3782,1.6972791145924027e-09,4.908205343268875e-10
3783,1.6487054115353362e-09,4.5385705842480333e-10
3784,1.595137826943015e-09,4.081191932041191e-10
3785,1.5598874701867544e-09,3.6295666495893766e-10
3786,1.5313600191782613e-09,3.325697000175546e-10
3787,1.3943828256909464e-09,2.7979620207798325e-10
3788,1.2905134114628013e-09,2.451894671646861e-10
3789,1.2381591443113972e-09,2.2213668594986578e-10
3790,1.2386967890262286e-09,2.1617523174169125e-10
3791,1.1884017747440719e-09,2.0243215764569413e-10
3792,1.1283386448622127e-09,1.8986089449647798e-10
3793,1.0904015792589246e-09,1.7378734080704302e-10
3794,1.056054898976872e-09,1.5740131415015137e-10
3795,9.485640437922485e-10,1.3241191329055512e-10
3796,7.955824398882325e-10,1.0473251710920152e-10
3797,6.802567027148503e-10,8.594583260378713e-11
3798,6.198498590150465e-10,8.036841826394153e-11
3799,5.708600618182835e-10,7.622418089627142e-11
3800,4.703167289313742e-10,5.872839228836464e-11
3801,3.9054583424074975e-10,4.453238811346274e-11
3802,3.7392597437713546e-10,4.185115323880413e-11
3803,4.0796482689441286e-10,4.9259988737061714e-11
3804,4.724823419593136e-10,6.671838951400013e-11
3805,5.124074986290089e-10,8.213729089343496e-11
3806,5.300771127986131e-10,8.789641442251773e-11
3807,5.864620057237557e-10,9.569868929547228e-11
3808,6.808083983993082e-10,1.0771685415339192e-10
3809,7.830802716922944e-10,1.250851704565714e-10
3810,8.202929657637564e-10,1.3669621636236672e-10
3811,8.367367352112094e-10,1.5001747335312118e-10
3812,8.711842809768603e-10,1.668393729594971e-10
3813,8.73142790558783e-10,1.7453521130375515e-10
3814,7.77006530005675e-10,1.5823030162383242e-10
3815,6.595571770886976e-10,1.4293537362271835e-10
3816,6.365995802593535e-10,1.603041065186289e-10
3817,7.445982794292592e-10,2.2836060996048124e-10
3818,9.33649345211941e-10,3.3579089780763437e-10
3819,1.0895169054447543e-09,4.347318620862872e-10
3820,1.1825095350088355e-09,4.74656334111894e-10
3821,1.225933777909519e-09,4.4946508343219007e-10
3822,1.3285523286000328e-09,4.311095767471587e-10
3823,1.3868759497674415e-09,4.044500989474058e-10
3824,1.4131812760069705e-09,3.8621435268161687e-10
3825,1.5064131820098544e-09,4.01529380901994e-10
3826,1.565222621230707e-09,3.9260304066208753e-10
3827,1.544785372157355e-09,3.6104643998707367e-10
3828,1.3343469802705532e-09,2.785340849683029e-10
3829,1.0629348909595974e-09,1.8905755163215376e-10
3830,9.47516782228206e-10,1.518824761509769e-10
3831,9.653380609948346e-10,1.5090850270441318e-10
3832,1.0481543822420476e-09,1.6867946026873067e-10
3833,1.0935632270789662e-09,1.8094281924071812e-10
3834,1.0694720084644286e-09,1.7254123092097933e-10
3835,9.970829777850317e-10,1.4315445085137013e-10
3836,9.155066665139307e-10,1.1753119044000178e-10
3837,7.992837251625582e-10,9.581466253370389e-11
3838,6.631777395636582e-10,7.574308679778493e-11
3839,5.384813642264159e-10,5.878189622059896e-11
3840,4.4367912668697286e-10,4.565837933215052e-11
3841,3.826932206217635e-10,3.556293598098142e-11
3842,3.320633949400273e-10,2.5862437432660328e-11
3843,3.002572842100691e-10,2.1250837571595338e-11
3844,2.877105346891698e-10,2.1603445489408153e-11
3845,3.0769519865889497e-10,2.8930707313786088e-11
3846,3.565030090775094e-10,4.369413788969668e-11
3847,4.216647200385856e-10,6.238467331179233e-11
3848,5.153288846075869e-10,8.602527665831175e-11
3849,6.298130419194637e-10,1.1051000900777304e-10
3850,7.591811056950651e-10,1.3735636341320764e-10
3851,8.097727842260265e-10,1.4563966737738727e-10
3852,8.183660669389568e-10,1.4411975583355994e-10
3853,8.305226542518928e-10,1.3953178493795145e-10
3854,9.012759191156964e-10,1.517288752047061e-10
3855,9.66160980285464e-10,1.720357885932505e-10
3856,9.33788906024498e-10,1.833224929740842e-10
3857,8.70464888940652e-10,1.9491981791880506e-10
3858,8.650823733200759e-10,2.19108638725281e-10
3859,8.715436114488558e-10,2.3659425989278996e-10
3860,8.723905128430335e-10,2.542996016157608e-10
3861,8.344634526604356e-10,2.599962745329432e-10
3862,8.637496378295147e-10,2.8816903438130126e-10
3863,9.766142183568272e-10,3.314503032991358e-10
3864,1.1313868837603487e-09,3.743547586806701e-10
3865,1.197075027865436e-09,3.708407619558116e-10
3866,1.203083731390872e-09,3.429573290922284e-10
3867,1.2520873611490566e-09,3.2101679985170963e-10
3868,1.3463918146690124e-09,3.144884400027735e-10
3869,1.3557228221674255e-09,2.965217728812326e-10
3870,1.1867054495192291e-09,2.395434237719059e-10
3871,1.0268241617295303e-09,1.8860475837086528e-10
3872,9.83292491966499e-10,1.634989953581123e-10
3873,1.0105409138711834e-09,1.5662933289330366e-10
3874,1.037146644378961e-09,1.6016925489987337e-10
3875,9.84945650558685e-10,1.4621185684780646e-10
3876,9.646662959598156e-10,1.3841789996135174e-10
3877,9.55505350430545e-10,1.2973095823963021e-10
3878,8.76596488002484e-10,1.0831113203747294e-10
3879,7.259080688496274e-10,8.029150088114049e-11
3880,5.788004179413935e-10,5.7608446148501005e-11
3881,5.121339996848071e-10,4.958168651066453e-11
3882,5.275644125695033e-10,5.552919691398079e-11
3883,5.400225975564447e-10,5.743605567930022e-11
3884,4.847395506355726e-10,4.413670821241169e-11
3885,3.808155405497612e-10,2.5740387734189447e-11
3886,2.982524029279537e-10,1.4366883189177036e-11
3887,2.721408216821301e-10,1.1538325133240367e-11
3888,2.690754379217514e-10,1.2710825699734254e-11
3889,2.6645546887808016e-10,1.6710177164441808e-11
3890,2.546460382716966e-10,1.936331486677173e-11
3891,2.477961605258068e-10,2.0250955750901897e-11
3892,2.807864681483598e-10,2.5567540499696997e-11
3893,3.498757214778964e-10,3.71697819851519e-11
3894,4.5542441544831166e-10,5.652277667708995e-11
3895,5.861866814091267e-10,7.986021326695301e-11
3896,7.491438477788883e-10,1.0678623890642803e-10
3897,9.208304024884715e-10,1.363863869182943e-10
3898,1.0382010723615508e-09,1.672378844075064e-10
3899,1.0768209003811717e-09,2.0138870929207338e-10
3900,1.0609639831974278e-09,2.335313234194931e-10
3901,1.049018636435854e-09,2.628603982370843e-10
3902,1.0237450011717631e-09,2.68562493418138e-10
3903,9.481284328420015e-10,2.3948831596152757e-10
3904,7.943862401121216e-10,1.8776234201267383e-10
3905,7.001968385283107e-10,1.6325481610007298e-10
3906,6.987472425471092e-10,1.6472333658666305e-10
3907,7.843000466532295e-10,1.8511127175909557e-10
3908,7.704610763183853e-10,1.7169351435350334e-10
3909,6.467141199399787e-10,1.311918883740749e-10
3910,5.449417289922776e-10,1.0022906462335874e-10
3911,5.841461555781953e-10,1.0530268877627584e-10
3912,7.516449539897797e-10,1.405148621080284e-10
3913,8.022208180655672e-10,1.4287160529061715e-10
3914,7.207349286800974e-10,1.1367953882934622e-10
3915,6.775655196721218e-10,8.954321007905777e-11
3916,7.8606047800256e-10,9.322135144142992e-11
3917,8.576264472631024e-10,9.471793010021235e-11
3918,6.818865031714198e-10,6.559976668369787e-11
3919,4.3847165993563887e-10,3.26349554052125e-11
3920,3.217665039772106e-10,1.841377475661269e-11
3921,2.9697638353224774e-10,1.5428271307813344e-11
3922,2.6185320272336625e-10,1.2522285155500678e-11
3923,2.0631143144556152e-10,8.776896245343586e-12
3924,1.967072711338328e-10,8.77093772967828e-12
3925,2.3743802757398646e-10,1.1565271214951465e-11
3926,2.966925302427333e-10,1.533220441127893e-11
3927,2.906363857713656e-10,1.3272684165782658e-11
3928,2.6061067342415155e-10,1.0342149528923393e-11
3929,2.587222449410749e-10,9.926084868330825e-12
3930,2.770100971007516e-10,1.2168825744476809e-11
3931,2.640143324651425e-10,1.3671824444711548e-11
3932,2.0381657604935248e-10,9.900624511750456e-12
3933,1.4496309928605154e-10,5.058097647756442e-12
3934,1.2937063441199747e-10,3.999698320687594e-12
3935,1.554674375647809e-10,6.985521678292615e-12
3936,2.1127108810924633e-10,1.6134248204753167e-11
3937,2.9016421087205666e-10,3.495478856137823e-11
3938,3.8268890948686864e-10,5.90343198390982e-11
3939,4.6022405407595277e-10,7.446234598695871e-11
3940,5.375097453660561e-10,9.026456400133701e-11
3941,5.945021623854216e-10,1.1000125530705133e-10
3942,6.20651139773597e-10,1.307987832042545e-10
3943,6.433143419272587e-10,1.5477432050631153e-10
3944,6.181334818416701e-10,1.5563712693902205e-10
3945,5.422210698982504e-10,1.3122117560815957e-10
3946,5.044103410360409e-10,1.1886375539999603e-10
3947,5.31104215210785e-10,1.2621097929379305e-10
3948,6.197024449914436e-10,1.5518266394950464e-10
3949,6.933673897898283e-10,1.7868983376849608e-10
3950,6.470047813566508e-10,1.5791202059361464e-10
3951,5.528900497787254e-10,1.1783888828127063e-10
3952,4.98645663082414e-10,9.150149589861784e-11
3953,4.928872514969052e-10,8.238430553436606e-11
3954,4.95072562515172e-10,8.217804119946943e-11
3955,4.856510545398567e-10,8.183298117965794e-11
3956,4.741950327847105e-10,7.457206345688095e-11
3957,4.950301683289502e-10,6.833344465279293e-11
3958,5.022708034261886e-10,6.043005877383798e-11
3959,4.6262225978814704e-10,4.8525212200990356e-11
3960,4.2490682188535227e-10,4.177432043641481e-11
3961,4.0032775496662645e-10,3.604337469902933e-11
3962,3.8831112835474923e-10,3.123408470012578e-11
3963,3.2638304825954877e-10,2.088797424796518e-11
3964,2.6565637513507484e-10,1.3424400742112156e-11
3965,2.7137636801356625e-10,1.4018902748276091e-11
3966,3.3988575628696416e-10,2.1426288460287595e-11
3967,4.360967265847321e-10,3.4167529135423714e-11
3968,4.1809525443481343e-10,3.132950611715865e-11
3969,3.5769308227813714e-10,2.3671191162484787e-11
3970,3.310038655840026e-10,1.9560348477683904e-11
3971,3.5824902944876715e-10,2.1013432640322274e-11
3972,3.5385371423593345e-10,2.0488886005556048e-11
3973,2.8345738547797955e-10,1.6222271121028478e-11
3974,2.242246896368985e-10,1.2621281913977103e-11
3975,1.952287651827462e-10,9.225947702676938e-12
3976,1.855484682813379e-10,7.116078088944246e-12
3977,1.6286539999013012e-10,5.154571399023036e-12
3978,1.436855693686271e-10,4.755519079849338e-12
3979,1.7583058014391606e-10,9.689729831479037e-12
3980,2.5456676798475235e-10,2.1376984567724992e-11
3981,3.2510096800610385e-10,3.310056009723048e-11
3982,3.209252944136392e-10,3.609551825454488e-11
3983,3.295284605841482e-10,4.328727002794934e-11
3984,4.4053122480655177e-10,7.802640860898511e-11
3985,6.592976631043327e-10,1.592150561055403e-10
3986,8.235615573382042e-10,2.422204529824432e-10
3987,8.183488031539123e-10,2.5553364590413353e-10
3988,8.053624886467752e-10,2.3382898586994185e-10
3989,9.041924343741845e-10,2.2782503935590592e-10
3990,9.982497623869892e-10,2.2948403704545313e-10
3991,9.396400885829849e-10,2.1798089256808847e-10
3992,7.678667998381248e-10,1.825162290334364e-10
3993,6.14288854113777e-10,1.38856742231584e-10
3994,4.945749128479171e-10,9.26929790836783e-11
3995,3.618551520910071e-10,5.0411531955004557e-11
3996,2.890844644471168e-10,3.301839619423714e-11
3997,3.2537948057378203e-10,3.945296296706463e-11
3998,4.901395404483607e-10,7.007458026964814e-11
3999,7.131825279271741e-10,1.1191110780410941e-10
4000,8.258120572093326e-10,1.285461783457219e-10
4001,8.062061889169381e-10,1.1081785163529166e-10
4002,8.313666786645219e-10,1.0518576198760654e-10
4003,8.685280737957887e-10,1.0987120879533313e-10
4004,7.563747901270306e-10,9.400209933799298e-11
4005,5.43854862078454e-10,5.965984991455162e-11
4006,4.0108292734194345e-10,3.662023660156789e-11
4007,3.4701536804409175e-10,2.7058773432945454e-11
4008,3.451020730065499e-10,2.535097355181813e-11
4009,3.587128040537364e-10,2.6519701535404295e-11
4010,3.756374921786422e-10,2.731992330968429e-11
4011,4.0446119686414624e-10,2.8783252889528847e-11
4012,4.0594763998581816e-10,2.706043318603934e-11
4013,3.3109275336711477e-10,1.7927904779110024e-11
4014,2.3402152829695896e-10,8.886238714788999e-12
4015,1.7378993478575818e-10,4.579278557245571e-12
4016,1.5348058150245095e-10,3.655992975003488e-12
4017,1.4704765001556612e-10,3.819913461068367e-12
4018,1.3136679218836145e-10,2.9960449181035523e-12
4019,1.1987467505946277e-10,2.1225725003101125e-12
4020,1.3303196784183785e-10,2.4592117686993796e-12
4021,1.6619914547897803e-10,4.352331985675711e-12
4022,2.1140461630210628e-10,1.051696054543859e-11
4023,2.6480260476819223e-10,2.603453176870313e-11
4024,3.1580893957230337e-10,4.919457227728429e-11
4025,3.585760003511935e-10,7.230170037863153e-11
4026,3.6948020829099156e-10,8.759583920700786e-11
4027,3.8200387392191433e-10,1.0217896230255396e-10
4028,4.185574032508481e-10,1.218135903029861e-10
4029,4.696513023471935e-10,1.3481180930447844e-10
4030,5.080607209073858e-10,1.3283101239067506e-10
4031,5.296935293065905e-10,1.2229947207493585e-10
4032,5.473655366620449e-10,1.1108536790918934e-10
4033,6.155336697239637e-10,1.1853093782647593e-10
4034,6.849030818432519e-10,1.330734369827476e-10
4035,6.988213935003452e-10,1.3987061348504443e-10
4036,6.34466422159852e-10,1.2582470346978414e-10
4037,5.603816886538073e-10,1.062171549650955e-10
4038,5.077170542808552e-10,8.800478342281312e-11
4039,5.360219936316554e-10,8.93330901467895e-11
4040,6.070958302820086e-10,9.931830351329264e-11
4041,7.484635378494577e-10,1.2397756063109996e-10
4042,8.464562822300945e-10,1.3272732586354372e-10
4043,8.260325436444814e-10,1.188619640729652e-10
4044,7.504428410325531e-10,1.016813711306764e-10
4045,6.646124841193314e-10,8.345464034238516e-11
4046,5.707307644268413e-10,6.472708574270236e-11
4047,4.4585100518365524e-10,4.426910835307751e-11
4048,3.2964558194891807e-10,2.7089614273001966e-11
4049,2.962549958225515e-10,2.196870722733112e-11
4050,3.2524840578997203e-10,2.3198580066166015e-11
4051,3.620040605144502e-10,2.4720111255070996e-11
4052,3.5799299960398697e-10,2.274473710859572e-11
4053,3.263735798254062e-10,1.811016546619546e-11
4054,3.088018209562892e-10,1.5651127510313514e-11
4055,2.7695856176200223e-10,1.3041570192196323e-11
4056,2.1675021686848019e-10,9.236117547697946e-12
4057,1.6322678009698896e-10,6.389113645900051e-12
4058,1.4334570683739734e-10,5.941049562899328e-12
4059,1.5837554534582595e-10,7.964137595257859e-12
4060,1.803443643288974e-10,1.0928987174265753e-11
4061,2.020462760039371e-10,1.477530334539333e-11
4062,2.30677346023554e-10,2.0118900451638872e-11
4063,2.721050862512184e-10,2.6732935366220744e-11
4064,3.2029346020422825e-10,3.500098386139774e-11
4065,3.568457604695745e-10,4.4437679410935594e-11
4066,3.812082762379835e-10,5.845713082968545e-11
4067,4.040218056369967e-10,7.858807437250018e-11
4068,4.4780299035815734e-10,1.0969066540926153e-10
4069,4.76452789173147e-10,1.336569619434325e-10
4070,4.846252116573739e-10,1.3545917774541055e-10
4071,4.798435232935284e-10,1.2031507168754413e-10
4072,5.177121071480485e-10,1.1672564530492e-10
4073,6.217882751584616e-10,1.35416216447554e-10
4074,7.91050602822372e-10,1.7807859481618924e-10
4075,9.590064790263282e-10,2.2930961044421075e-10
4076,9.533575346371175e-10,2.26139672213732e-10
4077,8.248464918010669e-10,1.846882209215065e-10
4078,6.755822208700567e-10,1.4005291951844802e-10
4079,5.76188524378034e-10,1.1449460615968231e-10
4080,5.86367647328586e-10,1.2707174516252685e-10
4081,6.485485536605044e-10,1.556662793537294e-10
4082,6.966488056050776e-10,1.7010696102936253e-10
4083,6.485149646440093e-10,1.4009381844847515e-10
4084,5.813391059195798e-10,1.0071932290438868e-10
4085,5.695937400960043e-10,7.735194765278529e-11
4086,6.459635148068333e-10,7.973769596908369e-11
4087,6.192202264288648e-10,6.937452388855282e-11
4088,4.881592442637772e-10,4.8822550167333065e-11
4089,3.684018364651237e-10,3.2505773055001264e-11
4090,3.416680943335061e-10,2.8445079922726076e-11
4091,3.7939179912735374e-10,3.246066872358159e-11
4092,3.7608900070177655e-10,3.1076586114829126e-11
4093,3.3653509061576147e-10,2.6918846547382226e-11
4094,3.4027239770544445e-10,2.979860678755518e-11
4095,4.2423492767708626e-10,4.4368230217331596e-11
4096,4.727264388781835e-10,5.096836789357405e-11
4097,4.0002910606993285e-10,3.8628368445603244e-11
4098,3.14886609787969e-10,2.7411828874468432e-11
4099,3.0300370190356405e-10,2.7083215123627768e-11
4100,3.492001139773771e-10,3.626245127452872e-11
4101,3.418683917557688e-10,3.8577312034067185e-11
4102,2.6700504790186435e-10,2.856157424971296e-11
4103,2.2233105137812606e-10,2.0856371295675495e-11
4104,2.393859791138651e-10,2.1149640538889472e-11
4105,2.8913580220909403e-10,2.905585532715657e-11
4106,3.1455262239412477e-10,4.12049996136651e-11
4107,3.5313687071311654e-10,6.45422429808417e-11
4108,4.4642716058137044e-10,1.0070438756482476e-10
4109,5.396518033606649e-10,1.263593232783873e-10
4110,5.741054496221738e-10,1.3238021219336575e-10
4111,5.625278482633821e-10,1.293754818562485e-10
4112,6.130466212531123e-10,1.4457045940976256e-10
4113,7.98557370488769e-10,1.9715885405575876e-10
4114,9.949340902506118e-10,2.4948381994627644e-10
4115,1.0399032109203436e-09,2.4866791705834165e-10
4116,9.71078773533693e-10,2.115287832398443e-10
4117,9.076500364422736e-10,1.8055433682832696e-10
4118,8.763089586360573e-10,1.678361261123091e-10
4119,7.702032452983734e-10,1.453509729047496e-10
4120,6.470863841187197e-10,1.2315158959853617e-10
4121,5.662954121622666e-10,1.0560483202365976e-10
4122,5.592954755020597e-10,1.0058433203604642e-10
4123,5.886768595136918e-10,1.0109663011842508e-10
4124,6.101485335538305e-10,9.802760221762714e-11
4125,6.890585367277628e-10,1.0616107228047827e-10
4126,8.42772378505772e-10,1.247645174210059e-10
4127,9.627516764708532e-10,1.3457167469750783e-10
4128,8.944734995952725e-10,1.167768237125528e-10
4129,7.166493159297668e-10,8.675826131397605e-11
4130,6.084589590852307e-10,7.048476858545817e-11
4131,5.816117278397851e-10,6.791416213089593e-11
4132,4.964273243154229e-10,5.289412743883674e-11
4133,3.5338397709917703e-10,2.8868869235530357e-11
4134,2.5317462599029824e-10,1.4582814902199586e-11
4135,2.661735807752983e-10,1.5406565469953465e-11
4136,3.36570046824429e-10,2.255973615485472e-11
4137,3.930403640578369e-10,3.060818928609811e-11
4138,3.8015876829276307e-10,3.1116579111954554e-11
4139,3.5228319221947447e-10,2.806977727750358e-11
4140,3.673852897394531e-10,2.9703370194822785e-11
4141,3.680555773708061e-10,3.106339423082323e-11
4142,3.2608019803170283e-10,2.966383681449746e-11
4143,2.744580945234734e-10,2.7859641748186267e-11
4144,2.598083088917385e-10,2.936054985516451e-11
4145,2.6906550072604046e-10,3.247528915618748e-11
4146,2.831015968470261e-10,3.553467287880939e-11
4147,2.9548107438114516e-10,3.96775729080762e-11
4148,3.4635901203247036e-10,5.3070696475905995e-11
4149,4.364244804527873e-10,7.737215349933561e-11
4150,5.074212850389191e-10,9.550641885591383e-11
4151,5.180827354568502e-10,9.707186766353537e-11
4152,4.889982069300168e-10,8.673810959075619e-11
4153,5.049086073350721e-10,8.701499359949615e-11
4154,5.477645358616775e-10,9.162592749592221e-11
4155,5.689560489173998e-10,9.059264116321593e-11
4156,5.446630254791402e-10,8.10577945006433e-11
4157,5.28602802964116e-10,7.620922993295385e-11
4158,5.275802288306296e-10,7.496623019842491e-11
4159,5.343962998814098e-10,7.872092903820095e-11
4160,5.331791732118332e-10,8.301110147930315e-11
4161,4.908269815094717e-10,7.427864850779249e-11
4162,4.562331349859207e-10,6.374952398761064e-11
4163,4.3379016619326425e-10,5.6838330189036173e-11
4164,4.411321848860581e-10,5.797234150065926e-11
4165,4.6248796238662016e-10,5.98878026227688e-11
4166,5.409064175521825e-10,7.09164059766605e-11
4167,6.349291172006016e-10,8.165387768941402e-11
4168,6.47797206981383e-10,7.389397866897137e-11
4169,5.506207295099409e-10,5.2793748995410555e-11
4170,4.392545586289014e-10,3.5696079467928455e-11
4171,4.0153237090218565e-10,3.1129801899617305e-11
4172,3.9674215606411265e-10,3.032367890776505e-11
4173,3.497395316621358e-10,2.4166544651270333e-11
4174,2.6353246446473436e-10,1.4339840442218105e-11
4175,1.8777347866777473e-10,6.6395695452500126e-12
4176,1.6552722456109023e-10,4.542431069027296e-12
4177,1.7784125165870146e-10,5.348168337416449e-12
4178,2.0051457133502195e-10,7.828888608672175e-12
4179,2.1080228784180048e-10,1.0059665893161628e-11
4180,2.2429655191271744e-10,1.281944759314835e-11
4181,2.2408626081955254e-10,1.4574075817532573e-11
4182,2.3006106194476534e-10,1.9626557301800896e-11
4183,2.382677499119159e-10,2.9258475250595494e-11
4184,2.412594874505652e-10,3.9441970018602667e-11
4185,2.2893203681252382e-10,4.227237464138149e-11
4186,2.0145183153577762e-10,3.41119140234452e-11
4187,1.815348492668683e-10,2.605526694858434e-11
4188,2.0013629022486446e-10,2.824263772621592e-11
4189,2.5887016160779607e-10,4.1025499292074094e-11
4190,3.569686458650488e-10,6.218313042504836e-11
4191,4.4382918134764547e-10,7.677407284236918e-11
4192,4.822885600253941e-10,7.546157951448622e-11
4193,5.135066339571768e-10,7.455708430796674e-11
4194,5.731251552844677e-10,8.584221481102538e-11
4195,6.543845178628696e-10,1.0824089855269997e-10
4196,6.496662974011592e-10,1.1233555577062042e-10
4197,5.361178210982282e-10,8.851604825130525e-11
4198,4.2584481880030104e-10,6.135393723885467e-11
4199,4.045782961485368e-10,5.024133096017382e-11
4200,4.556863347943144e-10,5.384274086405604e-11
4201,5.257400530311537e-10,6.564470151592084e-11
4202,5.102165708194404e-10,6.221350884341277e-11
4203,4.758082044304833e-10,5.5276981158480746e-11
4204,4.734042219121148e-10,5.1960264861758725e-11
4205,5.083621826804571e-10,5.3773600174466676e-11
4206,5.104773369879935e-10,5.2725691625914343e-11
4207,4.743638519353338e-10,4.854438666104697e-11
4208,4.03481923600033e-10,3.694357853095217e-11
4209,3.4762996729470233e-10,2.8159203780442822e-11
4210,3.1654228825615287e-10,2.2813831186931007e-11
4211,2.8310647167382645e-10,1.7264408150008153e-11
4212,2.4602692539459703e-10,1.2332634712158846e-11
4213,2.153402523964619e-10,9.006897812231053e-12
4214,2.0027137268907013e-10,7.438288446094158e-12
4215,1.9844093579908588e-10,6.92760638048209e-12
4216,2.007271168948866e-10,6.845835645376688e-12
4217,2.0592823753309114e-10,7.5030650893024e-12
4218,2.1706791320307003e-10,9.163804232172745e-12
4219,2.33751958976587e-10,1.1167427198446732e-11
4220,2.633571209874014e-10,1.4578293054725277e-11
4221,2.804616153823418e-10,1.607666185708154e-11
4222,2.8378991390120387e-10,1.575161842771247e-11
4223,2.777985890960512e-10,1.5839880388320354e-11
4224,2.430422013765018e-10,1.4774665364935923e-11
4225,2.1107943409453949e-10,1.584325784648391e-11
4226,1.8706770954892708e-10,1.7548308587969566e-11
4227,1.864719012616471e-10,2.0043886902659936e-11
4228,2.0757125943188526e-10,2.3468204352419813e-11
4229,2.50900408463644e-10,3.089756347137307e-11
4230,3.031017567982019e-10,3.893563083671901e-11
4231,3.7657490245457087e-10,4.913976018973122e-11
4232,5.043789379924506e-10,6.742128757069969e-11
4233,6.624566121622441e-10,9.060952011570267e-11
4234,7.959167922083671e-10,1.1262524304722888e-10
4235,8.676450231533532e-10,1.2879968830622005e-10
4236,8.554588604699071e-10,1.2736706773179396e-10
4237,7.88804143209949e-10,1.1403421302969288e-10
4238,6.998432320797042e-10,9.742397866657478e-11
4239,6.343819192269865e-10,8.396895268584455e-11
4240,5.945311686350859e-10,7.174491251848294e-11
4241,6.379420490121644e-10,7.664542722238989e-11
4242,6.938081342634658e-10,8.239025908312692e-11
4243,7.068083749776076e-10,7.848896311606304e-11
4244,6.559055699824248e-10,6.602778743698852e-11
4245,5.679870409768611e-10,5.134967616174936e-11
4246,4.98051802079454e-10,4.1841961608505965e-11
4247,4.2709585403887604e-10,3.325950076855585e-11
4248,3.4316561581488656e-10,2.4069925830629603e-11
4249,2.648330588522489e-10,1.5431487888178744e-11
4250,2.2063098915480583e-10,1.0146811035895471e-11
4251,2.1368938378644086e-10,8.408973887883187e-12
4252,2.2444371367985441e-10,8.52775890626002e-12
4253,2.297220385232053e-10,8.920995924091515e-12
4254,2.3394578299731663e-10,1.0065631697690837e-11
4255,2.52481470026241e-10,1.2890059005766866e-11
4256,2.7847953070478686e-10,1.569783161128748e-11
4257,2.89062588433809e-10,1.6465178323170128e-11
4258,2.859664359170027e-10,1.5749785272307143e-11
4259,2.668795112192813e-10,1.3025377030690833e-11
4260,2.5594774581390495e-10,1.1482989764163152e-11
4261,2.419825913679662e-10,9.720683486067468e-12
4262,2.1965349397862863e-10,7.897643088650844e-12
4263,1.892747401671231e-10,6.487284196775894e-12
4264,1.636446007128682e-10,6.078380303896589e-12
4265,1.510164271987154e-10,6.748109687344737e-12
4266,1.543416813632335e-10,8.676688599057404e-12
4267,1.660477404236152e-10,1.1137171459513062e-11
4268,1.9875055386825705e-10,1.680084084915462e-11
4269,2.555758414582056e-10,2.720944748105429e-11
4270,3.2815790989182124e-10,4.030288871663497e-11
4271,4.026573808891117e-10,5.122526875880633e-11
4272,4.6304123028311e-10,5.49838948541342e-11
4273,5.031230205969008e-10,5.303691539606768e-11
4274,5.136827626930887e-10,4.9026939591106666e-11
4275,5.317239988246172e-10,5.1593130399436565e-11
4276,5.194562478985414e-10,4.9941253958422404e-11
4277,4.887720007581291e-10,4.597727798056045e-11
4278,4.1749672082703097e-10,3.703373401213423e-11
4279,3.4729521558027544e-10,2.7550317541292837e-11
4280,3.0783940689852114e-10,2.1004860320795582e-11
4281,2.916882463943617e-10,1.6247577201308383e-11
4282,3.007519302230724e-10,1.5194912439697522e-11
4283,3.1144988733870615e-10,1.504687222527175e-11
4284,3.56715354404999e-10,1.91732447168698e-11
4285,4.129027140636721e-10,2.4892951084179287e-11
4286,4.341351630839788e-10,2.838447729728422e-11
4287,3.65174891699827e-10,2.2509869322176212e-11
4288,2.5316509741004844e-10,1.2093332646155887e-11
4289,1.7447244248251662e-10,6.0345687180308925e-12
4290,1.3497458483586576e-10,3.699777559186906e-12
4291,1.1030498788220003e-10,2.5631359779945243e-12
4292,9.277863728455968e-11,2.2179870602774386e-12
4293,9.069326866292382e-11,2.8252894660576017e-12
4294,1.0430913148111364e-10,3.860994053447574e-12
4295,1.1972904213664565e-10,4.294314195332918e-12
4296,1.1978112280561908e-10,3.5673843149400662e-12
4297,1.1281992980190972e-10,2.8678125226994055e-12
4298,1.2222171670704204e-10,3.6104039145467476e-12
4299,1.6511762595827058e-10,7.308202727994459e-12
4300,1.9799151331604883e-10,1.1323289728200075e-11
4301,1.8819319610148563e-10,1.1658344124756786e-11
4302,1.7446402529681947e-10,1.0899845671348842e-11
4303,1.8838572490466386e-10,1.1700146575148365e-11
4304,2.3200316215844544e-10,1.6664413959688118e-11
4305,2.4267335340351387e-10,2.1260229763183906e-11
4306,2.2370299360405216e-10,2.4749716515861156e-11
4307,2.2930737121255258e-10,3.1688363728837046e-11
4308,2.837928512636053e-10,4.4435258687891785e-11
4309,3.2612656091058427e-10,5.078761236216783e-11
4310,3.081165164107428e-10,4.617742294613599e-11
4311,2.685741619086371e-10,4.034047513708795e-11
4312,2.685387691903443e-10,3.935902551749956e-11
4313,3.1903485543647695e-10,4.502466361110863e-11
4314,3.3644192478965337e-10,4.288299429965786e-11
4315,2.983877090470068e-10,3.3771053109644416e-11
4316,2.9731901329889704e-10,3.361461794622333e-11
4317,3.9839993635037365e-10,5.0755443253516906e-11
4318,5.770436559570731e-10,8.22675984769984e-11
4319,6.361699765048382e-10,9.348904920829846e-11
4320,5.327656401067623e-10,7.234348685543886e-11
4321,4.5817458916804124e-10,5.342784261633789e-11
4322,4.6284794653766223e-10,4.711718535334171e-11
4323,4.6080904845289654e-10,4.447183909534981e-11
4324,3.6746122655939243e-10,3.208691467836036e-11
4325,2.7848819102922856e-10,2.0637503724046944e-11
4326,2.5373095568973967e-10,1.5884616220401715e-11
4327,2.5914109703265694e-10,1.3952431816208203e-11
4328,2.301283116743891e-10,1.0342076278696244e-11
4329,1.830129055296296e-10,6.91585278586674e-12
4330,1.5911720953847405e-10,5.5934624794152975e-12
4331,1.7492896495027432e-10,7.06910848134818e-12
4332,1.8147148243293807e-10,8.003185529181423e-12
4333,1.704374218342369e-10,8.796770165877531e-12
4334,1.6385735508128784e-10,1.1239125974371735e-11
4335,2.0688390989203177e-10,2.104410603109284e-11
4336,2.8713075704968487e-10,3.868385088250132e-11
4337,3.526780997678702e-10,5.230295955322202e-11
4338,3.2801333347130215e-10,4.7207602503490056e-11
4339,2.9725558436571557e-10,4.2441253120542385e-11
4340,3.12961692813465e-10,4.758623104328787e-11
4341,3.771900207228364e-10,6.646417485498009e-11
4342,4.248644233288715e-10,8.848304502724018e-11
4343,4.018281953138518e-10,9.04007554661973e-11
4344,3.6105891560415676e-10,7.591054493277915e-11
4345,3.485095465970909e-10,6.18348023099063e-11
4346,3.712394841922157e-10,5.714204106421272e-11
4347,3.8722145254581597e-10,5.881768277954964e-11
4348,4.25907375005775e-10,7.493603738057979e-11
4349,5.106414470147527e-10,1.0317165235308444e-10
4350,6.083811868937438e-10,1.278924599602805e-10
4351,6.203406629107708e-10,1.2543678723379223e-10
4352,5.5013181178196e-10,1.00543018232841e-10
4353,5.01169607838635e-10,8.585306741196011e-11
4354,5.001201367470644e-10,8.602629189772111e-11
4355,5.504499810021893e-10,1.0523563832560728e-10
4356,5.700770380458964e-10,1.1895763519778287e-10
4357,6.003557980991286e-10,1.3028410917310616e-10
4358,6.736636576250291e-10,1.4397096040277296e-10
4359,7.574717652612677e-10,1.58317780090065e-10
4360,8.27645207680058e-10,1.771932427413746e-10
4361,8.080641824190086e-10,1.781552743550822e-10
4362,7.099920855070139e-10,1.5240111721675263e-10
4363,5.893084907428079e-10,1.1886238381033203e-10
4364,4.957758881253299e-10,9.115716288478048e-11
4365,4.262949028625439e-10,6.986230878400497e-11
4366,3.767735453377338e-10,5.5406822248664425e-11
4367,3.3637259225362143e-10,4.337190955185125e-11
4368,3.0564449827947826e-10,3.304849022302466e-11
4369,2.8808995366421285e-10,2.5201508254970755e-11
4370,2.862523883486231e-10,2.1697462059351245e-11
4371,2.9332532074324726e-10,2.2125789472869298e-11
4372,3.1480936997567e-10,2.635999238936551e-11
4373,3.509130211160767e-10,3.367843831282e-11
4374,3.8310104521056477e-10,4.2058708998078465e-11
4375,4.0343515725481957e-10,5.1893738146434065e-11
4376,4.307894667631672e-10,6.560392019304397e-11
4377,4.905748166121641e-10,9.014398154097642e-11
4378,5.560846016393825e-10,1.178955186755278e-10
4379,5.808457946394747e-10,1.369404106375682e-10
4380,5.308124980512581e-10,1.33996965879549e-10
4381,4.6461373760469704e-10,1.2343385027575683e-10
4382,4.30784271054455e-10,1.190924663630686e-10
4383,4.163350451761114e-10,1.166170204855687e-10
4384,3.893734932686579e-10,1.0411027426274827e-10
4385,3.515176862018276e-10,8.13107005542901e-11
4386,3.241522030118851e-10,5.901830272153205e-11
4387,3.295045260353151e-10,4.672315536455966e-11
4388,3.762519302563002e-10,4.833121963167297e-11
4389,4.475790626041834e-10,6.060356933494872e-11
4390,5.369247182222703e-10,7.839726261742559e-11
4391,6.066460956625939e-10,8.979093067375002e-11
4392,6.118432959194615e-10,8.582546539736241e-11
4393,5.575040789035409e-10,7.294102677328493e-11
4394,5.246364861588714e-10,6.934628387057557e-11
4395,5.372905334914645e-10,7.898299913605132e-11
4396,5.474323150048932e-10,9.121221175581078e-11
4397,4.836156153937072e-10,8.457846904631815e-11
4398,4.060120896597793e-10,6.785710761382832e-11
4399,3.6836026390054084e-10,5.310068898360775e-11
4400,4.0068719005229217e-10,5.325505906508695e-11
4401,4.61616689067121e-10,6.504859816319538e-11
4402,4.810083555226505e-10,7.379619218872825e-11
4403,4.693270781658164e-10,7.504156493936969e-11
4404,4.512565383098563e-10,6.614254778030606e-11
4405,4.108361328937625e-10,4.900949460562636e-11
4406,3.6451025156858683e-10,3.564148455247085e-11
4407,3.5569347943508226e-10,3.23938456460349e-11
4408,3.762801289566793e-10,3.391383015213271e-11
4409,3.8939711403856073e-10,3.398186451206699e-11
4410,3.440287303851205e-10,2.6162016351687328e-11
4411,2.7344340988157305e-10,1.6767143365666375e-11
4412,2.455090375922771e-10,1.3225428412439234e-11
4413,2.559187321342067e-10,1.4819518420589996e-11
4414,2.5048252856486666e-10,1.6377860683263408e-11
4415,2.358466661100301e-10,1.8921032400621273e-11
4416,2.373207817927224e-10,2.2755274561227373e-11
4417,2.7273078316203707e-10,3.0932530505655777e-11
4418,3.2855452461596895e-10,4.602957888270426e-11
4419,3.77748522483532e-10,6.805029301388869e-11
4420,4.487301678467703e-10,9.997518569801701e-11
4421,5.589558773467682e-10,1.3679913540007677e-10
4422,6.131799779007291e-10,1.4594312394843993e-10
4423,5.516036323465426e-10,1.224207959924823e-10
4424,4.73202990478616e-10,9.97233211980347e-11
4425,4.907077173791699e-10,9.954076366638554e-11
4426,5.616963853273147e-10,1.1216709116514833e-10
4427,5.50708016083206e-10,1.1029036596861592e-10
4428,4.0748474537193247e-10,7.792107945951811e-11
4429,3.0603043253938035e-10,5.131321776277785e-11
4430,2.9583108089562495e-10,4.24978790943555e-11
4431,3.61246253722242e-10,5.198238723016791e-11
4432,4.2443002857485133e-10,7.104953587268625e-11
4433,4.849436954491146e-10,9.652028472696081e-11
4434,5.882079426738528e-10,1.230663620816293e-10
4435,7.486466857673561e-10,1.473124355079568e-10
4436,8.576759622791069e-10,1.5396248684718877e-10
4437,8.287994375998676e-10,1.382522797108189e-10
4438,7.788373696668374e-10,1.3003093197769033e-10
4439,8.555349703145602e-10,1.5311621471365895e-10
4440,9.383549941750306e-10,1.7328222333841762e-10
4441,8.584811723531989e-10,1.5217140020382026e-10
4442,7.069153089476385e-10,1.1476741375303786e-10
4443,6.730328907890901e-10,1.0146108605571972e-10
4444,7.580472460432948e-10,1.1179045123912356e-10
4445,8.114538606441459e-10,1.2440314583326686e-10
4446,7.658420423232887e-10,1.2668363661093373e-10
4447,7.456536329761511e-10,1.2860952686183215e-10
4448,8.099121704032182e-10,1.3444016297734652e-10
4449,8.441106282734641e-10,1.3049813446020812e-10
4450,7.234739638843961e-10,1.0329986150455457e-10
4451,6.01905327090808e-10,8.239335245560935e-11
4452,5.711575923043695e-10,7.362704921532255e-11
4453,5.64710048262124e-10,6.580053830227623e-11
4454,4.74007005002787e-10,4.884495153714525e-11
4455,3.5270048739833e-10,3.128950336568113e-11
4456,3.1011773386526593e-10,2.5615591702218763e-11
4457,3.3877535258480433e-10,2.921812685637685e-11
4458,3.3885456288712123e-10,2.9499664825940043e-11
4459,2.6334496323000806e-10,2.204314134893753e-11
4460,2.299243577982732e-10,2.153118579771215e-11
4461,3.0948987356832815e-10,3.98223482206202e-11
4462,4.994903537772865e-10,8.954657938274504e-11
4463,6.761352068385972e-10,1.5753525500539258e-10
4464,6.868240199439915e-10,1.8380949316038895e-10
4465,6.7869470937831e-10,1.8446958823625057e-10
4466,7.656897225641186e-10,1.8912662751032468e-10
4467,9.3842589157896e-10,2.1566285492560504e-10
4468,1.0043709475221958e-09,2.3351071367890083e-10
4469,9.962552541278767e-10,2.455240913409117e-10
4470,1.0009940933690528e-09,2.445454802204896e-10
4471,1.0302647764690936e-09,2.3491247555473816e-10
4472,9.651298410603118e-10,2.0238884524566909e-10
4473,7.727060943579951e-10,1.482510611419425e-10
4474,6.821291946764017e-10,1.3220096659440932e-10
4475,7.585147525148563e-10,1.5999294246142915e-10
4476,9.369021903907065e-10,2.1024183992267567e-10
4477,1.0204304119597724e-09,2.3574270519416613e-10
4478,9.671735211468603e-10,2.1991059143145253e-10
4479,9.516629458069155e-10,2.0447113214673783e-10
4480,1.0330080904333048e-09,2.1133711023506828e-10
4481,1.126463247141614e-09,2.329392325708105e-10
4482,1.0966402676245073e-09,2.2627485987475906e-10
4483,1.024030995615733e-09,2.030645264485708e-10
4484,1.050836506227768e-09,1.9224778204490658e-10
4485,1.138529283433707e-09,1.9037672476558095e-10
4486,1.1641577048474082e-09,1.8287369933479342e-10
4487,1.125243742136123e-09,1.7630459341713248e-10
4488,1.1248244532959477e-09,1.831671653810163e-10
4489,1.2182720481371663e-09,2.130978411320854e-10
4490,1.27031321611306e-09,2.3485532650047556e-10
4491,1.1542427620885037e-09,2.1508886102635156e-10
4492,1.0136612489062079e-09,1.849576914558176e-10
4493,1.0017985884105858e-09,1.7994946842181567e-10
4494,1.1249683868778305e-09,2.047249692215246e-10
4495,1.1909174338197317e-09,2.1384199257005472e-10
4496,1.107743286050246e-09,1.8822240642587311e-10
4497,9.908792192428655e-10,1.5410099342048802e-10
4498,8.669964144653462e-10,1.1499955038298581e-10
4499,7.601722556876678e-10,8.8132100790151e-11
4500,6.340047753049772e-10,6.738956697798702e-11
4501,5.334350800436583e-10,5.217778853286648e-11
4502,4.901924564671121e-10,4.706644146324586e-11
4503,4.749326797401155e-10,4.693442961027677e-11
4504,4.5466739484920375e-10,4.712051822471832e-11
4505,4.244673987278662e-10,4.503933281109227e-11
4506,4.4630538612597314e-10,5.155309282742388e-11
4507,5.085942077366878e-10,6.367980474892227e-11
4508,5.889765454824716e-10,8.064533749654948e-11
4509,6.393029404351413e-10,9.408734487314721e-11
4510,7.203297546099351e-10,1.1442819791628805e-10
4511,8.346047354026007e-10,1.3700999167070547e-10
4512,1.0047212529352124e-09,1.7429128088444368e-10
4513,1.0825828935258529e-09,1.9405618963102659e-10
4514,1.0319492913829894e-09,1.8608987289650582e-10
4515,9.446002771915502e-10,1.6753418405464614e-10
4516,9.169094946799608e-10,1.6095435859446986e-10
4517,9.495066734574082e-10,1.7173720678850337e-10
4518,9.835575916546572e-10,1.8874846008374895e-10
4519,9.999926180623731e-10,2.0810206308057255e-10
4520,1.0513380791371771e-09,2.402008560787166e-10
4521,1.0916749189779294e-09,2.542006461586613e-10
4522,1.072142961358724e-09,2.3618092331127365e-10
4523,9.498636413800437e-10,1.8955766877021471e-10
4524,8.330685996940756e-10,1.5188418233466455e-10
4525,7.926614172627895e-10,1.3785842754871678e-10
4526,7.988935945873457e-10,1.3598230153641182e-10
4527,8.349084438755936e-10,1.4387905515831831e-10
4528,8.960705045828203e-10,1.529616026824775e-10
4529,9.282603865260609e-10,1.4624069346219374e-10
4530,8.681721245725209e-10,1.2207393424144413e-10
4531,7.569628250658441e-10,1.0054993033597295e-10
4532,7.272573668932765e-10,9.948958568215562e-11
4533,8.295871850899077e-10,1.167489774628338e-10
4534,9.509925032347982e-10,1.3508367938614647e-10
4535,8.979190800869829e-10,1.2140924974225925e-10
4536,7.72264158965191e-10,9.66378309120505e-11
4537,7.962737926488043e-10,9.80403314734065e-11
4538,9.393453200256897e-10,1.1643159693026117e-10
4539,9.938653110797023e-10,1.2241864997369776e-10
4540,8.056439254567528e-10,9.075039865087705e-11
4541,5.914264108057444e-10,5.5585727358892084e-11
4542,4.660151010939649e-10,3.346962427927317e-11
4543,3.941980128549606e-10,2.3360212454202086e-11
4544,2.9896491192183977e-10,1.5426405164982796e-11
4545,2.1858380420371916e-10,1.0595417731266453e-11
4546,1.9727907461511382e-10,1.1141323522974878e-11
4547,2.0674896662623512e-10,1.2640427452023087e-11
4548,2.0353392040420026e-10,1.1141235136652769e-11
4549,2.025454958578617e-10,1.0034433943845235e-11
4550,2.2512516517677064e-10,1.0873272541381727e-11
4551,3.028910524250643e-10,1.762210703999087e-11
4552,3.841208657221738e-10,2.7497002455884914e-11
4553,4.1044730510335917e-10,3.537124473320318e-11
4554,4.12930891947517e-10,4.015292584311097e-11
4555,4.4133061768826545e-10,4.693936686514396e-11
4556,5.028713737598174e-10,6.174252737143544e-11
4557,5.325209639781856e-10,7.800467785161499e-11
4558,5.546697367309309e-10,9.435235087197314e-11
4559,5.921702524200897e-10,1.0532160217035074e-10
4560,6.682016140911102e-10,1.1490711993751197e-10
4561,7.007357956572491e-10,1.1288838184397915e-10
4562,6.979438374345361e-10,1.1341284296228447e-10
4563,7.345877151898467e-10,1.3467392795666324e-10
4564,8.348666927354413e-10,1.7865717542390921e-10
4565,9.005696112551884e-10,2.1450569620024092e-10
4566,8.559941018437678e-10,2.1470627513749782e-10
4567,7.110822031167741e-10,1.736272950151236e-10
4568,6.641194061940365e-10,1.5631246458497644e-10
4569,7.272979557705566e-10,1.6645299444206237e-10
4570,8.641133306137292e-10,1.9471558552810305e-10
4571,9.391858988073115e-10,2.041440734215532e-10
4572,9.211783450534782e-10,1.8991789592136227e-10
4573,8.930369803220542e-10,1.764328155422096e-10
4574,9.406229741634544e-10,1.8663143682752005e-10
4575,1.0290513143707979e-09,2.115479539503336e-10
4576,1.0660960149778007e-09,2.207099476235982e-10
4577,1.0297235099884314e-09,2.0463021187696023e-10
4578,9.857027769832289e-10,1.812969061122882e-10
4579,1.003934077047938e-09,1.6670674422381198e-10
4580,1.0980117642698648e-09,1.7254348160473432e-10
4581,1.2161515183525051e-09,1.8948375152802475e-10
4582,1.3071493254092372e-09,2.004356345952694e-10
4583,1.3025038140882366e-09,1.901911389217651e-10
4584,1.147877561714699e-09,1.5408091059519775e-10
4585,8.859331326832256e-10,1.0591930765554353e-10
4586,6.475294474423792e-10,6.835652748434334e-11
4587,4.908454043036927e-10,4.727758149523861e-11
4588,4.009759321221935e-10,3.6552152054846075e-11
4589,3.263696338952109e-10,2.8025948566940088e-11
4590,2.8488369297523016e-10,2.2725614186007885e-11
4591,2.796906832981909e-10,2.010662085869399e-11
4592,3.262461212681703e-10,2.317065261346081e-11
4593,3.996330154389243e-10,3.1004949746891506e-11
4594,4.5196136184726783e-10,3.841717026260496e-11
4595,4.780636278988145e-10,4.408155042605555e-11
4596,4.789916870287226e-10,4.5197609621807175e-11
4597,4.762963167181184e-10,4.5166224304475686e-11
4598,4.74760671403799e-10,4.673036031396381e-11
4599,4.609502217401229e-10,4.777157229628601e-11
4600,4.644072858238943e-10,5.1990348587873895e-11
4601,5.105980485262021e-10,6.312602530861495e-11
4602,6.342516112716302e-10,8.569316398094606e-11
4603,8.139774527410098e-10,1.174671848250838e-10
4604,9.879694389147966e-10,1.5445000299223862e-10
4605,1.0500181948272276e-09,1.734364375747011e-10
4606,1.0176225070979457e-09,1.7102671048264438e-10
4607,9.845407730109611e-10,1.678426773034604e-10
4608,9.434529403470086e-10,1.6401600892654278e-10
4609,9.061904269482767e-10,1.6544561027288176e-10
4610,8.982727349852724e-10,1.7906931837002411e-10
4611,9.506339249251708e-10,2.0446852228477262e-10
4612,1.0693116851384025e-09,2.3927765157801644e-10
4613,1.1143499301529148e-09,2.364980864074217e-10
4614,1.0246700552530224e-09,1.9523039444434965e-10
4615,9.199662347263315e-10,1.5957628088029523e-10
4616,9.099204565484857e-10,1.4962932051072514e-10
4617,9.445296344623708e-10,1.5078000180994565e-10
4618,8.907076892505738e-10,1.3930912752424919e-10
4619,7.650079433795961e-10,1.1476818531177215e-10
4620,6.96983096839176e-10,9.709486918809127e-11
4621,7.383008253368336e-10,9.728615189701415e-11
4622,8.656605022479432e-10,1.1894263452226091e-10
4623,9.258922516745277e-10,1.3016935920956106e-10
4624,9.976296815731321e-10,1.4679031973964596e-10
4625,1.1554770169732001e-09,1.7406137572754163e-10
4626,1.2869544685845503e-09,1.8696280959262725e-10
4627,1.200946193428533e-09,1.650022932265487e-10
4628,9.056828355312695e-10,1.1525471994503745e-10
4629,7.015294496409425e-10,8.711073136800936e-11
4630,6.459572662588167e-10,8.020289024260938e-11
4631,6.397294449383666e-10,7.78151163914997e-11
4632,5.4875292521318e-10,5.84635993624792e-11
4633,4.317740708533306e-10,3.700061864481098e-11
4634,3.984279825747709e-10,2.8703940108624817e-11
4635,4.559897516245768e-10,3.1947091483797356e-11
4636,5.132456510016074e-10,3.61746615718006e-11
4637,4.719707329757107e-10,3.2107939773766554e-11
4638,3.772833404507235e-10,2.3728898199988913e-11
4639,3.359032937708266e-10,2.1288622765901487e-11
4640,3.38093548416319e-10,2.3785664995688577e-11
4641,3.423953468116392e-10,2.8403648203355164e-11
4642,3.413706618344658e-10,3.403416212223866e-11
4643,3.9389175756602116e-10,4.7429748976960127e-11
4644,5.42318745906203e-10,7.367548538538623e-11
4645,7.574062465307754e-10,1.0823753238224209e-10
4646,9.49828363959504e-10,1.4175914893145294e-10
4647,1.1035146883904032e-09,1.7701786539612682e-10
4648,1.222096073401387e-09,2.0632071265443748e-10
4649,1.2779675574317938e-09,2.2677652697221933e-10
4650,1.0618600065812236e-09,1.848597695794748e-10
4651,7.634694713127149e-10,1.2379270077165356e-10
4652,5.92448988383854e-10,8.799918519542975e-11
4653,5.823410694244032e-10,8.444461114786803e-11
4654,6.563058607121483e-10,1.0239356093466104e-10
4655,7.042035287533671e-10,1.204793930097606e-10
4656,7.230297977176634e-10,1.3234127266021833e-10
4657,8.185178916943772e-10,1.5166292473830694e-10
4658,9.40881716985468e-10,1.6567365716051579e-10
4659,1.0440466540032372e-09,1.8232032727216668e-10
4660,1.0252856021245573e-09,1.860980384858781e-10
4661,1.0138459572567216e-09,1.9471585139917107e-10
4662,1.0775737771546103e-09,2.1139616381975693e-10
4663,1.1060685865599564e-09,2.092958396463924e-10
4664,9.936452879111302e-10,1.7148623056060822e-10
4665,8.58722097026948e-10,1.2951544164706282e-10
4666,8.139587101848269e-10,1.0937527168023069e-10
4667,8.332160947383325e-10,1.0454506758635841e-10
4668,7.916654198011467e-10,9.447593788078844e-11
4669,6.878293097940114e-10,7.833030930364958e-11
4670,6.281293644975621e-10,6.951067120905968e-11
4671,5.822807124810314e-10,5.910626817430825e-11
4672,5.204810252845864e-10,4.909115781974387e-11
4673,4.3852806794411545e-10,3.7842433055875983e-11
4674,4.007260856053645e-10,3.1605755556555615e-11
4675,4.411187478487045e-10,3.4636719451245334e-11
4676,4.6420030784857596e-10,3.419382938909333e-11
4677,3.8450756630081747e-10,2.3051966276872894e-11
4678,2.940717107308387e-10,1.4466687959817285e-11
4679,2.5223029978464276e-10,1.0747357866913893e-11
4680,2.40052325740241e-10,9.338457107514617e-12
4681,2.0550738123805e-10,7.236244153966989e-12
4682,1.4617830977689703e-10,3.929850849837885e-12
4683,1.129522359216562e-10,2.400704503283863e-12
4684,1.157292081995399e-10,2.8041814874756466e-12
4685,1.3641256447113047e-10,4.733819807294028e-12
4686,1.7073754220882706e-10,9.594444892216733e-12
4687,2.3438833473316935e-10,1.9693270248309425e-11
4688,3.4924827969740606e-10,3.732001146351045e-11
4689,4.817332452751017e-10,5.902009350959233e-11
4690,5.728408275402929e-10,8.073738125493282e-11
4691,6.502214868586525e-10,1.0636919937928856e-10
4692,7.125659083850005e-10,1.2737743945085017e-10
4693,6.884925387285443e-10,1.2326480889482008e-10
4694,5.192713928893163e-10,8.425475714211499e-11
4695,3.87754064019027e-10,5.5340986807450475e-11
4696,3.5934068830001583e-10,4.55560770118376e-11
4697,4.4216819351872193e-10,5.774491190346544e-11
4698,5.465758302971257e-10,8.185528265997438e-11
4699,6.00351788532021e-10,1.0315460130994394e-10
4700,6.746106865533621e-10,1.2810348971543458e-10
4701,7.975534813396727e-10,1.563471058573235e-10
4702,9.245501121534796e-10,1.8152275814718693e-10
4703,9.860428253355956e-10,1.970087978831251e-10
4704,1.0379274063856587e-09,2.0981064587873077e-10
4705,1.1494393591191448e-09,2.321117031921072e-10
4706,1.253254698116424e-09,2.5020379651059193e-10
4707,1.1141686904928039e-09,2.073988522197693e-10
4708,9.428707095113293e-10,1.6787012772221011e-10
4709,8.626517658200703e-10,1.4736524921548057e-10
4710,8.441047398916871e-10,1.3481164222099599e-10
4711,7.578232132596851e-10,1.1319820830966154e-10
4712,5.935157098765634e-10,8.027654254674878e-11
4713,4.863958427510999e-10,5.8497186489369e-11
4714,4.748627969645361e-10,5.2933342387800794e-11
4715,4.4683498698149474e-10,4.4527248969935244e-11
4716,3.657052639421911e-10,3.146753460474735e-11
4717,2.87680641344792e-10,1.96695523873587e-11
4718,2.7553377397034966e-10,1.573790557284455e-11
4719,2.682235980855082e-10,1.2224852601400085e-11
4720,2.0873826458880443e-10,6.7129567622825176e-12
4721,1.3886807912505675e-10,2.8178338420992855e-12
4722,1.175660144764571e-10,1.994258197882862e-12
4723,1.337393483678971e-10,2.657886312863602e-12
4724,1.3150419483487573e-10,2.4019052628904946e-12
4725,9.236953507611518e-11,1.0039816494448032e-12
4726,6.852436854945424e-11,5.649070655348366e-13
4727,8.794827913582542e-11,1.7535845202047805e-12
4728,1.456239837606717e-10,7.059093857746136e-12
4729,2.0377857858484822e-10,1.603357351630126e-11
4730,2.2246978968363082e-10,2.0998693389019142e-11
4731,2.6602342546241085e-10,2.8489355013610248e-11
4732,3.815989594596705e-10,4.8345018801264494e-11
4733,5.054372082391821e-10,7.697290103557942e-11
4734,5.38336472787419e-10,9.72042220631241e-11
4735,4.822283042071195e-10,9.489077158766106e-11
4736,4.3537081490040764e-10,8.484113287788014e-11
4737,3.988237627290848e-10,7.28570427767088e-11
4738,3.721109838474536e-10,6.611888613390934e-11
4739,3.4958692783897685e-10,6.52120290650593e-11
4740,4.087663374529798e-10,8.766992438520572e-11
4741,5.466220297645832e-10,1.2735975029465914e-10
4742,7.38466956490546e-10,1.7650709295999404e-10
4743,8.743871785844154e-10,2.0551606575509252e-10
4744,8.867894972452809e-10,1.9591445746253963e-10
4745,9.287929934318656e-10,2.0315302876603944e-10
4746,1.04261698779348e-09,2.3836049562413525e-10
4747,1.1673568450908895e-09,2.752242367663947e-10
4748,1.1414443183073196e-09,2.6240933651537085e-10
4749,1.001941084120658e-09,2.1604847891720902e-10
4750,8.758323854456793e-10,1.692703587420166e-10
4751,8.179532980132264e-10,1.4145365826620943e-10
4752,7.653675283900045e-10,1.2146610483147437e-10
4753,6.515661559363471e-10,9.435700644115365e-11
4754,5.400670801463447e-10,7.059146461291813e-11
4755,4.692906214948518e-10,5.3257222054086915e-11
4756,4.306195930784585e-10,4.219125300719654e-11
4757,3.7932656323647495e-10,3.2113556920216037e-11
4758,3.42197699899915e-10,2.6135153472392918e-11
4759,3.3009210803664027e-10,2.2565400852725646e-11
4760,3.3083968655567595e-10,2.026352137327097e-11
4761,3.115483908830388e-10,1.7464088475570515e-11
4762,2.662661572255626e-10,1.296926548272757e-11
4763,2.33505502763471e-10,9.488927055105766e-12
4764,2.1315283914993248e-10,6.88049473148555e-12
4765,1.7458066332294295e-10,3.9724787153855066e-12
4766,1.3035531979267231e-10,2.02370009748865e-12
4767,9.882933278180404e-11,1.0212887643150795e-12
4768,9.529091049082421e-11,1.041727309803483e-12
4769,1.0785994748299109e-10,1.965569575872133e-12
4770,1.3877656306551107e-10,5.7059433332514494e-12
4771,2.0110809389610928e-10,1.6194408591487155e-11
4772,2.8994770155802664e-10,3.0250513808806764e-11
4773,3.5972879853603677e-10,3.64030251697613e-11
4774,3.8198643591325773e-10,3.4752274859263e-11
4775,3.5744954331697235e-10,2.983660011347143e-11
4776,3.4264124959677546e-10,3.013422403385027e-11
4777,3.3576390988346915e-10,3.577457165427348e-11
4778,3.035324381266712e-10,3.981252868667529e-11
4779,2.460572340533367e-10,3.6420826456869734e-11
4780,2.1740088023131745e-10,3.433837031281364e-11
4781,2.4088353190725325e-10,4.101026117600922e-11
4782,3.240879234412068e-10,6.406431080469648e-11
4783,4.508600395385866e-10,1.0603508658443554e-10
4784,5.928225555142884e-10,1.5191102747997788e-10
4785,7.473778665738903e-10,1.8601538001750608e-10
4786,8.760362597177971e-10,1.9837616736425581e-10
4787,1.0050806999542168e-09,2.233380969741263e-10
4788,1.0511339628607484e-09,2.424132176386039e-10
4789,1.0483659579433488e-09,2.5742646282040543e-10
4790,9.846025718893251e-10,2.5147468924127713e-10
4791,8.513331222106921e-10,2.0895814927755123e-10
4792,6.983143712535368e-10,1.4491529864457094e-10
4793,6.354560478194495e-10,1.085274236451685e-10
4794,6.732684087012468e-10,1.0459575567312788e-10
4795,7.422477744004617e-10,1.1493386972360842e-10
4796,8.324378311553208e-10,1.346931002225564e-10
4797,8.818837193509632e-10,1.4109368079904823e-10
4798,8.905842305802855e-10,1.3500688941343652e-10
4799,8.696617124048776e-10,1.257915893619889e-10
4800,8.044060106998715e-10,1.1020546612153312e-10
4801,6.959307270071064e-10,8.625613974675218e-11
4802,5.388867168886126e-10,5.530355172130981e-11
4803,3.8440077280109226e-10,2.9959444840527735e-11
4804,2.691467658777693e-10,1.4712951351383902e-11
4805,1.979501855446048e-10,7.308995190182345e-12
4806,1.420620845087552e-10,3.0523239318907303e-12
4807,9.618952217838887e-11,8.15337230897655e-13
4808,7.843328808153309e-11,3.8317613364753643e-13
4809,9.3283679997464e-11,9.833011251559228e-13
4810,1.3110026439348805e-10,2.9873280612931217e-12
4811,1.7586904253000027e-10,6.272798028574415e-12
4812,2.1983801004971768e-10,1.0405731624284843e-11
4813,2.7117591867196324e-10,1.6257155557754823e-11
4814,3.475095193396466e-10,2.6628890117822503e-11
4815,4.0163688204787584e-10,3.6026362660538613e-11
4816,3.9440465004042585e-10,3.738745550003119e-11
4817,3.2823449012566994e-10,2.9993478880539296e-11
4818,2.6597910217822594e-10,2.4991823779144346e-11
4819,2.3527251840215673e-10,2.707853472450714e-11
4820,2.508348187666098e-10,4.132884073723225e-11
4821,2.943578027646319e-10,6.702526191570392e-11
4822,3.3833977854176717e-10,9.312974724887739e-11
4823,3.8384472869125776e-10,1.1224053134973921e-10
4824,4.4623546117939923e-10,1.2723082219692552e-10
4825,5.64484478958096e-10,1.5466840391877994e-10
4826,7.483696934333802e-10,2.0251932441126718e-10
4827,9.200889497000977e-10,2.4919448713827017e-10
4828,1.0569112252955742e-09,2.8666299474718747e-10
4829,1.1430935206863153e-09,3.0412233289903997e-10
4830,1.201914645878896e-09,3.125852799842101e-10
4831,1.13174254917984e-09,2.814679015422657e-10
4832,9.793270941794153e-10,2.337645944449805e-10
4833,8.828602444869459e-10,2.0487750951216025e-10
4834,8.649206153595533e-10,1.9064736196802913e-10
4835,8.23612226837983e-10,1.6432270177342647e-10
4836,7.404647929301348e-10,1.3354925478792096e-10
4837,6.741028773907157e-10,1.1127491469931503e-10
4838,7.265698186976352e-10,1.1581740299859998e-10
4839,9.208264372911053e-10,1.549149105270584e-10
4840,9.673017760868536e-10,1.6050107920738739e-10
4841,8.322260289717495e-10,1.298508642474186e-10
4842,6.987657983818702e-10,9.940230381609355e-11
4843,6.490515538525941e-10,8.21430893686233e-11
4844,5.877992493814186e-10,6.440571025584118e-11
4845,4.1246796037052246e-10,3.362256913579274e-11
4846,2.548406251263858e-10,1.3864376951827926e-11
4847,1.9064126552465143e-10,7.882443616546806e-12
4848,1.790848955832694e-10,6.814168575312725e-12
4849,1.7544211166618043e-10,6.521578795356218e-12
4850,1.7285718863947122e-10,6.5982856302672996e-12
4851,2.0950382925472606e-10,1.0349790212919602e-11
4852,3.1500322726146195e-10,2.3237068646650973e-11
4853,4.628326170938155e-10,4.836272927637474e-11
4854,5.337486937720826e-10,6.580650454128571e-11
4855,5.586399265575017e-10,7.162323396836346e-11
4856,5.525479623576024e-10,6.541140246952756e-11
4857,5.526223312567741e-10,6.286249709058647e-11
4858,5.048030121972737e-10,5.899045213126672e-11
4859,4.2660847203298655e-10,5.3118080000201415e-11
4860,3.8609485957028024e-10,5.6599120100774244e-11
4861,3.664940928950541e-10,6.233298512290573e-11
4862,3.450627065070738e-10,6.292780508056268e-11
4863,3.4152227808453663e-10,6.477531047893345e-11
4864,3.771840145527705e-10,7.558645132507964e-11
4865,4.82233168299311e-10,1.0824354899226958e-10
4866,6.782978483950265e-10,1.7585722303867946e-10
4867,8.885190545369356e-10,2.455394229813193e-10
4868,1.030038502089476e-09,2.754934547924702e-10
4869,1.10602243257713e-09,2.7482145029166795e-10
4870,1.1473873758895437e-09,2.6250990380125657e-10
4871,1.2662243011504057e-09,2.831407381225755e-10
4872,1.4074026398448551e-09,3.1582786143544944e-10
4873,1.4637015818069908e-09,3.2847683720754907e-10
4874,1.3611843191112253e-09,2.9034299618912906e-10
4875,1.0841440304189646e-09,2.0193132091657483e-10
4876,8.268016273970423e-10,1.2934431363312452e-10
4877,6.511071444229317e-10,8.66519641477201e-11
4878,5.325872888285434e-10,6.077373472875715e-11
4879,4.940858181606192e-10,5.3980046868935576e-11
4880,4.939488587309772e-10,5.3398679999572456e-11
4881,5.2078763561593e-10,5.572231077353614e-11
4882,5.476233771345298e-10,5.721360215993144e-11
4883,5.558293705265526e-10,5.654973653568306e-11
4884,5.406076704947583e-10,5.3580266537378346e-11
4885,5.007670203678647e-10,4.837337067295364e-11
4886,4.473599967899615e-10,4.365593019444992e-11
4887,3.8652778879914684e-10,3.73787462730595e-11
4888,3.0828832237847693e-10,2.5008829283360088e-11
4889,2.390078048316433e-10,1.4500325938182435e-11
4890,2.1039254635220184e-10,1.1152723779580076e-11
4891,2.2570494055707783e-10,1.3360496607193754e-11
4892,2.701506006628015e-10,1.8894810311819303e-11
4893,3.0630639158128173e-10,2.3233824981238954e-11
4894,3.057798036907123e-10,2.2348654012251043e-11
4895,3.089549376525238e-10,2.202328838440333e-11
4896,3.4033179402731107e-10,2.672915864227419e-11
4897,3.737592940903693e-10,3.517287662638614e-11
4898,3.8155808694659335e-10,4.527766563817047e-11
4899,3.7317581445524756e-10,5.298780673608142e-11
4900,3.462543876020772e-10,5.1070899907543917e-11
4901,3.29938651940797e-10,4.809232181475113e-11
4902,2.9800849594113767e-10,4.286061478824346e-11
4903,2.7908069867066145e-10,4.131976993493547e-11
4904,3.208812668975115e-10,5.509557338820862e-11
4905,4.2738185744507167e-10,8.517033966033099e-11
4906,5.552988855762534e-10,1.1817414413531804e-10
4907,6.513742451557917e-10,1.4269660748494923e-10
4908,6.967788982129863e-10,1.491382930588348e-10
4909,7.450264507709202e-10,1.4953264703686848e-10
4910,7.809814738842716e-10,1.46896503856014e-10
4911,8.031785461881734e-10,1.4365105906394182e-10
4912,7.937717878802474e-10,1.3304527267077333e-10
4913,8.273135656168766e-10,1.3280850913825775e-10
4914,8.767890297405837e-10,1.3516838146190207e-10
4915,8.139585256875511e-10,1.145642679421655e-10
4916,6.424261376997027e-10,7.915487168395573e-11
4917,4.719853018283217e-10,4.879058386818282e-11
4918,3.569900775132418e-10,3.001333188999238e-11
4919,2.9645761381646626e-10,2.1705509750646377e-11
4920,2.4086088469461556e-10,1.495489786583717e-11
4921,2.1903923846123122e-10,1.335556769727578e-11
4922,2.426500382979634e-10,1.7336824740635458e-11
4923,3.2182059470097374e-10,2.8546878527453926e-11
4924,4.1761548606729584e-10,4.230312129543423e-11
4925,4.76148639374971e-10,5.1237597484374935e-11
4926,4.550452404325147e-10,4.6445742958765916e-11
4927,4.433378853043986e-10,4.558197537133666e-11
4928,4.3322633910512824e-10,4.636471538124966e-11
4929,3.6679862582491516e-10,3.8056788850816804e-11
4930,2.8610350936088427e-10,2.8182990092672566e-11
4931,2.2368062249660686e-10,1.9048874746724287e-11
4932,1.9866794759003244e-10,1.379423192605703e-11
4933,1.9990105325902286e-10,1.205404273982437e-11
4934,1.9288425241409508e-10,9.98723256829394e-12
4935,1.818225314259691e-10,8.357214403701412e-12
4936,1.8027331841820952e-10,8.082192438104395e-12
4937,1.8716925806633666e-10,9.12206877251551e-12
4938,1.7926678196367448e-10,9.135097817226221e-12
4939,1.650054354052586e-10,8.994951224733348e-12
4940,1.6877767875825804e-10,1.058747905703163e-11
4941,2.0288853437350126e-10,1.612308509946853e-11
4942,2.2695486759030072e-10,2.1729754992485426e-11
4943,2.1979909617862317e-10,2.4871605949242634e-11
4944,2.1823364990836036e-10,2.924324238546103e-11
4945,2.5501813012866837e-10,3.720761662853659e-11
4946,3.4476505868047084e-10,5.4239207471892373e-11
4947,4.1389222317672735e-10,6.896301346851594e-11
4948,4.16453712259328e-10,7.262065529688368e-11
4949,4.095900741026028e-10,7.260887163971786e-11
4950,4.47818691554396e-10,7.687937054788067e-11
4951,4.819178037519096e-10,7.588768137707163e-11
4952,4.716749371169444e-10,6.928386566985401e-11
4953,4.660727535779907e-10,6.891601496018543e-11
4954,5.345640982888325e-10,8.34174084006024e-11
4955,6.43691748146262e-10,1.0595660500319899e-10
4956,6.322324384232495e-10,1.0363375262928468e-10
4957,5.150501058828142e-10,7.876120531662974e-11
4958,4.1347167719742705e-10,5.51105329418331e-11
4959,3.5754843525533145e-10,4.201987327580497e-11
4960,3.249809929037456e-10,3.71503838610872e-11
4961,2.782129133973574e-10,3.1832109701241076e-11
4962,2.543750211710116e-10,2.936685666348036e-11
4963,2.7242614999218963e-10,3.2072666680792146e-11
4964,3.254191656851843e-10,4.024582950246999e-11
4965,4.047588408822152e-10,5.511960594407363e-11
4966,4.960359320207924e-10,7.379028212275608e-11
4967,6.129595398190622e-10,9.850920731270356e-11
4968,7.315906844626033e-10,1.2301693547967172e-10
4969,7.408976751739543e-10,1.2046466681088147e-10
4970,5.871827500100944e-10,8.320928536551428e-11
4971,4.039410088424298e-10,4.508446196338516e-11
4972,2.8549063289828983e-10,2.3701482633954823e-11
4973,2.2049231793480668e-10,1.3735834685454422e-11
4974,1.7420342044024694e-10,8.44301055056227e-12
4975,1.387609662522469e-10,5.999079406068663e-12
4976,1.2644578498918467e-10,6.1846330995170015e-12
4977,1.4789137016919857e-10,9.057011898200844e-12
4978,1.8533271568918367e-10,1.2619223311784748e-11
4979,2.1274975966665982e-10,1.4957687509618755e-11
4980,2.1952693389249283e-10,1.5301415020665515e-11
4981,2.419818215732981e-10,1.9190026791239882e-11
4982,3.035622629008705e-10,3.1165511773815625e-11
4983,3.493468006967446e-10,4.340340992806186e-11
4984,3.304639759172766e-10,4.378480201382316e-11
4985,3.1568638110526e-10,4.292541050862372e-11
4986,3.510079659799532e-10,4.86009991199409e-11
4987,4.755114899294165e-10,7.446082874266928e-11
4988,5.951936207123188e-10,1.0597229555227494e-10
4989,5.860247892542006e-10,1.1112473645325442e-10
4990,5.137609293287574e-10,9.736977772644121e-11
4991,4.5848559716575174e-10,8.087873218151012e-11
4992,4.346681066100157e-10,7.145052192190535e-11
4993,4.2156755592472407e-10,7.026907716648608e-11
4994,4.0952993235716425e-10,7.210481607948031e-11
4995,4.1629187471290964e-10,7.633548320706235e-11
4996,4.5664808370755223e-10,8.287458006546137e-11
4997,4.516438695347635e-10,7.255209927857061e-11
4998,4.3361274891410517e-10,6.161739908806334e-11
4999,4.105158101173126e-10,5.316735253858786e-11
5000,4.299021866302145e-10,5.56615047239215e-11
5001,4.998981201484752e-10,6.933820082775271e-11
5002,5.256637404987864e-10,7.366186395946238e-11
5003,4.934824287256086e-10,6.459191498357617e-11
5004,4.3352513237013614e-10,5.1057288251979423e-11
5005,4.2572340154631303e-10,4.905321550807814e-11
5006,4.567725328699687e-10,5.532992760882515e-11
5007,4.864221457312392e-10,6.30391025063269e-11
5008,4.749492047801456e-10,6.423626048265098e-11
5009,4.797982903045683e-10,6.85741410133987e-11
5010,5.15490686197648e-10,7.524746101417604e-11
5011,5.116890305822139e-10,7.119998440197696e-11
5012,3.890069587182606e-10,4.627180607053815e-11
5013,2.582071296647629e-10,2.2976791659901793e-11
5014,2.038593795403034e-10,1.2847317492754063e-11
5015,2.2685324322604185e-10,1.2700494205759313e-11
5016,2.5296198714626767e-10,1.4174820273350183e-11
5017,2.567127321778517e-10,1.55510960449517e-11
5018,2.516725171776234e-10,1.63142603548589e-11
5019,2.8457860231779454e-10,2.0073367771141727e-11
5020,3.1399306339229484e-10,2.154398814352016e-11
5021,3.0387989598031013e-10,2.0013065167621126e-11
5022,2.920161084668142e-10,2.1368945316722892e-11
5023,3.6027979496501485e-10,3.761629120606983e-11
5024,4.938502326193611e-10,7.30840938053537e-11
5025,5.916298265720787e-10,1.060495011952859e-10
5026,5.761906097281453e-10,1.0370880658174786e-10
5027,5.555295403749312e-10,9.006850975473109e-11
5028,6.189101807830444e-10,9.150826751964294e-11
5029,6.59376760665898e-10,9.223508057925066e-11
5030,5.831362921665712e-10,8.037037818161556e-11
5031,4.763646005917304e-10,6.536674118147425e-11
5032,3.9058481884604176e-10,4.8039025701305097e-11
5033,3.2038177316562823e-10,3.312387828814919e-11
5034,2.367522446120167e-10,2.0083617176606445e-11
5035,1.866231624992975e-10,1.538464143891845e-11
5036,2.1075766426581348e-10,2.246180258000388e-11
5037,2.892643240723108e-10,3.7719733968549735e-11
5038,3.498161519112582e-10,4.743044989463365e-11
5039,3.445319565312046e-10,4.424480766602056e-11
5040,3.421972734527884e-10,4.1818745862810186e-11
5041,4.32502503540587e-10,5.944193182621045e-11
5042,5.909072165950433e-10,9.838102522025432e-11
5043,6.293505478408497e-10,1.1416762493736335e-10
5044,5.364058857201399e-10,9.249784906477023e-11
5045,4.223269605216169e-10,5.843483614059436e-11
5046,3.831582140123108e-10,4.213520718750766e-11
5047,3.693521719962758e-10,3.640328338772543e-11
5048,3.382470084143992e-10,3.385215821201046e-11
5049,3.3181422590680147e-10,4.158914395632391e-11
5050,3.8054886465008725e-10,6.594836580134436e-11
5051,4.4355081353335847e-10,9.521607295026391e-11
5052,4.473740916880975e-10,9.849514054547387e-11
5053,3.936239714835002e-10,7.823894334329202e-11
5054,3.613327879680753e-10,6.069695942369707e-11
5055,3.770674649907858e-10,5.4032923702802557e-11
5056,3.8023332654644736e-10,4.707141698471753e-11
5057,3.4656126729739385e-10,3.71214186295373e-11
5058,3.1804133672113804e-10,3.0007094680853885e-11
5059,3.483741825310141e-10,3.242045782996561e-11
5060,4.258263777254412e-10,4.284564525449116e-11
5061,4.4854571493232634e-10,4.721897323111309e-11
5062,3.8721328817993043e-10,4.1007504439312175e-11
5063,3.7189108910146435e-10,4.589695504446781e-11
5064,4.308433376812615e-10,6.681868845057483e-11
5065,5.22047017895818e-10,9.895841775050345e-11
5066,5.346906157214471e-10,1.1017608132785134e-10
5067,4.799020257277269e-10,9.423797314242804e-11
5068,4.855248434377699e-10,8.482113248851464e-11
5069,5.881036417001943e-10,9.289420731303026e-11
5070,6.586418059471913e-10,9.834638194117344e-11
5071,6.027689041507046e-10,8.589360172763814e-11
5072,4.688094965669589e-10,6.009355846217229e-11
5073,3.6799249998807636e-10,3.987606767109806e-11
5074,2.883826048618565e-10,2.4239410785596053e-11
5075,1.8878691480521588e-10,1.0644568099747896e-11
5076,1.1486787515208091e-10,4.537601553836501e-12
5077,8.97717627571697e-11,4.031084494979213e-12
5078,1.0644714838320322e-10,8.446947082880113e-12
5079,1.5605206073539665e-10,2.1259409594922906e-11
5080,2.2920251290800024e-10,4.5940535166312925e-11
5081,3.0951988053395286e-10,7.574365624555868e-11
5082,4.02444449337949e-10,1.0463210321651815e-10
5083,5.100634773620833e-10,1.3017035415289543e-10
5084,6.257698761776778e-10,1.5628978300116686e-10
5085,7.312895745248379e-10,1.810481432314118e-10
5086,7.798376785500031e-10,1.8700582983702615e-10
5087,7.655739456746569e-10,1.750982603383579e-10
5088,6.719666957827468e-10,1.425823620690303e-10
5089,5.642097160572867e-10,1.1377404213048156e-10
5090,5.095618667332349e-10,1.0725179651792971e-10
5091,4.877277642371015e-10,1.1723420967851603e-10
5092,5.210497471642425e-10,1.4638241546875547e-10
5093,5.555377628702139e-10,1.6669212696252408e-10
5094,5.653523181019621e-10,1.6080797527123597e-10
5095,5.880654347557396e-10,1.460313021518618e-10
5096,6.325343178147697e-10,1.395925009030633e-10
5097,7.187113033734851e-10,1.5294833783222193e-10
5098,8.5029030627077e-10,1.907539556136792e-10
5099,1.0087134447218486e-09,2.448661981363475e-10
5100,1.1066523489781544e-09,2.7370546516731733e-10
5101,1.0755635704236473e-09,2.5413769904189976e-10
5102,9.641398887480194e-10,2.126364001833456e-10
5103,8.261401776736105e-10,1.684366940052276e-10
5104,7.464989423085791e-10,1.5150014561329773e-10
5105,6.729901791240031e-10,1.388132001305266e-10
5106,5.693781605198642e-10,1.0996551487378842e-10
5107,4.616685033528079e-10,7.354663166373153e-11
5108,4.06036681584729e-10,5.200623977121294e-11
5109,4.036165026379797e-10,4.647675259256308e-11
5110,4.5090440019968147e-10,5.6125049519360065e-11
5111,4.790896604403116e-10,6.578417782862506e-11
5112,4.480906752565754e-10,6.117828392328e-11
5113,3.441595652427927e-10,3.8739839583031015e-11
5114,2.583768712035942e-10,2.2221888190145196e-11
5115,2.0030101902835492e-10,1.3612818174244603e-11
5116,1.757875976258795e-10,1.2870816956096759e-11
5117,1.770900065274765e-10,2.0533934648167363e-11
5118,1.9179443982803178e-10,3.75687592354372e-11
5119,2.2223862474355912e-10,6.363468479237556e-11
5120,2.629906659742531e-10,8.618537429167903e-11
5121,3.2941224722196416e-10,1.079020121837792e-10
5122,4.288010415738946e-10,1.392178207456289e-10
5123,5.515453627783276e-10,1.8040200910262913e-10
5124,6.664601232157664e-10,2.1370458440513728e-10
5125,8.022392064223834e-10,2.3948634669679194e-10
5126,9.345787063732745e-10,2.481275009995059e-10
5127,9.726965920799277e-10,2.3042513504940221e-10
5128,9.30018650301103e-10,2.0936563393449244e-10
5129,9.175043135496164e-10,2.0833235981623207e-10
5130,1.0059051577916394e-09,2.3874161632175816e-10
5131,1.1060826884883017e-09,2.737054971460932e-10
5132,1.0069744018300106e-09,2.450518206671328e-10
5133,8.370360273268659e-10,1.938584666886103e-10
5134,7.889702166276837e-10,1.780221062527287e-10
5135,8.812952619008325e-10,2.0425032552222096e-10
5136,9.998175460661137e-10,2.437517041145357e-10
5137,1.025337515957536e-09,2.5861703472956137e-10
5138,9.451875750403126e-10,2.286173061653957e-10
5139,9.045150498067322e-10,2.0292223516635118e-10
5140,8.74661078226392e-10,1.7574125484555906e-10
5141,7.822037904436811e-10,1.3741803686454902e-10
5142,6.313918338600426e-10,9.577971530457546e-11
5143,5.519171807510547e-10,7.730220582851472e-11
5144,5.307219680008001e-10,6.981887854509607e-11
5145,4.800827871168832e-10,5.6191818905110524e-11
5146,3.8736073848397163e-10,3.8690520766617253e-11
5147,2.8877484666607617e-10,2.194901416899767e-11
5148,2.613720813230702e-10,1.6961439301677893e-11
5149,3.2260421588650183e-10,2.531690316340706e-11
5150,3.6183997809251233e-10,3.1936701483397174e-11
5151,3.3075472703704525e-10,2.868171750594909e-11
5152,2.4081245576288345e-10,1.5979060232067146e-11
5153,1.8486139865928912e-10,8.318932554323934e-12
5154,1.5088808379590033e-10,4.442383818820642e-12
5155,1.2267059451299572e-10,2.9851938980388916e-12
5156,9.473965238005221e-11,3.144656709249003e-12
5157,9.223955524186489e-11,7.342758686156764e-12
5158,1.0545989653507868e-10,1.5276506557823887e-11
5159,1.1738529327902525e-10,2.1176137169595404e-11
5160,1.268241273619984e-10,2.506062929899152e-11
5161,1.4395081471290814e-10,3.0892880223442885e-11
5162,1.9044424373334704e-10,4.308391215923101e-11
5163,2.815270510597148e-10,6.543015515799464e-11
5164,3.783650612582729e-10,8.48236065617031e-11
5165,4.2198013135537156e-10,8.289979807934555e-11
5166,4.176794787832287e-10,6.741554107882314e-11
5167,4.4851394459218815e-10,6.262629927401335e-11
5168,5.099376594200459e-10,7.143847262282802e-11
5169,5.840435233718454e-10,9.381873820168837e-11
5170,6.38359250983206e-10,1.220932955238671e-10
5171,7.174734134110852e-10,1.609771836656982e-10
5172,7.895127597239149e-10,1.9295258570536155e-10
5173,8.143308297976804e-10,2.0062392719726197e-10
5174,8.462737156760727e-10,2.1133603607332636e-10
5175,9.700325269138008e-10,2.5590484388703023e-10
5176,1.1601188299980361e-09,3.22888459038463e-10
5177,1.240348773621133e-09,3.4628226497808134e-10
5178,1.0893528807041098e-09,2.8392895756800374e-10
5179,8.262177242822088e-10,1.7766630068612135e-10
5180,7.043630262702941e-10,1.239896062450906e-10
5181,7.14971103996011e-10,1.128586425937936e-10
5182,7.045174120821655e-10,1.0407984840159954e-10
5183,6.216797660006216e-10,8.625487831497203e-11
5184,5.186105304760294e-10,6.553872247467067e-11
5185,4.4421435805832984e-10,4.879891062498968e-11
5186,3.9825287122018173e-10,3.842410555475393e-11
5187,3.755747793509711e-10,3.424936187478218e-11
5188,3.5029010027913253e-10,3.031537368386198e-11
5189,3.495855940734905e-10,3.0811383575371756e-11
5190,3.199696304363918e-10,2.572341555335653e-11
5191,2.384884070276694e-10,1.3360521817122497e-11
5192,1.4900910207317906e-10,4.180493594837669e-12
5193,9.884912711443367e-11,1.3536380182346355e-12
5194,8.315309856891918e-11,1.2371719486588565e-12
5195,1.0147319202098027e-10,4.386935225750568e-12
5196,1.3140250860153945e-10,1.2776385115026202e-11
5197,1.4697202591223327e-10,2.0201301341614895e-11
5198,1.3629976064033284e-10,1.927635748646043e-11
5199,1.2300637926047347e-10,1.5938695797207705e-11
5200,1.3248760559315856e-10,1.7862689565261134e-11
5201,1.758906599539318e-10,3.026442445047286e-11
5202,2.469938469506635e-10,5.19452617044628e-11
5203,2.944493648788075e-10,6.402680162886432e-11
5204,3.0452714832425905e-10,5.963106681938436e-11
5205,2.8778811808452086e-10,4.789142618163695e-11
5206,2.9480115176565606e-10,4.6598817653810485e-11
5207,3.465687477735262e-10,6.429175588433964e-11
5208,4.5405007651406454e-10,1.102988807349865e-10
5209,5.892681294459314e-10,1.7716919652580516e-10
5210,6.861231443772381e-10,2.33484651817617e-10
5211,7.332359282543908e-10,2.6013951420199896e-10
5212,7.86121562369696e-10,2.7585075432598975e-10
5213,9.103711722554586e-10,3.126358760657488e-10
5214,1.1022166722714326e-09,3.7234083387226355e-10
5215,1.2754892346704915e-09,4.1801583640653536e-10
5216,1.4287422899351646e-09,4.433098592249872e-10
5217,1.5348668045334296e-09,4.411220321946409e-10
5218,1.5986487974106787e-09,4.3306250874516036e-10
5219,1.6406649654933221e-09,4.3526635649133885e-10
5220,1.5000321857418827e-09,3.7386722338572986e-10
5221,1.2614353584259278e-09,2.845500558343565e-10
5222,1.0348517732774335e-09,2.1070133161306352e-10
5223,8.697810516478304e-10,1.6065506874356647e-10
5224,8.404047096196432e-10,1.5623698338671605e-10
5225,8.042310528512456e-10,1.5154905488822767e-10
5226,7.447119783758537e-10,1.3891564389886072e-10
5227,6.198824409041916e-10,1.0071526349927852e-10
5228,5.012472310582138e-10,6.405697742540746e-11
5229,3.934799515208408e-10,3.75063532289907e-11
5230,3.0441977738310424e-10,2.2065634323108516e-11
5231,2.2762417523682605e-10,1.239764178223923e-11
5232,1.6649348599399497e-10,6.063441764870287e-12
5233,1.2832273464121634e-10,2.969201345340535e-12
5234,9.67558941582774e-11,1.2215798017685711e-12
5235,8.51912353816601e-11,9.319307977701472e-13
5236,9.374902301507415e-11,1.930049804404754e-12
5237,1.1396658020177568e-10,5.114822771327102e-12
5238,1.330098253019148e-10,1.0069424408015814e-11
5239,1.4117241318962162e-10,1.4671555644248333e-11
5240,1.5557212794277024e-10,1.8992343807952372e-11
5241,2.0379292412723734e-10,2.9075459808142356e-11
5242,3.0284195650190133e-10,5.435339742090871e-11
5243,4.147542874888432e-10,9.328735116352849e-11
5244,4.88601051691392e-10,1.254015180812304e-10
5245,5.437090289747189e-10,1.4694645027169823e-10
5246,5.796514208704049e-10,1.482536530498741e-10
5247,5.6292710353031e-10,1.3304489884489237e-10
5248,5.181922091455093e-10,1.2397944269650156e-10
5249,5.080256806488346e-10,1.2882711879529323e-10
5250,5.640755320563486e-10,1.4714217758411618e-10
5251,5.870612222248474e-10,1.4759239605010266e-10
5252,5.183512867750256e-10,1.1991283596448915e-10
5253,4.1196501907220984e-10,8.44560847455198e-11
5254,4.0766044172668133e-10,7.774444049737686e-11
5255,5.164621828904514e-10,9.690007043202547e-11
5256,6.597816429845193e-10,1.278250397421436e-10
5257,7.418829461014041e-10,1.491514943240012e-10
5258,7.905536254091606e-10,1.571764804312322e-10
5259,8.898325826003394e-10,1.70934739136472e-10
5260,9.996034133399076e-10,1.9307510406997432e-10
5261,9.508388313887537e-10,1.8417972605145582e-10
5262,8.824555198419193e-10,1.7758166985429652e-10
5263,8.725366736462518e-10,1.7618968322291925e-10
5264,8.657099308409502e-10,1.6380341629261085e-10
5265,7.54364199023522e-10,1.2685947386639007e-10
5266,5.457699554689337e-10,7.281222143315378e-11
5267,4.143066295708551e-10,4.302470300349674e-11
5268,3.6123064109843905e-10,3.144657608861113e-11
5269,3.0230498258166955e-10,2.1625583942046677e-11
5270,1.9412216167708618e-10,8.9991639930245e-12
5271,1.0601840168076427e-10,2.1285344698293754e-12
5272,6.277272909770295e-11,3.587868871744163e-13
5273,4.9644961109110807e-11,1.1072865738294553e-13
5274,4.429146640480039e-11,1.0135637139220894e-13
5275,4.750623468427739e-11,2.640939162231628e-13
5276,5.885425666056649e-11,8.152703427605607e-13
5277,8.03986016987543e-11,2.4654337365651664e-12
5278,1.0096095856736317e-10,4.884234044479551e-12
5279,1.1030953730844242e-10,8.163052395410896e-12
5280,1.2294493276095578e-10,1.4004222192879485e-11
5281,1.550485031184383e-10,2.3791609216830302e-11
5282,1.98884787543138e-10,3.58196546750039e-11
5283,2.2005571567900966e-10,4.257094486753905e-11
5284,2.071490324398284e-10,3.953380368892357e-11
5285,2.1351708321055506e-10,4.0164785355555653e-11
5286,2.7309248713010624e-10,5.5527969863579815e-11
5287,3.873714756421545e-10,9.184023449307503e-11
5288,4.797009079701909e-10,1.3401168269159094e-10
5289,4.927808178160723e-10,1.4678873551567405e-10
5290,4.718261564468033e-10,1.312472632205518e-10
5291,4.629100757707671e-10,1.1300394805966574e-10
5292,4.806373433537585e-10,1.1030270705486172e-10
5293,4.735125886664417e-10,1.1219092411112342e-10
5294,4.760069945813136e-10,1.2143168741696772e-10
5295,4.793181631526695e-10,1.1791973829558064e-10
5296,4.93453163645644e-10,1.0527598224386396e-10
5297,4.996470919353069e-10,8.933701297109309e-11
5298,5.174884158931308e-10,8.371975854275358e-11
5299,5.321850756689471e-10,8.370149201014691e-11
5300,5.660866617758564e-10,9.374585162090696e-11
5301,5.663544516646462e-10,9.405519974849414e-11
5302,5.452701886876979e-10,8.313422584513144e-11
5303,5.143768206135681e-10,6.897522547891049e-11
5304,4.70462885845372e-10,5.60459948070178e-11
5305,4.200035194142253e-10,4.620299391914772e-11
5306,3.639245684945742e-10,3.7322756593260225e-11
5307,3.240951175701721e-10,3.1318392975601556e-11
5308,2.806635313781942e-10,2.2357726712777527e-11
5309,2.1020613477992383e-10,1.0934164780126071e-11
5310,1.421987168717201e-10,4.323373828105948e-12
5311,9.656351046270861e-11,1.954096060155418e-12
5312,7.546556849516527e-11,1.4719052489813237e-12
5313,6.893451506107673e-11,1.6679698545633676e-12
5314,6.253554733627316e-11,1.6665470624172178e-12
5315,6.248460469981113e-11,2.021676096832247e-12
5316,7.593624684251117e-11,3.841196871524255e-12
5317,1.150996957071379e-10,1.0539867671410571e-11
5318,1.7774504000543673e-10,2.503866368128759e-11
5319,2.3520080114892716e-10,4.144944349939034e-11
5320,2.475034669047175e-10,4.4095918964391094e-11
5321,2.357336291470438e-10,3.8965392475394506e-11
5322,2.393888253291508e-10,3.885684097417536e-11
5323,2.6916014478916893e-10,4.7402400716990696e-11
5324,3.202434745529497e-10,6.609158318937768e-11
5325,3.6760735575881294e-10,8.661452468878253e-11
5326,4.014443790123947e-10,9.90999737113485e-11
5327,4.2702722792425135e-10,1.037336274141522e-10
5328,4.831844570448896e-10,1.1883342746804607e-10
5329,5.676495723026895e-10,1.4667215078710587e-10
5330,6.538105833744251e-10,1.820536191379823e-10
5331,7.218182477383854e-10,2.2133653873113803e-10
5332,7.37386699770959e-10,2.405211751120671e-10
5333,7.112848472510258e-10,2.2839514925498483e-10
5334,6.769936580518911e-10,2.0055101038015194e-10
5335,6.371811862404034e-10,1.6457335574221845e-10
5336,5.994990796097461e-10,1.3210464139384132e-10
5337,5.913052877564231e-10,1.1621820937594435e-10
5338,5.970429063434897e-10,1.0837569274681008e-10
5339,5.905179594013667e-10,9.95392578370651e-11
5340,5.423545120044898e-10,8.44629560248348e-11
5341,4.825206310992182e-10,6.804028530684289e-11
5342,4.420549405968628e-10,5.421637649340241e-11
5343,4.231052747214929e-10,4.645131672875343e-11
5344,3.787106443619452e-10,3.824975485138101e-11
5345,3.3085998315066405e-10,3.204633011059245e-11
5346,3.3606892648933996e-10,3.3436360144468195e-11
5347,3.9400252954827076e-10,3.9247731013332086e-11
5348,4.64728956307323e-10,4.558728370218997e-11
5349,4.274279558381162e-10,3.6375819135613507e-11
5350,3.417374246927486e-10,2.4640618752071146e-11
5351,3.0278309059889766e-10,2.1061309371422777e-11
5352,2.627098182980145e-10,1.7204754422500296e-11
5353,1.9816126639630798e-10,1.1097903543731065e-11
5354,1.1588009268250738e-10,4.366778201867722e-12
5355,7.966223854428572e-11,2.5944599195775166e-12
5356,8.209109615142718e-11,3.584631957450656e-12
5357,1.1243317592641731e-10,7.99103807548065e-12
5358,1.6195894107359576e-10,1.8226156472621513e-11
5359,2.1888636435460907e-10,3.287124484106188e-11
5360,2.938088401611885e-10,4.993584636111377e-11
5361,4.0516688416887465e-10,7.234997603904561e-11
5362,5.062172657806985e-10,9.114690497659036e-11
5363,4.913111434003891e-10,8.831702302573889e-11
5364,4.002651388186882e-10,7.451455757354166e-11
5365,3.575088997182226e-10,6.835954154209801e-11
5366,3.6367585002677604e-10,6.987168405261063e-11
5367,3.832424170923064e-10,7.365523146091588e-11
5368,3.6032344593728367e-10,6.950746472347261e-11
5369,3.5720031540657346e-10,7.360155810273153e-11
5370,4.281291119424091e-10,9.676409094873175e-11
5371,5.775287440467057e-10,1.4098688842839581e-10
5372,7.007262188489399e-10,1.8282583263654343e-10
5373,6.939334463679705e-10,1.84767647611107e-10
5374,6.333125064548721e-10,1.5944308881054665e-10
5375,6.765295413459145e-10,1.6029865387647083e-10
5376,7.425274602771972e-10,1.6628248025108858e-10
5377,6.819509644505487e-10,1.4180332529682577e-10
5378,5.504032585237956e-10,1.0367387910300308e-10
5379,4.656777677667117e-10,7.217068868289868e-11
5380,4.44612095630768e-10,5.304229054047029e-11
5381,4.569022694805573e-10,4.6821343515832104e-11
5382,4.370635636079766e-10,4.190201831890334e-11
5383,4.392208015632834e-10,4.364223357152283e-11
5384,5.048960954208465e-10,5.7167484930268226e-11
5385,5.829479090244009e-10,7.45838825859873e-11
5386,5.98141130783917e-10,8.135246182110546e-11
5387,5.808947154476724e-10,8.029908242496367e-11
5388,6.34012097748157e-10,9.052817922472446e-11
5389,7.32124755114121e-10,1.076730783097322e-10
5390,7.345843067106843e-10,1.0569437701177839e-10
5391,5.970522314920006e-10,7.798781094814768e-11
5392,4.1870750730428266e-10,4.3639234675476407e-11
5393,2.7933025150389204e-10,1.9990472132211387e-11
5394,1.8680836578966108e-10,8.009924988493141e-12
5395,1.1054956210029385e-10,2.218474407488692e-12
5396,7.248785940646598e-11,8.253237072140451e-13
5397,6.578190034315594e-11,9.036269465931324e-13
5398,8.037446235486567e-11,2.2448516426253878e-12
5399,1.1086595309426469e-10,6.099476029051539e-12
5400,1.4987708023437232e-10,1.2445242415462332e-11
5401,2.1395533146373565e-10,2.3495513316747668e-11
5402,2.975965809285243e-10,3.7683919314632124e-11
5403,3.5625689499377173e-10,4.8527669425346195e-11
5404,3.640248540737712e-10,5.46731531756374e-11
5405,3.63804068644208e-10,5.945545435251415e-11
5406,3.8385125617434643e-10,6.487712509257587e-11
5407,3.697252592867243e-10,6.008561779439516e-11
5408,3.040253814883324e-10,4.435424618276877e-11
5409,2.3105537195866366e-10,2.8815922581095436e-11
5410,2.2530736509720548e-10,2.758813530143965e-11
5411,2.7227073065537807e-10,3.792339356248586e-11
5412,3.428059829981065e-10,5.911949254947264e-11
5413,4.378279314407917e-10,9.348109780528923e-11
5414,5.70213496004063e-10,1.364362283969372e-10
5415,8.042398783254856e-10,1.9810108040120625e-10
5416,1.0641388733945961e-09,2.630843240970733e-10
5417,1.1694138965551673e-09,2.863725198140772e-10
5418,1.1298907062406082e-09,2.6492827704261975e-10
5419,1.1422732473012337e-09,2.540208070978851e-10
5420,1.196663443235418e-09,2.491295336686937e-10
5421,1.1514329518895025e-09,2.176015863209557e-10
5422,1.000487001203823e-09,1.709145299434289e-10
5423,8.810525822699191e-10,1.3658889114412744e-10
5424,8.612358719543906e-10,1.262769919663519e-10
5425,8.097699260878805e-10,1.1061827709036414e-10
5426,6.663495405991154e-10,8.218396897960645e-11
5427,5.428950379304936e-10,6.178401358523695e-11
5428,5.505007852673566e-10,6.358035646204157e-11
5429,6.12699088373617e-10,7.110899481165138e-11
5430,5.643031813598019e-10,6.007442121317118e-11
5431,4.2890351532735045e-10,3.973930503865569e-11
5432,3.513721575996496e-10,2.915607529608471e-11
5433,3.495312572215354e-10,2.7162055796819643e-11
5434,3.2063121979499483e-10,2.1542378955847336e-11
5435,2.2885826212601088e-10,1.1709142842474043e-11
5436,1.4864640387378185e-10,5.43974334135447e-12
5437,1.2958332459671544e-10,4.673746664922648e-12
5438,1.473286587181593e-10,7.326413805652317e-12
5439,1.5770452474076504e-10,1.0424019507980821e-11
5440,1.5281988805548527e-10,1.1298603509537648e-11
5441,1.5559493477968002e-10,1.1515236191575947e-11
5442,1.8456055775579132e-10,1.3223039717210579e-11
5443,2.1035220416004943e-10,1.473616016821908e-11
5444,2.0818108226966984e-10,1.42553118552074e-11
5445,2.1570476882779945e-10,1.563477908786502e-11
5446,2.5464752591364387e-10,2.0428039206367332e-11
5447,3.2314581259209713e-10,3.12867162638982e-11
5448,3.3938201866499033e-10,3.761854465419221e-11
5449,3.2185339151035925e-10,4.092164798208596e-11
5450,3.4752171808193666e-10,5.306371625642225e-11
5451,4.464125976362784e-10,8.030039555696882e-11
5452,5.550603893997816e-10,1.1320000209510019e-10
5453,6.395082909978054e-10,1.4765264130687568e-10
5454,7.275348997686841e-10,1.821366014424746e-10
5455,9.306924460903171e-10,2.4153573813992477e-10
5456,1.2320660679545092e-09,3.224128557413675e-10
5457,1.4908806115311452e-09,3.9501203842524157e-10
5458,1.5839361583198804e-09,4.17216847625708e-10
5459,1.6200259490933989e-09,4.111953729084103e-10
5460,1.6582449995991656e-09,3.9941835718940213e-10
5461,1.5714748586244624e-09,3.548377393767014e-10
5462,1.3932559588087445e-09,2.946977262164558e-10
5463,1.2768603458909182e-09,2.5477960077010815e-10
5464,1.2489955076745351e-09,2.34329262823067e-10
5465,1.2075711617408905e-09,2.106249364837934e-10
5466,1.0444359704575854e-09,1.639936214847991e-10
5467,8.599627246400776e-10,1.19716876826748e-10
5468,7.382267687147365e-10,9.312731089860429e-11
5469,6.864944323407462e-10,8.305939177764918e-11
5470,6.238089413080587e-10,7.374948637716278e-11
5471,5.643809619440902e-10,6.560609095062057e-11
5472,5.206987966479989e-10,5.675139203052577e-11
5473,4.893065899974806e-10,4.74968414620052e-11
5474,4.513838640943289e-10,3.8252342942309476e-11
5475,3.8167191107438614e-10,2.663928984209106e-11
5476,3.1795896927199133e-10,1.8215719583485818e-11
5477,2.551347562764305e-10,1.1441020923916915e-11
5478,2.036266278586623e-10,7.0392746782859625e-12
5479,1.5211822653724976e-10,3.5033681818580155e-12
5480,1.1971703596923263e-10,1.8702096078770174e-12
5481,1.212075698542992e-10,2.0697165518061055e-12
5482,1.4750361924607453e-10,3.7258526024475465e-12
5483,1.869137383092564e-10,6.62456206877179e-12
5484,2.0840446192741542e-10,8.012465149260575e-12
5485,2.1177917661976808e-10,7.294505874664443e-12
5486,2.3260866680096168e-10,8.337644404380376e-12
5487,2.674529885180087e-10,1.1140062207820204e-11
5488,3.073432802692685e-10,1.699502785917212e-11
5489,3.2862105367823077e-10,2.499286448898446e-11
5490,3.233209787558838e-10,3.060756329939202e-11
5491,3.1317597564236655e-10,3.246080062561582e-11
5492,3.3483369361934766e-10,3.782516300844123e-11
5493,4.1268952038023733e-10,5.5483110450958595e-11
5494,5.506965751882717e-10,9.346847678999335e-11
5495,7.436415577829993e-10,1.57300491562431e-10
5496,9.657008572414182e-10,2.3112931896224842e-10
5497,1.195978806302979e-09,2.943535176429582e-10
5498,1.3592410610305902e-09,3.2157653975777095e-10
5499,1.3521192279776484e-09,2.998475366269725e-10
5500,1.2681182729460088e-09,2.7305450366038323e-10
5501,1.1571465117003465e-09,2.4239032015494727e-10
5502,1.0846118926709087e-09,2.159558507889842e-10
5503,9.706647845355407e-10,1.7490572295062578e-10
5504,7.908335404964474e-10,1.2011414481354508e-10
5505,6.762222621331262e-10,8.714987716205793e-11
5506,6.876868136147222e-10,8.149752138784016e-11
5507,7.493527449978276e-10,8.426731435343156e-11
5508,6.951903206976944e-10,7.044552091501047e-11
5509,5.646764554955042e-10,5.1841575203551355e-11
5510,4.564887836738888e-10,3.7534018121123564e-11
5511,4.5027992431904057e-10,3.801310338502122e-11
5512,4.720943211805358e-10,4.2785567148621804e-11
5513,4.680792285155189e-10,4.3986687719759567e-11
5514,3.955928620690744e-10,3.148417462579484e-11
5515,3.551491375133949e-10,2.4208896774073235e-11
5516,3.363908340431467e-10,1.9816586037786695e-11
5517,3.325417926201427e-10,1.789878689456687e-11
5518,2.8853151681276265e-10,1.2659089833773873e-11
5519,2.2240447032537197e-10,7.469337788194868e-12
5520,1.5575625486913936e-10,3.44922608844816e-12
5521,1.209721322370206e-10,1.822916090137979e-12
5522,1.1710727646067927e-10,1.6613478276902411e-12
5523,1.346715996079661e-10,2.4491832731736585e-12
5524,1.5362960684243812e-10,3.224248799855475e-12
5525,1.7500671436943667e-10,4.18651701843881e-12
5526,2.1784800616267466e-10,6.749829065673086e-12
5527,2.769094439153539e-10,1.0430748123087971e-11
5528,3.1996991754319985e-10,1.3717622212371964e-11
5529,2.972577481601552e-10,1.2585592769840532e-11
5530,2.4745527700397256e-10,9.723115031487703e-12
5531,2.2927550730120632e-10,9.813129918624107e-12
5532,2.499728785751022e-10,1.4423432158620168e-11
5533,2.6751553785889666e-10,2.05621464076832e-11
5534,2.750024306367725e-10,2.7224847474986835e-11
5535,3.116747915695329e-10,3.9915597027901203e-11
5536,4.3655051692413654e-10,6.825939081526877e-11
5537,6.512978755815916e-10,1.1526477487541258e-10
5538,8.875389086577981e-10,1.7343307529295073e-10
5539,9.725755460763728e-10,1.9427377434177636e-10
5540,9.652816928293364e-10,1.8439660873497059e-10
5541,9.549566075021457e-10,1.700449564561659e-10
5542,9.163887927042929e-10,1.5059174106391832e-10
5543,8.097306472346361e-10,1.2020914952161294e-10
5544,6.395932307087115e-10,8.207431835053587e-11
5545,5.368382155836924e-10,6.268599641558488e-11
5546,4.900895461649976e-10,5.105400186460125e-11
5547,4.5623059396469314e-10,4.111708594714684e-11
5548,4.229574184682082e-10,3.425121571042645e-11
5549,3.689834297377768e-10,2.524355711274991e-11
5550,3.6154500823030897e-10,2.3297908842141974e-11
5551,4.101477332891483e-10,2.97215265128854e-11
5552,4.433615650615937e-10,3.462434449724195e-11
5553,4.205625782390464e-10,3.1899428425272637e-11
5554,4.0667458375430395e-10,3.086395336398233e-11
5555,3.956620717195307e-10,2.7709467586341694e-11
5556,3.7050530612007174e-10,2.1895710047324207e-11
5557,2.8903859095615373e-10,1.2343808269826662e-11
5558,2.0169811608810674e-10,5.479418590146051e-12
5559,1.6613999378934751e-10,3.5915670019814135e-12
5560,1.6308526667540527e-10,3.700433942021337e-12
5561,1.5379873900202236e-10,3.690360202730161e-12
5562,1.3016723024048668e-10,2.9270258906956365e-12
5563,1.2656729714378332e-10,3.0193923176033908e-12
5564,1.7692404859401807e-10,6.470176221060919e-12
5565,2.6422779482576886e-10,1.3710277292533842e-11
5566,3.1940451008825323e-10,1.892923002741845e-11
5567,3.1986691339031585e-10,1.8529472380890524e-11
5568,3.424586293309287e-10,1.894828353418769e-11
5569,3.829630734500839e-10,2.0549059266417416e-11
5570,3.816016595799458e-10,2.095102913520702e-11
5571,2.8317575439427405e-10,1.4161544942369228e-11
5572,2.0109185461607355e-10,9.66811873611223e-12
5573,1.8675378009245738e-10,1.1439380133267384e-11
5574,2.2155488161527265e-10,1.856993204525871e-11
5575,2.644431250771724e-10,2.7318467942880552e-11
5576,3.188895982178686e-10,3.9781603026250284e-11
5577,4.3512531192779226e-10,6.662947102756698e-11
5578,6.59753971070331e-10,1.1738761279944609e-10
5579,9.313502312993379e-10,1.7880680431897642e-10
5580,1.083754588146599e-09,2.077459568519136e-10
5581,1.028101495947237e-09,1.815314746723841e-10
5582,9.499521000686637e-10,1.566197385202325e-10
5583,9.149837582230643e-10,1.4624977913248835e-10
5584,8.634220284541373e-10,1.356822525125113e-10
5585,7.650621679503877e-10,1.190885889615754e-10
5586,6.375874305269869e-10,9.401167045695897e-11
5587,5.73392891196108e-10,7.855122219159298e-11
5588,6.045497183953156e-10,8.129014689229138e-11
5589,6.789346533831685e-10,9.385577277569324e-11
5590,7.376797744307541e-10,1.0667997448235078e-10
5591,7.45749547816123e-10,1.0859311719039579e-10
5592,7.595962762939926e-10,1.0435898454178559e-10
5593,7.708350231799758e-10,9.35525063588675e-11
5594,7.4722541232579e-10,8.047912348187441e-11
5595,6.597367054663655e-10,6.480811970750327e-11
5596,5.555178885513383e-10,4.9443786662099144e-11
5597,5.073885992430896e-10,4.3427206668593405e-11
5598,4.5795218177788767e-10,3.492836027755464e-11
5599,4.171677933172371e-10,2.894057383988559e-11
5600,3.706378768325925e-10,2.240165732321964e-11
5601,3.7426347885246206e-10,2.219752463053238e-11
5602,4.3681231913535954e-10,2.926281683446042e-11
5603,4.6292368019497236e-10,3.190474539601873e-11
5604,4.39507175128076e-10,3.012544741240666e-11
5605,3.8110201180574196e-10,2.2663397758440823e-11
5606,3.926837872913858e-10,2.1923761701044717e-11
5607,4.5929379768513024e-10,2.7352594385774387e-11
5608,4.826811050862342e-10,2.9261246963015644e-11
5609,4.464132309590619e-10,2.7573846645716097e-11
5610,3.98734255464087e-10,2.3486653584844996e-11
5611,3.925218490521433e-10,2.2385860261186738e-11
5612,3.9444473454546413e-10,2.229130451977739e-11
5613,3.664611458805729e-10,2.030639409135752e-11
5614,3.454506607764982e-10,1.958968734738107e-11
5615,3.8999699201900796e-10,2.6362870051631463e-11
5616,4.681387766053969e-10,3.792273735111059e-11
5617,4.897052887847573e-10,4.199241541392935e-11
5618,4.364796348249722e-10,3.449870787896841e-11
5619,4.1745465250277585e-10,3.0444148704034426e-11
5620,4.766968276494009e-10,3.378853848741085e-11
5621,5.303927499317329e-10,3.709487390163052e-11
5622,4.677655713295066e-10,3.1040443231181123e-11
5623,3.4981870304078426e-10,2.0867275417032268e-11
5624,3.191222642996974e-10,1.923418331725696e-11
5625,3.8748613825282145e-10,2.825453617603254e-11
5626,4.978677601711256e-10,4.8434860754231285e-11
5627,5.505964932983241e-10,7.01756445369767e-11
5628,5.711641838150411e-10,9.025221256640386e-11
5629,6.273718110219749e-10,1.1134031992280187e-10
5630,7.291884255025927e-10,1.3110922077973926e-10
5631,7.335645546064306e-10,1.217589690196906e-10
5632,6.519335594603034e-10,9.688873211515673e-11
5633,5.847952311646123e-10,7.868498300330993e-11
5634,5.902452923934513e-10,7.34377289055803e-11
5635,6.138645433457675e-10,7.06466720256707e-11
5636,5.584500126327186e-10,5.7689322513057624e-11
5637,4.794684866728288e-10,4.387830847636664e-11
5638,4.4518083479751524e-10,3.6717332740456226e-11
5639,4.716297748040124e-10,3.806814635109454e-11
5640,5.02016911531762e-10,4.241769013302851e-11
5641,5.169478304912746e-10,4.739806516532983e-11
5642,5.718296947519327e-10,5.965730438522614e-11
5643,6.515359699042047e-10,7.337838885330754e-11
5644,6.904040246069157e-10,7.927105562101924e-11
5645,6.304669687140228e-10,7.160233761249955e-11
5646,5.780028905480297e-10,6.594165131554294e-11
5647,5.569580323784308e-10,6.083695368325239e-11
5648,5.276881361514492e-10,5.232545217624312e-11
5649,4.3495512974636004e-10,3.5890981400778005e-11
5650,3.2350285802092173e-10,1.9785709842342237e-11
5651,2.4611788576902595e-10,1.076477969612071e-11
5652,2.1522342446434967e-10,8.72182925670293e-12
5653,2.1382360735002366e-10,1.0365303465377188e-11
5654,2.2601777719717733e-10,1.3768598721697473e-11
5655,2.624776697160892e-10,1.8778882401237346e-11
5656,2.950062259165083e-10,2.1067728397991058e-11
5657,3.1118222416478146e-10,2.0764049319410862e-11
5658,3.1311518762107377e-10,1.9574688298003808e-11
5659,3.270646795591406e-10,2.0420788053431093e-11
5660,3.448707514316846e-10,2.2696439857653852e-11
5661,3.44760206226827e-10,2.4343338361568337e-11
5662,3.148340542822299e-10,2.3621422234347772e-11
5663,2.973691656721208e-10,2.3438307643142342e-11
5664,2.843850931713317e-10,2.042373092989469e-11
5665,2.7353668251500214e-10,1.6849859669685464e-11
5666,2.780421295453483e-10,1.655245915925848e-11
5667,2.807823497850069e-10,1.608274395840644e-11
5668,3.0638163072274756e-10,1.986122128063511e-11
5669,3.4598159047921523e-10,2.9266836473464575e-11
5670,3.7948916107477286e-10,3.981406157429466e-11
5671,4.105413844369966e-10,5.0139431719629964e-11
5672,4.523063706872082e-10,6.30808356550067e-11
5673,4.783409872431749e-10,7.27157369356467e-11
5674,5.006148078618813e-10,8.091487790520086e-11
5675,5.225379856325658e-10,8.459786017829802e-11
5676,5.146626728159291e-10,7.197147606189733e-11
5677,4.713043294743823e-10,5.088474593738919e-11
5678,3.992101458413486e-10,3.191320599894077e-11
5679,3.6571590700083163e-10,2.5175951502319375e-11
5680,3.515697847593486e-10,2.3528345013365128e-11
5681,3.3251765929304417e-10,2.297957612564251e-11
5682,2.8679645013513607e-10,1.9610375132126946e-11
5683,2.672169152990806e-10,1.8434269881709393e-11
5684,2.929810897942079e-10,2.063283778970912e-11
5685,3.550195052711218e-10,2.761591422356615e-11
5686,4.102241724885632e-10,3.827769323220307e-11
5687,4.302436784212e-10,4.811967585768544e-11
5688,4.851667857576056e-10,6.445299522701805e-11
5689,5.60871704752125e-10,7.909612566869769e-11
5690,5.848986317879508e-10,7.879351701592382e-11
5691,5.156715148382316e-10,6.293547216759982e-11
5692,4.3158340867985915e-10,4.730775445643793e-11
5693,3.748254312566701e-10,3.6386197096962595e-11
5694,3.158527535325639e-10,2.5971949318331634e-11
5695,2.5484192288953104e-10,1.7864227805258233e-11
5696,2.26038625077176e-10,1.51402293591352e-11
5697,2.648131004132083e-10,2.1581395080613467e-11
5698,3.554963589902668e-10,3.8236384551243366e-11
5699,4.4678760191170996e-10,6.180170341700121e-11
5700,4.971575640377135e-10,8.222456042540468e-11
5701,5.534473612762124e-10,9.846812417498117e-11
5702,6.563211033172547e-10,1.1697376792404134e-10
5703,7.353970769714433e-10,1.3044895445049128e-10
5704,6.713973102591337e-10,1.1499444726196383e-10
5705,5.6814725445286e-10,9.31425449857732e-11
5706,5.089469525551024e-10,7.785788189202727e-11
5707,4.633488968038387e-10,6.043596508529433e-11
5708,3.8493534327174705e-10,4.0195507323182656e-11
5709,3.031208723896251e-10,2.5964847235718153e-11
5710,2.7909354129062826e-10,2.2838855937164786e-11
5711,3.4968807918525195e-10,3.5384239577233595e-11
5712,4.6113766285225476e-10,6.078323292388647e-11
5713,5.483109826487938e-10,8.822015295313918e-11
5714,6.341297380939172e-10,1.169201563622577e-10
5715,7.666543725298163e-10,1.5047051181255853e-10
5716,9.429020943785295e-10,1.912420102926748e-10
5717,1.0285394954402435e-09,2.11144296496222e-10
5718,9.398812728909259e-10,1.835335771305274e-10
5719,7.970416034485843e-10,1.3867405290118328e-10
5720,6.595036026649142e-10,9.444212224146111e-11
5721,5.005640991277765e-10,5.5789141558293474e-11
5722,3.3182288280465296e-10,2.708310444082454e-11
5723,2.1651334350022458e-10,1.2705269625513037e-11
5724,1.6452426755242126e-10,7.47340970755093e-12
5725,1.6179915575241135e-10,7.31641670041066e-12
5726,1.7593702745450758e-10,8.739203177398158e-12
5727,2.037079944147937e-10,1.1554831686410389e-11
5728,2.513032314536238e-10,1.6428374634138807e-11
5729,3.182215655094648e-10,2.393026506791318e-11
5730,3.826695778848565e-10,3.184039710358639e-11
5731,4.3316727523471883e-10,4.0530715169247274e-11
5732,4.931338564178782e-10,5.318509344442248e-11
5733,5.900526539192891e-10,7.285527765832374e-11
5734,7.041670689829676e-10,9.418240144854996e-11
5735,7.336792788529959e-10,9.74733662284905e-11
5736,7.046772658684643e-10,9.036905370084334e-11
5737,6.398652062873279e-10,7.780696753309839e-11
5738,6.50166957250461e-10,8.353786341519071e-11
5739,6.716706844327758e-10,9.349227970383287e-11
5740,7.066802373237939e-10,1.0887705506562511e-10
5741,7.513990542288608e-10,1.2340103877623642e-10
5742,7.95108159184606e-10,1.3051765254048237e-10
5743,8.936198735259318e-10,1.5460097400702317e-10
5744,9.86479657202502e-10,1.8341943669704397e-10
5745,1.0240170533167461e-09,1.9832168776714014e-10
5746,9.786733691782488e-10,1.905032554427472e-10
5747,8.569280126064302e-10,1.5573899226484504e-10
5748,7.105961156192582e-10,1.1140577478095613e-10
5749,6.413008108795184e-10,8.988281884191755e-11
5750,6.013558819073884e-10,7.783429052876635e-11
5751,5.663605756970529e-10,6.954183274445841e-11
5752,5.403324152972152e-10,6.590624314996475e-11
5753,5.11638426394559e-10,5.950449628257467e-11
5754,5.239179361531361e-10,6.006249305306001e-11
5755,5.857790168104433e-10,7.275520831588991e-11
5756,6.785456663370503e-10,9.579518454198238e-11
5757,7.662011028310265e-10,1.243339914333748e-10
5758,7.69408058572987e-10,1.3534951540075418e-10
5759,7.354189208643285e-10,1.3441979516479423e-10
5760,7.060930418496688e-10,1.258410928841252e-10
5761,7.053288534659057e-10,1.195581694802038e-10
5762,6.681709587681687e-10,1.0473525468116631e-10
5763,5.614456136243437e-10,8.077608106716118e-11
5764,4.361497393955948e-10,5.535346178783771e-11
5765,3.379515988846329e-10,3.40120960749101e-11
5766,2.585946792618436e-10,1.7848283337943886e-11
5767,1.8353570517526545e-10,7.682303778159824e-12
5768,1.2974934355101595e-10,3.38254210510197e-12
5769,1.1989137504526936e-10,3.1527741435474174e-12
5770,1.487084133980143e-10,5.641560762133918e-12
5771,1.9021575835405443e-10,9.308236943587717e-12
5772,1.9426441927655453e-10,9.012290656760766e-12
5773,1.9549703480401705e-10,8.593506512095314e-12
5774,2.3181445945090788e-10,1.1699985670304638e-11
5775,3.210453589171213e-10,2.2313465071218546e-11
5776,4.015449924742234e-10,3.8063148639800626e-11
5777,4.2791691254086143e-10,5.225872102262301e-11
5778,4.833694286142651e-10,7.068221415357016e-11
5779,5.878874691865949e-10,9.270843260453576e-11
5780,6.624413378741291e-10,1.061965709166434e-10
5781,6.598348809524591e-10,1.0905828398529331e-10
5782,6.45487790857232e-10,1.0768364434133146e-10
5783,7.358305239334613e-10,1.2270969265306156e-10
5784,8.806721097657805e-10,1.4486737853285645e-10
5785,8.752273218053573e-10,1.359625149459331e-10
5786,7.664939183217486e-10,1.140530811234542e-10
5787,7.685471684980076e-10,1.177633721907598e-10
5788,8.843098622102596e-10,1.42069771587293e-10
5789,8.846816575681179e-10,1.4091904047166847e-10
5790,7.034426398310561e-10,1.0846765431979218e-10
5791,5.515594623606501e-10,8.194141612974647e-11
5792,5.502574755292971e-10,8.226529935582269e-11
5793,6.185127704499672e-10,9.708485971118437e-11
5794,5.961157576705661e-10,9.624994850983318e-11
5795,5.152562253377058e-10,8.225579903748032e-11
5796,5.096365667575585e-10,7.945609613525505e-11
5797,6.294191827109157e-10,1.0002409706245673e-10
5798,7.435541401563691e-10,1.2058838766276203e-10
5799,7.651602092077973e-10,1.2763721475127787e-10
5800,7.144184558310191e-10,1.1567714893602514e-10
5801,7.610251364059383e-10,1.242850297434275e-10
5802,8.392621117022786e-10,1.3985248166585391e-10
5803,7.814333640273938e-10,1.2951600188405486e-10
5804,6.020042685966223e-10,9.577435609676911e-11
5805,4.3180543356493057e-10,6.316117900884977e-11
5806,3.2871401094130917e-10,4.320939244611181e-11
5807,2.5191104291699886e-10,2.8503279058259934e-11
5808,1.8409239455553647e-10,1.7656044410241438e-11
5809,1.333124768852264e-10,1.0853519322144537e-11
5810,1.138378807112997e-10,8.525447881770184e-12
5811,1.1914355525232744e-10,8.630115529684697e-12
5812,1.34801482248481e-10,9.460967922076961e-12
5813,1.5734304003846562e-10,1.127822672694952e-11
5814,1.978768711097272e-10,1.5722217127655406e-11
5815,2.671330456844885e-10,2.4117538679474318e-11
5816,3.558422520389404e-10,3.587162952266964e-11
5817,4.136724905711831e-10,4.4459684007853536e-11
5818,4.124056014929542e-10,4.417713000333328e-11
5819,4.0955854478223887e-10,4.3990791093947826e-11
5820,4.577361170019245e-10,5.352740473052492e-11
5821,5.086446239678097e-10,6.471618467658861e-11
5822,5.317335233506615e-10,7.304161774280507e-11
5823,5.390891077765128e-10,7.731683607905918e-11
5824,5.909263257696365e-10,8.571760477574429e-11
5825,6.976170428697005e-10,1.022719630605391e-10
5826,7.765630807860408e-10,1.1442607780345518e-10
5827,7.636188627093284e-10,1.1283741460745092e-10
5828,7.729929310200463e-10,1.2095725002124597e-10
5829,8.167866188079059e-10,1.3384196636446111e-10
5830,8.334145706403335e-10,1.3915354227147183e-10
5831,7.686071905922e-10,1.2897361989652213e-10
5832,6.773564971774965e-10,1.1277887640809067e-10
5833,7.260143032230257e-10,1.331433385536368e-10
5834,9.092593665393465e-10,1.9393297288120428e-10
5835,1.0889437078560262e-09,2.5988694018896914e-10
5836,1.065021073672893e-09,2.546760648665895e-10
5837,9.136006735827118e-10,1.9749498663796796e-10
5838,7.862797768968767e-10,1.444195080274529e-10
5839,7.371034879638636e-10,1.2033974958859215e-10
5840,7.181944548257664e-10,1.152115895238007e-10
5841,6.804899029977017e-10,1.1414909711547418e-10
5842,6.639716317596936e-10,1.193572436942866e-10
5843,6.435596349876818e-10,1.1683351728480496e-10
5844,5.560274806785087e-10,9.188389855223088e-11
5845,4.682001111280065e-10,7.081464578388014e-11
5846,3.773018641166788e-10,5.22212958854088e-11
5847,3.637450838679921e-10,5.4737813174474286e-11
5848,3.719954718408224e-10,6.235869592341671e-11
5849,3.4629027343344595e-10,5.798683046493927e-11
5850,2.883235317147599e-10,4.0532597193144425e-11
5851,2.3710025688766383e-10,2.486737570801017e-11
5852,2.4089683176514507e-10,2.1210173028257285e-11
5853,2.9288494802005103e-10,2.8633656900201974e-11
5854,3.834397094289064e-10,4.745230814827366e-11
5855,4.775359152282742e-10,6.783892812095417e-11
5856,5.774429100156952e-10,8.518873126745554e-11
5857,6.405176610237897e-10,8.772145563706092e-11
5858,6.848301190414594e-10,9.04296335549681e-11
5859,7.352863224672426e-10,1.0281675321452169e-10
5860,8.230701527022562e-10,1.2748536400533969e-10
5861,9.21652016078107e-10,1.5551392471906948e-10
5862,9.142242367950558e-10,1.5733451979257563e-10
5863,8.023570201249499e-10,1.3159758278055394e-10
5864,7.540074104411842e-10,1.2000527034340574e-10
5865,8.576999642967835e-10,1.4533149177509175e-10
5866,1.0416180525265642e-09,1.9235150958097043e-10
5867,1.0843927320287123e-09,2.0810239864379595e-10
5868,9.988522377349973e-10,1.9363378490010004e-10
5869,8.778938316787037e-10,1.6117170905094667e-10
5870,8.650109021292971e-10,1.5601712020821882e-10
5871,8.861289855686666e-10,1.6896023986370363e-10
5872,8.697884769293417e-10,1.804994885706705e-10
5873,8.661963330855048e-10,1.9646037223630577e-10
5874,9.26363629265706e-10,2.1740386414222226e-10
5875,1.0186682489723898e-09,2.3351196070658683e-10
5876,1.0780658745146678e-09,2.409321471480984e-10
5877,1.0901663841980113e-09,2.441615593396257e-10
5878,1.0699399995824274e-09,2.408355535010787e-10
5879,9.592794107828953e-10,2.092422739284213e-10
5880,7.514711829669133e-10,1.5323219707950994e-10
5881,5.283729746174449e-10,9.440932668774415e-11
5882,3.9073093707440807e-10,5.960260430667581e-11
5883,3.501555991905073e-10,4.7141262010418634e-11
5884,3.243939401704039e-10,3.873211316983529e-11
5885,2.7747784582783266e-10,2.9817257989429834e-11
5886,2.3151094754393352e-10,2.2951066732111033e-11
5887,2.1682046985667758e-10,2.1539163711969157e-11
5888,2.314260378746676e-10,2.336098287981241e-11
5889,2.4673498109431967e-10,2.4431706811303575e-11
5890,2.4261224557548783e-10,2.2880068923760996e-11
5891,2.4668573204907765e-10,2.336198697468546e-11
5892,2.7904108054977867e-10,2.8007306196603872e-11
5893,3.181448930230493e-10,3.432509110529319e-11
5894,3.449095979079486e-10,3.9704047661978795e-11
5895,3.638586647518011e-10,4.1561935942908624e-11
5896,4.319298285652974e-10,4.987119105732915e-11
5897,5.413799491384354e-10,6.51736527086008e-11
5898,6.170110355540466e-10,8.02016095660098e-11
5899,6.443913244812686e-10,9.289390009077328e-11
5900,6.612823540185536e-10,1.0309466505962141e-10
5901,6.70398659301392e-10,1.0701452098294707e-10
5902,5.846669852916157e-10,8.857626884003584e-11
5903,4.247791542628901e-10,5.663838203210989e-11
5904,3.5364860734163706e-10,4.5788820490370505e-11
5905,4.134489912868946e-10,6.062205049104769e-11
5906,5.523255532912265e-10,9.263088717809679e-11
5907,5.759065615381253e-10,9.684513026572292e-11
5908,4.711695639247322e-10,7.331377075806442e-11
5909,4.167538037182089e-10,6.056588972691539e-11
5910,4.666434051241833e-10,6.869033649649807e-11
5911,5.96802277301021e-10,1.0367037436076222e-10
5912,6.45120770571728e-10,1.3215998484465328e-10
5913,5.944382433548718e-10,1.3264004472261807e-10
5914,5.912711466789644e-10,1.326275556054534e-10
5915,6.615805219818264e-10,1.4043509877745352e-10
5916,7.237023802273806e-10,1.504078606030448e-10
5917,7.282753199486751e-10,1.6343787566751653e-10
5918,7.24764077413439e-10,1.827144402150873e-10
5919,7.529494092755994e-10,1.9808718859800846e-10
5920,7.002739392645846e-10,1.6875915373240625e-10
5921,5.166561854496899e-10,9.84655836861839e-11
5922,3.296859272317176e-10,4.405864128052102e-11
5923,2.5269372561570303e-10,2.6230914087780297e-11
5924,2.405283573692727e-10,2.3925527100773027e-11
5925,2.449361182937316e-10,2.6332791614034858e-11
5926,2.380705371706735e-10,2.7440530611565048e-11
5927,2.2860080644863793e-10,2.5436746140025025e-11
5928,2.4924679331832825e-10,2.6461127126538057e-11
5929,2.9289578782091143e-10,3.23507503236671e-11
5930,3.1683511703421644e-10,3.837064673844888e-11
5931,3.391299783509725e-10,4.761350770453371e-11
5932,3.664542882943722e-10,5.719370378525462e-11
5933,3.9819347288749235e-10,6.413422859968846e-11
5934,3.9626664659412553e-10,6.179951558118389e-11
5935,3.4932044116546397e-10,4.994262702956987e-11
5936,3.099489081278309e-10,4.0932241351450026e-11
5937,3.1376550731482015e-10,3.957178564621469e-11
5938,3.385067784659269e-10,4.062795153729808e-11
5939,3.3134453100364924e-10,3.5282753425040476e-11
5940,3.1465853053393743e-10,2.977605808945385e-11
5941,3.0718492187204545e-10,2.7530180115036833e-11
5942,3.2254675720989315e-10,3.025172549458888e-11
5943,3.154290726712447e-10,3.0829691680627144e-11
5944,2.6859442226413814e-10,2.5825991173547383e-11
5945,2.2496060988058693e-10,2.0374864752324696e-11
5946,2.210480104859408e-10,1.9320486580222426e-11
5947,2.5069812920050803e-10,2.381322956649691e-11
5948,2.6264284723554297e-10,2.8207754387995556e-11
5949,2.6078500256829953e-10,3.373736819748432e-11
5950,2.711439830740346e-10,4.211984215480954e-11
5951,3.358104434469806e-10,6.213094698843137e-11
5952,4.085331885889595e-10,8.366233521433949e-11
5953,4.4846737543496935e-10,1.0043664568380107e-10
5954,4.5531373010555794e-10,1.0924554054155875e-10
5955,4.825566322923121e-10,1.180360645270019e-10
5956,5.45498208899399e-10,1.3464079121258243e-10
5957,5.921112739649209e-10,1.500430074691926e-10
5958,5.869947715214588e-10,1.532577023521707e-10
5959,5.465231709762233e-10,1.4049362634005411e-10
5960,5.154691472975887e-10,1.2277933510824242e-10
5961,4.91423836309603e-10,1.0232877854481016e-10
5962,4.508441399507651e-10,7.897359354731566e-11
5963,4.3285325643959643e-10,6.626647198907337e-11
5964,4.4081140780133374e-10,6.129616523623577e-11
5965,4.530460247281813e-10,5.837506248058683e-11
5966,4.41543890571113e-10,5.451939624618715e-11
5967,4.2621648702138463e-10,5.365136229191891e-11
5968,4.5325354874762204e-10,6.160727362420416e-11
5969,5.446173511132016e-10,8.228073095459809e-11
5970,6.369060541654919e-10,1.0340271681700997e-10
5971,6.402567308230408e-10,1.0256815130377756e-10
5972,6.054305682550884e-10,9.27650713084978e-11
5973,5.743023835965214e-10,8.545302259425791e-11
5974,5.572573767251734e-10,8.501652237306022e-11
5975,5.185545278677565e-10,8.257539932534857e-11
5976,4.694630248170635e-10,7.508538334533039e-11
5977,4.2925867213167447e-10,6.271673138258477e-11
5978,4.026924422291815e-10,5.006286845016248e-11
5979,3.9619630626341015e-10,4.3642398491230744e-11
5980,3.959411140527539e-10,3.975214869978342e-11
5981,4.1700435666915723e-10,4.0248582596487907e-11
5982,4.325629157334732e-10,3.954033446440614e-11
5983,3.902118701053284e-10,3.114963071507861e-11
5984,3.116014514878674e-10,2.1077083165783328e-11
5985,2.5899965614100037e-10,1.6365070195464667e-11
5986,2.513731252660935e-10,1.720767098290739e-11
5987,2.3156433269293074e-10,1.6517624380204453e-11
5988,1.9510772373994456e-10,1.4897215138557593e-11
5989,1.6627538605602505e-10,1.4329496808638738e-11
5990,1.7955286659102727e-10,1.854621481976505e-11
5991,2.2405444701739324e-10,2.8024794452213278e-11
5992,2.57674778834588e-10,3.670141516452618e-11
5993,2.5599902407412603e-10,3.9555833379515546e-11
5994,2.600935835071025e-10,4.092481159981124e-11
5995,2.918563319296665e-10,4.477898241783793e-11
5996,3.48168917557635e-10,5.4246670425664303e-11
5997,3.6893551142523057e-10,5.957560783243866e-11
5998,3.6020734333149885e-10,5.595618625264222e-11
5999,3.4725501213153665e-10,4.532179906956461e-11
6000,3.631467570315249e-10,3.8913818951249256e-11
