t,rpm,Mx,My,Mz,Fx,Fy,Fz
-1.37845e-12,6.30003,42453.0,5502.18,17353.7,3575.58,75.6271,-4851.14
0.1,6.31374,42365.1,8098.71,15739.7,3523.12,55.071,-4709.23
0.2,6.31318,42276.6,7113.35,14400.0,3505.54,70.2899,-4870.03
0.3,6.31042,42263.9,6032.96,12415.6,3488.09,75.9049,-5015.74
0.4,6.32673,42337.9,8188.92,11174.3,3488.34,59.9165,-4940.82
0.5,6.3466,42334.1,11907.2,11313.8,3433.92,-18.9335,-4866.43
0.6,6.35759,42277.9,11027.0,12196.9,3369.9,-110.861,-4947.42
0.7,6.36409,42189.4,8365.87,13476.3,3311.46,-133.43,-5122.28
0.8,6.35624,42098.8,8889.69,13874.9,3255.94,-127.826,-5116.55
0.9,6.35483,42117.5,12582.5,13535.6,3217.48,-68.1169,-4883.17
1.0,6.36028,42106.5,12752.5,13357.8,3191.84,-26.2025,-4710.52
1.1,6.34825,42026.2,9181.45,13265.2,3164.07,-24.6055,-4868.96
1.2,6.33192,41994.5,6342.67,12943.5,3124.78,-23.187,-5035.96
1.3,6.3136,41973.0,8439.5,12689.0,3061.44,2.10175,-4966.0
1.4,6.29572,42037.8,11666.8,12457.2,3012.71,25.0812,-4876.47
1.5,6.29858,42163.7,10376.5,13201.6,2975.95,20.081,-5034.64
1.6,6.30751,42203.4,5729.98,16394.8,2949.47,11.1995,-5302.54
1.7,6.30211,42167.6,3401.0,20508.3,2927.03,-70.9585,-5310.19
1.8,6.2983,42188.9,6226.86,24348.8,2897.56,-144.402,-5099.62
1.9,6.29576,42218.6,7191.92,27066.7,2898.11,-144.833,-4934.55
2.0,6.29444,42289.0,4969.44,27719.3,2911.19,-110.256,-5018.17
2.1,6.31345,42385.4,2041.33,27702.4,2951.89,-46.8465,-5113.06
2.2,6.32351,42319.3,2023.54,27967.9,2951.98,-15.087,-5029.13
2.3,6.31387,42225.4,3714.45,27780.4,2920.4,-28.4349,-4949.76
2.4,6.30457,42206.2,3294.73,27303.9,2887.98,-12.5645,-5075.28
2.5,6.28745,42187.5,1577.07,25938.3,2833.89,8.29225,-5271.18
2.6,6.26914,42253.9,1566.75,23669.0,2762.61,26.0141,-5293.24
2.7,6.25824,42310.2,4077.84,21722.6,2697.61,10.2272,-5159.33
2.8,6.23772,42339.4,5340.82,21213.7,2678.52,-12.4839,-5061.75
2.9,6.21691,42392.8,4389.4,21138.0,2674.58,-82.1328,-5090.03
3.0,6.20374,42475.5,3210.04,21481.5,2712.29,-131.302,-5104.92
3.1,6.18014,42526.9,4265.17,20000.4,2731.52,-162.237,-4999.69
3.2,6.17197,42660.8,7177.77,16690.5,2730.77,-81.4954,-4918.69
3.3,6.17803,42652.0,7898.95,13569.5,2716.16,52.8146,-4937.5
3.4,6.17952,42640.9,6713.02,12030.2,2717.31,122.385,-5068.41
3.5,6.18941,42691.0,5180.1,12469.8,2699.33,68.2685,-5142.66
3.6,6.1907,42675.0,5287.13,14396.0,2692.35,-0.72275,-5138.26
3.7,6.17925,42742.6,6659.86,15351.6,2665.21,-55.231,-5126.46
3.8,6.17698,42889.8,6330.41,14982.4,2666.15,-70.1072,-5099.71
3.9,6.18109,42967.1,5151.42,14741.9,2690.4,-37.871,-5082.96
4.0,6.1827,43060.4,4187.13,14950.0,2720.87,-70.1383,-5020.7
4.1,6.18261,43165.5,5132.56,16020.4,2745.8,-110.127,-4947.82
4.2,6.17039,43089.2,5165.03,17498.8,2736.48,-110.533,-4854.09
4.3,6.13382,43053.8,5031.72,17300.5,2681.85,-95.1635,-4886.41
4.4,6.10222,43173.2,4701.77,15279.7,2636.91,-25.0427,-4975.87
4.5,6.08004,43230.2,3817.69,13145.4,2605.32,72.9498,-5004.03
4.6,6.05898,43213.7,2736.41,11678.2,2611.07,97.105,-5056.1
4.7,6.05318,43154.8,460.397,12223.5,2645.01,53.8187,-5147.13
4.8,6.0375,42951.0,-1267.46,15064.4,2680.71,-8.65088,-5211.43
4.9,6.01288,42822.2,249.495,17877.8,2734.99,-106.032,-5175.86
5.0,6.01256,42725.9,2320.43,20461.3,2789.41,-135.184,-5003.69
5.1,6.02176,42486.2,3560.1,22363.1,2853.62,-130.882,-4902.49
5.2,6.03328,42363.2,1594.62,23058.7,2923.97,-118.764,-4893.77
5.3,6.05032,42256.3,-650.617,22864.8,2969.37,-115.416,-4924.97
5.4,6.04326,42156.8,-1675.98,22084.8,2992.01,-76.0841,-4915.3
5.5,6.02682,42220.3,-1959.97,20227.5,2994.65,-25.4921,-4927.34
5.6,6.01504,42270.2,-3124.63,18187.4,2981.26,30.5438,-5035.65
5.7,6.00172,42300.2,-4326.23,16901.9,2966.58,72.8367,-5173.39
5.8,5.98361,42342.0,-3935.23,16143.2,2974.48,50.5622,-5199.33
5.9,5.96086,42340.1,-1798.04,16413.9,3008.38,7.6675,-5102.57
6.0,5.92414,42273.2,864.517,17752.4,3030.1,-21.4228,-5007.39
6.1,5.88756,42172.1,2932.29,19236.2,3050.03,-84.3623,-4953.91
6.2,5.87395,42023.8,5358.69,21635.3,3119.07,-103.019,-4907.58
6.3,5.87173,41705.6,8380.6,23676.8,3176.48,-140.804,-4824.24
6.4,5.86837,41428.8,10947.7,24085.7,3213.21,-169.489,-4797.24
6.5,5.86464,41177.6,12367.5,23023.7,3240.08,-108.22,-4888.36
6.6,5.84918,40913.4,12399.5,20794.6,3236.83,3.365,-4988.2
6.7,5.84494,40765.1,12273.9,18053.9,3236.16,56.6263,-5032.81
6.8,5.86868,40612.4,12082.1,16881.8,3258.3,67.1208,-5045.38
6.9,5.89578,40400.3,11114.6,17188.3,3309.67,19.7857,-5046.8
7.0,5.91246,40331.3,10783.1,18166.5,3341.49,-53.419,-5059.79
7.1,5.91317,40323.6,10608.8,19881.4,3375.12,-88.3232,-5011.95
7.2,5.89097,40384.7,11108.8,21603.6,3424.58,-121.62,-4937.67
7.3,5.87636,40558.8,11290.0,22817.5,3478.54,-144.032,-4898.98
7.4,5.87658,40609.0,10608.3,23835.8,3510.44,-128.24,-4922.44
7.5,5.86763,40610.8,9340.54,24878.0,3521.15,-50.0998,-4955.4
7.6,5.84725,40657.7,7423.96,25372.2,3548.19,-0.918813,-4961.69
7.7,5.81323,40636.4,5293.63,25964.5,3518.94,36.6901,-4999.12
7.8,5.77145,40609.3,1878.2,26373.5,3503.05,57.2046,-5054.35
7.9,5.75286,40554.7,-1014.61,25982.0,3480.14,22.5369,-5137.64
8.0,5.75633,40358.0,-1753.49,25220.5,3444.97,-14.7847,-5180.26
8.1,5.765,40107.2,-676.412,23910.5,3431.88,-59.0006,-5127.41
8.2,5.7727,39908.9,2032.29,22462.7,3448.43,-75.3651,-5083.24
8.3,5.78291,39735.0,2935.14,21957.6,3473.96,-50.3564,-5043.48
8.4,5.79442,39620.0,4060.86,22245.2,3512.48,-26.6704,-5044.98
8.5,5.82504,39634.8,4914.78,23007.5,3576.01,10.4237,-4985.01
8.6,5.85509,39610.4,5174.61,23474.5,3618.54,49.3525,-4889.47
8.7,5.86268,39759.9,4158.1,22868.0,3664.19,86.7954,-4878.81
8.8,5.85361,40032.4,986.353,21486.7,3696.65,121.658,-4954.22
8.9,5.83163,40269.0,-2101.31,20011.0,3694.57,97.915,-5051.62
9.0,5.8109,40496.4,-3222.51,19022.3,3666.26,53.8615,-5133.8
9.1,5.80537,40520.8,-2937.61,18630.6,3643.9,5.3435,-5164.07
9.2,5.79641,40616.2,-2156.52,18587.1,3604.49,-13.0185,-5182.38
9.3,5.77544,40720.8,80.3738,18720.9,3585.97,21.273,-5199.4
9.4,5.74867,40794.3,3477.73,19778.1,3575.91,86.5865,-5105.07
9.5,5.72249,40779.8,6646.65,21646.2,3564.21,107.25,-4930.08
9.6,5.71507,40759.6,8398.6,23491.2,3592.16,76.2387,-4857.92
9.7,5.73096,40616.1,8474.56,24820.9,3653.23,61.9605,-4895.79
9.8,5.74315,40451.9,9435.51,25301.8,3682.8,73.1379,-4955.29
9.9,5.75046,40375.1,10587.7,25346.9,3702.68,70.566,-4977.96
10.0,5.75682,40186.8,9942.27,25614.9,3700.48,40.7178,-5022.72
10.1,5.77302,40197.2,6998.14,26508.2,3729.66,40.1271,-5168.63
10.2,5.81254,40227.0,3523.3,27061.1,3759.32,28.0372,-5262.91
10.3,5.85676,40193.4,1620.04,27160.9,3790.83,49.1099,-5203.2
10.4,5.88128,40402.0,942.491,27207.8,3826.18,116.261,-5080.03
10.5,5.8738,40679.3,-57.6789,27703.7,3866.53,172.522,-5042.53
10.6,5.84646,41030.4,-1162.77,29302.6,3901.4,177.872,-5054.65
10.7,5.8213,41450.4,-2636.41,32138.5,3954.94,152.509,-5009.74
10.8,5.8104,41758.2,-3817.96,34998.5,4005.94,89.3254,-4993.27
10.9,5.79835,41948.6,-4744.5,36310.8,3992.22,22.2319,-5076.03
11.0,5.77761,42136.0,-5808.14,36100.5,3980.22,29.2164,-5152.76
11.1,5.74524,42215.0,-5844.0,34435.4,3936.41,46.1076,-5153.75
11.2,5.72771,42124.8,-4279.77,32523.0,3892.5,66.8604,-5150.09
11.3,5.73761,42085.4,-4249.55,31140.1,3865.92,77.5537,-5092.97
11.4,5.76197,41996.9,-4576.04,29725.5,3881.57,73.971,-5081.95
11.5,5.78738,41943.9,-4495.59,27570.3,3924.27,86.963,-5065.24
11.6,5.79988,41928.3,-3168.99,24750.9,3974.29,133.572,-4998.54
11.7,5.80103,42007.2,-2478.1,21676.8,4054.19,184.244,-4934.84
11.8,5.81896,42091.5,-2863.82,19565.9,4114.36,193.894,-4962.03
11.9,5.85145,42261.4,-4207.78,19353.0,4154.97,161.73,-5034.82
12.0,5.88504,42455.7,-4924.29,20106.6,4189.36,78.363,-5052.96
12.1,5.9074,42715.6,-4793.92,20564.1,4187.31,5.00975,-5016.37
12.2,5.90461,42988.9,-5715.22,20028.7,4192.65,7.76813,-5000.06
12.3,5.88507,43408.4,-7614.66,18770.6,4174.6,67.3672,-5046.44
12.4,5.86882,43816.0,-8676.92,17641.8,4171.69,100.742,-5078.9
12.5,5.86216,44123.6,-7447.2,17421.8,4167.89,97.1277,-5024.02
12.6,5.84848,44340.8,-5195.31,17401.3,4175.92,86.8923,-4944.12
12.7,5.82267,44640.9,-2409.3,17545.3,4166.07,121.478,-4961.29
12.8,5.78173,44841.2,-124.337,17707.3,4149.08,135.848,-4996.3
12.9,5.74613,45006.6,1784.35,18217.3,4122.95,120.41,-4965.07
13.0,5.75031,45030.8,5099.91,19894.0,4162.32,85.603,-4986.03
13.1,5.7837,44681.0,6959.87,22200.0,4180.12,21.6685,-4995.23
13.2,5.82503,44609.4,8357.48,25082.4,4217.21,-2.383,-5048.09
13.3,5.85359,44519.2,8892.33,28416.0,4239.34,5.41862,-5076.0
13.4,5.85408,44544.3,9259.87,31414.9,4262.01,-3.91388,-5075.53
13.5,5.86172,44756.6,8443.76,33405.1,4298.56,8.25875,-5040.13
13.6,5.89495,44919.8,6619.65,34568.1,4315.14,46.831,-5039.41
13.7,5.93087,44948.8,4067.82,34996.9,4316.7,78.7625,-5049.51
13.8,5.95517,45136.2,1734.77,35261.7,4310.01,77.8714,-5050.66
13.9,5.95348,44994.8,-284.096,36275.4,4307.66,63.7925,-5072.01
14.0,5.91844,44960.0,-2274.44,37602.1,4274.77,39.9463,-5117.67
14.1,5.88874,45000.6,-4016.01,37809.4,4255.99,-9.75825,-5167.83
14.2,5.87483,45048.3,-4005.73,36687.9,4254.65,-4.14725,-5206.02
14.3,5.87406,45065.2,-2640.46,34592.7,4248.92,58.6857,-5184.04
14.4,5.86853,45032.1,-1464.38,32611.1,4265.86,101.511,-5123.84
14.5,5.84734,44974.9,-1046.33,31793.9,4266.67,96.698,-5082.97
14.6,5.81655,44977.3,-1236.9,31866.2,4274.6,68.528,-5037.02
14.7,5.80526,45059.2,-364.96,31573.0,4273.91,28.6283,-5003.1
14.8,5.824,45125.2,-301.39,29977.2,4264.67,-1.73225,-4939.84
14.9,5.86315,45096.8,-1022.52,26960.5,4245.96,-5.39638,-4954.81
15.0,5.89423,45065.5,-3557.81,23522.9,4214.67,28.1639,-5021.79
15.1,5.90538,45089.9,-5072.82,20572.2,4194.69,62.072,-5116.17
15.2,5.91428,45096.8,-5300.23,18688.9,4189.68,72.5062,-5146.18
15.3,5.9354,45147.4,-5956.46,17868.8,4215.5,85.8189,-5122.54
15.4,5.96743,45164.3,-6541.95,16732.1,4238.5,73.7739,-5144.14
15.5,5.99109,45113.2,-6700.62,14765.0,4234.27,80.8859,-5140.45
15.6,5.98984,45029.3,-3954.97,12859.4,4234.28,114.86,-5086.25
15.7,5.96864,44868.0,-372.928,11699.0,4226.0,104.658,-4990.06
15.8,5.9624,44889.6,3477.78,12527.9,4231.05,56.7131,-5024.7
15.9,5.97448,44904.9,6820.27,15279.9,4235.56,-6.76538,-5131.73
16.0,5.98751,44836.8,10720.2,18796.4,4236.73,-28.5872,-5169.14
16.1,5.98594,44654.7,14461.3,22242.9,4228.75,-1.07025,-5116.27
16.2,5.95453,44451.3,16139.6,24742.0,4235.27,41.6539,-5103.24
16.3,5.92058,44453.8,16237.9,26382.1,4237.3,88.8389,-5167.22
16.4,5.90747,44612.1,15865.6,27605.3,4217.5,114.434,-5168.69
16.5,5.92324,44824.7,16662.5,29207.8,4215.98,122.308,-5107.47
16.6,5.95757,44924.5,17632.6,31377.1,4207.64,88.8938,-5077.88
16.7,5.98359,44805.1,16200.1,34142.1,4189.92,37.991,-5130.29
16.8,5.97956,44637.4,12760.0,36140.3,4190.07,-25.7878,-5219.5
16.9,5.97704,44650.1,9969.98,37287.0,4204.49,14.9325,-5294.31
17.0,5.99231,44747.1,7988.29,37842.7,4206.32,91.5198,-5259.85
17.1,6.01985,44755.2,7196.38,37983.8,4204.52,123.664,-5195.84
17.2,6.05721,44765.9,5200.75,38961.9,4220.89,154.743,-5142.01
17.3,6.06871,44542.6,2525.9,40569.4,4235.35,139.404,-5123.18
17.4,6.05178,44325.5,527.933,41590.9,4224.96,84.6631,-5106.35
17.5,6.03868,44235.9,-1936.05,41684.3,4218.5,50.1387,-5065.02
17.6,6.03256,44246.3,-4327.58,40578.6,4193.93,68.1882,-5106.3
17.7,6.04617,44320.8,-6904.1,38869.8,4181.08,117.688,-5196.91
17.8,6.0647,44246.4,-9642.56,37633.6,4201.92,127.755,-5215.79
17.9,6.05734,44041.5,-11349.4,37131.7,4184.78,132.893,-5170.58
18.0,6.03022,43898.2,-11620.4,36194.2,4158.32,118.34,-5155.53
18.1,6.0054,43927.6,-12328.4,34072.7,4139.24,113.565,-5096.65
18.2,6.00094,44090.5,-12494.1,30390.1,4117.41,123.377,-5022.69
18.3,6.02646,44195.4,-11234.6,26850.4,4117.97,169.538,-4993.52
18.4,6.05109,44133.1,-10135.8,24439.6,4140.75,161.37,-4979.99
18.5,6.05446,44106.2,-8043.14,23560.7,4096.39,132.047,-5019.1
18.6,6.04774,44029.0,-6864.31,23688.6,4052.23,99.2094,-5031.86
18.7,6.04563,44038.5,-5225.77,23455.0,4018.51,85.6592,-5041.49
18.8,6.07654,44071.1,-3114.96,21791.3,4000.53,82.6026,-5020.66
18.9,6.12388,44027.6,-773.381,19378.4,3961.01,105.08,-4945.62
19.0,6.14846,44088.8,895.066,17591.1,3932.27,139.464,-4900.69
19.1,6.14715,43823.1,2349.75,16845.5,3908.64,99.5648,-4942.05
19.2,6.1381,43705.2,3769.79,17940.5,3862.3,40.008,-4962.54
19.3,6.13279,43687.0,6699.86,19928.7,3822.02,14.5035,-4979.6
19.4,6.14789,43718.7,9996.31,22324.0,3787.33,49.956,-5002.61
19.5,6.1598,43627.6,10839.9,24569.1,3761.85,67.9413,-5004.54
19.6,6.15987,43497.2,11039.6,26696.9,3762.62,70.4013,-5068.71
19.7,6.15441,43377.8,10414.6,29150.6,3722.66,81.9583,-5059.52
19.8,6.15118,43353.9,10649.6,32068.5,3687.69,56.5419,-5020.02
19.9,6.1647,43413.3,11722.2,34734.4,3653.33,-19.0584,-5029.6
20.0,6.19454,43428.2,11127.2,37194.3,3630.22,-73.9196,-5052.2
20.1,6.20894,43284.3,8988.01,38865.6,3601.19,-93.8686,-5102.95
20.2,6.20116,43123.5,6732.84,39366.5,3551.36,-69.6693,-5174.82
20.3,6.18499,43061.5,4387.55,39025.2,3502.89,-17.4768,-5172.88
20.4,6.17247,43110.9,3068.41,37219.7,3434.4,18.3216,-5116.73
20.5,6.1896,43286.9,1194.33,34653.7,3385.1,88.33,-5046.67
20.6,6.2187,43306.1,-681.197,31705.5,3320.11,110.098,-5027.46
20.7,6.23375,43187.4,-3478.29,29965.9,3270.61,118.028,-5010.14
20.8,6.22625,43001.2,-6750.04,29367.5,3230.8,39.5774,-5016.34
20.9,6.20572,42930.0,-9213.36,29550.4,3205.17,-40.9226,-5101.3
21.0,6.19581,42993.5,-11299.7,28939.9,3188.27,-90.8382,-5160.67
21.1,6.20401,43096.9,-11754.1,27122.8,3181.01,-68.6298,-5187.86
21.2,6.21878,43102.1,-11911.8,24890.0,3140.32,25.9896,-5136.18
21.3,6.22432,42974.7,-11914.7,23373.4,3086.67,82.6478,-5076.3
21.4,6.21407,42839.1,-12228.2,22588.2,3053.78,34.9785,-4998.74
21.5,6.21283,42833.9,-12636.1,22273.5,3019.74,-34.2682,-4922.72
21.6,6.22303,42860.9,-12847.7,21221.9,2999.9,-85.1523,-4904.53
21.7,6.23463,42855.6,-13976.0,18636.4,2998.23,-90.2753,-4956.02
21.8,6.23832,42790.8,-14904.1,15674.4,2994.35,-41.5785,-5098.67
21.9,6.22024,42679.3,-16140.8,13766.5,2987.87,8.1365,-5192.01
22.0,6.19551,42703.0,-15265.4,12977.6,2985.69,-1.31625,-5254.73
22.1,6.1931,42852.7,-12431.9,13198.2,2950.87,-20.1805,-5238.4
22.2,6.20336,42958.9,-9473.49,13476.3,2905.02,-19.2768,-5128.91
22.3,6.21384,42973.5,-6799.79,13069.4,2872.01,-15.2834,-5024.73
22.4,6.21361,42899.3,-4580.86,12808.5,2824.93,-32.1123,-4962.23
22.5,6.19574,42823.8,-3379.93,14087.9,2777.16,-37.512,-4936.31
22.6,6.17582,42871.0,-2207.37,16823.7,2763.03,-87.5526,-4983.73
22.7,6.17635,43026.6,-590.619,20554.5,2763.67,-139.446,-5096.12
22.8,6.18714,43114.4,546.729,24145.6,2756.7,-132.688,-5175.9
22.9,6.19007,43079.9,326.217,26342.2,2748.99,-71.5852,-5207.31
23.0,6.17948,43004.8,-96.61,27221.7,2752.41,-7.244,-5247.46
23.1,6.16513,42997.1,-77.8478,27999.1,2749.89,29.0421,-5218.01
23.2,6.16861,43106.5,-72.4946,29839.2,2760.53,0.66875,-5091.67
23.3,6.18092,43181.3,-2096.8,32270.6,2766.14,-102.356,-4980.96
23.4,6.19217,43159.5,-4482.2,34195.0,2792.68,-183.463,-5070.46
23.5,6.17282,43023.5,-7048.65,33502.1,2781.68,-201.811,-5138.17
23.6,6.14034,43027.3,-6824.16,30465.9,2773.19,-88.3679,-5128.92
23.7,6.12136,43149.8,-6275.45,26361.0,2769.54,40.7765,-5076.92
23.8,6.12515,43360.9,-7522.81,23496.4,2778.67,131.8,-5097.96
23.9,6.14894,43459.3,-10633.1,22810.3,2800.85,125.417,-5150.05
24.0,6.15024,43343.0,-12779.4,23482.4,2818.41,43.2077,-5133.02
24.1,6.12143,43216.4,-12923.6,23224.9,2861.1,-53.93,-5040.53
24.2,6.08596,43231.9,-12258.7,20909.6,2918.84,-99.0495,-4973.78
24.3,6.06431,43411.0,-12773.3,17433.3,2977.34,-63.257,-4985.93
24.4,6.07128,43502.9,-13324.8,14611.3,3030.94,0.5445,-5041.11
24.5,6.09003,43470.3,-12999.1,13786.3,3034.5,11.3643,-5024.64
24.6,6.09035,43472.3,-11758.9,14288.0,3040.11,-9.47987,-4958.87
24.7,6.07747,43562.6,-11638.6,14159.0,3038.88,-2.73375,-4888.65
24.8,6.05892,43627.6,-12702.0,12539.8,3012.92,62.8224,-4897.62
24.9,6.05207,43750.5,-15340.6,9895.32,3002.26,129.285,-4901.86
25.0,6.05905,43869.4,-17160.7,7623.52,3014.59,107.105,-4935.97
25.1,6.06415,43901.8,-19234.0,6699.33,3063.07,30.0117,-4972.18
25.2,6.05525,43854.2,-20458.4,7112.41,3150.51,-17.2221,-5079.41
25.3,6.03192,43811.6,-19410.8,7419.04,3197.04,-47.3195,-5171.04
25.4,6.01151,43900.4,-16031.1,7126.51,3225.71,-23.4008,-5126.99
25.5,6.00841,44001.4,-11222.7,6318.99,3228.88,38.4088,-4984.24
25.6,6.01802,44048.2,-6698.7,6082.12,3219.73,106.964,-4898.54
25.7,6.02561,44090.1,-4589.0,7263.48,3225.88,133.273,-4841.71
25.8,6.01837,44136.9,-3719.13,10215.7,3259.47,89.8158,-4808.83
25.9,5.99367,44077.3,-2813.55,13825.5,3310.76,7.43575,-4831.98
26.0,5.96802,44147.2,-1882.79,16964.0,3334.03,-48.1866,-4916.92
26.1,5.95219,44210.2,-2482.11,19130.3,3346.18,-43.9464,-5013.67
26.2,5.95044,44215.4,-3247.6,20573.8,3328.09,-19.4692,-5121.85
26.3,5.95683,44186.5,-2828.48,21935.7,3324.8,-8.24775,-5186.99
26.4,5.96351,44139.2,-1253.06,24121.4,3313.6,-1.286,-5118.44
26.5,5.95624,44077.3,-677.187,26111.9,3317.8,-57.1435,-4955.35
26.6,5.94233,44097.4,-1242.15,26534.5,3337.87,-114.587,-4882.19
26.7,5.93731,44133.7,-2115.18,25042.7,3360.74,-102.916,-4901.19
26.8,5.93155,44129.2,-1563.09,21379.8,3381.15,-64.941,-4904.0
26.9,5.93036,44188.3,427.684,16933.2,3383.38,-10.3018,-4899.92
27.0,5.92855,44194.9,1695.4,13626.9,3388.91,43.1603,-4970.96
27.1,5.92495,44241.7,484.805,12541.7,3411.25,94.8865,-5101.69
27.2,5.9323,44324.4,19.2515,13614.1,3408.54,82.7321,-5217.39
27.3,5.93771,44386.8,777.596,15576.8,3409.21,12.8281,-5148.8
27.4,5.93239,44537.7,2233.44,16818.7,3418.13,-61.0848,-4998.1
27.5,5.91661,44742.9,1939.76,16342.1,3450.54,-123.913,-4925.75
27.6,5.89701,44903.3,579.481,14510.2,3500.4,-156.527,-4955.64
27.7,5.89398,45021.0,-202.4,12932.3,3546.04,-143.235,-4952.5
27.8,5.89906,45079.8,-153.493,12114.6,3548.83,-122.941,-4895.39
27.9,5.90496,45081.0,-637.53,11640.7,3556.62,-87.571,-4939.61
28.0,5.90625,45050.2,-1775.32,11007.3,3521.73,-3.5685,-5071.4
28.1,5.89325,45001.3,-2879.84,9755.11,3461.75,87.8744,-5099.39
28.2,5.881,45044.3,-1734.31,7833.52,3379.24,99.357,-5033.59
28.3,5.88447,45091.8,-1878.28,6546.28,3330.39,78.1448,-4932.74
28.4,5.89899,45113.8,-3306.21,6360.28,3347.05,1.5905,-4974.02
28.5,5.91153,45092.7,-6070.83,7308.64,3392.97,-100.22,-5041.34
28.6,5.91569,45060.3,-7185.3,9113.83,3483.17,-188.365,-5071.89
28.7,5.90681,45033.5,-7400.73,10623.7,3545.09,-204.548,-5029.69
28.8,5.90653,45089.3,-6820.56,11216.4,3604.52,-128.192,-5056.42
28.9,5.92327,45125.0,-7598.0,11304.3,3613.09,-4.0265,-5082.63
29.0,5.94327,45121.6,-7000.41,11792.6,3582.87,82.0587,-5069.44
29.1,5.95553,45082.2,-6744.43,13666.0,3537.39,99.066,-4972.03
29.2,5.947,44910.9,-6178.69,16938.0,3483.67,39.4055,-4968.24
29.3,5.91951,44824.4,-6630.59,20409.1,3453.06,-74.6048,-5046.93
29.4,5.89561,44872.5,-6996.62,22741.2,3409.08,-174.061,-5117.43
29.5,5.87936,44991.7,-5869.43,23180.5,3383.31,-214.264,-5135.64
29.6,5.87544,45076.6,-3742.52,21958.8,3367.9,-176.646,-5119.29
29.7,5.88021,45077.6,-1743.61,20587.9,3359.3,-91.2542,-5079.89
29.8,5.88141,45059.2,-169.598,20108.1,3362.47,-38.0918,-5006.55
29.9,5.88179,45068.3,1078.59,19977.8,3357.7,-47.2769,-4896.15
30.0,5.89005,45090.7,1767.44,19291.7,3359.24,-56.4997,-4811.46
30.1,5.89722,45084.1,934.765,17093.0,3377.24,-30.5951,-4814.39
30.2,5.90418,45087.7,-1555.7,13578.3,3425.68,1.20975,-4913.09
30.3,5.90839,45070.6,-4652.48,10493.6,3471.69,17.2289,-5038.19
30.4,5.90788,45067.7,-7202.39,9082.27,3503.22,-0.387688,-5120.57
30.5,5.91788,45115.9,-8442.54,9551.13,3508.19,-17.0179,-5157.9
30.6,5.9411,45143.5,-8143.29,11297.5,3517.84,-26.1565,-5146.46
30.7,5.96035,45101.3,-6720.61,12802.4,3508.65,-54.1033,-5038.77
30.8,5.96377,44947.8,-5242.75,12936.3,3494.34,-82.88,-4877.08
30.9,5.95101,44819.2,-4329.5,12563.6,3498.39,-48.1338,-4774.31
31.0,5.92418,44770.0,-5043.52,12204.0,3544.68,-18.6009,-4769.79
31.1,5.90336,44857.4,-6037.53,12796.5,3574.22,-9.244,-4854.46
31.2,5.89032,44940.2,-6405.37,13951.1,3595.89,-39.1026,-4974.72
31.3,5.86883,44976.8,-6403.27,13893.0,3615.93,-46.0628,-5066.9
31.4,5.85223,45026.1,-6049.74,11864.2,3582.72,16.9025,-5120.52
31.5,5.83762,45021.5,-4981.87,8711.74,3527.54,101.12,-5133.19
31.6,5.83707,45083.3,-4327.52,5954.05,3466.41,116.622,-5024.28
31.7,5.85937,45112.3,-4513.4,5370.52,3428.08,61.3517,-4885.59
31.8,5.88282,45056.9,-5040.24,6471.49,3417.5,-50.7225,-4851.57
31.9,5.89443,45101.1,-5804.29,7221.37,3467.44,-140.254,-4869.94
32.0,5.89918,45068.0,-6174.58,6454.56,3556.14,-113.13,-4888.46
32.1,5.89614,45056.2,-6744.42,4344.58,3644.37,19.585,-4937.91
32.2,5.90241,45112.2,-7418.39,2029.63,3711.56,145.987,-5020.69
32.3,5.92763,45155.4,-7737.97,1562.95,3739.73,211.285,-5058.17
32.4,5.94747,45112.2,-6340.53,3255.47,3721.03,184.617,-5023.44
32.5,5.95581,45077.9,-5347.71,6148.19,3680.41,101.207,-4948.61
32.6,5.94519,44970.2,-5553.15,8787.62,3621.73,-15.8065,-4945.46
32.7,5.91407,44866.1,-7356.59,10399.8,3570.35,-86.7729,-4981.09
32.8,5.88153,44920.1,-8622.18,11161.0,3540.51,-95.4805,-5005.29
32.9,5.86064,45033.9,-8671.16,12207.7,3533.19,-63.2912,-5003.13
33.0,5.84628,45022.5,-8412.18,13562.5,3515.86,-40.9102,-4992.96
33.1,5.83286,45019.1,-8172.21,14330.0,3503.05,-22.8614,-5009.7
33.2,5.81556,45000.3,-6983.82,13548.0,3444.35,24.5833,-4993.6
33.3,5.79964,45029.5,-5049.1,11194.6,3420.35,99.1573,-4910.9
33.4,5.80433,45051.5,-4016.99,8509.08,3403.88,130.643,-4843.74
33.5,5.82655,45003.4,-4892.69,6965.1,3434.75,75.5602,-4916.21
33.6,5.8517,44961.2,-6880.06,6914.69,3485.09,-1.4495,-5048.71
33.7,5.86617,44970.3,-8327.54,7409.34,3541.13,-48.0322,-5112.83
33.8,5.87095,45076.5,-7988.4,7698.07,3583.66,-29.1597,-5113.4
33.9,5.88331,45117.0,-7930.2,7950.28,3605.09,38.067,-5073.75
34.0,5.90777,45149.8,-8507.37,8726.8,3600.95,61.539,-5033.02
34.1,5.93166,45126.5,-8732.76,9754.16,3558.09,16.5818,-4969.28
34.2,5.9426,45076.7,-7296.77,10550.6,3504.43,-47.4775,-4886.82
34.3,5.92966,45004.0,-5673.56,11087.6,3472.1,-60.872,-4829.21
34.4,5.89666,44956.7,-5676.8,11278.1,3483.93,-51.4695,-4885.24
34.5,5.86551,44985.2,-6803.74,11677.0,3548.43,-51.132,-5055.83
34.6,5.83704,44982.2,-7014.27,12021.8,3582.29,-70.2767,-5180.26
34.7,5.80965,44984.5,-4763.8,11522.3,3594.77,-75.8613,-5181.26
34.8,5.78182,44982.1,-1398.96,9235.41,3569.65,-59.5226,-5095.1
34.9,5.76333,45020.8,-230.798,6193.94,3535.06,16.1815,-4995.68
35.0,5.76041,45002.6,-147.996,3408.1,3503.29,44.1611,-4946.54
35.1,5.78211,44917.6,-1993.14,2563.57,3530.96,9.35787,-4851.51
35.2,5.81415,44780.3,-4182.39,3495.17,3553.62,-81.8245,-4811.31
35.3,5.83737,44714.2,-7458.05,4743.3,3577.81,-145.208,-4895.71
35.4,5.8445,44774.1,-10422.5,4605.85,3620.49,-139.082,-5072.35
35.5,5.84863,44955.3,-11437.9,2911.23,3659.25,-54.6904,-5181.97
35.6,5.86767,45178.1,-9865.89,1612.95,3673.64,81.292,-5187.42
35.7,5.90365,45177.1,-8687.28,2392.12,3704.73,132.689,-5133.64
35.8,5.93588,45136.5,-7194.32,5374.92,3708.81,34.4076,-5121.32
35.9,5.9442,45060.3,-4984.28,9494.92,3683.95,-92.4304,-5049.78
36.0,5.92197,44966.9,-1658.23,12302.2,3661.15,-196.005,-4901.25
36.1,5.88509,44966.2,1181.02,12600.8,3641.75,-226.286,-4811.12
36.2,5.86114,45019.1,996.773,11909.0,3659.37,-161.087,-4854.08
36.3,5.84676,45025.5,-1515.78,12164.7,3689.22,-82.9615,-4972.04
36.4,5.82759,45001.8,-3931.34,13201.2,3683.74,-72.1803,-5066.58
36.5,5.80675,44994.1,-4734.82,14717.1,3636.63,-42.6828,-5109.88
36.6,5.77613,44962.9,-4798.03,14957.1,3573.67,-18.7537,-5099.57
36.7,5.75724,45043.2,-6578.44,13057.6,3535.89,-2.314,-5056.36
36.8,5.77092,45115.3,-9649.54,9775.08,3553.2,-28.585,-5048.1
36.9,5.7981,45077.6,-12225.6,6968.73,3594.0,-42.4605,-5059.1
37.0,5.82702,45069.6,-12012.2,5317.53,3648.14,-68.5557,-5044.52
37.1,5.84924,45093.3,-10150.5,5121.28,3703.95,-104.136,-4990.47
37.2,5.85939,45096.9,-7661.33,5618.51,3742.39,-84.103,-4994.45
37.3,5.8786,45138.6,-6520.4,5882.16,3761.76,0.0515,-4999.13
37.4,5.90425,45138.0,-5522.9,5915.91,3742.56,92.9581,-4978.29
37.5,5.92589,45121.9,-4891.07,7219.84,3712.57,182.499,-4910.96
37.6,5.92713,45034.2,-5586.58,10332.3,3661.11,145.792,-4852.62
37.7,5.90342,44980.6,-7885.24,14640.3,3668.17,-11.4718,-4919.44
37.8,5.86886,44974.2,-10045.8,18100.6,3681.1,-159.798,-5044.51
37.9,5.83893,44984.2,-10059.0,19270.2,3687.51,-196.465,-5120.55
38.0,5.81095,44994.4,-9084.34,17514.3,3708.58,-172.249,-5100.3
38.1,5.79744,45043.2,-8044.47,14424.6,3746.56,-90.7399,-5098.55
38.2,5.78708,45015.6,-7528.23,11587.7,3760.45,-6.14253,-5090.33
38.3,5.77016,45013.5,-5685.26,9289.83,3745.99,56.1003,-5001.58
38.4,5.76356,45061.3,-2683.94,6981.81,3740.35,85.766,-4837.98
38.5,5.77069,45080.7,-1566.75,5077.17,3746.37,128.036,-4727.7
38.6,5.77507,45068.5,-2013.07,3048.23,3773.31,117.677,-4837.81
38.7,5.78312,45083.3,-3324.62,1422.65,3817.95,73.7923,-4991.18
38.8,5.78618,45065.5,-3066.13,1161.08,3832.6,50.5597,-5070.27
38.9,5.79261,45104.5,-1902.99,2311.76,3851.74,26.8377,-5082.59
39.0,5.82267,45180.4,-1487.83,4790.62,3891.71,-8.0795,-5123.26
39.1,5.86273,45177.3,-1781.16,8078.71,3918.3,-34.5807,-5143.98
39.2,5.88628,45103.5,-751.804,10838.7,3901.19,-33.5425,-5062.9
39.3,5.88475,45033.4,1188.97,12434.5,3858.0,-20.5758,-4878.73
39.4,5.86145,44984.4,1694.27,12881.8,3811.29,-17.323,-4757.38
39.5,5.83851,45023.2,488.98,12788.4,3799.03,-8.53525,-4830.71
39.6,5.82863,45059.0,-85.8622,13379.9,3789.82,20.1558,-4971.15
39.7,5.81579,45011.0,-1114.34,14620.1,3773.76,24.238,-4993.95
39.8,5.788,44973.3,-1790.7,15834.8,3764.93,9.84225,-5055.02
39.9,5.75421,44950.8,-4353.58,16158.3,3738.54,-3.01075,-5166.03
40.0,5.72305,44989.0,-6880.89,15157.7,3715.05,4.87063,-5209.84
40.1,5.72307,45109.3,-7727.65,13276.2,3689.85,22.4089,-5112.36
40.2,5.75307,45138.0,-7503.7,11745.5,3691.94,3.13275,-4969.8
40.3,5.77855,45056.2,-8047.3,10934.8,3708.14,-41.4095,-4931.83
40.4,5.78776,45049.9,-9068.34,10233.1,3758.56,-78.5032,-4993.3
40.5,5.78491,45043.2,-8476.16,9587.05,3802.67,-37.5423,-5044.97
40.6,5.78552,45093.3,-5848.52,8767.15,3821.57,43.0267,-5043.52
40.7,5.81031,45169.7,-4504.15,8525.08,3828.39,108.815,-5024.9
40.8,5.84413,45156.1,-5280.3,9732.23,3820.52,125.106,-5084.14
40.9,5.8595,45083.6,-6485.27,11801.8,3800.42,70.0684,-5129.18
41.0,5.85663,45040.9,-6408.6,14334.2,3780.95,-2.15319,-5067.86
41.1,5.8406,45007.2,-6813.56,16666.4,3793.65,-84.1474,-4968.25
41.2,5.82356,45037.7,-8678.35,18363.0,3812.36,-148.026,-5004.32
41.3,5.81459,45047.6,-11569.2,19188.0,3835.11,-189.192,-5129.49
41.4,5.79875,45006.2,-12233.3,19027.0,3849.32,-184.361,-5191.65
41.5,5.77272,44988.8,-10205.8,17847.7,3842.5,-113.441,-5130.18
41.6,5.74681,44986.5,-8357.22,15853.1,3819.27,-29.3145,-5045.76
41.7,5.72843,45029.4,-8433.7,13130.4,3813.84,17.896,-5039.52
41.8,5.73748,45123.5,-9253.15,10188.7,3836.37,58.2393,-5059.46
41.9,5.76433,45127.7,-7663.69,7696.77,3837.37,55.0228,-5027.72
42.0,5.77739,45068.7,-5330.44,5937.27,3836.58,7.64825,-4946.18
42.1,5.77739,45042.8,-4260.81,5117.54,3862.09,-66.9515,-4968.83
42.2,5.76637,45020.9,-4290.04,4925.92,3886.4,-128.62,-5111.46
42.3,5.76499,45092.6,-3201.2,4739.52,3890.75,-148.266,-5159.94
42.4,5.79128,45179.0,-463.806,4616.29,3889.46,-117.935,-5051.93
42.5,5.82754,45161.8,2358.49,5113.89,3884.28,-75.538,-4936.73
42.6,5.84649,45095.4,1511.55,6379.35,3864.38,-50.8526,-4888.12
42.7,5.8436,45029.6,-456.494,8372.22,3850.12,-57.8742,-4910.31
42.8,5.82521,45007.0,-2288.81,10489.5,3842.3,-86.6464,-4875.01
42.9,5.81441,45064.3,-2686.99,12033.8,3848.28,-118.066,-4867.83
43.0,5.81478,45077.4,-4257.9,12849.4,3873.74,-136.894,-4962.08
43.1,5.81207,45047.1,-6796.36,13204.2,3898.22,-139.416,-5144.75
43.2,5.79195,44983.8,-7752.4,12862.5,3885.03,-148.001,-5259.37
43.3,5.76241,44972.6,-6900.87,12229.9,3861.32,-123.835,-5181.27
43.4,5.74003,45017.3,-5861.98,11418.1,3832.32,-74.6162,-5054.39
43.5,5.74341,45100.8,-5891.71,10628.7,3804.68,-39.4707,-5009.41
43.6,5.76819,45139.1,-6097.93,10717.5,3812.63,-20.7322,-4985.69
43.7,5.78404,45075.4,-3898.97,11627.8,3825.56,-39.14,-4908.22
43.8,5.77666,45013.7,-1156.96,12686.1,3857.41,-68.0052,-4831.52
43.9,5.76103,45014.5,-154.025,13513.0,3893.31,-69.2809,-4898.12
44.0,5.7568,45080.0,-1504.98,13653.2,3948.9,-59.8296,-5084.11
44.1,5.78291,45137.1,-2445.2,13582.9,3992.5,-23.7803,-5201.46
44.2,5.82243,45081.7,-3546.34,13565.7,4010.79,-17.3425,-5113.16
44.3,5.84028,45098.9,-4987.27,13615.7,4017.1,-25.9778,-5040.79
44.4,5.84098,45043.5,-7840.29,13584.6,4020.38,-29.8255,-5053.97
44.5,5.82824,45019.0,-9739.34,13322.7,4000.71,-46.8535,-5047.97
44.6,5.82159,45078.7,-9510.21,12977.9,4010.63,-34.7923,-4963.38
44.7,5.82658,45081.9,-9456.84,12820.5,4009.62,-18.972,-4895.34
44.8,5.81773,45017.4,-11084.0,13120.8,4029.4,3.272,-4990.97
44.9,5.78941,44970.5,-13303.8,13205.6,4049.78,22.257,-5141.76
45.0,5.75493,44955.4,-13235.9,13442.1,4041.35,71.7745,-5168.97
45.1,5.72022,44969.8,-11673.0,13265.8,4010.74,80.511,-5061.64
45.2,5.71119,45079.4,-11757.6,12738.2,3993.88,65.1087,-5025.58
45.3,5.72947,45032.8,-12904.0,12056.1,4004.77,32.7393,-5118.27
45.4,5.74773,44893.0,-13050.9,11655.3,4011.1,14.3541,-5144.68
45.5,5.75227,44762.0,-10792.3,11039.7,4028.65,-30.4182,-5053.28
45.6,5.74687,44675.1,-8042.16,10585.0,4067.18,-41.3454,-5017.35
45.7,5.74642,44590.2,-6733.63,10049.1,4096.43,4.12362,-5082.71
45.8,5.76588,44524.8,-5750.27,9096.82,4109.5,64.3795,-5134.19
45.9,5.80704,44461.7,-2117.91,8408.95,4099.98,137.086,-5089.78
46.0,5.84488,44431.3,2298.94,8870.27,4073.15,196.194,-4965.48
46.1,5.85594,44522.3,3593.26,10214.4,4051.8,165.697,-4892.45
46.2,5.84422,44765.3,1768.8,12149.6,4014.61,92.1247,-4955.28
46.3,5.82656,45064.2,-443.092,14176.7,4020.97,24.5114,-5043.18
46.4,5.81376,45029.1,-2600.09,14907.8,4019.81,-45.6559,-4997.1
46.5,5.81076,45066.2,-4227.0,14754.3,4036.55,-61.798,-4996.88
46.6,5.79614,45001.8,-6637.85,13892.9,4021.43,-31.3651,-5102.25
46.7,5.76521,44954.3,-9101.5,12695.2,4009.99,29.0578,-5176.21
46.8,5.73709,44994.2,-9073.7,12020.3,4016.92,112.532,-5148.1
46.9,5.72459,45016.9,-7533.73,12212.3,4001.73,173.915,-5047.94
47.0,5.72627,44950.4,-6674.67,12956.0,3998.78,187.436,-4995.4
47.1,5.73348,44812.5,-5640.92,14100.1,3978.98,162.135,-5026.13
47.2,5.73296,44653.9,-4244.1,15996.7,3983.93,125.947,-5014.0
47.3,5.73054,44507.5,-2112.22,18145.9,3997.85,46.9033,-4963.03
47.4,5.74299,44324.2,-1823.75,20241.8,3995.39,-27.8125,-4968.22
47.5,5.76934,44092.7,-3354.18,21357.9,4018.05,-67.0423,-5083.46
47.6,5.8043,43931.8,-4390.17,20863.1,4031.75,-49.56,-5167.34
47.7,5.84074,43837.0,-4459.86,19400.3,4029.55,23.2954,-5072.05
47.8,5.85833,43843.6,-4864.84,18400.3,4053.84,116.118,-4950.27
47.9,5.85609,43995.1,-7797.63,17904.7,4065.21,137.133,-4965.79
48.0,5.84692,44238.1,-11337.4,18180.3,4076.2,123.45,-5065.4
48.1,5.83398,44490.5,-12759.6,19043.1,4100.97,126.073,-5090.38
48.2,5.8124,44711.8,-11364.8,19487.0,4091.9,94.6209,-5037.45
48.3,5.78586,44912.4,-9972.51,19928.2,4092.05,68.0665,-5067.13
48.4,5.74996,44966.1,-10803.9,20442.2,4106.06,31.7983,-5168.67
48.5,5.71947,44986.5,-11636.7,21199.0,4103.25,14.9407,-5207.57
48.6,5.71102,44897.7,-11658.9,22227.1,4095.0,4.30188,-5100.79
48.7,5.7159,44677.9,-11295.4,23464.6,4083.22,11.3443,-4973.32
48.8,5.72809,44410.2,-12727.0,24225.5,4080.04,12.8667,-4958.96
48.9,5.73755,44141.0,-15348.1,24046.7,4114.75,14.6674,-5012.88
49.0,5.74546,43894.3,-16339.3,22633.7,4154.21,25.5735,-5043.49
49.1,5.75855,43680.1,-15486.6,20070.9,4179.47,48.593,-5046.31
49.2,5.78422,43489.1,-14284.7,17241.7,4203.73,83.1625,-5064.48
49.3,5.81929,43337.3,-13945.7,15366.6,4228.48,114.909,-5142.99
49.4,5.85502,43255.0,-13275.8,14960.4,4243.95,106.96,-5147.47
49.5,5.88373,43267.0,-13002.3,15512.4,4261.97,40.8527,-5020.51
49.6,5.89172,43382.2,-11590.7,15230.3,4257.78,-35.5578,-4928.14
49.7,5.89006,43650.0,-11117.6,13626.0,4253.88,-21.3405,-4895.37
49.8,5.87501,43903.1,-11475.0,11296.4,4241.87,28.0205,-4881.08
49.9,5.85181,44215.9,-13168.8,10127.4,4236.2,71.5125,-4878.34
50.0,5.83135,44486.6,-15600.1,10991.0,4241.8,61.5433,-4943.91
50.1,5.80363,44633.1,-17265.3,12640.0,4212.59,38.1297,-5067.43
50.2,5.77534,44758.9,-17715.6,13435.6,4216.64,60.8442,-5122.85
50.3,5.75424,44767.8,-16749.0,13153.5,4230.12,119.798,-5090.55
50.4,5.73781,44675.4,-15974.5,12522.0,4216.71,133.305,-5038.52
50.5,5.74173,44555.8,-15793.1,12521.9,4207.83,67.27,-5002.39
50.6,5.76937,44332.1,-15082.4,13404.3,4239.97,-20.3323,-4964.29
50.7,5.80671,44060.4,-12722.9,14205.2,4249.57,-56.5977,-4916.35
50.8,5.84338,43851.2,-8823.63,14491.5,4252.25,-20.5471,-4917.85
50.9,5.87106,43712.0,-6718.51,14690.7,4253.34,55.8296,-4933.27
51.0,5.89074,43732.6,-6409.16,15746.1,4245.94,135.988,-5004.79
51.1,5.91656,43862.8,-7790.96,18068.3,4264.62,172.25,-5043.39
51.2,5.93794,44032.9,-9065.65,20731.3,4278.97,153.179,-5021.72
51.3,5.94433,44286.8,-10270.1,22039.8,4270.43,100.745,-4964.74
51.4,5.9308,44608.2,-11293.4,21707.3,4229.23,78.4305,-4937.09
51.5,5.90477,44957.3,-14078.2,20686.8,4248.48,79.2213,-4943.05
51.6,5.8864,45021.7,-16714.4,20292.4,4270.85,49.754,-5006.04
51.7,5.87251,45027.0,-17789.2,21321.8,4284.81,7.188,-5084.5
51.8,5.84812,44975.5,-17790.3,22420.7,4272.85,5.05275,-5075.23
51.9,5.81347,44951.5,-15994.3,21976.1,4249.1,67.4277,-5062.7
52.0,5.77822,44969.8,-15805.2,20210.4,4224.32,202.768,-5008.11
52.1,5.76386,44925.1,-16264.1,18493.7,4218.91,311.117,-4972.81
52.2,5.78176,44748.9,-16478.1,18465.7,4208.04,295.539,-4941.39
52.3,5.81543,44457.3,-16164.4,20064.4,4207.78,163.435,-4892.64
52.4,5.84682,44204.8,-16073.7,22282.3,4211.69,55.2812,-4893.82
52.5,5.86556,44014.8,-16935.0,22902.0,4249.45,-14.6368,-4998.27
52.6,5.88257,43935.6,-17831.1,21271.1,4293.32,1.83375,-5132.23
52.7,5.91986,43912.1,-18069.2,19140.2,4335.24,105.661,-5172.38
52.8,5.9607,43866.9,-17904.1,17772.4,4351.06,186.2,-5100.04
52.9,5.99359,43964.1,-18014.9,17675.8,4357.36,219.627,-5042.02
53.0,6.00187,44133.2,-19501.1,17854.7,4361.15,204.587,-4986.0
53.1,5.97169,44445.2,-19638.3,16920.2,4360.23,199.016,-4937.54
53.2,5.93501,44866.7,-18894.6,14483.7,4349.81,190.546,-4870.27
53.3,5.90808,44934.4,-18352.5,12501.1,4332.27,195.611,-4882.51
53.4,5.88762,45008.5,-19822.9,12313.9,4322.89,157.815,-4997.98
53.5,5.87043,45018.6,-20493.4,13834.1,4309.06,84.6641,-5171.31
53.6,5.84732,44975.7,-19373.6,15801.6,4302.92,44.0307,-5196.65
53.7,5.81776,44955.1,-16757.4,15990.0,4297.3,61.6475,-5096.41
53.8,5.8092,44894.8,-15493.7,13757.4,4269.47,129.538,-4994.05
53.9,5.83069,44715.9,-15244.2,10297.8,4259.21,180.055,-4949.77
54.0,5.87072,44510.6,-14218.9,7354.58,4269.38,173.967,-4887.05
54.1,5.91224,44341.3,-11861.9,5856.52,4283.73,116.87,-4801.27
54.2,5.94031,44234.7,-9539.25,6252.45,4290.1,73.2483,-4846.03
54.3,5.95151,44249.2,-8464.78,7370.16,4304.77,44.0438,-5012.04
54.4,5.97033,44387.5,-8402.13,8353.83,4319.01,55.592,-5119.82
54.5,6.00245,44519.4,-8452.43,9775.69,4328.17,117.691,-5106.81
54.6,6.02264,44665.9,-8921.14,11038.8,4306.05,124.64,-5056.53
54.7,6.02877,44939.7,-9939.9,12461.3,4275.0,96.3232,-5035.69
54.8,6.01812,44697.7,-11021.1,14249.5,4243.32,40.8133,-4986.23
54.9,5.98312,44584.2,-11043.9,15128.6,4234.0,-50.624,-4899.32
55.0,5.96186,44606.6,-10683.1,14535.3,4232.98,-104.449,-4877.34
55.1,5.94403,44610.4,-10620.9,13521.1,4235.56,-50.3078,-4987.37
55.2,5.91858,44616.3,-11593.7,12229.7,4241.88,33.0897,-5103.46
55.3,5.89893,44648.6,-10840.6,11525.4,4231.66,86.388,-5175.55
55.4,5.87991,44666.8,-8038.63,11763.2,4211.08,125.693,-5148.24
55.5,5.87165,44721.3,-6066.06,12121.2,4189.51,161.263,-5041.21
55.6,5.89248,44682.6,-5768.08,12138.8,4180.37,152.45,-5002.0
55.7,5.92947,44547.9,-6908.91,12883.2,4179.45,134.948,-5026.85
55.8,5.96818,44454.6,-7621.72,15026.1,4206.5,73.9827,-5043.73
55.9,5.9927,44419.1,-7718.95,18347.0,4264.09,-58.1762,-5026.02
56.0,6.00341,44465.4,-8872.93,21692.7,4337.67,-142.849,-5046.17
56.1,6.01169,44575.4,-11292.1,23164.4,4417.97,-112.914,-5150.97
56.2,6.03182,44720.0,-13741.0,22925.2,4469.58,38.9147,-5195.05
56.3,6.05466,44771.3,-14209.3,22163.6,4480.73,160.126,-5128.39
56.4,6.06866,44604.8,-13634.0,22275.1,4466.11,182.62,-5004.95
56.5,6.06304,44385.0,-13509.9,23487.1,4420.33,123.238,-4949.11
56.6,6.03622,44213.5,-13482.6,24346.3,4371.51,22.3231,-4987.81
56.7,6.00485,44191.1,-13421.3,23912.9,4375.97,-20.8283,-5039.37
56.8,5.98577,44248.7,-12761.7,22204.6,4387.34,-17.8172,-5077.12
56.9,5.97475,44327.2,-12015.5,20326.1,4436.5,7.6595,-5133.95
57.0,5.96845,44350.5,-11942.6,18949.3,4464.96,20.2385,-5148.0
57.1,5.96096,44318.6,-12603.0,18097.9,4477.91,32.0425,-5086.49
57.2,5.95092,44322.0,-12150.9,16511.1,4453.79,52.3392,-5005.0
57.3,5.96209,44441.0,-9864.1,14082.5,4436.98,96.706,-4935.52
57.4,5.99631,44459.1,-8301.64,11745.7,4447.18,128.801,-4844.87
57.5,6.03189,44456.1,-7938.59,10266.4,4458.97,112.541,-4856.43
57.6,6.05667,44477.6,-8469.14,10352.9,4461.85,69.0472,-4996.94
57.7,6.0585,44311.7,-9139.77,11486.9,4458.11,31.0002,-5111.75
57.8,6.05955,44310.0,-7689.74,12693.1,4450.08,25.4945,-5156.37
57.9,6.0795,44372.6,-6325.65,12981.5,4395.6,26.3865,-5094.7
58.0,6.10651,44367.5,-5008.15,12461.2,4374.03,59.5716,-5036.02
58.1,6.12975,44239.3,-4431.95,11721.3,4370.55,113.815,-4960.21
58.2,6.13083,43990.0,-4188.45,11036.1,4362.78,82.5107,-4853.38
58.3,6.10705,43798.6,-3076.62,10760.5,4338.4,37.7284,-4798.55
58.4,6.08476,43746.0,-2419.04,11092.2,4358.6,36.3522,-4848.62
58.5,6.06721,43771.5,-2819.95,11801.8,4423.47,64.4746,-4979.35
58.6,6.05308,43804.8,-3952.8,12139.9,4466.4,72.774,-5123.75
58.7,6.03532,43782.8,-3843.08,12162.3,4436.85,111.004,-5219.04
58.8,6.018,43806.4,-2020.71,12272.4,4413.67,181.476,-5225.29
58.9,6.01782,43912.0,1345.38,12614.2,4368.79,192.31,-5149.32
59.0,6.04292,44023.2,3992.05,14128.9,4319.65,135.412,-5038.72
59.1,6.07597,44040.1,5811.43,17182.3,4291.08,65.4737,-4988.96
59.2,6.10099,43983.4,6086.75,20158.8,4303.74,-22.7366,-4965.86
59.3,6.11938,43926.6,5250.97,22502.1,4360.88,-35.8334,-4961.98
59.4,6.12888,43840.0,3429.46,23701.3,4424.32,24.2009,-5009.93
59.5,6.13192,43819.8,-116.897,24190.9,4486.46,137.053,-5082.36
59.6,6.14312,43825.8,-3279.73,24985.5,4514.41,225.418,-5164.14
59.7,6.15323,43775.9,-4509.48,26556.3,4506.04,240.666,-5190.58
59.8,6.15677,43689.2,-5119.39,27637.7,4479.03,170.192,-5124.41
59.9,6.15968,43600.3,-5357.06,27469.1,4465.01,86.1355,-5102.45
60.0,6.15338,43501.1,-6187.52,25791.9,4456.58,54.6367,-5150.67
60.1,6.14954,43464.7,-6477.81,24064.7,4474.39,71.7065,-5170.1
60.2,6.14688,43426.2,-6753.64,23948.7,4519.4,81.654,-5116.59
60.3,6.13673,43370.2,-7766.81,24894.8,4534.55,40.969,-5072.03
60.4,6.12349,43339.2,-8808.15,24634.7,4539.82,0.925375,-5079.92
60.5,6.11271,43339.0,-8373.32,21433.2,4527.48,66.6759,-5062.75
60.6,6.11303,43392.8,-5939.93,16177.7,4482.15,200.657,-4971.08
60.7,6.12421,43440.3,-4505.52,11682.5,4405.74,264.966,-4897.6
60.8,6.141,43455.4,-4449.65,10535.7,4356.06,196.895,-5000.57
60.9,6.16214,43451.3,-4981.12,13075.1,4364.56,79.3011,-5145.54
61.0,6.17904,43413.8,-4896.59,16734.2,4398.29,-32.2544,-5183.99
61.1,6.18978,43376.8,-2871.74,18990.2,4420.09,-73.2095,-5191.41
61.2,6.19064,43330.1,-1542.8,18285.5,4425.07,-49.536,-5150.0
61.3,6.19431,43355.8,-1674.95,15782.3,4447.07,42.6024,-5056.91
61.4,6.2104,43386.7,-1319.55,13114.3,4449.38,95.4516,-4969.97
61.5,6.23654,43365.1,145.886,12002.0,4440.19,87.4255,-4900.75
61.6,6.26116,43227.1,1262.13,12605.3,4428.59,25.5456,-4835.08
61.7,6.26117,42979.6,1428.86,13223.9,4412.57,-51.9496,-4899.68
61.8,6.2476,42821.8,1072.72,12741.6,4430.91,-62.2854,-5084.2
61.9,6.23381,42764.7,2242.49,11275.2,4437.87,-17.08,-5249.25
62.0,6.22651,42798.1,3895.43,10198.4,4456.64,60.2197,-5259.55
62.1,6.23632,42857.3,5964.63,10740.6,4496.8,92.0583,-5227.06
62.2,6.24908,42811.8,6626.62,13062.2,4499.22,65.4303,-5180.56
62.3,6.25019,42702.6,7411.35,15902.6,4491.25,8.66725,-5082.35
62.4,6.24716,42636.5,8418.79,18444.4,4474.85,-34.39,-4904.24
62.5,6.24814,42646.0,7795.17,20407.5,4467.2,-58.6193,-4770.02
62.6,6.26223,42719.3,3815.91,22208.0,4455.28,-90.9372,-4822.07
62.7,6.28346,42732.9,-2434.6,24094.1,4480.45,-125.514,-5029.69
62.8,6.29,42646.3,-7702.77,25397.1,4479.31,-118.422,-5209.74
62.9,6.27893,42547.2,-9942.94,25178.4,4464.46,-54.0151,-5297.88
63.0,6.26771,42558.2,-11349.9,23548.0,4454.6,54.2158,-5298.08
63.1,6.27874,42676.1,-11714.7,21454.1,4455.9,120.959,-5283.53
63.2,6.30574,42716.7,-11484.6,19896.0,4417.29,110.179,-5179.16
63.3,6.33029,42629.9,-10221.6,19172.8,4396.99,16.7384,-4996.87
63.4,6.34038,42459.0,-8359.33,18295.4,4423.17,-80.3864,-4880.06
63.5,6.34003,42305.1,-8184.66,16365.1,4439.74,-119.424,-4860.23
63.6,6.33602,42236.0,-7822.63,13599.7,4440.99,-89.0458,-4970.08
63.7,6.34017,42226.8,-6686.78,10711.9,4423.08,-20.3109,-5051.14
63.8,6.35866,42233.5,-4169.04,9117.55,4400.44,41.7188,-5077.81
63.9,6.37283,42140.7,-2227.78,8720.85,4369.65,75.9935,-5094.56
64.0,6.38463,42022.6,-1245.38,9453.72,4330.32,103.992,-5149.05
64.1,6.38315,41877.7,-431.842,10489.3,4304.79,72.4905,-5164.69
64.2,6.37346,41818.6,1871.79,11333.0,4271.62,-4.26675,-5086.86
64.3,6.36929,41838.8,5319.29,12438.4,4250.84,-57.7165,-4994.91
64.4,6.363,41863.9,6631.31,13500.0,4281.15,-126.363,-4946.92
64.5,6.36142,41920.3,6836.19,14161.0,4321.56,-170.607,-5009.74
64.6,6.36526,41943.6,6520.63,14596.6,4348.0,-139.996,-5053.1
64.7,6.36082,41925.6,7870.56,14149.5,4332.59,-64.804,-5029.29
64.8,6.36757,41972.8,9041.85,12650.9,4316.97,10.91,-4994.19
64.9,6.38658,41995.9,8206.89,11305.6,4255.57,89.8067,-5015.53
65.0,6.40054,41940.7,7495.52,9913.69,4210.24,92.763,-5135.04
65.1,6.41935,41914.4,8210.96,9328.73,4206.72,92.4488,-5176.58
65.2,6.43345,41790.0,9418.82,10261.7,4203.46,89.6111,-5115.2
65.3,6.42844,41666.7,8803.29,12113.0,4245.16,43.0039,-5129.72
65.4,6.42646,41633.5,6473.93,13780.5,4283.68,-40.8385,-5219.89
65.5,6.43325,41629.7,5740.65,15336.9,4289.19,-36.9321,-5208.05
65.6,6.44459,41616.2,6192.25,16072.6,4293.27,11.2815,-5024.92
65.7,6.46383,41585.0,6539.47,16617.0,4273.18,25.1946,-4933.28
65.8,6.4815,41488.9,2820.53,18988.8,4280.0,71.4201,-5019.55
65.9,6.47876,41315.6,-2114.55,22264.0,4279.54,61.5476,-5180.05
66.0,6.46289,41241.6,-4659.13,24917.0,4280.84,19.2311,-5274.45
66.1,6.44489,41232.3,-4741.44,26158.1,4264.73,51.5586,-5273.19
66.2,6.42355,41268.1,-5409.99,24942.3,4267.45,96.5664,-5298.88
66.3,6.41894,41399.6,-6544.72,22391.8,4231.42,125.895,-5352.32
66.4,6.42637,41450.3,-6870.38,20075.0,4174.45,110.48,-5270.31
66.5,6.43619,41455.3,-5415.52,18720.3,4139.8,77.7944,-5047.58
66.6,6.44899,41433.4,-3356.4,17600.7,4085.1,8.56475,-4885.45
66.7,6.46005,41387.7,-1397.44,16426.2,4055.55,-20.0152,-4923.28
66.8,6.46305,41335.5,423.682,14148.1,4021.53,3.419,-4982.46
66.9,6.4677,41354.0,3406.73,11615.0,3989.81,92.1595,-4981.96
67.0,6.47511,41347.9,5228.7,9926.8,3981.59,168.077,-4984.88
67.1,6.4871,41371.6,4555.61,10150.2,4015.1,212.233,-5095.0
67.2,6.50985,41330.1,2620.24,11731.1,4012.86,148.902,-5194.51
67.3,6.52166,41229.6,3850.33,13525.0,4001.07,62.2118,-5166.09
67.4,6.53419,41134.2,7305.86,14384.6,3984.4,-8.84463,-5006.62
67.5,6.5385,41023.7,9231.58,14165.3,3966.79,-104.008,-4893.19
67.6,6.53767,40977.0,9048.82,13386.1,3976.15,-176.735,-4964.87
67.7,6.54989,40984.2,8302.59,12751.4,4028.7,-177.7,-5043.04
67.8,6.55723,40915.0,8860.88,12284.1,4093.61,-117.398,-5008.81
67.9,6.55105,40826.2,10328.0,11291.3,4158.45,-8.54825,-4992.35
68.0,6.53625,40739.7,9026.25,10094.8,4212.73,128.276,-5059.16
68.1,6.50774,40717.5,6201.5,8941.56,4214.03,235.213,-5137.91
68.2,6.4949,40810.9,4994.53,9036.44,4204.91,279.968,-5151.61
68.3,6.50627,40926.3,4999.52,11832.8,4151.15,209.868,-5057.48
68.4,6.51182,40927.3,4196.89,16162.0,4127.41,5.97175,-5035.55
68.5,6.52073,40932.9,2033.54,20455.2,4093.37,-187.743,-5132.5
68.6,6.52129,40875.4,2436.78,22971.0,4050.57,-294.036,-5250.63
68.7,6.51822,40904.7,4362.69,22856.2,4023.83,-244.967,-5172.74
68.8,6.54625,41040.7,5316.25,22084.6,4051.85,-76.3136,-5053.77
68.9,6.5825,41021.9,2632.01,22966.6,4065.58,94.3325,-5055.22
69.0,6.60545,40899.9,-652.867,25570.2,4094.21,168.874,-5134.54
69.1,6.61661,40814.0,-1080.3,29233.6,4084.41,159.746,-5067.1
69.2,6.59797,40723.4,665.328,31589.8,4042.64,81.6395,-4921.83
69.3,6.57892,40790.6,-370.263,30765.3,4006.91,-23.8568,-4936.32
69.4,6.58575,40854.5,-4519.3,27899.7,3985.78,-91.3702,-5153.04
69.5,6.60085,40856.4,-7502.19,25361.7,3983.54,-97.3248,-5339.68
69.6,6.61306,40834.7,-7194.92,23690.2,3975.1,-138.625,-5275.62
69.7,6.61706,40795.5,-4698.85,23679.6,3978.22,-140.14,-5135.92
69.8,6.59888,40728.7,-3664.87,23243.0,3942.34,-95.003,-5063.63
69.9,6.58441,40797.2,-1727.05,21070.7,3901.45,25.9016,-5039.78
70.0,6.59502,40851.3,1883.56,18683.2,3898.1,168.6,-4881.52
70.1,6.59894,40803.2,4783.19,17488.0,3908.01,209.519,-4694.04
70.2,6.59532,40783.2,5004.49,18525.1,3903.17,132.296,-4774.48
70.3,6.57308,40702.9,2063.69,20910.0,3866.49,-24.1602,-5012.52
70.4,6.54812,40758.8,-334.725,22867.0,3863.93,-124.375,-5157.68
70.5,6.56161,40901.2,-477.433,22242.4,3850.84,-185.802,-5154.16
70.6,6.6064,40958.5,-615.872,19224.6,3839.39,-177.969,-5137.42
70.7,6.6553,40950.1,-1694.11,15408.8,3839.11,-74.9064,-5146.06
70.8,6.68727,40865.7,-2746.91,12286.7,3871.01,10.6285,-5074.23
70.9,6.69014,40782.1,-1570.66,10753.7,3898.56,47.9775,-4936.4
71.0,6.6804,40787.2,1188.2,10401.9,3922.48,65.6001,-4844.27
71.1,6.67459,40802.8,2617.88,10614.6,3951.72,108.279,-4869.88
71.2,6.66545,40784.7,2887.29,10958.4,3962.34,145.558,-4977.06
71.3,6.65022,40760.3,1106.14,11374.8,3937.04,118.54,-5021.93
71.4,6.63339,40757.4,1460.7,12624.8,3897.16,49.3285,-5109.58
71.5,6.62057,40782.0,1572.99,14215.5,3839.35,-52.6328,-5146.69
71.6,6.63133,40871.7,1384.99,15993.8,3794.47,-128.199,-5112.54
71.7,6.65371,40864.9,170.052,17310.3,3766.09,-177.918,-5097.33
71.8,6.66601,40824.8,-1292.52,18111.7,3784.97,-149.416,-5107.9
71.9,6.65992,40749.8,-3405.18,18869.7,3823.96,-35.1765,-5093.76
72.0,6.63191,40709.6,-3786.65,20137.8,3856.12,88.765,-5090.05
72.1,6.60719,40755.9,-4084.82,20959.1,3847.03,130.042,-5059.52
72.2,6.60967,40854.7,-4009.94,21248.8,3807.23,150.642,-5032.98
72.3,6.62871,40864.5,-4419.61,19978.9,3692.89,131.469,-5004.24
72.4,6.64835,40872.3,-4278.09,17485.1,3572.34,97.4268,-5011.98
72.5,6.67027,40859.7,-4513.07,15618.9,3489.36,52.8164,-5053.76
72.6,6.68353,40844.5,-4675.17,15333.4,3464.22,-29.7392,-5140.15
72.7,6.70225,40875.8,-5149.83,16379.2,3480.61,-80.7377,-5214.85
72.8,6.71728,40831.1,-5141.6,17963.2,3483.15,-72.6677,-5236.53
72.9,6.7044,40749.5,-2946.93,18123.1,3499.8,0.401375,-5227.19
73.0,6.68748,40766.6,1386.58,17190.1,3477.79,133.42,-5119.54
73.1,6.6694,40756.7,4462.04,17124.2,3447.85,250.208,-4907.92
73.2,6.65449,40788.0,5173.61,18616.6,3438.96,224.145,-4803.55
73.3,6.65765,40828.0,4435.68,20840.7,3416.09,55.9836,-4843.28
73.4,6.65895,40793.2,2361.4,22620.7,3392.79,-94.8392,-4885.41
73.5,6.64483,40741.6,1236.94,21107.0,3321.46,-186.273,-4950.38
73.6,6.63003,40770.8,-146.199,16154.3,3301.51,-180.319,-5108.04
73.7,6.62696,40797.2,-2300.83,9926.7,3319.02,-64.2452,-5265.76
73.8,6.62944,40821.5,-2920.87,4583.21,3321.4,85.7227,-5337.45
73.9,6.63954,40842.1,-2181.6,1945.47,3328.3,201.301,-5225.85
74.0,6.64261,40797.5,366.156,1742.15,3380.07,214.13,-5048.79
74.1,6.6357,40786.2,2457.99,2833.6,3403.64,181.657,-4880.12
74.2,6.62674,40781.8,3483.09,4137.04,3423.92,114.329,-4788.61
74.3,6.62021,40802.5,3269.28,5568.39,3440.95,18.0119,-4775.95
74.4,6.62912,40861.1,2016.11,6973.71,3471.86,-102.823,-4835.72
74.5,6.65083,40880.7,-805.611,8754.85,3513.39,-172.964,-4989.13
74.6,6.66075,40821.5,-4619.84,10021.5,3504.27,-172.792,-5200.42
74.7,6.6597,40794.7,-7058.31,10355.8,3460.42,-86.9152,-5356.99
74.8,6.65193,40785.8,-8627.33,10080.2,3441.71,29.3382,-5299.74
74.9,6.64096,40777.9,-8077.02,9529.51,3389.47,103.58,-5164.12
75.0,6.63187,40786.4,-8161.91,9575.2,3382.63,120.463,-5046.88
75.1,6.61756,40753.9,-7606.17,10275.0,3408.63,62.6027,-5009.18
75.2,6.59118,40718.1,-6176.44,11207.1,3370.64,-17.9219,-4946.38
75.3,6.5656,40738.1,-4105.47,11380.7,3351.78,-109.15,-4902.84
75.4,6.55628,40810.5,-1693.39,11055.5,3318.61,-120.112,-4980.17
75.5,6.57181,40869.7,-155.9,10446.9,3273.52,-76.1012,-5105.48
75.6,6.59813,40885.5,1249.08,10447.9,3213.75,-14.8582,-5176.59
75.7,6.61894,40844.6,2817.24,12138.9,3161.19,61.0155,-5182.04
75.8,6.6192,40771.0,4429.08,15660.0,3102.07,76.0892,-5161.13
75.9,6.60253,40756.2,5028.3,20149.1,3105.66,32.3623,-5116.8
76.0,6.58757,40767.8,5208.6,23976.1,3130.18,-62.9352,-5061.94
76.1,6.57615,40794.5,5989.03,26444.2,3151.48,-110.07,-5010.31
76.2,6.57302,40812.4,6930.08,27258.4,3183.88,-147.184,-4941.83
76.3,6.57609,40829.6,6885.65,27352.4,3214.53,-171.714,-4893.5
76.4,6.57686,40804.2,5835.78,26468.3,3176.2,-224.059,-4918.98
76.5,6.57631,40811.1,4196.34,23702.7,3148.43,-219.484,-4978.84
76.6,6.58014,40827.3,4748.13,18576.0,3110.28,-130.559,-5039.7
76.7,6.58187,40804.7,5678.22,12420.7,3105.79,26.2845,-5030.58
76.8,6.57194,40761.2,4635.47,7533.33,3124.73,138.643,-5032.22
76.9,6.54639,40719.3,2603.77,5203.86,3155.25,121.621,-5139.08
77.0,6.51526,40724.2,1205.03,5521.74,3225.41,59.9027,-5182.42
77.1,6.49272,40761.6,2232.97,6451.04,3315.27,-17.2648,-5055.0
77.2,6.49449,40847.1,3649.55,7449.67,3394.04,-31.6093,-4899.38
77.3,6.51101,40858.1,2904.29,8622.61,3445.14,-49.7599,-4871.24
77.4,6.52846,40856.5,-231.944,11047.9,3478.88,-75.0308,-4924.95
77.5,6.54278,40833.3,-4019.16,14369.2,3491.79,-128.906,-4955.37
77.6,6.54892,40814.4,-7532.12,17615.8,3493.39,-138.471,-5020.95
77.7,6.54754,40797.8,-10668.9,19097.4,3493.4,-88.8899,-5154.61
77.8,6.53991,40780.2,-14815.7,18220.8,3503.51,8.21937,-5260.18
77.9,6.52342,40768.4,-17447.2,15839.1,3495.73,95.9758,-5302.36
78.0,6.50073,40790.6,-17197.3,13473.3,3477.3,151.762,-5283.02
78.1,6.4874,40853.8,-15923.3,11798.3,3447.51,114.165,-5149.11
78.2,6.48837,40957.0,-11733.9,11550.1,3407.2,51.4193,-5066.52
78.3,6.50039,40995.3,-8236.27,11930.7,3346.73,-32.7313,-4928.12
78.4,6.50824,40980.9,-4218.14,12710.4,3290.53,-71.4342,-4855.72
78.5,6.50602,40927.4,-2323.36,13442.9,3261.45,-48.9035,-4862.68
78.6,6.49344,40899.9,-2302.09,13925.6,3244.42,-4.6675,-4961.63
78.7,6.4797,40952.3,-3448.94,14430.1,3236.84,75.361,-5083.15
78.8,6.47525,41032.4,-4278.24,15792.2,3244.48,176.695,-5159.45
78.9,6.46876,41043.9,-5369.92,17590.9,3218.32,181.874,-5140.82
79.0,6.46374,41079.4,-6194.67,19639.7,3221.57,124.988,-5120.0
79.1,6.46469,41087.5,-5628.36,21673.9,3233.6,42.7579,-5115.99
79.2,6.46279,41113.6,-3277.74,23077.9,3247.73,-45.13,-5044.51
79.3,6.47233,41177.2,-1051.33,23355.7,3244.27,-128.718,-4911.29
79.4,6.48482,41213.1,1112.5,23536.3,3246.15,-133.253,-4914.86
79.5,6.48761,41193.7,1263.98,23254.0,3246.46,-73.6032,-4965.13
79.6,6.481,41163.2,1516.47,21595.0,3242.33,-34.3031,-5004.22
79.7,6.46603,41150.7,2020.15,18613.9,3272.89,54.5136,-5001.86
79.8,6.44815,41156.6,1460.87,14419.8,3292.06,162.529,-5000.12
79.9,6.42712,41199.5,-387.161,9788.45,3307.89,213.409,-5060.82
80.0,6.41666,41274.7,-2490.55,6843.82,3325.22,220.809,-5112.42
80.1,6.41321,41335.8,-4478.66,6526.0,3364.29,159.033,-5087.27
80.2,6.41571,41395.3,-6001.78,8686.11,3399.42,56.5882,-5067.33
80.3,6.42054,41399.7,-7973.8,12339.5,3432.64,-20.9018,-5100.56
80.4,6.41605,41398.5,-9655.37,16102.3,3498.49,-45.3732,-5149.33
80.5,6.41311,41440.3,-11406.5,18301.6,3556.72,-29.5228,-5095.05
80.6,6.41799,41508.9,-13431.9,19351.8,3598.83,61.3763,-5033.81
80.7,6.42453,41533.1,-16097.8,20089.7,3621.79,158.706,-5045.81
80.8,6.42486,41502.1,-17069.8,20609.9,3609.1,154.588,-5111.6
80.9,6.42791,41505.5,-16970.6,21585.2,3607.66,91.4258,-5081.69
81.0,6.42513,41457.7,-16528.1,21719.9,3602.01,1.65475,-5061.72
81.1,6.42123,41471.0,-15792.8,20151.7,3594.15,-37.7715,-5180.23
81.2,6.42566,41523.0,-14553.1,17834.3,3633.11,5.23938,-5289.78
81.3,6.42486,41503.0,-11481.7,16087.4,3589.39,47.7485,-5239.17
81.4,6.41512,41504.5,-8261.76,15490.1,3515.66,36.9159,-5078.62
81.5,6.41279,41546.0,-6714.52,16440.5,3476.91,29.15,-5005.66
81.6,6.40664,41548.2,-5752.82,17509.9,3439.77,30.9168,-5018.34
81.7,6.40676,41596.7,-5525.42,18349.6,3421.48,63.0542,-4937.44
81.8,6.40441,41558.3,-4664.88,19393.9,3425.51,53.7788,-4900.13
81.9,6.38901,41517.6,-6489.58,20794.8,3438.72,3.94647,-4955.0
82.0,6.37969,41568.7,-9737.55,22367.4,3467.52,-53.2947,-5140.72
82.1,6.38377,41651.2,-11051.1,23956.1,3507.68,-68.8826,-5297.26
82.2,6.39799,41722.4,-9792.35,24644.7,3495.94,-71.0554,-5252.57
82.3,6.41525,41728.7,-7424.92,23452.3,3477.68,-91.8491,-5130.81
82.4,6.42962,41681.3,-6078.32,21462.4,3477.16,-34.2816,-5070.33
82.5,6.43466,41602.6,-6261.15,18828.5,3487.52,0.584,-5022.28
82.6,6.43669,41592.0,-5281.35,16713.4,3498.17,-1.37125,-4937.55
82.7,6.43793,41552.2,-3491.86,15387.4,3476.22,-39.1343,-4831.75
82.8,6.43353,41538.4,-3400.68,13990.1,3536.46,-68.208,-4848.21
82.9,6.43094,41537.6,-6189.34,11533.2,3598.76,-61.3945,-4989.64
83.0,6.42266,41495.0,-7978.93,9110.62,3628.25,16.9393,-5165.88
83.1,6.41076,41492.4,-7673.23,8247.76,3652.44,94.1663,-5188.78
83.2,6.4092,41546.4,-7258.12,9598.04,3654.9,66.7692,-5084.09
83.3,6.41491,41575.6,-7732.03,12506.2,3650.58,-42.7388,-5074.48
83.4,6.41547,41561.6,-9331.13,15325.7,3639.76,-102.749,-5097.52
83.5,6.4105,41520.3,-8902.32,16349.8,3629.14,-124.795,-5048.18
83.6,6.40258,41524.0,-7941.45,16420.6,3647.43,-100.284,-4904.76
83.7,6.39659,41543.7,-7655.8,16313.5,3664.52,-93.9029,-4899.69
83.8,6.40224,41618.3,-9953.34,17413.4,3712.19,-59.926,-5016.27
83.9,6.41426,41629.1,-11456.7,18656.8,3734.57,-67.1195,-5106.28
84.0,6.42676,41616.3,-11484.1,18971.2,3740.42,-56.233,-5080.32
84.1,6.43652,41556.3,-10347.4,17607.1,3713.67,-33.1465,-5074.31
84.2,6.44062,41519.0,-8395.38,15860.1,3665.09,36.0141,-5163.95
84.3,6.44547,41504.2,-6217.5,14951.7,3618.07,32.4239,-5182.76
84.4,6.45142,41507.5,-2859.64,16250.3,3595.72,-40.5277,-5129.7
84.5,6.45547,41484.1,-136.692,19080.5,3604.27,-117.44,-5087.3
84.6,6.45244,41431.5,51.8061,21794.8,3618.75,-138.854,-5076.11
84.7,6.44208,41379.1,208.118,23062.5,3615.43,-95.5461,-5082.75
84.8,6.43275,41383.1,1293.0,23197.0,3566.0,-19.7935,-5006.21
84.9,6.43221,41418.1,2461.05,22811.3,3484.5,8.4595,-4908.0
85.0,6.44165,41460.5,1888.59,22727.2,3410.21,-9.15175,-4926.24
85.1,6.45681,41447.0,-178.533,23045.6,3381.27,-29.7087,-5082.89
85.2,6.46153,41352.9,-1579.57,23168.1,3359.97,-41.6227,-5212.42
85.3,6.45288,41274.2,-1559.24,23181.3,3359.84,-13.6257,-5235.55
85.4,6.43941,41261.0,-1305.99,23194.9,3387.45,12.434,-5231.72
85.5,6.43193,41328.4,-2306.76,22756.3,3418.21,2.53425,-5229.54
85.6,6.44278,41436.5,-2914.75,21451.6,3433.32,-16.1222,-5157.03
85.7,6.46073,41457.4,-485.042,19152.1,3399.53,-13.1458,-4984.96
85.8,6.4733,41404.1,2544.21,16119.4,3376.94,0.980875,-4782.32
85.9,6.48077,41325.6,2630.18,13683.0,3383.19,23.1644,-4728.05
86.0,6.47864,41250.5,-111.103,12592.6,3370.01,16.9409,-4888.56
86.1,6.47505,41262.7,-2255.71,12616.8,3367.57,9.52837,-5108.92
86.2,6.47865,41286.2,-1788.43,12897.6,3364.68,24.6134,-5190.07
86.3,6.47728,41266.9,-1086.58,12973.0,3354.36,81.8344,-5168.59
86.4,6.46657,41216.7,-1503.85,12655.4,3346.7,122.836,-5212.52
86.5,6.45323,41201.8,-2121.32,13314.7,3360.79,130.785,-5231.93
86.6,6.44536,41225.3,-2013.93,15580.3,3377.5,65.8936,-5061.35
86.7,6.45099,41294.0,-2113.6,18925.1,3381.17,-62.032,-4848.96
86.8,6.46567,41313.5,-3273.29,22139.9,3354.66,-172.327,-4845.56
86.9,6.46702,41229.1,-5686.42,23161.9,3336.96,-229.973,-4963.47
87.0,6.45941,41189.1,-6244.48,22053.1,3326.02,-133.495,-5061.65
87.1,6.45554,41199.1,-5239.13,20346.5,3292.2,27.4124,-5095.66
87.2,6.45083,41240.9,-4581.55,19156.7,3243.27,125.685,-5186.32
87.3,6.4619,41321.7,-5081.12,19449.2,3214.72,162.524,-5302.15
87.4,6.47233,41293.0,-3382.91,21194.7,3192.92,145.313,-5320.31
87.5,6.46395,41207.5,408.347,22801.1,3183.83,47.7622,-5140.71
87.6,6.45172,41185.4,4213.04,23612.1,3174.93,-77.1363,-4962.96
87.7,6.43548,41192.9,3357.79,23343.5,3186.93,-164.206,-4916.6
87.8,6.42951,41320.8,1178.24,21833.3,3207.78,-184.903,-5022.7
87.9,6.44903,41456.4,184.502,20019.1,3228.31,-138.536,-5044.56
88.0,6.4662,41425.5,1650.47,18378.6,3197.45,-77.1018,-4992.05
88.1,6.46818,41341.4,1822.92,16960.4,3148.26,11.6026,-4993.3
88.2,6.46119,41235.6,-1482.19,16128.9,3078.77,115.46,-5110.13
88.3,6.44209,41208.2,-4326.55,15900.1,3048.25,176.046,-5250.75
88.4,6.44277,41318.4,-4685.87,16659.3,3048.01,156.247,-5206.23
88.5,6.45212,41352.3,-4696.65,18603.9,3092.0,37.6444,-5056.82
88.6,6.44199,41278.0,-5395.37,19530.4,3110.87,-151.014,-5052.12
88.7,6.42662,41263.3,-7274.49,18441.5,3127.06,-246.779,-5115.35
88.8,6.41591,41311.7,-7112.94,15911.9,3139.81,-193.419,-5065.33
88.9,6.42098,41438.7,-4936.73,12198.0,3124.04,-137.855,-4916.68
89.0,6.44914,41555.1,-2892.77,9303.68,3062.5,-72.9649,-4872.52
89.1,6.4666,41474.7,-2249.9,8148.93,3016.3,9.71256,-4973.54
89.2,6.45952,41352.3,-1276.62,7861.27,3013.97,71.9199,-5061.01
89.3,6.44014,41273.7,589.134,7772.75,2980.24,89.8429,-5029.42
89.4,6.41457,41286.8,1611.64,8069.04,3007.11,83.9521,-5008.51
89.5,6.39937,41422.9,835.952,8238.11,3068.76,36.7009,-5075.71
89.6,6.41051,41567.4,-117.278,9590.61,3104.74,-25.2708,-5141.8
89.7,6.41895,41561.7,-1360.11,12274.2,3144.08,-117.517,-5033.61
89.8,6.4203,41514.8,-3506.53,15465.2,3149.81,-205.581,-4901.3
89.9,6.42336,41497.9,-6907.95,18629.7,3138.99,-231.751,-4927.17
90.0,6.42248,41473.9,-9655.81,20243.1,3097.69,-226.874,-5019.75
90.1,6.42881,41548.2,-8496.78,19916.7,3074.24,-156.939,-5046.92
90.2,6.4359,41521.8,-5765.74,18386.5,3071.54,-50.9417,-5004.47
90.3,6.41689,41413.6,-4181.73,16117.4,3080.21,23.0777,-5073.92
90.4,6.38539,41401.4,-3844.2,13405.7,3096.27,43.75,-5220.25
90.5,6.36349,41476.0,-2818.25,11431.2,3107.85,53.981,-5217.54
90.6,6.35713,41635.3,1783.7,10784.1,3096.37,48.2088,-5075.99
90.7,6.37431,41775.6,4475.15,10870.0,3063.54,-63.4092,-4872.88
90.8,6.39343,41772.7,3837.29,11932.2,3061.42,-176.023,-4861.85
90.9,6.38792,41655.2,1093.21,12173.1,3051.31,-231.67,-4948.0
91.0,6.37418,41641.0,-109.052,11576.7,3039.13,-179.265,-4961.27
91.1,6.35906,41677.3,-773.443,10050.6,3024.2,-127.977,-4908.38
91.2,6.35325,41823.9,-3494.29,8547.86,3059.87,-29.0944,-4988.98
91.3,6.36307,41902.4,-7996.73,6818.74,3085.89,40.0018,-5183.0
91.4,6.3599,41851.8,-11076.3,4454.58,3109.11,79.1123,-5250.21
91.5,6.35172,41821.0,-9600.08,1498.2,3090.56,119.574,-5118.1
91.6,6.34533,41818.4,-6659.21,-1224.83,3069.74,118.215,-4949.02
91.7,6.3505,41908.5,-4405.58,-2028.25,3054.08,90.9801,-4948.29
91.8,6.37431,42000.2,-3163.8,230.35,3069.07,10.8774,-4995.96
91.9,6.38798,41931.9,-1091.42,5313.14,3044.86,-108.539,-4958.23
92.0,6.36932,41785.8,1611.49,10105.6,3023.47,-235.225,-4903.48
92.1,6.33134,41727.6,2559.24,11455.9,2989.34,-273.579,-4928.23
92.2,6.29586,41838.5,4183.4,8361.28,2973.48,-149.63,-5065.15
92.3,6.28972,42080.8,6237.61,2545.77,2992.33,49.9523,-5047.51
92.4,6.31248,42254.4,8636.86,-2191.89,3003.98,188.936,-4914.57
92.5,6.33413,42223.5,8787.12,-3126.9,3011.46,192.464,-4878.12
92.6,6.33322,42079.6,5913.46,-540.648,3073.7,99.1058,-4969.62
92.7,6.31179,41978.0,3486.74,3225.63,3116.16,-6.84875,-5064.92
92.8,6.28725,42037.8,3069.96,6116.59,3130.9,-56.0741,-5044.52
92.9,6.2769,42210.2,3048.53,6990.83,3106.88,-90.0845,-5017.37
93.0,6.28679,42391.0,1573.09,7174.89,3078.22,-80.603,-5078.53
93.1,6.30404,42432.1,-824.342,8265.53,3064.22,-65.2933,-5149.38
93.2,6.30784,42340.2,-743.433,10333.5,3045.62,-77.4141,-5129.21
93.3,6.30896,42278.2,1168.55,12978.3,3074.66,-76.9159,-5022.43
93.4,6.30511,42220.7,4037.54,14757.4,3069.68,-66.3275,-4983.39
93.5,6.29738,42244.6,6868.39,14685.2,3084.61,-16.8392,-5054.73
93.6,6.29035,42271.5,7898.64,13038.8,3076.84,42.5716,-5042.8
93.7,6.26784,42265.3,7603.75,11327.7,3076.0,95.2133,-5007.49
93.8,6.23865,42311.6,5466.33,10347.6,3067.5,78.4891,-5039.33
93.9,6.21593,42418.3,3238.29,10120.5,3031.21,-14.7157,-5119.27
94.0,6.20295,42546.9,2040.56,9587.13,2991.55,-106.926,-5112.18
94.1,6.20138,42669.1,1789.78,7164.04,2969.66,-143.009,-5017.06
94.2,6.21557,42771.3,806.986,4096.44,2988.97,-50.1284,-4975.76
94.3,6.22625,42756.8,-1671.56,1773.92,3018.73,40.125,-5010.95
94.4,6.22943,42731.0,-3822.25,1424.48,3090.95,82.9423,-5057.16
94.5,6.22426,42693.3,-5006.62,2431.2,3122.87,71.8903,-5008.15
94.6,6.20981,42709.0,-5518.63,3392.72,3125.46,81.6702,-4974.36
94.7,6.2048,42810.4,-5605.12,3356.8,3125.5,114.171,-5028.47
94.8,6.21561,42913.8,-5629.17,3617.48,3119.77,135.843,-5062.32
94.9,6.22741,42910.3,-4410.38,5414.29,3096.71,66.004,-5044.27
95.0,6.23363,42862.7,-2755.65,9533.33,3101.0,-63.1092,-5017.25
95.1,6.22587,42759.1,-1243.38,14094.2,3063.79,-242.179,-5021.18
95.2,6.20725,42762.6,670.498,16289.8,3055.42,-341.578,-5049.11
95.3,6.19953,42862.0,4353.46,14455.4,3067.21,-270.685,-5022.72
95.4,6.19871,42948.0,8056.45,10083.5,3092.13,-65.0141,-4937.72
95.5,6.19442,42980.8,9749.0,5813.86,3126.1,109.797,-4895.7
95.6,6.18308,42949.4,10150.5,4393.06,3151.15,167.15,-4967.23
95.7,6.15578,42899.9,9773.56,5842.88,3162.08,108.084,-4993.44
95.8,6.12837,42976.3,10411.7,7996.97,3147.27,12.6264,-4970.91
95.9,6.12067,43138.7,9314.58,9354.84,3150.68,-65.1255,-4970.25
96.0,6.12895,43289.8,5322.17,10197.9,3166.78,-113.61,-5061.15
96.1,6.14739,43380.2,885.956,11780.5,3192.78,-158.588,-5192.22
96.2,6.16247,43339.3,-1894.11,14637.2,3180.62,-235.093,-5169.56
96.3,6.16658,43304.6,-2283.58,18208.9,3200.4,-260.805,-5080.88
96.4,6.17533,43314.4,-2678.72,20768.1,3238.81,-200.857,-5043.43
96.5,6.18892,43326.7,-3673.0,21344.3,3294.48,-86.3601,-5087.6
96.6,6.19544,43282.5,-2026.73,20118.5,3311.08,28.1632,-5098.56
96.7,6.18762,43177.8,1471.57,18697.3,3295.3,90.7846,-4977.29
96.8,6.16008,43090.8,5062.53,18637.6,3269.57,62.6273,-4909.08
96.9,6.12841,43114.6,4251.98,19778.5,3248.8,-53.173,-4971.8
97.0,6.11109,43249.8,577.958,21055.5,3246.59,-177.153,-5119.27
97.1,6.10525,43373.6,-1779.57,20628.2,3235.74,-236.04,-5175.29
97.2,6.10848,43466.5,-1979.3,18339.8,3231.73,-176.555,-5079.88
97.3,6.11089,43473.1,-4173.32,15324.3,3276.61,-82.5563,-4967.96
97.4,6.10524,43451.8,-8335.47,12824.2,3307.83,-13.0638,-5015.84
97.5,6.09944,43480.4,-11490.1,11892.9,3334.75,53.2603,-5107.61
97.6,6.09499,43498.3,-12204.4,11690.0,3341.73,79.497,-5027.67
97.7,6.0923,43569.5,-11061.0,10949.4,3336.08,76.0683,-4940.1
97.8,6.10118,43625.8,-12384.5,9871.05,3325.84,104.708,-4990.29
97.9,6.11135,43621.9,-13867.3,9776.54,3324.86,135.204,-5159.28
98.0,6.11966,43614.2,-14044.1,11417.6,3317.47,82.6576,-5149.9
98.1,6.12915,43599.5,-10638.7,15237.0,3253.07,-20.7379,-5028.76
98.2,6.13338,43576.7,-7430.2,19776.9,3230.34,-118.585,-4956.56
98.3,6.13612,43592.3,-7060.16,22735.4,3209.96,-153.745,-4951.69
98.4,6.13722,43584.2,-6606.0,22976.2,3204.8,-142.599,-4968.0
98.5,6.12211,43538.7,-5225.29,21143.7,3224.5,-63.1919,-4894.71
98.6,6.09932,43523.8,-3749.17,18271.1,3240.57,20.584,-4834.81
98.7,6.07773,43564.5,-4437.12,15555.2,3257.58,49.9049,-4901.47
98.8,6.06364,43646.7,-5366.1,13502.9,3277.22,53.831,-5061.86
98.9,6.05929,43723.7,-4395.98,11901.7,3298.67,54.6946,-5103.42
99.0,6.05921,43758.7,-942.098,10628.9,3288.78,45.7663,-5031.19
99.1,6.0564,43766.7,903.574,9738.8,3281.45,22.2414,-4959.61
99.2,6.05342,43795.9,-221.641,9586.03,3280.73,-3.91625,-4992.41
99.3,6.05816,43868.0,-2312.3,10540.5,3313.0,-19.2162,-5049.05
99.4,6.06771,43921.9,-2489.02,12382.7,3320.64,-37.4767,-4999.83
99.5,6.07504,43927.5,-2000.21,14502.4,3304.83,-55.2687,-4896.05
99.6,6.07409,43894.8,-4183.19,16639.7,3309.59,-36.3903,-4889.55
99.7,6.06345,43860.8,-8430.51,17674.5,3339.26,-29.861,-5029.09
99.8,6.0586,43920.6,-10620.8,17540.2,3349.06,-3.46575,-5150.56
99.9,6.06646,43997.3,-10133.7,17208.6,3365.25,42.556,-5107.3
100.0,6.06993,43983.1,-9144.22,16932.8,3346.93,38.86,-5053.32
100.1,6.06407,43955.8,-11120.5,16984.5,3351.88,1.5885,-5114.96
100.2,6.0501,43917.0,-14424.0,17260.9,3356.31,-0.440125,-5213.52
100.3,6.02997,43934.0,-14375.6,16837.3,3353.11,21.0739,-5195.85
100.4,6.02288,44046.3,-11902.1,15687.0,3371.42,55.1385,-5020.7
100.5,6.02638,44105.5,-12348.2,14641.9,3399.91,84.1395,-4876.07
100.6,6.0207,44076.4,-17213.3,13554.7,3425.93,79.2815,-4957.53
100.7,6.00894,44052.6,-22020.0,12332.5,3425.51,68.3351,-5111.86
100.8,5.99857,44059.2,-21710.4,11236.4,3388.28,71.2601,-5096.26
100.9,5.99413,44161.7,-17554.8,10020.7,3362.65,79.0233,-4982.34
101.0,6.0145,44288.2,-15577.7,8822.41,3323.55,78.1669,-4997.05
101.1,6.03593,44304.2,-17076.2,8886.67,3321.2,110.66,-5178.59
101.2,6.04093,44219.4,-18104.2,10168.5,3334.57,142.308,-5237.17
101.3,6.02978,44133.7,-16260.2,12408.0,3313.61,111.679,-5042.47
101.4,6.00447,44112.1,-13207.9,14602.8,3277.89,50.8348,-4857.26
101.5,5.98745,44249.2,-13406.1,16311.2,3266.04,35.2767,-4856.4
101.6,5.98805,44401.4,-15378.6,17405.4,3237.76,14.4622,-4955.72
101.7,5.99168,44459.6,-16597.5,17961.0,3231.08,-34.987,-4952.35
101.8,5.99332,44453.9,-14967.6,18403.5,3211.64,-65.7025,-4938.56
101.9,5.98603,44392.3,-14468.3,18713.2,3203.82,-52.3532,-4983.78
102.0,5.97458,44405.7,-15525.7,17955.5,3243.17,-49.0947,-5123.93
102.1,5.97884,44493.8,-15644.9,15930.2,3302.38,-17.382,-5212.87
102.2,5.98843,44532.2,-12388.9,13169.5,3348.03,47.6835,-5130.83
102.3,5.98983,44499.3,-8713.11,10024.0,3399.84,94.1273,-4936.02
102.4,5.98724,44457.1,-7839.45,8092.53,3453.04,109.645,-4843.6
102.5,5.97829,44413.3,-9429.52,8015.36,3506.21,79.3303,-4907.19
102.6,5.97134,44446.4,-10165.0,8879.11,3511.59,-10.4295,-4948.07
102.7,5.97317,44505.6,-8857.4,9817.83,3468.3,-80.9929,-4885.12
102.8,5.97334,44526.6,-8633.27,10157.3,3439.65,-91.1275,-4871.58
102.9,5.97024,44555.9,-11888.1,10062.3,3419.24,-49.949,-5021.94
103.0,5.96497,44563.4,-15373.1,10100.4,3404.85,-22.3621,-5203.5
103.1,5.95288,44595.6,-15874.7,10490.2,3417.82,-12.2642,-5179.41
103.2,5.94937,44689.9,-14871.6,11060.2,3463.88,10.1924,-5011.65
103.3,5.9479,44720.2,-16082.9,11288.1,3485.73,8.75306,-4951.94
103.4,5.93665,44725.2,-18251.9,10421.3,3529.99,-16.8263,-5070.98
103.5,5.92903,44754.9,-18615.7,9490.95,3553.93,19.783,-5071.39
103.6,5.92178,44773.2,-16314.3,9223.3,3573.67,43.7509,-4917.17
103.7,5.92163,44844.7,-15206.5,9398.51,3581.16,0.342,-4856.84
103.8,5.94263,44933.8,-18278.3,10706.9,3613.47,-19.0296,-5020.89
103.9,5.95958,44880.2,-21524.5,12598.7,3650.18,-0.764125,-5209.34
104.0,5.96506,44802.1,-21761.0,14026.1,3658.39,17.8924,-5171.95
104.1,5.96838,44736.7,-18687.1,15915.9,3639.3,47.5566,-5068.75
104.2,5.95378,44650.5,-17452.7,17911.2,3591.48,21.7095,-5047.4
104.3,5.93957,44708.3,-17605.1,18741.1,3560.07,-37.254,-5136.67
104.4,5.94318,44802.3,-17282.6,18511.6,3535.37,-35.7535,-5109.69
104.5,5.93998,44798.7,-14441.0,17558.4,3495.45,29.2418,-4983.93
104.6,5.92993,44787.9,-11544.3,16303.6,3463.82,54.3268,-4899.08
104.7,5.92172,44795.6,-10936.1,16890.9,3475.95,70.293,-4931.66
104.8,5.90565,44815.0,-12409.7,19448.6,3506.94,86.579,-5003.35
104.9,5.8971,44922.3,-12760.7,22239.7,3529.94,53.6058,-5043.72
105.0,5.89901,45012.8,-12731.1,24431.3,3523.02,27.7052,-5019.36
105.1,5.89199,45032.2,-12682.3,25116.6,3508.91,25.8945,-5029.16
105.2,5.88632,45063.4,-13481.7,24234.5,3507.15,38.3871,-5063.08
105.3,5.88971,45077.0,-14745.5,22668.8,3515.48,29.8449,-5049.05
105.4,5.8979,45106.7,-14786.5,20725.6,3551.72,-8.29513,-4994.34
105.5,5.92205,45149.4,-14033.1,18555.7,3582.38,-14.3196,-4930.92
105.6,5.94524,45114.7,-13773.9,16083.3,3622.04,0.608813,-4885.94
105.7,5.95362,45031.1,-13751.9,13786.3,3652.53,76.0896,-4896.09
105.8,5.95011,44913.5,-13309.8,12012.4,3674.65,125.877,-4917.51
105.9,5.93423,44861.0,-13039.4,11406.4,3682.31,160.234,-4899.51
106.0,5.91934,44897.6,-13191.3,10581.4,3673.31,119.135,-4890.43
106.1,5.91475,44994.3,-14867.3,9611.27,3704.03,104.47,-4940.93
106.2,5.91281,44986.0,-18843.3,8514.48,3735.5,107.92,-4966.05
106.3,5.90193,44997.8,-22003.9,7663.88,3740.81,71.7094,-4999.22
106.4,5.88536,44944.2,-22410.1,7224.58,3711.89,4.12325,-5017.58
106.5,5.87423,44879.4,-20712.7,7448.52,3697.44,-8.36675,-4989.16
106.6,5.87715,44766.1,-18149.9,7334.07,3672.61,0.311125,-4967.79
106.7,5.89376,44621.9,-17804.4,7340.3,3668.58,51.5834,-4962.03
106.8,5.90318,44445.1,-17568.6,7831.63,3699.65,104.598,-5017.07
106.9,5.89723,44354.1,-16700.7,9288.27,3740.96,158.231,-5030.69
107.0,5.88403,44297.1,-15721.5,11065.1,3765.26,134.323,-4952.68
107.1,5.87622,44326.2,-14750.0,12558.4,3781.95,78.4473,-4961.21
107.2,5.88899,44332.4,-14493.5,13138.2,3775.83,43.8187,-5029.72
107.3,5.91567,44218.3,-14396.8,13425.4,3734.7,35.6753,-5065.51
107.4,5.93242,44124.7,-13846.1,14086.6,3672.77,1.76775,-5056.58
107.5,5.93445,44182.8,-12035.3,15700.4,3584.89,-41.7733,-5091.78
107.6,5.92735,44309.1,-10858.0,17868.2,3516.95,-50.7605,-5116.83
107.7,5.91684,44676.2,-10232.0,18465.0,3433.7,-36.5239,-5083.81
107.8,5.92018,44995.9,-10997.3,16827.6,3365.95,40.859,-5012.85
107.9,5.92755,45095.8,-10928.2,14522.6,3335.22,167.677,-4989.67
108.0,5.93365,45091.0,-10877.4,13359.5,3329.47,238.717,-4948.33
108.1,5.93716,45010.9,-10217.1,15125.7,3347.38,215.298,-4926.09
108.2,5.93747,44921.0,-10641.0,19738.8,3363.15,95.3208,-4947.88
108.3,5.93166,44879.5,-11817.6,24818.9,3349.06,-46.4524,-5028.65
108.4,5.93848,44926.8,-12377.2,27814.6,3311.63,-127.881,-5111.01
108.5,5.95321,44945.3,-12708.6,28179.7,3285.82,-108.668,-5088.37
108.6,5.96722,44924.8,-13325.5,26268.6,3288.7,-55.3617,-5024.97
108.7,5.98267,44864.1,-15126.6,23945.4,3269.92,-12.3872,-4987.48
108.8,5.98534,44744.6,-16782.4,21889.4,3276.6,-24.4784,-4978.24
108.9,5.97944,44684.3,-17817.7,19523.9,3292.98,-18.9893,-4904.21
109.0,5.97689,44677.9,-17983.1,16257.8,3283.85,23.473,-4836.5
109.1,5.96821,44656.5,-19153.0,12525.7,3291.98,81.1752,-4854.96
109.2,5.95741,44692.9,-21581.4,9345.48,3337.3,120.641,-4954.94
109.3,5.95017,44707.3,-23062.9,8005.47,3340.53,95.234,-5061.98
109.4,5.93462,44703.1,-23156.3,8311.25,3301.41,7.60775,-5072.29
109.5,5.92154,44767.7,-23177.4,8449.55,3272.99,-105.304,-5022.94
109.6,5.92421,44781.3,-23536.0,7586.97,3251.77,-136.858,-5020.15
109.7,5.93178,44627.5,-23460.7,4730.51,3228.46,-139.621,-5011.69
109.8,5.94374,44582.2,-22081.9,437.043,3228.92,-117.839,-4926.49
109.9,5.95876,44628.8,-19582.0,-3660.58,3223.62,-53.635,-4827.88
110.0,5.9691,44646.7,-17213.5,-5862.16,3236.03,35.4367,-4833.47
110.1,5.97596,44776.7,-16348.2,-6029.4,3244.74,73.7398,-4904.37
110.2,5.98888,44711.1,-15611.9,-4064.6,3240.66,63.0407,-4978.97
110.3,5.98939,44599.1,-13734.1,-1248.89,3236.83,26.199,-5024.0
110.4,5.98362,44553.0,-12305.8,815.348,3206.54,-25.9845,-5003.55
110.5,5.9755,44529.0,-11768.1,2150.62,3165.81,-78.6481,-5018.47
110.6,5.96763,44552.1,-12491.7,3932.33,3132.43,-100.92,-5058.74
110.7,5.96349,44607.3,-12089.4,6466.64,3102.82,-158.658,-5077.34
110.8,5.96504,44636.8,-10634.5,10047.1,3074.38,-219.515,-5016.14
110.9,5.95032,44586.9,-8569.71,13008.0,3034.38,-244.211,-4977.54
111.0,5.92309,44572.2,-7161.58,13706.7,2995.29,-187.446,-5003.95
111.1,5.89365,44641.2,-5566.77,11974.3,2953.92,-57.9674,-5049.03
111.2,5.88252,44825.3,-3809.22,9862.94,2933.18,89.3698,-5017.57
111.3,5.89391,44937.5,-1915.09,9206.57,2919.5,124.386,-4993.27
111.4,5.91545,44971.5,-1584.12,11176.0,2917.02,47.3553,-5021.83
111.5,5.92624,44996.8,-3364.56,14791.8,2945.38,-70.2428,-5069.64
111.6,5.92344,44899.0,-4957.11,17597.3,2992.06,-172.979,-5116.65
111.7,5.92491,44919.6,-6890.98,18480.1,3043.81,-195.937,-5094.07
111.8,5.93683,45004.2,-9013.18,17974.5,3080.79,-131.245,-5070.84
111.9,5.96006,45053.0,-11418.1,17281.8,3109.09,-65.5495,-5089.06
112.0,5.97366,44971.7,-12535.3,16854.1,3112.51,-57.777,-5088.43
112.1,5.97051,44842.7,-12146.4,16712.3,3127.57,-31.6567,-5012.05
112.2,5.95034,44726.8,-11987.8,15511.1,3150.16,-5.78075,-4926.92
112.3,5.92518,44736.6,-14037.8,13176.6,3180.91,48.0495,-4930.08
112.4,5.9087,44832.8,-17849.5,10698.6,3239.0,99.5397,-5004.85
112.5,5.89706,44920.0,-20488.9,9532.79,3291.07,103.493,-5060.89
112.6,5.88331,44974.5,-21847.8,10277.6,3326.54,53.02,-5034.64
112.7,5.86186,44969.9,-23000.9,11693.3,3330.39,-61.1898,-5027.17
112.8,5.83472,44998.5,-24425.0,12218.3,3333.07,-117.68,-5092.14
112.9,5.82525,45056.0,-25175.0,10699.2,3311.88,-100.234,-5101.32
113.0,5.83501,45079.4,-23819.9,8431.21,3298.31,-1.83487,-5012.84
113.1,5.85948,45085.4,-22098.2,6534.1,3300.42,38.6734,-4901.18
113.2,5.87924,45112.8,-21123.6,5835.22,3289.87,23.206,-4897.74
113.3,5.88392,45053.3,-19141.6,5597.94,3280.11,-1.96,-4976.59
113.4,5.87855,45045.6,-15031.8,4775.08,3281.95,11.2566,-4974.48
113.5,5.87687,45078.4,-10754.9,2946.26,3305.49,49.6399,-4883.93
113.6,5.88722,45106.3,-7875.13,889.164,3327.29,57.3874,-4898.83
113.7,5.89748,45094.9,-7153.77,149.574,3313.58,52.1195,-4994.32
113.8,5.89973,45061.3,-6235.67,1580.68,3313.19,11.8293,-5015.65
113.9,5.88636,45007.9,-4727.22,4290.23,3285.41,-77.8261,-4915.46
114.0,5.86739,45019.5,-4449.03,7077.06,3283.11,-124.151,-4872.99
114.1,5.85067,45016.2,-6029.85,8732.58,3291.01,-99.4214,-4958.93
114.2,5.83402,45023.6,-7195.42,9740.4,3317.33,1.7795,-5046.05
114.3,5.81886,45014.3,-6673.53,11086.4,3324.94,66.3156,-4994.66
114.4,5.79632,44991.0,-5250.49,13449.4,3319.91,58.0168,-4960.11
114.5,5.7774,45023.6,-5307.44,16002.7,3341.59,4.57175,-5023.48
114.6,5.77493,45072.4,-5185.28,17580.6,3381.16,-17.2642,-5126.45
114.7,5.78376,45082.5,-4411.05,17764.2,3399.17,4.17025,-5076.12
114.8,5.79963,45093.3,-3465.52,17769.1,3405.68,47.511,-4968.84
114.9,5.81527,45104.9,-4061.24,19480.9,3407.68,58.759,-4981.6
115.0,5.82334,45077.6,-7379.42,22662.2,3427.89,-13.5892,-5038.15
115.1,5.83167,45095.6,-9855.98,26178.3,3456.09,-60.5397,-5064.64
115.2,5.83884,45080.7,-11449.9,27901.1,3472.79,-50.2168,-5000.11
115.3,5.84353,45088.8,-13486.6,26725.3,3532.18,6.31063,-4969.27
115.4,5.85035,45086.1,-16958.4,23747.3,3576.46,85.6696,-5036.04
115.5,5.849,45051.5,-19897.7,20957.8,3606.0,131.198,-5113.52
115.6,5.84136,45052.5,-21112.8,19541.9,3635.87,122.058,-5100.2
115.7,5.84074,45068.2,-21312.8,19553.6,3682.51,62.4355,-5071.45
115.8,5.84007,45064.6,-22644.0,20469.4,3725.8,35.9951,-5104.11
115.9,5.83236,45024.3,-24702.6,20789.0,3763.84,21.1269,-5159.48
116.0,5.81157,44991.4,-26121.5,20467.0,3787.81,39.3527,-5128.87
116.1,5.78382,44976.7,-27147.5,19624.5,3777.44,45.2437,-5015.24
116.2,5.76881,45055.2,-27466.4,18355.6,3767.77,29.8882,-4983.67
116.3,5.78848,45148.9,-27549.6,17172.0,3754.71,20.3271,-5021.65
116.4,5.81503,45125.0,-26541.9,15619.9,3724.8,-10.5536,-5024.1
116.5,5.83016,45086.9,-24800.2,13687.8,3697.18,-15.0489,-5003.42
116.6,5.82973,45037.3,-23111.6,11383.5,3665.13,6.8395,-5035.69
116.7,5.82523,45060.7,-21795.0,8997.55,3657.35,66.283,-5099.02
116.8,5.84173,45138.2,-19989.8,7151.5,3636.27,111.474,-5108.23
116.9,5.8705,45158.7,-17306.4,6850.64,3631.12,128.636,-5034.56
117.0,5.89166,45110.0,-14752.4,7896.17,3621.23,88.4212,-4961.52
117.1,5.89406,45049.3,-13052.6,9642.51,3618.35,14.9163,-4946.24
117.2,5.88116,45020.0,-11827.2,11584.4,3616.31,-35.15,-4945.27
117.3,5.86967,45049.2,-10747.7,13371.4,3596.53,-50.396,-4933.08
117.4,5.87226,45091.3,-10245.3,15019.2,3577.82,-50.002,-4949.66
117.5,5.88344,45102.4,-9948.56,16899.6,3576.46,-36.957,-5032.2
117.6,5.88805,45056.9,-8844.5,19369.3,3562.63,5.62575,-5122.59
117.7,5.87154,44985.0,-7042.09,22295.1,3544.04,37.505,-5136.47
117.8,5.84225,44972.9,-4997.06,25177.4,3538.44,38.5807,-5105.95
117.9,5.82191,45022.9,-3431.36,27179.6,3517.79,7.70213,-5086.23
118.0,5.82134,45084.0,-2819.36,28203.7,3500.77,6.07625,-5053.65
118.1,5.83361,45097.2,-1917.57,28242.9,3495.26,-8.315,-5006.92
118.2,5.84038,45070.2,-1445.24,27784.8,3478.31,-27.4386,-4940.04
118.3,5.84279,45060.7,-1288.15,27889.5,3460.14,-6.30188,-4945.66
118.4,5.84612,45079.0,-2120.74,28935.0,3463.3,22.0924,-4995.81
118.5,5.86297,45134.8,-3751.32,30848.7,3471.47,57.4252,-5032.57
118.6,5.8888,45140.7,-6782.85,33127.4,3490.91,80.7106,-5024.94
118.7,5.902,45084.4,-10970.4,34563.8,3542.82,96.9465,-5054.02
118.8,5.90105,45052.9,-16162.3,34717.7,3616.18,113.109,-5090.91
118.9,5.88985,45030.9,-21068.5,33998.4,3676.07,118.513,-5085.92
119.0,5.88219,45067.3,-25090.1,32734.6,3741.11,85.0068,-5052.3
119.1,5.89489,45126.8,-27715.1,31413.2,3795.37,31.5382,-5056.39
119.2,5.91112,45107.4,-30223.4,30573.9,3849.29,4.76512,-5062.61
119.3,5.91438,45051.0,-31588.1,29517.6,3887.94,10.5885,-5070.9
119.4,5.9007,45004.3,-32458.8,28101.1,3889.54,63.0979,-5047.3
119.5,5.87879,44989.5,-34878.0,26364.8,3896.71,148.136,-4987.6
119.6,5.86085,45028.5,-36610.7,23891.3,3886.28,188.758,-5036.33
119.7,5.86348,45087.0,-36653.5,21137.5,3850.2,194.93,-5087.65
119.8,5.86914,45066.7,-33684.1,18512.1,3803.87,183.677,-5036.98
119.9,5.86563,45036.2,-30662.3,16027.8,3768.74,149.794,-4941.62
120.0,5.85414,45020.2,-29214.7,13935.7,3727.59,90.615,-4968.03
120.1,5.84872,45063.9,-28652.4,12706.0,3707.43,58.9388,-5054.66
120.2,5.8631,45134.1,-27113.5,11804.6,3702.08,28.9503,-5025.03
120.3,5.89564,45170.3,-23413.7,10534.1,3703.11,6.36375,-4919.46
120.4,5.92818,45147.8,-20151.3,9195.3,3717.34,42.6326,-4870.08
120.5,5.94463,45096.2,-18019.1,8220.44,3760.35,102.938,-4941.08
120.6,5.95239,45087.7,-15876.8,8611.76,3805.09,130.476,-4993.08
120.7,5.95434,45065.6,-12342.3,10275.9,3783.77,70.6911,-4967.13
120.8,5.9559,45085.2,-8824.45,12218.4,3761.66,0.60125,-4960.67
120.9,5.96218,45030.4,-6951.24,13204.4,3721.68,-28.5566,-5016.92
121.0,5.964,44933.4,-5309.35,13395.1,3673.16,-4.11669,-5101.72
121.1,5.95265,44805.7,-3258.53,13746.6,3610.08,10.3499,-5083.78
121.2,5.93189,44735.6,-1083.42,15147.4,3577.71,-7.01412,-5004.2
121.3,5.91599,44771.1,352.892,17853.0,3536.12,-22.2906,-4986.82
121.4,5.90621,44845.8,-403.483,20711.9,3530.67,-28.6478,-5005.21
121.5,5.89831,44907.6,-1689.75,22000.4,3531.64,-41.3901,-5012.85
121.6,5.88394,44915.1,-2682.51,21225.3,3534.58,-10.4115,-5004.17
121.7,5.86306,44947.5,-3123.7,19518.1,3537.75,84.622,-5015.54
121.8,5.85654,44921.4,-4193.0,18817.6,3520.15,162.528,-5031.08
121.9,5.87367,44679.6,-6185.58,20412.9,3532.24,136.908,-5044.81
122.0,5.91328,44438.6,-9200.03,24479.2,3589.11,79.3655,-5058.48
122.1,5.95091,44358.5,-12381.8,28342.1,3632.92,-13.7773,-5074.67
122.2,5.96468,44301.1,-14454.5,30056.2,3620.41,-53.6003,-5077.6
122.3,5.95719,44324.3,-16039.5,29367.0,3611.6,-14.376,-5026.52
122.4,5.9486,44494.1,-18159.6,27392.7,3624.42,37.2803,-4984.89
122.5,5.96267,44684.4,-21556.6,25391.9,3653.1,41.1328,-4989.75
122.6,5.99432,44862.6,-25243.9,24537.5,3699.76,43.6043,-5031.17
122.7,6.00538,44865.4,-27406.6,23826.4,3714.91,43.9777,-5036.38
122.8,5.9853,44609.4,-28219.4,22448.5,3726.47,72.593,-4985.6
122.9,5.94098,44417.5,-30455.8,20073.1,3737.22,92.704,-4943.84
123.0,5.90253,44546.8,-32874.2,16595.0,3728.75,85.9331,-5018.77
123.1,5.89822,44800.3,-34511.7,12652.1,3680.21,70.8037,-5063.12
123.2,5.90947,44941.2,-32809.2,9448.01,3643.22,74.769,-5029.42
123.3,5.91216,44914.0,-28506.5,7313.88,3590.77,63.8175,-5001.16
123.4,5.90154,44826.8,-24876.0,6872.99,3523.85,36.1531,-5005.12
123.5,5.88206,44821.2,-22212.6,7485.08,3458.17,-1.34294,-5022.14
123.6,5.88723,45007.9,-19634.1,8004.77,3416.31,1.98572,-4989.71
123.7,5.92875,45168.4,-16018.5,7839.1,3395.9,8.9005,-4920.79
123.8,5.97871,45212.3,-12506.5,7001.46,3396.75,8.84403,-4867.62
123.9,6.01356,45065.0,-9389.9,6205.14,3418.13,-0.35775,-4883.86
124.0,6.02288,44797.3,-7795.87,6307.52,3439.45,-18.3696,-4908.69
124.1,6.01797,44667.5,-6124.28,7374.17,3460.8,-35.5914,-4979.06
124.2,6.02435,44666.2,-5681.44,8052.29,3444.76,-91.5791,-5023.52
124.3,6.03618,44663.5,-4712.78,7839.83,3431.89,-86.3391,-5096.02
124.4,6.03539,44539.6,-3823.47,6024.97,3383.24,-27.305,-5088.79
124.5,6.0147,44387.0,-3144.07,4182.51,3343.51,66.7636,-5025.21
124.6,5.98053,44288.8,-2724.69,3851.5,3298.37,84.0758,-4988.52
124.7,5.94645,44339.4,-2038.16,5540.41,3243.16,22.033,-4991.99
124.8,5.93058,44488.3,-1355.5,8837.77,3216.89,-32.8117,-4958.62
124.9,5.91576,44559.7,-300.453,11128.0,3193.54,-104.684,-4934.96
125.0,5.89924,44631.4,-627.449,11452.0,3180.28,-87.9792,-4949.82
125.1,5.88627,44692.0,-1373.49,10960.7,3182.54,13.7725,-5017.04
125.2,5.8791,44790.2,-3070.06,11433.1,3203.74,102.376,-5029.08
125.3,5.89845,44836.2,-4929.84,13380.9,3223.49,70.0535,-5001.84
125.4,5.93352,44776.1,-7768.37,15977.9,3258.38,-29.9862,-4995.19
125.5,5.95983,44803.7,-10779.0,17697.2,3270.16,-39.078,-5036.41
125.6,5.97423,44930.6,-14555.4,17530.5,3280.77,5.62262,-5042.09
125.7,5.97821,44816.0,-17678.7,16566.4,3281.53,44.417,-5050.81
125.8,5.98524,44811.0,-20792.4,16523.7,3302.47,73.846,-5075.85
125.9,5.99911,44823.9,-22879.8,17734.2,3293.12,46.4962,-5117.56
126.0,6.00443,44743.6,-23262.4,19474.8,3261.4,3.08581,-5129.68
126.1,5.99356,44610.9,-22611.4,20557.2,3234.21,-2.23778,-5073.18
126.2,5.96337,44494.7,-22389.3,20026.6,3217.02,12.6419,-5013.73
126.3,5.92985,44506.2,-23628.1,18140.1,3231.1,47.3289,-5016.32
126.4,5.90647,44611.4,-24040.8,15819.7,3268.22,68.5818,-5067.05
126.5,5.89137,44722.4,-23127.5,14077.6,3281.08,78.4617,-5042.25
126.6,5.87644,44777.1,-20663.7,13055.8,3301.38,56.8394,-5019.03
126.7,5.855,44810.2,-18596.0,12292.5,3304.51,26.9125,-5045.01
126.8,5.83322,44885.4,-15834.3,10983.9,3274.04,20.4699,-5114.85
126.9,5.83149,44919.5,-12716.7,9978.74,3268.39,83.9481,-5067.09
127.0,5.85097,44830.6,-9164.31,9879.99,3255.96,100.699,-4971.23
127.1,5.88017,44735.8,-7115.58,10863.3,3235.23,34.361,-4926.94
127.2,5.91108,44691.2,-6942.56,13236.5,3234.26,-12.1318,-4960.88
127.3,5.91954,44681.7,-7509.55,15091.0,3242.72,-69.327,-4971.73
127.4,5.91766,44868.4,-7736.62,15168.9,3284.23,-86.3917,-4962.08
127.5,5.92751,45099.6,-7236.23,14174.2,3309.66,-36.985,-4996.38
127.6,5.93509,45076.4,-7488.47,12748.2,3318.75,-4.979,-5046.24
127.7,5.94217,45098.5,-7218.01,11901.3,3339.07,7.204,-5113.18
127.8,5.93902,45023.2,-6311.11,12123.3,3345.54,-15.9548,-5114.19
127.9,5.90586,44949.9,-5201.76,12986.3,3334.31,-10.4397,-5074.25
128.0,5.87114,44985.5,-4578.56,14391.3,3364.3,32.8229,-5054.57
128.1,5.84556,44994.5,-5770.63,16333.7,3386.53,35.4678,-5019.32
128.2,5.82369,45014.8,-7838.48,18299.4,3386.19,5.85962,-4976.71
128.3,5.8139,45038.9,-10166.3,19939.1,3397.65,-30.2052,-4958.47
128.4,5.80298,45018.9,-12451.4,21003.5,3410.05,-36.8667,-4984.82
128.5,5.79132,45031.4,-14319.7,20810.4,3395.99,-42.3955,-5040.54
128.6,5.79105,45071.2,-15596.0,19867.0,3374.94,-20.8591,-5078.77
128.7,5.80015,45054.9,-15474.9,18995.7,3335.59,30.3827,-5101.5
128.8,5.81964,45072.5,-15363.0,18691.7,3333.66,65.3091,-5090.72
128.9,5.84811,45100.7,-15515.2,19518.2,3365.82,59.1806,-5069.52
129.0,5.85956,45084.5,-16505.3,20741.3,3415.06,25.0137,-5026.49
129.1,5.85427,45038.2,-16671.3,20996.2,3443.91,5.07569,-4988.02
129.2,5.84785,45048.9,-15494.8,20660.4,3476.89,29.6364,-4942.05
129.3,5.84346,45063.8,-14916.3,20404.3,3475.37,37.7935,-4862.66
129.4,5.84399,45078.5,-14977.3,20243.2,3436.29,-26.7852,-4886.29
129.5,5.84573,45064.4,-15889.8,20371.1,3393.94,-79.7294,-4977.66
129.6,5.83045,45010.3,-16434.0,19750.6,3371.51,-78.4717,-5022.4
129.7,5.80769,45004.2,-16981.9,17974.4,3359.81,-16.3638,-4995.41
129.8,5.78987,45014.2,-18885.4,16358.3,3385.75,64.2195,-5007.36
129.9,5.76821,45004.6,-21178.4,15304.5,3419.81,80.2897,-5084.95
130.0,5.75671,45050.2,-21854.7,15028.7,3468.4,67.8627,-5091.83
130.1,5.75086,45035.0,-20760.8,15231.8,3518.7,44.8015,-4982.49
130.2,5.73765,45020.9,-18748.1,14821.3,3531.29,24.2087,-4912.91
130.3,5.7333,45058.8,-16461.0,13713.4,3517.65,-6.0165,-4962.7
130.4,5.73966,45071.3,-14463.1,13220.3,3508.54,-6.36625,-4970.72
130.5,5.75506,45045.9,-13040.1,13297.5,3499.64,-28.769,-4929.41
130.6,5.77789,45024.9,-12799.4,13577.2,3481.08,-65.5499,-4972.06
130.7,5.79362,45014.7,-14164.0,13854.9,3479.68,-32.7323,-5081.44
130.8,5.79481,45076.5,-14470.3,13352.6,3505.59,27.4398,-5137.48
130.9,5.79511,45069.3,-12502.8,12718.5,3527.09,89.2115,-5099.71
131.0,5.79392,45051.4,-11046.8,13016.0,3545.15,96.384,-5023.9
131.1,5.78085,45034.0,-11190.1,13597.7,3572.38,33.5299,-5035.12
131.2,5.7703,45043.2,-11190.6,13827.4,3612.34,-35.0364,-5094.55
131.3,5.75278,45006.6,-9762.55,13612.8,3600.32,-44.5719,-5048.75
131.4,5.7303,45011.4,-7040.36,12880.8,3568.31,-29.5825,-4956.2
131.5,5.72016,45051.8,-6092.34,12432.6,3543.36,-17.3881,-4953.49
131.6,5.71738,45060.9,-7376.12,12839.2,3540.58,17.4806,-5045.62
131.7,5.71895,45071.3,-9663.08,13554.5,3522.49,64.8399,-5089.83
131.8,5.71977,45056.5,-10520.6,14125.7,3512.45,100.921,-5075.57
131.9,5.71492,45037.2,-9972.42,14479.4,3492.32,126.302,-5058.42
132.0,5.70625,45038.6,-10542.6,14565.3,3462.95,126.86,-5033.37
132.1,5.70355,45058.6,-11340.3,14807.7,3450.57,94.7869,-5058.57
132.2,5.70468,45073.5,-11861.8,15580.7,3451.2,36.8399,-5066.17
132.3,5.71129,45089.2,-12230.1,16324.5,3449.66,-34.1037,-5023.14
132.4,5.72321,45102.9,-11555.8,16924.2,3444.85,-59.6408,-5028.82
132.5,5.73186,45083.3,-11732.7,16889.7,3462.21,-26.711,-5038.92
132.6,5.73253,45061.4,-11275.2,16585.3,3459.16,51.6948,-5067.88
132.7,5.72462,45037.1,-9565.54,17110.4,3421.96,136.448,-5072.01
132.8,5.71144,45032.4,-8175.95,18782.3,3427.48,154.194,-5024.16
132.9,5.69906,45041.9,-7761.65,20923.8,3432.78,111.18,-5001.76
133.0,5.68941,45041.4,-8900.24,22494.2,3481.36,52.0995,-5029.17
133.1,5.67242,45012.8,-11025.4,22426.6,3522.49,28.0718,-5039.2
133.2,5.65278,45017.6,-12885.0,20768.8,3554.86,23.712,-5043.14
133.3,5.64452,45056.6,-14344.0,19161.2,3595.86,39.5445,-5061.3
133.4,5.64946,45094.9,-15702.4,18494.7,3595.41,25.7785,-5088.41
133.5,5.6673,45123.9,-16483.9,18460.1,3580.16,2.1,-5102.25
133.6,5.68016,45076.5,-15936.5,17790.9,3555.37,-2.69075,-5102.56
133.7,5.6722,45015.3,-13745.6,15241.4,3519.55,49.9954,-5077.47
133.8,5.65665,45019.9,-10321.2,11623.9,3500.15,149.766,-5054.61
133.9,5.64413,45033.4,-7056.02,8796.47,3523.45,198.532,-5009.87
134.0,5.64059,45076.0,-5482.44,8111.68,3560.87,168.128,-4984.97
134.1,5.64908,45092.5,-4236.35,9779.59,3587.07,81.9824,-5022.36
134.2,5.65109,45033.2,-3413.12,12620.8,3605.33,7.44544,-5037.54
134.3,5.64544,45041.9,-1928.92,15109.0,3654.51,-25.1134,-5016.78
134.4,5.64557,45045.0,-1029.09,16688.7,3671.15,-31.3336,-5002.91
134.5,5.64337,45027.3,-1764.72,17742.1,3635.04,-11.1468,-5014.7
134.6,5.64303,45066.9,-3718.66,18469.6,3631.38,15.3841,-5059.34
134.7,5.64471,45072.9,-4957.08,19649.7,3661.12,46.0223,-5098.6
134.8,5.63692,45028.6,-5378.24,21066.5,3684.0,53.6702,-5083.43
134.9,5.61622,45001.0,-5837.48,22515.9,3685.15,52.4352,-5049.17
135.0,5.59467,45001.7,-5422.83,23842.0,3680.36,37.5508,-5071.89
135.1,5.57654,45029.3,-5302.92,24096.2,3668.96,3.08875,-5039.41
135.2,5.57904,45088.2,-4827.96,22936.8,3650.48,-16.1885,-4988.74
135.3,5.59944,45031.2,-4164.31,21182.2,3648.07,1.6,-4997.44
135.4,5.61563,44918.7,-4169.08,19314.5,3637.81,2.67925,-5026.36
135.5,5.62377,44853.8,-4005.85,18771.5,3638.42,24.9048,-5057.52
135.6,5.6169,44762.8,-4143.65,20601.9,3645.35,54.384,-5069.7
135.7,5.59341,44725.9,-3671.59,23503.0,3638.27,22.6225,-5104.67
135.8,5.58172,44731.6,-3089.65,25896.2,3656.81,-11.6785,-5115.57
135.9,5.58344,44631.8,-3453.47,26740.9,3700.89,12.9134,-5058.58
136.0,5.5854,44502.4,-5099.77,25474.5,3768.74,65.2341,-4995.11
136.1,5.59134,44385.5,-8496.48,23498.6,3811.09,83.8355,-4971.92
136.2,5.59044,44239.3,-11755.7,23327.2,3830.07,79.1835,-5014.37
136.3,5.58335,44147.5,-14004.2,24508.5,3861.07,14.016,-5052.44
136.4,5.58881,44115.7,-14443.9,26295.8,3845.22,-34.3039,-5099.69
136.5,5.59613,44003.1,-14369.1,27405.0,3826.34,-34.055,-5154.71
136.6,5.58717,43934.8,-14709.5,26367.0,3831.14,-0.497047,-5188.42
136.7,5.58018,43920.3,-14874.1,24371.0,3831.35,91.6426,-5185.47
136.8,5.56728,43809.9,-14545.5,23364.3,3840.18,174.481,-5122.15
136.9,5.55513,43738.4,-13628.5,23182.8,3853.99,132.98,-5009.63
137.0,5.56886,43681.3,-12860.0,23979.4,3869.77,51.4697,-4904.58
137.1,5.58534,43475.1,-10763.8,24617.6,3863.12,-15.4326,-4897.44
137.2,5.58579,43357.5,-8395.11,23214.0,3866.94,-54.6174,-4906.54
137.3,5.58686,43260.2,-5869.17,20472.4,3832.47,-23.3066,-4947.13
137.4,5.5756,43077.4,-5355.52,17579.1,3840.85,31.1816,-5015.36
137.5,5.57257,42985.9,-5173.82,14874.8,3856.22,76.2448,-5154.84
137.6,5.59772,42819.5,-5335.67,13801.1,3872.61,124.55,-5194.88
137.7,5.61383,42570.1,-4389.04,14351.9,3896.62,143.21,-5125.17
137.8,5.61852,42504.3,-4016.17,15289.6,3936.6,112.193,-5029.82
137.9,5.61895,42465.6,-4775.8,16893.6,3978.5,85.2065,-5000.11
138.0,5.60482,42444.1,-4682.73,18708.1,3997.47,62.3273,-5013.88
138.1,5.60611,42546.6,-3847.01,20267.7,4024.76,34.8517,-4987.5
138.2,5.62601,42524.4,-2592.3,22678.1,4011.86,21.4982,-4983.51
138.3,5.62962,42447.0,-3252.74,25857.1,4007.54,35.7248,-5070.88
138.4,5.62017,42452.1,-5263.21,28724.8,3978.21,36.3075,-5196.98
138.5,5.59682,42385.0,-6732.99,31164.5,3924.25,66.6988,-5231.43
138.6,5.56524,42286.8,-7137.53,31536.6,3845.83,83.6898,-5137.16
138.7,5.55957,42204.5,-7113.95,29859.3,3813.34,126.313,-5055.37
138.8,5.57845,41916.7,-9176.59,27339.5,3792.41,165.768,-4999.65
138.9,5.59185,41580.3,-11067.5,25106.7,3812.73,182.311,-5027.13
139.0,5.60458,41308.0,-11840.4,24153.3,3862.39,169.104,-5023.27
139.1,5.60454,40995.2,-11212.9,24735.6,3907.09,139.21,-5001.51
139.2,5.6018,40783.7,-11098.4,25700.7,3948.25,119.924,-5032.76
139.3,5.61515,40604.1,-10917.3,26237.3,3957.09,134.945,-5123.77
139.4,5.63194,40387.3,-10302.2,26278.6,3960.61,182.091,-5147.49
139.5,5.64269,40259.2,-9376.24,26004.0,3987.57,214.408,-5063.2
139.6,5.64887,40188.0,-10845.1,26297.1,4025.27,205.116,-4969.29
139.7,5.64488,40113.6,-14271.7,27619.9,4061.11,163.447,-4981.62
139.8,5.63219,40071.4,-17689.6,28747.0,4059.6,93.6214,-5012.58
139.9,5.62875,40076.8,-19488.1,29218.1,4078.33,81.4754,-4990.17
140.0,5.63176,39982.0,-20162.3,28757.7,4069.42,106.828,-4993.24
140.1,5.6309,39869.6,-22389.4,27910.1,4039.75,163.992,-5066.91
140.2,5.63039,39724.6,-25207.0,27651.0,4020.3,202.384,-5177.76
140.3,5.61992,39511.4,-26188.8,27746.8,4005.15,197.555,-5192.67
140.4,5.61977,39353.5,-24186.9,27935.9,4004.73,202.096,-5113.61
140.5,5.62891,39114.5,-21256.0,27961.2,4017.64,191.658,-5016.18
140.6,5.63405,38882.6,-19081.3,27609.4,4063.24,157.887,-4991.67
140.7,5.63944,38715.9,-16672.8,26432.5,4108.13,93.1435,-5004.51
140.8,5.64351,38540.0,-14188.8,23880.2,4156.74,43.0685,-4953.59
140.9,5.65578,38385.0,-11101.4,20348.2,4186.65,84.3255,-4916.14
141.0,5.67976,38227.1,-9498.18,17050.7,4192.71,169.308,-4940.21
141.1,5.706,38078.8,-9290.61,15258.5,4178.68,204.489,-5025.65
141.2,5.72807,38035.4,-8646.12,15390.4,4160.39,194.463,-5099.45
141.3,5.7405,38056.9,-7293.15,16569.1,4127.03,159.938,-5068.85
141.4,5.73419,38137.5,-7181.71,17373.5,4092.48,119.303,-4990.88
141.5,5.72013,38309.2,-8377.46,17496.0,4107.36,102.79,-5034.61
141.6,5.71123,38432.6,-9792.05,17795.1,4123.08,97.245,-5108.68
141.7,5.70489,38502.0,-9829.45,19365.6,4146.94,87.4987,-5067.41
141.8,5.70844,38543.8,-8451.98,22270.2,4161.61,38.1647,-4976.74
141.9,5.7078,38485.1,-8607.47,25508.4,4138.58,-5.6305,-4955.4
142.0,5.69923,38428.4,-9941.07,27535.6,4110.46,13.253,-5054.38
142.1,5.68906,38349.2,-10407.7,27253.8,4057.93,71.9467,-5103.73
142.2,5.69108,38261.0,-9139.5,25875.2,4020.8,161.049,-5040.86
142.3,5.70809,38102.4,-8826.27,24914.3,4012.37,202.751,-4997.0
142.4,5.73417,37933.6,-10766.5,26106.1,4042.77,203.548,-5099.7
142.5,5.75261,37761.5,-13420.3,28816.1,4088.15,124.581,-5208.64
142.6,5.75453,37696.2,-13716.2,30926.5,4123.96,22.6275,-5162.79
142.7,5.75932,37732.3,-11413.0,31032.2,4142.47,0.162625,-5046.5
142.8,5.77358,37776.7,-9637.2,29447.5,4148.16,52.9594,-4992.06
142.9,5.79716,37860.1,-9572.89,27708.3,4152.05,98.7002,-5015.85
143.0,5.81861,37935.7,-10262.3,27320.6,4120.11,101.623,-4988.31
143.1,5.81977,38031.6,-10757.5,28187.2,4085.36,84.8972,-4917.88
143.2,5.80426,38203.9,-12155.5,28495.2,4070.65,72.653,-4896.6
143.3,5.78535,38360.0,-14825.4,27234.3,4103.73,98.5212,-4983.62
143.4,5.7639,38423.4,-18640.6,24082.1,4155.03,127.71,-5048.61
143.5,5.74606,38483.1,-20930.1,20429.4,4177.46,169.074,-5082.48
143.6,5.74625,38462.1,-22898.3,18382.8,4197.33,196.219,-5051.38
143.7,5.75396,38311.1,-23901.3,18024.9,4196.46,123.406,-5049.38
143.8,5.77521,38184.3,-23877.1,18254.1,4196.05,42.7567,-5051.28
143.9,5.80924,38016.9,-22824.0,18429.5,4207.74,50.7881,-4992.8
144.0,5.83152,37885.3,-20104.9,17457.0,4215.01,95.5984,-4944.4
144.1,5.85197,37950.3,-17814.8,15721.0,4221.23,123.913,-4921.73
144.2,5.86654,38037.7,-16652.6,14870.2,4236.27,150.486,-4936.92
144.3,5.87079,38191.7,-16048.2,14731.6,4260.36,146.598,-4962.69
144.4,5.87917,38420.2,-15084.3,15167.9,4244.91,134.441,-4977.96
144.5,5.8857,38564.1,-13238.8,15807.5,4227.91,101.341,-4993.55
144.6,5.88022,38722.4,-11657.3,15541.6,4205.7,66.6492,-4998.52
144.7,5.8817,38933.8,-10521.2,14610.3,4194.04,63.9766,-5036.06
144.8,5.88149,39018.8,-8229.26,13841.5,4177.3,61.1318,-5080.78
144.9,5.87672,39130.7,-4665.18,14295.4,4154.6,63.3005,-5063.02
145.0,5.87163,39179.6,-2623.07,15888.3,4134.61,33.5597,-4970.64
145.1,5.85333,39172.2,-3359.17,17930.6,4134.6,34.1502,-4977.86
145.2,5.83382,39177.0,-5193.26,18362.8,4155.94,50.2521,-5081.11
145.3,5.8299,39153.9,-5475.65,17714.6,4155.83,114.214,-5098.96
145.4,5.83554,39034.4,-4282.54,17073.8,4120.22,188.247,-5001.21
145.5,5.84964,38943.8,-4067.51,17692.3,4071.29,209.857,-4999.6
145.6,5.87088,38865.1,-5771.71,20342.8,4037.65,181.523,-5131.34
145.7,5.8969,38814.6,-6601.98,24888.7,4036.05,149.872,-5237.02
145.8,5.92229,38810.3,-4780.79,29954.8,4054.43,113.371,-5189.63
145.9,5.94063,38851.1,-3801.62,34576.7,4109.0,97.8367,-5092.68
146.0,5.94194,38937.6,-5752.86,38128.4,4159.15,94.3053,-5119.89
146.1,5.93269,39099.6,-9288.73,40378.3,4197.7,99.8877,-5183.46
146.2,5.92879,39265.7,-10713.3,41919.3,4207.98,109.475,-5130.81
146.3,5.9284,39366.7,-11103.0,42631.7,4213.38,104.802,-4968.94
146.4,5.92749,39444.2,-12739.2,42096.4,4169.79,103.062,-4945.3
146.5,5.91714,39480.8,-15251.7,40511.8,4122.56,129.268,-5110.13
146.6,5.89185,39518.6,-16280.7,38071.4,4088.95,166.329,-5185.23
146.7,5.87378,39730.6,-14594.3,35739.2,4086.3,202.228,-5108.82
146.8,5.86943,39766.6,-13898.6,33735.3,4098.79,178.67,-5046.01
146.9,5.86828,39730.6,-15793.2,31987.5,4152.17,162.568,-5137.45
147.0,5.86963,39649.4,-17280.5,29820.7,4170.55,161.332,-5187.11
147.1,5.86493,39559.6,-16748.9,27450.3,4208.68,180.983,-5004.76
147.2,5.8711,39511.6,-15168.4,24661.5,4251.18,163.191,-4805.58
147.3,5.90247,39470.2,-16418.0,22095.3,4270.91,131.974,-4806.83
147.4,5.94723,39405.9,-19138.9,20028.3,4257.94,113.125,-4942.34
147.5,5.9856,39426.7,-19815.4,18733.2,4234.61,117.419,-5016.27
147.6,6.00817,39578.0,-18229.7,17791.3,4230.04,96.7101,-5006.13
147.7,6.01265,39830.1,-17540.7,17014.5,4190.32,105.437,-5059.81
147.8,6.01344,40160.8,-18621.0,15846.0,4186.81,137.728,-5184.5
147.9,6.0148,40496.9,-17492.1,14017.7,4179.78,164.447,-5220.68
148.0,6.02105,40852.4,-12585.2,12704.4,4191.74,200.844,-5064.2
148.1,6.01893,41149.5,-7620.67,12914.8,4208.22,194.009,-4860.71
148.2,5.99739,41478.4,-5558.27,14375.8,4220.67,117.896,-4856.12
148.3,5.97739,41838.2,-4996.09,17141.9,4248.19,49.7152,-4960.73
148.4,5.95149,42060.8,-3971.97,19785.9,4241.11,-0.77775,-4953.9
148.5,5.93397,42291.3,-1496.51,21146.2,4221.48,-12.8798,-4918.38
148.6,5.93138,42394.5,-1266.34,21739.6,4202.35,47.255,-5008.76
148.7,5.9294,42358.6,-3196.3,22595.3,4203.19,133.08,-5195.74
148.8,5.92522,42309.0,-5022.98,24162.2,4159.23,172.293,-5248.06
148.9,5.932,42241.8,-4219.3,27067.4,4128.29,168.801,-5165.68
149.0,5.94969,42140.8,-2837.99,30966.2,4098.73,145.928,-5061.48
149.1,5.98161,42093.1,-3387.36,34618.1,4097.81,93.7095,-5033.49
149.2,6.01768,42054.0,-4275.91,38121.2,4099.51,46.6488,-5066.12
149.3,6.03289,42071.7,-4416.73,41154.7,4102.98,22.2346,-5056.62
149.4,6.03209,42244.5,-5145.66,43205.0,4080.71,8.0955,-4983.31
149.5,6.03592,42452.4,-8089.46,44687.6,4072.99,9.59519,-5011.47
149.6,6.04004,42651.6,-13462.9,45401.0,4086.55,27.973,-5126.36
149.7,6.04874,42892.3,-17971.6,45086.1,4093.5,87.3526,-5216.48
149.8,6.04355,43085.9,-20099.9,44132.3,4078.45,146.375,-5186.25
149.9,6.0072,43330.9,-21486.5,42970.0,4065.66,188.674,-5120.26
150.0,5.97059,43638.5,-23315.2,42263.1,4095.66,184.368,-5149.88
150.1,5.94246,43793.1,-24466.9,41940.3,4137.61,116.679,-5195.14
150.2,5.9227,43834.3,-22731.8,40336.2,4184.28,28.7307,-5130.38
150.3,5.91636,43785.7,-18879.5,37234.3,4202.57,26.282,-4983.41
150.4,5.9103,43598.2,-17118.3,33248.2,4189.29,68.652,-4906.62
150.5,5.90991,43411.6,-16884.3,29359.0,4184.29,106.799,-4983.96
150.6,5.93573,43188.2,-16754.3,27123.3,4191.14,131.133,-5026.48
150.7,5.96595,42868.2,-15007.6,26435.5,4175.12,138.785,-4936.35
150.8,5.98806,42677.7,-14627.4,25867.2,4155.82,130.819,-4881.35
150.9,6.00314,42551.7,-16382.6,24467.7,4147.34,113.957,-4997.98
151.0,6.00197,42476.1,-18446.6,22166.1,4158.5,116.283,-5109.86
151.1,6.00928,42498.1,-18727.5,19616.9,4182.3,119.91,-5081.62
151.2,6.0258,42447.7,-16404.6,17792.8,4161.17,63.68,-5013.51
151.3,6.03728,42435.6,-15188.4,17321.2,4150.05,16.5567,-5002.26
151.4,6.04159,42501.7,-14616.7,17641.8,4168.48,-5.11013,-5053.27
151.5,6.03382,42615.0,-13700.4,18001.5,4183.92,1.37762,-5051.35
151.6,6.0198,42796.4,-11399.3,18176.2,4220.25,61.0122,-5010.95
151.7,6.00781,42958.8,-9879.88,18613.6,4231.81,132.234,-4991.39
151.8,5.98668,43098.9,-9699.39,19818.9,4237.41,178.288,-5066.74
151.9,5.96421,43246.9,-9604.02,22177.7,4235.45,187.234,-5163.15
152.0,5.93859,43294.1,-8079.1,25303.6,4190.96,153.718,-5171.6
152.1,5.91994,43307.3,-5216.53,28433.3,4173.14,87.032,-5151.4
152.2,5.91891,43216.3,-2767.78,30933.0,4132.49,29.1371,-5143.2
152.3,5.93522,43017.7,-1841.76,32789.7,4100.42,6.36956,-5137.01
152.4,5.95696,42771.2,-900.682,33786.0,4060.65,-3.09387,-5098.73
152.5,5.98143,42562.6,-536.011,34609.9,4037.11,39.9388,-5004.23
152.6,5.99726,42340.8,-1390.73,35274.5,4008.3,81.7196,-4944.39
152.7,6.00364,42209.5,-4449.66,35776.3,3992.96,130.584,-4976.53
152.8,6.01433,42141.1,-8993.84,36196.9,3987.76,188.852,-5052.65
152.9,6.02423,42088.3,-13028.2,36870.6,3998.92,231.507,-5116.98
153.0,6.02759,42085.7,-15977.6,37702.3,3996.86,230.354,-5140.91
153.1,6.02166,42161.5,-19236.3,38705.4,3999.33,177.823,-5139.67
153.2,6.00472,42269.7,-22338.1,39378.5,4026.85,106.403,-5161.49
153.3,5.98668,42418.2,-24790.0,39662.6,4057.64,79.1393,-5150.5
153.4,5.97629,42513.2,-26091.6,38897.0,4114.96,29.8775,-5079.98
153.5,5.9674,42554.3,-25735.1,37062.1,4152.94,19.7565,-5015.81
153.6,5.95533,42534.0,-25221.0,33753.6,4172.66,55.345,-4959.56
153.7,5.93738,42491.3,-23889.7,29991.5,4182.84,161.977,-4968.54
153.8,5.92134,42407.1,-23997.4,26158.7,4226.14,232.766,-4953.92
153.9,5.91799,42264.3,-23542.1,23279.5,4245.89,257.683,-5009.42
154.0,5.9169,42016.0,-23268.7,20819.0,4240.09,230.155,-5040.58
154.1,5.9174,41778.4,-23689.8,18210.1,4240.98,212.234,-5027.29
154.2,5.92728,41511.9,-24089.6,15612.5,4233.07,199.298,-5049.25
154.3,5.94537,41193.2,-25203.6,13878.6,4234.34,158.884,-5068.86
154.4,5.97368,40862.6,-24067.3,13578.4,4235.22,93.0374,-5087.71
154.5,6.00309,40539.3,-21709.3,14462.6,4224.13,34.7773,-5013.93
154.6,6.01223,40304.0,-18069.2,14967.5,4195.36,10.6597,-4958.77
154.7,6.00624,40257.9,-15735.0,14617.9,4215.92,80.6908,-4956.5
154.8,5.99692,40267.6,-14682.2,14045.1,4220.44,192.203,-4977.38
154.9,5.98826,40330.4,-13492.9,14809.9,4225.46,270.691,-4992.26
155.0,5.98807,40395.3,-12813.5,17485.9,4240.86,242.985,-4975.58
155.1,5.97916,40401.7,-11908.4,21169.2,4207.58,128.541,-5005.19
155.2,5.958,40458.4,-11321.2,23685.6,4204.74,21.4275,-5108.27
155.3,5.94068,40514.2,-8453.7,24463.7,4186.71,7.68575,-5203.24
155.4,5.93478,40485.0,-4910.83,24772.7,4172.02,45.8073,-5169.71
155.5,5.93537,40375.7,-2113.64,25941.8,4126.55,47.831,-5093.08
155.6,5.9399,40247.7,-631.098,28529.0,4104.93,24.6098,-5112.52
155.7,5.94018,40053.5,528.696,31395.6,4058.9,36.9715,-5105.84
155.8,5.9323,39869.6,2541.38,33052.6,4015.44,106.401,-4981.79
155.9,5.92973,39690.1,4211.89,33302.9,3969.27,168.98,-4847.54
156.0,5.93492,39446.3,1632.56,33255.9,3945.07,201.949,-4840.56
156.1,5.94729,39199.0,-4548.23,34115.6,3941.76,201.309,-4998.0
156.2,5.9675,38947.4,-10424.8,36522.1,3982.19,161.743,-5165.49
156.3,5.98231,38702.7,-14282.1,39453.6,3976.28,87.9165,-5194.93
156.4,5.9899,38558.6,-17210.7,41678.8,3996.56,53.7815,-5191.76
156.5,5.99661,38473.1,-20863.1,42534.9,4029.4,78.4704,-5245.48
156.6,5.99687,38455.5,-24703.9,42236.9,4087.42,125.392,-5269.25
156.7,5.99858,38536.3,-26917.2,41905.5,4142.62,169.386,-5149.99
156.8,5.99196,38606.9,-26211.7,41600.7,4161.89,161.098,-4993.43
156.9,5.97216,38737.7,-24893.2,40345.2,4181.17,131.545,-4904.98
157.0,5.95355,38881.9,-23265.8,37836.7,4177.31,144.947,-4916.45
157.1,5.93542,38915.6,-21717.0,34079.2,4180.51,167.835,-4961.48
157.2,5.92208,38922.0,-20207.0,30155.7,4182.54,200.169,-4994.0
157.3,5.91704,38816.1,-19777.9,26851.2,4170.16,192.983,-5067.46
157.4,5.91618,38635.4,-21208.4,24732.9,4184.81,204.26,-5134.14
157.5,5.92625,38400.0,-22451.9,23315.9,4184.28,208.855,-5171.65
157.6,5.94224,38085.0,-22109.8,22678.4,4166.16,201.624,-5114.71
157.7,5.94998,37754.6,-20343.2,22394.3,4145.09,150.774,-4984.04
157.8,5.95745,37516.7,-18859.7,22471.0,4152.57,96.0501,-4910.49
157.9,5.97018,37295.5,-17397.6,22938.8,4117.23,62.45,-4915.75
158.0,5.98271,37122.5,-16192.5,23020.5,4115.79,23.0001,-4926.54
158.1,6.0015,37040.9,-14627.0,21923.8,4121.97,15.2315,-4937.27
158.2,6.01866,36992.8,-12959.1,20048.9,4117.34,89.1113,-4996.34
158.3,6.02255,37014.9,-12607.4,17908.4,4114.28,194.662,-5069.15
158.4,6.02189,37158.2,-12272.3,16727.0,4100.94,261.723,-5136.44
158.5,6.01619,37289.0,-10674.3,17450.9,4077.7,261.867,-5171.49
158.6,6.0032,37439.3,-7019.64,20322.9,4056.93,226.184,-5192.33
158.7,5.98504,37559.1,-3554.02,24180.8,4037.92,143.712,-5141.68
158.8,5.95987,37630.6,-2315.04,28318.5,4027.38,75.1245,-5073.46
158.9,5.93036,37615.7,-3412.77,31283.1,4033.95,27.3797,-5055.9
159.0,5.91268,37556.0,-4442.05,32611.2,4046.89,36.2743,-5067.53
159.1,5.92521,37388.6,-5151.49,33706.2,4049.39,125.165,-5003.28
159.2,5.95126,37073.4,-5913.43,35414.1,4024.49,188.727,-4951.42
159.3,5.97908,36802.1,-8533.04,38607.0,4044.21,219.932,-5023.94
159.4,5.98807,36510.1,-12071.2,42400.1,4030.57,212.068,-5176.54
159.5,5.97143,36334.0,-15746.8,45385.0,4041.43,217.757,-5240.44
159.6,5.96073,36248.3,-17933.9,46096.5,4043.62,225.619,-5212.2
159.7,5.97604,36138.5,-21034.0,45540.2,4089.84,246.257,-5164.95
159.8,6.00771,35967.0,-25795.9,44820.8,4144.52,226.017,-5143.34
159.9,6.03205,35839.5,-28692.4,44840.2,4174.6,160.857,-5146.02
160.0,6.03239,35793.6,-28902.4,45054.7,4169.95,78.7019,-5030.71
160.1,6.01157,35897.0,-27062.0,44377.3,4159.76,73.071,-4904.02
160.2,5.99669,36051.3,-25899.6,41464.2,4108.88,122.384,-4885.7
160.3,5.99717,36159.7,-25525.6,37393.0,4074.34,225.185,-4980.41
160.4,6.00041,36186.8,-25668.3,33729.2,4066.71,318.811,-5025.22
160.5,5.98626,36171.9,-24462.5,31384.1,4081.53,328.993,-5044.7
160.6,5.95156,36145.0,-23738.7,30392.8,4108.22,285.745,-5049.4
160.7,5.9131,36083.3,-23584.9,29220.9,4134.96,184.042,-5071.16
160.8,5.90487,35992.3,-23252.7,27029.3,4158.97,118.419,-5071.19
160.9,5.94541,35757.0,-22185.0,24448.6,4214.45,96.061,-5020.58
161.0,5.99384,35401.4,-20132.6,22867.5,4229.74,90.2692,-4965.44
161.1,6.01909,35122.8,-18752.4,22522.7,4241.83,37.8293,-4934.91
161.2,6.01631,34978.7,-17111.8,23614.6,4218.27,32.655,-4970.47
161.3,6.00909,34950.0,-16039.2,24595.8,4210.72,68.745,-5013.88
161.4,6.02202,34952.1,-15636.9,24016.9,4214.26,123.672,-5040.91
161.5,6.04927,34925.3,-15580.8,22176.8,4191.13,207.695,-5089.08
161.6,6.05915,34919.0,-15134.6,20270.8,4179.45,265.423,-5115.68
161.7,6.04135,35017.6,-14668.4,19288.9,4163.79,237.862,-5060.59
161.8,6.01508,35170.4,-13797.3,19939.2,4159.46,141.946,-5021.3
161.9,6.00329,35255.7,-12720.0,21808.0,4151.23,53.3819,-5056.69
162.0,6.01432,35274.0,-10875.4,23968.0,4133.23,0.42575,-5086.35
162.1,6.02868,35214.4,-8636.59,25610.0,4098.98,-12.477,-5050.51
162.2,6.01612,35148.2,-6655.75,26655.8,4064.51,38.8638,-5024.65
162.3,5.98277,35148.2,-6456.71,27689.8,4082.48,127.564,-5052.11
162.4,5.95022,35118.8,-8066.38,28661.7,4110.67,168.966,-5059.77
162.5,5.95121,35022.8,-8981.83,30345.3,4106.1,197.671,-5048.48
162.6,5.97207,34760.2,-8737.61,32167.3,4085.73,163.935,-5008.74
162.7,5.99216,34526.5,-9918.72,33491.5,4076.14,116.678,-4959.37
162.8,6.00636,34334.3,-11600.9,34324.7,4066.18,78.0208,-5020.78
162.9,6.01419,34170.8,-13871.0,35287.3,4084.19,52.0817,-5126.27
163.0,6.03409,34090.7,-15433.0,36609.8,4107.84,24.985,-5172.16
163.1,6.07472,34014.4,-16488.9,38448.2,4119.31,1.31375,-5148.61
163.2,6.10497,33951.2,-18800.9,39559.8,4166.78,2.97475,-5129.67
163.3,6.10778,34071.4,-22314.6,38790.9,4171.19,58.7402,-5143.33
163.4,6.08527,34291.5,-25159.1,35871.0,4195.64,128.35,-5122.09
163.5,6.0504,34565.7,-24976.2,31443.2,4201.27,169.264,-5047.77
163.6,6.03327,34829.7,-23427.3,26734.1,4178.48,159.818,-4935.68
163.7,6.0361,34956.7,-22245.0,23352.1,4154.94,131.896,-4936.37
163.8,6.0405,35001.8,-21868.1,21542.2,4148.78,98.84,-5053.0
163.9,6.03661,35023.7,-22185.9,21140.5,4172.64,91.342,-5129.57
164.0,6.01379,34987.1,-21115.0,21210.8,4196.6,96.378,-5138.06
164.1,5.98937,34962.6,-19814.3,21191.2,4201.69,141.966,-5104.58
164.2,5.98785,34873.6,-19894.9,21237.3,4206.05,171.218,-5065.68
164.3,6.00763,34670.3,-19982.0,22241.6,4203.6,165.619,-5039.16
164.4,6.0322,34436.7,-17884.4,24066.3,4194.11,73.0504,-4977.6
164.5,6.05066,34233.1,-14605.4,25930.9,4197.35,-48.8669,-4882.64
164.6,6.05743,34088.4,-11674.3,27139.8,4193.7,-90.0591,-4873.39
164.7,6.06267,34035.0,-12159.3,26722.3,4217.84,-77.5494,-4968.73
164.8,6.08012,34053.4,-14392.1,25136.5,4231.24,-9.48137,-5100.6
164.9,6.11175,34087.8,-15589.1,23259.6,4235.27,83.1477,-5158.18
165.0,6.13595,34134.9,-13675.0,21464.2,4190.54,145.435,-5132.05
165.1,6.14102,34279.9,-10016.1,20240.4,4139.01,176.6,-5090.58
165.2,6.11939,34445.5,-8723.32,19854.6,4073.75,178.742,-5042.58
165.3,6.08186,34704.8,-8352.05,20154.2,4054.01,136.239,-5074.42
165.4,6.05495,34948.0,-7272.2,20270.3,4050.92,38.7513,-5087.41
165.5,6.04348,35089.0,-5638.28,20440.1,4082.69,8.8585,-5023.72
165.6,6.03047,35090.3,-4789.58,20025.7,4090.05,13.616,-4960.57
165.7,6.01497,35073.6,-5539.35,19648.8,4103.53,55.4715,-5005.29
165.8,6.00477,34956.1,-7291.92,19831.4,4131.04,106.376,-5044.57
165.9,6.0049,34758.4,-8196.61,20437.8,4138.11,144.267,-5000.63
166.0,6.02404,34527.6,-8688.57,20903.3,4117.62,181.166,-4953.96
166.1,6.04987,34253.3,-10084.7,20946.2,4083.24,199.557,-4991.19
166.2,6.06885,34026.1,-12619.5,20640.6,4084.94,205.149,-5092.83
166.3,6.08419,33966.1,-15527.7,21305.8,4124.87,197.892,-5146.52
166.4,6.10114,33974.7,-17671.0,23753.0,4167.62,158.408,-5153.1
166.5,6.123,34011.0,-19840.0,27405.8,4212.59,88.3721,-5121.71
166.6,6.14777,34088.9,-22790.9,30841.0,4253.6,39.671,-5079.54
166.7,6.1596,34246.7,-24267.9,32018.5,4279.33,19.0031,-5061.04
166.8,6.15901,34538.2,-24040.9,30984.1,4275.6,84.1816,-5011.85
166.9,6.14749,34824.7,-22661.2,28987.9,4241.44,155.386,-4941.97
167.0,6.12217,35101.5,-22119.3,27362.7,4231.46,179.136,-4948.29
167.1,6.09367,35344.3,-23601.2,26334.5,4220.8,175.974,-5039.13
167.2,6.06709,35478.1,-25122.6,26167.4,4239.04,210.853,-5175.28
167.3,6.03069,35497.6,-25418.9,25672.3,4241.34,220.082,-5194.87
167.4,6.0021,35476.8,-25314.4,24680.0,4243.86,216.005,-5114.92
167.5,5.99394,35284.7,-25652.2,24642.1,4248.78,225.658,-5081.04
167.6,5.99499,34957.0,-26053.7,25290.0,4228.17,162.24,-5071.08
167.7,6.02063,34652.8,-24734.1,26631.7,4196.63,74.3785,-4989.46
167.8,6.0552,34231.2,-21084.5,28312.1,4166.98,11.2541,-4880.6
167.9,6.07731,34126.7,-18083.2,28981.1,4153.35,3.0875,-4847.24
168.0,6.10349,34112.8,-19502.7,28625.4,4154.22,67.7282,-4917.84
168.1,6.12752,34064.7,-22604.9,28624.7,4183.81,158.895,-5072.43
168.2,6.13976,34066.1,-23341.0,28225.6,4191.96,162.41,-5150.02
168.3,6.15556,34210.7,-22199.6,27333.1,4191.38,139.184,-5041.12
168.4,6.15748,34331.2,-20188.5,25449.1,4174.68,127.042,-4984.24
168.5,6.13778,34579.3,-19820.4,21833.2,4138.04,119.507,-5017.63
168.6,6.12447,34886.5,-20235.0,18148.3,4136.55,118.082,-5021.75
168.7,6.10795,35028.8,-19352.0,16654.9,4141.29,104.804,-4959.28
168.8,6.0804,35168.3,-17696.2,17020.3,4136.98,44.8845,-4928.97
168.9,6.05549,35252.5,-17102.9,18148.7,4162.42,5.86525,-4983.01
169.0,6.02201,35167.0,-16126.5,18860.6,4172.8,57.9419,-5063.3
169.1,5.98654,35061.9,-15350.2,17982.3,4196.13,151.817,-5014.23
169.2,5.98202,34875.6,-15527.7,16978.8,4203.74,219.847,-4910.44
169.3,5.99502,34496.3,-16913.4,17136.1,4192.01,210.716,-4915.29
169.4,6.0214,34209.8,-19293.0,17871.2,4165.88,118.05,-4941.43
169.5,6.05956,34208.8,-20632.8,19045.0,4167.06,35.1058,-4939.14
169.6,6.09215,34101.3,-21230.6,19862.3,4154.42,-3.14802,-4945.93
169.7,6.11859,34067.2,-23357.0,20271.9,4139.7,5.43956,-5017.45
169.8,6.14705,34089.9,-25896.1,20919.1,4132.09,35.7511,-5158.17
169.9,6.17435,34131.6,-27404.2,22354.3,4139.63,92.9046,-5193.31
170.0,6.1911,34304.7,-26013.0,23338.0,4169.88,112.458,-5101.13
170.1,6.19911,34577.3,-24295.3,23493.6,4198.95,129.208,-4946.02
170.2,6.18254,34882.4,-23384.0,22948.9,4212.67,148.158,-4897.81
170.3,6.14803,35270.5,-22855.6,21963.9,4216.33,126.498,-4934.9
170.4,6.11188,35625.0,-23506.1,21559.0,4230.12,87.6246,-4901.69
170.5,6.07642,35849.3,-23900.1,21842.4,4241.52,41.2565,-4907.0
170.6,6.04408,35967.3,-25279.0,22051.8,4244.79,18.6115,-5001.63
170.7,6.01649,35923.5,-27037.4,21302.2,4228.54,26.0607,-5110.27
170.8,5.99546,35722.9,-27124.5,19906.9,4177.92,102.465,-5138.18
170.9,5.98964,35432.2,-25676.1,18512.7,4124.0,168.397,-5065.84
171.0,6.00596,35071.6,-25477.4,18092.9,4089.98,167.96,-4950.0
171.1,6.03907,34673.0,-25553.5,19035.4,4051.92,113.505,-4936.39
171.2,6.07759,34335.6,-25617.3,20565.6,4055.49,44.2427,-4940.81
171.3,6.11563,34234.6,-24166.0,21958.9,4074.85,-6.42163,-4891.93
171.4,6.14312,34177.9,-22355.2,23076.7,4087.34,-13.5863,-4856.94
171.5,6.1578,34187.6,-22461.9,23547.3,4122.69,-23.1809,-4919.41
171.6,6.17334,34330.8,-23883.9,23788.6,4165.45,7.88188,-5038.08
171.7,6.18571,34496.4,-24252.5,23634.2,4170.48,34.6926,-5099.54
171.8,6.18063,34704.7,-23976.0,22407.8,4116.66,24.3359,-5008.66
171.9,6.1574,34976.6,-24191.2,19941.3,4073.8,24.0671,-4948.79
172.0,6.12303,35225.0,-24748.9,17183.8,4086.48,79.9702,-5026.43
172.1,6.08156,35407.8,-24646.6,15152.7,4088.57,123.995,-5070.27
172.2,6.04572,35507.8,-22578.0,14741.3,4084.1,108.08,-5008.1
172.3,6.01442,35471.3,-21216.3,16235.3,4076.13,86.7536,-4933.71
172.4,5.98629,35307.1,-22572.9,17301.8,4080.37,37.0433,-4952.17
172.5,5.97677,35086.8,-24910.7,16885.0,4090.93,48.6756,-5034.48
172.6,5.99017,34713.1,-24877.7,15243.4,4090.42,116.65,-5039.39
172.7,6.01347,34311.9,-23647.6,13628.3,4060.92,165.402,-4915.81
172.8,6.04859,34311.5,-22851.0,13387.1,4040.38,153.43,-4916.04
172.9,6.08801,34207.1,-24962.1,14788.5,4011.52,88.142,-5017.22
173.0,6.11815,34144.2,-26411.7,16477.6,4017.62,38.79,-5124.41
173.1,6.14909,34145.5,-25370.1,17103.6,4050.65,61.1795,-5099.3
173.2,6.17216,34130.1,-23113.9,16587.7,4074.23,119.603,-4998.39
173.3,6.17956,34217.5,-23005.6,15478.1,4091.8,165.307,-4943.87
173.4,6.17895,34432.5,-24440.1,15433.4,4130.4,196.225,-4957.12
173.5,6.1661,34647.9,-24511.7,16707.9,4126.39,166.512,-4927.71
173.6,6.13897,34886.5,-22379.7,18361.9,4074.01,90.1685,-4838.33
173.7,6.09823,35083.6,-20438.6,19143.3,4010.08,33.1087,-4809.82
173.8,6.04498,35196.0,-21025.1,18385.2,3980.26,33.706,-4920.46
173.9,5.99509,35222.8,-23398.3,16801.6,3958.71,91.8845,-5048.79
174.0,5.96094,35065.8,-25054.7,15450.3,3964.44,120.835,-5096.4
174.1,5.9453,34745.8,-24321.5,15070.5,3947.94,133.811,-5071.85
174.2,5.95196,34317.6,-23580.1,15164.6,3962.87,126.19,-5013.98
174.3,5.97006,34177.5,-23754.9,15060.7,3947.22,133.211,-4971.37
174.4,5.99552,34064.8,-23553.4,14788.9,3931.12,172.482,-4949.73
174.5,6.03152,33988.2,-22985.4,15147.5,3924.14,181.071,-4888.3
174.6,6.06811,33901.2,-22319.3,16149.6,3913.84,106.421,-4846.99
174.7,6.10675,33867.2,-22311.7,17274.5,3925.46,12.0883,-4928.33
174.8,6.13912,33821.8,-24029.8,18210.1,3965.53,-4.22363,-5034.79
174.9,6.15019,33821.5,-24297.3,18509.2,4012.84,43.0785,-5134.08
175.0,6.14331,33945.8,-24536.5,18318.5,3993.89,95.6706,-5106.81
175.1,6.12184,34152.8,-25143.3,18709.1,3987.24,146.63,-5045.16
175.2,6.09324,34350.8,-26929.3,18362.3,3989.5,124.094,-5018.21
175.3,6.06853,34514.1,-27666.8,16762.3,3972.51,101.222,-4996.46
175.4,6.03159,34505.6,-25813.9,13799.2,3936.44,104.033,-4921.96
175.5,5.97403,34449.0,-23288.6,10286.0,3854.75,128.863,-4840.26
175.6,5.92182,34335.4,-22281.5,8159.95,3813.66,160.219,-4901.14
175.7,5.88879,34008.1,-23028.0,8572.19,3789.06,145.924,-5053.12
175.8,5.88695,33907.7,-23918.2,11029.4,3801.16,116.66,-5122.02
175.9,5.90914,33789.7,-23017.0,13598.7,3816.71,93.8035,-5076.21
176.0,5.93379,33626.6,-21876.7,15283.7,3837.09,115.771,-5003.44
176.1,5.95054,33482.9,-22050.5,15621.0,3857.77,140.169,-4967.27
176.2,5.98021,33423.6,-23033.5,15375.3,3877.95,122.089,-4955.45
176.3,6.02801,33383.4,-23027.7,16596.3,3879.9,112.853,-4939.06
176.4,6.07983,33317.9,-22709.5,18836.9,3905.67,55.0459,-4914.48
176.5,6.12175,33264.9,-23395.2,21334.7,3935.94,0.87675,-4951.23
176.6,6.12707,33216.4,-25507.5,22377.6,3952.64,-17.3736,-5037.17
176.7,6.09658,33391.6,-26063.0,21120.0,3921.87,43.3064,-5113.35
176.8,6.06118,33660.3,-24562.0,18219.3,3895.98,126.176,-5086.02
176.9,6.03479,33833.0,-22568.4,15411.6,3871.3,163.399,-5000.66
177.0,6.00995,33912.0,-22043.3,13389.2,3828.66,135.574,-4955.83
177.1,5.97876,33903.0,-23258.6,12585.9,3823.42,100.337,-4957.52
177.2,5.92412,33779.7,-24209.7,12214.3,3822.86,76.0176,-4949.68
177.3,5.86572,33636.8,-23134.1,11835.3,3822.2,83.2221,-4932.19
177.4,5.8324,33340.7,-20860.8,11114.4,3791.43,64.6211,-4915.13
177.5,5.82799,33372.3,-19654.6,10916.6,3806.71,92.3319,-4934.53
177.6,5.86062,33283.9,-20677.9,11332.6,3806.03,121.577,-4981.36
177.7,5.90349,33107.8,-22054.0,13070.5,3798.97,137.043,-5035.06
177.8,5.94256,32975.0,-21965.4,15731.9,3782.63,123.202,-5013.84
177.9,5.98483,32886.4,-22261.1,18317.4,3806.55,75.588,-4910.52
178.0,6.02757,32828.5,-23062.4,20156.4,3819.95,33.144,-4902.35
178.1,6.06827,32821.6,-25151.3,20825.1,3845.39,25.3165,-4984.61
178.2,6.09806,32832.8,-27822.1,21059.1,3864.67,34.4258,-4987.67
178.3,6.10165,32986.2,-29299.6,21662.6,3877.22,52.4777,-4982.18
178.4,6.07766,33239.6,-30785.2,22310.9,3873.34,47.5692,-5007.76
178.5,6.03671,33507.9,-32575.8,21954.1,3846.54,37.0185,-5037.29
178.6,5.99661,33762.7,-32630.0,20611.4,3847.9,92.2375,-5047.47
178.7,5.96205,33863.7,-31037.3,18640.5,3839.05,147.333,-4995.18
178.8,5.91976,33851.2,-29396.8,16886.5,3831.79,137.443,-4948.17
178.9,5.87335,33759.6,-28629.9,16662.3,3827.55,127.288,-4971.43
179.0,5.82794,33487.7,-28766.4,17704.3,3846.04,96.8684,-5009.02
179.1,5.80128,33108.6,-28395.8,18881.8,3889.87,55.9691,-5032.33
179.2,5.81067,33061.9,-27701.3,19562.9,3909.43,50.5531,-5025.16
179.3,5.83812,32898.7,-26944.5,19659.9,3881.05,92.5883,-5018.94
179.4,5.87514,32789.1,-26311.6,19902.2,3845.5,137.149,-5032.45
179.5,5.92263,32686.2,-26331.0,21554.5,3801.29,137.555,-5018.83
179.6,5.96941,32580.9,-26159.5,24085.1,3764.24,55.7432,-5015.69
179.7,6.01677,32542.5,-25472.9,26591.0,3754.61,1.23,-5038.34
179.8,6.05448,32486.3,-24778.5,27641.9,3760.65,-13.4139,-5022.57
179.9,6.06258,32473.7,-24788.8,26326.3,3772.66,14.745,-4976.48
180.0,6.05452,32655.4,-25454.7,23522.8,3809.18,85.2666,-4984.79
180.1,6.02595,32822.2,-25597.7,20232.3,3809.96,126.12,-5017.61
180.2,5.98092,33026.9,-23585.0,16349.0,3786.85,115.39,-4997.37
180.3,5.9456,33189.9,-20932.6,13293.4,3764.19,142.349,-4909.9
180.4,5.89736,33135.4,-18971.5,11206.5,3722.93,162.931,-4892.46
180.5,5.84234,33081.3,-19425.4,10014.0,3669.15,151.112,-4943.95
180.6,5.80146,32870.3,-20624.7,10437.3,3636.56,129.755,-4990.47
180.7,5.76456,32651.6,-20005.2,11131.0,3613.65,61.2825,-4964.68
180.8,5.75574,32669.3,-17221.0,10511.9,3582.86,6.16475,-4914.71
180.9,5.78352,32578.4,-15717.0,9245.74,3592.59,33.1333,-4875.24
181.0,5.81676,32393.6,-15587.9,8053.24,3620.76,103.313,-4920.26
181.1,5.8642,32319.6,-14902.0,7833.66,3646.14,125.203,-4973.27
181.2,5.92027,32193.5,-13511.0,10009.0,3676.11,98.5782,-4901.98
181.3,5.96068,32087.2,-12309.5,13414.9,3702.86,52.5983,-4836.84
181.4,5.99974,32099.5,-14258.2,16509.3,3748.59,22.9657,-4883.15
181.5,6.02208,32045.8,-18430.2,18485.9,3789.91,9.3385,-5035.77
181.6,6.01732,32108.2,-20839.7,18908.7,3838.16,17.6781,-5143.75
181.7,6.00755,32294.5,-21591.7,18795.3,3825.16,43.3841,-5078.86
181.8,5.98462,32410.1,-22474.3,19977.4,3817.64,79.8701,-5022.18
181.9,5.94488,32542.3,-24488.0,21927.9,3816.45,66.0087,-5074.96
182.0,5.90427,32650.8,-26706.5,23953.1,3830.13,39.4265,-5127.95
182.1,5.85525,32617.5,-27740.8,25684.0,3822.17,75.5774,-5044.44
182.2,5.79925,32510.8,-27807.1,25476.7,3791.02,89.4792,-4967.73
182.3,5.76174,32358.4,-28361.2,24379.7,3779.72,110.188,-5014.79
182.4,5.74218,32341.2,-29088.5,23931.2,3763.58,123.695,-5101.38
182.5,5.74017,32283.2,-28869.7,24041.3,3767.84,83.4774,-5123.15
182.6,5.76686,32195.0,-27978.9,24097.9,3764.69,13.1529,-5102.99
182.7,5.80168,32049.9,-26211.2,23624.5,3759.37,26.5689,-5132.69
182.8,5.84457,31964.2,-25207.7,22091.1,3761.87,90.9607,-5105.94
182.9,5.90362,31915.4,-24532.8,21465.1,3817.66,158.14,-5029.33
183.0,5.96052,31812.3,-24252.7,23324.1,3862.29,172.075,-4976.1
183.1,5.99592,31762.3,-24664.3,26743.2,3907.76,101.72,-4963.62
183.2,6.0123,31761.5,-25599.1,29770.2,3945.62,20.0072,-4948.91
183.3,5.994,31819.9,-26302.9,29602.1,3934.5,-36.8442,-4950.56
183.4,5.95933,32064.8,-26745.2,26049.8,3909.32,14.3845,-4983.19
183.5,5.92562,32253.0,-28312.8,21063.9,3879.57,88.2425,-5013.36
183.6,5.89023,32360.6,-30088.2,17018.5,3854.78,119.561,-5047.85
183.7,5.8637,32425.3,-31073.4,15378.1,3823.68,110.257,-5051.25
183.8,5.83328,32313.2,-29611.4,15657.0,3777.37,77.6927,-5019.17
183.9,5.78696,32147.3,-26429.0,15204.3,3747.23,27.7913,-4955.9
184.0,5.75089,32099.7,-22551.3,12731.6,3756.68,44.4963,-4903.6
184.1,5.73247,32085.6,-19404.8,8997.03,3744.7,117.395,-4867.07
184.2,5.7396,32082.1,-17524.7,5897.03,3750.0,166.724,-4851.33
184.3,5.78256,32033.0,-15539.4,5631.56,3779.01,128.769,-4882.42
184.4,5.83526,31907.4,-14274.6,8578.96,3792.77,57.755,-4882.61
184.5,5.88192,31796.6,-13607.1,12059.5,3809.52,-19.4182,-4900.66
184.6,5.92293,31732.7,-14458.2,13905.8,3828.22,-41.7956,-4922.45
184.7,5.95983,31723.3,-16154.8,13870.1,3876.56,34.7925,-4975.62
184.8,5.9954,31757.3,-17299.5,13129.5,3900.24,111.112,-4995.92
184.9,6.02633,31811.0,-18373.1,13990.0,3938.38,125.902,-4987.73
185.0,6.03425,31940.2,-20550.7,16907.3,3990.37,80.8096,-4988.04
185.1,6.01021,32189.8,-23260.7,20215.0,4048.5,25.8275,-5047.49
185.2,5.95985,32497.3,-25187.7,21645.4,4071.83,6.26638,-5078.13
185.3,5.90238,32818.9,-24422.0,20556.0,4067.88,62.6245,-5057.43
185.4,5.86248,33075.6,-23889.8,18727.0,4048.1,170.499,-4974.74
185.5,5.84216,33143.7,-24618.4,18654.0,4004.62,205.335,-4973.49
185.6,5.82595,33065.6,-25435.3,21133.7,3982.23,133.434,-5068.52
185.7,5.80626,32861.2,-24365.6,24354.3,3957.78,7.055,-5095.75
185.8,5.77822,32558.5,-21599.6,25750.4,3919.31,-31.5185,-5033.86
185.9,5.76533,32234.3,-19473.8,23510.6,3900.49,20.839,-5006.22
186.0,5.78825,32292.7,-18953.6,19341.2,3899.07,136.167,-5066.1
186.1,5.84577,32222.7,-19071.7,16568.2,3912.15,241.773,-5078.33
186.2,5.90912,32104.9,-18798.9,17437.6,3943.63,243.626,-4978.03
186.3,5.95935,31992.5,-18862.9,21298.1,4001.35,147.535,-4908.05
186.4,5.98591,31916.5,-20234.0,25403.5,4046.47,50.5928,-4938.7
186.5,6.00062,31936.5,-21975.4,27014.1,4078.63,13.5714,-5003.22
186.6,6.0152,32031.0,-23191.4,25318.2,4121.49,43.6749,-4996.81
186.7,6.02858,32207.9,-23285.6,22094.5,4129.61,110.138,-4976.38
186.8,6.02466,32453.9,-25548.8,19895.8,4169.74,178.476,-4975.38
186.9,5.99123,32737.0,-28055.5,19659.9,4155.84,179.185,-5045.91
187.0,5.93856,33072.1,-28805.3,21264.1,4126.67,159.352,-5089.97
187.1,5.88936,33341.2,-27176.7,22671.4,4102.14,124.991,-5011.43
187.2,5.85125,33498.8,-23391.3,21551.4,4034.58,90.6154,-4926.1
187.3,5.83165,33507.2,-19401.9,17856.5,3981.05,111.77,-4910.03
187.4,5.81903,33295.2,-16482.3,13344.5,3941.8,147.677,-4877.65
187.5,5.81083,33058.4,-14470.1,10045.5,3913.09,143.626,-4826.94
187.6,5.82327,32700.8,-13340.8,9378.15,3913.22,98.9812,-4833.71
187.7,5.85161,32479.0,-13169.8,11170.6,3918.16,69.8666,-4891.78
187.8,5.88991,32433.5,-13093.3,12767.6,3943.02,45.018,-4945.4
187.9,5.93959,32392.1,-12288.3,13292.1,3963.07,89.9184,-4941.98
188.0,5.98418,32302.6,-12236.6,12940.0,3998.78,163.981,-4896.19
188.1,6.02106,32295.9,-13178.6,12273.0,4021.76,167.41,-4916.95
188.2,6.05937,32337.6,-15403.1,13112.2,4039.18,114.936,-4945.68
188.3,6.0869,32396.3,-16884.6,15839.2,4085.93,34.8158,-4967.55
188.4,6.09836,32689.0,-17201.2,18861.3,4128.27,-46.3052,-4987.54
188.5,6.09618,33127.0,-17578.6,21246.3,4198.18,-56.603,-5024.14
188.6,6.06961,33612.6,-18927.7,22655.8,4253.21,17.957,-5073.24
188.7,6.02236,34161.5,-19720.4,22623.5,4270.72,91.338,-5106.23
188.8,5.97751,34676.5,-19140.9,22225.2,4262.03,147.939,-5069.89
188.9,5.93412,35001.8,-17625.3,22090.6,4221.86,178.146,-4969.7
189.0,5.90127,35210.4,-17152.8,22253.7,4167.91,164.277,-4903.16
189.1,5.88293,35224.0,-18110.9,23024.7,4127.52,126.612,-4940.95
189.2,5.87442,35054.7,-21017.2,24152.8,4122.52,84.64,-4997.08
189.3,5.87494,34777.4,-22497.0,23837.3,4088.83,13.6421,-5061.26
189.4,5.90284,34439.2,-23333.9,22669.5,4089.36,51.1569,-5080.69
189.5,5.94765,33979.5,-24718.3,21200.3,4103.3,121.49,-5066.87
189.6,6.00228,33626.6,-26100.5,20627.7,4128.67,182.561,-5093.45
189.7,6.06342,33351.1,-26546.6,21864.8,4143.42,188.867,-5069.51
189.8,6.10992,33225.4,-25867.8,24798.6,4178.07,171.16,-4964.26
189.9,6.14265,33359.3,-25434.4,27522.0,4230.77,111.955,-4872.15
190.0,6.16249,33660.2,-25885.9,28996.4,4303.96,49.3821,-4891.91
190.1,6.15503,34091.9,-25185.2,28523.4,4363.03,23.6345,-4975.35
190.2,6.13292,34686.7,-23978.5,26914.1,4376.15,65.128,-4965.51
190.3,6.10694,35260.2,-22556.4,25718.7,4365.84,75.9628,-4947.52
190.4,6.08129,35784.8,-23295.3,26184.3,4353.57,76.8515,-4999.09
190.5,6.05859,36204.0,-24419.9,27301.6,4323.67,43.8199,-5074.36
190.6,6.02145,36480.4,-22694.0,27384.6,4237.75,14.9043,-5059.9
190.7,5.97395,36715.2,-18586.9,24729.7,4169.06,17.6723,-4928.81
190.8,5.94142,36857.3,-15513.2,20326.3,4118.78,89.516,-4805.91
190.9,5.93873,36777.6,-16708.7,16791.8,4134.86,147.447,-4826.49
191.0,5.95583,36528.7,-17937.0,15520.4,4150.37,99.946,-4958.42
191.1,5.9881,36207.5,-17933.2,16262.8,4161.36,5.25275,-4946.0
191.2,6.01575,35823.4,-16526.5,17155.9,4169.93,-26.7715,-4829.14
191.3,6.04641,35565.8,-15540.2,16280.7,4194.29,13.1115,-4851.29
191.4,6.09983,35389.9,-17383.7,14379.0,4231.67,93.6845,-4967.43
191.5,6.16225,35231.5,-19201.1,13210.5,4224.88,117.636,-5005.47
191.6,6.21264,35280.5,-19098.7,14257.5,4259.93,96.0276,-4941.64
191.7,6.24232,35513.0,-18283.0,17259.8,4291.19,27.5146,-4909.48
191.8,6.2323,35911.1,-19005.3,20562.7,4318.09,-38.8595,-4987.09
191.9,6.20381,36529.7,-19953.8,22454.5,4353.58,-53.5351,-5085.47
192.0,6.1756,37154.6,-19543.8,22621.1,4348.63,-13.1101,-5040.58
192.1,6.1451,37741.7,-17842.6,21648.9,4328.25,41.0709,-4933.11
192.2,6.11847,38295.9,-17326.7,20492.8,4299.26,74.0204,-4910.32
192.3,6.08811,38697.2,-19000.6,20235.6,4267.68,89.4918,-4952.47
192.4,6.04877,38963.1,-19952.8,20605.9,4218.76,77.8203,-4988.16
192.5,6.01278,39123.8,-19768.3,21337.3,4184.66,87.0761,-4968.53
192.6,5.99212,39076.4,-20522.7,21882.9,4176.29,109.376,-4961.48
192.7,5.99028,38895.3,-22258.6,21757.4,4211.07,132.706,-5071.57
192.8,6.01771,38599.3,-24259.1,21478.0,4277.06,152.649,-5129.47
192.9,6.05337,38159.4,-24610.0,21557.9,4304.06,148.859,-5053.61
193.0,6.09132,37811.5,-23547.4,21592.2,4330.86,107.056,-4938.03
193.1,6.14473,37575.6,-22931.9,21685.2,4355.36,82.1695,-4891.91
193.2,6.20233,37411.2,-23572.1,21523.6,4383.96,71.2237,-4890.04
193.3,6.25221,37485.8,-24106.2,21042.6,4410.62,68.0173,-4892.54
193.4,6.28681,37771.6,-24392.7,21323.0,4445.12,103.592,-4912.75
193.5,6.2846,38198.7,-25351.2,23096.2,4464.69,144.723,-4973.84
193.6,6.24861,38804.4,-27901.7,25035.8,4471.34,124.715,-5069.45
193.7,6.20554,39452.5,-28553.8,25929.6,4428.59,72.204,-5155.47
193.8,6.16192,40021.0,-26497.8,25581.5,4394.54,76.1083,-5126.56
193.9,6.12229,40474.3,-22705.2,23081.9,4347.22,61.2675,-5012.09
194.0,6.09446,40808.5,-19755.7,20506.9,4304.01,56.9296,-4935.07
194.1,6.06426,40916.0,-16830.6,18974.8,4257.07,40.3978,-4951.6
194.2,6.04271,40978.6,-12735.4,18895.7,4259.67,28.6494,-4934.85
194.3,6.04344,40856.4,-9135.32,19483.0,4250.46,21.5693,-4828.39
194.4,6.0498,40576.5,-8142.7,19273.0,4234.99,43.1839,-4829.77
194.5,6.06339,40313.9,-10335.2,17315.3,4229.8,126.006,-4973.91
194.6,6.09115,40035.4,-12498.7,14710.1,4244.64,217.227,-5083.05
194.7,6.12924,39759.3,-11321.9,12761.5,4213.55,210.105,-5043.8
194.8,6.18438,39598.0,-9574.8,12867.8,4208.4,137.594,-4959.59
194.9,6.24597,39490.0,-10063.1,15298.1,4219.35,36.6372,-5010.81
195.0,6.28324,39542.2,-12720.9,18373.0,4221.74,-67.921,-5105.51
195.1,6.29703,39891.3,-13549.6,20591.3,4230.87,-93.4238,-5118.28
195.2,6.29879,40371.1,-11384.3,22129.1,4274.29,-9.99625,-5019.8
195.3,6.28137,40889.2,-10779.9,22912.4,4267.76,74.5796,-4905.92
195.4,6.261,41516.4,-12255.9,24397.2,4274.55,147.895,-4979.11
195.5,6.22756,42007.5,-14196.0,27381.3,4264.42,169.601,-5069.75
195.6,6.16502,42488.4,-13527.7,30375.5,4236.68,119.462,-5043.84
195.7,6.10228,42818.5,-11692.6,31866.5,4195.79,48.8375,-4964.63
195.8,6.05245,42907.9,-11895.0,32122.2,4185.05,41.7687,-5031.13
195.9,6.0193,42966.5,-14616.2,30995.5,4219.78,71.2445,-5183.83
196.0,6.03291,42842.1,-15198.0,30081.3,4268.2,70.235,-5252.99
196.1,6.0595,42392.8,-12115.1,31054.1,4256.7,81.2255,-5140.63
196.2,6.07958,41974.3,-8405.34,32447.4,4253.62,70.927,-4975.73
196.3,6.10712,41629.6,-7548.13,32814.3,4271.53,78.8496,-4922.39
196.4,6.14229,41298.0,-8983.51,31535.0,4300.24,137.831,-4948.51
196.5,6.18867,41112.1,-11123.9,28678.4,4337.28,188.066,-4907.09
196.6,6.24125,41031.4,-11874.8,26031.8,4340.9,178.405,-4865.92
196.7,6.2735,41098.0,-13539.3,25450.6,4360.39,148.635,-4926.28
196.8,6.278,41370.6,-16053.8,26489.0,4349.61,93.9914,-5083.14
196.9,6.26967,41779.8,-17614.6,28218.2,4357.08,24.7956,-5221.06
197.0,6.25368,42178.7,-16699.6,29426.1,4355.78,-13.3558,-5212.21
197.1,6.23083,42612.2,-14571.0,29012.2,4337.95,-1.06059,-5116.86
197.2,6.19531,42973.5,-14106.4,26994.3,4314.0,40.1802,-5023.96
197.3,6.14808,42837.7,-13459.2,24740.1,4327.94,100.787,-5006.39
197.4,6.10132,42885.8,-10963.2,23495.8,4293.24,113.057,-4931.28
197.5,6.07262,43049.7,-7665.97,23540.0,4299.6,71.406,-4786.69
197.6,6.06426,43009.3,-6448.66,23717.3,4298.01,29.8819,-4794.06
197.7,6.06882,42820.6,-8379.85,22493.4,4301.49,27.6944,-4995.23
197.8,6.07939,42640.3,-9519.76,20262.9,4309.31,102.611,-5211.66
197.9,6.09975,42478.5,-8519.94,18215.4,4296.85,157.646,-5207.39
198.0,6.13145,42297.3,-7614.45,17644.4,4271.61,142.88,-5086.68
198.1,6.1831,42150.8,-9410.51,18911.2,4270.9,99.9362,-5082.92
198.2,6.23803,42011.0,-12595.3,21070.2,4263.91,36.9165,-5126.31
198.3,6.26999,42011.1,-13314.6,22567.1,4248.95,-4.35475,-5041.92
198.4,6.28058,42221.1,-10583.3,22981.5,4227.51,-3.79,-4888.36
198.5,6.27772,42565.8,-9971.59,23252.3,4240.52,26.2607,-4801.14
198.6,6.2762,43015.8,-11873.5,24710.4,4283.59,68.1468,-4972.94
198.7,6.27879,43075.1,-13436.2,27738.6,4288.22,57.717,-5158.7
198.8,6.2628,42908.4,-10911.5,31729.5,4268.4,21.4495,-5147.59
198.9,6.22009,42677.0,-8364.14,34445.4,4244.54,10.3575,-4994.89
199.0,6.16623,42622.7,-7802.23,34829.8,4215.36,29.5166,-5042.19
199.1,6.11702,42723.7,-9835.22,33467.4,4202.59,75.1184,-5181.08
199.2,6.09621,42954.0,-9755.0,32281.8,4183.13,103.124,-5163.25
199.3,6.09995,43067.5,-6654.07,32738.0,4179.2,69.4473,-4998.02
199.4,6.10452,42992.5,-7011.57,34267.0,4193.35,13.5042,-4870.04
199.5,6.09933,42885.5,-10378.6,34689.4,4198.7,-19.0635,-4999.06
199.6,6.09291,42765.0,-13850.7,32353.4,4176.31,16.4935,-5114.68
199.7,6.11268,42638.2,-13379.9,27890.8,4167.47,129.457,-5025.05
199.8,6.16954,42471.1,-12558.8,23853.2,4166.62,231.958,-4877.35
199.9,6.23936,42286.9,-15599.2,22598.1,4197.83,235.059,-4959.73
200.0,6.28534,42232.1,-20268.3,24793.6,4220.02,172.152,-5185.0
200.1,6.28602,42372.5,-21880.4,28092.7,4255.12,72.1933,-5218.86
200.2,6.25933,42748.8,-19932.9,30249.8,4284.65,28.9391,-5041.96
200.3,6.23366,42997.8,-17727.2,29897.3,4275.71,18.6882,-4971.69
200.4,6.22652,43060.5,-19077.2,27853.5,4265.57,27.6215,-5026.0
200.5,6.2262,43031.8,-18225.4,25663.5,4234.09,37.513,-5063.39
200.6,6.21362,42909.1,-13763.4,24296.1,4168.19,26.9438,-4926.22
200.7,6.18191,42758.3,-8694.06,23678.9,4115.02,8.70325,-4767.37
200.8,6.14776,42753.2,-7847.81,22943.4,4099.21,20.1303,-4844.93
200.9,6.13102,42880.9,-9164.0,21834.5,4086.85,89.8213,-5100.57
201.0,6.12834,42971.3,-9529.85,21570.8,4123.29,200.876,-5191.27
201.1,6.12684,42990.2,-8341.87,22412.0,4168.74,198.129,-5092.42
201.2,6.11468,43045.5,-9608.01,23963.5,4150.78,100.467,-5044.05
201.3,6.10255,43015.1,-13159.3,24713.8,4127.56,-9.573,-5171.49
201.4,6.11201,42906.9,-14589.4,23564.4,4086.23,-52.316,-5212.4
201.5,6.16598,42754.5,-11234.1,21359.5,4042.13,-50.9333,-5021.51
201.6,6.23771,42506.4,-7606.64,20012.8,3995.34,-49.3597,-4834.82
201.7,6.2828,42413.7,-8027.03,20553.6,3982.59,-46.8069,-4928.33
201.8,6.28556,42547.5,-12038.5,22091.9,4009.25,-13.3208,-5121.1
201.9,6.25871,42879.4,-13494.5,23797.5,4057.26,89.2564,-5171.08
202.0,6.23726,43022.8,-11570.5,24853.6,4083.78,195.165,-5075.77
202.1,6.2352,43110.9,-11382.0,25748.5,4101.87,233.028,-5017.52
202.2,6.22608,43005.6,-13390.8,26610.1,4093.42,164.231,-5145.77
202.3,6.19755,42852.3,-14858.7,28436.5,4079.81,77.6491,-5225.22
202.4,6.15472,42745.0,-13567.2,30814.7,4079.1,-38.7284,-5112.7
202.5,6.11859,42825.9,-11819.5,32560.7,4042.32,-161.176,-4979.24
202.6,6.11147,42955.7,-12975.5,32902.9,4033.84,-187.932,-5033.68
202.7,6.12301,42864.8,-15898.1,31160.7,4036.27,-101.839,-5150.46
202.8,6.13528,42716.0,-16219.4,27999.3,4033.56,65.2172,-5128.23
202.9,6.13745,42593.9,-13959.7,25058.3,4027.52,202.39,-4973.95
203.0,6.12794,42495.9,-13280.5,23848.1,4024.61,269.115,-4895.11
203.1,6.12801,42524.5,-15134.5,23666.7,4023.02,200.578,-5008.86
203.2,6.15288,42507.8,-15953.3,23640.1,4029.45,98.8177,-5113.1
203.3,6.19262,42493.4,-14203.6,23182.6,4051.26,23.6765,-5031.06
203.4,6.22245,42543.0,-12746.7,22711.3,4058.63,-32.6517,-4939.19
203.5,6.22777,42672.5,-14786.1,22850.3,4038.68,-99.2383,-5029.02
203.6,6.2201,42836.2,-18068.7,23487.2,4038.9,-155.37,-5173.53
203.7,6.217,43141.3,-16705.1,22883.5,4043.73,-160.08,-5119.16
203.8,6.23358,43273.0,-11953.1,19906.2,4020.97,-72.7241,-4871.49
203.9,6.2431,43156.4,-8878.39,15213.7,3969.38,60.9414,-4758.02
204.0,6.22159,42909.8,-9442.66,10474.4,3953.56,159.649,-4905.01
204.1,6.17811,42750.1,-10289.0,7859.76,3955.66,179.663,-5067.88
204.2,6.14032,42793.2,-7336.18,8766.53,3945.56,139.893,-5054.41
204.3,6.12925,42992.4,-3147.61,11393.3,3947.96,-0.652578,-5013.06
204.4,6.14939,43176.8,-1903.79,14108.0,3959.1,-106.338,-5102.6
204.5,6.16862,43158.3,-2512.81,15993.1,3966.93,-97.5078,-5245.22
204.6,6.16778,43053.0,-1559.91,17606.7,3971.24,-28.8387,-5208.61
204.7,6.15856,43036.5,1291.82,20172.6,3991.62,-15.1574,-5006.33
204.8,6.16327,43150.3,1114.71,23889.4,4010.43,-64.2862,-4862.77
204.9,6.18662,43235.9,-711.872,27390.7,4012.72,-88.733,-4944.68
205.0,6.21689,43280.9,-3042.69,28604.4,4033.37,-69.0395,-4999.69
205.1,6.22855,43254.5,-3134.44,27898.8,4015.85,18.8754,-4946.89
205.2,6.21133,43070.4,-4284.4,26267.3,3984.7,76.6103,-4942.72
205.3,6.18658,43039.0,-8084.21,25182.1,3965.52,85.6752,-5128.79
205.4,6.18654,43189.4,-11484.1,25173.8,3946.63,52.156,-5313.96
205.5,6.20817,43290.4,-11557.4,25800.0,3932.08,20.0718,-5253.52
205.6,6.22284,43208.9,-9487.15,25780.6,3926.72,-14.5948,-5060.16
205.7,6.20903,42998.6,-9487.87,24821.2,3935.63,-10.0865,-4982.42
205.8,6.16823,42837.3,-11013.8,23460.6,3939.8,19.4805,-5045.97
205.9,6.1318,42899.9,-11934.1,22656.2,3960.22,49.7955,-5017.99
206.0,6.12412,43097.5,-10108.8,22620.6,3968.22,35.5137,-4903.25
206.1,6.13691,43237.8,-8867.22,22705.2,3965.23,9.7085,-4863.51
206.2,6.15425,43247.2,-10904.9,22435.8,3982.62,42.4469,-4960.08
206.3,6.15947,43141.2,-13613.1,21689.0,3992.48,89.5639,-5092.52
206.4,6.15674,43091.9,-14003.0,20983.9,3987.34,90.6363,-5104.05
206.5,6.16406,43171.2,-12879.5,20920.7,4002.34,43.1037,-5025.11
206.6,6.18767,43276.8,-14139.9,21254.7,4041.08,-18.1341,-5017.43
206.7,6.20699,43278.4,-16700.5,20649.6,4037.47,-78.3751,-5122.14
206.8,6.20759,43179.3,-16898.5,18395.6,4007.58,-80.1874,-5162.68
206.9,6.19154,43096.1,-13632.4,15028.9,3980.2,-20.9309,-5016.09
207.0,6.17339,43111.0,-9387.38,11112.7,3944.9,23.5534,-4870.92
207.1,6.17533,43229.8,-8287.53,7951.47,3933.2,73.0352,-4872.41
207.2,6.18786,43264.4,-8872.5,5825.12,3908.15,98.3688,-4948.16
207.3,6.18704,43183.5,-8609.09,4513.41,3875.8,112.088,-4953.07
207.4,6.16916,43077.9,-5989.62,3631.04,3839.65,91.6012,-4938.13
207.5,6.14421,43052.8,-4908.58,3772.69,3830.37,82.1406,-4977.84
207.6,6.12813,43158.7,-5359.34,4625.77,3858.92,42.686,-5126.24
207.7,6.1368,43311.0,-6160.16,6855.94,3875.26,22.0053,-5205.01
207.8,6.14897,43332.4,-4769.85,10293.5,3887.42,5.45025,-5156.7
207.9,6.1544,43288.2,-2339.56,14501.9,3919.5,-10.8448,-5042.62
208.0,6.15407,43226.6,-884.792,18416.7,3931.22,-55.105,-4981.93
208.1,6.15426,43234.9,-1384.77,20996.5,3957.1,-89.5752,-4952.76
208.2,6.16758,43316.3,-1607.67,22154.1,3959.84,-51.4082,-4934.39
208.3,6.18905,43361.0,-1732.26,22051.4,3991.56,-5.2545,-4896.03
208.4,6.20799,43336.3,-3703.23,21683.4,4001.99,32.8375,-4916.85
208.5,6.21709,43239.1,-7137.7,22256.5,4012.53,64.8424,-5091.32
208.6,6.20308,43109.9,-10428.0,23850.9,3982.19,73.1596,-5251.94
208.7,6.18047,43075.3,-11352.8,25344.1,3965.91,39.403,-5250.33
208.8,6.16623,43143.9,-10945.5,25835.8,3968.73,4.84688,-5141.49
208.9,6.16186,43219.5,-11038.1,24785.0,3991.1,15.1079,-5092.36
209.0,6.16022,43226.3,-12468.5,23328.6,3995.77,56.4721,-5056.44
209.1,6.14654,43163.5,-13273.0,22746.5,3999.3,59.4672,-4964.36
209.2,6.12815,43152.6,-14189.0,23386.2,4001.52,12.6422,-4817.65
209.3,6.11762,43220.5,-15440.4,24007.6,3991.44,-30.4631,-4821.68
209.4,6.12214,43337.1,-17529.3,23940.8,3988.73,28.0314,-4968.78
209.5,6.13605,43396.8,-19739.2,22599.4,3990.33,95.4674,-5071.74
209.6,6.15066,43397.3,-21346.3,20919.4,3995.2,136.894,-5082.23
209.7,6.15785,43325.0,-23053.9,19471.1,3997.09,107.049,-5097.22
209.8,6.15546,43279.5,-23544.3,17617.6,3988.43,26.1391,-5136.84
209.9,6.16569,43340.6,-22529.3,15074.2,3979.0,-14.6267,-5057.23
210.0,6.18824,43382.6,-19978.9,11939.6,3977.2,-14.9741,-4885.73
210.1,6.21271,43356.7,-17672.5,8779.67,3980.09,-15.7572,-4790.21
210.2,6.22478,43240.4,-15923.7,6167.37,3986.13,-22.2435,-4818.7
210.3,6.21482,43081.0,-14646.2,4923.36,4008.86,33.9618,-4836.41
210.4,6.18431,42990.2,-14128.0,4019.84,4018.59,83.5393,-4782.53
210.5,6.16201,43069.2,-15345.3,3023.08,4004.41,113.465,-4819.62
210.6,6.15144,43177.7,-18155.8,1808.42,3962.15,115.315,-4954.38
210.7,6.14865,43245.6,-20687.0,896.668,3958.21,110.555,-5049.59
210.8,6.1427,43230.6,-21493.1,587.718,3950.03,33.09,-5017.46
210.9,6.13556,43218.7,-22238.1,2451.15,3975.01,-26.7946,-4978.19
211.0,6.12272,43204.9,-23249.1,5291.79,4002.71,-111.919,-5042.98
211.1,6.1239,43325.8,-23758.0,8293.14,4056.56,-127.822,-5117.98
211.2,6.14895,43436.2,-21255.6,10673.8,4110.2,-73.3084,-5082.77
211.3,6.16879,43419.6,-16862.5,11602.0,4124.53,-8.20225,-4956.91
211.4,6.18302,43352.9,-12125.2,11840.5,4092.52,68.928,-4891.84
211.5,6.18665,43257.0,-10158.1,13354.2,4083.56,140.31,-4884.6
211.6,6.17978,43204.1,-10599.0,15911.7,4050.47,93.4387,-4915.49
211.7,6.18443,43270.9,-11058.2,18510.8,4017.34,-43.3911,-4989.14
211.8,6.19294,43272.3,-11162.7,19875.0,3985.73,-129.806,-5050.9
211.9,6.18973,43230.9,-12098.6,18243.0,3981.0,-129.09,-5057.28
212.0,6.18965,43225.8,-13117.0,14958.8,3987.84,-40.5996,-5109.01
212.1,6.1929,43206.3,-14853.3,12956.7,4038.12,53.1409,-5136.8
212.2,6.18807,43162.2,-16800.3,12937.4,4063.0,62.1581,-5058.54
212.3,6.18263,43130.4,-18085.8,13983.5,4060.36,21.9995,-4955.37
212.4,6.16953,43079.2,-19351.2,14516.0,4077.92,31.0959,-4906.34
212.5,6.15093,43074.4,-21210.4,12737.3,4081.82,75.6765,-4900.08
212.6,6.14122,43116.5,-21459.7,9567.76,4014.07,97.6393,-4947.16
212.7,6.13629,43169.9,-20413.0,6963.23,3976.68,73.492,-4995.6
212.8,6.14552,43254.7,-20228.8,6251.54,3945.53,43.1758,-5008.15
212.9,6.16558,43285.2,-20694.4,6862.65,3928.97,-14.4303,-5071.13
213.0,6.18237,43250.7,-21524.4,7431.46,3909.95,-44.1657,-5080.55
213.1,6.19322,43205.1,-20248.1,6638.69,3904.95,-20.2992,-4989.43
213.2,6.195,43154.3,-17807.3,4333.06,3920.93,34.4495,-4839.53
213.3,6.1929,43153.8,-16047.6,1427.37,3909.09,65.2784,-4765.67
213.4,6.19688,43198.7,-15791.0,-645.935,3905.49,64.4929,-4805.35
213.5,6.2008,43197.6,-16029.6,-1469.25,3920.31,23.5395,-4865.21
213.6,6.20268,43164.2,-15751.0,-1743.22,3942.87,-11.804,-4900.29
213.7,6.19792,43093.8,-16657.9,-2632.97,3945.54,-29.5553,-4941.57
213.8,6.18625,43052.9,-18636.2,-4655.45,3953.43,2.73088,-5049.27
213.9,6.18305,43082.7,-20753.1,-7092.79,3959.32,53.468,-5094.34
214.0,6.19045,43133.6,-20815.6,-8289.26,3951.63,99.3689,-5052.14
214.1,6.20278,43131.2,-20126.6,-7555.21,3934.37,81.7932,-4958.87
214.2,6.20697,43048.1,-19698.9,-4994.75,3934.0,29.5222,-4950.84
214.3,6.19264,42934.0,-18444.8,-2371.84,3934.27,-36.9362,-5009.42
214.4,6.17055,42905.9,-15827.1,-827.82,3939.16,-33.4889,-5022.2
214.5,6.1569,42987.0,-11345.2,149.336,3946.63,29.3525,-4984.94
214.6,6.15683,43105.1,-8748.88,1339.21,3946.65,63.9916,-4939.85
214.7,6.16676,43189.3,-7809.39,3594.17,3926.74,49.4606,-4981.31
214.8,6.17424,43175.7,-7874.52,6602.38,3894.38,-4.77488,-5011.28
214.9,6.17395,43162.7,-6434.09,8795.15,3887.56,-61.6463,-4983.37
215.0,6.17731,43187.7,-4271.99,9003.91,3870.0,-91.1012,-4929.08
215.1,6.18,43206.4,-5130.9,7855.67,3864.85,-40.2988,-4912.78
215.2,6.18035,43238.9,-9722.83,6961.56,3895.52,60.483,-5009.25
215.3,6.18366,43232.1,-14688.2,6702.53,3915.51,63.0342,-5116.39
215.4,6.18507,43227.1,-17799.8,7621.24,3952.84,46.0677,-5083.82
215.5,6.1849,43165.0,-17942.9,7992.86,3921.3,19.7423,-4991.58
215.6,6.17965,43123.7,-18139.4,6709.23,3889.55,32.5875,-4970.38
215.7,6.18119,43125.1,-18979.5,4395.9,3849.97,85.763,-5008.59
215.8,6.18559,43113.8,-19457.6,3235.06,3803.87,122.875,-5018.18
215.9,6.18627,43090.7,-17714.1,3620.27,3765.73,39.4959,-5006.15
216.0,6.19055,43094.6,-14959.6,5668.46,3752.34,-40.9456,-5003.48
216.1,6.18783,43039.4,-11909.5,8279.82,3763.02,-61.6073,-5032.72
216.2,6.16168,42971.3,-10288.3,9157.12,3769.89,-50.0456,-4994.94
216.3,6.13437,43015.9,-9118.8,7916.74,3774.46,-31.0739,-4922.3
216.4,6.112,43130.4,-8413.6,5344.17,3775.09,2.08572,-4837.85
216.5,6.11108,43339.3,-8772.86,2282.9,3814.38,40.603,-4782.68
216.6,6.13615,43468.4,-8642.27,-84.4482,3802.39,33.8944,-4805.54
216.7,6.15738,43435.4,-9151.52,-721.372,3820.62,11.0826,-4842.11
216.8,6.1612,43353.8,-11390.6,-174.645,3833.54,-10.7459,-4902.49
216.9,6.15331,43286.4,-13986.6,818.74,3863.23,-27.323,-5045.91
217.0,6.14664,43325.8,-17163.3,1558.04,3906.36,1.71637,-5153.09
217.1,6.15342,43428.7,-18438.1,1575.16,3917.27,29.8839,-5143.84
217.2,6.1674,43453.9,-18081.1,1047.42,3935.48,16.6194,-5056.68
217.3,6.17556,43391.7,-18274.5,246.353,3937.79,-14.2288,-4922.84
217.4,6.17376,43278.5,-17011.8,-546.223,3916.62,-41.7892,-4905.92
217.5,6.16569,43210.8,-14790.6,-1098.27,3925.29,-48.513,-4894.25
217.6,6.16448,43237.6,-11059.5,-884.193,3944.76,-37.8488,-4881.65
217.7,6.16497,43248.4,-6961.96,200.176,3920.68,-29.2555,-4903.46
217.8,6.15666,43227.0,-4575.27,1856.66,3913.1,-12.5142,-4995.5
217.9,6.13724,43209.9,-3449.75,3744.07,3902.6,26.697,-5084.75
218.0,6.11214,43231.5,-1662.76,5222.78,3868.85,38.1955,-5093.65
218.1,6.09536,43344.6,-862.518,6188.94,3864.74,9.35325,-4973.96
218.2,6.09535,43483.4,-2130.62,6454.01,3860.9,-47.8216,-4889.11
218.3,6.10625,43563.1,-4972.47,6705.87,3879.06,-90.7793,-4925.78
218.4,6.1183,43566.9,-7991.54,7472.61,3917.38,-103.24,-4941.81
218.5,6.12663,43539.6,-10659.2,8986.79,3949.08,-109.277,-4914.47
218.6,6.13068,43506.9,-13380.5,11032.2,3967.79,-89.2223,-4972.4
218.7,6.13188,43512.1,-17373.2,12357.7,3982.46,-48.0315,-5089.86
218.8,6.13962,43563.7,-20491.8,11914.2,3989.55,34.0202,-5176.77
218.9,6.15134,43564.9,-21228.6,9805.08,3955.66,124.461,-5125.05
219.0,6.15833,43521.1,-20571.0,7355.31,3920.55,176.87,-5028.39
219.1,6.16316,43462.6,-20722.5,6130.07,3893.05,136.881,-4979.48
219.2,6.16425,43389.3,-21252.2,6566.54,3884.44,7.00625,-4997.15
219.3,6.15933,43347.6,-19719.6,7383.92,3878.0,-125.018,-4986.31
219.4,6.15369,43322.1,-15874.1,7080.46,3890.48,-162.859,-4913.29
219.5,6.14641,43319.6,-12467.3,5918.52,3925.94,-83.2783,-4858.06
219.6,6.13197,43317.4,-11632.8,3952.46,3963.06,-2.16237,-4879.67
219.7,6.12377,43359.1,-13131.1,2961.57,4006.74,88.849,-4928.45
219.8,6.11088,43363.3,-13679.6,2880.3,4012.29,119.311,-4929.37
219.9,6.10136,43425.3,-13164.3,2841.98,4017.28,87.018,-4874.39
220.0,6.10517,43498.0,-13234.1,2355.1,4036.13,28.429,-4858.68
220.1,6.11021,43531.9,-15477.9,1764.29,4076.99,0.1685,-4945.21
220.2,6.11426,43539.7,-17997.3,869.596,4095.83,-49.9562,-5077.41
220.3,6.12077,43561.0,-19568.3,416.676,4120.91,-92.3952,-5097.6
220.4,6.13441,43601.6,-20115.4,888.903,4119.3,-77.4187,-5057.5
220.5,6.15543,43622.1,-20471.7,949.137,4131.74,-72.0433,-5043.88
220.6,6.1784,43584.7,-19725.7,283.73,4114.27,-31.8035,-5048.82
220.7,6.18294,43431.1,-15841.7,-1166.17,4072.86,45.1842,-4993.71
220.8,6.16596,43311.5,-11895.8,-3263.22,4013.31,104.101,-4826.25
220.9,6.15452,43328.1,-9336.97,-4600.88,3986.59,119.76,-4820.84
221.0,6.1561,43385.7,-8116.27,-3511.8,3981.53,107.062,-4981.69
221.1,6.16274,43407.6,-6686.97,-826.568,3987.82,11.7462,-5069.01
221.2,6.16733,43353.3,-2937.24,2502.77,3985.3,-74.9297,-5044.34
221.3,6.1543,43227.5,-465.79,5299.91,3987.38,-81.8017,-4997.9
221.4,6.12704,43179.6,-1011.62,6180.46,3981.25,-73.1772,-5020.66
221.5,6.11803,43304.7,-2361.3,6161.44,4001.37,-29.9044,-5062.3
221.6,6.13389,43444.4,-2944.14,7248.79,4037.85,30.4154,-4974.24
221.7,6.15101,43451.7,-2800.71,9115.69,4053.8,6.39706,-4845.82
221.8,6.15843,43363.4,-5039.0,11393.6,4036.52,-26.2043,-4848.36
221.9,6.14435,43223.9,-8726.16,12867.9,4027.41,-30.0876,-5005.05
222.0,6.12305,43239.0,-12121.0,11841.4,4065.3,-24.1065,-5102.13
222.1,6.13116,43424.3,-13497.8,8738.3,4080.44,12.5816,-5077.42
222.2,6.16067,43544.4,-15306.7,5237.44,4093.7,70.0878,-5036.3
222.3,6.18993,43541.2,-17928.2,2802.79,4122.95,127.79,-5097.66
222.4,6.21215,43400.9,-20918.5,2756.81,4115.07,130.259,-5092.1
222.5,6.20413,43190.2,-20628.2,4644.77,4097.47,57.525,-5001.46
222.6,6.18516,43135.4,-18929.6,6476.05,4077.69,-25.9093,-4875.23
222.7,6.17924,43196.8,-18263.6,7051.22,4077.82,-28.2507,-4847.89
222.8,6.17753,43232.0,-19445.8,5693.81,4101.24,8.415,-4915.79
222.9,6.17941,43249.9,-21219.5,3551.24,4131.1,60.748,-4958.43
223.0,6.17796,43172.8,-20755.5,2096.37,4140.12,73.3788,-4967.59
223.1,6.17091,43131.6,-19761.8,1763.28,4148.92,58.2796,-4952.05
223.2,6.18234,43174.6,-19867.8,2253.1,4161.82,35.5611,-4968.06
223.3,6.20262,43179.2,-22043.0,2802.91,4230.69,15.1456,-5011.31
223.4,6.22264,43139.9,-22904.4,3167.22,4268.98,30.7186,-5075.67
223.5,6.22929,43017.2,-22435.8,3095.57,4314.69,14.8734,-5049.04
223.6,6.21658,42899.4,-19905.9,2879.43,4308.12,-11.2928,-5017.17
223.7,6.20461,42911.9,-18539.7,2803.16,4302.99,-10.4903,-5017.12
223.8,6.20833,43001.9,-16050.7,2578.0,4298.32,-18.5335,-5091.34
223.9,6.22743,43072.7,-12819.2,2028.78,4272.28,-9.38581,-5054.46
224.0,6.25007,43039.8,-7794.9,1261.58,4214.25,11.1164,-4937.79
224.1,6.25686,42893.6,-4988.98,385.356,4146.87,14.6307,-4834.64
224.2,6.25095,42801.9,-4222.77,-537.418,4092.0,0.841,-4892.82
224.3,6.25178,42810.7,-2791.04,-602.543,4053.71,6.90513,-5009.11
224.4,6.25607,42812.7,592.381,208.673,3986.42,-8.42062,-5003.66
224.5,6.25969,42817.3,4750.09,1546.76,3961.29,-39.3514,-4952.13
224.6,6.25719,42728.6,5015.93,2421.39,3971.75,-67.7353,-4964.26
224.7,6.2471,42654.8,2968.66,2865.12,3986.36,-24.392,-5073.38
224.8,6.24045,42652.3,1712.66,2991.93,4001.14,7.37775,-5075.84
224.9,6.2553,42714.4,2632.05,4366.97,4007.45,11.1335,-4933.33
225.0,6.28085,42719.3,2634.88,6947.15,4028.63,-36.8568,-4847.55
225.1,6.30829,42654.8,-804.28,9895.41,4051.81,-88.01,-4917.93
225.2,6.32148,42500.3,-4256.38,12082.9,4087.29,-94.1833,-5086.87
225.3,6.31653,42372.2,-6146.47,12957.4,4145.5,-47.1113,-5108.02
225.4,6.31109,42349.5,-7474.29,12865.6,4183.58,23.5627,-5040.77
225.5,6.31173,42375.8,-10487.1,13013.0,4196.69,86.6969,-5074.49
225.6,6.31669,42387.9,-14350.1,13794.6,4204.2,90.771,-5177.07
225.7,6.31745,42342.5,-15590.0,14247.6,4196.63,25.9683,-5134.36
225.8,6.31352,42284.0,-14777.2,13707.8,4174.5,-18.3364,-4935.19
225.9,6.30809,42251.9,-15287.8,12013.4,4166.98,-4.05894,-4826.24
226.0,6.30495,42276.8,-18795.2,9282.44,4154.81,12.6548,-4913.61
226.1,6.31728,42344.6,-22046.4,7135.43,4177.91,48.7687,-5031.6
226.2,6.32586,42304.6,-21641.0,5174.34,4163.62,23.6047,-5013.72
226.3,6.33247,42291.6,-20610.7,3279.21,4174.23,51.2971,-4923.27
226.4,6.3448,42239.2,-22238.8,1520.1,4205.62,126.86,-4984.02
226.5,6.35294,42176.1,-25861.9,948.641,4247.83,212.023,-5124.99
226.6,6.36638,42140.1,-26664.7,2037.6,4250.37,192.686,-5114.9
226.7,6.38427,42077.8,-23199.1,4816.31,4265.13,73.1076,-4932.66
226.8,6.39694,41991.3,-19631.0,7386.8,4260.88,-61.8629,-4811.99
226.9,6.41025,41928.9,-18447.1,8390.75,4242.43,-118.749,-4903.57
227.0,6.42099,41847.1,-16863.0,7812.96,4246.02,-90.9857,-5061.84
227.1,6.42759,41795.5,-12892.4,6910.21,4210.03,-27.0662,-5011.79
227.2,6.43719,41754.2,-8149.85,6594.11,4157.45,13.107,-4875.44
227.3,6.44303,41693.8,-6465.25,6990.7,4092.23,45.2707,-4893.69
227.4,6.44627,41630.3,-7716.56,7347.55,4063.04,77.1325,-5024.14
227.5,6.43978,41533.6,-7680.21,6777.06,4018.85,80.6735,-5042.52
227.6,6.42717,41490.3,-4727.26,5673.34,4009.72,79.4885,-4924.67
227.7,6.41666,41484.5,-2478.63,4278.51,3995.12,41.9538,-4860.77
227.8,6.41759,41540.3,-2994.35,4047.35,3996.79,9.20113,-4977.75
227.9,6.43078,41582.6,-5493.1,5537.43,4029.83,-25.0734,-5081.7
228.0,6.44917,41563.8,-5470.26,8305.19,4039.49,-44.8768,-5058.2
228.1,6.4675,41502.3,-3848.56,11058.2,4043.54,-46.4951,-4964.17
228.2,6.47752,41406.2,-3198.98,12396.9,4003.53,-12.1484,-4921.66
228.3,6.48646,41357.7,-5149.4,12493.3,3974.76,77.0642,-4946.21
228.4,6.50369,41336.6,-7922.4,12873.9,3997.14,144.208,-4949.97
228.5,6.51986,41290.5,-10151.7,14012.1,4022.34,108.477,-4918.58
228.6,6.537,41214.7,-12513.7,16246.3,4036.31,25.7449,-4925.75
228.7,6.53794,41048.3,-16097.1,18196.6,4042.58,-60.2217,-5012.0
228.8,6.52124,40953.0,-19469.6,17757.7,4052.5,-105.389,-5119.63
228.9,6.51424,40956.1,-20809.4,14214.7,4026.24,-95.6681,-5140.51
229.0,6.51919,41017.7,-19618.9,9612.88,4009.6,15.9432,-5074.06
229.1,6.5315,41042.6,-17773.5,5155.73,3979.29,100.282,-4982.68
229.2,6.55085,40999.7,-17391.3,3044.06,3940.42,139.344,-4899.95
229.3,6.55194,40845.1,-18431.8,3132.95,3945.1,119.417,-4861.45
229.4,6.53785,40752.6,-19081.7,3652.9,3964.98,75.3505,-4869.2
229.5,6.5287,40789.8,-19781.5,4076.79,4004.16,79.9693,-4881.1
229.6,6.52097,40789.3,-20307.3,4119.03,4011.38,76.1148,-4945.92
229.7,6.52918,40863.8,-22058.3,4007.83,4029.62,44.9425,-5005.48
229.8,6.55546,40892.8,-24055.2,4980.29,3978.64,1.336,-5033.35
229.9,6.57621,40852.4,-26666.7,6446.82,3935.41,-68.2775,-5016.28
230.0,6.59605,40872.7,-27578.5,7162.92,3883.95,-118.267,-5011.28
230.1,6.62202,40867.3,-27214.0,6420.54,3849.68,-112.734,-4979.76
230.2,6.63168,40824.6,-24218.6,3736.38,3818.63,-44.2536,-4943.89
230.3,6.64371,40855.0,-19234.2,109.279,3801.86,56.3046,-4913.91
230.4,6.65527,40821.6,-16446.1,-2484.07,3845.06,121.956,-4868.57
230.5,6.65438,40807.7,-14709.2,-3144.1,3901.71,132.99,-4920.97
230.6,6.65515,40808.8,-13599.3,-2444.87,3925.96,79.1076,-4975.51
230.7,6.6442,40757.4,-11708.8,-1628.87,3888.65,-3.06256,-4931.38
230.8,6.63488,40802.3,-9523.73,-1571.17,3857.0,-47.332,-4868.75
230.9,6.64404,40845.4,-9372.43,-1611.19,3800.54,-66.8123,-4866.33
231.0,6.65704,40840.5,-9850.52,-103.607,3739.64,-83.1081,-4968.99
231.1,6.66721,40830.1,-10014.6,2649.0,3745.99,-160.592,-5014.37
231.2,6.66833,40787.0,-9142.52,5863.2,3722.5,-197.995,-4990.04
231.3,6.65204,40740.3,-8118.02,7119.35,3706.79,-177.447,-4996.58
231.4,6.64298,40811.4,-8139.26,5714.58,3724.61,-69.5257,-5017.68
231.5,6.6605,40883.7,-9219.45,3345.21,3774.28,62.6029,-4966.94
231.6,6.68717,40886.5,-10041.5,1666.76,3812.95,103.365,-4917.38
231.7,6.71515,40887.1,-11637.1,1890.78,3811.38,51.185,-4893.75
231.8,6.72844,40812.5,-12843.2,3657.11,3753.59,-52.5202,-4962.54
231.9,6.72682,40800.5,-13809.9,5214.11,3729.36,-154.225,-5038.83
232.0,6.73235,40840.2,-15171.8,4655.62,3680.84,-202.4,-5056.2
232.1,6.74676,40854.0,-16007.6,2119.7,3644.88,-153.768,-5097.4
232.2,6.76009,40853.5,-17313.6,-902.127,3626.65,-22.9473,-5096.27
232.3,6.76825,40808.8,-18125.4,-3314.37,3598.97,36.2668,-5002.29
232.4,6.76274,40791.7,-17027.3,-4163.35,3605.24,53.9497,-4915.16
232.5,6.76247,40806.9,-15477.5,-3778.74,3635.6,77.472,-4820.36
232.6,6.75813,40783.5,-15074.8,-3601.02,3646.11,47.1579,-4755.36
232.7,6.75477,40807.8,-15764.1,-4399.39,3673.92,-10.1854,-4795.74
232.8,6.75487,40790.1,-16797.3,-5472.6,3635.58,-45.492,-4901.51
232.9,6.74237,40760.2,-18384.7,-7050.8,3562.9,-91.0315,-4948.07
233.0,6.743,40837.3,-19011.6,-8676.51,3486.58,-113.479,-5007.25
233.1,6.76379,40879.2,-17651.8,-9654.71,3438.91,-95.5748,-5093.18
233.2,6.78782,40873.9,-14396.3,-10041.3,3372.62,-58.2256,-5062.57
233.3,6.8113,40868.7,-9629.67,-9370.05,3352.88,-26.6559,-4936.04
233.4,6.81927,40796.9,-5338.78,-7835.04,3353.33,-45.1867,-4818.59
233.5,6.81102,40779.7,-3205.81,-6262.98,3358.72,-69.9526,-4778.53
233.6,6.80709,40804.3,-1050.82,-5439.4,3374.1,-84.7666,-4832.65
233.7,6.80995,40826.7,1745.87,-5031.8,3390.76,-79.7676,-4852.78
233.8,6.82042,40854.4,4255.25,-4720.02,3380.78,-92.5427,-4839.92
233.9,6.83069,40827.6,5001.1,-3526.56,3321.37,-109.844,-4923.5
234.0,6.82278,40755.8,3781.54,-1870.79,3248.97,-139.226,-5067.8
234.1,6.80705,40771.3,2874.12,-776.127,3200.95,-148.677,-5137.03
234.2,6.80178,40797.5,4207.56,42.6242,3136.97,-101.896,-5074.49
234.3,6.79602,40791.0,5844.59,308.163,3102.95,-76.4035,-4957.12
234.4,6.79701,40824.3,4892.99,742.67,3106.87,-64.9327,-4875.88
234.5,6.79845,40797.6,1839.89,1821.45,3174.68,-55.2513,-4894.96
234.6,6.7891,40772.4,-1010.66,2442.7,3248.11,-79.7941,-4921.65
234.7,6.78878,40827.8,-2365.99,2239.59,3280.93,-79.6021,-4902.04
234.8,6.79564,40821.0,-3581.21,1813.99,3259.03,-49.5448,-4908.62
234.9,6.80262,40835.1,-6096.46,1114.06,3201.37,-47.7515,-5002.2
235.0,6.82142,40873.1,-8648.13,370.316,3151.39,-82.1475,-5133.57
235.1,6.83641,40828.5,-9324.76,733.106,3101.45,-64.4265,-5170.82
235.2,6.83643,40801.6,-8155.53,1739.03,3099.99,-52.6367,-5106.32
235.3,6.83415,40797.1,-7696.45,2644.05,3093.04,-88.7727,-5003.95
235.4,6.8271,40779.5,-7754.35,3134.89,3137.0,-120.439,-4975.12
235.5,6.81884,40792.9,-8214.4,2035.85,3224.79,-107.985,-4925.1
235.6,6.81941,40818.8,-7083.2,-386.05,3277.9,-67.1594,-4828.26
235.7,6.81638,40781.9,-6517.71,-2735.67,3242.81,-33.391,-4747.96
235.8,6.80325,40768.7,-6704.43,-4524.69,3148.01,-54.3996,-4822.77
235.9,6.79851,40813.2,-7877.8,-5819.75,3082.18,-98.1155,-4959.63
236.0,6.80312,40818.9,-6939.6,-7081.13,2982.27,-113.216,-5068.07
236.1,6.80727,40824.6,-4085.66,-8787.46,2911.75,-90.4985,-5090.94
236.2,6.81393,40818.8,-1713.54,-9720.41,2889.76,-35.8927,-5079.67
236.3,6.81017,40776.8,-823.079,-8693.93,2908.34,-31.9755,-5080.3
236.4,6.79863,40782.1,103.717,-6370.52,2935.79,-96.3402,-5043.49
236.5,6.80081,40828.9,1866.34,-3867.29,2949.96,-163.249,-4880.61
236.6,6.81288,40847.1,3672.17,-2756.27,2968.96,-200.251,-4707.81
236.7,6.82855,40862.0,5471.78,-3743.66,2926.39,-183.682,-4697.13
236.8,6.84574,40836.9,5089.75,-5210.24,2867.58,-148.408,-4756.16
236.9,6.83613,40747.5,3594.46,-6042.73,2787.33,-125.374,-4856.13
237.0,6.82223,40778.3,1231.15,-5880.22,2743.76,-95.558,-4988.79
237.1,6.81669,40792.6,210.748,-4391.02,2717.82,-54.1124,-5156.72
237.2,6.80321,40766.6,-736.628,-3277.4,2722.31,-46.0641,-5176.89
237.3,6.79715,40804.6,-1254.87,-2313.01,2753.03,-8.55606,-5079.97
237.4,6.78703,40759.4,-3204.81,-415.314,2818.5,17.5816,-4948.65
237.5,6.76525,40748.3,-5985.92,1901.1,2874.41,-61.2253,-4886.15
237.6,6.76172,40828.2,-7699.9,4899.62,2909.15,-171.202,-4854.04
237.7,6.76962,40828.4,-8507.19,7827.92,2951.44,-248.769,-4795.82
237.8,6.7761,40835.1,-9437.56,8734.11,2924.36,-265.022,-4814.59
237.9,6.79035,40849.2,-10527.3,7878.95,2887.21,-194.59,-5004.62
238.0,6.7917,40781.3,-10850.0,6792.4,2841.58,-63.0504,-5190.68
238.1,6.77949,40780.9,-10046.8,6151.3,2794.5,37.3063,-5184.65
238.2,6.77735,40797.1,-9811.9,6696.1,2766.97,44.257,-5078.19
238.3,6.76294,40750.2,-11447.2,7247.71,2771.51,-34.3755,-5035.09
238.4,6.74923,40786.9,-12925.7,5612.6,2817.89,-119.724,-5030.18
238.5,6.74458,40791.1,-12850.6,2266.81,2866.93,-130.783,-4893.76
238.6,6.72984,40752.5,-12285.0,-1463.74,2870.27,-111.205,-4729.17
238.7,6.71862,40800.2,-12361.6,-4588.86,2834.0,-141.374,-4767.1
238.8,6.72559,40834.5,-12843.0,-5931.32,2786.52,-170.6,-4946.97
238.9,6.72943,40821.7,-11055.9,-6723.92,2732.89,-148.465,-5024.25
239.0,6.73468,40825.4,-7608.41,-8473.35,2680.61,-69.1666,-4972.57
239.1,6.73186,40775.0,-6452.65,-10216.5,2666.53,49.3006,-4948.88
239.2,6.70997,40739.9,-8305.55,-11500.6,2675.11,101.144,-5012.25
239.3,6.69999,40804.0,-9616.9,-11426.0,2715.26,41.2894,-5020.14
239.4,6.70045,40813.3,-8372.87,-9875.92,2734.97,-87.8111,-4876.99
239.5,6.70358,40828.1,-5497.34,-8646.67,2756.51,-223.154,-4756.71
239.6,6.71629,40842.6,-3966.86,-8764.17,2734.11,-292.707,-4793.71
239.7,6.71265,40770.2,-2951.69,-10229.1,2661.46,-269.593,-4924.91
239.8,6.70053,40769.3,-1147.72,-12290.1,2579.08,-182.312,-4961.35
239.9,6.69466,40802.5,2424.15,-13530.3,2513.13,-88.3998,-4940.35
240.0,6.69295,40805.1,4564.32,-13001.5,2473.19,6.52488,-4946.38
240.1,6.68619,40773.8,3775.18,-11296.0,2467.07,51.3189,-4990.63
240.2,6.66648,40741.4,1606.76,-8849.07,2523.01,55.759,-5012.7
240.3,6.63725,40718.1,760.831,-6444.55,2594.48,13.9677,-4979.85
240.4,6.61263,40749.2,196.532,-4546.69,2635.19,-70.1615,-4895.5
240.5,6.60763,40829.5,-682.316,-2491.68,2668.63,-142.428,-4905.93
240.6,6.6169,40844.6,-3487.64,-127.232,2650.5,-208.322,-4967.09
240.7,6.63324,40860.4,-6320.82,2419.12,2649.41,-252.196,-5031.13
240.8,6.64794,40836.2,-7163.95,4612.61,2632.92,-246.626,-5072.47
240.9,6.65104,40807.5,-5640.07,5873.8,2631.23,-165.662,-5089.56
241.0,6.64354,40765.5,-3615.43,5721.5,2586.36,-65.8763,-5037.09
241.1,6.62582,40759.3,-4039.41,5057.11,2589.89,35.9798,-4974.17
241.2,6.60709,40755.7,-6397.66,3966.38,2636.38,55.0558,-4973.25
241.3,6.59101,40770.0,-8808.68,2678.76,2661.88,6.25863,-4987.85
241.4,6.57739,40772.1,-8973.49,1024.44,2666.06,-75.2341,-4975.38
241.5,6.56025,40753.1,-8127.41,-1190.65,2639.82,-155.532,-4924.41
241.6,6.54763,40779.0,-8729.19,-3361.45,2612.35,-182.726,-4950.77
241.7,6.54193,40798.4,-11224.7,-4954.42,2586.11,-187.239,-5058.25
241.8,6.53945,40806.1,-11974.8,-6362.94,2554.16,-186.2,-5150.5
241.9,6.54197,40820.1,-8178.76,-7832.44,2529.33,-138.332,-5106.73
242.0,6.53942,40788.0,-4235.05,-9511.99,2542.02,-40.6236,-4925.54
242.1,6.52781,40772.7,-2519.75,-11274.5,2585.84,35.7124,-4863.11
242.2,6.51718,40780.4,-3509.93,-12883.9,2629.37,28.9346,-4921.48
242.3,6.51043,40802.3,-3764.6,-14172.1,2663.97,-34.1991,-4918.31
242.4,6.51305,40825.8,-1849.3,-15597.6,2640.82,-108.484,-4807.97
242.5,6.52417,40849.6,404.326,-16820.4,2625.43,-159.643,-4789.76
242.6,6.53851,40844.7,-188.523,-16799.8,2586.08,-171.641,-4921.79
242.7,6.54183,40801.0,-1303.98,-15498.6,2519.11,-206.741,-5086.25
242.8,6.536,40773.7,-287.473,-13329.4,2444.12,-233.702,-5111.2
242.9,6.51601,40741.9,2402.74,-11617.2,2414.02,-212.488,-4998.63
243.0,6.49467,40807.2,3834.24,-11047.2,2458.51,-125.683,-4921.42
243.1,6.47679,40886.0,3857.36,-10765.1,2509.18,-17.4565,-4935.07
243.2,6.45647,40951.4,3770.74,-9552.81,2571.11,16.6782,-4895.52
243.3,6.43544,41005.5,5306.23,-7578.28,2599.7,-73.4615,-4778.11
243.4,6.41979,41099.7,6587.07,-5167.91,2608.26,-185.515,-4729.35
243.5,6.41398,41209.3,5579.94,-3441.44,2598.38,-242.49,-4848.42
243.6,6.42158,41325.5,3235.13,-2417.59,2586.71,-243.951,-5029.77
243.7,6.4333,41383.4,1448.03,-1256.76,2586.01,-223.471,-5120.21
243.8,6.44244,41387.3,204.744,1169.77,2591.55,-179.507,-5118.96
243.9,6.44302,41357.8,-1568.52,4051.45,2614.3,-180.101,-5121.45
244.0,6.44143,41365.8,-1328.8,6636.1,2644.59,-149.374,-5165.92
244.1,6.43908,41362.2,-369.211,8169.13,2685.42,-101.57,-5022.19
244.2,6.43069,41367.3,782.271,9046.84,2735.14,-53.1121,-4829.04
244.3,6.4225,41375.9,-203.74,9113.16,2748.56,-115.456,-4806.87
244.4,6.41438,41421.0,-2805.35,9765.92,2760.93,-157.412,-4938.28
244.5,6.40507,41436.6,-4016.16,10070.8,2748.56,-226.699,-5033.89
244.6,6.39136,41485.5,-3167.26,9373.39,2704.92,-261.035,-5038.07
244.7,6.38185,41544.3,-3619.47,8001.93,2682.05,-208.462,-5066.46
244.8,6.36154,41568.2,-5841.43,6075.63,2683.7,-128.128,-5201.28
244.9,6.34094,41643.9,-6363.07,3689.28,2692.19,-72.0501,-5266.48
245.0,6.32997,41743.1,-3995.23,1780.65,2739.93,-40.3677,-5081.97
245.1,6.31459,41789.5,-17.8288,-326.355,2741.03,-54.905,-4826.52
245.2,6.30672,41885.3,-35.5242,-3163.29,2768.35,-88.9798,-4702.42
245.3,6.30919,41960.3,-3580.37,-6552.3,2787.87,-112.481,-4751.77
245.4,6.3177,42031.0,-5654.07,-9817.45,2790.12,-108.17,-4845.57
245.5,6.33326,42078.2,-5243.16,-12044.8,2760.2,-112.726,-4839.45
245.6,6.3471,42070.5,-4661.21,-11998.4,2715.18,-110.434,-4886.4
245.7,6.34882,42027.4,-6381.97,-10842.4,2672.67,-135.353,-5073.87
245.8,6.34627,42033.7,-8504.98,-9756.53,2639.8,-135.97,-5221.68
245.9,6.33692,42024.6,-7939.59,-9404.53,2603.79,-96.57,-5135.06
246.0,6.31824,42041.6,-5804.17,-9985.62,2593.9,-59.3779,-4897.86
246.1,6.30526,42109.3,-4431.9,-10236.5,2603.51,-58.8025,-4772.71
246.2,6.29038,42147.2,-4704.32,-9239.19,2643.7,-102.344,-4798.08
246.3,6.2758,42201.9,-4514.26,-7449.87,2675.28,-163.089,-4820.1
246.4,6.26277,42252.8,-1824.37,-5824.51,2670.66,-203.431,-4804.32
246.5,6.24683,42296.1,-943.805,-4991.78,2653.7,-180.891,-4804.93
246.6,6.23301,42389.9,-2908.44,-4890.74,2658.06,-106.506,-4980.52
246.7,6.2301,42493.7,-5893.64,-4569.05,2660.79,-34.2259,-5194.14
246.8,6.22772,42555.8,-8155.31,-3174.91,2668.62,-0.641125,-5188.85
246.9,6.22887,42612.5,-8512.72,-411.711,2704.91,1.02338,-5075.94
247.0,6.23379,42636.8,-8619.0,3283.09,2741.56,-53.5887,-5029.52
247.1,6.23746,42659.6,-9064.88,6861.72,2814.1,-126.444,-5034.71
247.2,6.24433,42673.2,-8607.05,9329.26,2869.38,-179.12,-4958.45
247.3,6.24273,42658.2,-7456.18,10675.5,2877.36,-165.198,-4848.65
247.4,6.23818,42679.6,-7963.32,11027.8,2887.4,-136.754,-4862.41
247.5,6.23856,42747.7,-10707.1,11198.2,2882.23,-106.163,-4986.74
247.6,6.24237,42781.9,-12463.3,11156.6,2858.28,-89.3652,-5133.71
247.7,6.23584,42760.5,-12947.3,10742.2,2812.99,-48.8413,-5141.83
247.8,6.21459,42708.3,-12537.4,9414.31,2763.87,-27.0693,-5105.01
247.9,6.18543,42729.3,-14293.7,7663.5,2798.18,1.82625,-5108.31
248.0,6.15967,42805.5,-15658.2,5938.77,2821.61,-8.02925,-5147.49
248.1,6.13985,42927.9,-15258.1,4738.9,2856.27,-48.5547,-5094.22
248.2,6.12972,43048.7,-12239.7,4102.5,2856.39,-102.142,-4963.92
248.3,6.12424,43119.9,-10022.2,3484.0,2822.66,-145.588,-4850.3
248.4,6.12038,43181.4,-10361.8,1671.03,2798.2,-175.593,-4862.34
248.5,6.12482,43257.1,-12512.9,-1439.17,2766.82,-125.649,-4926.06
248.6,6.1396,43335.5,-13831.8,-4307.28,2742.0,2.094,-4968.58
248.7,6.1541,43347.4,-14599.1,-5873.15,2739.76,68.0126,-4982.72
248.8,6.15995,43314.6,-15887.5,-5674.4,2727.06,40.808,-5053.03
248.9,6.15359,43262.1,-17226.7,-4690.57,2747.69,-31.9675,-5163.15
249.0,6.137,43261.0,-17111.8,-4855.15,2757.34,-79.8792,-5172.63
249.1,6.13087,43365.0,-14462.4,-6453.56,2751.13,-76.8182,-5060.05
249.2,6.13236,43435.8,-11800.7,-8200.01,2749.57,-66.4055,-4913.83
249.3,6.13431,43473.1,-10564.9,-8575.85,2765.24,-84.1073,-4864.16
249.4,6.13226,43459.8,-10410.1,-7090.42,2758.71,-122.059,-4870.25
249.5,6.11745,43405.4,-9716.99,-4622.79,2749.18,-139.483,-4867.75
249.6,6.09098,43407.4,-8611.66,-2738.81,2758.78,-109.363,-4868.07
249.7,6.06616,43487.9,-8725.37,-2511.72,2769.54,-55.1978,-4919.02
249.8,6.04566,43599.7,-10408.0,-3213.42,2801.43,31.1844,-5024.63
249.9,6.03688,43728.1,-13079.7,-3637.41,2882.39,68.906,-5079.51
250.0,6.02867,43797.3,-15960.1,-3066.87,2941.95,16.1625,-5056.44
250.1,6.02862,43862.5,-18496.4,-1322.92,2992.9,-73.3518,-5032.36
250.2,6.03567,43929.4,-18989.5,1073.96,3030.8,-150.404,-5037.67
250.3,6.05126,44003.8,-18290.8,3051.48,3077.07,-200.982,-4985.19
250.4,6.0735,44035.1,-16059.6,4687.06,3083.36,-202.936,-4919.21
250.5,6.08297,43978.7,-14554.8,5808.05,3066.53,-175.921,-4905.37
250.6,6.08324,43947.0,-14616.0,6715.09,3053.91,-109.517,-4942.64
250.7,6.0796,43935.4,-15665.3,7241.7,3051.52,-58.053,-4983.97
250.8,6.07406,43945.8,-17275.2,7619.0,3066.19,-11.4993,-4991.55
250.9,6.06327,43939.9,-18866.6,7315.34,3078.2,-15.9943,-5013.74
251.0,6.04484,43920.2,-20600.9,6952.46,3075.93,-34.455,-5050.39
251.1,6.016,43917.9,-21705.7,6338.56,3073.76,-100.139,-5075.45
251.2,5.99388,44023.8,-22149.9,6158.05,3064.95,-148.153,-5057.51
251.3,5.98286,44150.7,-20956.9,6020.97,3065.99,-203.965,-5054.07
251.4,5.9783,44251.3,-19223.3,5129.91,3084.72,-228.927,-5043.91
251.5,5.98175,44333.5,-17827.9,3622.42,3122.7,-158.067,-5002.61
251.6,5.97877,44313.8,-16371.9,1785.55,3114.63,-56.7809,-4960.89
251.7,5.96832,44321.6,-16172.7,-96.1018,3117.45,3.29262,-4899.62
251.8,5.97279,44419.4,-17147.0,-1277.8,3133.14,40.5679,-4868.0
251.9,5.99166,44495.8,-17859.1,-1608.05,3141.92,44.9454,-4917.58
252.0,6.01137,44495.7,-18362.6,-1621.82,3132.22,-2.24513,-4961.12
252.1,6.02393,44418.0,-18442.3,-1313.68,3113.21,-77.3634,-4991.62
252.2,6.01515,44305.3,-19353.4,-1384.84,3094.78,-162.436,-5025.38
252.3,6.00363,44332.1,-19180.8,-2390.0,3095.72,-204.844,-5098.6
252.4,6.00693,44428.0,-17597.3,-3963.86,3063.77,-181.107,-5096.4
252.5,6.01085,44480.5,-14635.2,-5607.28,3058.46,-120.716,-4984.75
252.6,6.0117,44473.8,-11759.6,-6647.32,3080.21,-38.1325,-4882.68
252.7,5.99868,44387.0,-9621.92,-6528.33,3122.47,25.3145,-4867.67
252.8,5.96823,44325.4,-8472.33,-5219.6,3174.22,59.347,-4868.29
252.9,5.94058,44383.1,-7906.39,-3174.5,3209.33,48.2175,-4855.11
253.0,5.92182,44497.7,-8194.89,-1258.09,3225.88,-17.535,-4894.13
253.1,5.91749,44647.6,-9485.19,279.476,3241.35,-60.5312,-5008.49
253.2,5.92531,44731.2,-11875.4,1615.48,3268.94,-93.1973,-5100.12
253.3,5.93393,44747.8,-14761.3,3691.52,3291.55,-98.8375,-5136.97
253.4,5.94594,44755.5,-17991.8,6527.08,3318.05,-120.532,-5134.2
253.5,5.96557,44770.8,-20143.5,9823.0,3326.32,-127.17,-5122.95
253.6,5.98416,44762.9,-20492.2,11993.5,3354.55,-103.512,-5049.76
253.7,6.00262,44727.7,-20341.1,12429.8,3396.61,-20.8327,-4932.44
253.8,6.00879,44631.3,-20196.1,11905.6,3406.87,79.1366,-4889.91
253.9,5.99832,44556.4,-21844.8,11267.6,3427.44,110.746,-4933.2
254.0,5.99351,44570.8,-24068.7,11475.1,3455.0,78.3724,-5009.56
254.1,5.99476,44599.7,-25134.6,12880.1,3473.97,28.1237,-5090.81
254.2,5.99425,44599.9,-26065.2,14044.4,3489.91,-33.4832,-5126.14
254.3,5.99147,44552.0,-26422.2,14691.2,3478.68,-61.2061,-5169.33
254.4,5.97239,44469.6,-27019.2,14960.4,3460.89,-60.6531,-5177.63
254.5,5.94678,44491.2,-26471.4,15096.7,3435.36,-45.1946,-5118.62
254.6,5.93941,44598.2,-26206.9,15556.4,3420.9,-35.0018,-4967.81
254.7,5.93371,44657.2,-25251.4,15290.9,3407.17,-59.9944,-4897.98
254.8,5.93311,44715.6,-24493.1,12949.4,3426.44,-59.5625,-4884.93
254.9,5.93662,44710.3,-23694.3,9241.47,3426.16,24.8197,-4876.75
255.0,5.93033,44676.2,-23230.2,4922.03,3413.54,96.795,-4872.7
255.1,5.93717,44755.5,-24665.1,1390.89,3395.17,105.95,-4908.0
255.2,5.96108,44828.7,-25876.4,-61.5572,3357.56,60.6782,-5031.27
255.3,5.98587,44839.5,-25643.2,-37.0324,3357.23,3.3175,-5094.85
255.4,6.01285,44799.7,-24534.7,419.304,3372.11,-46.5013,-5040.63
255.5,6.0218,44647.8,-23244.6,314.982,3364.73,-82.1998,-4999.37
255.6,6.01472,44547.7,-22535.7,-577.348,3350.18,-69.8313,-4987.45
255.7,6.01145,44549.9,-20256.7,-1841.49,3358.78,-45.5513,-4936.63
255.8,6.01464,44560.3,-16637.0,-2580.77,3358.73,-17.8449,-4800.42
255.9,6.0136,44515.0,-13149.3,-2722.93,3334.19,-4.1065,-4722.09
256.0,6.00198,44421.4,-12232.4,-2197.15,3331.9,8.21912,-4778.82
256.1,5.97365,44330.7,-13091.2,-1715.62,3326.89,-0.65025,-4900.46
256.2,5.95008,44384.0,-13647.4,-1154.48,3347.03,7.57425,-4990.13
256.3,5.94162,44491.5,-13399.2,-603.008,3340.35,-21.5894,-5031.29
256.4,5.94214,44597.6,-13811.2,672.483,3345.39,-26.5674,-5088.87
256.5,5.94782,44633.1,-16015.2,2943.5,3373.26,-35.3191,-5147.29
256.6,5.94816,44611.8,-18748.2,6344.28,3420.59,-44.127,-5145.02
256.7,5.95006,44622.4,-20669.1,9885.54,3463.06,-75.7944,-5041.34
256.8,5.96045,44679.4,-21868.1,12451.6,3496.95,-101.569,-4917.17
256.9,5.97966,44715.9,-22899.3,13295.1,3501.96,-86.924,-4855.77
257.0,6.00281,44723.6,-23996.5,12744.2,3519.64,-29.5639,-4883.84
257.1,6.02667,44665.6,-24809.7,12486.0,3528.24,23.9919,-4948.52
257.2,6.0352,44538.2,-26485.1,13163.9,3551.89,-8.81462,-4996.26
257.3,6.02759,44425.8,-28855.2,13107.5,3539.85,-110.317,-5084.19
257.4,6.02558,44436.3,-31755.6,12094.5,3564.27,-85.9088,-5183.16
257.5,6.02397,44428.6,-34095.6,9424.31,3594.25,-1.807,-5180.3
257.6,6.02434,44436.5,-34380.0,6213.86,3613.71,65.0957,-5104.31
257.7,6.02875,44389.2,-34787.7,5335.52,3630.72,90.382,-4967.6
257.8,6.00838,44240.6,-34824.0,6413.81,3609.47,-2.5075,-4894.82
257.9,5.98444,44228.0,-34913.1,7480.6,3547.93,-113.693,-4843.63
258.0,5.97575,44296.4,-34607.5,7352.75,3516.45,-139.068,-4822.05
258.1,5.96422,44341.8,-33551.4,4671.88,3459.96,-105.117,-4856.1
258.2,5.96977,44458.8,-32729.0,597.416,3445.9,-32.5588,-4937.14
258.3,5.9849,44483.6,-32979.1,-1641.1,3445.41,53.8853,-5018.52
258.4,5.98798,44437.0,-33688.0,-1916.76,3442.36,41.4404,-5072.81
258.5,6.00202,44483.8,-32943.2,-817.112,3471.73,-28.1833,-5095.62
258.6,6.02108,44466.8,-30112.1,112.932,3486.04,-96.7111,-5035.31
258.7,6.03447,44462.8,-26388.0,-431.792,3523.94,-93.5214,-4896.15
258.8,6.05698,44453.1,-24901.9,-2058.18,3545.05,-70.6381,-4774.96
258.9,6.06767,44348.8,-24639.3,-3088.21,3530.19,-81.134,-4803.94
259.0,6.07067,44286.7,-24054.2,-3392.68,3523.59,-120.055,-4849.55
259.1,6.08192,44241.8,-21486.6,-3543.07,3467.99,-163.245,-4829.85
259.2,6.08647,44166.1,-19192.3,-4206.04,3436.59,-122.682,-4820.78
259.3,6.08441,44068.0,-18584.8,-5713.63,3401.48,-21.6073,-4926.1
259.4,6.07382,43972.2,-19724.2,-6496.7,3389.04,66.1026,-5042.81
259.5,6.04953,43889.8,-19608.3,-6045.41,3383.33,45.2966,-5045.91
259.6,6.02817,43919.9,-19074.3,-5138.04,3374.57,-58.5685,-4935.31
259.7,6.01292,43982.2,-18522.0,-5075.49,3377.22,-140.047,-4902.44
259.8,6.00528,44056.6,-18520.0,-6164.69,3403.15,-123.002,-4962.23
259.9,6.00749,44129.1,-17843.4,-6838.97,3427.8,-50.8372,-4979.24
260.0,6.01399,44154.5,-16220.5,-5201.22,3436.25,-24.2537,-4915.06
260.1,6.02056,44168.9,-16138.8,-1512.64,3427.6,-58.5407,-4862.58
260.2,6.03481,44201.4,-18346.7,2705.4,3402.56,-64.7035,-4906.23
260.3,6.05567,44230.4,-21177.3,6031.58,3411.65,-10.7362,-4985.28
260.4,6.08011,44225.3,-23246.2,8302.3,3433.13,41.5908,-4975.06
260.5,6.09867,44135.7,-24651.4,10232.2,3461.68,-0.30575,-4957.54
260.6,6.10208,44028.1,-27273.4,11698.9,3527.72,-109.612,-5022.4
260.7,6.1039,43959.7,-30225.1,11663.2,3557.79,-180.204,-5120.33
260.8,6.10577,43932.0,-31956.1,9298.89,3599.46,-166.849,-5132.02
260.9,6.11563,43932.3,-29817.5,5212.8,3616.91,-62.5033,-5069.48
261.0,6.13216,43883.0,-28073.3,1934.08,3640.66,78.417,-4929.62
261.1,6.13016,43721.5,-28361.3,675.928,3636.3,119.402,-4854.88
261.2,6.11094,43592.2,-30464.9,960.147,3654.22,79.5645,-4897.76
261.3,6.08094,43514.3,-31344.3,766.018,3643.57,8.79456,-4938.47
261.4,6.04325,43548.3,-29703.1,-1464.31,3591.71,-9.15966,-4917.79
261.5,6.02051,43710.7,-28316.2,-5518.67,3555.99,6.40657,-4902.22
261.6,6.01933,43880.1,-27025.7,-8971.76,3518.23,21.6274,-5043.57
261.7,6.03486,44000.2,-26438.1,-9634.45,3478.31,13.2508,-5143.83
261.8,6.05894,44029.5,-24588.4,-7022.13,3449.9,-23.821,-5071.1
261.9,6.08142,43971.9,-21395.2,-3186.84,3420.4,-96.1762,-4948.9
262.0,6.09693,43931.0,-18307.8,-252.552,3426.94,-100.635,-4896.3
262.1,6.11469,43906.6,-16126.5,610.455,3436.71,-50.0235,-4865.51
262.2,6.12519,43879.7,-13103.7,-66.5294,3440.11,-19.8841,-4824.34
262.3,6.14101,43874.3,-9701.15,-473.652,3448.94,-15.7513,-4791.54
262.4,6.15191,43790.3,-8121.21,243.691,3443.7,-56.634,-4831.6
262.5,6.15475,43699.9,-8261.62,1547.55,3458.46,-93.117,-4974.62
262.6,6.15979,43622.1,-8799.84,2948.49,3452.53,-82.143,-5075.9
262.7,6.1591,43530.9,-9419.79,4282.86,3448.18,-40.1595,-5029.64
262.8,6.15168,43453.1,-9722.88,5318.71,3421.19,-26.7122,-4966.87
262.9,6.13862,43408.0,-12047.9,6158.71,3404.17,-41.7515,-4931.76
263.0,6.12069,43386.2,-14392.9,7064.58,3411.66,-47.8725,-4947.69
263.1,6.10074,43400.8,-16420.4,7548.77,3433.54,-74.5123,-4938.13
263.2,6.08749,43464.0,-16961.8,8770.28,3442.8,-53.7185,-4961.3
263.3,6.07527,43493.2,-17180.2,10903.0,3457.47,-30.8135,-5021.05
263.4,6.06817,43558.7,-17599.5,13419.2,3484.67,-26.105,-5077.67
263.5,6.07545,43641.2,-18392.3,15529.2,3475.88,-32.3963,-5076.48
263.6,6.0912,43697.8,-19072.2,17100.0,3469.93,-15.9676,-5053.63
263.7,6.11871,43759.0,-20457.6,18500.7,3488.35,1.923,-5004.78
263.8,6.15147,43740.5,-21050.4,20358.0,3494.79,-44.347,-5011.44
263.9,6.17472,43660.7,-21061.5,22469.3,3541.28,-131.205,-5030.04
264.0,6.19004,43563.6,-21419.9,23565.6,3594.53,-207.996,-5023.9
264.1,6.19481,43465.6,-21341.9,22826.1,3625.64,-195.492,-5078.03
264.2,6.19476,43393.2,-21837.0,20185.7,3631.97,-113.458,-5105.14
264.3,6.1913,43339.0,-21931.6,16930.2,3601.35,-8.05838,-5069.19
264.4,6.18946,43300.6,-22515.5,14384.2,3568.81,48.6655,-4979.15
264.5,6.18782,43243.8,-23748.4,12958.4,3569.68,31.6546,-4931.33
264.6,6.18026,43168.3,-23739.1,11297.0,3550.15,-61.0202,-4964.1
264.7,6.16264,43093.6,-23114.0,8415.56,3513.79,-115.173,-4960.46
264.8,6.13673,43077.0,-21437.8,4050.71,3477.18,-104.085,-4956.52
264.9,6.11858,43169.7,-19145.0,-45.1382,3446.2,-36.0075,-5022.98
265.0,6.11868,43297.4,-18758.7,-1822.38,3449.31,16.2775,-5060.14
265.1,6.12897,43370.7,-18142.5,-783.862,3448.16,-10.6595,-5046.48
265.2,6.14117,43372.0,-16234.2,1697.58,3442.14,-68.634,-4989.56
265.3,6.15263,43340.3,-13364.4,3698.92,3399.18,-100.105,-4875.71
265.4,6.16525,43330.7,-11129.7,4200.37,3380.76,-101.757,-4795.15
265.5,6.19212,43383.0,-10312.7,4181.13,3400.1,-94.4688,-4799.96
265.6,6.22496,43371.0,-10898.6,5337.73,3421.16,-103.196,-4883.19
265.7,6.24579,43252.0,-10728.5,7745.68,3416.42,-161.594,-5015.35
265.8,6.24784,43115.2,-9527.34,10833.6,3384.8,-179.273,-5094.33
265.9,6.2364,43001.0,-8271.03,13106.2,3345.89,-147.084,-5098.08
266.0,6.22595,43008.7,-7786.54,14359.1,3347.23,-49.9089,-5093.61
266.1,6.22897,43034.9,-8527.01,15311.3,3339.16,12.3426,-5065.4
266.2,6.22875,42989.1,-8759.89,16958.3,3335.07,-17.6098,-4999.57
266.3,6.2171,42886.7,-8963.56,19348.5,3328.21,-100.194,-4896.02
266.4,6.19063,42787.8,-9287.54,21525.7,3331.77,-189.092,-4879.3
266.5,6.16549,42824.7,-10657.7,22859.4,3345.18,-196.009,-4973.37
266.6,6.15785,42950.0,-13204.2,22725.4,3366.2,-156.159,-5070.11
266.7,6.16712,43059.3,-15527.0,22140.5,3369.42,-64.364,-5133.56
266.8,6.17865,43078.6,-18124.8,21369.6,3384.13,-1.68275,-5143.13
266.9,6.19089,43056.4,-21701.1,20526.7,3404.02,19.2976,-5124.17
267.0,6.20324,43027.3,-24908.3,19348.0,3410.99,18.8768,-5105.01
267.1,6.21984,43028.3,-26411.4,17946.0,3410.04,21.7868,-5051.08
267.2,6.24386,43039.0,-26056.7,16978.8,3433.41,6.6595,-4989.81
267.3,6.26632,43000.6,-25111.0,16968.1,3486.74,-44.6408,-4984.27
267.4,6.2784,42896.4,-24743.9,18056.9,3507.63,-79.6705,-5029.29
267.5,6.27304,42777.2,-24148.1,19489.6,3506.26,-84.104,-5079.81
267.6,6.25691,42725.1,-22965.6,20406.6,3467.68,-49.7798,-5055.26
267.7,6.24755,42753.2,-22087.0,20438.2,3434.28,-15.3092,-4975.01
267.8,6.241,42775.1,-21579.7,19371.8,3389.48,-13.017,-4946.51
267.9,6.2368,42779.3,-21370.4,17564.2,3338.72,-22.1812,-4957.9
268.0,6.22563,42716.5,-21865.1,15543.7,3309.89,-37.1763,-4955.92
268.1,6.20254,42669.2,-21213.8,13787.1,3294.86,-44.2443,-5004.87
268.2,6.18447,42708.1,-20703.6,12495.4,3291.32,-45.7751,-5058.94
268.3,6.17289,42785.3,-20467.5,11775.0,3265.61,-37.3544,-5090.89
268.4,6.17431,42904.8,-19352.7,11055.1,3265.2,-18.1446,-5099.1
268.5,6.19524,43002.0,-17742.0,10384.0,3282.48,14.7778,-5038.47
268.6,6.21885,42990.3,-14747.8,9590.58,3285.14,7.77275,-4961.5
268.7,6.23886,42936.9,-12929.3,8444.45,3304.97,-35.9412,-4869.71
268.8,6.2577,42883.5,-11567.0,7192.9,3321.15,-78.0385,-4873.86
268.9,6.27286,42827.5,-9944.38,6071.69,3313.68,-101.89,-4949.14
269.0,6.28473,42801.4,-7582.19,5180.38,3290.87,-103.712,-4991.97
269.1,6.28971,42734.6,-5313.91,4654.99,3254.47,-87.3367,-4982.07
269.2,6.28026,42649.9,-3675.23,4514.09,3213.84,-38.4113,-5000.23
269.3,6.26169,42616.3,-3802.48,4682.88,3171.74,17.2294,-5015.5
269.4,6.24816,42639.1,-3595.37,5933.53,3137.53,63.8125,-4991.49
269.5,6.23347,42648.6,-3921.03,7990.41,3116.46,31.6841,-4893.71
269.6,6.22021,42679.4,-5488.48,10366.0,3108.13,-40.5726,-4845.8
269.7,6.20593,42673.5,-8260.6,12478.7,3111.66,-98.3128,-4917.88
269.8,6.18265,42682.1,-11407.0,13786.5,3170.36,-118.42,-5022.89
269.9,6.16931,42777.2,-13172.7,14475.1,3174.29,-104.089,-5062.81
270.0,6.16773,42872.2,-15321.5,14789.7,3174.52,-102.171,-5041.02
270.1,6.17355,42969.7,-17460.4,14419.6,3164.1,-76.5417,-5085.83
270.2,6.19346,43022.2,-18777.0,12848.3,3165.3,-42.5158,-5136.58
270.3,6.21201,43003.9,-17741.0,10801.9,3146.52,35.176,-5057.21
270.4,6.22786,42965.1,-15195.5,9106.06,3128.25,85.904,-4921.09
270.5,6.24283,42937.0,-14220.8,9496.85,3138.14,85.7805,-4867.39
270.6,6.24991,42886.4,-14628.9,12301.6,3145.32,22.8358,-4960.77
270.7,6.25489,42885.7,-14969.3,16854.9,3186.75,-46.036,-5061.64
270.8,6.24918,42824.8,-12751.8,21397.4,3153.49,-106.956,-5083.31
270.9,6.22999,42789.4,-11072.7,24773.7,3141.79,-121.609,-5048.67
271.0,6.21114,42813.7,-13547.0,26852.0,3147.49,-99.3096,-5048.55
271.1,6.19417,42856.6,-16859.6,27820.1,3148.11,-98.8559,-5163.67
271.2,6.18301,42918.9,-17883.7,27941.6,3138.3,-112.156,-5178.78
271.3,6.17837,42956.6,-15335.9,27412.5,3133.13,-116.059,-5041.29
271.4,6.16592,42930.0,-12444.1,25721.0,3151.45,-120.204,-4975.33
271.5,6.14579,42928.4,-12368.4,23132.2,3163.52,-79.6338,-5060.12
271.6,6.12883,42982.1,-12770.0,20234.4,3199.19,-20.5109,-5187.64
271.7,6.12049,43108.4,-10565.9,17310.8,3212.95,15.587,-5153.89
271.8,6.13371,43262.3,-6763.67,14612.5,3210.12,16.6571,-5013.74
271.9,6.15917,43328.0,-4013.7,12888.3,3218.83,21.5809,-4970.11
272.0,6.17782,43282.9,-3087.6,11795.7,3193.59,-6.612,-5029.33
272.1,6.1919,43238.3,-2502.02,11976.6,3159.9,-37.3867,-5025.6
272.2,6.19852,43184.8,-1108.2,13368.7,3124.17,-87.664,-4941.33
272.3,6.20177,43197.6,-1434.5,15423.3,3123.92,-120.155,-4902.48
272.4,6.20779,43203.2,-3437.02,16765.1,3115.5,-164.587,-4999.88
272.5,6.20047,43170.4,-5262.01,16622.3,3125.02,-144.287,-5099.77
272.6,6.18922,43141.9,-4739.55,15112.1,3120.79,-49.355,-5073.7
272.7,6.17416,43128.9,-4290.51,13726.1,3124.42,45.9038,-4955.93
272.8,6.16325,43162.4,-5734.24,13959.0,3152.1,72.1572,-4964.83
272.9,6.15692,43169.4,-7564.07,15185.6,3169.41,-17.0906,-5074.1
273.0,6.14696,43165.7,-7447.75,16641.8,3189.96,-86.2851,-5073.26
273.1,6.1302,43144.6,-5448.58,16409.9,3188.51,-124.135,-4952.71
273.2,6.11485,43194.0,-5387.3,14740.2,3220.19,-100.358,-4918.09
273.3,6.11021,43291.9,-7651.64,13223.8,3220.75,-23.9995,-5046.86
273.4,6.11498,43378.0,-9201.13,13016.8,3203.82,14.2712,-5139.8
273.5,6.12955,43441.0,-7572.79,14927.6,3178.6,29.7608,-5041.82
273.6,6.13942,43411.4,-5461.15,17478.9,3139.29,-12.2933,-4886.88
273.7,6.14134,43390.2,-6438.41,19833.9,3146.28,-0.178625,-4898.63
273.8,6.13799,43375.5,-9468.96,21150.9,3149.39,19.8239,-5016.76
273.9,6.1319,43417.4,-10458.6,21953.0,3143.84,6.07944,-5063.32
274.0,6.13278,43502.3,-8210.29,23378.0,3116.81,-25.5648,-4994.8
274.1,6.1339,43538.5,-7244.01,25267.9,3129.71,-100.636,-4965.1
274.2,6.13079,43543.1,-9144.94,26810.5,3153.61,-144.932,-5087.39
274.3,6.12349,43520.7,-9998.96,27022.7,3163.88,-138.522,-5218.65
274.4,6.11116,43504.3,-8177.1,26065.9,3190.0,-54.0547,-5088.39
274.5,6.10426,43539.4,-4624.42,24715.6,3216.54,27.3015,-4901.39
274.6,6.09959,43557.3,-4003.46,23823.1,3246.47,36.5127,-4889.18
274.7,6.09198,43546.7,-5973.35,23583.4,3260.09,6.61225,-5014.71
274.8,6.07726,43524.9,-6965.53,23132.0,3261.12,-28.2983,-5039.91
274.9,6.06111,43555.5,-5061.2,21842.8,3261.41,-32.215,-4977.45
275.0,6.05695,43656.6,-3347.6,19859.4,3272.44,-21.085,-4966.7
275.1,6.0672,43763.8,-4293.08,17985.0,3299.48,-19.025,-5076.53
275.2,6.08395,43809.1,-5666.3,16967.6,3317.82,-21.9245,-5164.92
275.3,6.09036,43762.6,-5175.04,16846.7,3313.33,-28.9062,-5093.35
275.4,6.08324,43716.4,-3328.48,16834.1,3290.87,-36.3802,-4947.45
275.5,6.07235,43747.0,-3310.54,16054.8,3265.77,-39.0177,-4866.0
275.6,6.0717,43853.5,-5000.9,14676.0,3257.87,-13.8344,-4908.11
275.7,6.07439,43921.7,-5554.88,12749.3,3270.85,-1.86512,-4952.77
275.8,6.07403,43931.5,-4429.99,11226.5,3269.23,25.7428,-4897.3
275.9,6.06122,43878.1,-3727.67,10833.2,3256.27,50.3421,-4866.19
276.0,6.04094,43878.2,-5911.75,11004.2,3272.22,37.1069,-4964.1
276.1,6.0352,43982.8,-8243.04,11135.1,3288.21,19.8854,-5102.31
276.2,6.04514,44076.9,-7872.78,11192.9,3292.62,31.0399,-5075.77
276.3,6.05684,44090.8,-6173.06,11221.8,3297.99,29.619,-4915.37
276.4,6.0672,44043.8,-6932.69,12464.9,3324.83,12.065,-4851.1
276.5,6.06548,43942.0,-9878.59,15273.2,3372.85,-47.2785,-4957.19
276.6,6.05448,43889.0,-11528.4,18447.3,3379.1,-105.798,-5026.58
276.7,6.04933,43928.2,-9919.49,20473.2,3399.52,-132.793,-4962.13
276.8,6.04919,43966.8,-7917.75,20489.1,3395.05,-87.869,-4900.44
276.9,6.04975,44004.4,-9446.72,18854.6,3382.04,-8.46575,-4969.62
277.0,6.05312,44017.1,-12370.2,17629.5,3393.14,70.0745,-5103.03
277.1,6.04652,43983.1,-12768.4,17787.9,3354.38,57.2835,-5101.47
277.2,6.03759,44014.4,-9887.12,18971.6,3327.44,-22.3813,-4990.18
277.3,6.03088,44059.3,-7565.8,19763.1,3294.6,-111.387,-4942.83
277.4,6.01938,44113.5,-7374.68,19363.2,3287.47,-118.336,-5048.01
277.5,6.00954,44174.0,-7782.5,17810.8,3290.69,-81.5697,-5101.52
277.6,6.00225,44236.9,-6150.35,16541.2,3319.28,-45.5923,-5040.1
277.7,6.00258,44295.3,-3901.42,16390.8,3337.74,-39.1942,-4922.21
277.8,6.01323,44346.3,-3863.71,17652.1,3360.53,-30.1759,-4902.71
277.9,6.02663,44315.7,-5301.11,18917.5,3357.74,-61.6678,-4982.46
278.0,6.03226,44246.0,-6078.47,18503.5,3340.79,-94.0141,-5018.97
278.1,6.03754,44208.4,-5280.42,16564.8,3341.32,-46.4831,-4993.21
278.2,6.04124,44174.6,-4716.89,13936.9,3352.25,1.53813,-5004.0
278.3,6.04367,44170.6,-7400.07,11816.5,3359.85,-2.81687,-5064.92
278.4,6.05059,44172.7,-10195.1,11238.7,3402.3,-29.8379,-5173.57
278.5,6.04816,44112.7,-10886.4,11278.3,3427.21,-64.5436,-5149.11
278.6,6.04097,44098.2,-9190.75,10850.3,3438.92,-59.2351,-4993.63
278.7,6.03324,44079.5,-7982.83,9725.17,3416.48,-47.4117,-4870.79
278.8,6.01668,44086.4,-8666.51,7910.39,3405.89,-43.9711,-4871.06
278.9,6.01015,44180.3,-9338.69,6262.06,3416.82,-24.7802,-4904.16
279.0,6.01026,44231.2,-8112.65,5836.45,3419.8,-12.8191,-4887.36
279.1,6.00407,44252.2,-6779.86,6808.48,3432.15,-16.6216,-4885.0
279.2,5.99462,44248.5,-8335.85,7879.56,3440.7,-61.0234,-4971.97
279.3,5.9797,44268.7,-11038.9,8026.4,3452.86,-59.6714,-5110.14
279.4,5.97312,44352.4,-11353.9,6492.39,3451.48,-8.87625,-5135.63
279.5,5.98747,44490.5,-10522.4,4704.07,3464.21,45.568,-4970.0
279.6,6.0163,44533.5,-11105.0,4357.31,3478.43,27.41,-4856.63
279.7,6.04477,44485.0,-14737.7,6256.5,3528.75,-30.365,-4920.94
279.8,6.06179,44329.3,-17274.4,9211.78,3555.8,-98.1927,-5019.1
279.9,6.06058,44180.3,-16621.0,11634.1,3592.76,-117.19,-4984.0
280.0,6.05373,44139.2,-15258.5,12227.0,3607.49,-79.051,-4909.16
280.1,6.05798,44181.0,-16342.6,11680.2,3623.89,10.9055,-4998.89
280.2,6.06469,44192.9,-19195.6,11181.2,3645.3,81.9348,-5171.6
280.3,6.06997,44146.9,-20037.1,12190.2,3657.25,103.949,-5191.72
280.4,6.05685,44008.2,-16483.2,14442.2,3607.51,19.0823,-5069.85
280.5,6.02311,43925.1,-11900.7,16058.4,3545.7,-98.5512,-4959.93
280.6,5.99965,44023.4,-9273.79,15555.3,3537.4,-140.549,-4962.2
280.7,5.99579,44180.7,-9274.86,13813.6,3510.76,-65.5375,-4986.12
280.8,6.00071,44289.0,-7727.13,12055.8,3496.18,-3.83313,-4996.38
280.9,6.00846,44310.0,-3969.85,11626.2,3489.47,-13.8924,-4956.3
281.0,6.00667,44241.4,-429.35,12280.9,3482.87,-31.68,-4914.27
281.1,5.99737,44220.9,458.165,12107.2,3486.97,-26.2725,-4961.28
281.2,6.0016,44308.2,1126.66,10252.0,3482.98,15.557,-5072.48
281.3,6.02276,44392.8,1814.44,7865.85,3484.56,84.1378,-5035.75
281.4,6.05248,44411.5,2128.99,6738.45,3509.41,109.735,-4937.16
281.5,6.07841,44316.0,-51.8314,7775.19,3557.18,33.7519,-4973.45
281.6,6.08255,44132.5,-3728.02,10089.6,3560.12,-92.4827,-5101.41
281.7,6.07249,44030.2,-5432.35,11981.0,3561.3,-138.733,-5135.72
281.8,6.06442,44033.6,-4193.02,11761.7,3557.02,-117.542,-5023.63
281.9,6.06587,44092.0,-2737.7,9545.89,3526.04,-55.6362,-4933.56
282.0,6.07189,44101.5,-4207.66,7173.24,3510.08,28.4212,-4948.34
282.1,6.06424,44009.5,-5384.01,5876.38,3506.39,67.4135,-5038.68
282.2,6.0444,43930.1,-3867.99,5846.01,3504.66,52.1147,-5023.85
282.3,6.02152,43912.4,-252.528,6519.61,3493.43,18.141,-4933.13
282.4,6.00292,43989.4,1915.31,7335.13,3524.51,12.1237,-4959.89
282.5,5.9931,44092.1,2030.05,7419.46,3548.06,6.676,-5092.52
282.6,5.99505,44195.1,1149.17,7579.95,3593.1,12.0525,-5144.48
282.7,6.00097,44239.5,1770.12,8807.24,3612.42,12.887,-5055.15
282.8,6.01166,44277.1,2452.75,11123.6,3647.2,-35.9714,-4968.38
282.9,6.0365,44315.3,1245.64,14527.5,3677.44,-65.6184,-4974.22
283.0,6.0655,44295.3,-2640.77,18157.7,3716.62,-66.2073,-5002.83
283.1,6.08731,44214.8,-5792.78,20482.4,3735.27,-64.9857,-5043.27
283.2,6.10421,44120.7,-8849.19,22003.0,3735.7,-16.6784,-5045.22
283.3,6.11084,44017.3,-11824.3,23225.8,3754.39,31.4266,-5087.99
283.4,6.11179,43957.2,-15882.6,24339.9,3760.12,38.5573,-5183.2
283.5,6.1149,43920.3,-18369.7,24986.3,3768.8,-17.9172,-5273.67
283.6,6.10965,43842.8,-18725.2,24641.5,3761.15,-66.4645,-5239.01
283.7,6.09391,43773.7,-17052.0,23114.2,3726.72,-66.3521,-5139.92
283.8,6.06563,43711.4,-14244.4,19946.9,3662.9,-100.539,-5098.91
283.9,6.0459,43795.8,-11617.3,16475.4,3649.41,-80.3206,-5081.6
284.0,6.04757,43923.4,-8581.28,13601.2,3653.16,-36.7914,-5026.82
284.1,6.05956,43982.7,-5554.93,12564.9,3671.0,30.4614,-4987.87
284.2,6.06516,43919.8,-3413.5,13128.6,3670.74,42.8059,-4985.09
284.3,6.05803,43833.5,-2880.08,14803.7,3692.41,35.8956,-5005.94
284.4,6.04747,43827.8,-2638.36,16589.8,3681.97,31.2445,-5039.11
284.5,6.05503,43938.7,-1555.03,18196.8,3650.37,15.7513,-5072.52
284.6,6.08566,44048.7,-1036.03,19588.5,3602.33,-56.234,-5052.4
284.7,6.12732,44051.6,-1384.16,21256.6,3591.29,-135.779,-5060.47
284.8,6.15672,43887.6,-3014.86,22985.5,3599.76,-193.707,-5098.96
284.9,6.15613,43656.5,-4849.14,23565.4,3584.86,-219.79,-5104.96
285.0,6.14202,43566.8,-6373.35,22294.8,3582.41,-176.656,-5049.86
285.1,6.13613,43616.2,-6945.19,19087.8,3584.03,-69.8265,-4988.76
285.2,6.14408,43694.4,-7289.44,15018.9,3589.69,60.4845,-4945.7
285.3,6.15034,43655.5,-7408.52,11390.7,3573.84,112.743,-4932.87
285.4,6.1382,43520.5,-5951.02,9785.48,3548.38,111.499,-4980.39
285.5,6.10921,43399.1,-4163.72,9810.63,3545.5,44.3801,-5016.09
285.6,6.08602,43441.6,-2124.09,10544.2,3561.02,-37.6608,-5052.47
285.7,6.08395,43559.0,-376.948,11082.3,3569.42,-93.4427,-5104.07
285.8,6.10245,43684.4,1196.61,12430.0,3625.22,-59.1496,-5116.54
285.9,6.12855,43659.1,79.9312,15014.7,3679.15,-53.287,-5020.33
286.0,6.13818,43527.3,-1963.88,18862.1,3716.77,-91.6533,-4980.76
286.1,6.13993,43438.0,-5144.44,23222.8,3762.56,-97.246,-4966.1
286.2,6.14061,43413.2,-7240.96,26166.5,3752.63,-79.3242,-4948.03
286.3,6.15287,43488.4,-8180.23,26931.6,3719.34,-37.9452,-4947.54
286.4,6.17575,43515.0,-10037.1,26468.8,3664.48,0.12325,-4999.54
286.5,6.1834,43416.7,-12699.9,25394.8,3619.77,-15.3308,-5136.93
286.6,6.18167,43349.6,-15055.1,24252.2,3621.43,-39.7675,-5252.17
286.7,6.18133,43320.2,-16481.8,23768.9,3655.83,-23.7673,-5252.08
286.8,6.17698,43310.9,-17269.2,23312.6,3663.14,-12.7093,-5201.47
286.9,6.18153,43355.9,-17930.8,22544.9,3699.24,-7.832,-5159.17
287.0,6.18942,43322.6,-17524.3,22031.5,3724.16,21.7847,-5102.73
287.1,6.17912,43225.6,-15250.0,21174.4,3732.98,30.4195,-4997.75
287.2,6.172,43191.2,-11901.4,20246.9,3706.39,23.282,-4920.26
287.3,6.16739,43167.2,-9664.84,20257.8,3684.85,33.0353,-4945.57
287.4,6.16841,43177.0,-9664.25,20835.2,3679.64,27.3665,-5045.84
287.5,6.18477,43215.0,-10018.1,21718.8,3684.06,20.3218,-5145.98
287.6,6.20451,43150.4,-9312.85,22870.4,3672.67,15.9175,-5181.07
287.7,6.20705,43045.4,-7730.83,23101.0,3627.59,-19.9485,-5151.65
287.8,6.21499,43017.7,-7180.97,23096.6,3560.99,-12.4854,-5098.4
287.9,6.22458,43007.2,-7553.53,23582.2,3535.88,-1.54562,-5102.75
288.0,6.23467,43021.7,-7043.06,24317.0,3510.84,-16.8884,-5103.62
288.1,6.24652,42987.4,-6229.51,25141.6,3512.63,-61.6757,-4985.51
288.2,6.23186,42845.8,-5147.73,24982.1,3488.34,-83.8966,-4923.68
288.3,6.20117,42816.6,-5780.97,22134.6,3498.39,-58.9114,-4985.08
288.4,6.18973,42934.1,-6732.27,18000.3,3515.76,45.6925,-5079.71
288.5,6.19454,43053.9,-7808.85,14647.5,3529.03,161.403,-5067.76
288.6,6.21529,43132.0,-7903.19,13632.4,3526.19,163.5,-5053.56
288.7,6.23126,43029.3,-8621.59,15185.7,3499.56,64.4817,-5092.75
288.8,6.21795,42851.1,-7668.61,16986.6,3453.84,-51.7629,-5171.79
288.9,6.20307,42820.2,-5704.16,17208.3,3449.69,-73.7579,-5127.26
289.0,6.20151,42885.2,-2860.06,16572.5,3427.48,-16.8557,-5035.82
289.1,6.21423,42980.4,-2609.99,16751.4,3433.5,39.2184,-4972.2
289.2,6.24491,43008.3,-4746.96,19509.5,3474.21,30.1176,-4995.28
289.3,6.26404,42859.6,-7660.55,24296.7,3513.63,-44.173,-5003.42
289.4,6.25691,42673.3,-9946.05,28090.5,3539.5,-109.859,-4970.05
289.5,6.2455,42615.6,-11969.5,29107.6,3550.57,-74.9115,-4977.73
289.6,6.23006,42633.6,-16008.5,26767.8,3522.3,-5.024,-5048.79
289.7,6.22525,42762.1,-20601.0,22201.0,3483.14,42.9567,-5173.71
289.8,6.2414,42891.9,-24127.5,18935.8,3490.23,105.885,-5247.72
289.9,6.2455,42826.2,-24992.6,17658.9,3493.69,87.3883,-5248.55
290.0,6.23568,42759.4,-23754.0,17769.5,3506.03,30.4667,-5230.46
290.1,6.2217,42699.4,-21907.0,18405.6,3510.69,-4.07275,-5173.26
290.2,6.20218,42733.7,-19860.5,18582.0,3541.93,21.3269,-5097.27
290.3,6.20695,42883.9,-18158.0,17876.0,3576.75,46.9355,-4980.16
290.4,6.22994,42947.4,-15515.5,17421.9,3577.43,34.7426,-4914.71
290.5,6.24792,42911.2,-12537.8,17752.1,3569.27,20.6213,-4904.11
290.6,6.26543,42805.4,-11138.6,18245.4,3529.04,-28.3644,-4901.61
290.7,6.26951,42683.1,-11618.9,18802.7,3489.22,-40.2098,-5004.17
290.8,6.27206,42636.9,-12276.6,18687.1,3472.35,-17.1709,-5191.89
290.9,6.28152,42648.4,-10492.3,18284.9,3421.64,7.56773,-5278.29
291.0,6.29037,42623.8,-7963.11,18449.9,3364.1,24.4243,-5173.66
291.1,6.2864,42545.2,-6177.3,18899.1,3346.69,-7.26244,-5091.4
291.2,6.28086,42527.2,-5279.59,19702.1,3389.14,-32.0879,-5107.85
291.3,6.27438,42504.5,-4624.14,20132.0,3428.23,-68.2744,-5052.23
291.4,6.26391,42515.1,-2682.78,19215.9,3456.36,-111.648,-4912.86
291.5,6.26208,42559.2,-974.897,17723.7,3441.45,-70.5843,-4874.85
291.6,6.25719,42565.9,-15.7736,16769.7,3428.75,1.05087,-5017.25
291.7,6.25321,42582.1,-48.5042,17174.9,3387.91,45.6862,-5153.2
291.8,6.25481,42604.9,385.194,19627.1,3341.95,44.745,-5193.8
291.9,6.24818,42562.9,1203.61,23144.6,3286.06,16.8507,-5218.09
292.0,6.23693,42557.9,709.045,25649.7,3240.1,-25.8193,-5221.46
292.1,6.23452,42610.1,-687.736,26896.1,3225.49,-42.2002,-5185.62
292.2,6.24444,42679.5,-1723.09,27880.2,3270.54,-42.5283,-5098.91
292.3,6.26236,42716.0,-2733.68,29066.0,3309.25,-82.7732,-4977.68
292.4,6.28698,42691.9,-4771.84,31387.2,3363.11,-113.859,-4936.45
292.5,6.30203,42584.5,-7763.57,34141.5,3428.79,-110.734,-4993.24
292.6,6.30522,42494.1,-11442.3,35196.1,3480.73,-95.7284,-5060.39
292.7,6.30485,42441.3,-13911.0,34284.5,3458.0,-18.8096,-5126.35
292.8,6.29668,42411.8,-17138.4,32115.4,3464.07,109.847,-5170.95
292.9,6.28953,42423.5,-20739.7,29190.4,3438.02,155.631,-5207.92
293.0,6.2861,42434.2,-23826.0,26833.0,3418.02,124.936,-5239.39
293.1,6.2752,42403.3,-25527.9,25254.8,3435.49,67.9296,-5193.02
293.2,6.26589,42406.4,-24542.2,24426.4,3441.95,35.6272,-5124.52
293.3,6.25569,42401.8,-23567.6,24368.3,3442.73,-10.5762,-5035.95
293.4,6.24181,42433.2,-22659.3,24716.5,3445.89,-53.478,-5006.02
293.5,6.23703,42518.8,-21680.4,24616.1,3465.23,-54.3022,-4992.42
293.6,6.2415,42592.5,-19383.8,23882.4,3462.39,19.754,-4974.51
293.7,6.25089,42638.4,-17433.4,23132.1,3443.27,130.288,-4951.41
293.8,6.26224,42630.7,-16403.0,23128.1,3423.97,150.576,-4984.95
293.9,6.26798,42596.5,-15536.2,23605.6,3409.48,73.9135,-5070.17
294.0,6.27898,42599.7,-14518.1,23765.8,3433.24,6.21025,-5111.35
294.1,6.29428,42587.1,-14092.8,22763.1,3443.23,-26.8072,-5077.38
294.2,6.30835,42565.1,-12920.9,20650.2,3445.13,-39.8375,-5100.73
294.3,6.32216,42515.0,-11239.0,18234.7,3458.2,-52.4705,-5129.76
294.4,6.32576,42424.2,-9058.96,16257.8,3440.39,-34.5843,-5039.36
294.5,6.32212,42370.0,-6413.88,14680.8,3418.7,9.6535,-4925.42
294.6,6.31713,42337.4,-5017.63,13710.5,3391.81,66.413,-4900.9
294.7,6.30928,42316.2,-4107.47,13747.4,3370.71,111.16,-4975.27
294.8,6.29604,42289.3,-2194.89,14961.3,3338.78,121.827,-5039.9
294.9,6.273,42255.1,-98.1415,17562.4,3309.58,110.418,-5037.83
295.0,6.24009,42242.4,496.651,20482.8,3279.13,44.4084,-5066.6
295.1,6.21066,42351.4,-960.007,22585.0,3241.54,-33.5291,-5146.77
295.2,6.20706,42545.4,-2378.95,24212.3,3211.66,-28.1526,-5180.43
295.3,6.22094,42682.6,-2117.45,25528.0,3209.78,-12.0841,-5094.78
295.4,6.24493,42742.6,-1313.05,27183.7,3206.14,-19.679,-4966.98
295.5,6.26712,42683.3,-2313.64,29955.8,3223.13,-25.8256,-4915.14
295.6,6.26981,42568.9,-5811.8,32591.7,3246.37,-40.7214,-4964.5
295.7,6.27179,42575.8,-9551.39,33627.9,3289.7,-33.1811,-5037.22
295.8,6.28673,42617.1,-13388.7,32869.1,3346.36,20.4713,-5057.13
295.9,6.2995,42607.6,-16749.0,30598.1,3353.04,79.9691,-5101.83
296.0,6.30965,42568.4,-20453.4,27588.5,3366.12,107.011,-5183.88
296.1,6.31374,42464.9,-23401.1,25522.3,3355.33,123.857,-5222.27
296.2,6.30088,42365.0,-25275.6,23773.5,3329.14,68.1166,-5147.36
296.3,6.2904,42376.0,-26425.4,21961.7,3304.45,20.1995,-5050.57
296.4,6.28452,42383.1,-27265.9,20323.4,3318.46,19.587,-5016.42
296.5,6.26249,42358.5,-28019.1,18255.0,3332.42,28.6303,-5002.61
296.6,6.24339,42399.1,-26436.6,16549.0,3334.0,31.2785,-5017.41
296.7,6.21326,42393.6,-25267.4,15263.1,3362.28,19.1345,-4969.4
296.8,6.18444,42506.1,-24343.6,13356.2,3389.79,27.5408,-4974.77
296.9,6.18385,42693.8,-22455.1,11060.8,3380.77,82.113,-5062.2
297.0,6.19924,42809.6,-19181.6,9139.28,3382.28,103.013,-5081.13
297.1,6.22667,42891.6,-14915.4,7942.02,3389.72,64.1097,-4999.9
297.2,6.26555,42867.7,-12496.9,7884.72,3408.43,-23.6135,-4952.68
297.3,6.28142,42715.6,-11695.5,7665.38,3394.09,-111.792,-5033.19
297.4,6.29119,42663.9,-11288.8,6293.25,3375.97,-139.916,-5059.33
297.5,6.30222,42637.6,-8831.69,3901.58,3342.37,-117.587,-4988.24
297.6,6.30656,42607.1,-6061.17,1370.47,3286.95,-46.2045,-4896.31
297.7,6.31036,42592.8,-5719.11,-690.736,3245.47,14.7805,-4902.74
297.8,6.30346,42490.6,-5833.68,-1396.02,3154.48,38.1927,-5001.11
297.9,6.27677,42404.6,-4068.07,-730.922,3061.65,46.946,-5012.04
298.0,6.25047,42418.0,-497.207,1040.28,2992.55,34.1236,-4924.86
298.1,6.22362,42463.0,1510.93,3398.35,2933.15,-12.1776,-4897.88
298.2,6.19819,42564.5,356.426,5323.06,2920.73,-79.957,-5008.38
298.3,6.18451,42690.2,-918.911,7156.46,2936.53,-88.0428,-5121.66
298.4,6.17217,42757.8,503.549,9161.39,2942.78,-84.3199,-5077.29
298.5,6.16478,42839.3,3316.83,11552.8,2950.6,-95.369,-4953.06
298.6,6.17289,42929.7,3188.53,14902.6,2983.65,-91.3381,-4912.15
298.7,6.18734,42968.0,-535.543,17768.7,3056.32,-110.243,-4979.06
298.8,6.21355,43012.9,-3857.51,19409.3,3111.01,-84.5701,-5033.23
298.9,6.24111,42956.8,-5522.91,19617.8,3152.56,-55.4,-4957.42
299.0,6.2509,42854.4,-6806.46,18942.0,3186.68,-29.4428,-4927.83
299.1,6.25461,42795.9,-9851.24,17732.2,3184.35,-37.7885,-5048.58
299.2,6.2565,42796.5,-12965.0,17490.9,3188.14,-16.074,-5225.73
299.3,6.25466,42795.6,-13676.3,17815.5,3172.24,-14.274,-5248.23
299.4,6.24549,42782.8,-12616.1,18169.5,3139.42,-38.494,-5128.64
299.5,6.22175,42720.7,-12206.9,17510.1,3107.94,-81.1985,-5031.2
299.6,6.18373,42730.4,-14787.6,15516.1,3136.71,-58.7673,-5009.73
299.7,6.15581,42838.3,-18190.2,13175.4,3183.82,13.9399,-4982.02
299.8,6.13558,42946.8,-19515.0,11575.4,3205.75,9.32575,-4953.56
299.9,6.11885,43058.4,-19366.6,11045.5,3216.82,-42.8438,-4936.05
300.0,6.10921,43127.5,-18438.0,10845.6,3223.77,-82.355,-5014.21
300.1,6.09412,43165.3,-17347.7,9802.3,3200.48,-61.7995,-5142.59
300.2,6.08931,43276.5,-14692.4,7502.96,3178.49,-8.50731,-5209.08
300.3,6.10791,43426.6,-10702.1,5323.49,3174.91,34.3037,-5168.62
300.4,6.13915,43507.8,-6831.72,3793.51,3187.13,9.66953,-5082.77
300.5,6.17433,43500.1,-2735.72,3006.55,3170.41,-60.4284,-5026.93
300.6,6.19836,43387.7,1680.78,2721.26,3178.19,-110.046,-4964.02
300.7,6.19989,43242.5,5940.37,2048.04,3136.57,-119.926,-4845.77
300.8,6.19059,43206.7,8987.92,1015.61,3071.21,-94.8006,-4779.53
300.9,6.17933,43226.5,8679.34,182.228,3028.45,-44.7355,-4821.89
301.0,6.16404,43264.3,6750.76,-552.891,2961.5,-22.9722,-4927.39
301.1,6.14214,43290.1,4685.41,-1299.26,2891.04,-9.657,-4983.22
301.2,6.11022,43285.7,3222.91,-1749.56,2839.65,22.0171,-5000.63
301.3,6.06684,43319.6,681.459,-1823.0,2816.1,49.036,-5027.17
301.4,6.03152,43454.8,-2035.16,-1149.18,2822.96,10.4695,-5099.57
301.5,6.00684,43628.2,-3163.43,685.746,2839.07,-47.762,-5113.9
301.6,5.99627,43804.7,-1832.19,2717.47,2890.18,-105.752,-5028.26
301.7,6.00161,43942.8,416.0,4689.26,2922.81,-115.946,-4918.56
301.8,6.00848,43988.4,1053.12,6368.2,2951.82,-89.5577,-4885.06
301.9,6.01605,44011.0,586.98,7685.32,2980.98,-51.23,-4916.18
302.0,6.0312,44056.6,235.184,8524.32,3006.55,-21.331,-4921.64
302.1,6.05249,44105.6,1684.13,9263.26,2991.32,35.348,-4935.14
302.2,6.07822,44108.1,3209.96,10303.5,2989.0,64.3476,-4977.85
302.3,6.09419,44051.3,2082.18,12739.0,3022.91,62.7514,-5039.29
302.4,6.09211,43951.1,-788.621,16607.1,3069.68,7.37787,-5149.33
302.5,6.06925,43875.5,-3962.04,21118.8,3097.83,-64.1797,-5216.26
302.6,6.03631,43907.4,-6443.97,24751.0,3128.08,-119.121,-5173.75
302.7,6.00373,44011.0,-7832.27,25724.4,3141.6,-155.934,-5087.99
302.8,5.9815,44172.0,-9749.49,24446.8,3156.5,-101.932,-5004.01
302.9,5.96328,44266.0,-12640.9,22005.1,3187.35,-29.8005,-4964.9
303.0,5.94049,44306.3,-14575.8,20058.7,3208.61,13.8566,-4990.29
303.1,5.91138,44340.4,-16100.3,18957.8,3201.63,-1.79912,-5012.05
303.2,5.87953,44416.5,-16043.1,17941.9,3171.17,-10.4832,-5058.63
303.3,5.85568,44569.1,-15124.3,15534.6,3149.79,8.15713,-5130.56
303.4,5.84814,44670.5,-14106.7,11301.7,3139.26,41.3228,-5175.42
303.5,5.85999,44710.3,-13462.3,6903.77,3177.61,90.523,-5152.44
303.6,5.87888,44709.3,-12859.3,3979.22,3211.38,85.0683,-5101.61
303.7,5.9011,44762.0,-11912.6,3039.47,3224.81,4.34425,-5032.42
303.8,5.92671,44873.7,-8995.95,3680.27,3201.51,-84.5185,-4959.73
303.9,5.95122,45068.5,-5897.87,4921.5,3176.87,-102.31,-4856.38
304.0,5.96815,45104.9,-3439.85,5099.37,3172.3,-98.2215,-4840.64
304.1,5.97256,45026.2,-3617.06,4446.2,3159.06,-46.575,-4899.52
304.2,5.94676,44877.9,-5659.77,3086.31,3152.05,11.653,-4981.41
304.3,5.90817,44883.2,-6528.63,1740.19,3145.44,68.6628,-5053.8
304.4,5.88022,44994.7,-6539.16,1679.16,3153.01,97.802,-5051.19
304.5,5.86163,45028.2,-5934.29,3890.32,3160.1,91.936,-5052.49
304.6,5.84772,45021.8,-5712.93,7684.61,3184.93,-11.337,-5083.75
304.7,5.82178,44966.7,-5842.79,11726.6,3218.56,-141.844,-5073.56
304.8,5.78033,44927.1,-5354.1,13770.8,3224.5,-219.425,-5001.6
304.9,5.74755,44992.4,-3331.5,13778.4,3224.57,-176.607,-4944.97
305.0,5.74532,45092.6,-2603.78,13546.1,3244.49,-64.2927,-4885.57
305.1,5.76706,45075.8,-3393.57,14066.8,3233.0,-46.6302,-4878.33
305.2,5.79142,45025.9,-4870.02,15534.0,3208.32,-68.3994,-4941.26
305.3,5.80029,45027.7,-5420.84,16845.1,3192.27,-51.2074,-5005.94
305.4,5.78603,45015.7,-5300.57,16403.7,3145.15,7.72336,-4999.53
305.5,5.78398,45095.5,-5361.83,15217.9,3133.7,77.7467,-5007.77
305.6,5.8037,45135.9,-7124.35,15262.9,3167.0,87.7869,-5051.76
305.7,5.82756,45133.3,-9745.11,17142.7,3212.73,-5.80762,-5082.71
305.8,5.837,45062.9,-11683.4,20214.4,3282.72,-129.2,-5061.52
305.9,5.81017,44940.4,-11945.5,22527.3,3319.62,-208.379,-5002.72
306.0,5.76388,44945.8,-12479.3,22923.4,3345.43,-169.039,-4941.79
306.1,5.73914,45036.5,-13921.4,22230.9,3383.36,-64.226,-4941.62
306.2,5.73445,45073.6,-16970.1,21423.8,3415.64,-1.44963,-4974.76
306.3,5.73745,45082.8,-19257.4,21328.5,3439.12,22.5812,-5027.68
306.4,5.72005,44961.9,-20826.5,21367.6,3458.46,-3.55475,-5031.6
306.5,5.66986,44901.6,-21441.8,20159.8,3478.87,-37.0257,-5049.12
306.6,5.63159,44980.4,-21811.1,17074.4,3478.91,-43.9987,-5102.37
306.7,5.62854,45096.8,-22965.2,13644.7,3504.28,-5.56125,-5133.23
306.8,5.65664,45140.2,-23129.8,10599.6,3541.46,-7.4425,-5131.28
306.9,5.69947,45127.3,-22970.1,9492.78,3580.09,-21.5945,-5073.01
307.0,5.71353,45053.7,-23137.1,10222.3,3578.31,-37.9572,-4990.45
307.1,5.69471,44990.0,-23530.6,10776.2,3578.68,-51.9533,-4951.32
307.2,5.68356,45058.3,-22976.3,10033.4,3558.27,-27.5408,-4944.87
307.3,5.69336,45118.3,-21636.9,8210.42,3516.98,47.5923,-4910.89
307.4,5.71726,45147.4,-20631.5,5975.72,3477.43,102.318,-4908.31
307.5,5.73158,45074.0,-20350.1,4969.72,3438.7,95.0621,-4990.71
307.6,5.70769,44951.2,-20568.5,5763.04,3441.46,49.1782,-5086.72
307.7,5.66323,44942.5,-19263.6,6970.01,3448.16,-18.1356,-5119.75
307.8,5.63663,45029.0,-16985.9,7570.83,3452.6,-52.9132,-5069.89
307.9,5.63542,45097.9,-15115.0,7075.45,3484.32,-34.4198,-5001.95
308.0,5.65274,45135.3,-14007.3,6169.42,3531.15,8.23709,-4978.22
308.1,5.66474,45064.6,-13477.9,6591.07,3583.24,33.527,-4948.87
308.2,5.64395,44968.4,-12245.2,8559.35,3615.88,-0.176578,-4905.46
308.3,5.61403,44983.3,-10582.2,10669.5,3617.34,-53.4757,-4885.43
308.4,5.60238,45048.8,-10272.2,11852.6,3611.01,-67.8154,-4908.28
308.5,5.61018,45112.1,-10443.8,11216.9,3611.83,-33.9401,-5007.01
308.6,5.63294,45127.6,-11851.3,9394.11,3583.95,13.4733,-5051.46
308.7,5.64141,45051.3,-12464.0,8367.39,3537.78,50.005,-5077.76
308.8,5.62623,45000.1,-12374.4,8941.26,3485.35,45.8295,-5062.49
308.9,5.61087,45023.9,-11945.6,11013.2,3424.92,5.73475,-5019.6
309.0,5.60995,44952.8,-11233.7,13794.1,3399.3,-35.6468,-4979.91
309.1,5.61846,44827.7,-11172.2,15760.2,3423.62,-45.6287,-4934.8
309.2,5.62119,44663.5,-12139.8,16161.2,3436.14,-43.3247,-4901.46
309.3,5.59498,44505.4,-13261.0,15547.8,3428.79,-19.361,-4918.14
309.4,5.55395,44422.1,-14736.3,14602.0,3439.36,11.1807,-4936.85
309.5,5.53798,44321.2,-16981.2,14240.8,3457.69,21.529,-4951.57
309.6,5.55179,44105.1,-19053.6,14332.4,3468.74,10.9493,-5016.39
309.7,5.5785,43881.6,-21097.2,13635.7,3502.66,-13.163,-5084.57
309.8,5.59031,43709.8,-22063.1,11987.4,3549.14,10.2633,-5105.42
309.9,5.56957,43637.4,-22273.8,9928.26,3602.12,58.4328,-5082.35
310.0,5.54373,43672.9,-23153.9,8406.39,3668.57,67.4035,-5040.72
310.1,5.54245,43654.3,-24981.6,8092.5,3753.73,27.1917,-5020.49
310.2,5.56895,43531.0,-26303.0,8776.03,3812.63,4.45937,-5018.13
310.3,5.59741,43331.5,-27523.7,9366.17,3830.73,10.2045,-4964.03
310.4,5.59579,43152.3,-28677.0,8944.62,3826.92,22.5225,-4931.93
310.5,5.5669,43060.8,-30323.1,8037.32,3785.71,69.7376,-4964.51
310.6,5.5366,42965.9,-31823.5,7264.34,3738.27,99.1691,-5032.79
310.7,5.5387,42832.7,-31790.2,7568.6,3691.21,101.208,-5066.7
310.8,5.56945,42518.1,-30509.0,8949.17,3669.72,51.7306,-5070.44
310.9,5.57984,42113.1,-29108.5,10197.4,3640.02,-22.6194,-5081.95
311.0,5.55168,41824.3,-27971.5,10300.7,3633.09,-41.1892,-5098.11
311.1,5.50611,41585.4,-25481.9,8825.82,3660.73,-25.5308,-5068.45
311.2,5.48562,41362.8,-21095.8,6835.12,3695.73,8.54113,-4931.4
311.3,5.50995,41013.2,-16823.8,4949.62,3718.52,-9.3595,-4785.2
311.4,5.55291,40591.0,-15489.3,3830.51,3758.6,-24.3424,-4737.92
311.5,5.57154,40192.8,-16332.2,2466.83,3768.19,-31.6409,-4821.27
311.6,5.55492,39962.0,-16977.5,771.16,3737.2,8.13437,-4899.89
311.7,5.53677,39855.9,-16752.5,-195.01,3720.98,87.2439,-4925.77
311.8,5.54788,39723.6,-17619.1,229.425,3725.1,116.613,-4982.85
311.9,5.59384,39564.4,-19918.9,2895.05,3767.14,99.978,-5133.67
312.0,5.62542,39315.2,-22305.5,6709.51,3786.03,19.4285,-5202.63
312.1,5.60862,39226.0,-22112.4,9931.73,3824.66,-60.9927,-5126.72
312.2,5.5697,39267.1,-20672.3,11771.7,3857.57,-84.2233,-4964.35
312.3,5.54363,39244.2,-19845.6,12990.0,3873.75,-56.6418,-4895.83
312.4,5.55423,39127.1,-20676.1,14785.4,3882.2,-28.4638,-4904.78
312.5,5.58788,38880.8,-21221.5,17872.2,3904.98,-39.992,-4925.09
312.6,5.59384,38587.5,-20675.5,21161.8,3883.87,-56.9738,-4925.35
312.7,5.5577,38404.2,-20629.0,22222.3,3831.26,-42.7897,-4953.35
312.8,5.50932,38269.9,-21469.7,19674.7,3770.61,13.3011,-5050.51
312.9,5.49658,38093.4,-21895.6,15175.9,3743.5,139.312,-5132.19
313.0,5.53643,37759.7,-22648.3,11075.6,3759.99,197.898,-5075.29
313.1,5.59286,37367.5,-24118.5,9807.08,3800.59,153.705,-4975.98
313.2,5.61961,37031.9,-27011.8,10838.0,3855.19,39.1377,-4928.97
313.3,5.60329,36895.8,-29416.9,11968.1,3885.63,-49.717,-4924.3
313.4,5.58195,36928.0,-30105.7,11403.8,3908.19,-46.9126,-4872.47
313.5,5.59537,36946.0,-29110.1,9170.19,3938.19,11.0516,-4838.35
313.6,5.64558,36903.2,-28659.7,7220.37,3952.42,101.707,-4865.84
313.7,5.69416,36830.1,-29695.2,7660.5,3974.68,168.389,-4958.09
313.8,5.69708,36817.4,-32438.3,10989.3,3984.24,181.418,-5013.96
313.9,5.65691,36985.4,-33997.8,15531.6,4005.09,119.985,-5081.15
314.0,5.6212,37191.9,-34226.4,19530.4,4011.66,57.2658,-5080.51
314.1,5.61426,37272.5,-33069.3,21066.8,3988.5,-8.32137,-5031.14
314.2,5.63178,37245.7,-32285.8,19590.7,3961.04,-50.1009,-4971.85
314.3,5.64356,37113.3,-31744.8,16771.7,3946.57,-32.3905,-4976.58
314.4,5.61993,36953.6,-30788.8,14015.4,3899.19,-6.01225,-4970.16
314.5,5.58898,36872.7,-28426.9,12437.7,3858.58,15.1555,-4949.84
314.6,5.58878,36700.8,-26189.2,11885.8,3844.98,41.8582,-4912.28
314.7,5.61786,36414.7,-24547.4,10420.0,3831.73,67.7885,-4924.77
314.8,5.65891,36158.2,-22832.2,7489.01,3826.24,153.303,-4957.26
314.9,5.67351,35915.1,-20625.7,4299.13,3818.2,243.388,-4922.56
315.0,5.65415,35827.0,-19289.2,2344.8,3835.48,247.571,-4836.65
315.1,5.64736,35835.9,-19962.6,2605.74,3876.4,148.891,-4840.74
315.2,5.67596,35744.3,-22011.6,4636.64,3914.05,8.99075,-4920.9
315.3,5.72207,35621.1,-22355.1,6587.74,3940.69,-77.5755,-4983.76
315.4,5.75648,35580.5,-20767.1,7514.0,3957.99,-79.4846,-4941.36
315.5,5.74241,35625.8,-20403.3,7553.57,3940.41,-7.19875,-4876.77
315.6,5.69864,35864.6,-22170.6,7383.85,3939.54,86.0772,-4941.63
315.7,5.67783,36085.4,-24413.6,7906.08,3944.53,133.881,-5013.71
315.8,5.69055,36135.2,-24523.5,9729.77,3943.8,143.196,-4961.88
315.9,5.71335,36067.1,-22650.1,11673.8,3931.54,91.4446,-4883.03
316.0,5.71002,35989.9,-22089.1,13196.7,3901.83,53.5031,-4891.94
316.1,5.67119,35986.6,-24062.9,14225.1,3902.5,58.9028,-4992.31
316.2,5.63564,36014.9,-25760.8,14255.7,3894.23,20.1356,-5068.64
316.3,5.64592,35965.1,-25630.1,14121.2,3873.69,-9.4815,-5043.22
316.4,5.70209,35739.4,-24584.7,14162.9,3866.55,4.163,-4982.87
316.5,5.75908,35465.0,-25798.6,13800.0,3881.33,30.9081,-4971.63
316.6,5.78422,35333.4,-28841.6,13163.6,3913.29,92.6212,-5027.24
316.7,5.77048,35337.0,-31085.8,12878.5,3942.73,168.79,-5041.91
316.8,5.74916,35486.4,-32095.8,12930.5,3995.42,187.515,-4981.11
316.9,5.7613,35661.4,-33096.0,13265.1,4019.24,142.068,-4935.94
317.0,5.79891,35709.1,-34795.2,14151.5,4034.59,105.784,-4991.04
317.1,5.81613,35728.5,-35890.3,14488.1,4044.03,55.518,-5058.63
317.2,5.8047,35849.2,-35276.8,14865.9,4045.74,44.2065,-5030.63
317.3,5.76619,35933.4,-34294.6,15711.5,4010.84,20.5995,-4967.13
317.4,5.73327,36053.2,-33878.2,16597.4,3960.71,-22.274,-4975.72
317.5,5.74349,36092.3,-33524.5,17058.1,3920.45,-36.5327,-5004.21
317.6,5.77251,35940.5,-32828.3,16738.4,3902.82,-4.36125,-4961.86
317.7,5.77975,35791.5,-31752.9,15221.6,3909.67,42.3117,-4905.69
317.8,5.7553,35707.4,-32195.7,13286.6,3906.93,86.4565,-4912.46
317.9,5.71666,35654.8,-32401.2,11913.9,3919.31,114.977,-4989.43
318.0,5.70861,35614.4,-31932.6,11037.3,3943.03,84.8179,-5006.53
318.1,5.75463,35466.0,-30830.5,10899.9,3936.49,21.565,-4948.39
318.2,5.8124,35204.6,-30406.9,10864.1,3958.52,-52.1654,-4927.84
318.3,5.83931,35050.2,-30760.6,9412.12,3947.12,-114.921,-4965.85
318.4,5.83299,35053.8,-29941.5,6821.74,3915.63,-99.4476,-5004.77
318.5,5.81884,35140.1,-28363.7,4157.74,3890.39,-29.7949,-4942.25
318.6,5.83415,35278.6,-26301.7,2175.06,3883.05,8.24728,-4893.27
318.7,5.88247,35334.9,-26346.8,2177.26,3916.87,39.3276,-4911.69
318.8,5.9018,35323.7,-27374.8,3911.49,3942.44,75.9609,-4951.54
318.9,5.86131,35490.9,-27395.3,5783.13,3951.08,81.933,-4940.97
319.0,5.79333,35758.2,-26472.9,7003.48,3959.35,59.7243,-4875.67
319.1,5.7476,35930.5,-25894.0,7515.07,3958.83,42.6065,-4842.67
319.2,5.75811,35918.6,-26778.6,7043.28,3977.35,-18.3326,-4901.7
319.3,5.80679,35667.4,-28310.6,6395.76,3963.47,-76.979,-4965.26
319.4,5.82695,35328.8,-29353.5,5491.41,3926.48,-111.549,-4968.48
319.5,5.80367,35163.7,-28795.0,3880.57,3879.24,-78.8381,-4973.6
319.6,5.78255,35120.1,-28958.4,2413.2,3887.12,41.5757,-4966.18
319.7,5.80103,35026.6,-30344.1,1473.53,3943.09,152.957,-4966.6
319.8,5.86427,34900.2,-30812.5,1883.95,3995.44,237.705,-4994.12
319.9,5.92645,34759.9,-30860.1,4661.59,4055.1,261.202,-4924.52
320.0,5.9292,34766.2,-29535.7,8223.65,4064.41,165.803,-4847.11
320.1,5.89479,35059.5,-28998.0,10913.7,4077.69,31.5203,-4825.41
320.2,5.875,35352.5,-29571.6,12315.8,4133.9,-33.2253,-4889.29
320.3,5.89182,35517.5,-30884.5,12588.8,4182.15,-39.1818,-4961.2
320.4,5.93481,35596.1,-32233.4,13662.5,4191.69,-22.2652,-5006.92
320.5,5.94189,35550.9,-33722.2,15758.9,4155.02,-53.195,-5018.2
320.6,5.89029,35656.2,-34696.7,17000.2,4116.69,-59.8894,-5016.46
320.7,5.82945,35818.2,-35010.5,15373.1,4094.56,10.4876,-4979.92
320.8,5.7954,35788.7,-34434.9,11077.9,4054.34,153.483,-4906.02
320.9,5.80623,35640.7,-34381.2,6489.22,4038.47,273.491,-4862.39
321.0,5.84211,35366.8,-34784.1,4719.61,4040.97,268.376,-4895.58
321.1,5.85451,35048.1,-35992.4,6568.37,4033.78,154.549,-4947.88
321.2,5.8361,34856.6,-36018.4,9544.63,4017.61,7.78772,-4994.94
321.3,5.82296,34754.3,-34807.4,11430.5,4039.37,-49.9074,-5034.49
321.4,5.84519,34603.2,-34044.2,11308.2,4051.05,-5.06228,-5043.46
321.5,5.90341,34435.4,-34479.5,9858.43,4070.01,40.2804,-5030.2
321.6,5.96048,34268.2,-34720.1,8666.92,4062.1,58.0062,-5021.03
321.7,5.9751,34230.8,-33743.4,8279.77,4031.05,62.1491,-4963.06
321.8,5.95184,34391.2,-30803.3,7493.94,3997.18,49.4769,-4870.31
321.9,5.92972,34629.0,-28469.6,5595.62,3991.72,65.2554,-4812.78
322.0,5.93178,34815.2,-28470.2,2928.19,4027.72,120.206,-4848.36
322.1,5.94757,34936.9,-28515.6,828.818,4062.07,179.288,-4981.38
322.2,5.94589,34999.2,-27373.1,520.475,4055.67,180.346,-5046.44
322.3,5.90481,35066.7,-24283.7,1848.44,4046.8,110.917,-5000.43
322.4,5.8503,35148.9,-21555.9,2934.51,4010.81,22.7773,-4945.54
322.5,5.82462,35115.6,-20200.1,2930.19,3972.21,21.3827,-4937.29
322.6,5.83703,34906.0,-20411.3,1729.66,3967.54,49.9755,-4921.07
322.7,5.8713,34615.9,-20107.2,1068.96,3968.37,76.0085,-4883.63
322.8,5.88791,34284.3,-20562.6,2129.16,3961.4,68.095,-4829.3
322.9,5.87579,34077.8,-21528.2,4230.34,3970.43,45.9548,-4870.83
323.0,5.87129,33976.6,-23527.7,6095.14,3994.06,59.0897,-4946.56
323.1,5.90041,33827.5,-25557.1,6538.25,4006.06,108.781,-4977.19
323.2,5.96453,33703.0,-25763.2,6117.33,4019.52,179.772,-5017.92
323.3,6.02911,33602.1,-25079.9,6735.87,4014.65,208.502,-5035.79
323.4,6.04522,33644.4,-24440.8,9279.86,4008.86,141.61,-5029.65
323.5,6.02413,33962.8,-23916.4,13153.1,4022.05,44.8214,-5031.26
323.6,6.0011,34329.1,-23283.9,16908.2,4059.86,-16.5061,-5038.61
323.7,5.99201,34644.5,-22830.6,19243.4,4123.29,-12.6259,-4985.06
323.8,5.99166,34871.8,-22690.2,19727.5,4153.78,11.362,-4917.07
323.9,5.97022,35004.3,-24138.0,19434.3,4168.68,60.9955,-4876.12
324.0,5.92067,35133.5,-25997.1,19309.4,4135.86,127.386,-4890.93
324.1,5.87304,35195.4,-28297.7,19456.5,4061.8,145.511,-4890.03
324.2,5.85304,35101.8,-31203.2,19536.3,3992.29,120.794,-4901.06
324.3,5.87042,34869.1,-33037.6,19033.8,3954.11,111.118,-5010.68
324.4,5.90335,34533.9,-35599.0,17824.2,3943.59,121.293,-5073.17
324.5,5.91797,34204.0,-37863.4,16418.6,3943.4,124.951,-5084.02
324.6,5.91481,33992.6,-39299.3,15630.7,3960.05,112.655,-5075.72
324.7,5.91845,33833.2,-40416.7,15083.4,3986.46,61.8218,-5000.75
324.8,5.95915,33717.6,-40472.4,14593.1,4051.89,39.4827,-4925.69
324.9,6.02601,33575.8,-39663.3,13439.0,4097.72,18.2365,-4847.38
325.0,6.07834,33551.4,-39343.0,11127.2,4116.12,19.3072,-4775.38
325.1,6.09321,33734.5,-39198.3,8101.54,4128.64,53.7588,-4783.87
325.2,6.06997,34078.2,-38877.6,5175.15,4133.92,109.811,-4860.63
325.3,6.04012,34532.4,-38258.7,2993.27,4146.69,141.652,-4949.11
325.4,6.03189,34921.7,-37173.4,2347.55,4160.08,146.433,-5036.78
325.5,6.02554,35129.6,-36008.9,2875.13,4126.18,120.461,-5102.85
325.6,5.99378,35284.0,-34054.6,3157.9,4101.56,68.7505,-5112.85
325.7,5.93847,35415.5,-30344.9,2924.96,4080.16,51.578,-5038.15
325.8,5.87882,35423.6,-26024.2,1947.23,4042.89,41.5412,-4905.22
325.9,5.85499,35357.0,-23074.7,1484.66,4019.21,63.6941,-4799.0
326.0,5.88293,35059.9,-21850.8,2762.25,4016.4,59.2536,-4785.14
326.1,5.92204,34606.7,-21588.3,5354.12,4004.75,4.13975,-4820.68
326.2,5.95074,34249.5,-22363.3,8080.16,4020.23,-7.53813,-4841.52
326.3,5.95844,33919.4,-24351.2,9285.73,4013.71,30.6813,-4904.72
326.4,5.95973,33720.3,-27098.4,8146.97,4007.33,110.841,-5022.81
326.5,5.9997,33621.9,-29667.2,6274.51,4024.24,202.006,-5091.94
326.6,6.07243,33510.0,-31060.9,6161.05,4051.57,234.933,-5057.8
326.7,6.13534,33504.1,-30688.6,8306.72,4034.25,155.792,-5015.26
326.8,6.15845,33711.5,-29891.4,12059.9,4039.72,30.8797,-4977.88
326.9,6.13094,34112.1,-28985.2,15821.8,4058.37,-39.2651,-4943.7
327.0,6.08315,34665.7,-28102.1,17673.5,4046.2,-43.4869,-4889.84
327.1,6.05069,35169.0,-27952.6,17901.0,4035.01,9.97838,-4823.67
327.2,6.03092,35503.4,-29006.0,17865.3,4028.5,95.5265,-4814.77
327.3,6.00702,35689.7,-31310.8,18258.9,3989.09,142.618,-4850.07
327.4,5.96503,35766.0,-34138.5,19224.6,3956.4,128.875,-4912.21
327.5,5.91246,35752.5,-37157.9,20088.7,3951.93,122.451,-4951.3
327.6,5.87824,35628.8,-39514.9,19429.2,3963.61,120.121,-5021.74
327.7,5.88584,35386.6,-42292.0,17937.6,3987.56,150.982,-5090.05
327.8,5.92406,34991.7,-44896.0,16396.9,4014.37,143.865,-5114.18
327.9,5.9658,34612.0,-47535.9,15483.4,4054.33,110.852,-5068.82
328.0,6.00282,34308.1,-47871.8,14882.4,4126.9,53.302,-5021.98
328.1,6.03172,34053.2,-46838.4,13544.2,4168.91,13.8206,-4932.02
328.2,6.06324,33946.2,-44673.5,10531.6,4177.11,17.0993,-4839.12
328.3,6.10748,33948.0,-43082.6,5909.64,4176.42,65.3201,-4792.11
328.4,6.14541,34082.8,-42005.1,550.564,4169.1,147.55,-4820.3
328.5,6.16692,34384.9,-41153.8,-4039.55,4154.9,220.184,-4848.04
328.6,6.15624,34762.0,-38417.8,-6525.58,4127.17,238.926,-4889.62
328.7,6.11334,35191.2,-35253.4,-7107.27,4053.86,196.319,-4902.33
328.8,6.06334,35641.6,-31957.8,-6341.64,4009.73,151.637,-4959.65
328.9,6.02017,35939.2,-29005.4,-5078.83,4000.42,109.834,-4982.2
329.0,5.9797,36102.2,-26533.1,-4515.23,4014.35,45.9765,-4920.53
329.1,5.94612,36132.6,-24544.2,-3958.58,3992.6,25.386,-4818.69
329.2,5.90651,35962.5,-23894.8,-2929.45,3947.54,2.44088,-4751.86
329.3,5.87863,35740.1,-24060.2,-1862.24,3916.26,-51.9642,-4771.25
329.4,5.89529,35397.2,-24261.0,-526.961,3896.11,-73.6499,-4807.06
329.5,5.93607,34864.7,-25056.0,-91.0238,3877.25,-46.7844,-4843.1
329.6,5.98733,34453.6,-26066.5,-767.654,3887.14,47.3174,-4953.85
329.7,6.02962,34093.8,-27542.1,-1967.73,3884.13,128.812,-5066.77
329.8,6.05091,33876.2,-27604.2,-2580.03,3873.94,180.774,-5113.25
329.9,6.08467,33852.5,-27518.0,-1820.11,3889.92,177.087,-5031.95
330.0,6.13465,33844.0,-26835.7,769.768,3886.28,107.543,-4962.09
330.1,6.1753,33941.5,-26915.9,4145.03,3911.49,-6.19175,-4928.04
330.2,6.18458,34210.6,-26779.6,6473.36,3948.75,-116.583,-4874.84
330.3,6.15242,34618.0,-26887.0,7287.22,3976.55,-120.973,-4794.89
330.4,6.09261,35097.3,-28272.3,6559.23,3991.92,-44.8867,-4778.74
330.5,6.04393,35541.0,-31683.4,5873.45,3993.74,56.4254,-4863.26
330.6,6.01562,35760.7,-36724.8,6462.37,3985.76,124.712,-4941.09
330.7,5.9897,35822.2,-40681.5,7841.4,3950.34,149.688,-5003.51
330.8,5.95563,35783.8,-43364.8,8685.03,3916.53,143.231,-5033.03
330.9,5.90992,35650.7,-45659.7,8634.65,3919.32,141.569,-5052.85
331.0,5.87871,35438.9,-47776.9,7789.85,3944.52,105.311,-5079.78
331.1,5.88931,35117.4,-49833.4,6945.75,4001.46,17.5567,-5061.65
331.2,5.94092,34652.9,-49500.6,6467.63,4039.01,-74.6905,-5010.62
331.3,6.00347,34173.4,-47561.2,5733.31,4062.46,-126.94,-4920.89
331.4,6.05466,33798.2,-44275.9,3597.53,4081.51,-124.682,-4864.19
331.5,6.09035,33593.0,-40516.6,-195.65,4119.76,-53.0179,-4842.45
331.6,6.12827,33568.9,-36474.7,-4341.06,4163.08,96.7335,-4820.7
331.7,6.17519,33662.0,-32877.7,-7108.63,4175.9,204.232,-4785.52
331.8,6.2085,33908.0,-30411.7,-7647.04,4188.6,188.578,-4811.53
331.9,6.21143,34328.2,-28593.6,-6347.1,4189.63,87.9885,-4894.8
332.0,6.16704,34813.4,-28331.2,-4764.9,4155.03,-3.85113,-4929.53
332.1,6.09309,35385.3,-27994.6,-4445.24,4129.49,-64.6383,-4954.58
332.2,6.03778,35881.8,-28152.0,-5094.38,4113.26,-76.8118,-4973.0
332.3,6.01245,36126.6,-29082.0,-5753.85,4099.74,-87.8682,-4936.23
332.4,6.00323,36210.0,-29931.3,-5243.91,4079.24,-76.1868,-4870.74
332.5,5.9838,36145.6,-30331.0,-3524.55,4032.43,-66.27,-4823.09
332.6,5.94671,36026.0,-30408.6,-1671.27,3982.83,-50.8615,-4814.59
332.7,5.9213,35897.3,-30226.9,-907.69,3959.01,3.9245,-4863.31
332.8,5.94023,35639.9,-31325.6,-1679.26,4003.85,75.5768,-4926.85
332.9,5.99491,35272.1,-32035.4,-3068.29,4056.98,150.648,-5018.7
333.0,6.05955,34928.3,-32004.1,-3798.0,4103.98,174.837,-5061.27
333.1,6.10738,34684.2,-31196.2,-1980.57,4150.66,160.251,-5020.01
333.2,6.13147,34620.6,-30491.4,1977.11,4148.59,61.1206,-4922.56
333.3,6.15702,34744.8,-31364.5,6205.43,4136.39,-76.4361,-4861.3
333.4,6.20153,34920.7,-32974.4,9052.42,4140.92,-128.627,-4855.33
333.5,6.23325,35134.3,-32497.0,9257.91,4111.95,-83.2906,-4848.79
333.6,6.23236,35536.7,-32640.8,8195.02,4117.33,29.9514,-4781.47
333.7,6.18464,35993.4,-34923.0,8409.92,4108.07,126.355,-4779.46
333.8,6.10659,36508.8,-38348.8,10457.1,4087.98,138.406,-4939.11
333.9,6.04885,36973.8,-39728.0,12997.1,4072.87,78.2335,-5074.5
334.0,6.01662,37172.5,-38099.9,13563.6,4034.82,17.5709,-4996.24
334.1,6.00014,37250.6,-36294.2,10698.3,4034.68,17.1109,-4888.89
334.2,5.98564,37181.5,-37765.8,6276.36,4044.54,83.9499,-4917.21
334.3,5.96098,36999.4,-41849.6,2823.31,4088.04,91.9997,-4996.26
334.4,5.95152,36832.9,-42049.6,2144.4,4127.54,44.0276,-4999.98
334.5,5.98511,36537.2,-39143.9,3355.52,4156.03,-31.7579,-4867.65
334.6,6.04085,36157.6,-37787.7,4028.67,4189.03,-43.5769,-4778.84
334.7,6.09173,35842.4,-38941.9,1475.44,4199.04,-0.5945,-4909.92
334.8,6.12009,35663.2,-39618.1,-3200.32,4205.17,131.102,-5018.83
334.9,6.12724,35624.3,-37189.7,-7804.0,4197.92,243.338,-4911.52
335.0,6.1559,35746.7,-32986.8,-9173.48,4234.36,253.294,-4786.8
335.1,6.21078,35809.1,-32697.4,-6145.11,4296.28,144.856,-4824.16
335.2,6.25077,35941.2,-33285.0,-877.985,4330.36,-19.8263,-5013.78
335.3,6.2407,36261.7,-31980.0,2710.54,4329.4,-130.936,-5045.35
335.4,6.17727,36739.9,-28514.1,2757.24,4327.92,-96.5703,-4896.74
335.5,6.10018,37300.6,-26549.1,330.349,4334.1,34.8104,-4834.28
335.6,6.05964,37729.2,-29215.5,-1470.94,4332.08,125.654,-4897.28
335.7,6.05278,37913.6,-32948.3,-64.3234,4330.62,112.103,-4937.13
335.8,6.03742,37911.9,-33305.7,2657.27,4277.64,-4.57438,-4856.27
335.9,5.99975,37906.9,-32947.6,3806.8,4248.66,-61.9344,-4761.04
336.0,5.95582,37843.9,-34273.6,1886.44,4212.95,-15.7086,-4847.79
336.1,5.94731,37701.0,-36623.4,-1631.49,4205.81,93.0898,-5071.56
336.2,6.00337,37406.3,-37011.9,-3187.77,4206.62,156.811,-5152.82
336.3,6.08708,36941.9,-34670.9,-1471.91,4236.64,103.422,-5039.02
336.4,6.15442,36600.1,-32445.7,2065.27,4245.56,13.6864,-4934.72
336.5,6.17987,36447.1,-32077.3,4807.62,4237.88,-19.2346,-4917.7
336.6,6.17939,36527.0,-31099.9,5580.47,4190.26,29.2209,-4888.49
336.7,6.19091,36783.1,-30053.5,5062.1,4186.69,78.708,-4740.88
336.8,6.23527,37057.8,-30150.7,5587.69,4176.57,86.0413,-4668.63
336.9,6.27286,37318.1,-34002.1,8643.94,4167.0,64.0872,-4795.58
337.0,6.25697,37706.4,-39038.4,13474.0,4160.59,6.40363,-5011.47
337.1,6.18664,38222.9,-40968.3,17812.8,4155.63,-71.304,-5120.37
337.2,6.09911,38750.5,-39788.4,19128.4,4094.06,-97.8395,-5067.41
337.3,6.05159,39181.8,-39932.3,16833.3,4072.87,-26.0298,-5007.42
337.4,6.05163,39337.4,-41945.6,12158.2,4078.35,40.6538,-5044.73
337.5,6.06331,39297.3,-42723.0,7866.79,4091.25,79.6058,-5038.76
337.6,6.05453,39186.9,-40044.9,5828.96,4139.37,60.003,-4870.99
337.7,6.01946,39087.7,-37202.3,5489.89,4190.13,-2.777,-4689.85
337.8,5.9975,39017.8,-35354.6,4203.55,4198.26,-69.923,-4744.14
337.9,6.02856,38873.0,-35380.8,664.166,4220.1,-34.3955,-4878.15
338.0,6.09925,38610.2,-34412.0,-4085.13,4236.23,101.744,-4910.02
338.1,6.16638,38364.5,-32091.7,-7943.77,4254.64,178.844,-4893.24
338.2,6.20407,38259.0,-31620.3,-8052.38,4255.9,160.737,-4925.87
338.3,6.20736,38287.9,-32839.5,-5127.17,4271.73,28.6752,-5011.61
338.4,6.21099,38499.8,-33171.1,-2052.57,4310.87,-112.349,-5023.88
338.5,6.23628,38733.5,-31822.2,-520.829,4370.68,-128.321,-4909.94
338.6,6.25026,38927.8,-31021.9,-1289.51,4402.25,-84.8913,-4816.15
338.7,6.22885,39296.2,-32217.6,-2593.53,4405.61,-13.6608,-4871.19
338.8,6.17743,39704.6,-34434.2,-1986.01,4391.1,36.0219,-4935.82
338.9,6.11491,40078.9,-35566.1,652.552,4363.29,24.714,-4889.73
339.0,6.07881,40396.4,-34958.5,2964.57,4309.04,-42.7766,-4862.71
339.1,6.07605,40534.3,-34838.9,3851.16,4289.56,-29.4949,-4948.72
339.2,6.0728,40533.8,-35401.1,3012.91,4277.27,34.8275,-5058.76
339.3,6.05751,40561.9,-34387.7,1442.85,4269.88,42.0467,-5106.19
339.4,6.04749,40548.5,-32726.7,1876.08,4291.92,39.2381,-5043.55
339.5,6.05228,40414.7,-31835.1,4218.1,4323.84,-19.5555,-5000.01
339.6,6.08757,40250.6,-31575.1,5677.59,4354.37,-101.141,-4998.2
339.7,6.15213,40051.7,-29549.2,5435.87,4357.87,-85.5355,-4951.11
339.8,6.19494,39851.2,-26225.7,3281.63,4328.06,25.5485,-4793.6
339.9,6.21449,39904.6,-25582.1,797.765,4296.12,128.257,-4681.23
340.0,6.22722,40058.7,-26547.5,1055.17,4228.41,165.637,-4817.88
340.1,6.23543,40251.1,-29870.5,5094.62,4179.44,132.14,-4975.09
340.2,6.24282,40493.0,-30890.1,10747.9,4103.37,19.9408,-5021.15
340.3,6.23757,40752.7,-31417.2,16215.1,4063.48,-41.9258,-5002.68
340.4,6.19877,41013.4,-33288.9,19197.4,4067.39,-34.6949,-5024.52
340.5,6.14711,41362.6,-36799.8,19279.5,4115.37,-19.5879,-5066.29
340.6,6.10914,41617.3,-38524.8,17662.1,4156.75,-36.3869,-5027.85
340.7,6.09446,41774.2,-37660.6,15306.6,4218.76,-48.6414,-4899.38
340.8,6.10809,41857.8,-35377.5,12514.8,4270.12,-22.6091,-4812.91
340.9,6.12107,41847.6,-34212.5,9960.38,4306.37,54.7866,-4844.41
341.0,6.10712,41878.9,-34013.5,7486.37,4332.99,118.086,-4918.69
341.1,6.08451,41992.8,-33480.6,4904.08,4354.21,157.961,-4930.95
341.2,6.07508,42032.2,-32566.3,2092.59,4321.05,180.264,-4921.03
341.3,6.09542,42004.0,-32850.4,-1003.37,4351.5,192.219,-4954.18
341.4,6.14554,41868.3,-33842.2,-3719.04,4386.99,171.401,-5023.79
341.5,6.19017,41665.3,-33833.2,-4577.46,4386.28,125.568,-5004.9
341.6,6.19967,41545.8,-32471.3,-3309.56,4360.26,52.4647,-4880.51
341.7,6.18862,41592.5,-30437.6,-883.412,4345.15,-39.5451,-4798.65
341.8,6.18542,41706.3,-29964.8,1447.72,4355.69,-67.0839,-4813.69
341.9,6.19591,41787.2,-29883.3,2223.37,4370.93,-31.9474,-4864.38
342.0,6.20339,41863.2,-29817.3,1933.74,4364.08,76.0587,-4868.6
342.1,6.18142,41948.7,-29673.4,1791.05,4341.16,159.46,-4847.13
342.2,6.13218,42135.4,-30926.1,2831.59,4336.23,168.913,-4875.6
342.3,6.0857,42329.9,-31747.1,4189.63,4288.58,77.3043,-4970.41
342.4,6.06989,42476.9,-30380.4,4808.07,4246.86,8.87375,-4997.16
342.5,6.08985,42527.2,-26971.8,3786.14,4243.18,-11.6007,-4942.07
342.6,6.11785,42509.7,-24522.1,1862.09,4276.18,-8.391,-4884.49
342.7,6.13127,42504.2,-23491.7,1384.61,4292.25,22.9212,-4944.7
342.8,6.11804,42522.7,-23461.2,3068.42,4338.27,16.1497,-4984.4
342.9,6.11074,42640.8,-22287.8,5603.51,4379.72,-16.8129,-4911.05
343.0,6.13331,42665.8,-20489.1,6976.45,4383.37,-29.527,-4813.62
343.1,6.16373,42590.7,-20627.3,6110.65,4338.3,36.4994,-4801.95
343.2,6.1798,42556.6,-22911.7,3913.51,4289.82,133.916,-4874.63
343.3,6.16887,42559.6,-24019.9,2751.47,4207.36,157.781,-4967.19
343.4,6.14581,42607.4,-24322.7,4798.37,4141.25,134.977,-4969.33
343.5,6.13734,42622.9,-24234.0,9551.75,4099.35,30.3278,-5005.87
343.6,6.14586,42566.6,-24993.7,14618.4,4118.3,-90.8487,-5093.4
343.7,6.15499,42487.1,-25478.8,17332.6,4129.09,-136.43,-5085.56
343.8,6.1375,42421.0,-25010.7,16283.6,4144.99,-101.564,-4961.31
343.9,6.10698,42496.4,-25179.6,13208.2,4191.3,14.2941,-4832.97
344.0,6.09484,42599.9,-26481.4,10872.3,4266.1,99.6136,-4828.72
344.1,6.11002,42644.8,-27273.1,10538.6,4296.54,70.0434,-4863.41
344.2,6.13633,42710.4,-26995.8,11731.9,4314.66,12.992,-4841.52
344.3,6.14834,42833.1,-27032.9,12365.1,4317.15,-7.98912,-4840.8
344.4,6.1315,43059.1,-29530.5,10417.2,4339.77,3.166,-4930.84
344.5,6.11016,43308.2,-33497.8,6689.64,4353.77,72.7057,-5054.5
344.6,6.10798,43401.6,-35504.2,3605.06,4364.46,126.381,-5088.3
344.7,6.12494,43444.4,-35715.0,2900.09,4357.63,76.6462,-4976.63
344.8,6.14445,43370.1,-35645.9,3925.57,4339.14,-69.9277,-4885.09
344.9,6.13849,43238.2,-35111.9,5080.23,4337.87,-154.09,-4900.14
345.0,6.1079,43165.6,-32883.7,4179.17,4336.59,-124.396,-4904.39
345.1,6.08741,43122.8,-27760.0,2103.58,4316.48,-12.699,-4823.27
345.2,6.09238,42969.1,-23499.7,1518.66,4306.68,99.518,-4751.94
345.3,6.11124,42789.4,-22485.2,3993.53,4319.08,107.564,-4806.73
345.4,6.12589,42649.5,-23811.1,8743.71,4321.77,22.9759,-4927.29
345.5,6.11336,42573.8,-23044.6,13281.8,4294.5,-78.3425,-4986.63
345.6,6.08085,42623.5,-21434.5,14211.9,4278.38,-144.076,-4914.73
345.7,6.06719,42738.4,-20799.1,10865.6,4233.13,-152.157,-4882.2
345.8,6.08412,42793.7,-21943.7,5935.95,4206.57,-85.8033,-4989.4
345.9,6.1246,42824.0,-23575.4,2663.11,4233.4,-39.2363,-5040.53
346.0,6.16448,42886.9,-22552.0,3140.35,4255.37,-47.677,-4976.26
346.1,6.17428,42988.4,-20117.7,6191.78,4291.69,-93.7955,-4888.43
346.2,6.14948,43204.5,-18742.2,8527.57,4328.9,-94.5155,-4873.78
346.3,6.11696,43317.0,-19303.7,7517.47,4365.72,-27.1052,-4912.01
346.4,6.10707,43510.3,-19312.7,4385.59,4357.27,116.955,-4916.81
346.5,6.11675,43582.9,-19231.5,2064.66,4313.86,208.788,-4841.58
346.6,6.1312,43543.7,-21373.7,3673.73,4291.74,147.529,-4820.19
346.7,6.11997,43417.3,-25031.0,8793.37,4263.55,-45.7767,-4941.14
346.8,6.08725,43331.8,-28421.0,13562.7,4226.78,-234.757,-5051.65
346.9,6.05516,43270.4,-28935.8,14306.7,4206.42,-290.967,-5035.31
347.0,6.05223,43173.2,-27794.4,10878.8,4180.57,-150.728,-4948.2
347.1,6.07629,43008.3,-27757.2,5922.32,4169.57,19.0868,-4918.99
347.2,6.10849,42826.4,-28516.1,3014.92,4199.19,109.293,-4941.2
347.3,6.12777,42704.9,-28870.9,3512.6,4256.1,98.8773,-4910.37
347.4,6.1262,42706.1,-27426.8,5474.66,4304.89,48.7248,-4825.23
347.5,6.12098,42852.4,-26321.3,5892.11,4345.26,9.646,-4801.16
347.6,6.12842,43076.8,-27000.4,4045.13,4407.47,29.2892,-4894.64
347.7,6.1445,43307.1,-27054.1,1464.88,4415.1,69.7503,-5033.15
347.8,6.15682,43535.2,-27557.8,1166.75,4419.4,60.7537,-5027.86
347.9,6.14854,43461.0,-27163.5,4263.31,4389.85,-33.0436,-5003.75
348.0,6.12771,43402.6,-28172.4,8829.12,4356.55,-168.449,-5027.69
348.1,6.10591,43417.3,-28209.3,11470.4,4318.37,-222.329,-5073.69
348.2,6.08814,43473.1,-26211.0,9873.95,4286.83,-147.686,-5000.64
348.3,6.07618,43457.7,-22685.6,5338.02,4287.5,25.0127,-4867.72
348.4,6.06702,43361.8,-21399.3,1090.6,4301.05,149.61,-4798.19
348.5,6.05555,43226.7,-23144.3,-182.381,4300.34,164.391,-4869.15
348.6,6.05092,43049.1,-23839.3,1968.33,4283.43,92.2516,-4983.55
348.7,6.04909,42813.6,-22860.9,4910.49,4261.09,-33.84,-4957.82
348.8,6.05051,42637.6,-20198.4,5226.14,4218.41,-132.585,-4928.86
348.9,6.06377,42526.1,-19671.9,2305.85,4210.25,-106.307,-4977.73
349.0,6.08167,42427.5,-20249.4,-2301.19,4199.28,-21.4205,-5051.95
349.1,6.1107,42428.6,-20404.1,-5621.51,4231.6,35.2684,-4989.62
349.2,6.14879,42414.0,-19381.2,-5569.59,4277.73,12.1495,-4846.02
349.3,6.16761,42438.7,-17796.2,-2989.53,4290.58,-38.7139,-4793.37
349.4,6.16587,42621.6,-18129.4,-996.508,4322.89,-70.3897,-4820.22
349.5,6.14781,42877.0,-17120.5,-1023.76,4321.63,-22.883,-4885.05
349.6,6.11919,43133.8,-15533.1,-3125.27,4325.44,50.5773,-4891.11
349.7,6.10132,43364.3,-14113.4,-4132.44,4296.28,132.055,-4906.85
349.8,6.09109,43400.6,-15255.8,-1887.83,4255.95,89.202,-4986.97
349.9,6.07685,43369.9,-17247.0,2917.38,4244.28,-69.8193,-5069.07
350.0,6.06631,43298.4,-17837.8,7688.52,4237.8,-208.344,-5045.33
350.1,6.04613,43116.8,-17450.2,9488.13,4235.09,-230.19,-4934.68
350.2,6.02795,43008.3,-19077.2,7740.0,4276.32,-128.208,-4876.1
350.3,6.02926,42841.6,-22115.1,4751.89,4328.25,-4.9205,-4929.77
350.4,6.04371,42613.1,-24568.7,3632.61,4349.53,65.5351,-4974.04
350.5,6.06297,42394.2,-23177.1,4188.98,4318.28,12.8285,-4956.85
350.6,6.08291,42225.2,-19931.2,4981.94,4281.19,-54.9626,-4935.3
350.7,6.0933,42094.7,-17569.2,3878.02,4254.09,-45.7327,-4967.65
350.8,6.10192,42094.2,-18113.9,520.833,4251.51,16.2044,-5027.48
350.9,6.12153,42146.0,-18420.1,-2379.62,4257.18,75.7245,-5081.21
351.0,6.14501,42200.8,-17282.8,-1653.68,4266.3,65.5039,-5032.03
351.1,6.15673,42294.6,-15180.6,2697.54,4275.75,-51.9801,-4919.11
351.2,6.15274,42434.5,-13728.9,8137.92,4300.87,-185.892,-4862.84
351.3,6.12612,42573.3,-15258.8,11470.7,4348.21,-209.614,-4864.33
351.4,6.08847,42741.0,-16846.4,10871.3,4365.58,-119.728,-4921.0
351.5,6.06267,42867.4,-17890.0,7839.7,4389.38,-22.2232,-4924.77
351.6,6.04821,42841.0,-18017.0,5141.25,4366.29,13.3281,-4916.42
351.7,6.039,42733.6,-18697.9,4534.66,4320.09,-11.0464,-4958.24
351.8,6.02888,42628.7,-19765.7,5733.71,4283.88,-68.117,-5045.64
351.9,6.01955,42471.5,-20892.4,7251.14,4267.46,-101.079,-5064.84
352.0,6.02645,42298.2,-20088.8,7800.51,4283.91,-99.4388,-5047.92
352.1,6.04562,42104.7,-18933.1,7297.41,4301.04,-71.2718,-5004.0
352.2,6.06314,41868.6,-18797.4,6113.51,4317.93,-53.5425,-4951.24
352.3,6.08122,41714.1,-18887.7,5481.84,4344.84,-24.7388,-4937.17
352.4,6.10445,41603.3,-19393.3,5579.81,4367.51,-30.154,-4900.14
352.5,6.13434,41639.7,-19861.9,6101.47,4372.37,-58.0905,-4871.87
352.6,6.16414,41664.1,-20253.4,6105.71,4341.39,-103.709,-4907.27
352.7,6.17429,41768.2,-20182.6,5304.56,4293.31,-98.2732,-4960.29
352.8,6.16602,42032.2,-18705.3,3828.03,4263.75,-52.25,-5006.3
352.9,6.15135,42341.3,-17374.4,2798.02,4264.8,2.342,-5008.37
353.0,6.13106,42581.1,-16552.8,2869.24,4247.93,27.0018,-5004.5
353.1,6.11233,42777.8,-16517.5,3787.43,4251.78,0.06975,-4989.79
353.2,6.09237,42866.8,-15198.4,5144.24,4232.95,-38.4071,-4946.97
353.3,6.06851,42876.8,-13051.5,6480.57,4193.66,-59.4683,-4854.05
353.4,6.04693,42837.6,-12685.7,6764.87,4164.6,-111.932,-4767.6
353.5,6.04039,42764.8,-12749.1,5799.63,4124.94,-160.566,-4843.63
353.6,6.04947,42737.7,-13006.9,3912.78,4086.14,-146.199,-4935.15
353.7,6.07807,42771.0,-11356.6,2244.58,4038.32,-81.0548,-4965.14
353.8,6.1143,42779.0,-9712.2,1240.57,4001.85,-54.7291,-4970.49
353.9,6.14764,42885.0,-9227.66,942.79,3958.38,-31.991,-5019.42
354.0,6.17428,43104.5,-9570.27,546.41,3938.8,-7.05888,-5057.14
354.1,6.19317,43450.1,-8730.65,-334.427,3910.47,33.4883,-4990.43
354.2,6.21806,43628.0,-7237.73,-1203.53,3882.7,50.4519,-4866.39
354.3,6.2474,43515.8,-4879.61,-920.045,3827.16,4.72175,-4844.96
354.4,6.25954,43302.1,-3103.76,492.304,3772.83,-82.6797,-4883.99
354.5,6.25925,43141.0,-2602.23,2543.1,3750.07,-143.058,-4897.95
354.6,6.23926,42969.0,-2481.25,4370.18,3728.75,-141.001,-4945.48
354.7,6.21123,42917.5,-3349.99,5462.2,3734.11,-81.173,-5036.73
354.8,6.1923,42957.8,-5786.83,6266.96,3757.24,-18.1642,-5056.71
354.9,6.16776,42958.1,-8694.67,6621.79,3749.31,10.102,-5021.37
355.0,6.14342,42993.0,-11056.1,6346.59,3749.4,33.6835,-5009.32
355.1,6.12346,43027.6,-13651.0,5589.2,3727.43,38.4315,-4982.08
355.2,6.10757,43106.3,-14292.6,5075.63,3700.51,36.8413,-5005.95
355.3,6.1104,43227.5,-14952.5,5545.58,3666.03,6.33012,-4991.88
355.4,6.12855,43245.8,-15677.3,7131.69,3670.11,-43.781,-5020.06
355.5,6.15442,43281.0,-16775.5,9329.61,3645.73,-56.5729,-5070.23
355.6,6.18521,43340.3,-18424.7,11040.1,3645.9,-53.7791,-5080.76
355.7,6.2106,43315.5,-19890.1,11155.2,3661.77,-47.1709,-5042.93
355.8,6.23208,43246.6,-20128.2,9388.71,3631.47,-12.3252,-5005.49
355.9,6.2478,43160.4,-19373.7,6904.04,3599.34,49.5431,-4955.25
356.0,6.25397,43072.4,-18111.1,4930.67,3558.18,84.6766,-4916.74
356.1,6.25068,42981.0,-16976.5,4225.0,3503.61,43.6367,-4927.55
356.2,6.23401,42894.9,-16566.2,4642.12,3483.27,-23.3388,-4988.62
356.3,6.20922,42857.0,-15590.7,5176.06,3469.13,-61.5279,-5060.29
356.4,6.18008,42851.6,-14635.3,4912.75,3442.19,-60.2896,-5051.78
356.5,6.15093,42896.2,-14055.7,3964.58,3404.76,-50.1512,-5005.24
356.6,6.12979,42990.8,-14365.7,2641.65,3393.54,-40.0238,-4991.59
356.7,6.12537,43104.2,-14473.4,1403.62,3409.17,-56.8745,-4993.67
356.8,6.12674,43163.6,-13966.2,839.217,3430.15,-48.4678,-4953.74
356.9,6.12719,43143.3,-13441.8,1116.72,3429.08,-40.2132,-4925.2
357.0,6.11767,43131.8,-13957.1,1727.6,3430.43,-74.9013,-4987.63
357.1,6.1111,43194.0,-14231.7,1412.35,3414.6,-118.943,-5079.53
357.2,6.11847,43263.4,-12264.8,-461.912,3374.86,-106.402,-5084.96
357.3,6.13952,43283.8,-9680.12,-3277.14,3334.26,-21.097,-4988.61
357.4,6.16729,43273.9,-7577.07,-5650.55,3251.79,27.4455,-4964.87
357.5,6.19084,43302.4,-8466.55,-5856.19,3211.89,8.55175,-4956.52
357.6,6.20341,43376.6,-10057.0,-3539.35,3211.4,-38.2928,-4964.82
357.7,6.20056,43287.1,-10088.0,-654.505,3217.67,-109.447,-4960.56
357.8,6.18747,43268.2,-9553.58,1595.45,3260.78,-124.624,-4959.74
357.9,6.16711,43256.8,-11046.2,2937.86,3333.7,-71.6781,-4972.3
358.0,6.14174,43269.7,-14539.5,3995.84,3426.94,-34.1754,-5057.53
358.1,6.11389,43293.7,-18148.6,5245.65,3462.99,-55.4424,-5134.36
358.2,6.08767,43333.6,-20472.0,6571.22,3468.94,-96.7887,-5115.25
358.3,6.07256,43422.5,-19847.1,7152.4,3449.66,-123.367,-5072.38
358.4,6.07268,43512.9,-17773.4,6698.48,3449.08,-124.515,-5053.89
358.5,6.07816,43552.8,-15914.3,6108.67,3473.9,-95.0444,-5055.09
358.6,6.07745,43534.6,-14137.4,6220.91,3485.08,-67.4149,-5064.87
358.7,6.07328,43562.3,-12058.1,7401.11,3514.88,-52.0995,-5068.08
358.8,6.0766,43643.6,-9659.45,9590.39,3538.08,-31.2948,-5038.47
358.9,6.0886,43680.9,-9190.65,12079.0,3586.48,-22.4918,-4976.92
359.0,6.10188,43703.1,-11033.1,13694.9,3624.37,-52.7337,-4975.47
359.1,6.10973,43755.3,-13845.9,13546.9,3661.77,-100.234,-5007.51
359.2,6.10968,43717.0,-15494.9,11330.3,3660.2,-121.196,-5005.16
359.3,6.10818,43737.3,-16441.6,8460.53,3661.53,-75.6113,-4963.35
359.4,6.10997,43771.4,-17988.7,6426.68,3675.69,-51.413,-4981.69
359.5,6.10845,43776.9,-21001.4,5870.92,3688.49,-60.9772,-5069.23
359.6,6.10058,43758.8,-22917.2,6487.45,3710.78,-56.6107,-5150.01
359.7,6.07974,43703.8,-22459.3,6545.9,3735.38,-28.0998,-5100.26
359.8,6.05147,43702.3,-19562.3,5148.42,3726.47,25.3095,-4987.95
359.9,6.02959,43759.6,-16523.6,2834.94,3737.54,73.4815,-4900.61
360.0,6.01607,43805.4,-14287.7,975.36,3719.7,57.9757,-4860.68
360.1,6.01994,43758.9,-11815.9,666.696,3693.67,-19.6912,-4853.43
360.2,6.03618,43611.1,-9320.53,2620.46,3695.96,-109.824,-4832.98
360.3,6.04679,43435.9,-7517.24,5768.2,3720.66,-172.425,-4850.78
360.4,6.04962,43301.7,-8101.55,7931.15,3742.68,-204.588,-4932.66
360.5,6.04248,43185.2,-9176.37,7754.02,3735.97,-179.199,-5032.12
360.6,6.03496,43188.6,-9170.93,5266.0,3713.98,-58.5762,-5031.58
360.7,6.0413,43250.3,-9067.95,1652.28,3720.47,49.938,-4928.4
360.8,6.06151,43224.5,-9808.84,-212.724,3746.79,113.007,-4875.79
360.9,6.07254,43060.1,-10830.3,367.853,3747.04,40.296,-4933.13
361.0,6.06349,42908.7,-10624.4,2779.83,3747.45,-73.7422,-4965.66
361.1,6.04056,42805.2,-9415.64,4874.43,3768.65,-158.533,-4937.28
361.2,6.01837,42932.4,-7942.94,5370.88,3787.87,-150.083,-4981.96
361.3,6.01891,43032.3,-8412.3,4647.14,3799.2,-82.3867,-5075.46
361.4,6.03163,43047.6,-9301.02,4702.64,3810.89,-6.66087,-5127.47
361.5,6.03168,43106.2,-9102.35,6014.16,3820.86,8.9135,-5100.93
361.6,6.02005,43255.3,-7042.04,8025.89,3809.89,-20.0627,-5054.87
361.7,6.00134,43414.8,-4578.47,9659.52,3791.37,-33.441,-5012.43
361.8,5.98926,43618.9,-3395.78,10146.6,3773.98,-16.4557,-4960.85
361.9,5.99942,43785.5,-2539.16,9926.77,3799.29,-6.29375,-4990.52
362.0,6.02353,43955.7,-2481.44,10851.4,3856.51,15.5448,-5032.05
362.1,6.03892,44011.1,-2899.35,13096.9,3884.67,-22.1135,-5049.88
362.2,6.0354,44074.7,-4447.91,15963.3,3867.91,-87.4583,-5058.74
362.3,6.02062,44067.8,-7040.53,17493.4,3842.94,-117.26,-5092.92
362.4,6.02357,44034.5,-8417.72,16181.9,3799.05,-77.1622,-5109.94
362.5,6.05383,43968.8,-9209.85,13093.5,3788.35,31.5177,-5034.13
362.6,6.08568,43990.0,-9525.42,10606.8,3797.31,104.494,-4982.45
362.7,6.08309,44026.3,-10804.1,10095.7,3795.52,67.1649,-5014.12
362.8,6.04986,43969.2,-11817.1,11302.0,3789.68,-28.9776,-5092.93
362.9,6.00605,43959.9,-11191.8,11507.4,3786.96,-118.701,-5094.35
363.0,5.98764,44124.3,-9688.91,9220.41,3777.25,-74.2805,-5033.9
363.1,6.00591,44268.9,-9321.09,5094.7,3761.64,36.9673,-5012.4
363.2,6.02853,44295.7,-8853.6,2357.57,3721.9,140.356,-5062.39
363.3,6.03579,44268.3,-7931.79,2803.12,3666.32,121.301,-5005.58
363.4,6.02959,44116.4,-6545.79,7296.12,3628.15,35.3676,-4906.42
363.5,6.01604,44086.5,-6412.93,12910.6,3609.08,-82.1903,-4909.2
363.6,6.02201,44212.6,-7956.93,16643.9,3615.2,-151.282,-5028.13
363.7,6.0373,44259.2,-8797.4,17282.7,3589.2,-138.826,-5102.31
363.8,6.03728,44206.7,-10191.9,15780.1,3584.51,-58.5621,-5028.86
363.9,6.03459,44174.1,-12345.5,14081.8,3578.77,-4.50675,-5008.26
364.0,6.03944,44196.5,-15128.7,14159.6,3565.4,-0.6485,-5103.06
364.1,6.06227,44268.4,-16202.6,16163.6,3548.43,-24.6793,-5148.98
364.2,6.09371,44249.7,-14058.4,18187.6,3522.03,-91.551,-5060.81
364.3,6.10551,44089.6,-11238.9,18566.6,3493.49,-124.005,-4984.57
364.4,6.08827,43904.5,-10291.5,17058.5,3494.08,-79.1582,-5050.54
364.5,6.05587,43835.7,-11156.4,14841.4,3519.61,-21.2913,-5143.55
364.6,6.03644,43955.5,-11023.1,13764.7,3580.83,-7.73175,-5155.84
364.7,6.03878,44079.7,-9690.52,14335.0,3593.45,-48.915,-5071.71
364.8,6.042,44082.7,-9541.77,15412.3,3600.5,-100.437,-5024.41
364.9,6.03352,43993.3,-9403.79,15341.7,3589.78,-102.67,-5087.38
365.0,6.01552,43930.3,-8358.34,14014.0,3561.47,-49.5488,-5092.96
365.1,6.00114,43991.5,-6543.06,12528.1,3546.79,10.8912,-4987.74
365.2,6.00811,44154.5,-5798.5,12535.0,3524.53,31.1125,-4946.07
365.3,6.03073,44230.6,-7826.42,14675.2,3546.84,-1.89688,-5038.03
365.4,6.04198,44229.3,-11314.9,17715.8,3576.57,-73.4961,-5129.31
365.5,6.03451,44112.8,-14156.9,19459.8,3613.34,-132.115,-5116.59
365.6,6.01279,44071.2,-15598.7,18678.2,3616.67,-116.733,-5057.19
365.7,6.00664,44193.0,-17832.9,15430.6,3602.44,-46.5929,-5005.32
365.8,6.03473,44336.9,-19834.4,11716.0,3584.02,13.4219,-5020.0
365.9,6.07816,44404.6,-20362.2,9442.4,3565.77,26.4639,-5008.6
366.0,6.10714,44229.4,-19151.3,9113.95,3562.14,-12.7632,-4961.08
366.1,6.10022,43966.3,-18226.3,9674.86,3581.39,-64.9859,-4938.45
366.2,6.06204,43779.6,-17673.2,9593.01,3562.18,-59.4701,-5027.75
366.3,6.02107,43831.1,-18108.4,8155.44,3562.82,2.01912,-5074.76
366.4,6.00414,44059.3,-16239.1,6334.54,3568.98,78.7633,-5062.48
366.5,6.01361,44230.7,-14059.7,5823.21,3592.73,104.448,-4954.64
366.6,6.01761,44207.8,-13055.2,7206.74,3598.25,39.9565,-4885.35
366.7,6.00429,44079.4,-13880.2,10149.4,3570.76,-44.358,-4888.87
366.8,5.97728,44034.6,-15588.6,12905.7,3586.61,-127.74,-4911.75
366.9,5.96902,44181.5,-16108.7,14172.0,3597.23,-149.119,-4935.27
367.0,5.98611,44208.9,-15526.2,13430.9,3564.88,-127.475,-4965.83
367.1,6.00529,44178.8,-16103.0,11602.6,3544.24,-52.5185,-5003.97
367.2,6.01261,44202.8,-17477.9,10146.4,3545.45,42.7695,-5081.95
367.3,6.00273,44236.5,-17901.7,9938.96,3531.07,75.241,-5127.92
367.4,5.99367,44340.0,-17587.1,11073.6,3536.35,60.7385,-5038.62
367.5,6.00115,44430.8,-15809.1,12069.0,3528.53,-15.4251,-4955.36
367.6,6.01739,44509.1,-14264.9,11909.5,3521.98,-68.9013,-4939.9
367.7,6.02869,44454.0,-13431.1,10466.4,3542.84,-81.3528,-4941.64
367.8,6.02197,44327.6,-12222.8,8491.2,3557.91,-79.6034,-4941.7
367.9,6.00451,44294.4,-11176.7,7898.53,3596.73,-42.2443,-4959.49
368.0,5.9893,44320.8,-11498.6,8503.58,3628.93,-43.1757,-5021.65
368.1,5.98006,44408.6,-12761.4,9495.05,3673.4,-24.6706,-5110.14
368.2,5.97717,44454.6,-13257.1,9436.52,3686.57,26.3264,-5143.51
368.3,5.96326,44413.6,-12957.0,7610.05,3681.68,75.9322,-5077.07
368.4,5.945,44410.4,-11717.1,5477.55,3659.18,129.16,-5014.22
368.5,5.92847,44449.9,-10864.7,4304.44,3643.39,94.0534,-4989.33
368.6,5.92348,44551.4,-10149.0,5104.89,3611.41,13.0828,-4983.94
368.7,5.93076,44566.2,-9910.96,7314.17,3599.6,-83.9759,-4957.95
368.8,5.93695,44533.0,-10894.0,9468.51,3619.56,-127.72,-4978.25
368.9,5.94118,44530.7,-12462.1,10609.5,3637.96,-78.981,-5068.21
369.0,5.94272,44511.8,-13772.8,10915.5,3635.72,7.62813,-5100.86
369.1,5.93844,44496.4,-14152.8,10289.9,3610.08,35.5443,-5051.09
369.2,5.94447,44550.8,-14411.2,9299.93,3609.6,49.5695,-5011.99
369.3,5.95754,44577.2,-15721.6,8230.16,3625.36,60.321,-5018.05
369.4,5.96096,44642.8,-16452.1,6962.28,3615.82,37.3568,-5053.25
369.5,5.95153,44795.3,-16615.0,6127.82,3609.36,11.2705,-5030.68
369.6,5.9308,44734.7,-15598.6,6044.58,3612.7,-11.0275,-5010.49
369.7,5.913,44814.7,-15777.8,6575.83,3624.42,-14.636,-5025.19
369.8,5.91302,44929.9,-16827.2,7419.79,3632.07,-1.91475,-5071.16
369.9,5.91955,44974.1,-17500.2,8730.25,3641.42,29.8883,-5066.8
370.0,5.91267,44920.6,-16636.6,9866.04,3614.58,37.5314,-4991.63
370.1,5.89585,44873.4,-15694.9,10572.6,3594.37,15.1097,-4918.8
370.2,5.87987,44907.0,-17241.7,11194.8,3600.59,-7.56488,-4923.56
370.3,5.87105,45004.4,-19140.1,10937.8,3601.54,-62.3509,-5033.12
370.4,5.8789,45074.3,-18606.3,9864.63,3583.66,-98.9429,-5103.9
370.5,5.88506,45042.0,-16730.4,7937.49,3575.42,-99.7076,-5019.25
370.6,5.88059,45052.8,-15206.3,5635.57,3594.08,-57.2231,-4982.7
370.7,5.8777,45057.4,-16253.5,3640.69,3624.07,-16.4518,-5037.96
370.8,5.87757,45057.9,-17074.9,2655.15,3642.35,4.12736,-5072.15
370.9,5.88552,45072.2,-15526.1,2185.36,3655.45,-11.6625,-4987.17
371.0,5.89587,45076.8,-12568.8,1822.12,3664.8,-48.2038,-4886.29
371.1,5.89215,45043.3,-11203.1,1243.36,3681.41,-65.7346,-4917.5
371.2,5.87961,45030.1,-11706.1,399.416,3700.86,-75.4855,-5027.0
371.3,5.87496,45074.3,-11400.5,589.778,3737.1,-61.4346,-5100.36
371.4,5.87801,45084.3,-10724.2,1651.27,3749.93,-85.7105,-5061.98
371.5,5.8913,45118.0,-9899.97,3545.42,3766.72,-108.222,-5046.87
371.6,5.9002,45069.3,-9893.84,5237.05,3776.96,-118.713,-5092.74
371.7,5.88838,45011.2,-9755.19,6112.26,3773.27,-91.8105,-5110.11
371.8,5.86979,45004.0,-7972.89,6106.62,3756.03,-73.6712,-5062.85
371.9,5.85369,45027.7,-5561.09,6057.12,3717.8,-65.362,-5004.85
372.0,5.85228,45080.7,-3602.28,6248.46,3700.26,-67.9977,-5005.03
372.1,5.86476,45099.6,-2556.99,7359.69,3712.04,-62.3442,-5055.93
372.2,5.86678,45043.9,-1839.68,9443.14,3743.21,-51.0125,-5091.42
372.3,5.85215,45005.5,-1585.45,12020.4,3760.59,-55.2417,-5074.92
372.4,5.83528,45014.7,-2428.06,14800.4,3786.92,-65.5717,-5050.99
372.5,5.82744,45061.3,-4392.11,16954.9,3825.92,-80.3796,-5050.57
372.6,5.84383,45081.7,-7624.46,18146.2,3850.5,-82.7611,-5028.32
372.7,5.86719,45010.9,-10206.0,17970.5,3855.1,-108.012,-5012.76
372.8,5.87478,44987.7,-12218.7,16588.5,3834.57,-101.841,-5003.96
372.9,5.8659,45043.5,-13843.5,15011.9,3823.24,-53.512,-5033.28
373.0,5.85017,45026.3,-15552.8,14346.8,3841.89,-0.746063,-5078.29
373.1,5.84933,45091.7,-16930.9,14421.3,3865.63,-5.21256,-5108.74
373.2,5.86966,45150.7,-17687.2,15085.6,3892.06,2.96009,-5076.53
373.3,5.88445,45076.5,-17794.8,15030.2,3899.31,1.82208,-5000.1
373.4,5.87347,45013.3,-17584.8,13698.0,3896.13,9.08147,-4933.41
373.5,5.84918,44983.2,-17862.3,11321.4,3889.8,-15.6547,-4884.96
373.6,5.83128,45035.7,-16955.7,9183.62,3884.35,-45.4691,-4893.4
373.7,5.84135,45135.5,-15540.0,7861.04,3873.13,-72.1631,-4911.08
373.8,5.86901,45135.5,-13590.0,7710.37,3851.56,-92.3596,-4951.32
373.9,5.87476,45036.1,-13330.8,8456.49,3871.77,-87.8197,-4998.15
374.0,5.84946,44956.4,-13714.9,8890.99,3884.69,-72.8476,-5075.6
374.1,5.8126,44957.3,-13505.1,8279.64,3897.84,-38.7065,-5081.19
374.2,5.79253,45042.8,-12794.1,6866.74,3914.72,26.6165,-4977.58
374.3,5.80404,45072.9,-12327.1,5092.43,3927.03,43.9253,-4885.81
374.4,5.83274,44983.6,-12289.6,3750.38,3917.88,-9.47675,-4896.49
374.5,5.84852,44895.3,-13146.4,3141.85,3933.17,-68.7765,-4927.84
374.6,5.84241,44888.4,-11905.0,2881.35,3917.51,-92.6793,-4974.94
374.7,5.83161,44964.7,-10426.0,2873.2,3916.68,-80.6765,-4997.84
374.8,5.8355,45075.6,-9020.41,2575.68,3937.39,-62.0547,-5053.89
374.9,5.86543,45192.3,-8997.31,2136.14,3974.71,-12.787,-5092.57
375.0,5.89557,45129.9,-9877.21,1825.69,3991.76,52.052,-5064.79
375.1,5.8978,45039.0,-10500.5,1762.63,4030.27,73.5336,-5010.22
375.2,5.87959,45000.5,-9362.63,2311.36,4067.8,40.2515,-4979.75
375.3,5.85956,45015.0,-7567.44,4375.19,4071.96,27.1752,-4949.28
375.4,5.85105,45060.0,-5375.39,6786.27,4058.2,-41.6669,-4947.5
375.5,5.86352,45121.3,-4875.23,9777.49,4058.48,-78.9524,-4995.86
375.6,5.87056,45048.2,-5685.91,13173.0,4076.13,-70.6319,-5101.84
375.7,5.84653,44956.1,-6677.24,15773.6,4068.88,-75.5448,-5172.7
375.8,5.81347,44968.0,-7110.06,17823.3,4043.3,-30.8311,-5142.9
375.9,5.78849,45000.5,-7624.88,19223.0,4001.43,2.15697,-5042.27
376.0,5.79236,45029.0,-9319.83,19647.6,3971.12,6.51078,-4983.49
376.1,5.82916,44943.1,-11618.1,19048.4,3981.05,-33.5492,-4975.37
376.2,5.85358,44776.5,-12690.0,17533.4,3973.84,-50.3548,-4973.26
376.3,5.8443,44767.2,-12802.5,14917.5,3952.48,-38.7156,-4941.73
376.4,5.82999,44897.0,-13938.8,12610.7,3962.48,3.44575,-4972.82
376.5,5.82831,44994.8,-16587.4,11112.7,3953.61,32.9001,-5073.24
376.6,5.85594,45133.0,-18979.5,10328.7,3934.59,56.5272,-5107.69
376.7,5.89687,45197.9,-19648.1,10392.2,3953.71,79.383,-5031.61
376.8,5.91312,45070.9,-18887.0,10427.5,3959.67,70.123,-4926.1
376.9,5.89474,44978.6,-20356.4,9659.89,3950.37,12.7855,-4864.36
377.0,5.86391,44982.0,-22274.3,8640.53,3950.71,-29.706,-4929.32
377.1,5.84783,45059.1,-23361.1,7439.36,3955.23,-59.3203,-4963.32
377.2,5.86876,45165.1,-23586.5,6006.46,3980.96,-104.071,-4912.1
377.3,5.90088,45143.7,-23355.7,4355.07,4027.79,-130.169,-4938.23
377.4,5.90532,45027.0,-22790.0,2307.09,4047.61,-74.773,-5057.33
377.5,5.87745,44944.2,-20631.5,79.4332,4055.94,10.5925,-5088.51
377.6,5.84443,44977.2,-18624.9,-1292.0,4083.54,69.4895,-4950.76
377.7,5.83767,45089.3,-17746.6,-1552.96,4090.08,55.7811,-4876.77
377.8,5.8637,45160.2,-18223.2,-1036.28,4095.6,3.59938,-4950.28
377.9,5.89362,45130.0,-17835.5,-593.808,4107.26,-58.573,-4985.58
378.0,5.90096,45051.0,-14045.2,-713.264,4122.09,-99.3401,-4927.32
378.1,5.88739,44999.8,-11125.4,-975.595,4146.58,-109.669,-4849.77
378.2,5.86911,45022.7,-11284.2,-1410.94,4154.94,-119.909,-4926.64
378.3,5.87977,45151.3,-13305.9,-1659.31,4163.82,-85.0054,-5055.19
378.4,5.92503,45221.3,-13763.0,-1449.94,4173.44,-39.325,-5041.49
378.5,5.96696,45166.6,-12664.2,-644.578,4153.16,-7.72408,-4907.97
378.6,5.98233,45074.3,-13045.5,1149.26,4168.76,-4.39306,-4886.5
378.7,5.96533,44933.5,-16114.5,4203.15,4195.3,-21.6319,-5009.88
378.8,5.93247,44812.2,-18226.2,7015.75,4183.54,-96.141,-5122.75
378.9,5.92806,44950.5,-17573.9,9367.68,4187.98,-139.835,-5102.04
379.0,5.94934,45079.7,-16121.0,11329.4,4210.34,-143.223,-5045.44
379.1,5.96623,44997.3,-16725.9,12460.2,4229.66,-145.745,-5071.45
379.2,5.96189,44791.3,-18647.7,13394.3,4262.19,-119.357,-5138.4
379.3,5.92924,44604.6,-18567.2,14028.7,4233.76,-80.0745,-5085.7
379.4,5.90199,44688.9,-17879.1,13668.1,4220.1,-29.9595,-4901.18
379.5,5.91596,44929.4,-17904.7,12795.8,4234.46,13.4333,-4863.49
379.6,5.94749,45050.1,-21487.7,12508.0,4281.94,73.2462,-4955.69
379.7,5.96428,44939.3,-24761.7,12645.1,4279.62,83.5222,-5055.49
379.8,5.95631,44748.4,-27027.9,13439.8,4294.23,50.47,-5038.41
379.9,5.9311,44659.7,-27997.7,14616.2,4270.85,32.8993,-5008.03
380.0,5.92316,44796.8,-29875.4,14977.2,4271.37,-9.10825,-5015.46
380.1,5.9556,45026.7,-31525.6,14926.6,4281.18,-20.1803,-5018.16
380.2,6.00286,45049.5,-30914.7,14343.1,4263.68,-33.3895,-4925.97
380.3,6.03185,44852.8,-29197.5,13142.8,4266.22,-50.6369,-4787.46
380.4,6.03803,44590.5,-29070.9,12029.1,4302.35,-41.2365,-4752.33
380.5,6.02063,44399.4,-30007.8,10780.7,4319.4,-28.2139,-4857.95
380.6,6.00797,44418.4,-29679.5,9077.73,4312.75,-3.84737,-4951.25
380.7,6.01675,44505.8,-25923.5,7179.38,4310.06,31.4634,-4941.02
380.8,6.02536,44482.8,-22187.6,4989.75,4278.62,58.7919,-4875.36
380.9,6.02538,44382.8,-19701.4,2462.54,4236.8,45.0913,-4926.14
381.0,6.01891,44266.6,-18652.7,1100.22,4220.31,35.8022,-4960.73
381.1,6.00714,44217.1,-17289.9,648.746,4231.01,-26.4907,-4897.7
381.2,6.01534,44315.5,-14871.5,632.878,4241.1,-102.346,-4815.35
381.3,6.03877,44356.4,-14208.6,502.795,4263.97,-132.883,-4787.73
381.4,6.05049,44288.6,-14620.2,-333.371,4309.04,-74.7032,-4864.24
381.5,6.04923,44178.3,-15267.9,-1753.7,4329.39,0.5175,-4929.31
381.6,6.03373,44101.7,-15668.1,-2446.26,4309.78,71.7139,-4946.31
381.7,6.02769,44175.5,-16914.4,-2078.67,4304.67,106.343,-4975.15
381.8,6.04975,44309.9,-18907.4,-1045.67,4264.03,94.1357,-5013.53
381.9,6.08536,44332.3,-20420.6,249.742,4239.43,74.9345,-5034.76
382.0,6.11168,44188.9,-19948.3,1717.46,4218.4,77.6935,-5012.49
382.1,6.11812,43988.3,-17974.4,3983.17,4218.86,56.2175,-4974.45
382.2,6.10878,43847.3,-17105.3,6597.84,4245.44,-23.9445,-4968.23
382.3,6.10752,43865.5,-16594.8,9116.46,4297.99,-80.7197,-5025.19
382.4,6.11755,43898.2,-16380.6,10445.9,4346.0,-49.478,-5044.76
382.5,6.13176,43868.4,-15052.8,10974.8,4386.33,76.5523,-5026.75
382.6,6.13397,43713.2,-14740.1,11391.5,4386.9,168.02,-4973.78
382.7,6.11912,43557.7,-15743.4,12141.2,4377.63,164.642,-4958.18
382.8,6.10652,43531.5,-18133.0,13606.1,4379.13,151.354,-4976.52
382.9,6.10684,43576.7,-20310.3,15047.6,4374.77,119.839,-5001.65
383.0,6.11936,43641.5,-20913.1,16540.9,4329.09,93.1654,-5036.47
383.1,6.13244,43606.5,-21691.0,18519.2,4290.28,51.4605,-5021.42
383.2,6.12955,43505.3,-24773.6,20455.5,4283.04,-3.90406,-5018.76
383.3,6.12213,43484.6,-28132.6,21392.3,4264.62,-24.0744,-5086.58
383.4,6.13066,43552.0,-30176.3,21116.2,4267.52,24.4232,-5090.23
383.5,6.15443,43610.3,-30701.8,19777.7,4256.71,101.77,-4943.6
383.6,6.18621,43591.2,-30349.0,18584.5,4256.66,152.226,-4842.25
383.7,6.20241,43414.9,-31277.8,18478.9,4238.19,151.617,-4875.07
383.8,6.19445,43238.8,-32547.6,19056.2,4248.31,101.891,-4955.2
383.9,6.18662,43199.5,-31180.3,19230.9,4253.25,35.8136,-5000.52
384.0,6.19589,43269.3,-28909.7,18903.5,4277.03,28.9167,-4972.36
384.1,6.21145,43270.0,-27833.8,17288.0,4243.53,28.4942,-4960.71
384.2,6.22685,43208.3,-28096.8,15306.7,4213.64,45.473,-5017.37
384.3,6.23558,43089.6,-27585.3,13843.1,4232.68,58.6525,-5019.08
384.4,6.24149,42994.5,-26669.9,12823.9,4265.69,43.8568,-4870.78
384.5,6.25119,42929.2,-25860.9,11339.5,4259.12,4.1365,-4768.29
384.6,6.25741,42848.0,-26869.9,9203.08,4256.66,17.1015,-4810.25
384.7,6.25701,42780.8,-27466.2,6926.25,4257.8,75.1633,-4911.98
384.8,6.2553,42723.1,-26308.9,5330.13,4265.93,92.8163,-4947.12
384.9,6.25592,42721.9,-24803.5,5284.7,4290.3,83.2122,-4954.41
385.0,6.26589,42727.9,-24668.9,6209.84,4316.64,69.3415,-5050.1
385.1,6.28087,42708.5,-26000.3,6962.17,4328.07,61.7845,-5130.59
385.2,6.29474,42654.5,-24760.0,7098.3,4291.29,64.3994,-5077.72
385.3,6.30731,42600.7,-21150.3,7661.94,4263.23,86.3777,-4888.81
385.4,6.32239,42554.0,-18353.4,9659.5,4248.9,61.4086,-4767.27
385.5,6.33247,42484.5,-18611.3,12769.1,4259.28,-27.4501,-4821.51
385.6,6.3391,42406.7,-19817.6,15843.6,4275.73,-95.6107,-4937.66
385.7,6.33421,42317.5,-19266.6,17606.3,4287.29,-59.6487,-4952.08
385.8,6.33053,42281.0,-18115.7,17846.4,4301.45,46.188,-4905.45
385.9,6.33137,42263.0,-20512.6,17585.5,4326.94,114.17,-4917.84
386.0,6.34275,42273.0,-25491.3,18521.3,4351.66,159.202,-5043.63
386.1,6.35851,42211.5,-29046.8,20089.2,4349.64,110.957,-5086.22
386.2,6.3666,42119.8,-28860.1,21313.0,4308.99,42.8354,-4970.96
386.3,6.3726,42031.3,-28453.4,21412.5,4298.7,10.8511,-4849.97
386.4,6.37322,41962.6,-30234.0,20521.4,4280.63,14.6488,-4912.1
386.5,6.37888,41962.0,-33061.6,19469.4,4259.09,29.266,-5054.33
386.6,6.39448,41960.9,-34014.8,19699.7,4263.35,57.3527,-5062.13
386.7,6.40817,41877.5,-33324.1,20972.3,4254.53,59.2038,-4939.38
386.8,6.41431,41793.8,-33911.0,22086.9,4279.59,64.0892,-4878.58
386.9,6.41987,41705.4,-35966.1,21465.7,4285.5,69.7128,-4907.62
387.0,6.41945,41648.4,-36888.3,19028.2,4267.78,112.031,-4898.1
387.1,6.42681,41665.5,-36488.8,15992.1,4230.73,146.597,-4771.31
387.2,6.44355,41664.4,-37350.7,14503.9,4204.48,121.419,-4725.38
387.3,6.45792,41620.7,-40742.5,14860.0,4191.58,40.9813,-4875.82
387.4,6.46683,41527.1,-44768.6,15136.7,4179.03,-52.9715,-5046.07
387.5,6.46209,41416.5,-44389.5,13300.0,4141.96,-65.0901,-5074.25
387.6,6.459,41400.1,-40966.7,8868.61,4115.67,35.0301,-4955.5
387.7,6.47176,41436.9,-37488.3,3794.13,4055.61,174.386,-4875.21
387.8,6.4994,41450.6,-36154.5,1172.19,3999.15,238.827,-4871.18
387.9,6.52827,41356.2,-36234.1,1741.75,3964.21,161.727,-4796.67
388.0,6.54547,41193.4,-34773.2,3413.45,3924.99,24.8483,-4733.03
388.1,6.55503,41052.4,-32481.4,3275.37,3921.42,-35.6184,-4761.14
388.2,6.56138,40972.9,-30598.9,692.461,3933.49,45.0541,-4868.67
388.3,6.57577,40950.0,-28360.9,-2571.69,3950.65,131.048,-4962.16
388.4,6.59788,40924.0,-26435.1,-3161.06,3953.68,175.609,-4976.28
388.5,6.61986,40837.6,-25236.1,-300.816,3905.22,116.646,-4964.95
388.6,6.6266,40814.7,-26073.1,3650.52,3862.44,10.6,-4959.34
388.7,6.62987,40810.1,-26078.0,6033.63,3800.29,-22.1744,-4963.62
388.8,6.63353,40812.8,-23974.7,6498.52,3791.01,44.7059,-4901.48
388.9,6.63358,40802.0,-21195.9,5911.52,3765.55,84.4333,-4769.17
389.0,6.63202,40796.3,-20962.9,6604.79,3756.28,62.0708,-4760.42
389.1,6.61813,40743.7,-23029.8,9103.31,3736.96,23.562,-4937.34
389.2,6.59713,40753.5,-23819.0,11995.9,3689.46,13.4873,-5097.06
389.3,6.59463,40827.5,-23169.2,14128.8,3652.27,54.077,-5040.34
389.4,6.60575,40849.3,-23746.4,15183.2,3584.16,91.5225,-4929.51
389.5,6.61833,40841.4,-27077.9,15286.7,3491.52,115.826,-4990.65
389.6,6.63311,40847.9,-31282.0,15408.3,3453.36,98.0072,-5086.9
389.7,6.64554,40842.3,-32404.9,15912.6,3449.62,37.7955,-5039.62
389.8,6.65806,40844.1,-29284.0,15989.1,3363.13,-65.3102,-4947.58
389.9,6.67018,40844.1,-28182.9,14987.1,3332.05,-93.31,-4914.01
390.0,6.68392,40851.9,-29075.6,12503.1,3339.9,-28.4508,-5025.58
390.1,6.69993,40862.5,-29020.0,9124.73,3327.3,81.0732,-5083.77
390.2,6.71579,40844.9,-27047.9,6923.68,3284.16,174.188,-4943.15
390.3,6.71765,40802.3,-25977.1,7211.72,3253.5,203.098,-4789.91
390.4,6.71264,40780.8,-28580.3,8656.72,3239.05,104.129,-4829.28
390.5,6.69871,40755.2,-32644.6,8839.49,3181.04,-45.924,-4980.97
390.6,6.68052,40753.5,-33212.4,6315.44,3134.23,-99.7538,-5035.17
390.7,6.6657,40771.0,-29332.2,1736.81,3111.92,-37.6015,-4994.0
390.8,6.65711,40789.6,-27285.4,-2539.38,3121.8,49.6496,-4959.1
390.9,6.65856,40810.3,-27907.1,-4061.82,3138.84,85.6533,-5070.17
391.0,6.66222,40819.6,-28479.8,-2591.19,3164.01,73.9057,-5124.36
391.1,6.66389,40805.2,-24857.5,-559.005,3160.92,34.2975,-4982.59
391.2,6.66489,40808.2,-20012.0,404.694,3150.45,41.2497,-4747.19
391.3,6.66958,40831.7,-17795.2,192.54,3180.42,74.5102,-4727.3
391.4,6.68349,40855.9,-18461.4,279.478,3177.8,64.3045,-4900.37
391.5,6.70151,40862.1,-18990.9,2865.79,3149.09,8.39125,-5012.34
391.6,6.71286,40831.3,-18256.7,7059.47,3139.85,-123.19,-5003.57
391.7,6.71967,40830.4,-18111.8,10798.7,3100.01,-213.901,-5045.96
391.8,6.72507,40824.5,-19833.2,12291.1,3080.57,-173.297,-5173.81
391.9,6.72555,40804.5,-20587.8,10787.2,3068.07,-66.8463,-5208.16
392.0,6.72595,40814.1,-16878.2,8388.78,3040.39,47.1851,-5059.59
392.1,6.7235,40793.8,-12748.1,8623.17,3040.0,115.261,-4829.21
392.2,6.70463,40730.5,-12528.9,12215.4,3040.02,49.3295,-4788.89
392.3,6.67833,40740.8,-17906.0,17516.4,3095.7,-75.4536,-4927.4
392.4,6.65544,40735.1,-22529.4,21576.2,3124.81,-160.435,-5081.82
392.5,6.63143,40748.8,-24338.8,22706.2,3098.07,-113.83,-5066.38
392.6,6.6242,40811.2,-25634.6,21640.6,3049.85,-21.2999,-5003.17
392.7,6.629,40825.1,-27480.3,20644.7,2965.54,5.75784,-5098.96
392.8,6.64233,40855.9,-30329.2,20999.5,2883.23,-31.7452,-5178.0
392.9,6.66275,40864.3,-30215.5,22040.9,2831.13,-93.1473,-5108.74
393.0,6.67682,40835.3,-28626.4,22070.9,2840.53,-124.669,-4949.54
393.1,6.68137,40810.2,-27824.0,19963.0,2905.03,-83.3135,-4888.48
393.2,6.68033,40794.7,-28977.7,16893.7,2987.33,27.9223,-4916.0
393.3,6.66948,40765.7,-29344.6,14202.3,3023.52,91.5025,-4913.87
393.4,6.65751,40782.6,-27747.3,12174.7,3013.03,43.7825,-4829.47
393.5,6.65629,40826.2,-26379.5,10789.7,2953.23,-6.44475,-4763.93
393.6,6.66118,40828.6,-27104.2,9079.35,2927.09,-13.8127,-4833.03
393.7,6.66851,40828.5,-27696.7,6985.85,2910.39,-5.04975,-4962.29
393.8,6.66928,40793.7,-28473.0,5778.53,2914.73,-2.70125,-4964.07
393.9,6.65317,40741.3,-28478.0,6281.12,2950.53,-20.217,-4951.04
394.0,6.62545,40721.6,-29897.1,7490.56,2970.59,-65.2617,-4992.73
394.1,6.60458,40764.5,-30975.8,8542.93,3035.26,-58.8765,-5068.99
394.2,6.59502,40796.8,-28163.7,8781.03,3087.39,-3.2205,-5065.87
394.3,6.5948,40819.7,-22962.0,8847.74,3102.66,69.1386,-4900.73
394.4,6.59764,40813.4,-17091.9,9887.05,3080.45,70.3008,-4801.51
394.5,6.60062,40811.8,-15304.2,12683.4,3064.3,10.3334,-4802.84
394.6,6.60607,40822.6,-13702.0,15794.8,3003.23,-117.76,-4921.98
394.7,6.61622,40847.6,-13161.9,17727.5,2993.57,-187.208,-4942.95
394.8,6.62879,40829.8,-12080.0,17056.3,2993.91,-171.928,-4963.88
394.9,6.6332,40815.5,-11752.8,14481.9,3021.33,-67.8389,-5059.33
395.0,6.63187,40797.4,-12887.5,12585.7,3068.4,78.2827,-5130.89
395.1,6.61463,40739.0,-13878.6,12954.6,3072.39,129.763,-5087.81
395.2,6.59303,40761.7,-14902.4,15512.7,3052.08,93.8133,-4962.64
395.3,6.58436,40799.2,-17542.7,18657.0,3044.26,28.7941,-4865.09
395.4,6.57914,40798.8,-21608.5,20434.3,3053.61,-15.0436,-4871.84
395.5,6.57264,40789.4,-24625.0,20226.7,3012.65,-34.5843,-4916.48
395.6,6.56037,40760.6,-26706.7,19450.1,2971.69,-41.5308,-4928.34
395.7,6.54595,40769.9,-27512.3,19529.1,2957.08,-48.892,-5008.65
395.8,6.54285,40822.7,-28378.3,19906.2,2923.44,-84.8802,-5143.57
395.9,6.55557,40858.6,-28516.0,20778.3,2924.86,-24.2845,-5227.22
396.0,6.56518,40821.2,-27104.2,21025.4,2934.06,55.8525,-5162.71
396.1,6.56365,40792.7,-24536.2,20170.8,2955.86,91.4743,-5017.29
396.2,6.55652,40774.5,-23030.3,18458.8,2992.59,70.4003,-4868.35
396.3,6.54351,40771.6,-22650.5,16149.1,2990.54,33.424,-4802.65
396.4,6.54066,40817.7,-23891.9,13389.0,2950.27,-16.0435,-4767.47
396.5,6.55267,40861.0,-26145.8,10951.7,2942.11,-61.575,-4802.16
396.6,6.56776,40843.4,-27979.5,8930.68,2923.8,-81.7899,-4947.06
396.7,6.57288,40807.9,-30250.8,7147.66,2911.97,-46.1235,-5085.69
396.8,6.56473,40769.2,-31856.8,5416.69,2907.65,32.4422,-5164.66
396.9,6.55161,40770.5,-32080.4,4198.65,2913.01,124.658,-5179.45
397.0,6.54059,40788.9,-31723.2,3820.79,2912.34,163.429,-5109.67
397.1,6.53648,40802.1,-31384.9,4633.22,2931.21,125.615,-4996.65
397.2,6.5323,40796.6,-29647.6,6702.95,2953.74,45.913,-4933.65
397.3,6.52228,40775.0,-27125.4,8743.52,3012.64,-75.6441,-4875.85
397.4,6.51627,40801.3,-23658.5,10377.5,3055.69,-150.502,-4849.64
397.5,6.51662,40815.1,-21144.8,11397.3,3088.5,-158.814,-4859.17
397.6,6.52335,40837.4,-18578.4,11555.8,3068.6,-133.619,-4954.81
397.7,6.53885,40856.5,-16763.6,11058.7,3016.89,-92.0039,-5013.53
397.8,6.5519,40833.7,-14458.2,10265.8,2972.47,-28.8372,-5037.2
397.9,6.55128,40791.9,-12732.4,8708.74,2935.81,18.9482,-5016.96
398.0,6.54871,40793.9,-11936.1,7961.09,2930.04,78.8475,-5017.77
398.1,6.53424,40750.3,-11310.6,8803.91,2959.12,65.6263,-5015.75
398.2,6.51563,40765.1,-11953.9,11344.0,2996.35,-27.783,-4959.43
398.3,6.50303,40802.9,-12993.9,14425.0,3006.38,-155.842,-4926.65
398.4,6.49173,40872.3,-14036.9,16467.8,3005.3,-218.255,-4958.64
398.5,6.48862,40964.6,-13747.7,16035.4,2967.35,-203.861,-4977.98
398.6,6.49814,41022.3,-12799.6,14215.0,2919.48,-131.05,-4937.36
398.7,6.50838,41039.4,-12610.8,12895.3,2882.71,-36.6305,-4913.97
398.8,6.51817,41016.4,-15081.5,13030.2,2880.45,8.63962,-4969.33
398.9,6.51751,40942.9,-17871.6,14424.8,2885.45,-1.80113,-5072.71
399.0,6.50566,40888.0,-19846.4,15749.1,2913.02,-5.842,-5087.09
399.1,6.49155,40887.0,-20316.2,15425.9,2982.77,-20.9804,-5048.43
399.2,6.48027,40923.8,-20046.9,13151.6,3014.72,-38.4361,-5028.96
399.3,6.4797,41001.5,-19549.6,10313.4,3008.9,-8.12019,-5019.14
399.4,6.49118,41049.3,-19277.9,8625.28,2968.56,-1.11866,-4948.15
399.5,6.50583,41065.4,-19697.4,9109.44,2942.39,-39.7471,-4873.25
399.6,6.52408,41039.3,-21563.9,11288.2,2921.25,-103.547,-4856.76
399.7,6.52619,40946.6,-23857.8,13280.1,2934.4,-134.823,-4941.69
399.8,6.50984,40891.2,-25087.1,13111.7,2971.14,-92.9434,-5008.49
399.9,6.48737,40893.6,-24358.3,11509.6,2977.34,42.8795,-5017.42
400.0,6.45978,40939.4,-25444.4,9867.93,2992.68,124.116,-4973.51
400.1,6.44011,41076.5,-26895.4,8727.21,3014.14,81.3061,-5039.34
400.2,6.44651,41204.8,-28211.6,8712.65,3003.04,8.80375,-5057.11
400.3,6.44832,41203.3,-27280.1,8537.91,2984.78,-64.7373,-4965.17
400.4,6.44969,41210.4,-24726.2,6940.19,2968.01,-116.959,-4849.52
400.5,6.4611,41225.7,-22704.5,5113.14,2964.97,-104.15,-4851.89
400.6,6.46377,41215.6,-21885.5,4527.88,2951.18,-37.6258,-4920.33
400.7,6.47064,41260.2,-20389.1,5374.29,2971.85,-22.4622,-4975.98
400.8,6.47504,41244.7,-17947.5,7324.25,2971.4,-29.1647,-4981.72
400.9,6.46414,41193.4,-15882.0,8431.2,2972.79,-12.5478,-4976.76
401.0,6.44753,41188.6,-14651.3,7737.76,2950.43,62.1707,-4982.76
401.1,6.44061,41243.0,-13827.9,6966.14,2980.61,139.399,-4976.8
401.2,6.44015,41304.0,-12919.8,7909.03,2996.73,109.667,-4925.3
401.3,6.44904,41355.4,-12538.7,11262.6,3003.38,-22.6856,-4881.14
401.4,6.45362,41320.2,-13222.8,16201.7,2996.77,-145.355,-4929.77
401.5,6.43574,41253.5,-13970.1,19257.2,2977.1,-233.878,-5042.82
401.6,6.41745,41309.8,-13234.3,19029.9,2955.59,-176.76,-5107.54
401.7,6.40497,41386.3,-11681.7,16839.4,2919.18,-2.33959,-5074.91
401.8,6.39403,41478.2,-10784.7,14698.9,2894.14,157.906,-5033.27
401.9,6.39741,41569.8,-10875.3,14968.7,2860.38,215.284,-5049.41
402.0,6.39248,41519.5,-10859.8,17341.1,2816.44,135.301,-5020.39
402.1,6.377,41504.3,-11026.2,19438.6,2805.07,27.6974,-4903.52
402.2,6.3733,41566.2,-11795.0,19488.7,2831.5,-25.0732,-4859.31
402.3,6.37507,41631.9,-13612.4,17466.0,2862.87,-25.533,-4943.22
402.4,6.38186,41709.1,-15670.9,14552.1,2842.21,-12.3575,-5026.88
402.5,6.39414,41745.2,-16371.3,13266.7,2805.63,21.7453,-5055.7
402.6,6.39998,41731.8,-16683.4,14620.9,2797.85,61.787,-5049.66
402.7,6.40509,41724.4,-18498.3,16781.3,2831.46,39.1805,-5056.71
402.8,6.40755,41691.1,-21069.4,18382.3,2851.92,49.5822,-5059.56
402.9,6.39082,41608.5,-22889.8,17857.8,2875.67,101.964,-4996.35
403.0,6.36993,41633.7,-23862.8,15856.4,2911.83,176.038,-4888.25
403.1,6.3594,41702.8,-25496.4,14638.6,2916.04,171.691,-4840.63
403.2,6.35508,41791.2,-28869.5,15768.5,2943.39,84.6217,-4926.85
403.3,6.36011,41856.2,-32195.6,18644.6,2939.26,-32.078,-5063.92
403.4,6.355,41807.2,-33187.1,21118.5,2895.78,-104.268,-5142.19
403.5,6.33253,41770.9,-31898.6,20666.7,2859.82,-93.5664,-5135.19
403.6,6.31939,41868.3,-30418.2,18054.0,2821.71,45.344,-5093.46
403.7,6.31493,41967.7,-30090.5,14765.2,2801.27,146.338,-5057.78
403.8,6.31686,42067.0,-29211.2,12667.9,2780.48,167.704,-5022.19
403.9,6.3188,42082.3,-27860.8,12053.4,2776.44,107.07,-4904.34
404.0,6.31233,42056.9,-25905.3,12328.4,2811.98,67.6235,-4831.86
404.1,6.30337,42078.4,-24591.5,12016.5,2843.87,38.315,-4860.12
404.2,6.29898,42135.5,-25103.2,10583.5,2861.3,21.0986,-4915.46
404.3,6.30228,42226.8,-25217.3,9785.79,2863.24,90.4279,-4982.27
404.4,6.30693,42268.8,-25869.0,10441.8,2857.44,125.263,-4989.35
404.5,6.31513,42310.9,-28193.0,13153.9,2867.79,86.2166,-4991.9
404.6,6.32353,42288.6,-31686.6,16671.8,2876.16,-9.63888,-5039.14
404.7,6.31118,42200.2,-33478.5,18290.7,2863.02,-87.8791,-5090.02
404.8,6.28927,42166.7,-31251.9,16469.0,2829.71,-92.2374,-5050.97
404.9,6.26524,42211.1,-26968.1,12982.1,2798.39,14.3109,-4937.57
405.0,6.24853,42312.6,-23154.6,10545.3,2755.23,109.862,-4904.21
405.1,6.24331,42418.8,-21297.7,11013.8,2727.41,90.1328,-4945.67
405.2,6.23847,42458.1,-20149.3,13811.4,2699.86,-7.4475,-4950.11
405.3,6.22227,42445.5,-18339.2,16099.5,2657.6,-70.8938,-4889.51
405.4,6.20154,42483.8,-17299.1,16327.0,2635.37,-31.9765,-4849.45
405.5,6.18496,42593.7,-19056.6,14747.5,2645.37,19.9525,-4898.07
405.6,6.18403,42779.5,-22995.1,13580.9,2654.93,46.802,-4992.84
405.7,6.19581,42896.5,-26831.2,14316.7,2685.8,14.8145,-5068.14
405.8,6.20717,42932.3,-29164.3,16215.3,2762.25,-50.654,-5096.79
405.9,6.21748,42922.6,-30841.2,17256.2,2856.55,-87.986,-5088.33
406.0,6.2189,42860.1,-31991.8,15966.5,2903.66,-45.0205,-5079.53
406.1,6.21255,42850.4,-32840.6,12594.7,2936.98,63.4593,-5035.75
406.2,6.21957,42932.2,-32998.9,10066.0,2958.33,188.502,-4956.83
406.3,6.23059,42949.2,-31479.0,10147.3,2954.22,170.704,-4929.13
406.4,6.23373,42919.9,-30848.7,13242.7,2938.3,79.7922,-4923.51
406.5,6.2227,42817.1,-31993.2,17429.7,2956.12,-18.7907,-4963.32
406.6,6.18299,42718.9,-33363.6,19827.2,2968.27,-84.1862,-5065.26
406.7,6.13914,42805.4,-34032.0,19016.5,2969.3,-62.7833,-5123.92
406.8,6.11867,43016.1,-34124.1,17297.0,2972.9,45.0507,-5076.35
406.9,6.10941,43197.3,-33297.8,15872.4,2963.79,71.527,-5029.39
407.0,6.11536,43333.4,-33558.4,15046.7,2935.05,5.28638,-4974.81
407.1,6.11808,43323.8,-34202.1,13855.8,2915.46,-59.9459,-4936.98
407.2,6.10146,43288.5,-33383.5,10654.4,2889.31,-0.310375,-4920.41
407.3,6.09737,43399.3,-31337.2,6694.63,2890.2,148.259,-4905.89
407.4,6.10039,43482.0,-30612.8,4185.78,2886.24,206.004,-4874.63
407.5,6.1051,43584.7,-30915.2,3994.8,2890.5,157.733,-4938.76
407.6,6.12024,43630.1,-32551.1,5742.14,2867.73,86.3092,-4997.19
407.7,6.12038,43570.4,-33236.2,8031.35,2863.83,65.2493,-5017.16
407.8,6.11423,43554.6,-33151.9,8838.47,2830.65,35.4115,-4976.48
407.9,6.11561,43584.5,-32518.4,8828.76,2803.37,13.216,-4955.23
408.0,6.11334,43600.9,-31611.3,9044.37,2786.13,17.7208,-4965.62
408.1,6.10967,43627.5,-29904.7,9535.21,2791.15,1.742,-4962.4
408.2,6.10479,43624.3,-27231.5,10870.3,2781.97,-5.57175,-4934.41
408.3,6.07663,43552.1,-25784.3,12173.0,2762.97,15.8807,-4894.7
408.4,6.03594,43571.5,-25536.0,12266.9,2757.04,66.8345,-4918.0
408.5,6.00125,43686.6,-25326.3,11588.8,2726.26,133.936,-4969.89
408.6,5.97551,43858.9,-24110.6,11004.9,2693.35,176.227,-4940.27
408.7,5.9669,44016.5,-21764.0,10880.9,2691.4,133.315,-4889.43
408.8,5.97032,44058.0,-22172.8,11738.9,2726.68,60.6654,-4850.77
408.9,5.96558,44028.4,-26027.6,12307.4,2764.44,-19.3763,-4904.34
409.0,5.95864,44063.9,-30373.9,11562.6,2829.84,-45.807,-5020.84
409.1,5.96297,44085.3,-33178.3,10054.2,2891.02,14.0465,-5022.69
409.2,5.97283,44091.4,-35380.7,7554.4,2955.7,68.9872,-4930.27
409.3,5.99497,44193.0,-37411.5,5231.98,3012.53,153.824,-4941.01
409.4,6.0105,44257.9,-40248.6,3758.3,3031.11,214.251,-5003.13
409.5,6.00057,44462.9,-41616.1,3362.67,3044.95,240.393,-5004.71
409.6,5.99373,44446.0,-39990.8,3765.98,3052.53,201.969,-4954.62
409.7,5.98624,44481.1,-38424.7,5605.92,3048.32,160.626,-4909.45
409.8,5.97437,44502.2,-38489.7,7330.71,3061.33,74.1024,-4957.78
409.9,5.96339,44533.3,-38212.6,8423.51,3076.95,-10.2685,-5061.19
410.0,5.9434,44540.4,-36588.3,8934.16,3111.19,-19.434,-5059.74
410.1,5.91678,44580.1,-34382.0,8402.17,3106.21,10.4222,-4968.12
410.2,5.8971,44687.3,-33017.5,7259.66,3088.75,50.2785,-4947.29
410.3,5.8845,44794.7,-32927.6,6418.89,3070.72,115.961,-4987.93
410.4,5.8751,44888.3,-32437.9,5995.17,3058.52,174.706,-4977.59
410.5,5.8667,44946.1,-31140.2,5913.51,3043.1,181.907,-4910.75
410.6,5.85328,44988.6,-30254.4,6203.42,3042.6,157.197,-4899.35
410.7,5.84251,45050.8,-30760.9,6469.31,3053.71,128.057,-4967.53
410.8,5.84547,45085.4,-30506.4,6478.38,3062.57,89.1113,-5042.94
410.9,5.8627,45073.8,-29579.9,6603.36,3056.41,75.2771,-5001.76
411.0,5.88465,45080.4,-28488.4,7578.35,3047.62,87.0205,-4940.44
411.1,5.90006,45113.1,-28265.0,9279.57,3043.66,72.181,-4957.08
411.2,5.90815,45078.2,-28643.5,11406.1,3044.07,52.4546,-4979.39
411.3,5.90536,45046.3,-27825.2,12802.5,3028.13,49.0021,-4925.01
411.4,5.89625,45045.8,-26803.7,13297.0,3017.58,85.5682,-4821.33
411.5,5.88448,45032.8,-27286.9,13632.1,3038.45,133.489,-4805.96
411.6,5.86626,45007.7,-29721.1,14501.5,3040.47,111.694,-4895.24
411.7,5.83892,44984.1,-31834.9,15609.9,3056.24,28.7494,-4984.72
411.8,5.81182,44992.2,-31798.2,16415.0,3081.44,-11.8979,-4988.39
411.9,5.78911,45004.2,-31360.9,16278.8,3075.83,5.02306,-4934.02
412.0,5.77477,45036.8,-32091.2,15634.5,3078.41,43.4678,-4953.34
412.1,5.77317,45062.6,-34126.8,15671.3,3102.9,62.6488,-5012.66
412.2,5.77057,45047.2,-36455.3,16868.3,3133.33,52.6334,-4988.08
412.3,5.76252,45028.5,-37743.7,18156.7,3165.99,7.82163,-4899.37
412.4,5.74899,45021.5,-39522.3,18017.6,3187.57,-29.2642,-4827.25
412.5,5.74006,45023.8,-41661.9,15523.5,3208.92,-4.5525,-4866.96
412.6,5.7494,45014.1,-43853.4,11031.1,3227.52,54.2077,-4916.22
412.7,5.77443,44985.7,-45678.6,6483.08,3269.61,121.337,-4909.61
412.8,5.79892,44971.2,-46178.9,3337.21,3307.83,138.376,-4942.44
412.9,5.80958,45052.9,-46324.8,1739.89,3316.2,104.987,-4972.66
413.0,5.80842,45052.5,-46455.4,959.827,3327.53,82.944,-4973.96
413.1,5.80462,45060.1,-45884.5,396.311,3334.57,98.136,-4945.34
413.2,5.79943,45060.5,-44141.2,-60.5124,3369.54,120.976,-4933.76
413.3,5.79656,45061.1,-41911.5,378.403,3417.53,118.139,-4893.88
413.4,5.78363,45012.6,-39625.2,1880.8,3470.75,62.2565,-4843.58
413.5,5.76057,44999.5,-37919.7,3601.46,3527.74,-12.971,-4810.82
413.6,5.74243,45024.4,-37015.3,4577.46,3565.86,-38.7005,-4816.42
413.7,5.7319,45035.7,-36833.0,4001.0,3568.16,-19.5311,-4834.92
413.8,5.73269,45082.0,-37253.5,2300.95,3571.26,51.5076,-4864.41
413.9,5.7416,45073.7,-38088.6,1004.55,3519.74,129.027,-4903.16
414.0,5.73165,45001.0,-38162.6,358.022,3450.36,125.349,-4959.51
414.1,5.71061,45001.1,-38270.0,60.6418,3389.14,106.721,-4978.91
414.2,5.69835,45034.5,-37420.4,416.944,3355.44,127.058,-4988.44
414.3,5.69145,45058.8,-36595.2,845.474,3324.26,128.888,-4965.94
414.4,5.70593,45105.1,-35457.3,1818.11,3329.13,106.198,-4950.39
414.5,5.73069,45061.6,-33999.3,3998.8,3362.32,78.0861,-4916.11
414.6,5.74609,45084.0,-32899.4,7137.39,3409.9,67.5006,-4855.79
414.7,5.76072,45112.1,-32583.1,10132.5,3451.88,45.231,-4814.12
414.8,5.77465,45101.6,-33656.2,12930.0,3481.83,61.2169,-4820.74
414.9,5.786,45104.1,-35799.5,15451.8,3510.56,117.574,-4868.49
415.0,5.79974,45102.7,-38215.6,17579.6,3546.07,129.464,-4943.23
415.1,5.79838,45036.8,-40880.1,19345.2,3546.68,90.7755,-5006.11
415.2,5.76915,44961.1,-42651.2,19441.6,3522.91,47.7075,-5061.28
415.3,5.73604,44979.2,-44080.1,17703.8,3521.0,74.5378,-5068.08
415.4,5.71013,45000.2,-43608.5,14668.6,3479.52,121.6,-5030.67
415.5,5.70163,45062.1,-42902.3,12056.3,3457.9,168.197,-4938.38
415.6,5.70957,45083.4,-42289.1,11207.6,3480.38,154.263,-4855.99
415.7,5.70597,45023.5,-42815.7,11452.6,3503.36,103.671,-4805.09
415.8,5.69067,45004.6,-44456.3,11567.9,3508.26,115.364,-4783.39
415.9,5.66782,44982.7,-45841.3,10493.4,3466.02,166.454,-4795.27
416.0,5.6533,45045.5,-47872.7,8407.96,3455.25,220.993,-4821.51
416.1,5.66513,45063.8,-48879.3,6328.48,3438.93,227.733,-4911.99
416.2,5.68916,44979.4,-50313.1,5173.26,3444.11,192.117,-4967.78
416.3,5.70381,44949.7,-50700.4,4412.31,3462.39,125.01,-4987.2
416.4,5.71484,45051.6,-49869.6,3556.77,3478.35,75.0452,-4964.26
416.5,5.72221,45093.5,-48279.8,1927.44,3499.79,52.7184,-4906.15
416.6,5.74249,45149.1,-46367.5,-531.349,3539.72,67.2604,-4825.1
416.7,5.77103,45146.5,-45347.2,-3254.63,3589.07,104.836,-4741.36
416.8,5.78637,45087.0,-44319.9,-5833.62,3620.35,142.555,-4734.54
416.9,5.78191,45034.1,-43275.1,-8163.86,3653.22,170.745,-4777.84
417.0,5.76253,45002.4,-41267.3,-9956.53,3671.25,191.446,-4830.32
417.1,5.73986,45006.0,-38528.8,-11210.2,3646.75,193.354,-4890.25
417.2,5.72675,45044.2,-36863.8,-11604.8,3651.51,181.533,-4951.66
417.3,5.72296,45044.5,-35193.1,-10338.6,3634.32,157.694,-5039.27
417.4,5.70933,45008.0,-33174.4,-7450.64,3641.75,102.489,-5055.37
417.5,5.69052,45000.6,-31051.9,-3090.66,3665.36,58.5322,-4971.27
417.6,5.66986,45000.1,-31406.7,1725.29,3696.62,25.5526,-4846.23
417.7,5.65432,45026.1,-33734.2,5114.43,3686.42,5.07975,-4812.14
417.8,5.65793,45091.2,-36583.4,5675.68,3690.89,5.68625,-4827.92
417.9,5.67509,45061.4,-37618.1,3985.66,3665.74,75.1285,-4817.69
418.0,5.68996,45003.1,-37620.6,739.429,3627.08,141.195,-4816.89
418.1,5.70128,45048.7,-37816.6,-1925.56,3590.61,181.283,-4913.25
418.2,5.71811,45136.1,-38083.7,-2192.38,3585.31,194.034,-5074.5
418.3,5.74168,45139.8,-37418.5,-355.282,3580.4,147.763,-5123.08
418.4,5.77425,45170.0,-35915.9,2556.21,3615.03,100.409,-5037.85
418.5,5.79777,45109.6,-35002.8,5150.32,3655.41,86.71,-4919.07
418.6,5.79698,45039.5,-34845.0,6160.02,3695.74,82.451,-4835.6
418.7,5.78785,45044.8,-34506.9,5829.47,3708.02,69.2278,-4743.23
418.8,5.77829,45045.3,-33768.5,5316.14,3712.22,47.6025,-4633.01
418.9,5.77278,45059.8,-33907.3,5307.0,3684.6,32.9329,-4612.05
419.0,5.77486,45070.3,-36491.7,6174.1,3705.82,22.2095,-4744.79
419.1,5.76412,44998.0,-39971.8,7573.74,3720.5,21.3728,-4961.77
419.2,5.73583,44972.2,-42222.8,8741.58,3749.96,54.4344,-5109.84
419.3,5.70654,44969.5,-43224.8,9486.72,3732.82,111.788,-5120.54
419.4,5.67882,44997.2,-43882.9,9679.52,3733.48,128.272,-5083.23
419.5,5.67565,45085.2,-44580.1,9549.68,3748.36,107.339,-5026.02
419.6,5.68913,45105.7,-44130.6,9064.77,3759.52,34.7938,-4912.06
419.7,5.70368,45099.6,-40909.7,8388.16,3764.85,-21.8535,-4782.58
419.8,5.71494,45088.3,-37508.8,7640.37,3761.42,-49.7126,-4679.22
419.9,5.72269,45082.2,-35543.4,7076.65,3759.39,-59.7552,-4701.95
420.0,5.73662,45127.1,-35043.2,6474.05,3747.04,-34.4606,-4815.7
420.1,5.76668,45161.2,-35238.4,5286.09,3745.42,16.2458,-4907.43
420.2,5.79536,45146.6,-35542.9,3136.67,3748.98,83.8344,-4927.82
420.3,5.81573,45113.7,-35704.4,200.549,3747.95,151.783,-4953.34
420.4,5.82567,45084.6,-35677.3,-2053.77,3794.11,197.771,-4983.96
420.5,5.82679,45064.1,-34477.7,-3403.46,3817.77,138.904,-4949.51
420.6,5.82896,45087.8,-31375.4,-3664.65,3857.35,31.2995,-4885.32
420.7,5.83159,45062.2,-28429.0,-3184.83,3922.63,-56.5207,-4824.94
420.8,5.81917,45012.8,-26978.0,-3328.34,3974.59,-104.28,-4816.4
420.9,5.80024,45004.3,-25726.4,-4053.42,4005.06,-57.1968,-4869.15
421.0,5.77599,44977.4,-24631.6,-3869.54,4014.53,62.1022,-4873.01
421.1,5.74986,45002.4,-24392.8,-2388.06,4011.38,134.517,-4832.38
421.2,5.74429,45062.0,-25958.8,118.142,3998.24,121.244,-4841.21
421.3,5.74503,45057.6,-28134.1,3011.49,3958.03,107.383,-4917.02
421.4,5.73813,45031.5,-29561.7,4007.79,3901.28,68.9941,-4954.76
421.5,5.73549,45060.4,-29110.4,3171.61,3855.57,32.5644,-4954.77
421.6,5.74235,45086.6,-28333.5,1743.13,3815.69,1.96487,-4939.99
421.7,5.76494,45166.8,-26834.9,931.291,3820.37,-18.3975,-4988.33
421.8,5.81117,45212.7,-26071.2,1590.17,3839.46,-25.9777,-4979.82
421.9,5.85123,45159.6,-24107.8,3214.03,3842.25,-26.2403,-4930.54
422.0,5.87113,45103.1,-21541.1,3884.45,3835.36,6.32036,-4832.67
422.1,5.87892,45078.6,-18926.2,2828.79,3836.77,75.3203,-4740.63
422.2,5.88297,45086.2,-17551.2,601.242,3863.38,167.688,-4695.99
422.3,5.89631,45123.0,-18351.3,-872.126,3902.34,234.709,-4739.89
422.4,5.91016,45096.3,-21689.9,507.65,3962.48,217.642,-4839.28
422.5,5.90203,45013.2,-25714.2,3920.31,3997.86,77.2996,-4976.36
422.6,5.87871,44990.3,-29728.7,7669.1,4025.43,-26.9679,-5072.23
422.7,5.85238,44979.4,-32232.8,9960.24,4022.63,-34.9501,-5120.37
422.8,5.83214,45028.3,-33096.6,10372.0,4000.82,33.3522,-5110.72
422.9,5.83524,45086.5,-33721.5,10344.7,3982.25,87.3213,-5011.17
423.0,5.83928,45059.8,-33368.9,11577.5,3949.32,97.514,-4901.23
423.1,5.83183,45022.3,-33588.1,13546.2,3926.98,83.5537,-4783.14
423.2,5.81791,45010.6,-34337.9,14914.1,3919.77,69.693,-4729.17
423.3,5.80407,45029.3,-34335.6,14537.0,3923.19,95.5498,-4789.7
423.4,5.81078,45104.8,-33590.6,12643.3,3924.7,156.191,-4881.84
423.5,5.83516,45150.5,-31955.8,10692.7,3926.96,190.564,-4951.92
423.6,5.86058,45131.7,-31011.8,9740.84,3899.82,167.405,-4984.86
423.7,5.8818,45123.3,-30125.5,10117.1,3896.62,105.834,-5034.16
423.8,5.89814,45108.8,-29255.7,10396.9,3897.68,13.87,-5007.98
423.9,5.91998,45146.5,-26984.6,9701.63,3904.95,-22.369,-4928.57
424.0,5.95069,45159.1,-24930.0,8029.54,3946.15,-5.33675,-4804.25
424.1,5.97093,45105.9,-24403.6,5803.64,4010.53,14.7703,-4740.43
424.2,5.97441,45065.9,-25425.3,4250.87,4075.23,63.3102,-4774.83
424.3,5.96456,45001.6,-26923.1,4506.34,4149.14,136.325,-4848.68
424.4,5.94318,44844.1,-28389.3,5550.27,4204.09,138.971,-4892.96
424.5,5.92537,44818.6,-29304.5,6120.11,4205.87,87.7504,-4965.15
424.6,5.91131,44826.4,-29800.9,5579.74,4178.83,59.6086,-5048.58
424.7,5.89559,44839.2,-29743.4,3898.65,4109.89,53.3507,-5092.33
424.8,5.8846,44892.4,-27588.5,2089.88,4013.14,28.4142,-5083.44
424.9,5.88328,44971.0,-25114.0,1700.15,3966.64,-10.4308,-4985.61
425.0,5.88943,45060.2,-22665.7,2347.06,3949.83,-57.607,-4881.26
425.1,5.90522,45114.8,-20532.2,3048.42,3961.08,-54.7826,-4843.06
425.2,5.91504,45067.3,-19264.9,2924.07,3995.46,6.516,-4790.98
425.3,5.91473,45059.6,-17871.1,1644.46,4009.75,101.173,-4731.31
425.4,5.92305,45103.6,-17847.5,17.661,4002.42,164.552,-4701.17
425.5,5.94777,45166.5,-18701.4,-921.72,3998.71,167.962,-4771.14
425.6,5.98894,45189.6,-20598.0,-482.893,3960.83,113.513,-4877.95
425.7,6.01905,45048.6,-21295.2,942.532,3910.5,10.91,-4978.64
425.8,6.03304,44838.1,-21901.0,3125.44,3913.26,-62.5327,-5019.05
425.9,6.03347,44653.4,-23815.3,5231.27,3982.0,-98.2605,-5027.69
426.0,6.0343,44588.5,-26066.1,7499.58,4049.82,-65.1438,-5068.94
426.1,6.0365,44520.8,-27512.5,9223.92,4081.04,-43.2785,-5026.41
426.2,6.03435,44439.1,-26555.9,10133.4,4072.67,-3.5915,-4857.5
426.3,6.02567,44324.4,-25067.7,9958.91,4043.73,35.4074,-4675.03
426.4,6.00721,44213.5,-25843.4,8894.35,3992.38,56.7552,-4634.19
426.5,5.98857,44208.7,-29387.2,7858.42,3937.76,65.3574,-4741.8
426.6,5.98205,44263.9,-32603.3,7729.17,3908.26,52.5764,-4918.26
426.7,5.97912,44312.0,-34280.9,8338.13,3877.44,23.4247,-5020.73
426.8,5.98041,44366.2,-35279.2,8998.17,3882.25,-4.68056,-5082.11
426.9,5.97755,44374.1,-37174.4,9182.66,3902.03,1.5525,-5151.01
427.0,5.96941,44403.4,-38580.2,8610.17,3937.77,45.5973,-5159.7
427.1,5.9752,44525.6,-39043.5,8013.86,3988.07,90.1391,-4991.25
427.2,5.99978,44639.6,-37531.5,7945.17,4018.51,77.6072,-4766.47
427.3,6.03621,44674.7,-36132.1,7982.71,4048.39,7.81075,-4657.39
427.4,6.07423,44584.2,-35862.9,7948.17,4085.58,-20.8216,-4690.61
427.5,6.09233,44362.9,-35481.6,7246.04,4087.1,-14.9637,-4794.64
427.6,6.09519,44200.6,-34552.6,6263.38,4093.66,39.4826,-4918.59
427.7,6.10712,44145.4,-34813.4,6072.69,4113.89,102.412,-5014.98
427.8,6.12289,44074.2,-35311.0,6427.37,4133.17,90.8415,-5149.56
427.9,6.13565,43974.6,-34738.2,6352.03,4120.49,39.122,-5195.73
428.0,6.1352,43770.6,-31150.0,5985.64,4094.56,30.3635,-5088.52
428.1,6.10671,43569.3,-26232.3,5415.12,4049.4,19.1455,-4899.58
428.2,6.0758,43552.7,-22300.8,4647.03,4026.14,-49.4432,-4781.86
428.3,6.06417,43653.1,-20378.6,4157.37,4020.23,-116.079,-4757.9
428.4,6.06097,43746.6,-18424.6,3314.76,4012.31,-100.573,-4781.37
428.5,6.06338,43790.0,-16607.4,1410.81,3993.35,-24.8487,-4787.55
428.6,6.0612,43783.5,-15862.0,-885.529,3986.73,67.0545,-4840.65
428.7,6.05518,43793.0,-15943.3,-2978.76,3941.18,148.396,-4971.15
428.8,6.06283,43886.6,-16609.5,-3905.67,3870.42,209.133,-5035.66
428.9,6.09211,44001.4,-17306.0,-3006.28,3842.1,201.352,-4993.82
429.0,6.12839,44000.6,-18451.7,-1224.72,3834.8,104.781,-4939.68
429.1,6.16429,43920.8,-21259.0,1194.26,3840.63,23.6187,-4914.47
429.2,6.17926,43705.7,-23524.7,3884.09,3860.5,-26.1841,-4944.74
429.3,6.18226,43582.9,-24959.5,6640.0,3881.68,-34.3324,-4930.64
429.4,6.19687,43548.6,-25705.3,9496.2,3864.16,-29.7301,-4881.04
429.5,6.21322,43489.4,-28226.8,11854.3,3860.02,-2.64923,-4859.46
429.6,6.22581,43391.7,-31079.7,12134.6,3811.5,42.0785,-4922.5
429.7,6.22694,43216.5,-32885.7,10922.2,3753.88,147.771,-4967.88
429.8,6.20426,43035.4,-33613.7,8801.79,3719.21,217.84,-4925.9
429.9,6.17936,43002.3,-34092.6,6834.79,3702.5,220.26,-4940.75
430.0,6.17272,43068.3,-34612.2,6557.14,3724.06,189.271,-5058.61
430.1,6.16768,43093.1,-34311.4,7623.06,3745.69,128.617,-5122.06
430.2,6.16525,43106.3,-30920.0,8991.83,3784.57,70.4609,-5090.04
430.3,6.16319,43068.3,-27118.2,10465.8,3815.51,62.4546,-4957.41
430.4,6.14843,43039.0,-26238.6,10806.5,3809.86,59.5013,-4818.12
430.5,6.16121,43199.0,-26905.7,11318.5,3842.12,118.216,-4813.46
430.6,6.20167,43293.8,-28033.5,12566.4,3833.71,127.567,-4775.23
430.7,6.24391,43280.5,-28789.6,14044.9,3795.91,78.0455,-4714.62
430.8,6.2767,43123.5,-29987.2,14578.6,3765.21,21.8598,-4814.26
430.9,6.28139,42888.9,-32930.4,13871.8,3761.79,45.3645,-5039.76
431.0,6.27163,42801.1,-34925.6,12213.4,3764.53,118.109,-5236.01
431.1,6.27456,42817.9,-34645.4,10770.1,3748.25,117.579,-5247.71
431.2,6.2823,42837.4,-33204.8,10742.0,3717.66,84.0042,-5147.21
431.3,6.29503,42801.5,-31568.9,11162.0,3680.07,22.1509,-5065.14
431.4,6.29793,42658.8,-29364.7,10932.8,3666.09,-30.4988,-4973.11
431.5,6.28624,42516.6,-25847.0,9505.19,3661.42,-23.6736,-4810.37
431.6,6.26906,42442.2,-21485.4,7237.89,3639.0,1.63519,-4686.41
431.7,6.25476,42453.6,-19029.1,5441.25,3607.34,40.3096,-4735.88
431.8,6.25091,42516.7,-18400.1,4787.24,3577.39,59.8528,-4916.69
431.9,6.25793,42564.9,-17465.5,5561.63,3547.34,87.8567,-5065.77
432.0,6.26061,42512.7,-15883.0,6863.67,3508.01,101.544,-5086.27
432.1,6.25524,42454.5,-16464.2,7943.56,3472.73,106.068,-5034.78
432.2,6.25685,42469.7,-18206.2,8760.38,3464.3,85.9114,-5071.63
432.3,6.26934,42540.4,-20319.5,9787.38,3465.38,44.4034,-5037.19
432.4,6.30087,42617.6,-21256.7,11663.4,3473.47,-29.0217,-4884.15
432.5,6.33085,42580.5,-22589.7,13999.1,3491.74,-136.536,-4768.82
432.6,6.34767,42461.3,-25783.6,16102.8,3483.9,-160.711,-4813.32
432.7,6.34453,42309.4,-29688.3,16530.6,3445.74,-117.895,-4936.39
432.8,6.33009,42262.0,-32497.4,15288.9,3406.33,11.7347,-4986.28
432.9,6.3247,42306.7,-32932.4,12806.3,3354.37,132.147,-4986.11
433.0,6.32976,42346.1,-33901.9,10865.0,3285.14,211.264,-4974.39
433.1,6.33901,42329.0,-34750.2,10835.9,3288.56,206.409,-5053.1
433.2,6.33907,42208.7,-35337.0,12886.5,3311.88,108.071,-5068.85
433.3,6.32178,42065.8,-34244.7,16245.8,3360.54,-31.1085,-5020.44
433.4,6.29307,42012.4,-32006.4,19116.7,3438.9,-154.169,-4974.02
433.5,6.27617,42115.0,-29687.6,20310.6,3497.74,-188.742,-4972.83
433.6,6.28268,42271.0,-28548.2,20079.3,3549.69,-120.128,-4953.68
433.7,6.30759,42361.4,-27637.3,19783.6,3571.96,-3.72025,-4902.02
433.8,6.33188,42309.8,-27374.5,19810.4,3577.24,42.2327,-4860.7
433.9,6.34423,42177.0,-28571.2,20148.6,3512.6,56.1081,-4864.9
434.0,6.34188,42073.3,-30981.5,20100.1,3452.11,76.1879,-4937.77
434.1,6.34013,42071.4,-33359.0,19318.5,3382.93,87.0431,-5037.51
434.2,6.34859,42152.7,-35391.5,18185.3,3355.67,42.964,-5105.39
434.3,6.36378,42188.0,-37428.4,17779.4,3357.63,-16.5602,-5156.09
434.4,6.36825,42117.1,-38636.6,17876.8,3388.84,-75.7696,-5211.42
434.5,6.35472,42030.4,-38291.0,17877.1,3416.6,-100.477,-5174.63
434.6,6.34174,42017.5,-35589.7,17503.3,3428.31,-67.394,-5031.66
434.7,6.33427,42067.5,-31538.6,16435.5,3404.49,-19.2135,-4865.37
434.8,6.34588,42168.9,-28509.8,15054.4,3405.01,27.1011,-4758.89
434.9,6.36277,42136.9,-27578.4,14419.5,3371.73,77.0434,-4734.25
435.0,6.35622,41985.1,-27769.2,14248.2,3327.3,70.8509,-4813.03
435.1,6.33624,41894.1,-28265.2,14061.9,3296.26,35.3257,-4921.42
435.2,6.31818,41895.5,-28841.2,13787.5,3274.48,20.83,-5029.29
435.3,6.30825,41985.5,-29580.3,12443.0,3246.71,4.3355,-5117.1
435.4,6.32737,42147.5,-30482.1,10853.0,3237.8,19.0345,-5157.23
435.5,6.35596,42140.0,-29540.3,10205.1,3208.15,30.7057,-5099.6
435.6,6.36765,42040.8,-28555.0,10442.5,3212.53,-8.419,-4917.54
435.7,6.37437,41959.3,-28897.1,11231.0,3222.67,-60.2955,-4767.53
435.8,6.37024,41894.3,-30394.2,12020.2,3217.82,-50.7503,-4751.29
435.9,6.36011,41920.3,-33332.6,11087.5,3232.81,-3.02075,-4748.79
436.0,6.36373,42011.5,-36281.7,9179.08,3274.56,93.2094,-4773.36
436.1,6.35945,41993.4,-38502.1,7622.16,3282.16,181.081,-4894.01
436.2,6.34583,41977.6,-41082.9,7450.62,3288.65,217.842,-5038.58
436.3,6.33617,41982.2,-42123.1,9199.96,3276.28,175.919,-5141.85
436.4,6.32554,41985.0,-42810.3,12235.0,3263.56,101.873,-5107.93
436.5,6.31858,42030.5,-42389.8,14650.8,3246.73,-0.592375,-5052.82
436.6,6.31833,42071.8,-41820.1,15696.9,3289.89,-57.4288,-5015.53
436.7,6.31677,42073.8,-40891.6,15709.0,3348.59,-44.4,-4943.9
436.8,6.30899,42073.3,-39330.8,15454.2,3377.77,3.42125,-4846.15
436.9,6.3029,42093.0,-36938.3,15662.3,3383.03,35.9247,-4814.69
437.0,6.3024,42141.9,-35291.2,15932.3,3360.21,60.0249,-4835.01
437.1,6.31673,42226.2,-35197.5,15518.2,3347.67,116.539,-4875.98
437.2,6.33816,42227.5,-35439.1,14056.7,3340.66,171.791,-4966.45
437.3,6.34581,42130.1,-35582.0,12141.7,3290.65,191.836,-5035.31
437.4,6.33846,42045.2,-35766.0,10822.4,3259.25,153.654,-5055.84
437.5,6.33274,42064.7,-37205.2,11390.2,3271.29,79.9307,-5058.15
437.6,6.33432,42143.5,-38966.1,13290.3,3314.77,-8.565,-5109.11
437.7,6.34281,42189.4,-39266.8,15342.4,3342.26,-67.9723,-5132.72
437.8,6.33663,42113.9,-36474.1,16091.6,3333.3,-72.0447,-5038.94
437.9,6.31147,42047.3,-32440.8,15046.5,3300.08,-11.0258,-4878.0
438.0,6.2889,42090.7,-30166.2,13091.4,3258.64,93.2917,-4787.85
438.1,6.28418,42219.9,-30220.7,11479.0,3233.81,161.072,-4834.37
438.2,6.29832,42338.5,-30635.5,11301.1,3196.76,175.865,-4915.34
438.3,6.31472,42318.3,-29094.7,12328.7,3176.87,102.798,-4967.38
438.4,6.30916,42196.2,-27451.9,14145.4,3173.46,43.8731,-5011.43
438.5,6.28811,42115.1,-28143.7,15452.9,3200.53,3.72613,-5089.94
438.6,6.27199,42196.8,-29796.2,15888.2,3236.43,-18.166,-5197.61
438.7,6.2789,42362.3,-30094.5,15052.0,3249.12,-41.5515,-5143.84
438.8,6.30931,42492.0,-27905.8,13813.6,3256.77,-24.6912,-4948.22
438.9,6.33811,42445.7,-26340.3,13009.8,3283.81,24.1661,-4766.59
439.0,6.34807,42274.3,-28267.7,12611.5,3305.27,36.3939,-4714.19
439.1,6.34442,42166.1,-32335.0,13042.5,3319.07,56.5506,-4794.71
439.2,6.33654,42136.3,-35604.3,13623.9,3316.66,78.3708,-4882.6
439.3,6.33084,42180.0,-37029.3,13892.3,3306.09,106.24,-4951.95
439.4,6.32897,42211.2,-38767.2,14179.6,3294.84,132.518,-5050.26
439.5,6.31703,42181.7,-42130.5,15024.2,3301.03,126.405,-5171.02
439.6,6.2939,42134.3,-46044.3,15716.8,3301.3,33.4863,-5223.68
439.7,6.27186,42169.9,-47593.5,16489.6,3298.78,-43.4339,-5160.42
439.8,6.26102,42263.5,-46714.4,16671.1,3311.07,-85.3848,-4996.61
439.9,6.26667,42386.3,-44445.2,16396.5,3324.26,-87.8335,-4879.85
440.0,6.28143,42429.9,-42229.0,16079.0,3333.9,-67.8102,-4850.32
440.1,6.288,42382.9,-39364.4,15803.9,3334.98,-36.7035,-4862.45
440.2,6.28898,42351.5,-37093.9,15200.8,3354.45,27.102,-4847.23
440.3,6.29212,42351.0,-35216.4,14152.1,3368.03,96.8258,-4892.35
440.4,6.30168,42394.1,-34463.4,13000.2,3378.19,154.619,-5007.03
440.5,6.32437,42432.2,-33900.2,12834.0,3365.59,168.782,-5083.1
440.6,6.3476,42373.9,-32378.0,14645.6,3346.97,112.529,-5084.99
440.7,6.35681,42252.1,-31216.8,17812.6,3333.17,-17.7484,-5025.87
440.8,6.35598,42142.1,-30648.6,20271.5,3344.66,-183.732,-4995.81
440.9,6.34613,42086.6,-30602.6,20426.7,3356.44,-253.706,-4966.06
441.0,6.33405,42097.6,-29169.0,17720.9,3373.94,-188.298,-4926.26
441.1,6.32775,42149.1,-26667.7,14076.2,3361.11,-23.9481,-4869.67
441.2,6.323,42168.1,-24911.7,11756.9,3356.29,113.021,-4840.79
441.3,6.31755,42167.6,-23957.6,11980.6,3353.51,172.639,-4889.75
441.4,6.30736,42127.2,-24953.7,13471.0,3379.87,157.991,-4930.09
441.5,6.29124,42107.5,-26921.2,15066.1,3374.19,153.193,-4957.73
441.6,6.27876,42155.2,-28961.0,16291.4,3403.16,138.111,-5020.02
441.7,6.28066,42262.6,-30267.1,17919.2,3442.65,62.1423,-5076.75
441.8,6.29749,42349.4,-31616.9,20426.5,3449.01,-68.9222,-5049.82
441.9,6.32167,42369.6,-32525.9,23547.3,3461.16,-158.491,-5006.84
442.0,6.34247,42303.5,-33376.2,25773.4,3459.48,-168.545,-4991.04
442.1,6.35989,42243.3,-33935.8,26797.1,3483.29,-75.3445,-4954.58
442.2,6.37549,42170.2,-34948.8,26395.9,3485.27,38.6625,-4858.28
442.3,6.38601,42121.0,-37876.6,25021.6,3508.76,140.35,-4789.4
442.4,6.39325,42053.3,-42710.8,23179.7,3523.51,220.401,-4859.23
442.5,6.3853,41952.8,-46399.3,21264.3,3510.29,237.494,-5001.27
442.6,6.36438,41894.4,-47836.8,19702.7,3469.22,207.025,-5057.53
442.7,6.34199,41886.3,-48891.9,18612.9,3431.44,114.661,-5047.61
442.8,6.32269,41952.5,-51383.9,17692.2,3401.97,21.2337,-5125.21
442.9,6.32074,42063.0,-53869.2,16315.0,3409.85,-24.297,-5236.83
443.0,6.32714,42097.7,-53388.7,14411.6,3414.46,-7.401,-5178.52
443.1,6.33212,42087.4,-48743.6,13005.1,3426.99,97.8869,-4955.64
443.2,6.33792,42042.0,-44953.5,12065.9,3448.71,139.419,-4739.52
443.3,6.34147,42026.1,-42607.4,11826.6,3491.92,159.564,-4753.05
443.4,6.35212,42028.9,-40491.6,12353.4,3501.25,212.248,-4852.74
443.5,6.35579,41973.4,-35874.4,13067.4,3477.42,224.974,-4878.94
443.6,6.35612,41961.2,-32066.6,13597.7,3432.47,178.963,-4853.49
443.7,6.36517,41966.6,-31390.7,14436.9,3348.07,118.334,-4969.77
443.8,6.37528,41982.1,-32385.4,15660.5,3320.94,78.1158,-5186.4
443.9,6.3952,41991.1,-30715.7,16668.5,3251.97,6.58847,-5193.01
444.0,6.41116,41936.5,-27306.8,17698.5,3217.34,-44.497,-4944.46
444.1,6.40828,41822.8,-26030.7,17782.4,3204.1,-60.8087,-4775.97
444.2,6.39559,41768.3,-28677.5,15557.9,3232.6,-55.5438,-4842.16
444.3,6.38623,41804.1,-30643.3,11694.3,3275.33,41.9264,-4942.41
444.4,6.37947,41818.5,-28623.9,7717.29,3290.86,208.735,-4860.01
444.5,6.37069,41807.7,-26137.6,5399.47,3311.36,320.742,-4761.3
444.6,6.36204,41789.0,-29252.0,5989.58,3336.03,315.2,-4864.14
444.7,6.35327,41770.4,-35131.7,9593.49,3341.48,259.938,-5156.98
444.8,6.34946,41790.0,-37718.5,14542.3,3322.27,156.98,-5262.81
444.9,6.35584,41843.4,-36639.6,18834.2,3282.19,27.823,-5062.56
445.0,6.37486,41898.9,-37343.4,22072.2,3270.87,-50.449,-4905.46
445.1,6.39456,41880.0,-41683.8,24108.7,3283.94,-67.694,-5034.9
445.2,6.40618,41811.7,-45322.8,25279.2,3274.93,-50.971,-5149.02
445.3,6.41409,41764.6,-45280.9,26707.9,3306.44,26.849,-4985.11
445.4,6.41244,41701.8,-44142.1,27623.3,3303.67,83.8189,-4773.56
445.5,6.40588,41684.6,-46413.4,26418.2,3308.21,115.649,-4841.05
445.6,6.401,41698.1,-52262.0,22767.7,3331.16,182.333,-5028.47
445.7,6.38885,41684.8,-55310.5,17177.7,3311.48,246.28,-5071.15
445.8,6.37872,41719.8,-54320.0,11445.5,3246.4,231.461,-4987.65
445.9,6.37633,41772.1,-53542.8,7687.15,3210.4,135.993,-4995.94
446.0,6.37873,41810.2,-55969.8,6077.01,3201.74,26.9131,-5140.07
446.1,6.38161,41809.2,-57167.2,4630.49,3194.18,-64.5962,-5237.83
446.2,6.38472,41795.7,-52740.7,2588.96,3197.04,-31.9561,-5119.34
446.3,6.38695,41765.1,-46523.8,138.143,3185.2,91.1428,-4817.21
446.4,6.38942,41747.4,-43059.0,-1881.15,3183.47,171.001,-4673.28
446.5,6.40041,41748.5,-42765.7,-1615.31,3175.79,210.006,-4771.68
446.6,6.40734,41678.4,-42242.8,794.554,3146.11,164.713,-4822.99
446.7,6.40494,41611.4,-39515.3,3038.8,3091.96,31.5228,-4784.9
446.8,6.40178,41594.3,-37040.6,3725.72,3026.4,-51.2376,-4856.79
446.9,6.3941,41581.6,-37389.8,2424.01,2966.85,-46.7998,-5075.32
447.0,6.38797,41649.1,-37674.5,135.692,2907.44,-12.1155,-5241.99
447.1,6.39612,41743.3,-35404.4,-1166.09,2871.27,1.50025,-5164.6
447.2,6.40812,41777.1,-31871.3,-84.3627,2877.58,13.2245,-4972.87
447.3,6.40733,41711.4,-30120.3,997.63,2886.51,-48.8662,-4861.05
447.4,6.39698,41665.1,-29123.6,880.227,2901.22,-46.891,-4866.67
447.5,6.38073,41643.7,-27506.3,-327.023,2948.26,67.5717,-4798.15
447.6,6.36568,41696.2,-25275.6,-1403.68,2981.64,178.651,-4712.7
447.7,6.36924,41799.8,-25638.7,-459.743,3016.29,176.759,-4779.39
447.8,6.37968,41814.5,-29456.7,3263.4,3042.92,90.3086,-5016.36
447.9,6.37879,41750.9,-32526.2,7036.62,3029.15,-37.9986,-5236.93
448.0,6.37534,41719.3,-32403.9,8687.8,3000.34,-93.5915,-5228.6
448.1,6.37546,41728.8,-31786.6,7904.22,3020.29,-43.3874,-5067.22
448.2,6.38211,41790.2,-33495.2,6260.85,3029.95,44.8231,-4989.07
448.3,6.3964,41814.0,-36433.8,5641.69,3045.38,46.0589,-5012.42
448.4,6.4049,41778.3,-38241.0,7719.27,3083.17,43.0233,-4925.11
448.5,6.39233,41665.6,-37898.9,10003.8,3101.21,-5.97831,-4735.79
448.6,6.36674,41628.9,-38872.3,10308.4,3107.28,-8.22041,-4685.75
448.7,6.34106,41685.7,-43227.2,7518.8,3116.87,69.7861,-4848.31
448.8,6.32707,41829.4,-48238.8,2751.32,3112.76,176.351,-5042.39
448.9,6.3324,41978.6,-49968.8,-1570.3,3085.09,202.265,-5099.33
449.0,6.3463,42034.1,-49556.4,-3123.24,3058.16,142.934,-5068.97
449.1,6.34911,41972.6,-49872.6,-2617.66,3025.45,19.836,-5082.87
449.2,6.34114,41920.3,-49884.1,-2018.59,3016.53,-71.4542,-5161.43
449.3,6.32971,41924.5,-46794.8,-2878.63,3016.93,-53.7495,-5102.46
449.4,6.32473,41998.0,-41006.7,-5063.02,3025.01,49.2215,-4852.9
449.5,6.33344,42090.7,-36739.0,-6686.4,3048.97,160.306,-4654.26
449.6,6.35028,42109.3,-35657.6,-6021.28,3081.88,194.792,-4699.13
449.7,6.35698,42030.2,-34958.7,-2861.3,3053.23,169.769,-4819.77
449.8,6.34942,41913.3,-32468.8,1068.34,2969.79,96.4785,-4822.05
449.9,6.32653,41862.4,-29471.4,3314.48,2865.17,10.835,-4830.04
450.0,6.31098,41965.3,-29805.7,2719.24,2815.77,-21.717,-4984.9
450.1,6.31242,42114.5,-32745.8,603.612,2799.88,25.7048,-5189.92
450.2,6.31654,42184.5,-33475.8,-1283.24,2822.18,63.0986,-5249.83
450.3,6.31501,42184.5,-30589.7,-1455.38,2865.05,62.6436,-5086.69
450.4,6.30608,42145.9,-26800.4,384.152,2893.39,47.6759,-4888.31
450.5,6.28148,42116.6,-23939.3,2233.93,2892.99,25.9842,-4817.02
450.6,6.26625,42219.9,-21323.8,2647.31,2904.47,45.4481,-4776.76
450.7,6.26708,42341.3,-18120.1,1784.47,2925.47,115.127,-4669.42
450.8,6.27227,42416.8,-15721.3,592.768,2929.65,171.438,-4632.18
450.9,6.28459,42435.2,-17509.3,1394.38,2929.29,186.658,-4770.0
451.0,6.28381,42355.7,-22687.0,4678.31,2967.45,108.428,-5010.21
451.1,6.27056,42321.8,-27130.6,8088.69,2965.05,-32.2103,-5166.76
451.2,6.26458,42384.0,-28877.7,8963.85,2974.56,-112.658,-5163.75
451.3,6.26299,42455.7,-29448.4,6312.62,2989.99,-56.5382,-5070.47
451.4,6.26609,42529.6,-31545.3,1555.98,3024.82,74.8708,-4977.36
451.5,6.27347,42553.7,-34390.1,-1433.43,3077.91,180.363,-4913.39
451.6,6.27358,42511.5,-36871.5,-382.276,3127.11,189.757,-4816.95
451.7,6.26714,42488.2,-36580.3,3858.8,3146.76,117.771,-4753.19
451.8,6.2593,42482.8,-37527.3,8167.02,3182.78,33.6582,-4727.11
451.9,6.23896,42466.1,-41279.8,9128.24,3179.99,15.6892,-4840.41
452.0,6.2234,42555.4,-46101.7,6584.23,3187.11,108.863,-5057.79
452.1,6.21829,42650.0,-48900.3,3363.1,3171.47,196.368,-5185.28
452.2,6.2202,42733.8,-49368.4,2146.15,3150.78,160.75,-5148.59
452.3,6.22855,42770.1,-48544.2,3465.43,3123.44,14.3617,-5102.72
452.4,6.23144,42717.7,-46849.7,5191.98,3086.68,-116.813,-5113.11
452.5,6.22083,42681.8,-43365.3,4747.76,3076.04,-112.169,-5043.69
452.6,6.21175,42706.0,-37166.1,1169.37,3090.66,-30.6297,-4844.01
452.7,6.21004,42794.2,-31734.2,-2516.87,3119.55,116.594,-4655.14
452.8,6.2105,42840.0,-30019.5,-4368.79,3082.09,177.057,-4637.56
452.9,6.21193,42884.9,-29957.5,-3439.7,3051.13,139.059,-4790.05
453.0,6.21826,42901.8,-28405.5,-431.08,3021.47,80.4787,-4888.22
453.1,6.21536,42861.5,-25771.4,1783.06,2978.83,3.969,-4867.01
453.2,6.21061,42869.5,-26050.1,1626.05,2947.33,-52.0768,-4895.05
453.3,6.20489,42877.8,-29374.9,-131.79,2924.56,-61.789,-5066.59
453.4,6.2004,42932.7,-31773.0,-1551.68,2936.14,-23.0155,-5164.54
453.5,6.20636,43002.9,-29744.2,-838.233,2924.63,-14.8864,-5022.12
453.6,6.2116,42984.0,-25774.1,2082.74,2936.77,-54.1231,-4805.29
453.7,6.20606,42933.4,-24762.7,5394.06,2996.94,-77.4834,-4736.1
453.8,6.19511,42902.9,-25743.0,6901.73,3069.14,-44.4825,-4817.49
453.9,6.17973,42889.7,-25635.6,5828.03,3088.65,31.2696,-4794.87
454.0,6.16759,42969.8,-24124.5,3536.33,3093.69,99.8258,-4684.9
454.1,6.16783,43067.2,-24877.4,2094.81,3072.04,103.545,-4719.9
454.2,6.17771,43131.5,-29386.5,2975.95,3070.98,51.3672,-4970.71
454.3,6.18554,43124.6,-34192.4,5231.75,3078.14,-55.2062,-5186.77
454.4,6.17813,43055.9,-34924.4,6714.93,3059.95,-133.2,-5169.56
454.5,6.16638,43056.6,-33633.8,6351.92,3060.33,-94.742,-5013.82
454.6,6.15741,43119.5,-33763.5,4472.24,3094.67,2.8505,-4932.36
454.7,6.16029,43226.0,-34910.3,2660.84,3126.04,75.5307,-4928.58
454.8,6.17443,43288.3,-35630.5,3048.5,3164.63,110.197,-4803.78
454.9,6.17794,43224.7,-34533.9,5521.14,3189.06,81.0014,-4652.2
455.0,6.16714,43144.6,-35088.3,7924.0,3217.01,3.55875,-4643.18
455.1,6.14778,43116.5,-37818.3,8048.08,3225.31,-54.6909,-4840.22
455.2,6.13209,43185.5,-40513.2,5470.48,3196.16,-2.3685,-5033.42
455.3,6.13508,43337.8,-41610.6,1738.66,3166.76,90.9281,-5068.48
455.4,6.15546,43430.3,-41021.9,-518.867,3147.49,127.555,-5068.46
455.5,6.17526,43392.1,-41780.2,-151.487,3162.62,71.2477,-5070.35
455.6,6.17433,43245.6,-41909.5,1433.89,3172.58,-14.9252,-5067.51
455.7,6.15842,43145.8,-39455.1,2274.12,3186.56,-36.7985,-4946.25
455.8,6.13922,43166.5,-34729.0,1362.32,3207.54,3.99856,-4745.23
455.9,6.13306,43282.1,-31404.4,-604.744,3219.49,63.0625,-4640.6
456.0,6.14316,43394.1,-31201.0,-1280.06,3228.4,114.604,-4721.72
456.1,6.14753,43368.7,-32239.2,49.2095,3201.21,91.45,-4872.9
456.2,6.13284,43288.9,-31640.2,2245.03,3131.22,20.5667,-4955.0
456.3,6.11305,43283.6,-29984.5,3638.42,3061.66,-11.3381,-4987.13
456.4,6.09606,43370.6,-29282.6,3139.73,2988.52,8.15862,-5030.74
456.5,6.09315,43529.7,-28810.7,895.237,2941.04,22.9028,-5107.38
456.6,6.10606,43652.9,-27677.1,-614.114,2941.12,56.6722,-5058.41
456.7,6.11502,43646.7,-25586.7,219.866,2963.1,69.9,-4888.13
456.8,6.11159,43587.0,-24457.1,2386.01,3037.3,3.721,-4764.67
456.9,6.10716,43568.9,-23921.0,4630.75,3100.7,-41.6963,-4797.69
457.0,6.10072,43562.9,-23825.7,5412.67,3134.62,-5.4085,-4801.45
457.1,6.09833,43625.5,-23514.4,4046.2,3147.91,59.5272,-4741.11
457.2,6.10948,43689.5,-24327.5,1512.19,3148.64,103.029,-4766.22
457.3,6.12299,43682.7,-27185.5,-301.11,3153.82,119.352,-4926.68
457.4,6.12681,43607.5,-29973.6,-1081.28,3157.9,80.5775,-5079.85
457.5,6.12807,43571.2,-29811.8,-182.043,3193.02,43.0194,-5132.56
457.6,6.11888,43505.7,-28382.8,1773.93,3203.38,8.257,-5054.14
457.7,6.09845,43494.4,-27965.0,3583.56,3216.69,-7.94737,-4976.21
457.8,6.08185,43560.4,-27978.0,4736.43,3242.81,-2.703,-4953.64
457.9,6.06803,43640.8,-27117.0,5155.57,3257.25,20.1544,-4854.9
458.0,6.06031,43727.5,-24955.4,5147.7,3261.36,44.2879,-4688.72
458.1,6.05576,43769.4,-25444.2,5076.16,3260.73,33.3099,-4612.87
458.2,6.0498,43803.9,-29757.4,5730.96,3252.93,48.4314,-4762.45
458.3,6.04284,43837.3,-34313.5,6575.82,3219.08,50.0409,-5014.36
458.4,6.03945,43897.8,-35650.1,7378.1,3178.74,33.6946,-5139.36
458.5,6.04142,43980.4,-35437.3,7635.67,3160.43,22.8159,-5094.08
458.6,6.04867,44034.3,-36148.1,6678.54,3173.31,26.357,-5104.74
458.7,6.05438,44036.9,-38726.5,4600.59,3198.46,40.3956,-5143.83
458.8,6.05765,44031.2,-38868.7,2399.24,3238.72,79.9768,-5054.98
458.9,6.07083,44058.4,-34981.9,1597.96,3293.16,100.262,-4802.9
459.0,6.08957,44048.3,-31326.2,2873.27,3321.34,71.8187,-4584.86
459.1,6.10705,43989.7,-30124.8,5823.59,3348.9,16.038,-4650.23
459.2,6.10593,43842.1,-31430.1,8276.0,3345.49,-42.593,-4828.63
459.3,6.08299,43728.1,-31146.6,8369.24,3314.97,-44.3563,-4933.02
459.4,6.05223,43733.7,-28955.3,6151.0,3246.39,41.5658,-4960.97
459.5,6.03151,43848.7,-28101.9,3665.24,3190.57,134.868,-5020.02
459.6,6.02158,43980.8,-29327.3,2755.72,3120.21,144.717,-5115.16
459.7,6.02081,44064.1,-30198.3,4488.96,3113.08,84.293,-5108.1
459.8,6.00948,44027.6,-27953.8,7411.6,3094.32,-20.5635,-4936.83
459.9,5.9887,44039.7,-24039.6,9627.78,3110.07,-69.7874,-4750.61
460.0,5.97582,44126.3,-20965.4,10471.4,3126.88,-56.9832,-4685.44
460.1,5.97368,44282.7,-20620.9,11082.4,3178.59,7.30587,-4726.15
460.2,5.99231,44442.4,-20819.4,12901.5,3203.62,52.62,-4805.66
460.3,6.01673,44465.4,-20406.0,16595.9,3198.99,39.9929,-4864.39
460.4,6.02748,44373.2,-20674.8,20622.7,3190.68,-14.1476,-4910.04
460.5,6.02996,44298.3,-22404.0,22747.6,3204.03,-49.8944,-5011.53
460.6,6.03571,44286.0,-24613.4,22590.2,3236.43,-12.2543,-5126.7
460.7,6.04487,44292.2,-25628.3,20876.4,3257.81,26.6985,-5111.86
460.8,6.05609,44296.9,-25240.7,19725.7,3290.43,24.0605,-5001.79
460.9,6.05929,44210.4,-26067.5,20805.7,3305.39,-11.1523,-4899.94
461.0,6.03659,44087.5,-27731.9,22665.8,3323.4,-73.5711,-4911.18
461.1,6.01409,44102.1,-29514.3,24095.4,3351.14,-54.3478,-4923.94
461.2,5.99182,44142.9,-29715.4,23865.6,3357.22,24.7361,-4879.73
461.3,5.97129,44234.4,-30772.8,21950.0,3349.78,114.614,-4827.33
461.4,5.9599,44324.8,-35256.4,19952.2,3312.13,172.6,-4876.37
461.5,5.94321,44352.3,-40043.9,19363.4,3267.59,174.143,-5053.33
461.6,5.92628,44428.6,-43533.1,19398.8,3251.79,89.8242,-5110.08
461.7,5.92415,44541.5,-43781.8,19215.7,3208.37,-1.5155,-5045.36
461.8,5.92402,44629.7,-44188.2,17684.0,3207.18,-22.768,-4994.49
461.9,5.93497,44743.2,-45359.3,14543.7,3254.39,45.8225,-5044.19
462.0,5.95995,44807.8,-45665.1,11567.3,3294.03,141.391,-5038.19
462.1,5.98226,44792.7,-42853.7,10667.1,3328.5,202.294,-4900.94
462.2,6.00228,44748.6,-38193.9,11614.5,3352.23,156.671,-4742.23
462.3,6.0158,44646.4,-36259.1,13229.2,3341.92,89.4648,-4714.88
462.4,6.01371,44561.2,-35852.8,13636.4,3320.75,75.6146,-4848.72
462.5,6.00712,44524.3,-34976.8,11654.2,3302.11,87.2006,-4956.79
462.6,6.00312,44532.8,-31871.7,9325.34,3279.94,142.417,-4966.94
462.7,5.99278,44505.8,-29299.3,8332.51,3258.01,156.157,-4953.32
462.8,5.98076,44504.8,-29003.5,9718.9,3252.22,117.36,-5026.38
462.9,5.96347,44470.3,-29264.4,12422.4,3226.47,40.5433,-5083.39
463.0,5.93474,44470.7,-26779.8,14355.5,3209.29,10.3049,-5000.18
463.1,5.90962,44535.7,-22349.6,13601.2,3171.84,20.2411,-4794.02
463.2,5.89369,44669.2,-19502.9,11537.5,3172.43,114.799,-4689.07
463.3,5.88847,44796.8,-19394.3,10416.1,3185.08,198.082,-4772.18
463.4,5.89426,44906.0,-20609.3,12302.6,3222.77,196.599,-4900.14
463.5,5.90566,44953.0,-20471.4,17149.4,3243.94,126.509,-4946.98
463.6,5.91236,44934.4,-19989.1,22210.0,3231.51,28.9417,-4944.42
463.7,5.91589,44952.8,-21653.3,25067.6,3252.28,-2.64512,-4988.68
463.8,5.92254,44979.1,-25179.0,24405.1,3264.38,8.38113,-5042.13
463.9,5.93145,45043.8,-27659.8,21595.8,3276.41,54.7596,-5023.93
464.0,5.94898,45080.9,-28691.7,18584.8,3266.74,74.7148,-4892.91
464.1,5.96727,45068.2,-29782.7,17431.9,3288.62,92.3045,-4807.87
464.2,5.97692,44973.1,-31874.8,17731.7,3307.62,81.1288,-4866.8
464.3,5.97053,44840.5,-32934.8,18355.3,3343.47,86.278,-4976.69
464.4,5.94499,44737.9,-32844.3,18116.2,3375.32,154.617,-4948.67
464.5,5.9093,44710.9,-32828.8,16595.4,3367.92,236.736,-4878.95
464.6,5.88116,44832.6,-35982.3,15434.5,3356.86,306.578,-4909.37
464.7,5.86724,44964.8,-40775.0,15434.5,3371.27,268.09,-5001.12
464.8,5.86031,45049.3,-44986.0,16784.5,3368.26,154.033,-4979.21
464.9,5.85109,45015.8,-46948.6,18104.8,3344.83,18.22,-4890.83
465.0,5.83421,45010.8,-48552.8,18019.4,3318.79,-42.1097,-4888.35
465.1,5.8277,45057.8,-49982.9,16292.1,3309.13,-0.557,-4971.48
465.2,5.83728,45107.7,-50234.6,14126.6,3315.46,104.613,-4999.87
465.3,5.8614,45140.6,-49845.7,12627.6,3348.59,199.748,-4916.59
465.4,5.88282,45108.8,-48911.9,12037.1,3372.96,228.167,-4860.89
465.5,5.89024,45069.7,-48442.1,12077.9,3421.89,248.367,-4896.71
465.6,5.88642,45051.3,-46645.8,11953.0,3451.63,235.828,-4907.29
465.7,5.88339,45067.8,-44509.4,11206.1,3481.98,173.408,-4844.76
465.8,5.89037,45100.8,-41832.8,10441.1,3479.7,98.7283,-4867.4
465.9,5.8969,45079.0,-39914.0,9668.99,3479.94,10.1131,-4965.57
466.0,5.89701,45061.5,-37782.8,9803.55,3472.07,-14.2753,-5030.19
466.1,5.88201,45002.7,-33726.4,10502.8,3444.62,-23.9055,-5019.42
466.2,5.85818,45005.3,-29827.9,11640.0,3424.5,5.91975,-4941.32
466.3,5.83996,45018.6,-26704.3,12650.9,3389.33,57.3751,-4897.87
466.4,5.827,45037.9,-24788.7,13211.9,3393.34,106.183,-4879.3
466.5,5.82004,45046.7,-23073.8,13390.8,3389.12,128.757,-4836.55
466.6,5.81347,45040.5,-21044.1,14571.8,3398.6,147.136,-4829.65
466.7,5.80012,45008.7,-20056.5,16885.7,3400.6,90.967,-4890.02
466.8,5.79288,45061.8,-20038.5,20201.8,3427.07,-21.3382,-5032.95
466.9,5.79933,45087.0,-19542.8,23539.3,3392.07,-106.466,-5142.09
467.0,5.81046,45093.5,-18451.1,24960.6,3354.49,-160.602,-5124.72
467.1,5.82491,45115.6,-16855.9,23930.4,3324.62,-120.816,-5039.63
467.2,5.83919,45089.0,-17517.9,21434.2,3320.66,-18.132,-4927.31
467.3,5.84001,45059.1,-19174.6,19063.1,3326.67,81.0965,-4895.43
467.4,5.83935,45067.7,-20404.7,17540.1,3343.99,98.9454,-4861.81
467.5,5.83946,45063.1,-20770.5,17782.2,3362.54,111.54,-4801.24
467.6,5.82829,45026.5,-21349.2,17731.2,3373.88,69.623,-4808.71
467.7,5.8175,45053.1,-23986.4,16803.0,3416.29,64.2581,-4931.18
467.8,5.80565,45018.5,-27827.7,15914.7,3439.29,104.109,-5085.21
467.9,5.78224,45007.4,-30585.8,15941.5,3460.18,115.035,-5166.31
468.0,5.77327,45061.9,-32844.1,17848.0,3440.28,80.8333,-5092.0
468.1,5.76988,45049.0,-36044.7,20939.8,3433.77,-11.0943,-4994.55
468.2,5.76614,45067.7,-37868.1,22767.6,3450.41,-82.1909,-4998.09
468.3,5.77091,45070.5,-39024.4,22307.5,3437.92,-60.8333,-4928.32
468.4,5.76424,45023.7,-39765.6,20442.6,3448.41,45.3415,-4811.81
468.5,5.75352,45041.1,-41289.6,18071.6,3465.92,114.456,-4823.79
468.6,5.75708,45088.7,-44001.0,16880.2,3508.1,138.641,-4957.76
468.7,5.76343,45073.3,-44205.4,16494.8,3534.75,119.148,-5076.62
468.8,5.77214,45100.1,-41804.3,15418.0,3557.29,95.8978,-5052.46
468.9,5.78197,45085.0,-39410.5,13109.0,3567.74,102.675,-4998.06
469.0,5.78266,45057.2,-38409.1,10230.6,3591.28,126.003,-5053.5
469.1,5.78335,45080.6,-37474.9,8107.04,3608.07,123.952,-5085.88
469.2,5.78802,45077.4,-35273.9,7749.15,3643.18,62.1758,-4958.77
469.3,5.78797,45067.5,-31998.0,9230.26,3712.6,32.9448,-4837.14
469.4,5.78171,45039.4,-29688.1,10647.9,3741.79,10.5367,-4855.19
469.5,5.76403,45008.3,-28934.7,11122.3,3759.2,45.8872,-4932.43
469.6,5.74075,45004.8,-27024.5,10604.2,3724.58,134.422,-4943.13
469.7,5.72575,45033.9,-24902.0,10005.5,3655.8,193.285,-4878.65
469.8,5.72455,45088.3,-23901.5,10808.0,3572.69,201.094,-4898.68
469.9,5.74222,45127.9,-24552.5,13428.5,3559.39,136.051,-5017.93
470.0,5.76062,45101.7,-23874.3,17039.3,3566.3,36.2812,-5121.2
470.1,5.76374,45045.2,-21131.9,20673.5,3581.14,-6.85,-5096.48
470.2,5.74411,44978.9,-18174.9,23339.4,3604.11,-18.0261,-5029.82
470.3,5.71775,45000.5,-16997.4,24797.7,3627.11,8.291,-5030.46
470.4,5.71378,45086.4,-16512.2,25369.3,3618.16,32.8973,-5030.27
470.5,5.73172,45140.1,-14665.6,25204.7,3604.72,51.9645,-4936.41
470.6,5.75574,45128.5,-11215.8,23891.1,3568.03,68.0841,-4797.82
470.7,5.76824,45078.2,-10337.7,21675.4,3568.87,113.167,-4753.15
470.8,5.76012,45016.9,-12905.6,19030.5,3586.42,156.529,-4870.76
470.9,5.74405,45028.2,-16380.7,16728.1,3619.38,180.651,-5022.95
471.0,5.73705,45059.8,-18101.3,15909.8,3653.49,186.673,-5081.16
471.1,5.73488,45070.2,-19321.4,16635.2,3703.22,165.79,-5067.7
471.2,5.73491,45066.8,-21882.9,18449.8,3749.02,141.789,-5096.49
471.3,5.72253,45008.3,-26476.6,20519.1,3791.5,106.261,-5120.8
471.4,5.6941,44978.1,-29558.1,21638.2,3810.07,72.4948,-5045.77
471.5,5.67921,45051.9,-29989.9,22004.8,3802.77,90.53,-4876.91
471.6,5.68268,45089.2,-29576.7,22300.1,3770.69,113.502,-4738.55
471.7,5.69745,45116.8,-30773.5,22833.7,3747.99,95.2911,-4755.7
471.8,5.71406,45099.1,-34215.6,23603.2,3736.58,71.0567,-4869.62
471.9,5.7111,45024.1,-36639.4,23810.9,3736.97,84.8845,-4993.45
472.0,5.69432,45013.1,-38246.7,22401.2,3767.19,131.475,-5040.03
472.1,5.6881,45070.2,-39271.5,19917.9,3816.89,192.353,-5082.57
472.2,5.69336,45095.6,-40191.1,17299.4,3868.34,217.597,-5131.94
472.3,5.71027,45132.8,-39046.6,15489.4,3928.25,202.497,-5122.32
472.4,5.73071,45117.5,-35613.7,14803.1,3966.69,130.045,-4980.27
472.5,5.73901,45075.4,-30575.1,15553.7,3991.24,82.48,-4856.53
472.6,5.73534,45048.6,-27603.5,16848.2,4019.78,48.5418,-4821.53
472.7,5.73133,45054.7,-27630.7,18321.6,4055.42,30.6844,-4843.91
472.8,5.72873,45066.5,-27812.6,19549.5,4073.47,55.2585,-4903.17
472.9,5.72922,45064.3,-27489.9,20252.1,4078.27,98.5732,-4928.33
473.0,5.72317,45038.2,-27422.8,20743.9,4060.92,134.444,-4946.9
473.1,5.70615,45004.0,-28746.7,20882.9,4031.97,124.299,-5012.24
473.2,5.69019,45026.9,-30099.0,20951.5,3979.54,95.6449,-5092.74
473.3,5.68569,45064.6,-28994.2,21013.9,3944.58,64.0589,-5119.64
473.4,5.69554,45103.1,-26177.7,21451.7,3939.82,35.8693,-5044.55
473.5,5.70595,45080.9,-22871.9,22184.9,3907.47,-19.3708,-4983.78
473.6,5.70725,45054.8,-21146.5,23107.0,3936.35,-41.3442,-4995.92
473.7,5.70385,45051.4,-19298.0,23544.2,3967.53,-9.63825,-5022.77
473.8,5.7017,45067.0,-16609.9,23164.3,3972.73,61.0615,-4967.85
473.9,5.70978,45105.8,-13586.9,21938.0,3965.19,130.133,-4873.89
474.0,5.73145,45149.4,-12967.2,20906.9,3959.83,178.089,-4855.57
474.1,5.75616,45125.3,-14715.5,20849.0,3942.3,177.342,-4943.11
474.2,5.76852,45089.2,-17357.8,21807.5,3948.27,107.379,-5030.42
474.3,5.77064,45067.1,-19717.6,23315.6,3973.34,32.264,-5043.81
474.4,5.76369,45032.5,-21951.2,24532.4,3985.07,-14.7753,-5047.62
474.5,5.75434,45051.7,-24398.5,24357.7,4004.21,-32.477,-5099.89
474.6,5.75649,45087.1,-26000.1,23480.0,4020.27,28.6515,-5123.16
474.7,5.76351,45081.2,-26728.7,23310.2,4055.94,123.41,-5029.8
474.8,5.76405,45054.3,-27107.2,24083.3,4053.95,157.203,-4913.75
474.9,5.75986,45047.1,-29685.6,25711.2,4069.55,146.614,-4850.17
475.0,5.74914,45011.0,-31565.6,26730.3,4070.72,122.365,-4895.68
475.1,5.73332,45027.6,-33042.2,25995.5,4044.02,131.209,-4893.71
475.2,5.73064,45062.7,-33724.2,24159.1,4025.26,152.037,-4894.53
475.3,5.73103,45060.4,-36104.8,22393.8,4044.25,132.536,-4960.95
475.4,5.7412,45111.9,-38732.8,21454.2,4075.07,97.3731,-5113.18
475.5,5.75859,45103.6,-39490.6,21602.0,4090.28,68.8309,-5167.28
475.6,5.76312,45065.8,-37430.9,21405.7,4105.02,45.8022,-5077.68
475.7,5.77329,45116.0,-35332.6,19507.1,4140.1,54.9674,-4952.78
475.8,5.79757,45143.6,-34289.3,17164.6,4180.92,150.906,-4920.19
475.9,5.81457,45103.0,-33027.4,15059.8,4205.08,216.398,-4943.92
476.0,5.8294,45119.2,-30502.5,14078.0,4220.31,202.301,-4902.61
476.1,5.83929,45077.5,-27978.4,14779.8,4206.7,163.008,-4858.36
476.2,5.82982,45029.5,-27667.1,15701.7,4196.15,130.1,-4927.91
476.3,5.82217,45058.0,-28503.4,15773.4,4172.78,118.155,-5094.19
476.4,5.82151,45065.4,-27630.5,15795.2,4139.49,126.328,-5175.67
476.5,5.8208,45064.1,-25782.1,16086.5,4140.75,117.508,-5101.87
476.6,5.83084,45101.0,-24301.9,17205.4,4162.45,83.8961,-5057.46
476.7,5.83181,45026.9,-24368.5,19120.1,4153.96,46.5213,-5075.04
476.8,5.80866,44975.1,-23664.9,20822.8,4152.75,44.4331,-5082.11
476.9,5.78479,44997.1,-19978.2,21342.3,4132.95,60.0098,-4990.87
477.0,5.76947,45027.1,-16159.9,21254.7,4106.13,121.147,-4876.68
477.1,5.77091,45091.2,-13640.8,20914.5,4083.69,176.173,-4919.19
477.2,5.78951,45125.9,-13668.4,21202.0,4064.36,195.266,-5023.23
477.3,5.80603,45101.4,-14114.9,22105.0,4071.12,165.97,-5047.07
477.4,5.81667,45088.0,-12819.2,22935.0,4052.55,144.3,-5034.21
477.5,5.8281,45101.0,-12541.4,23146.7,4044.67,129.813,-5012.46
477.6,5.84127,45112.2,-14077.4,22117.1,4051.73,92.8773,-5037.44
477.7,5.86379,45146.7,-16163.6,20549.2,4061.74,95.4703,-5066.73
477.8,5.88483,45109.3,-17769.6,19383.8,4065.22,119.777,-5017.33
477.9,5.88731,45062.3,-17909.8,19333.5,4086.03,141.021,-4963.97
478.0,5.87953,45039.6,-18915.2,20329.4,4119.4,139.257,-4968.06
478.1,5.86702,45025.7,-19876.6,21890.4,4145.48,142.484,-5028.67
478.2,5.85383,45036.4,-20966.6,22579.6,4151.22,155.237,-5033.88
478.3,5.84743,45048.5,-20366.7,21982.0,4123.25,174.658,-4989.5
478.4,5.84366,45045.7,-20841.7,21251.3,4144.59,202.559,-4939.7
478.5,5.83596,45031.7,-22508.5,21118.3,4163.06,188.807,-4988.31
478.6,5.82812,45035.9,-24586.0,22408.7,4178.0,135.236,-5089.06
478.7,5.81346,45002.8,-25671.6,24394.6,4161.67,65.8133,-5090.16
478.8,5.79613,45024.1,-25104.9,24883.7,4166.39,12.3862,-5050.11
478.9,5.79689,45044.2,-24673.1,22898.7,4162.6,44.3374,-5026.54
479.0,5.80875,44930.0,-24743.0,19401.2,4135.48,152.742,-5049.19
479.1,5.82313,45075.3,-24437.8,16135.2,4137.62,227.473,-5052.43
479.2,5.84035,45126.3,-22444.9,14250.3,4135.12,203.323,-5016.61
479.3,5.85851,45110.3,-19361.2,14555.9,4144.09,179.066,-4976.77
479.4,5.86985,45099.8,-17275.5,15236.6,4143.65,149.65,-4969.46
479.5,5.89066,45140.8,-16757.2,16203.4,4176.53,170.317,-5023.63
479.6,5.9071,45091.6,-16533.9,17797.3,4205.78,165.836,-5095.58
479.7,5.90353,45045.5,-15250.4,19935.2,4187.28,112.008,-5115.78
479.8,5.89886,45061.4,-14592.7,22426.0,4178.07,45.1058,-5084.62
479.9,5.89481,45066.4,-13903.3,25275.7,4159.59,39.3908,-5113.61
480.0,5.89914,45082.7,-13537.0,27876.1,4142.47,41.8592,-5159.0
480.1,5.90231,45067.5,-12960.7,30640.3,4128.56,49.7632,-5115.56
480.2,5.89185,44995.9,-12242.7,33375.4,4123.16,34.5365,-5040.78
480.3,5.86335,44967.2,-12450.8,35112.6,4119.56,24.4202,-5029.9
480.4,5.83708,44998.6,-14032.7,34995.3,4116.45,30.3105,-5047.55
480.5,5.82541,45042.4,-15197.7,33407.3,4120.05,74.3319,-5076.59
480.6,5.8292,45093.6,-16146.3,30852.4,4126.17,120.185,-5071.06
480.7,5.84658,45114.9,-17578.8,28781.0,4127.09,160.911,-5077.81
480.8,5.85827,45079.1,-19666.7,27917.8,4116.14,173.373,-5127.09
480.9,5.86508,45080.7,-21309.4,27907.8,4103.27,144.05,-5161.7
481.0,5.87727,45109.0,-21547.5,27823.4,4084.68,92.6247,-5119.09
481.1,5.89748,45134.5,-21159.3,26997.2,4060.71,65.8712,-5040.47
481.2,5.91959,45129.8,-21306.5,25030.3,4053.95,71.9757,-5025.19
481.3,5.9437,45134.7,-22663.9,23828.3,4076.09,157.449,-5052.58
481.4,5.95742,45087.2,-23942.7,24551.8,4130.03,205.686,-5059.1
481.5,5.95809,45056.6,-24277.8,27027.9,4176.51,159.903,-5041.54
481.6,5.94959,45027.9,-23209.5,29914.1,4165.37,103.444,-5031.66
481.7,5.93169,44927.4,-21816.4,31406.1,4132.1,91.5878,-5034.85
481.8,5.91474,44935.4,-20131.0,30758.7,4132.18,117.692,-5055.66
481.9,5.91026,44991.8,-18904.8,29606.1,4137.92,149.321,-5065.71
482.0,5.90397,44969.8,-18788.5,29093.2,4128.38,110.055,-5047.1
482.1,5.88684,44941.8,-19450.2,28825.4,4118.46,33.8713,-5056.27
482.2,5.87056,44962.9,-19892.8,27768.7,4117.98,16.556,-5054.11
482.3,5.85799,45037.4,-20059.7,24381.0,4129.31,58.2127,-5005.56
482.4,5.86554,45110.6,-18324.7,19002.3,4140.4,158.511,-4995.88
482.5,5.89093,45132.5,-17290.0,14338.1,4140.14,271.79,-4983.14
482.6,5.90422,45076.0,-17078.4,12445.4,4126.11,309.646,-5007.23
482.7,5.9091,45073.9,-17027.4,13782.2,4122.06,252.066,-5062.04
482.8,5.91238,45073.5,-16022.1,16936.7,4134.49,148.433,-5086.56
482.9,5.92237,45116.2,-13984.3,19811.0,4170.28,108.987,-5090.66
483.0,5.94396,45132.4,-11700.3,21458.0,4178.24,127.891,-5094.44
483.1,5.95881,45089.6,-10303.0,23348.9,4173.87,165.299,-5094.57
483.2,5.96141,45059.9,-10762.6,26640.6,4191.65,161.196,-5058.3
483.3,5.96208,44973.4,-11672.0,31015.6,4217.12,100.612,-5025.98
483.4,5.96148,44923.7,-12195.1,35283.5,4202.76,63.4632,-5032.14
483.5,5.96035,44874.5,-12408.2,37583.9,4189.38,82.9936,-5045.72
483.6,5.95761,44822.5,-12756.1,38875.8,4167.74,173.609,-5082.81
483.7,5.94112,44712.8,-14970.1,40087.1,4152.22,215.003,-5129.2
483.8,5.9116,44669.3,-18114.7,41449.4,4138.29,176.173,-5205.26
483.9,5.89027,44740.2,-21289.5,42577.8,4131.45,135.315,-5219.37
484.0,5.8783,44857.7,-23447.1,42192.3,4092.74,133.433,-5157.15
484.1,5.88458,45009.7,-24395.0,39596.5,4091.74,146.728,-5102.8
484.2,5.90571,45088.3,-24653.0,35883.4,4114.02,166.734,-5087.63
484.3,5.92014,45063.5,-24156.9,32795.3,4134.8,223.516,-5078.19
484.4,5.92447,44999.0,-22424.6,30276.8,4129.88,225.647,-5040.5
484.5,5.92673,45009.5,-22033.5,28931.7,4148.13,222.705,-4965.07
484.6,5.93186,45041.0,-22588.1,28107.3,4152.7,208.869,-4980.64
484.7,5.9383,45084.1,-23210.1,26884.0,4141.57,208.004,-5020.29
484.8,5.95234,45090.0,-23421.6,25799.5,4165.72,238.432,-4985.13
484.9,5.95569,44989.7,-23764.0,25070.8,4167.25,230.065,-4926.18
485.0,5.95024,44926.5,-26672.8,25055.9,4166.33,176.572,-4921.54
485.1,5.94958,44890.4,-28902.0,26113.4,4154.05,130.372,-5038.21
485.2,5.94998,44875.8,-29108.0,27199.0,4169.92,79.6032,-5070.24
485.3,5.95652,44889.8,-26931.3,27037.7,4170.4,46.7725,-5022.81
485.4,5.95921,44809.7,-25617.0,25203.3,4183.87,51.018,-5009.95
485.5,5.9364,44680.8,-25208.6,22081.6,4167.25,107.488,-5097.1
485.6,5.90729,44667.0,-24430.6,18294.4,4162.1,145.585,-5093.0
485.7,5.88879,44760.4,-21418.8,15236.1,4160.52,160.796,-4982.18
485.8,5.88489,44899.4,-18582.7,13110.5,4135.1,147.818,-4893.55
485.9,5.8929,44924.5,-16738.2,11620.0,4117.95,111.584,-4943.2
486.0,5.89844,44887.9,-15442.4,10264.2,4076.53,95.0349,-5011.51
486.1,5.89716,44955.3,-13141.0,9078.28,4043.49,121.617,-4997.01
486.2,5.90381,45078.4,-9369.7,8602.64,4002.77,150.978,-4986.88
486.3,5.92235,45131.7,-7877.33,9714.85,3963.08,154.281,-4975.53
486.4,5.94754,45151.5,-7477.89,12651.8,3957.66,120.75,-5037.23
486.5,5.97164,45122.4,-7035.89,16617.0,3963.02,63.6604,-5056.44
486.6,5.97734,44978.4,-6222.92,19756.1,3942.07,1.60938,-4976.18
486.7,5.97266,44878.4,-6357.02,20998.9,3945.58,-12.9459,-4924.55
486.8,5.97699,44848.6,-8260.01,20734.3,3961.03,38.6105,-4957.62
486.9,5.99361,44867.3,-9883.19,20393.2,3970.18,92.4599,-5036.02
487.0,6.02116,44818.8,-10919.3,21871.0,3956.22,112.543,-5014.16
487.1,6.03173,44614.2,-12272.5,25141.1,3957.56,71.8155,-4989.45
487.2,6.01416,44403.7,-16062.1,28474.9,3965.59,24.0522,-5056.52
487.3,5.98319,44305.0,-20046.4,30406.4,3973.81,25.5903,-5199.68
487.4,5.9492,44344.1,-22528.0,30126.7,3950.34,48.253,-5219.79
487.5,5.93349,44534.9,-22255.0,28407.2,3936.51,71.8887,-5155.82
487.6,5.94023,44694.0,-22620.0,27028.5,3937.18,89.375,-5089.67
487.7,5.94786,44707.1,-23827.7,26323.1,3957.37,60.4108,-5115.69
487.8,5.94834,44670.5,-25015.6,26146.8,3963.68,40.4198,-5120.45
487.9,5.94061,44621.1,-24266.8,26042.5,3960.26,50.5902,-5037.63
488.0,5.92643,44663.1,-22875.3,25033.6,3919.01,58.0265,-4951.13
488.1,5.93347,44849.6,-23337.6,23250.1,3906.03,96.2391,-4967.55
488.2,5.95776,44947.7,-24463.2,21202.4,3907.48,132.661,-5068.9
488.3,5.97967,44954.2,-26007.3,19607.4,3934.06,164.986,-5084.02
488.4,5.99323,44827.2,-26000.2,18593.6,3931.89,151.238,-5053.32
488.5,5.99292,44684.2,-26134.9,18899.6,3924.19,133.343,-5059.71
488.6,5.99249,44641.7,-26035.4,19307.3,3919.46,78.5667,-5089.94
488.7,6.00976,44672.5,-24441.1,18947.2,3919.7,3.77381,-5081.02
488.8,6.02745,44614.1,-22581.3,16937.6,3930.83,-31.2064,-4971.4
488.9,6.03096,44471.5,-20373.9,13305.3,3950.58,16.7319,-4923.58
489.0,6.01751,44313.4,-19694.5,9894.98,3972.36,133.749,-4950.27
489.1,5.99122,44225.8,-20142.9,8387.75,3984.44,195.578,-4974.89
489.2,5.96724,44281.6,-19278.5,9147.14,3980.76,175.278,-4977.23
489.3,5.96021,44392.2,-18545.4,11023.9,3979.23,124.401,-4949.22
489.4,5.95173,44445.7,-17640.1,11874.8,3945.66,95.2965,-4975.76
489.5,5.94174,44469.5,-17022.1,11167.6,3905.03,107.599,-5036.71
489.6,5.9288,44498.0,-15656.5,10658.8,3877.92,127.276,-5052.73
489.7,5.92006,44596.7,-13938.6,11490.0,3867.29,84.0045,-4999.22
489.8,5.93608,44642.9,-12274.1,14191.6,3892.36,9.8125,-4976.06
489.9,5.96223,44596.6,-12568.2,17482.8,3900.75,-32.5418,-4977.93
490.0,5.97774,44435.3,-12435.4,19005.2,3907.2,-18.2995,-5011.92
490.1,5.98817,44327.5,-11602.8,19093.0,3936.37,82.2422,-4991.94
490.2,5.98777,44200.4,-10948.8,18506.0,3962.3,172.034,-4931.16
490.3,5.99338,44205.0,-11505.4,18146.5,3952.0,188.628,-4946.33
490.4,6.00981,44220.6,-12482.2,18684.2,3931.61,149.71,-5030.15
490.5,6.02124,44280.5,-13721.7,20048.0,3919.44,124.729,-5054.84
490.6,6.01669,44416.6,-14917.8,20878.0,3906.21,69.5304,-5017.46
490.7,5.99809,44411.8,-16631.4,21009.0,3920.77,45.3359,-5042.6
490.8,5.96924,44377.7,-18907.9,20568.1,3934.18,75.2486,-5094.24
490.9,5.94651,44445.4,-22220.7,19627.7,3937.0,137.82,-5035.67
491.0,5.94056,44568.3,-24600.2,19401.7,3930.75,194.978,-4980.19
491.1,5.92867,44598.3,-26179.9,19911.6,3906.95,201.725,-4935.76
491.2,5.90926,44602.5,-26319.9,20463.1,3846.61,185.238,-4917.04
491.3,5.88963,44582.9,-26038.0,20554.6,3803.81,157.958,-4900.45
491.4,5.8791,44657.9,-26374.3,20354.5,3779.33,168.883,-4918.76
491.5,5.89881,44719.2,-28036.3,19796.3,3796.43,155.209,-4975.53
491.6,5.93273,44684.9,-29190.6,19385.8,3785.75,115.133,-5031.13
491.7,5.96107,44710.3,-29621.9,19069.8,3813.6,98.8838,-5000.04
491.8,5.98433,44634.3,-29643.6,18358.1,3834.42,83.0626,-4918.85
491.9,6.00139,44633.6,-30498.9,17697.0,3859.78,94.2493,-4916.61
492.0,6.01821,44770.9,-31020.2,16503.1,3883.58,88.719,-4967.64
492.1,6.03456,44722.7,-29615.1,14786.5,3889.73,84.7241,-4969.31
492.2,6.03721,44576.2,-26721.4,12630.2,3899.04,87.6302,-4906.04
492.3,6.01714,44415.4,-25549.7,10683.1,3919.94,124.019,-4894.57
492.4,5.98761,44337.7,-25503.6,9767.58,3922.52,158.79,-5012.27
492.5,5.95754,44385.3,-25200.9,10426.9,3903.65,168.599,-5088.17
492.6,5.93987,44500.8,-22690.6,12074.1,3849.4,129.36,-5017.23
492.7,5.9303,44600.1,-20387.0,13903.0,3798.68,82.3583,-4906.38
492.8,5.91439,44620.2,-21131.5,15293.7,3735.76,82.6728,-4905.28
492.9,5.89026,44499.9,-22448.2,15582.7,3698.68,68.8063,-5020.03
493.0,5.87588,44364.9,-22118.5,15623.3,3673.87,51.225,-5018.93
493.1,5.88239,44012.4,-20002.9,15989.0,3640.63,16.562,-4905.6
493.2,5.9061,43649.0,-19149.3,16464.9,3622.05,-16.8568,-4900.51
493.3,5.9358,43476.8,-19958.1,15955.1,3606.01,-36.2931,-5057.53
493.4,5.96368,43255.0,-18753.2,14207.1,3607.39,34.588,-5158.07
493.5,5.98807,43100.4,-14181.7,12269.3,3589.69,153.545,-5025.38
493.6,6.00836,43154.7,-10163.1,11652.8,3591.89,229.619,-4840.48
493.7,6.03001,43467.9,-10267.7,13450.1,3568.84,200.29,-4834.87
493.8,6.04239,43543.9,-12511.6,17317.6,3538.13,98.5867,-4966.11
493.9,6.0328,43757.0,-13972.2,21658.0,3513.91,-12.9351,-4951.64
494.0,6.00529,44025.6,-14011.3,24753.9,3471.13,-83.5523,-4862.98
494.1,5.96458,44237.2,-16418.8,26110.2,3417.43,-104.643,-4904.98
494.2,5.9259,44408.9,-22455.1,25596.0,3382.88,-70.0484,-5065.43
494.3,5.91335,44555.8,-28722.1,24996.6,3357.06,35.8722,-5143.29
494.4,5.90926,44663.8,-31806.7,25338.5,3351.9,115.56,-5081.17
494.5,5.89935,44737.0,-33087.9,25906.2,3328.59,107.256,-4977.13
494.6,5.88931,44732.5,-35666.8,26068.4,3329.87,86.4197,-4972.16
494.7,5.87434,44759.7,-38270.8,24924.2,3339.19,110.418,-5056.97
494.8,5.87596,44845.7,-38095.5,22405.3,3301.41,129.355,-5071.71
494.9,5.9004,44849.6,-36308.1,20241.7,3266.03,116.094,-4959.43
495.0,5.93316,44839.0,-36526.1,19016.4,3254.53,50.0003,-4901.43
495.1,5.97342,44945.3,-39388.0,18725.2,3250.68,1.73675,-5015.52
495.2,6.0041,45019.9,-41238.0,18434.5,3231.57,-15.0737,-5115.13
495.3,6.01991,44826.2,-39512.7,17098.4,3208.21,5.6045,-5000.07
495.4,6.02936,44734.5,-36274.7,14616.5,3194.36,54.0078,-4825.36
495.5,6.03358,44669.5,-35886.4,11788.6,3211.2,110.861,-4846.11
495.6,6.02181,44559.2,-39003.9,9193.71,3227.9,138.222,-4982.86
495.7,5.99103,44471.4,-40168.0,7605.95,3241.57,150.202,-5049.4
495.8,5.94569,44417.7,-37484.7,6693.38,3230.04,116.879,-4951.43
495.9,5.89428,44479.8,-34103.8,5565.71,3208.21,60.7126,-4860.65
496.0,5.85814,44656.0,-33690.6,3532.07,3207.89,28.847,-4919.57
496.1,5.84404,44760.5,-34627.6,1617.26,3206.34,67.8717,-5033.17
496.2,5.84389,44556.9,-33834.4,473.43,3173.04,80.3524,-5000.97
496.3,5.85198,44113.8,-30622.7,847.726,3134.16,41.9756,-4882.27
496.4,5.86087,43887.0,-27299.4,2450.69,3109.48,-5.32784,-4866.46
496.5,5.86355,43704.5,-26092.6,3307.85,3106.89,-30.1075,-4939.6
496.6,5.87671,43635.4,-24594.8,2484.43,3113.08,-7.32412,-4997.38
496.7,5.89429,43585.6,-22181.6,542.488,3105.44,66.9124,-4965.28
496.8,5.91471,43628.4,-19341.1,-1154.37,3086.5,134.733,-4923.6
496.9,5.93616,43715.6,-18735.6,-582.956,3051.7,161.532,-4930.66
497.0,5.94385,43839.3,-19032.0,2892.34,3023.34,117.167,-4985.52
497.1,5.93666,44034.4,-18295.1,7353.81,2956.84,2.43263,-4976.14
497.2,5.92295,44300.1,-17480.0,11305.5,2924.37,-69.3733,-4901.32
497.3,5.90221,44537.0,-18956.3,14041.9,2933.37,-35.848,-4903.26
497.4,5.87418,44747.6,-21858.7,15803.0,2957.73,29.4713,-5060.48
497.5,5.84163,44913.0,-24762.1,18284.0,3006.75,87.3195,-5162.48
497.6,5.8027,44966.1,-26255.5,21868.8,3073.98,104.813,-5108.5
497.7,5.76525,44961.4,-28379.3,25312.5,3103.31,90.6243,-5025.38
497.8,5.74374,44918.1,-32561.5,27092.1,3145.04,73.6762,-5049.58
497.9,5.73651,44783.8,-36494.5,26522.7,3182.78,86.6438,-5096.98
498.0,5.74351,44608.7,-38328.6,24369.4,3205.29,118.007,-5030.39
498.1,5.75686,44392.7,-38604.2,22217.7,3202.93,100.665,-4931.76
498.2,5.7697,44192.7,-40047.2,20723.3,3219.84,40.9454,-4961.5
498.3,5.79066,44027.5,-42457.5,19842.2,3264.8,32.6937,-5073.57
498.4,5.81118,43838.4,-43305.9,18619.7,3311.42,69.8443,-5104.38
498.5,5.82067,43731.9,-42509.5,16280.8,3350.77,123.093,-5003.63
498.6,5.82021,43698.4,-42614.8,13797.3,3373.76,201.311,-4914.11
498.7,5.80546,43706.0,-44370.6,12458.8,3398.45,247.786,-4932.38
498.8,5.7889,43780.3,-45486.1,12342.5,3419.53,189.06,-4969.03
498.9,5.7841,43817.1,-44265.8,13413.5,3440.51,73.0582,-4914.58
499.0,5.77006,43770.2,-42980.2,14479.1,3467.11,-34.5527,-4846.42
499.1,5.73804,43767.1,-41816.3,13474.9,3466.4,-112.274,-4938.29
499.2,5.70026,43777.2,-40486.4,10351.0,3471.32,-106.371,-5069.34
499.3,5.66961,43726.5,-37415.9,6230.21,3481.69,-15.8695,-5058.1
499.4,5.66089,43637.6,-32425.6,2472.89,3480.28,76.0595,-4960.94
499.5,5.67438,43457.2,-28365.6,439.331,3475.32,120.105,-4900.97
499.6,5.68477,43245.9,-25091.6,635.57,3479.93,137.007,-4911.05
499.7,5.68188,43117.5,-22562.6,1594.58,3467.42,96.3743,-4858.46
499.8,5.67703,43068.6,-19324.6,2995.54,3450.75,69.0052,-4802.46
499.9,5.68073,42893.8,-17482.6,3841.81,3446.63,4.2825,-4791.98
500.0,5.70583,42826.2,-17792.3,4459.89,3470.39,-43.7775,-4890.26
500.1,5.74874,42649.6,-19175.8,5905.51,3501.44,-52.795,-5024.62
500.2,5.77203,42512.9,-19903.8,8524.95,3526.46,-47.2827,-5089.26
500.3,5.7741,42360.3,-20292.3,11969.0,3577.86,-31.478,-5062.3
500.4,5.75966,42303.1,-20535.8,15320.2,3586.43,-24.3008,-5021.32
500.5,5.738,42482.2,-20939.1,17276.4,3579.83,15.2533,-4989.19
500.6,5.72806,42481.7,-20910.5,17809.4,3550.89,93.2735,-4927.12
500.7,5.71584,42318.8,-20481.3,18744.4,3524.6,161.842,-4858.32
500.8,5.68348,42447.8,-21462.2,21250.3,3523.67,132.058,-4841.22
500.9,5.64703,42472.4,-23949.7,25350.6,3542.61,30.2857,-4939.11
501.0,5.6144,42398.3,-26204.0,29744.1,3563.44,-61.8833,-5072.22
501.1,5.5969,42308.0,-28149.1,31674.3,3579.34,-83.4668,-5085.35
501.2,5.61201,42201.8,-29759.7,30926.6,3587.61,-12.5183,-5045.73
501.3,5.634,41947.2,-31636.1,28928.0,3598.31,77.4278,-5050.9
501.4,5.6544,41790.9,-33675.1,27504.5,3640.29,140.461,-5036.55
501.5,5.6805,41674.9,-33840.8,28066.2,3702.85,123.861,-4987.01
501.6,5.69634,41566.3,-34179.5,29915.3,3763.52,65.5461,-4895.14
501.7,5.70932,41608.1,-35615.7,30859.9,3841.61,12.7049,-4910.87
501.8,5.7184,41689.2,-36325.7,29347.1,3874.98,13.6384,-5020.91
501.9,5.71663,41839.3,-35530.2,25662.1,3899.7,72.2447,-5033.95
502.0,5.71757,42039.7,-34193.8,21568.7,3890.5,139.955,-4935.84
502.1,5.72515,42191.4,-34343.0,19517.1,3846.33,161.513,-4926.82
502.2,5.73034,42317.6,-37606.6,19916.7,3831.49,126.789,-4985.34
502.3,5.72362,42459.6,-40787.5,21309.9,3821.58,82.4569,-5027.99
502.4,5.6923,42615.0,-40223.9,21362.2,3811.26,51.0881,-4997.83
502.5,5.64509,42817.3,-38732.0,18878.5,3823.71,80.756,-4890.57
502.6,5.6079,42985.8,-39373.2,14496.8,3875.5,147.449,-4852.75
502.7,5.59213,42985.1,-40087.1,10131.3,3888.63,191.434,-4971.36
502.8,5.59517,42873.9,-39743.4,7384.25,3896.15,186.514,-4991.3
502.9,5.61231,42696.5,-35923.8,6474.8,3886.7,145.305,-4900.46
503.0,5.62933,42502.8,-31440.1,6344.61,3835.86,101.648,-4821.02
503.1,5.64836,42389.7,-28214.4,6181.23,3784.44,107.643,-4866.05
503.2,5.6776,42345.0,-25729.3,6328.93,3775.06,150.593,-4933.97
503.3,5.70874,42306.7,-22950.2,7417.71,3752.68,176.327,-4896.83
503.4,5.73134,42343.8,-20190.2,9638.99,3731.41,145.284,-4839.79
503.5,5.74159,42458.6,-19439.8,12558.1,3741.52,111.391,-4857.52
503.6,5.74319,42623.3,-20082.3,15248.1,3798.1,104.827,-4943.77
503.7,5.74207,42806.2,-20957.1,17193.5,3830.82,105.726,-4966.28
503.8,5.73611,43008.9,-21174.1,18592.6,3844.36,95.4481,-4939.66
503.9,5.72808,43239.6,-20835.4,20175.5,3854.84,92.1277,-4963.48
504.0,5.71497,43435.3,-21679.9,21844.7,3833.24,63.5239,-5000.96
504.1,5.68875,43610.3,-23155.9,23286.0,3820.99,64.8177,-5044.19
504.2,5.65922,43742.8,-24725.0,24209.4,3806.91,114.059,-5069.33
504.3,5.62798,43776.9,-25940.4,24450.8,3789.18,174.708,-5068.56
504.4,5.60867,43773.2,-26669.0,24357.2,3783.51,228.036,-5055.74
504.5,5.61279,43662.2,-26519.5,25015.3,3807.81,263.239,-5032.92
504.6,5.61982,43454.8,-26753.4,26496.3,3809.03,255.808,-4958.7
504.7,5.63272,43297.0,-27912.8,28257.6,3822.81,196.085,-4907.71
504.8,5.6545,43134.1,-29022.5,29484.2,3828.36,112.631,-4927.6
504.9,5.68919,43016.5,-30883.3,29361.8,3875.42,73.2671,-4927.28
505.0,5.73675,42916.5,-32696.3,27821.9,3901.28,79.7301,-4929.59
505.1,5.77026,42849.3,-34247.8,25727.9,3926.85,116.929,-4976.76
505.2,5.78028,42946.3,-36522.9,24065.4,3948.5,173.706,-5015.15
505.3,5.77344,43152.0,-38109.7,22713.9,3995.71,191.517,-5022.23
505.4,5.7617,43392.0,-39254.7,21311.3,4041.78,212.758,-4970.48
505.5,5.75163,43608.9,-39921.7,19071.2,4049.8,222.304,-4912.41
505.6,5.73623,43796.7,-40504.2,16547.5,4055.4,225.062,-4870.95
505.7,5.71042,43935.0,-40745.7,14435.8,4056.65,194.857,-4871.39
505.8,5.67532,44050.7,-40561.9,13436.8,4042.99,131.315,-4883.13
505.9,5.64629,44094.1,-39769.5,13226.0,4027.18,67.3142,-4927.81
506.0,5.63587,44040.0,-39084.2,13069.7,4023.26,29.0208,-4953.83
506.1,5.64111,43858.9,-38911.2,11968.6,4023.17,32.647,-4966.87
506.2,5.64983,43615.1,-37522.7,9790.91,4019.43,82.1344,-4987.67
506.3,5.6498,43371.9,-36328.8,6630.69,4020.76,131.857,-4928.9
506.4,5.64942,43189.0,-34864.6,3484.13,3993.42,183.106,-4844.75
506.5,5.66682,43001.6,-33833.5,894.638,3988.75,186.196,-4814.61
506.6,5.71154,42816.3,-31463.0,-54.8285,4012.86,172.672,-4852.78
506.7,5.76238,42576.7,-28226.3,436.009,4023.15,119.223,-4859.84
506.8,5.78986,42430.5,-25496.7,1757.04,4008.98,60.3364,-4849.27
506.9,5.78412,42428.0,-23587.6,2744.56,3958.82,22.5272,-4911.78
507.0,5.7712,42551.4,-22899.6,3291.44,3944.87,45.6138,-4976.54
507.1,5.77656,42677.1,-20845.2,4366.87,3952.54,105.516,-4979.21
507.2,5.79962,42739.6,-19041.1,6932.58,3965.49,122.023,-4894.72
507.3,5.80914,42788.5,-18360.7,11325.3,3996.94,77.21,-4856.6
507.4,5.77737,42899.5,-19858.9,15936.3,4033.05,-5.76737,-4868.51
507.5,5.71662,43125.6,-20971.4,18895.0,4080.67,-52.4455,-4909.71
507.6,5.66667,43326.0,-21230.6,19550.4,4112.98,-22.7554,-4880.12
507.7,5.65403,43366.9,-21472.1,18952.3,4131.69,45.3251,-4882.74
507.8,5.67289,43208.4,-22933.3,18714.2,4128.28,74.412,-4963.87
507.9,5.69129,42935.0,-24464.9,19456.5,4102.24,62.6727,-5066.6
508.0,5.69577,42644.0,-24025.2,20543.9,4071.88,51.0778,-5073.41
508.1,5.69388,42387.5,-23702.7,20927.7,4036.52,55.766,-4958.46
508.2,5.70838,42145.5,-24543.2,20150.5,4016.03,74.19,-4925.08
508.3,5.74574,41891.9,-26450.7,18309.7,4021.66,73.7285,-4988.01
508.4,5.79496,41664.4,-27831.6,16455.5,4056.15,89.1875,-4960.29
508.5,5.82672,41490.9,-27607.8,14789.3,4079.86,73.496,-4860.31
508.6,5.83257,41454.6,-27708.1,13737.4,4121.41,64.3775,-4846.66
508.7,5.82633,41557.1,-29542.7,13438.2,4182.38,88.0719,-4953.82
508.8,5.82342,41722.8,-30786.3,13520.5,4214.74,127.029,-5067.41
508.9,5.83018,41911.3,-30209.8,13672.8,4222.02,146.415,-5045.09
509.0,5.82976,42103.2,-29692.9,14264.7,4248.39,176.97,-4952.27
509.1,5.80657,42293.6,-31971.2,15075.3,4275.4,190.518,-4956.29
509.2,5.76477,42481.5,-35262.0,16193.1,4269.79,172.73,-5040.93
509.3,5.72092,42606.1,-37003.7,17554.6,4248.59,122.179,-5041.6
509.4,5.70256,42645.2,-35193.3,18490.5,4217.18,46.8024,-4953.65
509.5,5.71429,42548.6,-32323.9,17752.5,4175.62,-32.5444,-4900.19
509.6,5.74196,42359.3,-30350.3,14876.9,4142.36,-31.4871,-4953.27
509.7,5.7614,42131.4,-28249.8,10883.1,4117.43,70.5722,-5018.78
509.8,5.76433,41960.4,-24981.2,6897.54,4098.41,163.971,-4983.98
509.9,5.77205,41861.1,-21778.5,4268.21,4093.31,220.658,-4894.4
510.0,5.79853,41729.4,-20239.9,2805.27,4094.47,224.143,-4868.55
510.1,5.83599,41591.9,-19256.7,2058.31,4109.74,230.702,-4916.05
510.2,5.85977,41449.1,-19358.6,1079.37,4100.11,210.654,-4864.35
510.3,5.85293,41380.2,-17887.1,-172.807,4063.54,153.508,-4838.2
510.4,5.83459,41443.7,-16683.4,-1124.84,4041.81,108.195,-4857.0
510.5,5.83954,41531.1,-16366.1,-619.542,4041.9,91.7698,-4912.42
510.6,5.86521,41548.1,-16699.9,1792.44,4046.46,63.3947,-4963.56
510.7,5.88771,41594.2,-17254.9,5425.19,4042.88,42.0662,-4988.18
510.8,5.87804,41715.4,-17736.5,9106.74,4036.26,58.1423,-4978.0
510.9,5.83075,41944.1,-17876.3,11189.1,4044.73,97.293,-4947.98
511.0,5.78526,42242.2,-17679.2,11655.8,4080.94,168.792,-4923.97
511.1,5.7727,42405.3,-17373.3,11751.6,4116.87,213.979,-4904.85
511.2,5.78526,42393.0,-17074.2,12841.5,4135.1,204.393,-4916.27
511.3,5.79629,42283.9,-16599.6,14992.2,4118.42,114.193,-4943.16
511.4,5.78654,42145.7,-16188.7,17498.0,4107.48,22.6985,-4982.59
511.5,5.7636,42007.8,-14383.9,18748.6,4069.44,-6.08262,-5043.06
511.6,5.76693,41856.6,-13018.3,18648.4,4076.66,47.755,-5028.11
511.7,5.80789,41538.5,-12837.3,17512.9,4076.48,93.631,-4976.29
511.8,5.8628,41168.9,-14328.8,16266.9,4080.86,122.636,-4972.84
511.9,5.89958,40855.9,-16524.8,15520.4,4111.49,145.653,-4987.91
512.0,5.89914,40691.0,-18705.3,15351.9,4147.07,170.785,-4952.25
512.1,5.88036,40724.5,-19727.3,15469.2,4176.51,170.527,-4925.09
512.2,5.87033,40843.9,-21311.0,15509.5,4184.68,147.173,-4930.63
512.3,5.87822,40981.9,-23830.4,15387.2,4194.77,131.81,-4969.34
512.4,5.89079,41117.5,-26477.9,14725.5,4220.94,119.46,-5009.64
512.5,5.89351,41275.0,-28155.8,14699.1,4254.54,139.573,-5035.34
512.6,5.87041,41402.0,-30553.5,15764.1,4262.3,140.059,-4994.04
512.7,5.83446,41568.6,-32565.0,17496.4,4291.2,102.577,-5011.24
512.8,5.8157,41692.1,-33341.0,19151.7,4310.82,73.0921,-5036.28
512.9,5.81315,41684.7,-31245.5,19791.0,4322.07,80.5265,-5034.78
513.0,5.82154,41612.6,-28325.0,18787.1,4323.34,74.0198,-4950.69
513.1,5.82395,41450.0,-25212.2,17061.1,4294.6,83.147,-4925.14
513.2,5.81315,41257.6,-23394.1,15035.4,4266.03,85.7678,-4969.55
513.3,5.81311,41101.9,-22230.9,13009.8,4254.42,81.3183,-4964.44
513.4,5.83961,40879.0,-20968.3,10954.4,4223.92,77.1908,-4905.68
513.5,5.88278,40621.3,-19913.6,9054.54,4191.2,95.872,-4871.38
513.6,5.91764,40391.0,-20669.0,7142.08,4170.23,106.026,-4865.5
513.7,5.93146,40290.0,-21095.1,5934.04,4151.5,112.781,-4917.12
513.8,5.92676,40291.7,-19937.5,5808.52,4150.54,101.278,-4937.84
513.9,5.92367,40384.0,-17414.7,6366.26,4181.16,62.484,-4921.71
514.0,5.93231,40502.1,-15588.5,7147.3,4217.88,31.7719,-4907.7
514.1,5.94084,40626.9,-16237.9,7644.43,4256.92,31.7307,-4917.31
514.2,5.9332,40813.2,-17077.7,7853.09,4262.83,53.0215,-4941.92
514.3,5.90838,41051.9,-16725.1,7714.88,4243.4,52.3041,-4887.83
514.4,5.88638,41294.7,-16058.0,7836.09,4197.36,62.7521,-4767.14
514.5,5.88234,41452.5,-15732.8,8438.84,4164.7,74.9337,-4768.19
514.6,5.89418,41522.4,-16309.3,9638.62,4129.7,77.3005,-4874.66
514.7,5.90066,41509.8,-16856.7,11091.9,4128.69,51.7429,-4944.92
514.8,5.88607,41513.6,-16850.6,12842.3,4131.1,52.5221,-4958.19
514.9,5.85833,41506.5,-16889.8,14054.9,4125.94,28.9382,-4994.56
515.0,5.84762,41491.7,-17334.6,13948.9,4143.54,-12.525,-5042.52
515.1,5.88116,41360.4,-16967.3,12957.9,4169.93,3.4295,-5039.56
515.2,5.93668,41094.6,-15092.2,12003.2,4165.92,53.6249,-4961.68
515.3,5.97601,40890.8,-13964.3,11369.7,4169.07,45.1787,-4873.66
515.4,5.99066,40845.7,-14654.5,11427.1,4185.48,25.9646,-4862.12
515.5,5.98045,40903.5,-17102.4,11567.7,4179.82,44.3175,-4895.16
515.6,5.9695,41106.5,-18695.5,10899.3,4167.15,99.7337,-4953.81
515.7,5.97862,41302.9,-18929.7,9917.56,4150.53,158.876,-4989.93
515.8,5.98375,41417.8,-19506.9,9496.53,4157.05,193.949,-4997.73
515.9,5.96787,41582.7,-21095.1,9819.43,4183.16,180.14,-5030.48
516.0,5.93749,41765.4,-23157.6,11211.1,4210.7,158.549,-5064.91
516.1,5.90751,41904.0,-23990.8,13320.1,4272.36,124.305,-5068.83
516.2,5.90078,41987.6,-23186.5,15372.9,4305.2,66.1543,-4998.35
516.3,5.91483,41952.6,-21896.9,17353.3,4326.58,45.3519,-4943.87
516.4,5.92002,41822.2,-21455.4,18345.0,4322.16,33.223,-4936.11
516.5,5.90401,41729.0,-21164.4,17608.4,4274.23,41.6543,-4964.09
516.6,5.88553,41630.1,-20309.6,15904.5,4222.83,116.151,-4967.97
516.7,5.88163,41439.9,-20386.1,14033.1,4193.16,189.456,-4936.54
516.8,5.90774,41222.8,-22022.1,12945.5,4187.08,226.558,-4961.67
516.9,5.9469,40913.3,-24401.6,12981.4,4160.27,187.358,-5032.67
517.0,5.96553,40655.5,-25962.7,13735.5,4137.29,136.676,-5040.23
517.1,5.96572,40555.1,-24973.5,14192.3,4135.91,92.7556,-5001.46
517.2,5.9664,40523.7,-23172.0,14112.8,4149.12,77.3362,-4959.25
517.3,5.98388,40514.2,-21721.2,13469.9,4188.8,57.1408,-4992.16
517.4,6.01351,40512.8,-19872.6,13067.4,4251.21,67.2682,-5048.28
517.5,6.02534,40523.7,-17796.5,13039.3,4290.35,87.9744,-5014.54
517.6,6.00108,40670.8,-15379.4,12812.7,4282.85,101.365,-4948.41
517.7,5.95623,40913.7,-13643.9,11537.5,4249.74,125.752,-4931.67
517.8,5.92685,41131.9,-12620.7,9666.46,4179.46,186.016,-4906.71
517.9,5.92336,41224.6,-11374.5,7795.87,4126.42,216.689,-4863.47
518.0,5.94227,41211.0,-11038.2,6689.69,4090.83,177.613,-4819.93
518.1,5.95359,41108.2,-12533.7,7461.46,4051.86,130.225,-4867.23
518.2,5.93434,41010.6,-14685.4,9184.76,4050.81,71.8875,-5019.27
518.3,5.91054,40987.5,-15841.4,11116.3,4058.64,50.1628,-5116.83
518.4,5.9087,40872.6,-15733.6,12964.4,4058.23,62.6263,-5117.37
518.5,5.93144,40664.6,-14832.4,14321.8,4056.05,76.151,-5119.45
518.6,5.96863,40423.9,-14765.1,15425.9,4056.31,84.8587,-5115.56
518.7,5.98648,40151.1,-14520.7,15794.4,4068.9,75.3102,-5050.09
518.8,5.98154,40026.8,-13489.5,15201.6,4065.17,95.581,-4912.83
518.9,5.97835,39974.0,-12582.8,14055.5,4081.67,122.12,-4826.23
519.0,5.98817,39942.6,-12869.5,12974.2,4117.95,132.642,-4859.7
519.1,6.02102,40002.6,-14703.2,12671.2,4195.17,148.564,-4970.79
519.2,6.04862,40007.0,-15799.0,13512.1,4202.03,177.619,-5064.63
519.3,6.03312,40101.2,-16418.1,14958.3,4236.07,193.761,-5096.27
519.4,5.9947,40358.5,-17894.6,16313.8,4274.78,181.254,-5094.17
519.5,5.95701,40560.6,-19668.2,17499.2,4270.79,145.843,-5126.04
519.6,5.93943,40703.8,-20176.5,18467.3,4255.42,108.092,-5116.63
519.7,5.94623,40739.0,-19090.1,18957.3,4250.74,48.7194,-4996.7
519.8,5.95321,40663.5,-18242.3,19354.1,4251.83,12.4764,-4868.08
519.9,5.93546,40533.6,-19450.6,19219.4,4241.94,3.14069,-4852.94
520.0,5.90692,40437.3,-21070.8,18674.2,4238.64,39.5513,-4946.64
520.1,5.89558,40255.3,-21161.2,17947.5,4225.1,107.809,-4990.28
520.2,5.91264,39976.1,-20047.5,17061.6,4195.52,184.37,-4949.06
520.3,5.95438,39636.1,-20419.7,16244.4,4169.3,217.85,-4956.89
520.4,5.9886,39257.8,-22889.9,15921.0,4151.49,214.169,-5068.99
520.5,6.00153,39012.9,-23305.9,16504.2,4169.64,176.835,-5193.37
520.6,6.00559,38911.8,-21292.6,18265.8,4209.54,107.308,-5132.96
520.7,6.01589,38903.0,-19103.6,20582.8,4248.85,-1.3865,-5024.71
520.8,6.0426,39015.3,-19035.8,22857.8,4310.48,-62.9875,-5049.9
520.9,6.06934,39140.0,-19470.5,23852.2,4365.23,-71.2178,-5140.76
521.0,6.07038,39363.1,-18173.2,23134.9,4390.19,3.80075,-5053.11
521.1,6.04556,39657.8,-14332.0,21169.4,4373.04,118.144,-4900.64
521.2,6.01355,39966.1,-12832.4,19842.2,4335.63,236.009,-4809.59
521.3,5.98931,40199.2,-14014.3,19374.1,4290.1,238.922,-4895.35
521.4,5.98413,40363.8,-15453.8,20120.9,4253.78,191.137,-5014.3
521.5,5.97752,40383.6,-14707.5,21437.6,4217.21,130.454,-5041.26
521.6,5.9516,40352.7,-13019.3,22014.3,4193.0,57.7178,-5059.14
521.7,5.92408,40293.2,-13268.8,21892.1,4171.94,3.9485,-5124.63
521.8,5.9133,40103.6,-14211.9,21995.7,4139.65,17.4662,-5213.3
521.9,5.93618,39839.7,-12803.2,22303.9,4135.96,31.7336,-5187.52
522.0,5.99117,39529.2,-9670.5,23075.8,4139.73,66.1015,-4973.39
522.1,6.04053,39189.5,-6575.25,24049.4,4126.95,113.367,-4815.61
522.2,6.05829,39022.0,-7856.65,24599.7,4122.45,176.301,-4781.24
522.3,6.05858,39058.3,-11840.3,25122.9,4159.88,241.765,-4858.82
522.4,6.06324,39191.7,-16435.8,27022.8,4252.38,285.037,-4951.17
522.5,6.07203,39360.1,-20766.2,29810.5,4283.8,219.056,-5024.59
522.6,6.08289,39590.9,-24177.4,32429.6,4322.68,109.257,-5166.4
522.7,6.0838,39820.1,-27200.9,33798.7,4372.34,52.4989,-5285.24
522.8,6.06222,40067.6,-28486.6,32438.8,4381.21,43.211,-5307.07
522.9,6.04622,40370.6,-28028.7,29677.8,4398.25,103.795,-5198.41
523.0,6.04216,40557.4,-26135.3,27649.4,4420.1,170.581,-5051.04
523.1,6.04099,40720.1,-23275.5,26832.5,4414.28,177.81,-4920.06
523.2,6.03965,40898.0,-20221.3,27076.1,4407.01,178.6,-4842.32
523.3,6.01611,40972.8,-17269.0,27629.7,4372.76,218.312,-4815.45
523.4,5.9688,41059.2,-15537.4,26795.3,4346.83,252.059,-4838.42
523.5,5.94375,41113.3,-16127.6,24594.5,4290.48,269.52,-4887.82
523.6,5.95386,40948.4,-17133.8,22354.5,4251.4,293.46,-5016.31
523.7,6.00167,40711.2,-18552.0,21288.1,4238.34,273.807,-5093.4
523.8,6.06231,40423.9,-19180.7,22615.1,4234.91,184.204,-5118.39
523.9,6.09726,40188.9,-19400.7,25760.8,4231.29,57.681,-5129.14
524.0,6.10415,40200.9,-19348.4,28737.7,4276.96,-5.7785,-5137.87
524.1,6.11475,40338.3,-19128.4,30554.5,4359.44,42.1541,-5108.4
524.2,6.12767,40489.1,-18422.7,30959.7,4430.41,133.759,-5037.07
524.3,6.14661,40734.8,-18565.1,30695.8,4480.2,221.358,-4957.99
524.4,6.14962,40996.1,-18940.4,30801.6,4496.68,259.84,-4931.25
524.5,6.12196,41328.5,-19351.7,30761.4,4463.45,234.747,-4915.71
524.6,6.09573,41776.0,-18867.9,29890.3,4430.19,181.766,-4950.9
524.7,6.08971,42110.7,-18452.5,28985.6,4369.86,185.751,-5023.06
524.8,6.08644,42327.3,-18703.9,28116.8,4295.27,173.883,-5128.22
524.9,6.07676,42571.1,-18654.7,28353.2,4264.5,162.984,-5255.72
525.0,6.05107,42694.2,-18333.0,30212.9,4239.31,161.538,-5262.31
525.1,6.0079,42747.6,-17628.0,32462.3,4263.79,147.867,-5176.16
525.2,5.98205,42703.8,-16118.9,33461.9,4277.69,132.91,-5081.98
525.3,5.98532,42478.0,-14991.1,33689.7,4288.41,198.966,-4957.03
525.4,6.00805,42146.4,-15207.1,32927.5,4294.23,249.684,-4814.23
525.5,6.04108,41852.5,-15795.4,32414.4,4268.07,246.777,-4770.29
525.6,6.07715,41600.5,-18441.5,33824.2,4276.98,226.204,-4818.86
525.7,6.10204,41420.7,-22088.3,36621.5,4294.86,172.174,-4957.77
525.8,6.1242,41383.9,-25812.8,39106.3,4288.3,94.3158,-5113.34
525.9,6.14098,41403.5,-28169.7,39967.8,4297.43,51.5488,-5247.14
526.0,6.14818,41535.3,-28485.3,38240.0,4314.52,77.2715,-5290.8
526.1,6.15509,41790.1,-27370.1,34725.5,4341.69,142.475,-5222.72
526.2,6.1545,42049.8,-24421.9,31461.9,4351.61,188.988,-5099.88
526.3,6.14067,42367.6,-21032.6,29518.5,4359.49,168.375,-4917.15
526.4,6.11723,42732.7,-18154.4,28706.5,4351.34,110.726,-4762.48
526.5,6.08712,43071.8,-15948.1,28371.2,4342.35,88.866,-4713.19
526.6,6.05207,43360.3,-15040.5,27132.3,4328.93,95.748,-4763.12
526.7,6.03144,43562.5,-14924.2,25975.4,4308.57,167.111,-4868.21
526.8,6.01632,43501.0,-16362.6,25800.2,4284.3,198.327,-5002.86
526.9,5.99598,43332.1,-18252.0,26287.3,4233.7,150.435,-5154.65
527.0,5.99292,43105.7,-19388.9,27029.5,4228.31,102.984,-5251.32
527.1,6.00373,42726.3,-19081.0,27117.0,4200.08,77.3296,-5216.28
527.2,6.03303,42415.3,-17010.2,26265.5,4215.5,62.3488,-5122.52
527.3,6.08446,42128.5,-15535.9,25912.6,4262.64,55.6096,-4997.39
527.4,6.12966,41900.8,-14881.3,27489.9,4339.34,69.4746,-4937.88
527.5,6.16439,41883.4,-15381.4,29915.8,4419.27,37.6054,-4911.22
527.6,6.18685,42005.7,-15757.0,32240.6,4452.29,35.8241,-4920.89
527.7,6.19398,42248.4,-15496.0,33238.6,4462.56,89.0141,-4980.42
527.8,6.19565,42626.3,-15272.9,32853.1,4433.75,160.09,-5067.72
527.9,6.19086,43014.5,-15909.1,32106.9,4373.51,204.074,-5147.68
528.0,6.17183,43416.8,-16282.0,32761.6,4308.21,208.04,-5223.65
528.1,6.14038,43311.1,-16003.3,34542.8,4259.42,132.171,-5226.43
528.2,6.10877,43335.9,-15081.5,37365.9,4253.23,43.881,-5161.83
528.3,6.08138,43350.6,-14086.2,39996.4,4267.19,-14.1617,-5091.35
528.4,6.05075,43402.6,-14975.2,40974.4,4308.77,-40.291,-5026.17
528.5,6.02217,43459.1,-15142.0,40404.6,4341.1,16.0933,-5035.46
528.6,6.0047,43356.0,-15327.7,39559.2,4352.06,144.182,-4986.73
528.7,6.0085,43132.8,-15605.6,39660.1,4333.17,226.106,-4940.63
528.8,6.03108,42807.1,-16949.9,40585.8,4291.83,204.927,-4980.91
528.9,6.06473,42436.0,-18600.1,41749.2,4229.25,144.886,-5087.47
529.0,6.08956,42147.6,-19634.3,41744.0,4213.59,103.008,-5163.51
529.1,6.11356,42020.2,-19538.1,40221.0,4233.32,80.7454,-5182.57
529.2,6.14391,41985.5,-19040.2,38653.6,4267.79,71.4652,-5198.58
529.3,6.17284,42038.8,-17868.6,37820.8,4309.39,46.6997,-5198.82
529.4,6.20671,42207.7,-16450.7,37753.1,4353.04,28.428,-5073.13
529.5,6.22485,42404.3,-14852.8,37873.3,4373.68,64.5066,-4913.17
529.6,6.2091,42717.6,-13757.6,37014.1,4330.17,124.183,-4831.09
529.7,6.17019,43168.8,-13901.2,35359.2,4255.17,182.016,-4843.98
529.8,6.12645,43211.2,-13591.7,33532.9,4189.48,195.182,-4913.55
529.9,6.0967,43340.9,-12453.4,32750.9,4163.68,199.606,-4997.9
530.0,6.08011,43402.0,-11637.9,33005.9,4161.28,162.486,-5095.83
530.1,6.05405,43392.6,-13039.1,33713.8,4174.49,111.11,-5193.02
530.2,6.01432,43383.3,-13736.9,33747.7,4222.47,82.8174,-5303.19
530.3,5.98926,43206.7,-12511.7,32732.8,4278.42,103.995,-5252.68
530.4,6.00003,42867.8,-8948.82,31247.3,4305.8,139.049,-5050.44
530.5,6.0411,42401.8,-6645.36,29670.7,4309.33,149.493,-4844.67
530.6,6.09377,41943.6,-6412.3,28771.4,4313.24,163.103,-4804.45
530.7,6.13036,41710.7,-5955.87,28996.7,4312.94,198.69,-4869.19
530.8,6.15208,41668.6,-5060.47,29787.9,4327.34,199.307,-4861.72
530.9,6.16704,41767.0,-5379.33,30928.6,4325.72,198.923,-4895.6
531.0,6.18083,41964.6,-8152.77,32246.0,4320.05,231.411,-5077.83
531.1,6.19248,42240.8,-12187.5,33495.0,4295.44,242.231,-5260.15
531.2,6.19436,42559.8,-12495.5,34844.6,4249.16,201.844,-5285.06
531.3,6.18337,42905.0,-10646.5,37369.3,4192.07,177.814,-5115.2
531.4,6.15616,43233.0,-9850.26,40500.4,4152.34,108.796,-4984.85
531.5,6.12267,43389.4,-10979.3,42977.7,4131.24,25.1261,-5015.45
531.6,6.10082,43419.6,-12063.7,44846.4,4164.48,17.7556,-5036.34
531.7,6.07178,43410.7,-10762.6,45303.2,4156.78,65.8085,-4941.39
531.8,6.04816,43486.4,-10501.7,44632.7,4165.35,144.023,-4863.84
531.9,6.03077,43537.1,-13125.5,43915.0,4164.88,226.863,-4980.15
532.0,6.02229,43530.2,-17019.7,42868.9,4171.46,274.118,-5168.6
532.1,6.04747,43501.7,-18452.7,41643.9,4164.03,298.039,-5216.42
532.2,6.08998,43364.4,-16856.0,41086.3,4141.79,296.515,-5151.31
532.3,6.12745,43307.0,-16362.4,41103.2,4145.51,238.807,-5112.88
532.4,6.15836,43380.3,-18337.7,41981.8,4130.31,149.763,-5162.47
532.5,6.169,43498.7,-19334.7,43258.9,4115.43,73.0159,-5157.75
532.6,6.17143,43626.5,-17323.4,43695.6,4098.45,19.0999,-5009.36
532.7,6.18517,43633.4,-14462.3,42951.8,4109.44,32.2789,-4856.92
532.8,6.18803,43546.0,-14275.1,41054.1,4097.99,97.3795,-4870.76
532.9,6.17626,43447.3,-15667.3,38157.7,4042.63,160.951,-4971.29
533.0,6.14987,43344.8,-15588.9,35722.0,3982.55,229.498,-4992.56
533.1,6.11401,43313.5,-13103.7,34953.7,3925.19,288.83,-4947.56
533.2,6.08445,43384.0,-12038.3,35996.9,3883.86,271.327,-4992.57
533.3,6.05981,43461.7,-13008.6,37754.3,3876.29,144.98,-5156.5
533.4,6.03593,43523.8,-14423.5,38471.2,3882.17,28.1675,-5245.48
533.5,6.01293,43492.1,-12944.9,36952.2,3883.28,-11.5765,-5166.34
533.6,6.0011,43405.6,-9590.3,34166.2,3910.58,38.044,-5045.28
533.7,6.01298,43248.2,-8137.12,31490.4,3935.89,61.058,-4952.22
533.8,6.05383,43077.8,-8353.27,30926.7,3941.07,84.2923,-4915.99
533.9,6.10531,42897.8,-8204.42,32474.8,3946.68,101.468,-4917.6
534.0,6.14059,42836.6,-7790.05,34035.0,3949.33,95.2996,-4887.43
534.1,6.15389,42948.3,-8161.98,33552.2,3935.75,105.945,-4927.31
534.2,6.1512,43150.0,-10560.2,31215.0,3935.44,189.678,-5067.64
534.3,6.14286,43391.9,-13171.2,28217.2,3935.73,258.58,-5218.37
534.4,6.14973,43645.5,-14392.0,27677.7,3929.35,264.055,-5270.88
534.5,6.15421,43740.2,-14221.2,31142.5,3904.46,161.662,-5238.81
534.6,6.13714,43593.4,-14322.7,36728.4,3876.88,3.94219,-5175.66
534.7,6.10462,43493.3,-14590.6,41507.6,3858.23,-103.174,-5127.42
534.8,6.06473,43497.2,-14789.2,44124.5,3851.83,-47.7806,-5036.25
534.9,6.03347,43614.6,-15256.8,44675.7,3871.18,81.5536,-4925.44
535.0,6.02836,43680.3,-15686.6,45402.6,3916.0,165.799,-4920.02
535.1,6.02839,43595.4,-18587.1,47332.8,3943.86,167.366,-4973.54
535.2,6.0206,43520.7,-20812.5,48998.3,3969.46,121.268,-5104.88
535.3,6.01403,43470.9,-21099.7,48899.3,3986.17,115.207,-5200.88
535.4,6.01145,43373.8,-20205.4,46073.8,3958.65,131.876,-5204.37
535.5,6.02458,43322.5,-19912.2,42009.5,3923.78,161.09,-5186.29
535.6,6.0574,43242.3,-21698.6,39484.4,3896.88,162.294,-5145.88
535.7,6.08823,43148.1,-23584.2,39236.7,3892.96,92.701,-5084.3
535.8,6.11444,43134.8,-24582.8,40111.2,3899.71,5.76375,-4961.0
535.9,6.12652,43113.2,-24795.6,40296.7,3925.77,-17.1653,-4865.81
536.0,6.11449,43163.8,-26022.5,38039.1,3947.37,50.8055,-4872.33
536.1,6.09421,43307.6,-28146.4,33570.4,3954.45,161.158,-4949.39
536.2,6.07185,43433.7,-29444.6,29532.5,3938.69,276.114,-5032.02
536.3,6.04422,43539.6,-29314.6,27141.3,3902.44,286.506,-5068.04
536.4,6.02949,43640.6,-27696.6,27902.4,3894.06,242.198,-5140.17
536.5,6.01049,43558.2,-25042.7,30864.7,3878.8,126.122,-5196.12
536.6,5.97818,43501.3,-21308.9,33569.4,3891.12,3.63969,-5168.38
536.7,5.95327,43443.6,-17979.5,34299.2,3919.19,-59.7785,-5032.82
536.8,5.93651,43296.2,-15516.1,32768.9,3953.73,-27.2818,-4935.55
536.9,5.94027,43148.8,-13882.0,29006.7,3974.23,27.8055,-4886.67
537.0,5.97294,42930.3,-12461.4,25311.1,3984.55,119.47,-4820.79
537.1,6.00296,42619.5,-10784.2,23304.5,3983.27,203.752,-4762.21
537.2,6.01618,42426.4,-10867.6,22450.6,3971.72,225.819,-4813.69
537.3,6.02371,42342.3,-12567.5,22340.2,3950.67,226.961,-4996.62
537.4,6.02091,42271.7,-14356.9,22013.9,3925.68,229.943,-5163.97
537.5,6.02288,42298.1,-14374.5,21004.8,3912.72,234.011,-5212.85
537.6,6.03733,42263.9,-13828.1,20795.8,3910.76,223.175,-5164.03
537.7,6.03693,42145.0,-15410.2,22471.4,3942.32,182.632,-5102.85
537.8,6.02497,42101.6,-17151.1,25827.2,3994.72,115.292,-5104.31
537.9,6.01461,42021.1,-16217.8,30507.3,4030.95,77.0273,-5041.9
538.0,5.99833,41920.7,-14045.0,35005.9,4055.0,77.551,-4853.96
538.1,5.98408,41884.9,-13091.9,37938.1,4076.15,110.498,-4763.56
538.2,5.97075,41828.6,-15324.4,39970.3,4098.25,198.895,-4895.71
538.3,5.94842,41768.7,-19108.0,42262.9,4100.95,299.272,-5081.42
538.4,5.93066,41719.6,-20175.5,45293.3,4090.16,286.161,-5189.39
538.5,5.92055,41583.4,-19890.4,49310.2,4089.45,212.982,-5182.48
538.6,5.91746,41399.8,-20321.0,51996.7,4130.15,106.872,-5206.07
538.7,5.92678,41206.0,-22299.7,51327.7,4157.89,41.1996,-5235.74
538.8,5.94233,40941.8,-22154.1,47489.2,4171.04,49.1999,-5204.38
538.9,5.95495,40666.2,-20551.1,42289.0,4191.6,106.124,-5010.93
539.0,5.96754,40403.1,-19161.9,37428.3,4180.2,127.898,-4850.21
539.1,5.98441,40140.2,-19901.9,34286.4,4201.69,160.991,-4881.79
539.2,5.9996,39853.9,-23202.6,32032.0,4221.85,214.644,-4957.74
539.3,5.99875,39632.2,-24597.8,29223.4,4193.03,277.211,-5013.07
539.4,5.98163,39506.1,-24950.9,25747.7,4141.43,355.707,-4991.91
539.5,5.94938,39417.7,-26916.0,21829.2,4123.46,360.804,-5004.42
539.6,5.92529,39381.5,-29407.1,18694.0,4118.1,308.936,-5147.1
539.7,5.92256,39244.6,-29696.0,17684.9,4112.85,205.795,-5227.72
539.8,5.92761,39035.5,-26111.7,19153.2,4127.79,92.5569,-5126.08
539.9,5.93194,38834.7,-20253.5,22066.9,4157.06,-16.4116,-4988.27
540.0,5.91892,38612.5,-16283.3,24604.4,4169.25,-83.1602,-4923.15
540.1,5.89369,38472.4,-13518.8,25078.2,4159.08,-44.4951,-4928.04
540.2,5.88326,38355.7,-10997.0,23002.7,4144.75,79.2432,-4864.85
540.3,5.90398,38164.4,-8249.15,20222.2,4123.55,234.139,-4791.08
540.4,5.94156,37897.0,-7176.43,18371.0,4103.89,289.804,-4820.61
540.5,5.97296,37636.6,-7568.63,18143.9,4046.22,227.43,-4970.17
540.6,5.98158,37471.8,-8915.16,18868.6,4010.24,132.082,-5104.62
540.7,5.98011,37443.2,-8375.83,19721.2,4001.77,102.542,-5200.7
540.8,5.98506,37442.1,-7450.58,20308.4,3988.8,80.3418,-5231.6
540.9,5.99741,37437.7,-7084.24,20958.0,4013.81,39.1188,-5214.76
541.0,6.00926,37414.7,-6296.94,22376.0,4053.56,36.546,-5170.46
541.1,6.0057,37380.2,-5405.11,24665.1,4109.04,76.4475,-5040.57
541.2,5.98886,37400.1,-4399.85,27793.7,4154.48,132.151,-4890.67
541.3,5.97391,37406.7,-5237.0,31267.9,4169.35,145.697,-4816.31
541.4,5.96122,37392.1,-7985.39,34639.3,4165.48,167.664,-4854.98
541.5,5.9554,37384.6,-12496.6,37340.6,4154.16,193.707,-4948.94
541.6,5.94752,37353.7,-16887.0,39416.9,4125.67,187.262,-5082.56
541.7,5.94027,37316.2,-21820.7,41053.4,4107.86,143.441,-5197.82
541.8,5.94125,37235.3,-26685.2,42557.4,4105.07,87.6149,-5312.58
541.9,5.95213,37081.4,-30605.1,43614.4,4116.81,51.6903,-5379.6
542.0,5.96545,36916.5,-31756.7,43529.5,4139.32,24.7311,-5336.86
542.1,5.97923,36776.4,-29652.4,41817.8,4166.42,18.9613,-5173.65
542.2,5.9919,36693.3,-26035.7,39050.5,4207.52,67.5083,-4987.65
542.3,5.99843,36623.3,-22808.0,35054.7,4230.99,100.93,-4855.22
542.4,6.00776,36609.3,-21140.0,30553.1,4270.43,153.013,-4789.18
542.5,6.01929,36576.9,-20286.1,26821.3,4320.24,236.353,-4802.42
542.6,6.02001,36531.4,-20901.7,23897.1,4291.24,275.534,-4864.1
542.7,6.01412,36581.7,-21750.0,22118.8,4220.95,265.699,-5013.14
542.8,6.00093,36611.0,-22789.2,21253.2,4163.92,236.15,-5155.15
542.9,5.98412,36651.9,-23332.4,20589.5,4124.05,191.228,-5202.77
543.0,5.97414,36674.0,-23155.3,20075.4,4091.14,130.805,-5183.66
543.1,5.96925,36613.5,-23044.9,20110.7,4076.14,59.6662,-5103.1
543.2,5.96398,36554.6,-22125.7,20525.1,4118.06,5.642,-5017.72
543.3,5.97081,36508.3,-20060.1,21636.6,4190.93,15.8167,-4921.18
543.4,5.97636,36378.9,-17773.2,22783.8,4245.09,44.9403,-4838.89
543.5,5.97869,36319.9,-17091.0,22842.1,4274.15,83.1318,-4813.9
543.6,5.99182,36297.3,-16464.1,22007.5,4266.65,191.925,-4921.03
543.7,6.01171,36241.4,-15518.9,21185.7,4222.98,303.762,-5034.07
543.8,6.03993,36236.2,-13904.5,21783.1,4150.98,324.996,-5083.02
543.9,6.06302,36207.6,-12622.9,24445.5,4062.41,217.108,-5137.17
544.0,6.06345,36235.2,-12848.9,27788.8,3989.16,76.0646,-5203.28
544.1,6.0558,36381.0,-12564.5,29434.5,3981.44,-19.2453,-5218.41
544.2,6.0543,36515.9,-10676.5,28813.0,4053.14,-28.3971,-5095.54
544.3,6.06256,36597.7,-8818.28,27316.3,4129.6,39.641,-4908.18
544.4,6.06954,36651.6,-10400.8,26866.8,4218.96,134.488,-4806.13
544.5,6.06759,36692.0,-13143.1,28002.2,4274.09,177.719,-4874.22
544.6,6.04798,36762.9,-15122.7,29871.9,4282.3,212.457,-4898.95
544.7,6.02814,36846.0,-15975.8,30620.6,4239.09,245.495,-4855.15
544.8,6.01691,36888.1,-18370.1,29955.9,4221.69,287.44,-4931.5
544.9,6.01592,36886.1,-23667.2,28723.8,4192.62,292.344,-5153.19
545.0,6.01832,36821.8,-29193.5,28590.4,4153.35,239.832,-5315.57
545.1,6.0163,36750.4,-31386.1,30755.0,4171.21,161.5,-5295.12
545.2,6.01974,36672.2,-32046.5,34261.4,4213.69,69.6801,-5148.19
545.3,6.03232,36566.9,-31888.0,36956.1,4271.99,-13.9122,-5075.98
545.4,6.05747,36485.1,-32814.9,37242.5,4328.94,3.86775,-4972.69
545.5,6.08333,36401.0,-32413.5,34545.7,4378.73,109.716,-4847.83
545.6,6.0938,36393.5,-30594.7,29701.6,4371.68,211.027,-4751.15
545.7,6.0986,36504.0,-28638.6,24860.3,4347.4,283.011,-4773.88
545.8,6.10555,36633.6,-28840.6,22206.2,4340.3,327.058,-4876.23
545.9,6.11325,36765.7,-29513.5,21580.2,4349.25,283.948,-5049.62
546.0,6.11232,36911.1,-30465.9,21236.6,4340.87,167.57,-5195.69
546.1,6.09114,37083.8,-28970.5,19834.2,4320.35,110.518,-5281.2
546.2,6.05805,37287.9,-26360.5,16717.1,4321.05,137.21,-5211.5
546.3,6.04124,37471.8,-23498.7,13321.3,4359.33,167.732,-5051.41
546.4,6.05191,37505.6,-19740.4,12396.6,4348.69,164.618,-4938.42
546.5,6.0719,37429.5,-16051.7,14515.1,4356.95,100.614,-4820.82
546.6,6.08869,37393.2,-14090.8,18930.6,4370.91,62.6803,-4712.58
546.7,6.08483,37371.0,-13630.9,23638.5,4365.65,68.9635,-4777.74
546.8,6.06528,37447.4,-14931.2,26836.5,4337.61,106.018,-4986.64
546.9,6.0598,37561.0,-16525.0,28123.0,4254.94,163.749,-5133.41
547.0,6.07814,37587.6,-15994.3,28096.8,4190.98,179.564,-5215.27
547.1,6.1168,37572.2,-14661.9,28276.3,4124.45,166.842,-5220.19
547.2,6.14845,37498.4,-14415.1,29236.5,4069.84,92.6672,-5187.26
547.3,6.15998,37538.4,-14603.4,31211.9,4058.86,23.7358,-5169.5
547.4,6.15756,37672.9,-13792.1,32834.3,4104.1,-25.2296,-5087.9
547.5,6.15465,37868.0,-11637.7,32760.8,4169.87,-49.5781,-4952.96
547.6,6.15306,38048.5,-10097.4,30622.7,4208.86,22.1165,-4868.3
547.7,6.1434,38203.5,-11217.6,27450.0,4263.67,173.362,-4896.89
547.8,6.11994,38328.7,-12856.1,24471.5,4276.41,295.272,-4995.59
547.9,6.09569,38436.5,-13723.6,23650.2,4265.34,355.311,-5017.45
548.0,6.07826,38431.4,-12928.0,25300.6,4184.88,305.312,-4990.5
548.1,6.07239,38388.3,-13334.9,27926.3,4133.56,182.74,-5008.46
548.2,6.08137,38327.0,-16130.2,29743.0,4146.62,79.7165,-5090.35
548.3,6.09055,38194.2,-19225.5,29722.9,4165.69,30.82,-5136.58
548.4,6.09005,38120.2,-19463.5,28532.1,4194.78,31.9823,-5092.34
548.5,6.09275,38058.0,-18424.4,27121.7,4246.57,31.0387,-4947.88
548.6,6.1086,37992.6,-18356.5,26805.1,4300.63,64.3508,-4888.51
548.7,6.13905,37918.9,-21380.8,27169.5,4336.79,123.584,-4906.5
548.8,6.16798,37890.0,-23733.0,27144.3,4364.44,169.316,-4969.84
548.9,6.17905,37956.7,-24663.0,26115.3,4374.1,207.81,-4929.19
549.0,6.16288,38112.3,-24184.0,23671.1,4338.29,204.318,-4915.51
549.1,6.14032,38367.3,-25350.6,20764.8,4326.89,193.355,-5031.86
549.2,6.13966,38569.0,-27019.0,19270.8,4343.54,175.391,-5200.27
549.3,6.15459,38637.7,-25877.7,19670.0,4395.23,107.757,-5278.09
549.4,6.16981,38663.9,-23016.0,21226.2,4430.17,34.6288,-5175.21
549.5,6.156,38657.9,-20184.1,22089.5,4432.01,0.399812,-5081.46
549.6,6.11296,38753.2,-17791.4,20443.9,4407.14,46.1176,-5047.47
549.7,6.08509,38925.2,-15306.3,17227.7,4404.77,171.348,-4959.63
549.8,6.0948,38958.5,-11521.1,15553.4,4381.23,287.118,-4833.59
549.9,6.12538,38885.4,-9323.36,16777.6,4334.5,249.861,-4781.82
550.0,6.15323,38834.9,-8925.84,20917.6,4282.24,134.193,-4961.23
550.1,6.14837,38767.4,-9025.86,25869.9,4231.61,54.3143,-5188.48
550.2,6.11876,38865.1,-7363.21,29065.7,4234.04,56.2733,-5292.92
550.3,6.11529,38979.2,-5694.76,30053.8,4207.99,106.591,-5252.81
550.4,6.13796,38930.1,-5427.1,30424.7,4197.22,152.592,-5235.7
550.5,6.17623,38870.3,-6939.7,31467.6,4212.82,174.523,-5211.15
550.6,6.21085,38788.7,-6943.99,33820.8,4206.77,141.646,-5098.6
550.7,6.20775,38749.4,-5169.25,36773.9,4178.06,91.0345,-4910.05
550.8,6.182,38877.0,-4781.29,38626.4,4183.55,72.4825,-4832.66
550.9,6.15694,39041.1,-7407.71,38652.9,4191.56,116.946,-4945.92
551.0,6.14307,39166.8,-11235.8,36470.9,4205.96,177.865,-5123.93
551.1,6.14219,39274.3,-11796.2,33485.2,4195.01,270.725,-5218.1
551.2,6.14008,39257.4,-9809.13,31578.7,4153.35,331.451,-5156.93
551.3,6.1206,39201.7,-8059.23,32055.9,4112.82,337.411,-5101.63
551.4,6.09957,39160.8,-9715.66,34100.5,4091.18,252.208,-5090.01
551.5,6.09586,39091.6,-11352.8,36429.7,4129.98,159.159,-5092.73
551.6,6.10902,38960.0,-11445.8,37430.1,4167.37,119.263,-4964.77
551.7,6.12025,38818.6,-9656.44,36338.2,4210.43,109.031,-4840.75
551.8,6.12375,38722.2,-10694.7,34990.1,4250.52,157.314,-4821.53
551.9,6.12251,38636.8,-14582.4,34791.3,4290.59,203.358,-4974.63
552.0,6.13712,38571.9,-18590.7,36115.1,4332.48,205.962,-5111.18
552.1,6.16759,38462.8,-19899.7,37822.9,4329.03,181.853,-5104.31
552.2,6.18926,38398.1,-20886.1,38029.7,4304.34,185.937,-5037.85
552.3,6.18858,38464.2,-22197.0,35081.4,4272.79,184.007,-5106.36
552.4,6.17511,38653.8,-23384.9,30757.0,4313.0,214.611,-5199.21
552.5,6.16024,38787.9,-22371.1,27192.7,4341.06,231.359,-5131.57
552.6,6.15013,38884.0,-20801.0,25489.9,4373.04,177.343,-4975.03
552.7,6.14727,38916.0,-21238.8,24851.6,4424.41,117.773,-4952.12
552.8,6.13651,38872.7,-21160.6,23461.5,4434.07,126.387,-5069.72
552.9,6.11652,38856.8,-18608.2,20692.5,4414.47,232.536,-5057.42
553.0,6.10364,38844.7,-14789.7,18490.0,4370.37,358.133,-4903.69
553.1,6.10536,38753.1,-14195.2,19047.2,4299.53,386.409,-4857.81
553.2,6.11437,38634.6,-16818.6,22492.6,4245.48,276.512,-5052.49
553.3,6.13396,38539.1,-17842.7,27987.1,4212.85,170.204,-5230.58
553.4,6.13952,38390.7,-15217.1,32739.9,4201.55,79.5072,-5176.27
553.5,6.13314,38353.5,-12187.2,34761.1,4222.42,19.89,-5056.46
553.6,6.13422,38323.5,-12717.9,35026.0,4248.66,69.1231,-5115.59
553.7,6.1415,38250.2,-14755.5,35185.3,4270.62,158.269,-5223.86
553.8,6.1671,38235.7,-15131.6,36256.3,4311.33,196.585,-5132.72
553.9,6.20092,38179.5,-12590.1,38624.9,4288.67,179.902,-4929.77
554.0,6.2105,38144.5,-12072.5,41313.2,4248.26,193.752,-4863.15
554.1,6.19035,38247.8,-12820.6,41887.5,4209.55,196.145,-5025.01
554.2,6.15887,38426.1,-13032.5,39448.4,4192.38,200.407,-5124.31
554.3,6.13522,38563.0,-11226.4,35556.1,4182.77,251.561,-5059.27
554.4,6.1268,38618.2,-9613.28,32389.6,4165.78,274.388,-5018.41
554.5,6.12997,38594.9,-11310.7,31593.4,4177.3,227.715,-5091.19
554.6,6.13265,38508.1,-13970.7,33362.2,4196.8,175.756,-5148.68
554.7,6.12186,38413.6,-13880.5,35527.1,4208.96,146.73,-5033.21
554.8,6.11581,38406.1,-12454.5,36914.9,4223.69,180.889,-4837.38
554.9,6.12034,38347.7,-12763.3,36934.4,4232.9,194.721,-4794.55
555.0,6.13554,38325.2,-15253.0,37003.4,4257.55,226.298,-4928.13
555.1,6.1564,38278.5,-18009.1,38092.2,4271.81,225.38,-5010.25
555.2,6.17006,38249.7,-19254.3,40517.3,4290.64,188.488,-5020.25
555.3,6.17369,38250.5,-20823.2,43143.2,4297.54,139.378,-5069.01
555.4,6.17606,38286.1,-24755.9,44733.6,4346.51,114.715,-5185.17
555.5,6.17857,38354.1,-28104.9,44239.2,4356.14,130.001,-5251.08
555.6,6.18629,38456.5,-28287.4,41141.8,4342.95,140.666,-5141.64
555.7,6.19343,38542.5,-27728.2,36862.9,4322.3,180.903,-4923.91
555.8,6.1903,38635.3,-28339.0,33164.9,4312.11,238.698,-4884.06
555.9,6.18203,38728.7,-30077.1,30933.5,4296.2,231.719,-4987.15
556.0,6.17111,38799.7,-30119.7,29871.8,4302.03,185.26,-5019.22
556.1,6.1576,38861.3,-26809.0,28532.8,4335.64,166.498,-4980.45
556.2,6.142,38897.1,-23824.1,26031.4,4368.03,217.983,-4980.58
556.3,6.1182,38911.0,-23859.0,22878.4,4358.74,280.425,-5075.37
556.4,6.0971,38909.7,-23632.4,20434.3,4303.44,297.432,-5172.65
556.5,6.10364,38860.2,-19907.1,20459.8,4265.95,276.46,-5112.24
556.6,6.13794,38685.5,-14208.9,22879.6,4247.86,202.959,-4943.27
556.7,6.18338,38494.6,-10352.0,26543.7,4266.19,113.901,-4886.16
556.8,6.21162,38340.1,-10741.6,30143.8,4282.38,80.1665,-4973.78
556.9,6.20023,38348.2,-11827.8,32570.5,4299.07,105.347,-5050.61
557.0,6.18324,38563.9,-11210.7,34185.7,4322.08,185.066,-5026.29
557.1,6.19313,38739.6,-10940.0,36224.2,4343.86,241.569,-4954.65
557.2,6.22478,38839.6,-13335.8,38429.2,4378.38,203.557,-5004.05
557.3,6.25401,38920.7,-17119.9,39812.9,4399.3,140.016,-5122.69
557.4,6.24222,39010.5,-17887.6,38210.5,4370.3,93.14,-5143.21
557.5,6.19904,39315.1,-15715.0,33839.9,4357.96,159.05,-5039.17
557.6,6.17026,39616.0,-14659.8,28967.4,4370.3,261.031,-4977.61
557.7,6.17129,39786.2,-16411.4,26491.0,4397.21,288.623,-5079.05
557.8,6.19517,39857.6,-18156.0,27909.1,4448.08,269.782,-5197.5
557.9,6.20028,39776.2,-16794.1,31655.9,4435.39,214.77,-5109.57
558.0,6.15573,39765.7,-14347.4,34453.0,4421.94,183.625,-4916.01
558.1,6.1077,39859.0,-13573.7,34036.0,4424.22,200.339,-4876.11
558.2,6.09984,39847.0,-15021.0,31953.1,4433.03,256.324,-4977.64
558.3,6.1412,39717.8,-16329.5,31113.8,4442.48,276.815,-4987.27
558.4,6.21035,39537.8,-16738.9,33575.7,4466.24,187.368,-4932.92
558.5,6.2489,39346.1,-17416.4,38142.4,4474.99,32.7578,-4991.39
558.6,6.23455,39384.4,-20864.0,41092.6,4506.56,-37.6198,-5128.96
558.7,6.2078,39590.6,-23438.0,39639.4,4509.03,34.2048,-5218.58
558.8,6.20284,39794.0,-24476.3,34026.3,4518.25,193.236,-5148.74
558.9,6.238,39955.8,-23938.2,27871.6,4495.31,365.557,-5028.78
559.0,6.28135,40049.1,-24675.8,25394.2,4489.29,426.29,-4973.34
559.1,6.28256,40175.2,-25360.4,27155.2,4479.51,312.965,-4984.92
559.2,6.24037,40455.8,-23887.2,30384.7,4463.03,132.377,-4973.2
559.3,6.18555,40782.7,-20470.2,31914.2,4441.43,50.9321,-4931.46
559.4,6.1556,41031.0,-17630.1,30396.2,4430.33,109.366,-4953.45
559.5,6.16212,41130.4,-16613.2,27454.6,4439.24,197.951,-5058.9
559.6,6.17498,41084.6,-15981.8,25950.7,4415.9,228.992,-5114.93
559.7,6.16247,40973.9,-13932.0,26888.6,4399.07,210.319,-5069.46
559.8,6.14001,40878.0,-10977.8,29106.9,4365.42,172.373,-4980.1
559.9,6.13189,40766.7,-7575.67,30456.0,4331.43,146.345,-4960.18
560.0,6.16731,40654.9,-5658.58,30393.5,4336.59,167.112,-4945.22
560.1,6.22431,40502.9,-4993.66,30240.8,4367.91,217.799,-4925.73
560.2,6.25841,40440.7,-6094.92,30824.1,4403.08,197.326,-4925.34
560.3,6.25903,40586.6,-8728.05,32522.2,4464.54,157.305,-5003.38
560.4,6.24931,40818.6,-11645.7,34340.1,4520.81,122.294,-5081.99
560.5,6.2564,41076.6,-12944.1,34744.0,4560.18,117.564,-5102.69
560.6,6.29261,41320.6,-12719.7,33801.8,4577.15,169.182,-5077.89
560.7,6.31457,41497.6,-12611.4,32167.6,4538.64,230.193,-5034.72
560.8,6.29751,41842.6,-13646.4,31419.2,4516.12,276.446,-5046.16
560.9,6.2484,42233.1,-15146.2,31635.4,4504.4,238.514,-5041.37
561.0,6.20337,42599.9,-15730.8,32906.9,4534.7,199.898,-5022.94
561.1,6.19409,42769.9,-15920.0,33445.7,4573.15,162.797,-4995.99
561.2,6.20616,42829.8,-16370.1,32766.0,4589.25,182.912,-5007.23
561.3,6.209,42813.1,-16859.1,31333.5,4582.98,233.55,-5053.38
561.4,6.18899,42722.3,-17662.1,31158.0,4567.12,292.886,-5034.1
561.5,6.1693,42742.4,-17262.6,32757.0,4552.34,271.053,-5008.49
561.6,6.18102,42789.8,-17490.0,35152.9,4560.19,155.122,-4996.06
561.7,6.22706,42726.0,-17712.3,36758.8,4568.48,96.6955,-5012.99
561.8,6.26955,42633.0,-18481.6,36111.2,4564.58,113.859,-5018.84
561.9,6.27703,42689.2,-19275.4,33172.6,4536.12,171.629,-4999.91
562.0,6.26259,42694.3,-20168.7,29545.8,4515.93,213.765,-4985.78
562.1,6.25656,42741.7,-21296.8,26725.5,4504.43,235.382,-4980.19
562.2,6.28382,42901.7,-23715.6,25086.2,4479.43,255.617,-4978.52
562.3,6.33455,42930.3,-26074.2,24223.0,4456.34,250.708,-5004.82
562.4,6.35584,42664.9,-26684.1,23994.8,4424.53,265.23,-5026.46
562.5,6.32896,42310.0,-25945.6,24378.2,4381.14,285.244,-4989.19
562.6,6.27088,42115.2,-24632.0,25315.1,4370.6,230.432,-4964.32
562.7,6.21619,42235.9,-24153.9,26435.4,4367.34,146.106,-4989.76
562.8,6.20585,42560.6,-23055.4,27142.1,4394.79,111.32,-5060.09
562.9,6.22984,42708.7,-18484.8,27854.9,4410.72,146.201,-5107.48
563.0,6.24421,42688.1,-13680.2,28660.6,4392.84,182.859,-5003.05
563.1,6.2365,42500.5,-9384.6,30058.2,4372.17,199.435,-4946.84
563.2,6.22032,42460.0,-8033.88,31806.7,4383.79,208.798,-4972.28
563.3,6.23155,42607.2,-7760.98,32831.1,4415.06,229.108,-4995.61
563.4,6.28267,42689.4,-7785.09,33490.3,4435.98,259.014,-4913.28
563.5,6.32861,42709.3,-9888.06,34214.2,4453.18,258.474,-4860.16
563.6,6.33807,42523.0,-14851.8,34534.7,4463.79,187.19,-4954.73
563.7,6.3184,42344.8,-19578.8,34432.1,4496.15,139.822,-5132.58
563.8,6.29758,42317.4,-22340.9,33067.4,4508.05,142.035,-5137.78
563.9,6.31208,42530.2,-23000.2,30133.9,4542.15,190.087,-5032.51
564.0,6.35845,42636.2,-23186.4,26618.4,4533.13,245.673,-5013.49
564.1,6.38813,42446.5,-25438.3,23779.4,4513.02,304.373,-5007.03
564.2,6.37878,42153.5,-25543.4,21827.9,4508.99,331.18,-4998.39
564.3,6.35433,41984.3,-23640.7,22235.6,4495.82,371.503,-4921.37
564.4,6.3206,41950.6,-22320.8,24301.3,4502.29,337.376,-4861.02
564.5,6.30635,42103.3,-21804.6,27250.0,4523.7,267.38,-4942.33
564.6,6.31288,42187.3,-23533.0,30690.0,4546.88,212.57,-5010.99
564.7,6.3023,42100.6,-24121.0,33597.7,4559.94,167.634,-5013.03
564.8,6.28583,42053.2,-25161.2,35290.0,4558.32,119.257,-4951.93
564.9,6.2797,42095.9,-27287.9,36142.8,4561.23,90.8812,-4943.4
565.0,6.29099,42224.0,-29560.3,35491.4,4516.1,96.782,-4986.91
565.1,6.33315,42385.0,-30113.3,33221.9,4494.08,135.137,-4996.22
565.2,6.38112,42370.1,-29631.1,30214.9,4506.08,222.35,-4917.6
565.3,6.39879,42164.9,-30378.0,26601.1,4479.91,297.926,-4898.31
565.4,6.38927,41989.2,-33197.8,23519.2,4448.48,346.315,-5003.63
565.5,6.37463,41955.8,-35309.5,22212.4,4439.1,365.503,-5118.35
565.6,6.37876,42060.0,-34396.4,22465.5,4435.87,315.566,-5072.89
565.7,6.40368,42109.8,-32144.8,23698.6,4395.95,211.618,-4912.97
565.8,6.416,41961.6,-31046.8,24679.5,4364.8,106.69,-4856.27
565.9,6.40068,41758.0,-30123.1,24163.3,4351.18,31.4211,-4942.62
566.0,6.38304,41692.5,-26861.9,23028.5,4361.63,53.4734,-4968.6
566.1,6.37785,41739.7,-22500.8,22666.1,4366.76,124.527,-4847.83
566.2,6.38791,41834.7,-19505.4,23223.4,4386.48,152.663,-4863.35
566.3,6.40618,41824.2,-18918.8,24008.1,4401.24,155.339,-5032.73
566.4,6.40735,41688.9,-18349.3,24734.7,4442.44,235.115,-5125.54
566.5,6.38757,41541.5,-16070.1,24621.9,4453.04,300.915,-5025.8
566.6,6.36518,41536.2,-15237.1,23993.6,4409.04,254.268,-4882.75
566.7,6.36701,41696.7,-18105.0,23844.6,4398.39,170.13,-4906.08
566.8,6.40271,41857.3,-22403.4,24153.0,4423.83,79.2715,-5007.75
566.9,6.44236,41840.0,-23299.4,23973.5,4416.02,-14.772,-5011.48
567.0,6.46367,41675.2,-22848.3,23175.9,4410.92,-25.1681,-4910.61
567.1,6.45809,41508.9,-23787.5,22183.1,4398.45,76.5543,-4934.95
567.2,6.44736,41492.8,-26923.4,20322.6,4420.06,176.579,-5082.73
567.3,6.46358,41630.9,-28402.4,18750.6,4435.58,285.991,-5133.15
567.4,6.48798,41636.8,-25966.9,18175.1,4428.21,355.718,-5016.94
567.5,6.49062,41469.8,-22991.7,18161.4,4423.04,317.846,-4888.46
567.6,6.47854,41314.2,-22023.4,19445.5,4444.39,236.338,-4938.67
567.7,6.456,41204.0,-22831.3,21630.6,4448.81,134.738,-5034.42
567.8,6.44865,41279.3,-20785.4,23885.0,4439.93,33.635,-5054.38
567.9,6.47555,41406.3,-18581.2,26877.3,4436.24,-3.91625,-4938.53
568.0,6.50495,41346.4,-18498.8,30532.0,4456.39,0.68075,-4941.78
568.1,6.51027,41164.3,-21915.4,33291.8,4428.43,12.5021,-5040.42
568.2,6.49504,40994.2,-24494.3,33863.4,4394.75,52.1836,-5071.79
568.3,6.46839,40959.5,-24946.9,31841.8,4337.51,164.182,-4904.61
568.4,6.4672,41127.9,-26393.1,28042.5,4309.25,270.739,-4796.98
568.5,6.4954,41257.2,-31433.0,24659.2,4285.51,286.262,-4899.42
568.6,6.51885,41200.3,-36572.4,23203.4,4253.95,230.289,-5107.32
568.7,6.52016,41037.2,-36357.3,23339.8,4225.41,142.755,-5167.13
568.8,6.5041,40929.8,-33265.1,23748.8,4200.47,63.4548,-5043.02
568.9,6.49388,40984.3,-31763.8,23140.2,4153.92,44.2832,-5008.07
569.0,6.50566,41134.8,-31655.7,21206.2,4142.27,87.5246,-5121.25
569.1,6.53692,41214.6,-28219.6,19179.2,4123.25,163.306,-5105.67
569.2,6.56258,41118.3,-20952.0,18494.1,4108.9,220.91,-4842.16
569.3,6.56647,40909.0,-15870.6,19639.5,4117.25,199.919,-4645.49
569.4,6.5476,40735.6,-16651.3,21464.7,4110.55,122.998,-4760.93
569.5,6.52932,40778.4,-19068.8,22245.2,4119.29,89.0072,-5019.46
569.6,6.53445,40849.9,-18046.1,22095.8,4117.0,143.258,-5044.61
569.7,6.54948,40850.5,-16356.0,21283.4,4072.14,173.266,-4890.08
569.8,6.56589,40850.8,-18339.7,21429.5,4050.97,168.025,-4955.65
569.9,6.57108,40786.7,-24071.0,23485.3,4023.07,156.475,-5175.06
570.0,6.55351,40732.8,-27120.1,26022.9,3993.27,99.715,-5203.52
570.1,6.54015,40784.3,-25163.4,27492.1,3986.9,53.7547,-4989.26
570.2,6.54333,40829.6,-22370.6,27136.2,4003.54,57.4426,-4847.75
570.3,6.55036,40828.0,-23781.8,24377.4,4025.44,101.393,-4916.96
570.4,6.56332,40846.0,-26362.1,21620.1,4062.03,221.882,-5043.21
570.5,6.56273,40772.7,-25927.4,20672.0,4077.79,279.166,-5026.13
570.6,6.54929,40769.8,-23031.8,21632.2,4062.39,251.018,-4917.08
570.7,6.54918,40829.4,-22471.7,23708.0,4031.82,214.018,-4902.92
570.8,6.55667,40830.0,-24208.7,25895.5,3963.55,223.53,-5020.32
570.9,6.56509,40843.1,-24087.2,26939.1,3892.3,197.954,-5090.59
571.0,6.57611,40837.8,-21776.6,28043.7,3835.99,141.12,-4963.4
571.1,6.57068,40767.7,-20068.7,29715.3,3827.81,67.2344,-4845.97
571.2,6.55488,40773.6,-23335.5,31078.4,3835.28,23.1799,-4900.25
571.3,6.55288,40818.7,-28352.8,30873.6,3889.09,15.1784,-5041.97
571.4,6.5566,40827.7,-30834.8,28768.3,3890.12,93.58,-5009.3
571.5,6.56678,40845.0,-30076.6,25462.2,3832.8,212.691,-4840.67
571.6,6.57133,40802.9,-31200.1,22244.4,3765.1,265.846,-4770.6
571.7,6.56578,40782.1,-35359.9,19960.9,3727.64,242.01,-4927.06
571.8,6.56036,40796.0,-38137.0,18218.7,3699.29,193.883,-5102.18
571.9,6.55987,40808.1,-36337.9,16814.0,3692.35,173.138,-5085.33
572.0,6.55517,40782.7,-33684.2,15019.8,3683.55,136.55,-4986.74
572.1,6.54253,40763.0,-32713.4,13101.3,3684.1,115.038,-5063.86
572.2,6.52967,40771.5,-33301.1,12224.7,3691.41,153.453,-5167.23
572.3,6.52163,40797.1,-30813.4,12896.4,3670.01,205.533,-5079.2
572.4,6.53052,40852.8,-25320.5,14951.5,3632.63,194.971,-4827.37
572.5,6.54669,40856.7,-22462.8,17886.1,3619.62,163.041,-4698.88
572.6,6.55256,40800.5,-24573.8,20597.8,3598.45,146.566,-4811.73
572.7,6.53958,40753.6,-27665.4,21273.7,3571.79,101.222,-4984.42
572.8,6.52877,40793.8,-27332.7,20990.5,3549.91,126.625,-5013.1
572.9,6.52871,40821.4,-26542.1,20943.6,3547.33,173.508,-4955.75
573.0,6.53603,40846.1,-27982.8,21492.6,3526.86,153.705,-5055.37
573.1,6.54429,40821.1,-30970.6,22237.5,3494.52,93.8402,-5213.12
573.2,6.5348,40757.9,-30583.7,22364.4,3497.14,79.0699,-5186.78
573.3,6.52073,40781.5,-26300.6,21085.0,3472.86,124.305,-4928.39
573.4,6.52151,40824.0,-23688.7,19622.5,3476.17,161.86,-4718.04
573.5,6.52724,40834.3,-26193.5,19215.9,3524.41,140.581,-4765.73
573.6,6.52866,40842.8,-29328.1,20241.0,3573.96,105.025,-4956.86
573.7,6.51725,40771.9,-29241.6,22530.6,3579.96,97.9751,-4996.1
573.8,6.48087,40718.9,-26061.6,24216.1,3523.84,82.4425,-4931.97
573.9,6.45624,40858.4,-25220.4,24236.2,3469.38,75.8158,-4977.59
574.0,6.45648,41035.6,-27854.4,23315.0,3461.89,112.243,-5136.16
574.1,6.4656,41144.8,-29901.1,21815.7,3475.88,122.812,-5173.85
574.2,6.47752,41151.9,-29531.4,20168.4,3484.2,69.4053,-4967.86
574.3,6.47301,41060.3,-27610.5,18806.4,3480.51,16.114,-4800.52
574.4,6.45109,41027.8,-28625.8,16448.9,3493.17,-12.148,-4783.85
574.5,6.44562,41152.8,-32405.6,13462.8,3519.3,35.5223,-4869.52
574.6,6.45227,41255.1,-34477.1,10532.2,3503.9,106.539,-4953.43
574.7,6.45592,41292.5,-33488.4,7778.99,3435.44,153.65,-4964.22
574.8,6.45539,41262.5,-31784.0,5702.17,3378.11,178.056,-4976.56
574.9,6.43953,41194.8,-32564.8,4382.11,3316.18,197.697,-5023.79
575.0,6.42848,41265.6,-34349.5,4028.82,3319.59,219.303,-5100.46
575.1,6.43539,41350.2,-34903.3,5071.94,3343.49,176.736,-5074.4
575.2,6.43637,41358.7,-33237.0,7046.8,3358.21,77.4837,-4955.66
575.3,6.43071,41346.5,-30244.0,9181.43,3398.43,-13.1536,-4898.25
575.4,6.40807,41290.4,-28499.8,10435.4,3438.7,-56.9152,-4906.41
575.5,6.3749,41323.2,-28323.5,9912.93,3421.33,-28.1299,-4911.65
575.6,6.35916,41503.2,-28751.3,8214.42,3404.33,72.5626,-4907.11
575.7,6.36738,41665.9,-29839.9,6998.91,3350.0,189.539,-4879.35
575.8,6.37815,41730.8,-31082.1,7120.33,3300.03,231.165,-4887.02
575.9,6.38515,41697.5,-32693.5,8960.18,3269.84,203.253,-4907.32
576.0,6.3726,41602.9,-33940.0,11176.7,3283.11,116.888,-4955.34
576.1,6.34716,41607.6,-32995.2,11507.7,3311.49,30.6829,-5030.4
576.2,6.33168,41740.8,-31169.9,9835.2,3355.82,15.3199,-5048.97
576.3,6.32761,41886.4,-29179.7,7941.27,3401.47,68.0085,-5043.66
576.4,6.32979,42005.5,-27735.3,6854.2,3446.86,71.3873,-5033.55
576.5,6.33801,42043.3,-25019.0,7822.73,3455.77,66.9115,-5001.52
576.6,6.33168,41970.7,-21712.3,10503.2,3455.42,90.3777,-4876.71
576.7,6.31063,41950.2,-18486.7,12816.1,3448.73,101.575,-4755.46
576.8,6.29633,42026.1,-18123.5,14054.8,3437.28,107.085,-4731.81
576.9,6.28004,42102.1,-19555.3,14652.0,3415.79,137.333,-4852.83
577.0,6.26422,42206.7,-21909.3,14504.2,3425.57,121.502,-4976.23
577.1,6.25689,42306.7,-22972.4,14571.4,3434.96,64.2318,-5042.8
577.2,6.24134,42326.9,-24065.2,14309.8,3445.34,-8.9915,-5073.86
577.3,6.22481,42386.1,-24637.4,12569.2,3448.34,-40.6459,-5127.54
577.4,6.2168,42427.6,-24654.6,8818.52,3462.28,-13.3421,-5101.9
577.5,6.21706,42462.0,-22756.2,3656.43,3437.05,66.7377,-4966.77
577.6,6.22878,42548.5,-21666.8,-400.576,3406.72,192.745,-4776.71
577.7,6.2366,42591.3,-22758.1,-1337.45,3405.92,239.653,-4743.76
577.8,6.22627,42664.5,-24692.6,887.008,3408.46,197.06,-4860.98
577.9,6.20854,42637.7,-24402.1,4331.42,3405.17,112.163,-4965.13
578.0,6.18076,42672.3,-21512.7,6674.76,3400.29,71.1208,-4993.71
578.1,6.15794,42817.4,-19825.6,6198.19,3415.55,67.8617,-5005.91
578.2,6.15912,42915.9,-20113.9,4618.24,3454.02,109.775,-5104.41
578.3,6.16424,42879.0,-21042.3,4116.82,3464.62,115.633,-5140.95
578.4,6.16378,42885.2,-19450.2,5330.28,3488.34,49.4236,-5033.81
578.5,6.15979,42900.2,-16203.0,7777.67,3497.7,-39.3686,-4877.61
578.6,6.14059,42901.9,-14278.2,9516.29,3493.94,-59.3575,-4833.37
578.7,6.11848,42986.1,-14990.4,8844.58,3486.18,2.6865,-4881.37
578.8,6.09952,43016.3,-16379.3,6394.23,3451.99,118.929,-4923.98
578.9,6.08341,43029.6,-16837.6,3957.71,3449.82,228.947,-4936.31
579.0,6.08029,43033.9,-18026.6,3250.6,3466.59,261.787,-4932.57
579.1,6.08567,42942.7,-20356.4,4142.92,3484.72,167.194,-4995.56
579.2,6.09106,42887.1,-22876.6,5878.85,3545.13,83.662,-5086.58
579.3,6.09417,42852.1,-23315.6,6997.98,3607.72,37.4665,-5096.78
579.4,6.08306,42857.7,-22422.4,7515.66,3659.56,23.085,-5018.56
579.5,6.06307,42925.9,-21148.5,7558.82,3682.03,3.9575,-4975.35
579.6,6.05281,43001.1,-19837.0,7952.65,3744.52,8.03075,-4992.34
579.7,6.04909,42966.1,-18039.7,8449.6,3795.85,35.9561,-4951.12
579.8,6.04506,42900.6,-15746.2,8914.03,3819.55,115.799,-4854.83
579.9,6.03623,42824.0,-14721.9,9407.85,3845.4,183.877,-4803.35
580.0,6.01963,42796.1,-16582.1,10942.5,3845.67,242.668,-4808.16
580.1,6.00821,42796.2,-20545.7,13253.8,3854.04,194.213,-4875.18
580.2,6.00274,42775.4,-24983.5,15907.3,3846.67,78.206,-4943.95
580.3,5.99863,42712.5,-27338.5,17945.1,3797.6,-13.5721,-5038.69
580.4,5.98806,42628.2,-28782.3,18471.5,3763.33,-68.2048,-5073.73
580.5,5.96998,42544.3,-29352.2,16811.9,3747.77,-94.055,-5087.04
580.6,5.96045,42459.3,-28822.7,13337.1,3745.28,-76.0881,-5083.46
580.7,5.96093,42342.3,-27221.2,9318.11,3768.9,23.6226,-5011.54
580.8,5.96778,42216.6,-25088.7,5346.75,3773.23,118.865,-4870.93
580.9,5.98024,42150.5,-22655.8,3095.86,3793.13,203.218,-4776.2
581.0,5.9858,42087.2,-20527.7,3350.07,3810.7,239.214,-4745.95
581.1,5.97818,42088.5,-18902.8,5580.7,3819.54,210.556,-4776.25
581.2,5.96735,42117.9,-17454.5,9017.35,3806.74,138.119,-4860.71
581.3,5.94873,42108.5,-16522.8,12371.0,3813.72,52.4615,-4989.84
581.4,5.93733,42140.1,-15779.5,15133.0,3831.24,1.19825,-5086.98
581.5,5.93935,42066.4,-16093.7,17280.4,3842.03,-50.2325,-5090.61
581.6,5.93887,41936.9,-16381.2,18918.4,3862.32,-84.716,-5062.66
581.7,5.93881,41843.2,-16623.2,19127.8,3905.61,-109.842,-4999.45
581.8,5.93577,41726.3,-16349.5,17857.8,3941.98,-62.6395,-4900.25
581.9,5.92559,41647.8,-16120.5,15163.9,3977.2,47.6063,-4818.27
582.0,5.92295,41618.8,-15966.0,12500.5,3986.5,172.628,-4816.05
582.1,5.92511,41532.8,-16646.5,11601.2,3990.99,241.162,-4876.99
582.2,5.92379,41458.2,-18082.6,12669.5,4012.0,224.703,-4967.0
582.3,5.92004,41371.7,-19154.4,14305.3,4019.14,147.497,-5083.16
582.4,5.90781,41265.3,-20158.7,15214.9,4031.79,97.1946,-5145.96
582.5,5.8977,41137.7,-20905.1,14581.0,4058.89,80.569,-5113.85
582.6,5.90943,41052.0,-21178.5,14052.2,4103.54,82.6347,-5039.79
582.7,5.92371,40877.8,-21091.3,14815.4,4111.08,45.5174,-4952.21
582.8,5.92798,40760.1,-21118.6,16130.7,4157.5,-43.6359,-4853.34
582.9,5.91933,40660.3,-20114.2,16725.4,4181.53,-46.3546,-4808.92
583.0,5.9014,40554.0,-18987.5,15039.0,4193.0,54.3497,-4795.38
583.1,5.88737,40471.6,-19006.5,11404.2,4192.51,213.729,-4820.55
583.2,5.89112,40343.4,-19535.5,8822.19,4205.39,365.421,-4915.99
583.3,5.89881,40137.2,-21598.7,10063.9,4205.8,404.265,-4990.63
583.4,5.89603,39958.5,-24428.9,14209.9,4188.97,244.318,-5025.53
583.5,5.89267,39827.5,-27503.0,19235.6,4193.82,40.1274,-5078.29
583.6,5.88379,39662.1,-29618.3,21601.2,4154.73,-96.0577,-5098.17
583.7,5.87896,39574.3,-29782.5,19959.2,4150.29,-114.561,-5066.47
583.8,5.89642,39451.5,-28251.6,16933.6,4149.97,-28.2113,-4998.4
583.9,5.91184,39256.8,-27542.1,15085.5,4178.16,46.1333,-4929.05
584.0,5.91574,39145.9,-26956.5,14700.3,4187.66,64.44,-4930.5
584.1,5.90991,39035.7,-26206.0,14173.6,4157.88,94.95,-4944.83
584.2,5.89119,38954.9,-23119.9,12241.5,4147.34,217.391,-4936.0
584.3,5.88156,38910.8,-19545.1,8758.57,4148.86,337.581,-4921.23
584.4,5.89123,38811.7,-15688.0,7082.23,4155.57,380.033,-4977.83
584.5,5.89971,38616.1,-14123.1,9190.25,4133.4,285.012,-5012.13
584.6,5.90138,38475.0,-13380.4,14320.4,4141.12,91.1885,-5028.89
584.7,5.89899,38317.9,-13134.1,20175.1,4163.83,-80.2164,-5019.67
584.8,5.89048,38152.7,-13370.2,23701.3,4202.68,-147.719,-4989.35
584.9,5.89157,38039.8,-13712.7,23214.7,4236.97,-118.901,-4944.86
585.0,5.90857,37918.2,-14145.1,20452.4,4263.36,20.3665,-4896.19
585.1,5.92446,37789.5,-15380.3,17325.3,4260.03,153.615,-4849.62
585.2,5.93697,37756.7,-15872.6,15405.2,4255.13,201.057,-4895.42
585.3,5.9389,37748.2,-15766.3,15164.2,4256.32,202.598,-4973.29
585.4,5.93236,37796.7,-15015.9,15478.1,4267.73,189.04,-5038.9
585.5,5.92952,37901.1,-14570.8,15189.0,4277.58,171.712,-5093.74
585.6,5.93546,37967.4,-14451.7,14766.5,4293.79,154.39,-5173.93
585.7,5.9374,37980.9,-14186.9,14844.4,4302.43,125.246,-5181.59
585.8,5.93551,38017.2,-12264.0,15708.9,4303.49,68.478,-5088.82
585.9,5.9431,38033.5,-10141.5,17526.3,4313.78,23.4866,-4923.0
586.0,5.95691,38001.0,-9318.33,19877.5,4330.69,19.679,-4810.72
586.1,5.9673,37966.6,-10410.6,21564.4,4349.09,15.1427,-4795.03
586.2,5.9629,37986.7,-10801.2,21955.7,4378.05,24.2416,-4854.39
586.3,5.94245,38051.6,-11271.7,21306.9,4383.44,88.1168,-4878.44
586.4,5.91695,38126.3,-12271.6,19749.4,4383.92,143.113,-4948.75
586.5,5.91534,38181.6,-15265.9,18393.5,4418.73,184.968,-5106.36
586.6,5.94234,38089.3,-17152.0,17941.8,4422.42,186.896,-5263.8
586.7,5.97189,37941.6,-16559.4,17880.1,4416.92,126.52,-5224.55
586.8,5.99072,37898.4,-14277.2,17681.6,4396.02,64.6003,-5054.48
586.9,5.99409,37931.5,-13361.0,17086.2,4377.7,29.8002,-4941.54
587.0,5.99073,38082.4,-13689.8,15985.1,4381.48,18.4298,-4965.22
587.1,6.00593,38283.2,-12256.9,14999.0,4416.5,21.4775,-4969.04
587.2,6.03115,38419.6,-9158.34,15470.2,4432.92,63.6268,-4861.76
587.3,6.03793,38558.5,-6793.77,16846.3,4437.05,92.4648,-4828.04
587.4,6.02019,38776.5,-7688.02,18203.6,4431.51,113.841,-4963.17
587.5,5.99379,39020.7,-9907.6,19173.8,4434.69,163.594,-5111.18
587.6,5.98027,39234.3,-10716.7,19224.3,4432.5,180.372,-5104.96
587.7,6.00186,39377.6,-8311.63,19046.0,4428.23,132.841,-5037.44
587.8,6.03695,39365.9,-7134.98,19437.9,4425.57,29.8148,-4980.1
587.9,6.04776,39365.9,-7085.3,20249.7,4434.11,-68.0777,-5020.32
588.0,6.02696,39441.9,-7023.44,20624.6,4433.63,-120.277,-5045.65
588.1,5.99432,39582.3,-5329.04,20397.8,4460.31,-70.8129,-5022.19
588.2,5.98806,39716.1,-4603.46,19592.8,4480.16,39.3934,-4934.28
588.3,6.016,39739.4,-6551.41,18196.7,4464.55,121.473,-4921.27
588.4,6.0563,39708.4,-8882.91,17211.5,4435.83,212.445,-5009.41
588.5,6.07761,39705.4,-10339.9,17423.4,4403.8,284.247,-5035.6
588.6,6.06778,39808.3,-9833.13,18214.9,4345.19,216.449,-4998.42
588.7,6.05391,40046.5,-9602.06,19419.8,4312.01,97.1397,-5016.07
588.8,6.05782,40240.8,-10260.2,20216.4,4321.55,1.931,-5120.69
588.9,6.07702,40421.4,-10342.4,19891.2,4360.73,-29.9445,-5202.14
589.0,6.09529,40664.1,-8368.0,18924.8,4384.75,-8.4665,-5145.71
589.1,6.09046,40749.6,-5835.46,18443.3,4411.68,42.519,-5007.5
589.2,6.06309,41031.1,-4824.98,18620.0,4447.17,100.782,-4913.43
589.3,6.04822,41262.5,-3880.32,19014.0,4474.38,157.3,-4886.76
589.4,6.06048,41520.9,-2933.78,19593.2,4497.06,216.528,-4809.84
589.5,6.07966,41742.7,-2110.59,19628.5,4508.87,212.36,-4758.94
589.6,6.08559,41957.1,-2044.69,19255.0,4435.67,152.685,-4863.05
589.7,6.06826,42179.5,-3981.83,19445.5,4391.42,99.178,-5042.9
589.8,6.0443,42443.6,-5935.31,19532.8,4344.61,32.3794,-5176.08
589.9,6.05717,42727.8,-6442.48,19508.0,4339.48,-5.7735,-5222.62
590.0,6.10116,42833.7,-6133.3,18856.1,4322.02,-14.7735,-5182.04
590.1,6.13595,42985.9,-5778.14,16687.1,4287.08,20.6622,-5068.24
590.2,6.15244,43303.4,-5264.78,13510.3,4293.84,108.267,-4931.53
590.3,6.14493,43681.8,-4021.79,10603.9,4311.0,193.938,-4821.87
590.4,6.14337,43626.1,-3017.78,9091.08,4339.22,240.742,-4753.37
590.5,6.16899,43713.8,-2862.39,10327.0,4381.6,228.61,-4825.36
590.6,6.19399,43635.2,-4220.14,13795.8,4413.63,183.589,-5006.68
590.7,6.1928,43410.8,-5173.89,17248.0,4405.27,96.3419,-5189.93
590.8,6.16245,43219.4,-4030.96,19645.2,4367.24,50.0236,-5294.91
590.9,6.12931,43219.4,-2659.81,20960.9,4346.7,59.2721,-5243.21
591.0,6.12568,43415.8,-1271.46,21282.9,4325.6,35.1785,-5183.81
591.1,6.15746,43574.1,-1225.83,21634.2,4288.66,11.563,-5088.54
591.2,6.18266,43480.9,-157.383,22378.1,4250.37,24.3027,-4948.08
591.3,6.17293,43245.1,238.31,22597.2,4249.72,37.84,-4812.67
591.4,6.14359,43119.5,-1332.28,22727.7,4267.78,116.217,-4827.67
591.5,6.11707,43176.3,-4692.81,22968.8,4249.92,218.679,-4987.09
591.6,6.11316,43385.7,-7722.15,23068.4,4191.06,250.777,-5130.63
591.7,6.14124,43577.8,-7828.43,23903.3,4148.9,258.51,-5208.84
591.8,6.16948,43530.7,-7238.38,25170.6,4083.33,208.958,-5224.47
591.9,6.18047,43386.7,-7342.43,26572.8,4039.18,118.529,-5237.23
592.0,6.18389,43266.2,-7882.06,28066.5,4028.71,0.88875,-5209.46
592.1,6.18251,43234.8,-6857.56,28810.9,4061.47,-101.414,-5102.8
592.2,6.20252,43327.2,-4283.57,28196.3,4136.21,-114.294,-4964.8
592.3,6.23009,43318.1,-2872.69,26157.6,4188.63,-41.6494,-4868.74
592.4,6.24464,43187.8,-2254.8,24266.7,4225.5,126.193,-4910.44
592.5,6.23468,42967.3,-2009.32,23199.0,4217.4,222.085,-4951.52
592.6,6.20956,42846.2,-861.565,23696.1,4186.86,243.355,-4961.92
592.7,6.19177,42875.5,65.0862,24610.1,4141.33,194.405,-4984.62
592.8,6.19041,42954.5,-735.776,24248.0,4079.4,101.637,-5068.77
592.9,6.1947,42993.1,-1654.76,22509.5,4053.25,32.461,-5187.17
593.0,6.19148,42945.1,-2746.98,20418.2,4066.45,-12.8571,-5176.48
593.1,6.1761,42898.7,-4286.12,19484.6,4117.42,-49.0226,-5091.84
593.2,6.1645,42940.3,-6275.18,19835.8,4195.54,-89.0011,-5079.81
593.3,6.16277,43043.5,-8419.16,20217.7,4244.31,-85.4316,-5060.65
593.4,6.1717,43143.9,-8464.31,18898.1,4251.26,17.6811,-4964.57
593.5,6.1847,43176.1,-7528.59,15670.5,4201.55,178.323,-4826.58
593.6,6.19422,43146.7,-7055.92,12644.0,4129.69,317.885,-4833.08
593.7,6.20554,43141.2,-8245.71,12205.4,4117.01,322.852,-4978.83
593.8,6.22881,43151.0,-9028.91,15153.4,4112.7,191.429,-5125.13
593.9,6.25646,43124.8,-8030.84,19969.1,4109.05,14.1742,-5179.67
594.0,6.27914,43017.5,-6064.2,23812.4,4125.8,-113.016,-5189.6
594.1,6.28482,42863.1,-5221.16,25379.1,4140.51,-130.046,-5180.77
594.2,6.27523,42733.8,-5210.4,25063.5,4161.24,-70.0105,-5137.87
594.3,6.26485,42701.1,-5207.28,24235.9,4151.71,-13.784,-4985.2
594.4,6.26458,42723.1,-4420.87,23891.3,4117.41,20.6335,-4818.83
594.5,6.26991,42718.2,-4057.74,24107.6,4129.56,45.4429,-4786.8
594.6,6.26436,42599.0,-5655.09,24187.0,4116.74,78.3376,-4851.13
594.7,6.23466,42470.1,-7881.71,23807.8,4098.7,106.979,-5009.12
594.8,6.19428,42471.2,-8303.99,23230.6,4104.93,115.512,-5187.32
594.9,6.16951,42641.6,-8437.54,22753.3,4097.82,103.603,-5272.38
595.0,6.17831,42893.7,-7879.27,22596.2,4114.9,69.6705,-5312.25
595.1,6.20655,43010.9,-6999.07,22713.5,4122.57,30.395,-5284.33
595.2,6.22738,42960.1,-5951.04,22434.0,4120.21,-14.0402,-5117.97
595.3,6.22846,42834.4,-4845.43,21005.8,4130.54,-50.2431,-4903.59
595.4,6.23075,42822.3,-4161.12,18636.1,4131.96,-29.0228,-4775.6
595.5,6.24667,42892.4,-3007.08,15672.0,4091.06,26.9105,-4785.64
595.6,6.27991,42957.7,-1026.21,13118.1,4051.71,100.085,-4840.98
595.7,6.31467,42886.2,450.212,12326.3,4043.44,170.937,-4900.8
595.8,6.32518,42665.4,-20.7459,13439.0,4068.24,202.296,-5042.45
595.9,6.30884,42448.7,-929.144,15091.3,4082.9,166.118,-5240.07
596.0,6.28574,42383.8,-1357.78,16649.2,4089.99,146.295,-5267.95
596.1,6.26868,42429.7,-231.791,16556.9,4101.32,81.3232,-5116.33
596.2,6.27207,42559.4,-602.817,15183.0,4129.62,14.125,-4963.74
596.3,6.28479,42555.4,-2128.51,14249.6,4108.14,-25.0195,-4956.73
596.4,6.27206,42413.2,-2106.02,13781.2,4092.17,-84.8165,-4986.75
596.5,6.25087,42348.9,808.646,13712.8,4066.11,-91.1482,-4894.12
596.6,6.23132,42372.0,2722.94,13570.8,4060.07,-12.4613,-4812.55
596.7,6.22193,42491.3,858.639,12177.1,4063.09,107.29,-4924.64
596.8,6.23481,42640.7,-2140.04,9853.19,4066.18,240.338,-5149.87
596.9,6.25167,42653.3,-2995.56,8116.31,4045.07,319.233,-5157.83
597.0,6.25695,42617.3,-870.865,7935.28,4046.7,297.305,-5019.33
597.1,6.26578,42603.9,906.67,10197.0,4025.21,189.838,-5012.0
597.2,6.27143,42592.4,104.511,14573.5,3998.95,31.6964,-5123.76
597.3,6.2793,42640.9,-209.966,18875.7,3966.17,-120.837,-5154.8
597.4,6.2962,42675.3,2394.61,21376.0,3948.07,-187.703,-5064.28
597.5,6.30575,42621.8,4924.11,21713.5,3940.72,-127.364,-4936.84
597.6,6.30262,42561.3,4728.39,19802.3,3969.66,-11.5792,-4945.85
597.7,6.31156,42549.9,3666.0,18226.6,3985.2,138.862,-5043.32
597.8,6.31713,42489.0,4183.75,18681.4,4010.89,235.787,-5025.94
597.9,6.3169,42408.4,4672.48,20623.4,4047.0,221.28,-4929.86
598.0,6.30749,42292.3,2616.1,22825.9,4063.61,135.569,-4985.37
598.1,6.2759,42186.4,-6.1972,23675.2,4068.82,77.191,-5245.6
598.2,6.24722,42235.6,-486.85,22563.4,4079.62,44.6953,-5336.09
598.3,6.23257,42343.7,1232.72,20797.6,4026.23,14.491,-5180.33
598.4,6.22828,42467.7,2015.49,19347.7,3960.26,-48.257,-5050.79
598.5,6.23932,42580.2,666.637,18431.3,3916.11,-69.9027,-5110.47
598.6,6.26121,42608.6,116.358,17710.5,3921.38,-17.983,-5107.05
598.7,6.27573,42541.3,4599.33,16120.2,3895.01,42.873,-4932.41
598.8,6.28423,42522.0,9436.65,14035.2,3873.48,124.754,-4709.39
598.9,6.28062,42454.8,10106.0,11901.2,3864.35,175.613,-4762.78
599.0,6.27246,42491.8,7945.39,10697.5,3887.23,212.38,-5039.36
599.1,6.27691,42578.2,7611.09,10831.0,3920.01,176.92,-5180.34
599.2,6.28733,42597.6,10788.1,12393.2,3902.12,79.4822,-5103.82
599.3,6.28757,42541.0,13033.1,13992.2,3852.08,-57.6587,-5033.46
599.4,6.28484,42490.8,11972.7,15025.2,3798.65,-120.369,-5105.69
599.5,6.28059,42462.4,10347.4,15249.5,3735.29,-134.267,-5117.62
599.6,6.28244,42502.0,12419.2,14639.5,3677.7,-144.351,-4947.36
599.7,6.29735,42536.5,14943.6,14442.8,3628.03,-89.6935,-4702.41
599.8,6.29978,42437.7,13710.7,14326.2,3608.71,-44.2005,-4693.09
599.9,6.28342,42339.7,10025.3,12956.2,3600.12,-14.7733,-4939.8
600.0,6.27011,42322.6,8511.31,11180.0,3560.74,95.9642,-5081.1
